timestamp,equity,gross_weight,episode
1751328000000,100000.0,0.0,1
1751331600000,100000.0,0.0,1
1751335200000,100000.0,0.0,1
1751338800000,100000.0,0.0,1
1751342400000,100000.0,0.0,1
1751346000000,100000.0,0.0,1
1751349600000,100000.0,0.0,1
1751353200000,100000.0,0.0,1
1751356800000,100000.0,0.0,1
1751360400000,100000.0,0.0,1
1751364000000,100000.0,0.0,1
1751367600000,100000.0,0.0,1
1751371200000,100000.0,0.0,1
1751374800000,100000.0,0.0,1
1751378400000,100000.0,0.0,1
1751382000000,100000.0,0.0,1
1751385600000,100000.0,0.0,1
1751389200000,100000.0,0.0,1
1751392800000,100000.0,0.0,1
1751396400000,100000.0,0.0,1
1751400000000,100000.0,0.0,1
1751403600000,100000.0,0.0,1
1751407200000,100000.0,0.0,1
1751410800000,100000.0,0.0,1
1751414400000,100000.0,0.0,1
1751418000000,100000.0,0.0,1
1751421600000,100000.0,0.0,1
1751425200000,100000.0,0.0,1
1751428800000,100000.0,0.0,1
1751432400000,100000.0,0.0,1
1751436000000,100000.0,0.0,1
1751439600000,100000.0,0.0,1
1751443200000,100000.0,0.0,1
1751446800000,100000.0,0.0,1
1751450400000,100000.0,0.0,1
1751454000000,100000.0,0.0,1
1751457600000,100000.0,0.0,1
1751461200000,100000.0,0.0,1
1751464800000,100000.0,0.0,1
1751468400000,100000.0,0.0,1
1751472000000,100000.0,0.0,1
1751475600000,100000.0,0.0,1
1751479200000,100000.0,0.0,1
1751482800000,100000.0,0.0,1
1751486400000,100000.0,0.0,1
1751490000000,100000.0,0.0,1
1751493600000,100000.0,0.0,1
1751497200000,100000.0,0.0,1
1751500800000,100000.0,0.0,1
1751504400000,100000.0,0.0,1
1751508000000,100000.0,0.0,1
1751511600000,100000.0,0.0,1
1751515200000,100000.0,0.0,1
1751518800000,100000.0,0.0,1
1751522400000,100000.0,0.0,1
1751526000000,100000.0,0.0,1
1751529600000,100000.0,0.0,1
1751533200000,100000.0,0.0,1
1751536800000,100000.0,0.0,1
1751540400000,100000.0,0.0,1
1751544000000,100000.0,0.0,1
1751547600000,100000.0,0.0,1
1751551200000,100000.0,0.0,1
1751554800000,100000.0,0.0,1
1751558400000,100000.0,0.0,1
1751562000000,100000.0,0.0,1
1751565600000,100000.0,0.0,1
1751569200000,100000.0,0.0,1
1751572800000,100000.0,0.0,1
1751576400000,100000.0,0.0,1
1751580000000,100000.0,0.0,1
1751583600000,100000.0,0.0,1
1751587200000,100000.0,0.0,1
1751590800000,100000.0,0.0,1
1751594400000,100000.0,0.0,1
1751598000000,100000.0,0.0,1
1751601600000,100000.0,0.0,1
1751605200000,100000.0,0.0,1
1751608800000,100000.0,0.0,1
1751612400000,100000.0,0.0,1
1751616000000,100000.0,0.0,1
1751619600000,100000.0,0.0,1
1751623200000,100000.0,0.0,1
1751626800000,100000.0,0.0,1
1751630400000,100000.0,0.0,1
1751634000000,100000.0,0.0,1
1751637600000,100000.0,0.0,1
1751641200000,100000.0,0.0,1
1751644800000,100000.0,0.0,1
1751648400000,100000.0,0.0,1
1751652000000,100000.0,0.0,1
1751655600000,100000.0,0.0,1
1751659200000,100000.0,0.0,1
1751662800000,100000.0,0.0,1
1751666400000,100000.0,0.0,1
1751670000000,100000.0,0.0,1
1751673600000,100000.0,0.0,1
1751677200000,100000.0,0.0,1
1751680800000,100000.0,0.0,1
1751684400000,100000.0,0.0,1
1751688000000,100000.0,0.0,1
1751691600000,100000.0,0.0,1
1751695200000,100000.0,0.0,1
1751698800000,100000.0,0.0,1
1751702400000,100000.0,0.0,1
1751706000000,100000.0,0.0,1
1751709600000,100000.0,0.0,1
1751713200000,100000.0,0.0,1
1751716800000,100000.0,0.0,1
1751720400000,100000.0,0.0,1
1751724000000,100000.0,0.0,1
1751727600000,100000.0,0.0,1
1751731200000,100000.0,0.0,1
1751734800000,100000.0,0.0,1
1751738400000,100000.0,0.0,1
1751742000000,100000.0,0.0,1
1751745600000,100000.0,0.0,1
1751749200000,100000.0,0.0,1
1751752800000,100000.0,0.0,1
1751756400000,100000.0,0.0,1
1751760000000,100000.0,0.0,1
1751763600000,100000.0,0.0,1
1751767200000,100000.0,0.0,1
1751770800000,100000.0,0.0,1
1751774400000,100000.0,0.0,1
1751778000000,100000.0,0.0,1
1751781600000,100000.0,0.0,1
1751785200000,100000.0,0.0,1
1751788800000,100000.0,0.0,1
1751792400000,100000.0,0.0,1
1751796000000,100000.0,0.0,1
1751799600000,100000.0,0.0,1
1751803200000,100000.0,0.0,1
1751806800000,100000.0,0.0,1
1751810400000,100000.0,0.0,1
1751814000000,100000.0,0.0,1
1751817600000,100000.0,0.0,1
1751821200000,100000.0,0.0,1
1751824800000,100000.0,0.0,1
1751828400000,100000.0,0.0,1
1751832000000,100000.0,0.0,1
1751835600000,100000.0,0.0,1
1751839200000,100000.0,0.0,1
1751842800000,100000.0,0.0,1
1751846400000,100000.0,0.0,1
1751850000000,100000.0,0.0,1
1751853600000,100000.0,0.0,1
1751857200000,100000.0,0.0,1
1751860800000,100000.0,0.0,1
1751864400000,100000.0,0.0,1
1751868000000,100000.0,0.0,1
1751871600000,100000.0,0.0,1
1751875200000,100000.0,0.0,1
1751878800000,100000.0,0.0,1
1751882400000,100000.0,0.0,1
1751886000000,100000.0,0.0,1
1751889600000,100000.0,0.0,1
1751893200000,100000.0,0.0,1
1751896800000,100000.0,0.0,1
1751900400000,100000.0,0.0,1
1751904000000,100000.0,0.0,1
1751907600000,100000.0,0.0,1
1751911200000,100000.0,0.0,1
1751914800000,100000.0,0.0,1
1751918400000,100000.0,0.0,1
1751922000000,100000.0,0.0,1
1751925600000,100000.0,0.0,1
1751929200000,100000.0,0.0,1
1751932800000,100000.0,0.0,1
1751936400000,100000.0,0.0,1
1751940000000,100000.0,0.0,1
1751943600000,100000.0,0.0,1
1751947200000,100000.0,0.0,1
1751950800000,100000.0,0.0,1
1751954400000,100000.0,0.0,1
1751958000000,100000.0,0.0,1
1751961600000,100000.0,0.0,1
1751965200000,100000.0,0.0,1
1751968800000,100000.0,0.0,1
1751972400000,100000.0,0.0,1
1751976000000,100000.0,0.0,1
1751979600000,100000.0,0.0,1
1751983200000,100000.0,0.0,1
1751986800000,100000.0,0.0,1
1751990400000,100000.0,0.0,1
1751994000000,100000.0,0.0,1
1751997600000,100000.0,0.0,1
1752001200000,100000.0,0.0,1
1752004800000,100000.0,0.0,1
1752008400000,100000.0,0.0,1
1752012000000,100000.0,0.0,1
1752015600000,100000.0,0.0,1
1752019200000,100000.0,0.0,1
1752022800000,100000.0,0.0,1
1752026400000,100000.0,0.0,1
1752030000000,100000.0,0.0,1
1752033600000,100000.0,0.0,1
1752037200000,100000.0,0.0,1
1752040800000,100000.0,0.0,1
1752044400000,100000.0,0.0,1
1752048000000,100000.0,0.0,1
1752051600000,100000.0,0.0,1
1752055200000,100000.0,0.0,1
1752058800000,100000.0,0.0,1
1752062400000,100000.0,0.0,1
1752066000000,100000.0,0.0,1
1752069600000,100000.0,0.0,1
1752073200000,100000.0,0.0,1
1752076800000,100000.0,0.0,1
1752080400000,100000.0,0.0,1
1752084000000,100000.0,0.0,1
1752087600000,100000.0,0.0,1
1752091200000,100000.0,0.0,1
1752094800000,100000.0,0.0,1
1752098400000,100000.0,0.0,1
1752102000000,100000.0,0.0,1
1752105600000,100000.0,0.0,1
1752109200000,100000.0,0.0,1
1752112800000,100000.0,0.0,1
1752116400000,100000.0,0.0,1
1752120000000,100000.0,0.0,1
1752123600000,100000.0,0.0,1
1752127200000,100000.0,0.0,1
1752130800000,100000.0,0.0,1
1752134400000,100000.0,0.0,1
1752138000000,100000.0,0.0,1
1752141600000,100000.0,0.0,1
1752145200000,100000.0,0.0,1
1752148800000,100000.0,0.0,1
1752152400000,100000.0,0.0,1
1752156000000,100000.0,0.0,1
1752159600000,100000.0,0.0,1
1752163200000,100000.0,0.0,1
1752166800000,100000.0,0.0,1
1752170400000,100000.0,0.0,1
1752174000000,100000.0,0.0,1
1752177600000,100000.0,0.0,1
1752181200000,100000.0,0.0,1
1752184800000,100000.0,0.0,1
1752188400000,100000.0,0.0,1
1752192000000,100000.0,0.0,1
1752195600000,100000.0,0.0,1
1752199200000,100000.0,0.0,1
1752202800000,100000.0,0.0,1
1752206400000,100000.0,0.0,1
1752210000000,100000.0,0.0,1
1752213600000,100000.0,0.0,1
1752217200000,100000.0,0.0,1
1752220800000,100000.0,0.0,1
1752224400000,100000.0,0.0,1
1752228000000,100000.0,0.0,1
1752231600000,100000.0,0.0,1
1752235200000,100000.0,0.0,1
1752238800000,100000.0,0.0,1
1752242400000,100000.0,0.0,1
1752246000000,100000.0,0.0,1
1752249600000,100000.0,0.0,1
1752253200000,100000.0,0.0,1
1752256800000,100000.0,0.0,1
1752260400000,100000.0,0.0,1
1752264000000,100000.0,0.0,1
1752267600000,100000.0,0.0,1
1752271200000,100000.0,0.0,1
1752274800000,100000.0,0.0,1
1752278400000,100000.0,0.0,1
1752282000000,100000.0,0.0,1
1752285600000,100000.0,0.0,1
1752289200000,100000.0,0.0,1
1752292800000,100000.0,0.0,1
1752296400000,100000.0,0.0,1
1752300000000,100000.0,0.0,1
1752303600000,100000.0,0.0,1
1752307200000,100000.0,0.0,1
1752310800000,100000.0,0.0,1
1752314400000,100000.0,0.0,1
1752318000000,100000.0,0.0,1
1752321600000,100000.0,0.0,1
1752325200000,100000.0,0.0,1
1752328800000,100000.0,0.0,1
1752332400000,100000.0,0.0,1
1752336000000,100000.0,0.0,1
1752339600000,100000.0,0.0,1
1752343200000,100000.0,0.0,1
1752346800000,100000.0,0.0,1
1752350400000,100000.0,0.0,1
1752354000000,100000.0,0.0,1
1752357600000,100000.0,0.0,1
1752361200000,100000.0,0.0,1
1752364800000,100000.0,0.0,1
1752368400000,100000.0,0.0,1
1752372000000,100000.0,0.0,1
1752375600000,100000.0,0.0,1
1752379200000,100000.0,0.0,1
1752382800000,100000.0,0.0,1
1752386400000,100000.0,0.0,1
1752390000000,100000.0,0.0,1
1752393600000,100000.0,0.0,1
1752397200000,100000.0,0.0,1
1752400800000,100000.0,0.0,1
1752404400000,100000.0,0.0,1
1752408000000,100000.0,0.0,1
1752411600000,100000.0,0.0,1
1752415200000,100000.0,0.0,1
1752418800000,100000.0,0.0,1
1752422400000,100000.0,0.0,1
1752426000000,100000.0,0.0,1
1752429600000,100000.0,0.0,1
1752433200000,100000.0,0.0,1
1752436800000,100000.0,0.0,1
1752440400000,100000.0,0.0,1
1752444000000,100000.0,0.0,1
1752447600000,100000.0,0.0,1
1752451200000,100000.0,0.0,1
1752454800000,100000.0,0.0,1
1752458400000,100000.0,0.0,1
1752462000000,100000.0,0.0,1
1752465600000,100000.0,0.0,1
1752469200000,100000.0,0.0,1
1752472800000,100000.0,0.0,1
1752476400000,100000.0,0.0,1
1752480000000,100000.0,0.0,1
1752483600000,100000.0,0.0,1
1752487200000,100000.0,0.0,1
1752490800000,100000.0,0.0,1
1752494400000,100000.0,0.0,1
1752498000000,100000.0,0.0,1
1752501600000,100000.0,0.0,1
1752505200000,100000.0,0.0,1
1752508800000,100000.0,0.0,1
1752512400000,100000.0,0.0,1
1752516000000,100000.0,0.0,1
1752519600000,100000.0,0.0,1
1752523200000,100000.0,0.0,1
1752526800000,100000.0,0.0,1
1752530400000,100000.0,0.0,1
1752534000000,100000.0,0.0,1
1752537600000,100000.0,0.0,1
1752537600000,100000.0,0.0,2
1752541200000,100000.0,0.0,2
1752544800000,100000.0,0.0,2
1752548400000,100000.0,0.0,2
1752552000000,100000.0,0.0,2
1752555600000,100000.0,0.0,2
1752559200000,100000.0,0.0,2
1752562800000,100000.0,0.0,2
1752566400000,100000.0,0.0,2
1752570000000,100000.0,0.0,2
1752573600000,100000.0,0.0,2
1752577200000,100000.0,0.0,2
1752580800000,100000.0,0.0,2
1752584400000,100000.0,0.0,2
1752588000000,100000.0,0.0,2
1752591600000,100000.0,0.0,2
1752595200000,100000.0,0.0,2
1752598800000,100000.0,0.0,2
1752602400000,100000.0,0.0,2
1752606000000,100000.0,0.0,2
1752609600000,100000.0,0.0,2
1752613200000,100000.0,0.0,2
1752616800000,100000.0,0.0,2
1752620400000,100000.0,0.0,2
1752624000000,100000.0,0.0,2
1752627600000,100000.0,0.0,2
1752631200000,100000.0,0.0,2
1752634800000,100000.0,0.0,2
1752638400000,100000.0,0.0,2
1752642000000,100000.0,0.0,2
1752645600000,100000.0,0.0,2
1752649200000,100000.0,0.0,2
1752652800000,100000.0,0.0,2
1752656400000,100000.0,0.0,2
1752660000000,100000.0,0.0,2
1752663600000,100000.0,0.0,2
1752667200000,100000.0,0.0,2
1752670800000,100000.0,0.0,2
1752674400000,100000.0,0.0,2
1752678000000,100000.0,0.0,2
1752681600000,100000.0,0.0,2
1752685200000,100000.0,0.0,2
1752688800000,100000.0,0.0,2
1752692400000,100000.0,0.0,2
1752696000000,100000.0,0.0,2
1752699600000,100000.0,0.0,2
1752703200000,100000.0,0.0,2
1752706800000,100000.0,0.0,2
1752710400000,100000.0,0.0,2
1752714000000,100000.0,0.0,2
1752717600000,100000.0,0.0,2
1752721200000,100000.0,0.0,2
1752724800000,100000.0,0.0,2
1752728400000,100000.0,0.0,2
1752732000000,100000.0,0.0,2
1752735600000,100000.0,0.0,2
1752739200000,100000.0,0.0,2
1752742800000,100000.0,0.0,2
1752746400000,100000.0,0.0,2
1752750000000,100000.0,0.0,2
1752753600000,100000.0,0.0,2
1752757200000,100000.0,0.0,2
1752760800000,100000.0,0.0,2
1752764400000,100000.0,0.0,2
1752768000000,100000.0,0.0,2
1752771600000,100000.0,0.0,2
1752775200000,100000.0,0.0,2
1752778800000,100000.0,0.0,2
1752782400000,100000.0,0.0,2
1752786000000,100000.0,0.0,2
1752789600000,100000.0,0.0,2
1752793200000,100000.0,0.0,2
1752796800000,100000.0,0.0,2
1752800400000,100000.0,0.0,2
1752804000000,100000.0,0.0,2
1752807600000,100000.0,0.0,2
1752811200000,100000.0,0.0,2
1752814800000,100000.0,0.0,2
1752818400000,100000.0,0.0,2
1752822000000,100000.0,0.0,2
1752825600000,100000.0,0.0,2
1752829200000,100000.0,0.0,2
1752832800000,100000.0,0.0,2
1752836400000,100000.0,0.0,2
1752840000000,100000.0,0.0,2
1752843600000,100000.0,0.0,2
1752847200000,100000.0,0.0,2
1752850800000,100000.0,0.0,2
1752854400000,100000.0,0.0,2
1752858000000,100000.0,0.0,2
1752861600000,100000.0,0.0,2
1752865200000,100000.0,0.0,2
1752868800000,100000.0,0.0,2
1752872400000,100000.0,0.0,2
1752876000000,100000.0,0.0,2
1752879600000,100000.0,0.0,2
1752883200000,100000.0,0.0,2
1752886800000,100000.0,0.0,2
1752890400000,100000.0,0.0,2
1752894000000,100000.0,0.0,2
1752897600000,100000.0,0.0,2
1752901200000,100000.0,0.0,2
1752904800000,100000.0,0.0,2
1752908400000,100000.0,0.0,2
1752912000000,100000.0,0.0,2
1752915600000,100000.0,0.0,2
1752919200000,100000.0,0.0,2
1752922800000,100000.0,0.0,2
1752926400000,100000.0,0.0,2
1752930000000,100014.81487449355,0.03636892354955248,2
1752933600000,99984.65838158283,0.03637989282426867,2
1752937200000,99950.41203750938,0.03639235778866069,2
1752940800000,99960.02072397602,0.036388859562537484,2
1752944400000,99966.4265149538,0.03638652778539586,2
1752948000000,99951.34826849843,0.03639201690628425,2
1752951600000,99958.93666704133,0.03638925420054454,2
1752955200000,99978.0554893442,0.036382295476638696,2
1752958800000,99969.6786857579,0.03638534407444588,2
1752962400000,99957.85261010662,0.03638964884711142,2
1752966000000,99968.49607819277,0.036385774505880285,2
1752969600000,99971.79752431207,0.03638457291026017,2
1752973200000,99976.42940394215,0.036382887223312586,2
1752976800000,99998.75112173392,0.036374765836475864,2
1752980400000,100013.82936818928,0.036369281918026755,2
1752984000000,100019.6931306997,0.03636714972960299,2
1752987600000,100014.66704854791,0.036368977304373384,2
1752991200000,100023.3395040255,0.03636582395698465,2
1752994800000,100015.94820674346,0.0363685114345379,2
1752998400000,100028.4148614925,0.03636397878572587,2
1753002000000,100058.52207908801,0.036353037006862945,2
1753005600000,100049.20904451264,0.03635642091258092,2
1753009200000,100030.82935193797,0.03636310105153226,2
1753012800000,100048.46991478444,0.0,2
1753016400000,100048.46991478444,0.0,2
1753020000000,100048.46991478444,0.0,2
1753023600000,100048.46991478444,0.0,2
1753027200000,100048.46991478444,0.0,2
1753030800000,100048.46991478444,0.0,2
1753034400000,100048.46991478444,0.0,2
1753038000000,100048.46991478444,0.0,2
1753041600000,100048.46991478444,0.0,2
1753045200000,100048.46991478444,0.0,2
1753048800000,100048.46991478444,0.0,2
1753052400000,100048.46991478444,0.0,2
1753056000000,100048.46991478444,0.0,2
1753059600000,100048.46991478444,0.0,2
1753063200000,100048.46991478444,0.0,2
1753066800000,100048.46991478444,0.0,2
1753070400000,100048.46991478444,0.0,2
1753074000000,100048.46991478444,0.0,2
1753077600000,100048.46991478444,0.0,2
1753081200000,100048.46991478444,0.0,2
1753084800000,100048.46991478444,0.0,2
1753088400000,100048.46991478444,0.0,2
1753092000000,100048.46991478444,0.0,2
1753095600000,100048.46991478444,0.0,2
1753099200000,100048.46991478444,0.0,2
1753102800000,100048.46991478444,0.0,2
1753106400000,100048.46991478444,0.0,2
1753110000000,100048.46991478444,0.0,2
1753113600000,100048.46991478444,0.0,2
1753117200000,100048.46991478444,0.0,2
1753120800000,100048.46991478444,0.0,2
1753124400000,100048.46991478444,0.0,2
1753128000000,100048.46991478444,0.0,2
1753131600000,100048.46991478444,0.0,2
1753135200000,100048.46991478444,0.0,2
1753138800000,100048.46991478444,0.0,2
1753142400000,100048.46991478444,0.0,2
1753146000000,100048.46991478444,0.0,2
1753149600000,100048.46991478444,0.0,2
1753153200000,100048.46991478444,0.0,2
1753156800000,100048.46991478444,0.0,2
1753160400000,100048.46991478444,0.0,2
1753164000000,100048.46991478444,0.0,2
1753167600000,100048.46991478444,0.0,2
1753171200000,100048.46991478444,0.0,2
1753174800000,100048.46991478444,0.0,2
1753178400000,100048.46991478444,0.0,2
1753182000000,100048.46991478444,0.0,2
1753185600000,100048.46991478444,0.0,2
1753189200000,100031.56865131209,0.03184394666984953,2
1753192800000,100015.04189385394,0.03184920865017926,2
1753196400000,100032.89743583134,0.03184352367157145,2
1753200000000,100031.48560227964,0.03184397310761504,2
1753203600000,100051.1266984548,0.031837721798319035,2
1753207200000,100047.30644296196,0.03183893750552699,2
1753210800000,100073.30079011976,0.03183066724374768,2
1753214400000,100065.90942623143,0.03183301841454857,2
1753218000000,100087.79284628283,0.03182605837183347,2
1753221600000,100085.01070369565,0.031826943066072456,2
1753225200000,100087.21150305565,0.031826243229251365,2
1753228800000,100126.53521992218,0.03181374378367559,2
1753232400000,100180.10184585441,0.031796732871514743,2
1753236000000,100160.8344703253,0.0318028494299088,2
1753239600000,100163.36746581511,0.031802045179051344,2
1753243200000,100169.762241314,0.03180001495620989,2
1753246800000,100180.5586155329,0.03179658789544702,2
1753250400000,100165.77588775626,0.03180128051923911,2
1753254000000,100158.3429993517,0.03180364053600999,2
1753257600000,100158.67519548151,0.03180353505292249,2
1753261200000,100154.68884192377,0.03180480089615532,2
1753264800000,100146.67461029204,0.03180734607344028,2
1753268400000,100179.35440456233,0.031796970107931796,2
1753272000000,100216.97561626357,0.0,2
1753275600000,100216.97561626357,0.0,2
1753279200000,100216.97561626357,0.0,2
1753282800000,100216.97561626357,0.0,2
1753286400000,100216.97561626357,0.0,2
1753290000000,100216.97561626357,0.0,2
1753293600000,100216.97561626357,0.0,2
1753297200000,100216.97561626357,0.0,2
1753300800000,100216.97561626357,0.0,2
1753304400000,100216.97561626357,0.0,2
1753308000000,100216.97561626357,0.0,2
1753311600000,100216.97561626357,0.0,2
1753315200000,100216.97561626357,0.0,2
1753318800000,100234.3547492037,0.02658339007195356,2
1753322400000,100233.77273791636,0.026583544429438617,2
1753326000000,100228.74005207868,0.026584879242462268,2
1753329600000,100218.22961294829,0.026587667345546365,2
1753333200000,100176.97528346255,0.02659861653208176,2
1753336800000,100122.84823373896,0.026612995913661574,2
1753340400000,100115.62444658419,0.02661491615956818,2
1753344000000,100148.55943825662,0.026606163541986916,2
1753347600000,100173.34627190614,0.02659958012859093,2
1753351200000,100171.63447400216,0.026600034679480012,2
1753354800000,100161.87722594953,0.026602625916223616,2
1753358400000,100186.62982364096,0.02659605334163957,2
1753362000000,100182.28185696487,0.026597207625126646,2
1753365600000,100168.75865352349,0.026600798359947782,2
1753369200000,100207.82188169214,0.026590428779646656,2
1753372800000,100214.01859010452,0.026588784567229816,2
1753376400000,100201.5567013636,0.0265920913669038,2
1753380000000,100225.28222031266,0.026585796436586383,2
1753383600000,100225.24798435457,0.026585805518032732,2
1753387200000,100216.55205100239,0.02658811240634776,2
1753390800000,100222.91993920518,0.026586423070939957,2
1753394400000,100208.78048851836,0.026590174413049082,2
1753398000000,100212.30679220054,0.0265892387492275,2
1753401600000,100188.44432941917,0.0,2
1753405200000,100188.44432941917,0.0,2
1753408800000,100188.44432941917,0.0,2
1753412400000,100188.44432941917,0.0,2
1753416000000,100188.44432941917,0.0,2
1753419600000,100188.44432941917,0.0,2
1753423200000,100188.44432941917,0.0,2
1753426800000,100188.44432941917,0.0,2
1753430400000,100188.44432941917,0.0,2
1753434000000,100188.44432941917,0.0,2
1753437600000,100188.44432941917,0.0,2
1753441200000,100188.44432941917,0.0,2
1753444800000,100188.44432941917,0.0,2
1753448400000,100188.44432941917,0.0,2
1753452000000,100188.44432941917,0.0,2
1753455600000,100188.44432941917,0.0,2
1753459200000,100188.44432941917,0.0,2
1753462800000,100188.44432941917,0.0,2
1753466400000,100188.44432941917,0.0,2
1753470000000,100188.44432941917,0.0,2
1753473600000,100188.44432941917,0.0,2
1753477200000,100188.44432941917,0.0,2
1753480800000,100188.44432941917,0.0,2
1753484400000,100188.44432941917,0.0,2
1753488000000,100188.44432941917,0.0,2
1753491600000,100188.44432941917,0.0,2
1753495200000,100188.44432941917,0.0,2
1753498800000,100188.44432941917,0.0,2
1753502400000,100188.44432941917,0.0,2
1753506000000,100188.44432941917,0.0,2
1753509600000,100188.44432941917,0.0,2
1753513200000,100188.44432941917,0.0,2
1753516800000,100188.44432941917,0.0,2
1753520400000,100188.44432941917,0.0,2
1753524000000,100188.44432941917,0.0,2
1753527600000,100188.44432941917,0.0,2
1753531200000,100188.44432941917,0.0,2
1753534800000,100188.44432941917,0.0,2
1753538400000,100188.44432941917,0.0,2
1753542000000,100188.44432941917,0.0,2
1753545600000,100188.44432941917,0.0,2
1753549200000,100188.44432941917,0.0,2
1753552800000,100188.44432941917,0.0,2
1753556400000,100188.44432941917,0.0,2
1753560000000,100188.44432941917,0.0,2
1753563600000,100188.44432941917,0.0,2
1753567200000,100188.44432941917,0.0,2
1753570800000,100188.44432941917,0.0,2
1753574400000,100188.44432941917,0.0,2
1753578000000,100188.44432941917,0.0,2
1753581600000,100188.44432941917,0.0,2
1753585200000,100188.44432941917,0.0,2
1753588800000,100188.44432941917,0.0,2
1753592400000,100188.44432941917,0.0,2
1753596000000,100188.44432941917,0.0,2
1753599600000,100188.44432941917,0.0,2
1753603200000,100188.44432941917,0.0,2
1753606800000,100188.44432941917,0.0,2
1753610400000,100188.44432941917,0.0,2
1753614000000,100188.44432941917,0.0,2
1753617600000,100188.44432941917,0.0,2
1753621200000,100159.12398737409,0.06292721410903154,2
1753624800000,100150.36037970198,0.062932720523729,2
1753628400000,100174.28266010423,0.06291769177436472,2
1753632000000,100313.78982007378,0.06283019165591615,2
1753635600000,100369.45684403685,0.0,2
1753639200000,100369.45684403685,0.0,2
1753642800000,100369.45684403685,0.0,2
1753646400000,100369.45684403685,0.0,2
1753650000000,100369.45684403685,0.0,2
1753653600000,100369.45684403685,0.0,2
1753657200000,100369.45684403685,0.0,2
1753660800000,100369.45684403685,0.0,2
1753664400000,100348.96941517349,0.04076149453062533,2
1753668000000,100363.52796973643,0.04075558174084805,2
1753671600000,100353.12900219148,0.040759804987058834,2
1753675200000,100345.92227584637,0.04076273230840642,2
1753678800000,100342.77840193744,0.04076400945951388,2
1753682400000,100382.43958048096,0.04074790356824365,2
1753686000000,100388.5338591352,0.04074542988853766,2
1753689600000,100414.12015602487,0.040735047636874196,2
1753693200000,100422.82626838809,0.040731516129994476,2
1753696800000,100405.26894178895,0.04073863863002968,2
1753700400000,100369.47714651795,0.04075316604468719,2
1753704000000,100389.06589933518,0.040745213946627334,2
1753707600000,100385.535087099,0.040746647058478004,2
1753711200000,100351.87145262789,0.04076031576452847,2
1753714800000,100303.31069255753,0.04078004942935535,2
1753718400000,100319.36863313857,0.04077352184032094,2
1753722000000,100329.38066235626,0.04076945298542242,2
1753725600000,100302.3917140303,0.04078042305942662,2
1753729200000,100288.8488725764,0.04078592998078553,2
1753732800000,100297.89355597597,0.040782251979077276,2
1753736400000,100260.65074197778,0.04079740095141731,2
1753740000000,100268.43787581376,0.04079423250850447,2
1753743600000,100265.1005327412,0.04079559035234584,2
1753747200000,100260.7958438505,0.0,2
1753747200000,100000.0,0.0,3
1753750800000,100000.0,0.0,3
1753754400000,100000.0,0.0,3
1753758000000,100000.0,0.0,3
1753761600000,100000.0,0.0,3
1753765200000,100000.0,0.0,3
1753768800000,100000.0,0.0,3
1753772400000,99980.56742040491,0.0315389580354149,3
1753776000000,99962.65334737753,0.03154461005823076,3
1753779600000,99968.8514654714,0.031542654276849866,3
1753783200000,99990.96060623304,0.03153567983656872,3
1753786800000,99950.40828480186,0.03154847463198005,3
1753790400000,99966.43268767867,0.031543417479753456,3
1753794000000,99952.48692196747,0.031547818541932594,3
1753797600000,99924.17966311198,0.031556755640728934,3
1753801200000,99910.951972058,0.0315609335912543,3
1753804800000,99886.9909545488,0.031568504467853545,3
1753808400000,99892.88672541858,0.03156664126542597,3
1753812000000,99925.6158124264,0.03155630210123748,3
1753815600000,99895.91019765948,0.03156568586231272,3
1753819200000,99880.67945624591,0.031570499293714346,3
1753822800000,99877.42922358694,0.031571526667653206,3
1753826400000,99892.31982437341,0.03156682040994837,3
1753830000000,99890.6569146409,0.03156734591227767,3
1753833600000,99886.3106732946,0.031568719466902644,3
1753837200000,99888.76724449034,0.03156794309525378,3
1753840800000,99899.42498413954,0.03156457527888423,3
1753844400000,99895.53226362937,0.031565805284539124,3
1753848000000,99884.42100314403,0.03156931670184949,3
1753851600000,99865.82664886245,0.031575194699147255,3
1753855200000,99851.78895805836,0.0,3
1753858800000,99851.78895805836,0.0,3
1753862400000,99851.78895805836,0.0,3
1753866000000,99851.78895805836,0.0,3
1753869600000,99851.78895805836,0.0,3
1753873200000,99851.78895805836,0.0,3
1753876800000,99851.78895805836,0.0,3
1753880400000,99851.78895805836,0.0,3
1753884000000,99851.78895805836,0.0,3
1753887600000,99851.78895805836,0.0,3
1753891200000,99851.78895805836,0.0,3
1753894800000,99851.78895805836,0.0,3
1753898400000,99851.78895805836,0.0,3
1753902000000,99851.78895805836,0.0,3
1753905600000,99851.78895805836,0.0,3
1753909200000,99851.78895805836,0.0,3
1753912800000,99851.78895805836,0.0,3
1753916400000,99851.78895805836,0.0,3
1753920000000,99851.78895805836,0.0,3
1753923600000,99851.78895805836,0.0,3
1753927200000,99851.78895805836,0.0,3
1753930800000,99851.78895805836,0.0,3
1753934400000,99851.78895805836,0.0,3
1753938000000,99851.78895805836,0.0,3
1753941600000,99851.78895805836,0.0,3
1753945200000,99851.78895805836,0.0,3
1753948800000,99851.78895805836,0.0,3
1753952400000,99851.78895805836,0.0,3
1753956000000,99851.78895805836,0.0,3
1753959600000,99851.78895805836,0.0,3
1753963200000,99851.78895805836,0.0,3
1753966800000,99851.78895805836,0.0,3
1753970400000,99851.78895805836,0.0,3
1753974000000,99851.78895805836,0.0,3
1753977600000,99851.78895805836,0.0,3
1753981200000,99851.78895805836,0.0,3
1753984800000,99851.78895805836,0.0,3
1753988400000,99851.78895805836,0.0,3
1753992000000,99851.78895805836,0.0,3
1753995600000,99851.78895805836,0.0,3
1753999200000,99851.78895805836,0.0,3
1754002800000,99851.78895805836,0.0,3
1754006400000,99851.78895805836,0.0,3
1754010000000,99851.78895805836,0.0,3
1754013600000,99851.78895805836,0.0,3
1754017200000,99851.78895805836,0.0,3
1754020800000,99851.78895805836,0.0,3
1754024400000,99851.78895805836,0.0,3
1754028000000,99851.78895805836,0.0,3
1754031600000,99851.78895805836,0.0,3
1754035200000,99851.78895805836,0.0,3
1754038800000,99851.78895805836,0.0,3
1754042400000,99851.78895805836,0.0,3
1754046000000,99851.78895805836,0.0,3
1754049600000,99851.78895805836,0.0,3
1754053200000,99851.78895805836,0.0,3
1754056800000,99851.78895805836,0.0,3
1754060400000,99851.78895805836,0.0,3
1754064000000,99851.78895805836,0.0,3
1754067600000,99851.78895805836,0.0,3
1754071200000,99851.78895805836,0.0,3
1754074800000,99851.78895805836,0.0,3
1754078400000,99851.78895805836,0.0,3
1754082000000,99851.78895805836,0.0,3
1754085600000,99851.78895805836,0.0,3
1754089200000,99851.78895805836,0.0,3
1754092800000,99851.78895805836,0.0,3
1754096400000,99851.78895805836,0.0,3
1754100000000,99851.78895805836,0.0,3
1754103600000,99851.78895805836,0.0,3
1754107200000,99851.78895805836,0.0,3
1754110800000,99851.78895805836,0.0,3
1754114400000,99851.78895805836,0.0,3
1754118000000,99851.78895805836,0.0,3
1754121600000,99851.78895805836,0.0,3
1754125200000,99851.78895805836,0.0,3
1754128800000,99851.78895805836,0.0,3
1754132400000,99851.78895805836,0.0,3
1754136000000,99851.78895805836,0.0,3
1754139600000,99851.78895805836,0.0,3
1754143200000,99851.78895805836,0.0,3
1754146800000,99851.78895805836,0.0,3
1754150400000,99851.78895805836,0.0,3
1754154000000,99851.78895805836,0.0,3
1754157600000,99851.78895805836,0.0,3
1754161200000,99851.78895805836,0.0,3
1754164800000,99851.78895805836,0.0,3
1754168400000,99851.78895805836,0.0,3
1754172000000,99851.78895805836,0.0,3
1754175600000,99851.78895805836,0.0,3
1754179200000,99851.78895805836,0.0,3
1754182800000,99851.78895805836,0.0,3
1754186400000,99851.78895805836,0.0,3
1754190000000,99851.78895805836,0.0,3
1754193600000,99851.78895805836,0.0,3
1754197200000,99851.78895805836,0.0,3
1754200800000,99851.78895805836,0.0,3
1754204400000,99851.78895805836,0.0,3
1754208000000,99851.78895805836,0.0,3
1754211600000,99851.78895805836,0.0,3
1754215200000,99851.78895805836,0.0,3
1754218800000,99851.78895805836,0.0,3
1754222400000,99851.78895805836,0.0,3
1754226000000,99851.78895805836,0.0,3
1754229600000,99851.78895805836,0.0,3
1754233200000,99851.78895805836,0.0,3
1754236800000,99851.78895805836,0.0,3
1754240400000,99851.78895805836,0.0,3
1754244000000,99851.78895805836,0.0,3
1754247600000,99851.78895805836,0.0,3
1754251200000,99851.78895805836,0.0,3
1754254800000,99851.78895805836,0.0,3
1754258400000,99851.78895805836,0.0,3
1754262000000,99851.78895805836,0.0,3
1754265600000,99851.78895805836,0.0,3
1754269200000,99851.78895805836,0.0,3
1754272800000,99851.78895805836,0.0,3
1754276400000,99851.78895805836,0.0,3
1754280000000,99851.78895805836,0.0,3
1754283600000,99851.78895805836,0.0,3
1754287200000,99851.78895805836,0.0,3
1754290800000,99851.78895805836,0.0,3
1754294400000,99851.78895805836,0.0,3
1754298000000,99851.78895805836,0.0,3
1754301600000,99851.78895805836,0.0,3
1754305200000,99851.78895805836,0.0,3
1754308800000,99851.78895805836,0.0,3
1754312400000,99851.78895805836,0.0,3
1754316000000,99851.78895805836,0.0,3
1754319600000,99851.78895805836,0.0,3
1754323200000,99851.78895805836,0.0,3
1754326800000,99851.78895805836,0.0,3
1754330400000,99851.78895805836,0.0,3
1754334000000,99851.78895805836,0.0,3
1754337600000,99851.78895805836,0.0,3
1754341200000,99851.78895805836,0.0,3
1754344800000,99851.78895805836,0.0,3
1754348400000,99851.78895805836,0.0,3
1754352000000,99851.78895805836,0.0,3
1754355600000,99851.78895805836,0.0,3
1754359200000,99851.78895805836,0.0,3
1754362800000,99851.78895805836,0.0,3
1754366400000,99851.78895805836,0.0,3
1754370000000,99851.78895805836,0.0,3
1754373600000,99851.78895805836,0.0,3
1754377200000,99851.78895805836,0.0,3
1754380800000,99851.78895805836,0.0,3
1754384400000,99851.78895805836,0.0,3
1754388000000,99851.78895805836,0.0,3
1754391600000,99851.78895805836,0.0,3
1754395200000,99851.78895805836,0.0,3
1754398800000,99851.78895805836,0.0,3
1754402400000,99851.78895805836,0.0,3
1754406000000,99851.78895805836,0.0,3
1754409600000,99851.78895805836,0.0,3
1754413200000,99851.78895805836,0.0,3
1754416800000,99851.78895805836,0.0,3
1754420400000,99851.78895805836,0.0,3
1754424000000,99851.78895805836,0.0,3
1754427600000,99851.78895805836,0.0,3
1754431200000,99851.78895805836,0.0,3
1754434800000,99851.78895805836,0.0,3
1754438400000,99851.78895805836,0.0,3
1754442000000,99851.78895805836,0.0,3
1754445600000,99851.78895805836,0.0,3
1754449200000,99851.78895805836,0.0,3
1754452800000,99851.78895805836,0.0,3
1754456400000,99851.78895805836,0.0,3
1754460000000,99851.78895805836,0.0,3
1754463600000,99851.78895805836,0.0,3
1754467200000,99851.78895805836,0.0,3
1754470800000,99851.78895805836,0.0,3
1754474400000,99851.78895805836,0.0,3
1754478000000,99851.78895805836,0.0,3
1754481600000,99851.78895805836,0.0,3
1754485200000,99851.78895805836,0.0,3
1754488800000,99851.78895805836,0.0,3
1754492400000,99851.78895805836,0.0,3
1754496000000,99851.78895805836,0.0,3
1754499600000,99851.78895805836,0.0,3
1754503200000,99851.78895805836,0.0,3
1754506800000,99851.78895805836,0.0,3
1754510400000,99851.78895805836,0.0,3
1754514000000,99851.78895805836,0.0,3
1754517600000,99851.78895805836,0.0,3
1754521200000,99851.78895805836,0.0,3
1754524800000,99851.78895805836,0.0,3
1754528400000,99851.78895805836,0.0,3
1754532000000,99851.78895805836,0.0,3
1754535600000,99851.78895805836,0.0,3
1754539200000,99851.78895805836,0.0,3
1754542800000,99851.78895805836,0.0,3
1754546400000,99851.78895805836,0.0,3
1754550000000,99851.78895805836,0.0,3
1754553600000,99851.78895805836,0.0,3
1754557200000,99851.78895805836,0.0,3
1754560800000,99851.78895805836,0.0,3
1754564400000,99851.78895805836,0.0,3
1754568000000,99851.78895805836,0.0,3
1754571600000,99851.78895805836,0.0,3
1754575200000,99851.78895805836,0.0,3
1754578800000,99851.78895805836,0.0,3
1754582400000,99851.78895805836,0.0,3
1754586000000,99851.78895805836,0.0,3
1754589600000,99851.78895805836,0.0,3
1754593200000,99851.78895805836,0.0,3
1754596800000,99851.78895805836,0.0,3
1754600400000,99851.78895805836,0.0,3
1754604000000,99851.78895805836,0.0,3
1754607600000,99851.78895805836,0.0,3
1754611200000,99851.78895805836,0.0,3
1754614800000,99851.78895805836,0.0,3
1754618400000,99851.78895805836,0.0,3
1754622000000,99851.78895805836,0.0,3
1754625600000,99851.78895805836,0.0,3
1754629200000,99851.78895805836,0.0,3
1754632800000,99851.78895805836,0.0,3
1754636400000,99851.78895805836,0.0,3
1754640000000,99851.78895805836,0.0,3
1754643600000,99851.78895805836,0.0,3
1754647200000,99851.78895805836,0.0,3
1754650800000,99851.78895805836,0.0,3
1754654400000,99851.78895805836,0.0,3
1754658000000,99851.78895805836,0.0,3
1754661600000,99851.78895805836,0.0,3
1754665200000,99851.78895805836,0.0,3
1754668800000,99851.78895805836,0.0,3
1754672400000,99851.78895805836,0.0,3
1754676000000,99851.78895805836,0.0,3
1754679600000,99851.78895805836,0.0,3
1754683200000,99851.78895805836,0.0,3
1754686800000,99851.78895805836,0.0,3
1754690400000,99851.78895805836,0.0,3
1754694000000,99851.78895805836,0.0,3
1754697600000,99851.78895805836,0.0,3
1754701200000,99851.78895805836,0.0,3
1754704800000,99851.78895805836,0.0,3
1754708400000,99851.78895805836,0.0,3
1754712000000,99851.78895805836,0.0,3
1754715600000,99851.78895805836,0.0,3
1754719200000,99851.78895805836,0.0,3
1754722800000,99851.78895805836,0.0,3
1754726400000,99851.78895805836,0.0,3
1754730000000,99851.78895805836,0.0,3
1754733600000,99851.78895805836,0.0,3
1754737200000,99851.78895805836,0.0,3
1754740800000,99851.78895805836,0.0,3
1754744400000,99851.78895805836,0.0,3
1754748000000,99851.78895805836,0.0,3
1754751600000,99851.78895805836,0.0,3
1754755200000,99851.78895805836,0.0,3
1754758800000,99851.78895805836,0.0,3
1754762400000,99851.78895805836,0.0,3
1754766000000,99851.78895805836,0.0,3
1754769600000,99851.78895805836,0.0,3
1754773200000,99851.78895805836,0.0,3
1754776800000,99851.78895805836,0.0,3
1754780400000,99851.78895805836,0.0,3
1754784000000,99851.78895805836,0.0,3
1754787600000,99851.78895805836,0.0,3
1754791200000,99851.78895805836,0.0,3
1754794800000,99851.78895805836,0.0,3
1754798400000,99851.78895805836,0.0,3
1754802000000,99851.78895805836,0.0,3
1754805600000,99851.78895805836,0.0,3
1754809200000,99851.78895805836,0.0,3
1754812800000,99851.78895805836,0.0,3
1754816400000,99851.78895805836,0.0,3
1754820000000,99851.78895805836,0.0,3
1754823600000,99851.78895805836,0.0,3
1754827200000,99851.78895805836,0.0,3
1754830800000,99851.78895805836,0.0,3
1754834400000,99851.78895805836,0.0,3
1754838000000,99851.78895805836,0.0,3
1754841600000,99851.78895805836,0.0,3
1754845200000,99851.78895805836,0.0,3
1754848800000,99851.78895805836,0.0,3
1754852400000,99851.78895805836,0.0,3
1754856000000,99851.78895805836,0.0,3
1754859600000,99851.78895805836,0.0,3
1754863200000,99851.78895805836,0.0,3
1754866800000,99851.78895805836,0.0,3
1754870400000,99851.78895805836,0.0,3
1754874000000,99851.78895805836,0.0,3
1754877600000,99851.78895805836,0.0,3
1754881200000,99851.78895805836,0.0,3
1754884800000,99851.78895805836,0.0,3
1754888400000,99851.78895805836,0.0,3
1754892000000,99851.78895805836,0.0,3
1754895600000,99851.78895805836,0.0,3
1754899200000,99851.78895805836,0.0,3
1754902800000,99851.78895805836,0.0,3
1754906400000,99851.78895805836,0.0,3
1754910000000,99851.78895805836,0.0,3
1754913600000,99851.78895805836,0.0,3
1754917200000,99851.78895805836,0.0,3
1754920800000,99851.78895805836,0.0,3
1754924400000,99851.78895805836,0.0,3
1754928000000,99851.78895805836,0.0,3
1754931600000,99851.78895805836,0.0,3
1754935200000,99851.78895805836,0.0,3
1754938800000,99851.78895805836,0.0,3
1754942400000,99851.78895805836,0.0,3
1754946000000,99851.78895805836,0.0,3
1754949600000,99851.78895805836,0.0,3
1754953200000,99851.78895805836,0.0,3
1754956800000,99851.78895805836,0.0,3
1754956800000,100000.0,0.0,4
1754960400000,100000.0,0.0,4
1754964000000,100000.0,0.0,4
1754967600000,100000.0,0.0,4
1754971200000,100000.0,0.0,4
1754974800000,100000.0,0.0,4
1754978400000,100000.0,0.0,4
1754982000000,100000.0,0.0,4
1754985600000,100000.0,0.0,4
1754989200000,100000.0,0.0,4
1754992800000,100000.0,0.0,4
1754996400000,100000.0,0.0,4
1755000000000,100000.0,0.0,4
1755003600000,100000.0,0.0,4
1755007200000,100000.0,0.0,4
1755010800000,100000.0,0.0,4
1755014400000,100000.0,0.0,4
1755018000000,100000.0,0.0,4
1755021600000,100000.0,0.0,4
1755025200000,100000.0,0.0,4
1755028800000,100000.0,0.0,4
1755032400000,100000.0,0.0,4
1755036000000,100000.0,0.0,4
1755039600000,100000.0,0.0,4
1755043200000,100000.0,0.0,4
1755046800000,100000.0,0.0,4
1755050400000,100000.0,0.0,4
1755054000000,100000.0,0.0,4
1755057600000,100000.0,0.0,4
1755061200000,100000.0,0.0,4
1755064800000,100000.0,0.0,4
1755068400000,100000.0,0.0,4
1755072000000,100000.0,0.0,4
1755075600000,100000.0,0.0,4
1755079200000,100000.0,0.0,4
1755082800000,100000.0,0.0,4
1755086400000,100000.0,0.0,4
1755090000000,100000.0,0.0,4
1755093600000,100000.0,0.0,4
1755097200000,100000.0,0.0,4
1755100800000,100000.0,0.0,4
1755104400000,100000.0,0.0,4
1755108000000,100000.0,0.0,4
1755111600000,100000.0,0.0,4
1755115200000,100000.0,0.0,4
1755118800000,100000.0,0.0,4
1755122400000,100000.0,0.0,4
1755126000000,100000.0,0.0,4
1755129600000,100000.0,0.0,4
1755133200000,99973.78261843359,0.0438829294233455,4
1755136800000,99980.44296065874,0.043880006098351666,4
1755140400000,100011.42129658969,0.04386641435500931,4
1755144000000,100023.45121704286,0.04386113849750954,4
1755147600000,100020.81805848875,0.04386229319044517,4
1755151200000,100004.34790988546,0.043869517061227055,4
1755154800000,100069.60893758,0.04384090727851406,4
1755158400000,100038.4240794095,0.04385457375205288,4
1755162000000,100043.01919923925,0.043852559448375454,4
1755165600000,100080.08994123663,0.04383631598858051,4
1755169200000,100045.18768275442,0.04385160894236448,4
1755172800000,100060.21217568094,0.04384502442516183,4
1755176400000,99917.86672207821,0.04390748712672633,4
1755180000000,99852.40095423434,0.0,4
1755183600000,99852.40095423434,0.0,4
1755187200000,99852.40095423434,0.0,4
1755190800000,99852.40095423434,0.0,4
1755194400000,99852.40095423434,0.0,4
1755198000000,99852.40095423434,0.0,4
1755201600000,99852.40095423434,0.0,4
1755205200000,99852.40095423434,0.0,4
1755208800000,99852.40095423434,0.0,4
1755212400000,99852.40095423434,0.0,4
1755216000000,99852.40095423434,0.0,4
1755219600000,99852.40095423434,0.0,4
1755223200000,99852.40095423434,0.0,4
1755226800000,99852.40095423434,0.0,4
1755230400000,99852.40095423434,0.0,4
1755234000000,99852.40095423434,0.0,4
1755237600000,99852.40095423434,0.0,4
1755241200000,99852.40095423434,0.0,4
1755244800000,99852.40095423434,0.0,4
1755248400000,99852.40095423434,0.0,4
1755252000000,99852.40095423434,0.0,4
1755255600000,99852.40095423434,0.0,4
1755259200000,99852.40095423434,0.0,4
1755262800000,99852.40095423434,0.0,4
1755266400000,99852.40095423434,0.0,4
1755270000000,99852.40095423434,0.0,4
1755273600000,99852.40095423434,0.0,4
1755277200000,99852.40095423434,0.0,4
1755280800000,99852.40095423434,0.0,4
1755284400000,99852.40095423434,0.0,4
1755288000000,99852.40095423434,0.0,4
1755291600000,99852.40095423434,0.0,4
1755295200000,99852.40095423434,0.0,4
1755298800000,99852.40095423434,0.0,4
1755302400000,99852.40095423434,0.0,4
1755306000000,99852.40095423434,0.0,4
1755309600000,99852.40095423434,0.0,4
1755313200000,99852.40095423434,0.0,4
1755316800000,99852.40095423434,0.0,4
1755320400000,99852.40095423434,0.0,4
1755324000000,99852.40095423434,0.0,4
1755327600000,99852.40095423434,0.0,4
1755331200000,99852.40095423434,0.0,4
1755334800000,99852.40095423434,0.0,4
1755338400000,99852.40095423434,0.0,4
1755342000000,99852.40095423434,0.0,4
1755345600000,99852.40095423434,0.0,4
1755349200000,99852.40095423434,0.0,4
1755352800000,99852.40095423434,0.0,4
1755356400000,99852.40095423434,0.0,4
1755360000000,99852.40095423434,0.0,4
1755363600000,99852.40095423434,0.0,4
1755367200000,99852.40095423434,0.0,4
1755370800000,99852.40095423434,0.0,4
1755374400000,99852.40095423434,0.0,4
1755378000000,99852.40095423434,0.0,4
1755381600000,99852.40095423434,0.0,4
1755385200000,99852.40095423434,0.0,4
1755388800000,99852.40095423434,0.0,4
1755392400000,99852.40095423434,0.0,4
1755396000000,99852.40095423434,0.0,4
1755399600000,99852.40095423434,0.0,4
1755403200000,99852.40095423434,0.0,4
1755406800000,99852.40095423434,0.0,4
1755410400000,99852.40095423434,0.0,4
1755414000000,99852.40095423434,0.0,4
1755417600000,99852.40095423434,0.0,4
1755421200000,99852.40095423434,0.0,4
1755424800000,99852.40095423434,0.0,4
1755428400000,99852.40095423434,0.0,4
1755432000000,99852.40095423434,0.0,4
1755435600000,99852.40095423434,0.0,4
1755439200000,99852.40095423434,0.0,4
1755442800000,99852.40095423434,0.0,4
1755446400000,99852.40095423434,0.0,4
1755450000000,99852.40095423434,0.0,4
1755453600000,99852.40095423434,0.0,4
1755457200000,99852.40095423434,0.0,4
1755460800000,99852.40095423434,0.0,4
1755464400000,99852.40095423434,0.0,4
1755468000000,99852.40095423434,0.0,4
1755471600000,99852.40095423434,0.0,4
1755475200000,99852.40095423434,0.0,4
1755478800000,99852.40095423434,0.0,4
1755482400000,99852.40095423434,0.0,4
1755486000000,99852.40095423434,0.0,4
1755489600000,99852.40095423434,0.0,4
1755493200000,99852.40095423434,0.0,4
1755496800000,99852.40095423434,0.0,4
1755500400000,99852.40095423434,0.0,4
1755504000000,99852.40095423434,0.0,4
1755507600000,99852.40095423434,0.0,4
1755511200000,99852.40095423434,0.0,4
1755514800000,99852.40095423434,0.0,4
1755518400000,99852.40095423434,0.0,4
1755522000000,99852.40095423434,0.0,4
1755525600000,99852.40095423434,0.0,4
1755529200000,99852.40095423434,0.0,4
1755532800000,99852.40095423434,0.0,4
1755536400000,99852.40095423434,0.0,4
1755540000000,99852.40095423434,0.0,4
1755543600000,99852.40095423434,0.0,4
1755547200000,99852.40095423434,0.0,4
1755550800000,99852.40095423434,0.0,4
1755554400000,99852.40095423434,0.0,4
1755558000000,99852.40095423434,0.0,4
1755561600000,99852.40095423434,0.0,4
1755565200000,99852.40095423434,0.0,4
1755568800000,99852.40095423434,0.0,4
1755572400000,99852.40095423434,0.0,4
1755576000000,99852.40095423434,0.0,4
1755579600000,99852.40095423434,0.0,4
1755583200000,99852.40095423434,0.0,4
1755586800000,99852.40095423434,0.0,4
1755590400000,99852.40095423434,0.0,4
1755594000000,99852.40095423434,0.0,4
1755597600000,99852.40095423434,0.0,4
1755601200000,99852.40095423434,0.0,4
1755604800000,99852.40095423434,0.0,4
1755608400000,99852.40095423434,0.0,4
1755612000000,99852.40095423434,0.0,4
1755615600000,99852.40095423434,0.0,4
1755619200000,99852.40095423434,0.0,4
1755622800000,99852.40095423434,0.0,4
1755626400000,99852.40095423434,0.0,4
1755630000000,99852.40095423434,0.0,4
1755633600000,99852.40095423434,0.0,4
1755637200000,99852.40095423434,0.0,4
1755640800000,99852.40095423434,0.0,4
1755644400000,99852.40095423434,0.0,4
1755648000000,99852.40095423434,0.0,4
1755651600000,99852.40095423434,0.0,4
1755655200000,99852.40095423434,0.0,4
1755658800000,99852.40095423434,0.0,4
1755662400000,99852.40095423434,0.0,4
1755666000000,99852.40095423434,0.0,4
1755669600000,99852.40095423434,0.0,4
1755673200000,99852.40095423434,0.0,4
1755676800000,99852.40095423434,0.0,4
1755680400000,99852.40095423434,0.0,4
1755684000000,99852.40095423434,0.0,4
1755687600000,99852.40095423434,0.0,4
1755691200000,99852.40095423434,0.0,4
1755694800000,99852.40095423434,0.0,4
1755698400000,99852.40095423434,0.0,4
1755702000000,99852.40095423434,0.0,4
1755705600000,99852.40095423434,0.0,4
1755709200000,99852.40095423434,0.0,4
1755712800000,99852.40095423434,0.0,4
1755716400000,99852.40095423434,0.0,4
1755720000000,99852.40095423434,0.0,4
1755723600000,99852.40095423434,0.0,4
1755727200000,99852.40095423434,0.0,4
1755730800000,99852.40095423434,0.0,4
1755734400000,99852.40095423434,0.0,4
1755738000000,99852.40095423434,0.0,4
1755741600000,99852.40095423434,0.0,4
1755745200000,99852.40095423434,0.0,4
1755748800000,99852.40095423434,0.0,4
1755752400000,99852.40095423434,0.0,4
1755756000000,99852.40095423434,0.0,4
1755759600000,99852.40095423434,0.0,4
1755763200000,99852.40095423434,0.0,4
1755766800000,99852.40095423434,0.0,4
1755770400000,99852.40095423434,0.0,4
1755774000000,99852.40095423434,0.0,4
1755777600000,99852.40095423434,0.0,4
1755781200000,99852.40095423434,0.0,4
1755784800000,99852.40095423434,0.0,4
1755788400000,99852.40095423434,0.0,4
1755792000000,99852.40095423434,0.0,4
1755795600000,99852.40095423434,0.0,4
1755799200000,99852.40095423434,0.0,4
1755802800000,99852.40095423434,0.0,4
1755806400000,99852.40095423434,0.0,4
1755810000000,99852.40095423434,0.0,4
1755813600000,99852.40095423434,0.0,4
1755817200000,99852.40095423434,0.0,4
1755820800000,99852.40095423434,0.0,4
1755824400000,99852.40095423434,0.0,4
1755828000000,99852.40095423434,0.0,4
1755831600000,99852.40095423434,0.0,4
1755835200000,99852.40095423434,0.0,4
1755838800000,99852.40095423434,0.0,4
1755842400000,99852.40095423434,0.0,4
1755846000000,99852.40095423434,0.0,4
1755849600000,99852.40095423434,0.0,4
1755853200000,99852.40095423434,0.0,4
1755856800000,99852.40095423434,0.0,4
1755860400000,99852.40095423434,0.0,4
1755864000000,99852.40095423434,0.0,4
1755867600000,99852.40095423434,0.0,4
1755871200000,99852.40095423434,0.0,4
1755874800000,99852.40095423434,0.0,4
1755878400000,99852.40095423434,0.0,4
1755882000000,99852.40095423434,0.0,4
1755885600000,99852.40095423434,0.0,4
1755889200000,99852.40095423434,0.0,4
1755892800000,99852.40095423434,0.0,4
1755896400000,99852.40095423434,0.0,4
1755900000000,99852.40095423434,0.0,4
1755903600000,99852.40095423434,0.0,4
1755907200000,99852.40095423434,0.0,4
1755910800000,99852.40095423434,0.0,4
1755914400000,99852.40095423434,0.0,4
1755918000000,99852.40095423434,0.0,4
1755921600000,99852.40095423434,0.0,4
1755925200000,99852.40095423434,0.0,4
1755928800000,99852.40095423434,0.0,4
1755932400000,99852.40095423434,0.0,4
1755936000000,99852.40095423434,0.0,4
1755939600000,99852.40095423434,0.0,4
1755943200000,99852.40095423434,0.0,4
1755946800000,99852.40095423434,0.0,4
1755950400000,99852.40095423434,0.0,4
1755954000000,99852.40095423434,0.0,4
1755957600000,99852.40095423434,0.0,4
1755961200000,99852.40095423434,0.0,4
1755964800000,99852.40095423434,0.0,4
1755968400000,99852.40095423434,0.0,4
1755972000000,99852.40095423434,0.0,4
1755975600000,99852.40095423434,0.0,4
1755979200000,99852.40095423434,0.0,4
1755982800000,99852.40095423434,0.0,4
1755986400000,99852.40095423434,0.0,4
1755990000000,99852.40095423434,0.0,4
1755993600000,99852.40095423434,0.0,4
1755997200000,99852.40095423434,0.0,4
1756000800000,99852.40095423434,0.0,4
1756004400000,99852.40095423434,0.0,4
1756008000000,99852.40095423434,0.0,4
1756011600000,99852.40095423434,0.0,4
1756015200000,99852.40095423434,0.0,4
1756018800000,99852.40095423434,0.0,4
1756022400000,99852.40095423434,0.0,4
1756026000000,99852.40095423434,0.0,4
1756029600000,99852.40095423434,0.0,4
1756033200000,99852.40095423434,0.0,4
1756036800000,99852.40095423434,0.0,4
1756040400000,99852.40095423434,0.0,4
1756044000000,99852.40095423434,0.0,4
1756047600000,99852.40095423434,0.0,4
1756051200000,99852.40095423434,0.0,4
1756054800000,99852.40095423434,0.0,4
1756058400000,99852.40095423434,0.0,4
1756062000000,99852.40095423434,0.0,4
1756065600000,99852.40095423434,0.0,4
1756069200000,99852.40095423434,0.0,4
1756072800000,99852.40095423434,0.0,4
1756076400000,99852.40095423434,0.0,4
1756080000000,99852.40095423434,0.0,4
1756083600000,99852.40095423434,0.0,4
1756087200000,99852.40095423434,0.0,4
1756090800000,99852.40095423434,0.0,4
1756094400000,99852.40095423434,0.0,4
1756098000000,99852.40095423434,0.0,4
1756101600000,99852.40095423434,0.0,4
1756105200000,99852.40095423434,0.0,4
1756108800000,99852.40095423434,0.0,4
1756112400000,99852.40095423434,0.0,4
1756116000000,99852.40095423434,0.0,4
1756119600000,99852.40095423434,0.0,4
1756123200000,99852.40095423434,0.0,4
1756126800000,99852.40095423434,0.0,4
1756130400000,99852.40095423434,0.0,4
1756134000000,99852.40095423434,0.0,4
1756137600000,99852.40095423434,0.0,4
1756141200000,99852.40095423434,0.0,4
1756144800000,99852.40095423434,0.0,4
1756148400000,99852.40095423434,0.0,4
1756152000000,99852.40095423434,0.0,4
1756155600000,99852.40095423434,0.0,4
1756159200000,99852.40095423434,0.0,4
1756162800000,99852.40095423434,0.0,4
1756166400000,99852.40095423434,0.0,4
1756166400000,100000.0,0.0,5
1756170000000,100000.0,0.0,5
1756173600000,100000.0,0.0,5
1756177200000,100000.0,0.0,5
1756180800000,100000.0,0.0,5
1756184400000,100000.0,0.0,5
1756188000000,100000.0,0.0,5
1756191600000,100000.0,0.0,5
1756195200000,100000.0,0.0,5
1756198800000,100000.0,0.0,5
1756202400000,100000.0,0.0,5
1756206000000,100000.0,0.0,5
1756209600000,100000.0,0.0,5
1756213200000,100000.0,0.0,5
1756216800000,100000.0,0.0,5
1756220400000,100000.0,0.0,5
1756224000000,100000.0,0.0,5
1756227600000,100000.0,0.0,5
1756231200000,100000.0,0.0,5
1756234800000,100000.0,0.0,5
1756238400000,100000.0,0.0,5
1756242000000,100000.0,0.0,5
1756245600000,100000.0,0.0,5
1756249200000,100000.0,0.0,5
1756252800000,100000.0,0.0,5
1756256400000,100000.0,0.0,5
1756260000000,100000.0,0.0,5
1756263600000,100000.0,0.0,5
1756267200000,100000.0,0.0,5
1756270800000,100000.0,0.0,5
1756274400000,100000.0,0.0,5
1756278000000,100000.0,0.0,5
1756281600000,100000.0,0.0,5
1756285200000,100000.0,0.0,5
1756288800000,100000.0,0.0,5
1756292400000,100000.0,0.0,5
1756296000000,100000.0,0.0,5
1756299600000,100000.0,0.0,5
1756303200000,100000.0,0.0,5
1756306800000,100000.0,0.0,5
1756310400000,100000.0,0.0,5
1756314000000,100000.0,0.0,5
1756317600000,100000.0,0.0,5
1756321200000,100000.0,0.0,5
1756324800000,100000.0,0.0,5
1756328400000,100000.0,0.0,5
1756332000000,100000.0,0.0,5
1756335600000,100000.0,0.0,5
1756339200000,100000.0,0.0,5
1756342800000,100000.0,0.0,5
1756346400000,100000.0,0.0,5
1756350000000,100000.0,0.0,5
1756353600000,100000.0,0.0,5
1756357200000,100000.0,0.0,5
1756360800000,100000.0,0.0,5
1756364400000,100000.0,0.0,5
1756368000000,100000.0,0.0,5
1756371600000,100000.0,0.0,5
1756375200000,100000.0,0.0,5
1756378800000,100000.0,0.0,5
1756382400000,100000.0,0.0,5
1756386000000,100000.0,0.0,5
1756389600000,100000.0,0.0,5
1756393200000,100000.0,0.0,5
1756396800000,100000.0,0.0,5
1756400400000,100000.0,0.0,5
1756404000000,100000.0,0.0,5
1756407600000,100000.0,0.0,5
1756411200000,100000.0,0.0,5
1756414800000,100000.0,0.0,5
1756418400000,100000.0,0.0,5
1756422000000,100000.0,0.0,5
1756425600000,100000.0,0.0,5
1756429200000,100000.0,0.0,5
1756432800000,100000.0,0.0,5
1756436400000,100000.0,0.0,5
1756440000000,100000.0,0.0,5
1756443600000,100000.0,0.0,5
1756447200000,100000.0,0.0,5
1756450800000,100000.0,0.0,5
1756454400000,100000.0,0.0,5
1756458000000,100000.0,0.0,5
1756461600000,100000.0,0.0,5
1756465200000,100000.0,0.0,5
1756468800000,100000.0,0.0,5
1756472400000,100000.0,0.0,5
1756476000000,100000.0,0.0,5
1756479600000,100000.0,0.0,5
1756483200000,100000.0,0.0,5
1756486800000,100000.0,0.0,5
1756490400000,100000.0,0.0,5
1756494000000,100000.0,0.0,5
1756497600000,100000.0,0.0,5
1756501200000,100000.0,0.0,5
1756504800000,100000.0,0.0,5
1756508400000,100000.0,0.0,5
1756512000000,100000.0,0.0,5
1756515600000,100000.0,0.0,5
1756519200000,100000.0,0.0,5
1756522800000,100000.0,0.0,5
1756526400000,100000.0,0.0,5
1756530000000,100000.0,0.0,5
1756533600000,100000.0,0.0,5
1756537200000,100000.0,0.0,5
1756540800000,100000.0,0.0,5
1756544400000,100000.0,0.0,5
1756548000000,100000.0,0.0,5
1756551600000,100000.0,0.0,5
1756555200000,100000.0,0.0,5
1756558800000,100000.0,0.0,5
1756562400000,100000.0,0.0,5
1756566000000,100000.0,0.0,5
1756569600000,100000.0,0.0,5
1756573200000,100000.0,0.0,5
1756576800000,100000.0,0.0,5
1756580400000,100000.0,0.0,5
1756584000000,100000.0,0.0,5
1756587600000,100000.0,0.0,5
1756591200000,100000.0,0.0,5
1756594800000,100000.0,0.0,5
1756598400000,100000.0,0.0,5
1756602000000,100000.0,0.0,5
1756605600000,100000.0,0.0,5
1756609200000,100000.0,0.0,5
1756612800000,100000.0,0.0,5
1756616400000,100000.0,0.0,5
1756620000000,100000.0,0.0,5
1756623600000,100000.0,0.0,5
1756627200000,100000.0,0.0,5
1756630800000,100000.0,0.0,5
1756634400000,100000.0,0.0,5
1756638000000,100000.0,0.0,5
1756641600000,100000.0,0.0,5
1756645200000,100000.0,0.0,5
1756648800000,100000.0,0.0,5
1756652400000,100000.0,0.0,5
1756656000000,100000.0,0.0,5
1756659600000,100000.0,0.0,5
1756663200000,100000.0,0.0,5
1756666800000,100000.0,0.0,5
1756670400000,100000.0,0.0,5
1756674000000,100000.0,0.0,5
1756677600000,100000.0,0.0,5
1756681200000,100000.0,0.0,5
1756684800000,100000.0,0.0,5
1756688400000,100000.0,0.0,5
1756692000000,100000.0,0.0,5
1756695600000,100000.0,0.0,5
1756699200000,100000.0,0.0,5
1756702800000,100000.0,0.0,5
1756706400000,100000.0,0.0,5
1756710000000,100000.0,0.0,5
1756713600000,100000.0,0.0,5
1756717200000,100000.0,0.0,5
1756720800000,100000.0,0.0,5
1756724400000,100000.0,0.0,5
1756728000000,100000.0,0.0,5
1756731600000,100000.0,0.0,5
1756735200000,100000.0,0.0,5
1756738800000,100000.0,0.0,5
1756742400000,100000.0,0.0,5
1756746000000,100000.0,0.0,5
1756749600000,100000.0,0.0,5
1756753200000,100000.0,0.0,5
1756756800000,100000.0,0.0,5
1756760400000,100000.0,0.0,5
1756764000000,100000.0,0.0,5
1756767600000,100000.0,0.0,5
1756771200000,100000.0,0.0,5
1756774800000,100000.0,0.0,5
1756778400000,100000.0,0.0,5
1756782000000,100000.0,0.0,5
1756785600000,100000.0,0.0,5
1756789200000,100000.0,0.0,5
1756792800000,100000.0,0.0,5
1756796400000,100000.0,0.0,5
1756800000000,100000.0,0.0,5
1756803600000,100000.0,0.0,5
1756807200000,100000.0,0.0,5
1756810800000,100000.0,0.0,5
1756814400000,100000.0,0.0,5
1756818000000,100000.0,0.0,5
1756821600000,100000.0,0.0,5
1756825200000,100000.0,0.0,5
1756828800000,100000.0,0.0,5
1756832400000,100000.0,0.0,5
1756836000000,100000.0,0.0,5
1756839600000,100000.0,0.0,5
1756843200000,100000.0,0.0,5
1756846800000,100000.0,0.0,5
1756850400000,100000.0,0.0,5
1756854000000,100000.0,0.0,5
1756857600000,100000.0,0.0,5
1756861200000,100000.0,0.0,5
1756864800000,100000.0,0.0,5
1756868400000,100000.0,0.0,5
1756872000000,100000.0,0.0,5
1756875600000,100000.0,0.0,5
1756879200000,100000.0,0.0,5
1756882800000,100000.0,0.0,5
1756886400000,100000.0,0.0,5
1756890000000,100000.0,0.0,5
1756893600000,100000.0,0.0,5
1756897200000,100000.0,0.0,5
1756900800000,100000.0,0.0,5
1756904400000,100000.0,0.0,5
1756908000000,100000.0,0.0,5
1756911600000,100000.0,0.0,5
1756915200000,100000.0,0.0,5
1756918800000,100000.0,0.0,5
1756922400000,100000.0,0.0,5
1756926000000,100000.0,0.0,5
1756929600000,100000.0,0.0,5
1756933200000,100000.0,0.0,5
1756936800000,100000.0,0.0,5
1756940400000,100000.0,0.0,5
1756944000000,100000.0,0.0,5
1756947600000,100000.0,0.0,5
1756951200000,100000.0,0.0,5
1756954800000,100000.0,0.0,5
1756958400000,100000.0,0.0,5
1756962000000,100000.0,0.0,5
1756965600000,100000.0,0.0,5
1756969200000,100000.0,0.0,5
1756972800000,100000.0,0.0,5
1756976400000,100000.0,0.0,5
1756980000000,100000.0,0.0,5
1756983600000,100000.0,0.0,5
1756987200000,100000.0,0.0,5
1756990800000,100000.0,0.0,5
1756994400000,100000.0,0.0,5
1756998000000,100000.0,0.0,5
1757001600000,100000.0,0.0,5
1757005200000,100000.0,0.0,5
1757008800000,100000.0,0.0,5
1757012400000,100000.0,0.0,5
1757016000000,100000.0,0.0,5
1757019600000,100000.0,0.0,5
1757023200000,100000.0,0.0,5
1757026800000,100000.0,0.0,5
1757030400000,100000.0,0.0,5
1757034000000,100000.0,0.0,5
1757037600000,100000.0,0.0,5
1757041200000,100000.0,0.0,5
1757044800000,100000.0,0.0,5
1757048400000,100000.0,0.0,5
1757052000000,100000.0,0.0,5
1757055600000,100000.0,0.0,5
1757059200000,100000.0,0.0,5
1757062800000,100000.0,0.0,5
1757066400000,100000.0,0.0,5
1757070000000,100000.0,0.0,5
1757073600000,100000.0,0.0,5
1757077200000,100000.0,0.0,5
1757080800000,100000.0,0.0,5
1757084400000,100000.0,0.0,5
1757088000000,100000.0,0.0,5
1757091600000,100000.0,0.0,5
1757095200000,100000.0,0.0,5
1757098800000,100000.0,0.0,5
1757102400000,100000.0,0.0,5
1757106000000,100000.0,0.0,5
1757109600000,100000.0,0.0,5
1757113200000,100000.0,0.0,5
1757116800000,100000.0,0.0,5
1757120400000,100000.0,0.0,5
1757124000000,100000.0,0.0,5
1757127600000,100000.0,0.0,5
1757131200000,100000.0,0.0,5
1757134800000,100000.0,0.0,5
1757138400000,100000.0,0.0,5
1757142000000,100000.0,0.0,5
1757145600000,100000.0,0.0,5
1757149200000,100000.0,0.0,5
1757152800000,100000.0,0.0,5
1757156400000,100000.0,0.0,5
1757160000000,100000.0,0.0,5
1757163600000,100000.0,0.0,5
1757167200000,100000.0,0.0,5
1757170800000,100000.0,0.0,5
1757174400000,100000.0,0.0,5
1757178000000,100000.0,0.0,5
1757181600000,100000.0,0.0,5
1757185200000,100000.0,0.0,5
1757188800000,100000.0,0.0,5
1757192400000,100000.0,0.0,5
1757196000000,100000.0,0.0,5
1757199600000,100000.0,0.0,5
1757203200000,100000.0,0.0,5
1757206800000,100000.0,0.0,5
1757210400000,100000.0,0.0,5
1757214000000,100000.0,0.0,5
1757217600000,100000.0,0.0,5
1757221200000,100000.0,0.0,5
1757224800000,100000.0,0.0,5
1757228400000,100000.0,0.0,5
1757232000000,100000.0,0.0,5
1757235600000,100000.0,0.0,5
1757239200000,100000.0,0.0,5
1757242800000,100000.0,0.0,5
1757246400000,100000.0,0.0,5
1757250000000,100000.0,0.0,5
1757253600000,100000.0,0.0,5
1757257200000,100000.0,0.0,5
1757260800000,100000.0,0.0,5
1757264400000,100000.0,0.0,5
1757268000000,100000.0,0.0,5
1757271600000,100000.0,0.0,5
1757275200000,100000.0,0.0,5
1757278800000,100000.0,0.0,5
1757282400000,100000.0,0.0,5
1757286000000,100000.0,0.0,5
1757289600000,100000.0,0.0,5
1757293200000,100000.0,0.0,5
1757296800000,100000.0,0.0,5
1757300400000,100000.0,0.0,5
1757304000000,100000.0,0.0,5
1757307600000,100000.0,0.0,5
1757311200000,100000.0,0.0,5
1757314800000,100000.0,0.0,5
1757318400000,100000.0,0.0,5
1757322000000,100000.0,0.0,5
1757325600000,100000.0,0.0,5
1757329200000,100000.0,0.0,5
1757332800000,100000.0,0.0,5
1757336400000,100000.0,0.0,5
1757340000000,100000.0,0.0,5
1757343600000,100000.0,0.0,5
1757347200000,100000.0,0.0,5
1757350800000,100000.0,0.0,5
1757354400000,100000.0,0.0,5
1757358000000,100000.0,0.0,5
1757361600000,100000.0,0.0,5
1757365200000,100000.0,0.0,5
1757368800000,100000.0,0.0,5
1757372400000,100000.0,0.0,5
1757376000000,100000.0,0.0,5
1757376000000,100000.0,0.0,6
1757379600000,100000.0,0.0,6
1757383200000,100000.0,0.0,6
1757386800000,100000.0,0.0,6
1757390400000,100000.0,0.0,6
1757394000000,100000.0,0.0,6
1757397600000,100000.0,0.0,6
1757401200000,100000.0,0.0,6
1757404800000,100000.0,0.0,6
1757408400000,100000.0,0.0,6
1757412000000,100000.0,0.0,6
1757415600000,100000.0,0.0,6
1757419200000,100000.0,0.0,6
1757422800000,100000.0,0.0,6
1757426400000,100000.0,0.0,6
1757430000000,100000.0,0.0,6
1757433600000,100000.0,0.0,6
1757437200000,100000.0,0.0,6
1757440800000,100000.0,0.0,6
1757444400000,100000.0,0.0,6
1757448000000,100000.0,0.0,6
1757451600000,100000.0,0.0,6
1757455200000,100000.0,0.0,6
1757458800000,100000.0,0.0,6
1757462400000,100000.0,0.0,6
1757466000000,100000.0,0.0,6
1757469600000,100000.0,0.0,6
1757473200000,100000.0,0.0,6
1757476800000,100000.0,0.0,6
1757480400000,100000.0,0.0,6
1757484000000,100000.0,0.0,6
1757487600000,100000.0,0.0,6
1757491200000,100000.0,0.0,6
1757494800000,100000.0,0.0,6
1757498400000,100000.0,0.0,6
1757502000000,100000.0,0.0,6
1757505600000,100000.0,0.0,6
1757509200000,100000.0,0.0,6
1757512800000,100000.0,0.0,6
1757516400000,100000.0,0.0,6
1757520000000,100000.0,0.0,6
1757523600000,100000.0,0.0,6
1757527200000,100000.0,0.0,6
1757530800000,100000.0,0.0,6
1757534400000,100000.0,0.0,6
1757538000000,100000.0,0.0,6
1757541600000,100000.0,0.0,6
1757545200000,100000.0,0.0,6
1757548800000,100000.0,0.0,6
1757552400000,99962.09055034124,0.06225656744426226,6
1757556000000,99964.45322998537,0.062255095997964485,6
1757559600000,99956.67028527528,0.062259943378021175,6
1757563200000,99986.75970544912,0.062241207241338484,6
1757566800000,99987.17664891573,0.06224094769740912,6
1757570400000,99996.83583922558,0.06223493553558591,6
1757574000000,100001.83916082492,0.06223182177888091,6
1757577600000,100000.86629273617,0.062232427207171266,6
1757581200000,100010.87293593485,0.06222620050725186,6
1757584800000,100022.61684357777,0.06221889437215174,6
1757588400000,100026.2998441995,0.0622166034523935,6
1757592000000,100018.16944660057,0.062221660990700006,6
1757595600000,100030.74724117671,0.06221383728357284,6
1757599200000,100032.5539961987,0.062212713597747986,6
1757602800000,100018.3084277561,0.062221574530146144,6
1757606400000,99978.1428738058,0.06224657163388128,6
1757610000000,99986.8291960269,0.062241163983866594,6
1757613600000,100007.25942589088,0.0622284488940372,6
1757617200000,99989.2613662488,0.06223965001023033,6
1757620800000,100002.46457602485,0.06223143258120038,6
1757624400000,100005.80012375774,0.062229356942451394,6
1757628000000,100003.02050064699,0.06223108663179336,6
1757631600000,100036.09801566489,0.06221050956268056,6
1757635200000,100043.88096037498,0.0,6
1757638800000,100043.88096037498,0.0,6
1757642400000,100043.88096037498,0.0,6
1757646000000,100043.88096037498,0.0,6
1757649600000,100043.88096037498,0.0,6
1757653200000,100043.88096037498,0.0,6
1757656800000,100043.88096037498,0.0,6
1757660400000,100043.88096037498,0.0,6
1757664000000,100043.88096037498,0.0,6
1757667600000,100043.88096037498,0.0,6
1757671200000,100043.88096037498,0.0,6
1757674800000,100043.88096037498,0.0,6
1757678400000,100043.88096037498,0.0,6
1757682000000,100043.88096037498,0.0,6
1757685600000,100043.88096037498,0.0,6
1757689200000,100043.88096037498,0.0,6
1757692800000,100043.88096037498,0.0,6
1757696400000,100043.88096037498,0.0,6
1757700000000,100043.88096037498,0.0,6
1757703600000,100043.88096037498,0.0,6
1757707200000,100043.88096037498,0.0,6
1757710800000,100043.88096037498,0.0,6
1757714400000,100043.88096037498,0.0,6
1757718000000,100043.88096037498,0.0,6
1757721600000,100043.88096037498,0.0,6
1757725200000,100043.88096037498,0.0,6
1757728800000,100043.88096037498,0.0,6
1757732400000,100043.88096037498,0.0,6
1757736000000,100043.88096037498,0.0,6
1757739600000,100043.88096037498,0.0,6
1757743200000,100043.88096037498,0.0,6
1757746800000,100043.88096037498,0.0,6
1757750400000,100043.88096037498,0.0,6
1757754000000,100043.88096037498,0.0,6
1757757600000,100043.88096037498,0.0,6
1757761200000,100043.88096037498,0.0,6
1757764800000,100043.88096037498,0.0,6
1757768400000,100043.88096037498,0.0,6
1757772000000,100043.88096037498,0.0,6
1757775600000,100043.88096037498,0.0,6
1757779200000,100043.88096037498,0.0,6
1757782800000,100043.88096037498,0.0,6
1757786400000,100043.88096037498,0.0,6
1757790000000,100043.88096037498,0.0,6
1757793600000,100043.88096037498,0.0,6
1757797200000,100043.88096037498,0.0,6
1757800800000,100043.88096037498,0.0,6
1757804400000,100043.88096037498,0.0,6
1757808000000,100043.88096037498,0.0,6
1757811600000,100043.88096037498,0.0,6
1757815200000,100043.88096037498,0.0,6
1757818800000,100043.88096037498,0.0,6
1757822400000,100043.88096037498,0.0,6
1757826000000,100043.88096037498,0.0,6
1757829600000,100043.88096037498,0.0,6
1757833200000,100043.88096037498,0.0,6
1757836800000,100043.88096037498,0.0,6
1757840400000,100043.88096037498,0.0,6
1757844000000,100043.88096037498,0.0,6
1757847600000,100043.88096037498,0.0,6
1757851200000,100043.88096037498,0.0,6
1757854800000,100043.88096037498,0.0,6
1757858400000,100043.88096037498,0.0,6
1757862000000,100043.88096037498,0.0,6
1757865600000,100043.88096037498,0.0,6
1757869200000,100043.88096037498,0.0,6
1757872800000,100043.88096037498,0.0,6
1757876400000,100043.88096037498,0.0,6
1757880000000,100043.88096037498,0.0,6
1757883600000,100043.88096037498,0.0,6
1757887200000,100043.88096037498,0.0,6
1757890800000,100043.88096037498,0.0,6
1757894400000,100043.88096037498,0.0,6
1757898000000,100043.88096037498,0.0,6
1757901600000,100043.88096037498,0.0,6
1757905200000,100043.88096037498,0.0,6
1757908800000,100043.88096037498,0.0,6
1757912400000,100043.88096037498,0.0,6
1757916000000,100043.88096037498,0.0,6
1757919600000,99975.07816016988,0.06361169652751138,6
1757923200000,99951.90992055269,0.06362644132857398,6
1757926800000,99897.19452600184,0.0,6
1757930400000,99897.19452600184,0.0,6
1757934000000,99897.19452600184,0.0,6
1757937600000,99897.19452600184,0.0,6
1757941200000,99897.19452600184,0.0,6
1757944800000,99897.19452600184,0.0,6
1757948400000,99897.19452600184,0.0,6
1757952000000,99897.19452600184,0.0,6
1757955600000,99897.19452600184,0.0,6
1757959200000,99897.19452600184,0.0,6
1757962800000,99897.19452600184,0.0,6
1757966400000,99897.19452600184,0.0,6
1757970000000,99897.19452600184,0.0,6
1757973600000,99897.19452600184,0.0,6
1757977200000,99897.19452600184,0.0,6
1757980800000,99897.19452600184,0.0,6
1757984400000,99897.19452600184,0.0,6
1757988000000,99897.19452600184,0.0,6
1757991600000,99897.19452600184,0.0,6
1757995200000,99897.19452600184,0.0,6
1757998800000,99897.19452600184,0.0,6
1758002400000,99897.19452600184,0.0,6
1758006000000,99897.19452600184,0.0,6
1758009600000,99897.19452600184,0.0,6
1758013200000,99897.19452600184,0.0,6
1758016800000,99897.19452600184,0.0,6
1758020400000,99897.19452600184,0.0,6
1758024000000,99897.19452600184,0.0,6
1758027600000,99897.19452600184,0.0,6
1758031200000,99897.19452600184,0.0,6
1758034800000,99897.19452600184,0.0,6
1758038400000,99897.19452600184,0.0,6
1758042000000,99897.19452600184,0.0,6
1758045600000,99897.19452600184,0.0,6
1758049200000,99897.19452600184,0.0,6
1758052800000,99897.19452600184,0.0,6
1758056400000,99897.19452600184,0.0,6
1758060000000,99897.19452600184,0.0,6
1758063600000,99897.19452600184,0.0,6
1758067200000,99897.19452600184,0.0,6
1758070800000,99897.19452600184,0.0,6
1758074400000,99897.19452600184,0.0,6
1758078000000,99897.19452600184,0.0,6
1758081600000,99897.19452600184,0.0,6
1758085200000,99897.19452600184,0.0,6
1758088800000,99897.19452600184,0.0,6
1758092400000,99897.19452600184,0.0,6
1758096000000,99897.19452600184,0.0,6
1758099600000,99897.19452600184,0.0,6
1758103200000,99897.19452600184,0.0,6
1758106800000,99897.19452600184,0.0,6
1758110400000,99897.19452600184,0.0,6
1758114000000,99897.19452600184,0.0,6
1758117600000,99897.19452600184,0.0,6
1758121200000,99897.19452600184,0.0,6
1758124800000,99897.19452600184,0.0,6
1758128400000,99897.19452600184,0.0,6
1758132000000,99897.19452600184,0.0,6
1758135600000,99897.19452600184,0.0,6
1758139200000,99897.19452600184,0.0,6
1758142800000,99897.19452600184,0.0,6
1758146400000,99897.19452600184,0.0,6
1758150000000,99897.19452600184,0.0,6
1758153600000,99897.19452600184,0.0,6
1758157200000,99897.19452600184,0.0,6
1758160800000,99897.19452600184,0.0,6
1758164400000,99897.19452600184,0.0,6
1758168000000,99897.19452600184,0.0,6
1758171600000,99897.19452600184,0.0,6
1758175200000,99897.19452600184,0.0,6
1758178800000,99897.19452600184,0.0,6
1758182400000,99897.19452600184,0.0,6
1758186000000,99897.19452600184,0.0,6
1758189600000,99897.19452600184,0.0,6
1758193200000,99897.19452600184,0.0,6
1758196800000,99897.19452600184,0.0,6
1758200400000,99897.19452600184,0.0,6
1758204000000,99897.19452600184,0.0,6
1758207600000,99897.19452600184,0.0,6
1758211200000,99897.19452600184,0.0,6
1758214800000,99897.19452600184,0.0,6
1758218400000,99897.19452600184,0.0,6
1758222000000,99897.19452600184,0.0,6
1758225600000,99897.19452600184,0.0,6
1758229200000,99897.19452600184,0.0,6
1758232800000,99897.19452600184,0.0,6
1758236400000,99897.19452600184,0.0,6
1758240000000,99897.19452600184,0.0,6
1758243600000,99897.19452600184,0.0,6
1758247200000,99897.19452600184,0.0,6
1758250800000,99897.19452600184,0.0,6
1758254400000,99897.19452600184,0.0,6
1758258000000,99897.19452600184,0.0,6
1758261600000,99897.19452600184,0.0,6
1758265200000,99897.19452600184,0.0,6
1758268800000,99897.19452600184,0.0,6
1758272400000,99897.19452600184,0.0,6
1758276000000,99897.19452600184,0.0,6
1758279600000,99897.19452600184,0.0,6
1758283200000,99897.19452600184,0.0,6
1758286800000,99897.19452600184,0.0,6
1758290400000,99897.19452600184,0.0,6
1758294000000,99897.19452600184,0.0,6
1758297600000,99897.19452600184,0.0,6
1758301200000,99897.19452600184,0.0,6
1758304800000,99897.19452600184,0.0,6
1758308400000,99897.19452600184,0.0,6
1758312000000,99897.19452600184,0.0,6
1758315600000,99897.19452600184,0.0,6
1758319200000,99897.19452600184,0.0,6
1758322800000,99897.19452600184,0.0,6
1758326400000,99897.19452600184,0.0,6
1758330000000,99897.19452600184,0.0,6
1758333600000,99897.19452600184,0.0,6
1758337200000,99897.19452600184,0.0,6
1758340800000,99897.19452600184,0.0,6
1758344400000,99897.19452600184,0.0,6
1758348000000,99897.19452600184,0.0,6
1758351600000,99897.19452600184,0.0,6
1758355200000,99897.19452600184,0.0,6
1758358800000,99897.19452600184,0.0,6
1758362400000,99897.19452600184,0.0,6
1758366000000,99897.19452600184,0.0,6
1758369600000,99897.19452600184,0.0,6
1758373200000,99897.19452600184,0.0,6
1758376800000,99897.19452600184,0.0,6
1758380400000,99897.19452600184,0.0,6
1758384000000,99897.19452600184,0.0,6
1758387600000,99897.19452600184,0.0,6
1758391200000,99897.19452600184,0.0,6
1758394800000,99897.19452600184,0.0,6
1758398400000,99897.19452600184,0.0,6
1758402000000,99897.19452600184,0.0,6
1758405600000,99897.19452600184,0.0,6
1758409200000,99897.19452600184,0.0,6
1758412800000,99897.19452600184,0.0,6
1758416400000,99897.19452600184,0.0,6
1758420000000,99897.19452600184,0.0,6
1758423600000,99897.19452600184,0.0,6
1758427200000,99897.19452600184,0.0,6
1758430800000,99897.19452600184,0.0,6
1758434400000,99897.19452600184,0.0,6
1758438000000,99897.19452600184,0.0,6
1758441600000,99897.19452600184,0.0,6
1758445200000,99897.19452600184,0.0,6
1758448800000,99897.19452600184,0.0,6
1758452400000,99897.19452600184,0.0,6
1758456000000,99897.19452600184,0.0,6
1758459600000,99897.19452600184,0.0,6
1758463200000,99897.19452600184,0.0,6
1758466800000,99897.19452600184,0.0,6
1758470400000,99897.19452600184,0.0,6
1758474000000,99897.19452600184,0.0,6
1758477600000,99897.19452600184,0.0,6
1758481200000,99897.19452600184,0.0,6
1758484800000,99897.19452600184,0.0,6
1758488400000,99897.19452600184,0.0,6
1758492000000,99897.19452600184,0.0,6
1758495600000,99897.19452600184,0.0,6
1758499200000,99897.19452600184,0.0,6
1758502800000,99897.19452600184,0.0,6
1758506400000,99897.19452600184,0.0,6
1758510000000,99897.19452600184,0.0,6
1758513600000,99897.19452600184,0.0,6
1758517200000,99897.19452600184,0.0,6
1758520800000,99897.19452600184,0.0,6
1758524400000,99897.19452600184,0.0,6
1758528000000,99897.19452600184,0.0,6
1758531600000,99897.19452600184,0.0,6
1758535200000,99897.19452600184,0.0,6
1758538800000,99897.19452600184,0.0,6
1758542400000,99897.19452600184,0.0,6
1758546000000,99897.19452600184,0.0,6
1758549600000,99897.19452600184,0.0,6
1758553200000,99897.19452600184,0.0,6
1758556800000,99897.19452600184,0.0,6
1758560400000,99897.19452600184,0.0,6
1758564000000,99897.19452600184,0.0,6
1758567600000,99897.19452600184,0.0,6
1758571200000,99897.19452600184,0.0,6
1758574800000,99897.19452600184,0.0,6
1758578400000,99897.19452600184,0.0,6
1758582000000,99897.19452600184,0.0,6
1758585600000,99897.19452600184,0.0,6
1758585600000,100000.0,0.0,7
1758589200000,100000.0,0.0,7
1758592800000,100000.0,0.0,7
1758596400000,100000.0,0.0,7
1758600000000,100000.0,0.0,7
1758603600000,100000.0,0.0,7
1758607200000,100000.0,0.0,7
1758610800000,100000.0,0.0,7
1758614400000,100000.0,0.0,7
1758618000000,100000.0,0.0,7
1758621600000,100000.0,0.0,7
1758625200000,100000.0,0.0,7
1758628800000,100000.0,0.0,7
1758632400000,100000.0,0.0,7
1758636000000,100000.0,0.0,7
1758639600000,100000.0,0.0,7
1758643200000,100000.0,0.0,7
1758646800000,100000.0,0.0,7
1758650400000,100000.0,0.0,7
1758654000000,100000.0,0.0,7
1758657600000,100000.0,0.0,7
1758661200000,100000.0,0.0,7
1758664800000,100000.0,0.0,7
1758668400000,100000.0,0.0,7
1758672000000,100000.0,0.0,7
1758675600000,100000.0,0.0,7
1758679200000,100000.0,0.0,7
1758682800000,100000.0,0.0,7
1758686400000,100000.0,0.0,7
1758690000000,100000.0,0.0,7
1758693600000,100000.0,0.0,7
1758697200000,100000.0,0.0,7
1758700800000,100000.0,0.0,7
1758704400000,100000.0,0.0,7
1758708000000,100000.0,0.0,7
1758711600000,100000.0,0.0,7
1758715200000,100000.0,0.0,7
1758718800000,100000.0,0.0,7
1758722400000,100000.0,0.0,7
1758726000000,100000.0,0.0,7
1758729600000,100000.0,0.0,7
1758733200000,100000.0,0.0,7
1758736800000,100000.0,0.0,7
1758740400000,100000.0,0.0,7
1758744000000,100000.0,0.0,7
1758747600000,100000.0,0.0,7
1758751200000,100000.0,0.0,7
1758754800000,100000.0,0.0,7
1758758400000,100000.0,0.0,7
1758762000000,100000.0,0.0,7
1758765600000,100000.0,0.0,7
1758769200000,100000.0,0.0,7
1758772800000,100000.0,0.0,7
1758776400000,100000.0,0.0,7
1758780000000,100000.0,0.0,7
1758783600000,100000.0,0.0,7
1758787200000,100000.0,0.0,7
1758790800000,100000.0,0.0,7
1758794400000,100000.0,0.0,7
1758798000000,100000.0,0.0,7
1758801600000,100000.0,0.0,7
1758805200000,100000.0,0.0,7
1758808800000,100000.0,0.0,7
1758812400000,100000.0,0.0,7
1758816000000,100000.0,0.0,7
1758819600000,100000.0,0.0,7
1758823200000,100000.0,0.0,7
1758826800000,100000.0,0.0,7
1758830400000,100000.0,0.0,7
1758834000000,100000.0,0.0,7
1758837600000,100000.0,0.0,7
1758841200000,100000.0,0.0,7
1758844800000,100000.0,0.0,7
1758848400000,100000.0,0.0,7
1758852000000,100000.0,0.0,7
1758855600000,100000.0,0.0,7
1758859200000,100000.0,0.0,7
1758862800000,100000.0,0.0,7
1758866400000,100000.0,0.0,7
1758870000000,100000.0,0.0,7
1758873600000,100000.0,0.0,7
1758877200000,100000.0,0.0,7
1758880800000,100000.0,0.0,7
1758884400000,100000.0,0.0,7
1758888000000,100000.0,0.0,7
1758891600000,100000.0,0.0,7
1758895200000,100000.0,0.0,7
1758898800000,100000.0,0.0,7
1758902400000,100000.0,0.0,7
1758906000000,100000.0,0.0,7
1758909600000,100000.0,0.0,7
1758913200000,100000.0,0.0,7
1758916800000,100000.0,0.0,7
1758920400000,100000.0,0.0,7
1758924000000,100000.0,0.0,7
1758927600000,100000.0,0.0,7
1758931200000,100000.0,0.0,7
1758934800000,100000.0,0.0,7
1758938400000,100000.0,0.0,7
1758942000000,100000.0,0.0,7
1758945600000,100000.0,0.0,7
1758949200000,100000.0,0.0,7
1758952800000,100000.0,0.0,7
1758956400000,100000.0,0.0,7
1758960000000,100000.0,0.0,7
1758963600000,100000.0,0.0,7
1758967200000,100000.0,0.0,7
1758970800000,100000.0,0.0,7
1758974400000,100000.0,0.0,7
1758978000000,100000.0,0.0,7
1758981600000,100000.0,0.0,7
1758985200000,100000.0,0.0,7
1758988800000,100000.0,0.0,7
1758992400000,100000.0,0.0,7
1758996000000,100000.0,0.0,7
1758999600000,100000.0,0.0,7
1759003200000,100000.0,0.0,7
1759006800000,100000.0,0.0,7
1759010400000,100000.0,0.0,7
1759014000000,100000.0,0.0,7
1759017600000,100000.0,0.0,7
1759021200000,100000.0,0.0,7
1759024800000,100000.0,0.0,7
1759028400000,100000.0,0.0,7
1759032000000,100000.0,0.0,7
1759035600000,100000.0,0.0,7
1759039200000,100000.0,0.0,7
1759042800000,100000.0,0.0,7
1759046400000,100000.0,0.0,7
1759050000000,100000.0,0.0,7
1759053600000,100000.0,0.0,7
1759057200000,100000.0,0.0,7
1759060800000,100000.0,0.0,7
1759064400000,100000.0,0.0,7
1759068000000,100000.0,0.0,7
1759071600000,100000.0,0.0,7
1759075200000,100000.0,0.0,7
1759078800000,100000.0,0.0,7
1759082400000,100000.0,0.0,7
1759086000000,100000.0,0.0,7
1759089600000,100000.0,0.0,7
1759093200000,100000.0,0.0,7
1759096800000,100000.0,0.0,7
1759100400000,100000.0,0.0,7
1759104000000,100000.0,0.0,7
1759107600000,100000.0,0.0,7
1759111200000,100000.0,0.0,7
1759114800000,100000.0,0.0,7
1759118400000,100000.0,0.0,7
1759122000000,100000.0,0.0,7
1759125600000,100000.0,0.0,7
1759129200000,100000.0,0.0,7
1759132800000,100000.0,0.0,7
1759136400000,100000.0,0.0,7
1759140000000,100000.0,0.0,7
1759143600000,100000.0,0.0,7
1759147200000,100000.0,0.0,7
1759150800000,100000.0,0.0,7
1759154400000,100000.0,0.0,7
1759158000000,100000.0,0.0,7
1759161600000,100000.0,0.0,7
1759165200000,100000.0,0.0,7
1759168800000,100000.0,0.0,7
1759172400000,100000.0,0.0,7
1759176000000,100000.0,0.0,7
1759179600000,100000.0,0.0,7
1759183200000,100000.0,0.0,7
1759186800000,100000.0,0.0,7
1759190400000,100000.0,0.0,7
1759194000000,100000.0,0.0,7
1759197600000,100000.0,0.0,7
1759201200000,100000.0,0.0,7
1759204800000,100000.0,0.0,7
1759208400000,100000.0,0.0,7
1759212000000,100000.0,0.0,7
1759215600000,100000.0,0.0,7
1759219200000,100000.0,0.0,7
1759222800000,100000.0,0.0,7
1759226400000,100000.0,0.0,7
1759230000000,100000.0,0.0,7
1759233600000,100000.0,0.0,7
1759237200000,100000.0,0.0,7
1759240800000,100000.0,0.0,7
1759244400000,100000.0,0.0,7
1759248000000,100000.0,0.0,7
1759251600000,100000.0,0.0,7
1759255200000,100000.0,0.0,7
1759258800000,100000.0,0.0,7
1759262400000,100000.0,0.0,7
1759266000000,100000.0,0.0,7
1759269600000,100000.0,0.0,7
1759273200000,100000.0,0.0,7
1759276800000,100000.0,0.0,7
1759280400000,100000.0,0.0,7
1759284000000,100000.0,0.0,7
1759287600000,100000.0,0.0,7
1759291200000,100000.0,0.0,7
1759294800000,100000.0,0.0,7
1759298400000,100000.0,0.0,7
1759302000000,100000.0,0.0,7
1759305600000,100000.0,0.0,7
1759309200000,100000.0,0.0,7
1759312800000,100000.0,0.0,7
1759316400000,100000.0,0.0,7
1759320000000,100000.0,0.0,7
1759323600000,100000.0,0.0,7
1759327200000,100000.0,0.0,7
1759330800000,100000.0,0.0,7
1759334400000,100000.0,0.0,7
1759338000000,100000.0,0.0,7
1759341600000,100000.0,0.0,7
1759345200000,100000.0,0.0,7
1759348800000,100000.0,0.0,7
1759352400000,100000.0,0.0,7
1759356000000,100000.0,0.0,7
1759359600000,100000.0,0.0,7
1759363200000,100000.0,0.0,7
1759366800000,100000.0,0.0,7
1759370400000,100000.0,0.0,7
1759374000000,100000.0,0.0,7
1759377600000,100000.0,0.0,7
1759381200000,100000.0,0.0,7
1759384800000,100000.0,0.0,7
1759388400000,100000.0,0.0,7
1759392000000,100000.0,0.0,7
1759395600000,100000.0,0.0,7
1759399200000,100000.0,0.0,7
1759402800000,100000.0,0.0,7
1759406400000,100000.0,0.0,7
1759410000000,100000.0,0.0,7
1759413600000,100000.0,0.0,7
1759417200000,100000.0,0.0,7
1759420800000,100000.0,0.0,7
1759424400000,100000.0,0.0,7
1759428000000,100000.0,0.0,7
1759431600000,100000.0,0.0,7
1759435200000,100000.0,0.0,7
1759438800000,100000.0,0.0,7
1759442400000,100000.0,0.0,7
1759446000000,100000.0,0.0,7
1759449600000,100000.0,0.0,7
1759453200000,100000.0,0.0,7
1759456800000,100000.0,0.0,7
1759460400000,100000.0,0.0,7
1759464000000,100000.0,0.0,7
1759467600000,100000.0,0.0,7
1759471200000,100000.0,0.0,7
1759474800000,100000.0,0.0,7
1759478400000,100000.0,0.0,7
1759482000000,100000.0,0.0,7
1759485600000,100000.0,0.0,7
1759489200000,100000.0,0.0,7
1759492800000,100000.0,0.0,7
1759496400000,100000.0,0.0,7
1759500000000,100000.0,0.0,7
1759503600000,100000.0,0.0,7
1759507200000,100000.0,0.0,7
1759510800000,100000.0,0.0,7
1759514400000,100000.0,0.0,7
1759518000000,100000.0,0.0,7
1759521600000,100000.0,0.0,7
1759525200000,100000.0,0.0,7
1759528800000,100000.0,0.0,7
1759532400000,100000.0,0.0,7
1759536000000,100000.0,0.0,7
1759539600000,100000.0,0.0,7
1759543200000,100000.0,0.0,7
1759546800000,100000.0,0.0,7
1759550400000,100000.0,0.0,7
1759554000000,100000.0,0.0,7
1759557600000,100000.0,0.0,7
1759561200000,100000.0,0.0,7
1759564800000,100000.0,0.0,7
1759568400000,100000.0,0.0,7
1759572000000,100000.0,0.0,7
1759575600000,100000.0,0.0,7
1759579200000,100000.0,0.0,7
1759582800000,100000.0,0.0,7
1759586400000,100000.0,0.0,7
1759590000000,100000.0,0.0,7
1759593600000,100000.0,0.0,7
1759597200000,100000.0,0.0,7
1759600800000,100000.0,0.0,7
1759604400000,100000.0,0.0,7
1759608000000,100000.0,0.0,7
1759611600000,100000.0,0.0,7
1759615200000,100000.0,0.0,7
1759618800000,100000.0,0.0,7
1759622400000,100000.0,0.0,7
1759626000000,100000.0,0.0,7
1759629600000,100000.0,0.0,7
1759633200000,100000.0,0.0,7
1759636800000,100000.0,0.0,7
1759640400000,100000.0,0.0,7
1759644000000,100000.0,0.0,7
1759647600000,100000.0,0.0,7
1759651200000,100000.0,0.0,7
1759654800000,100000.0,0.0,7
1759658400000,100000.0,0.0,7
1759662000000,100000.0,0.0,7
1759665600000,100000.0,0.0,7
1759669200000,100000.0,0.0,7
1759672800000,100000.0,0.0,7
1759676400000,100000.0,0.0,7
1759680000000,100000.0,0.0,7
1759683600000,100000.0,0.0,7
1759687200000,100000.0,0.0,7
1759690800000,100000.0,0.0,7
1759694400000,100000.0,0.0,7
1759698000000,100000.0,0.0,7
1759701600000,100000.0,0.0,7
1759705200000,100000.0,0.0,7
1759708800000,100000.0,0.0,7
1759712400000,100000.0,0.0,7
1759716000000,100000.0,0.0,7
1759719600000,100000.0,0.0,7
1759723200000,100000.0,0.0,7
1759726800000,100000.0,0.0,7
1759730400000,100000.0,0.0,7
1759734000000,100000.0,0.0,7
1759737600000,100000.0,0.0,7
1759741200000,100000.0,0.0,7
1759744800000,100000.0,0.0,7
1759748400000,100000.0,0.0,7
1759752000000,100000.0,0.0,7
1759755600000,100000.0,0.0,7
1759759200000,100000.0,0.0,7
1759762800000,100000.0,0.0,7
1759766400000,100000.0,0.0,7
1759770000000,100000.0,0.0,7
1759773600000,100000.0,0.0,7
1759777200000,100000.0,0.0,7
1759780800000,100000.0,0.0,7
1759784400000,100000.0,0.0,7
1759788000000,100000.0,0.0,7
1759791600000,100000.0,0.0,7
1759795200000,100000.0,0.0,7
1759795200000,100000.0,0.0,8
1759798800000,100000.0,0.0,8
1759802400000,100000.0,0.0,8
1759806000000,100000.0,0.0,8
1759809600000,100000.0,0.0,8
1759813200000,100000.0,0.0,8
1759816800000,100000.0,0.0,8
1759820400000,100000.0,0.0,8
1759824000000,100000.0,0.0,8
1759827600000,100000.0,0.0,8
1759831200000,100000.0,0.0,8
1759834800000,100000.0,0.0,8
1759838400000,100000.0,0.0,8
1759842000000,100000.0,0.0,8
1759845600000,100000.0,0.0,8
1759849200000,100000.0,0.0,8
1759852800000,100000.0,0.0,8
1759856400000,100000.0,0.0,8
1759860000000,100000.0,0.0,8
1759863600000,100000.0,0.0,8
1759867200000,100000.0,0.0,8
1759870800000,100000.0,0.0,8
1759874400000,100000.0,0.0,8
1759878000000,100000.0,0.0,8
1759881600000,100000.0,0.0,8
1759885200000,100000.0,0.0,8
1759888800000,100000.0,0.0,8
1759892400000,100000.0,0.0,8
1759896000000,100000.0,0.0,8
1759899600000,100000.0,0.0,8
1759903200000,100000.0,0.0,8
1759906800000,100000.0,0.0,8
1759910400000,100000.0,0.0,8
1759914000000,100000.0,0.0,8
1759917600000,100000.0,0.0,8
1759921200000,100000.0,0.0,8
1759924800000,100000.0,0.0,8
1759928400000,100000.0,0.0,8
1759932000000,100000.0,0.0,8
1759935600000,100000.0,0.0,8
1759939200000,100000.0,0.0,8
1759942800000,100000.0,0.0,8
1759946400000,100000.0,0.0,8
1759950000000,100000.0,0.0,8
1759953600000,100000.0,0.0,8
1759957200000,100000.0,0.0,8
1759960800000,100000.0,0.0,8
1759964400000,100000.0,0.0,8
1759968000000,100000.0,0.0,8
1759971600000,100000.0,0.0,8
1759975200000,100000.0,0.0,8
1759978800000,100000.0,0.0,8
1759982400000,100000.0,0.0,8
1759986000000,100000.0,0.0,8
1759989600000,100000.0,0.0,8
1759993200000,100000.0,0.0,8
1759996800000,100000.0,0.0,8
1760000400000,100000.0,0.0,8
1760004000000,100000.0,0.0,8
1760007600000,100000.0,0.0,8
1760011200000,100000.0,0.0,8
1760014800000,100000.0,0.0,8
1760018400000,100000.0,0.0,8
1760022000000,100000.0,0.0,8
1760025600000,100000.0,0.0,8
1760029200000,100000.0,0.0,8
1760032800000,100000.0,0.0,8
1760036400000,100000.0,0.0,8
1760040000000,100000.0,0.0,8
1760043600000,100000.0,0.0,8
1760047200000,100000.0,0.0,8
1760050800000,100000.0,0.0,8
1760054400000,100000.0,0.0,8
1760058000000,100000.0,0.0,8
1760061600000,100000.0,0.0,8
1760065200000,100000.0,0.0,8
1760068800000,100000.0,0.0,8
1760072400000,100000.0,0.0,8
1760076000000,100000.0,0.0,8
1760079600000,100000.0,0.0,8
1760083200000,100000.0,0.0,8
1760086800000,100000.0,0.0,8
1760090400000,100000.0,0.0,8
1760094000000,100000.0,0.0,8
1760097600000,100000.0,0.0,8
1760101200000,100000.0,0.0,8
1760104800000,100000.0,0.0,8
1760108400000,100000.0,0.0,8
1760112000000,100000.0,0.0,8
1760115600000,100000.0,0.0,8
1760119200000,100000.0,0.0,8
1760122800000,100000.0,0.0,8
1760126400000,100000.0,0.0,8
1760130000000,100000.0,0.0,8
1760133600000,100000.0,0.0,8
1760137200000,100000.0,0.0,8
1760140800000,100000.0,0.0,8
1760144400000,100000.0,0.0,8
1760148000000,100000.0,0.0,8
1760151600000,100000.0,0.0,8
1760155200000,100000.0,0.0,8
1760158800000,100000.0,0.0,8
1760162400000,100000.0,0.0,8
1760166000000,100000.0,0.0,8
1760169600000,100000.0,0.0,8
1760173200000,100000.0,0.0,8
1760176800000,100000.0,0.0,8
1760180400000,100000.0,0.0,8
1760184000000,100000.0,0.0,8
1760187600000,100000.0,0.0,8
1760191200000,100000.0,0.0,8
1760194800000,100000.0,0.0,8
1760198400000,100000.0,0.0,8
1760202000000,100000.0,0.0,8
1760205600000,100000.0,0.0,8
1760209200000,100000.0,0.0,8
1760212800000,100000.0,0.0,8
1760216400000,100000.0,0.0,8
1760220000000,100000.0,0.0,8
1760223600000,100000.0,0.0,8
1760227200000,100000.0,0.0,8
1760230800000,100000.0,0.0,8
1760234400000,100000.0,0.0,8
1760238000000,100000.0,0.0,8
1760241600000,100000.0,0.0,8
1760245200000,100000.0,0.0,8
1760248800000,100000.0,0.0,8
1760252400000,100000.0,0.0,8
1760256000000,100000.0,0.0,8
1760259600000,100000.0,0.0,8
1760263200000,100000.0,0.0,8
1760266800000,100000.0,0.0,8
1760270400000,100000.0,0.0,8
1760274000000,100000.0,0.0,8
1760277600000,100000.0,0.0,8
1760281200000,100000.0,0.0,8
1760284800000,100000.0,0.0,8
1760288400000,100000.0,0.0,8
1760292000000,100000.0,0.0,8
1760295600000,100000.0,0.0,8
1760299200000,100000.0,0.0,8
1760302800000,100000.0,0.0,8
1760306400000,100000.0,0.0,8
1760310000000,100000.0,0.0,8
1760313600000,100000.0,0.0,8
1760317200000,100000.0,0.0,8
1760320800000,100000.0,0.0,8
1760324400000,100000.0,0.0,8
1760328000000,100000.0,0.0,8
1760331600000,100000.0,0.0,8
1760335200000,100000.0,0.0,8
1760338800000,100000.0,0.0,8
1760342400000,100000.0,0.0,8
1760346000000,100000.0,0.0,8
1760349600000,100000.0,0.0,8
1760353200000,100000.0,0.0,8
1760356800000,100000.0,0.0,8
1760360400000,100000.0,0.0,8
1760364000000,100000.0,0.0,8
1760367600000,100000.0,0.0,8
1760371200000,100000.0,0.0,8
1760374800000,100000.0,0.0,8
1760378400000,100000.0,0.0,8
1760382000000,100000.0,0.0,8
1760385600000,100000.0,0.0,8
1760389200000,100000.0,0.0,8
1760392800000,100000.0,0.0,8
1760396400000,100000.0,0.0,8
1760400000000,100000.0,0.0,8
1760403600000,100000.0,0.0,8
1760407200000,100000.0,0.0,8
1760410800000,100000.0,0.0,8
1760414400000,100000.0,0.0,8
1760418000000,100000.0,0.0,8
1760421600000,100000.0,0.0,8
1760425200000,100000.0,0.0,8
1760428800000,100000.0,0.0,8
1760432400000,100000.0,0.0,8
1760436000000,100000.0,0.0,8
1760439600000,100000.0,0.0,8
1760443200000,100000.0,0.0,8
1760446800000,100000.0,0.0,8
1760450400000,100000.0,0.0,8
1760454000000,100000.0,0.0,8
1760457600000,100000.0,0.0,8
1760461200000,100000.0,0.0,8
1760464800000,100000.0,0.0,8
1760468400000,100000.0,0.0,8
1760472000000,100000.0,0.0,8
1760475600000,100000.0,0.0,8
1760479200000,100000.0,0.0,8
1760482800000,100000.0,0.0,8
1760486400000,100000.0,0.0,8
1760490000000,100000.0,0.0,8
1760493600000,100000.0,0.0,8
1760497200000,100000.0,0.0,8
1760500800000,100000.0,0.0,8
1760504400000,100000.0,0.0,8
1760508000000,100000.0,0.0,8
1760511600000,100000.0,0.0,8
1760515200000,100000.0,0.0,8
1760518800000,100000.0,0.0,8
1760522400000,100000.0,0.0,8
1760526000000,100000.0,0.0,8
1760529600000,100000.0,0.0,8
1760533200000,100000.0,0.0,8
1760536800000,100000.0,0.0,8
1760540400000,100000.0,0.0,8
1760544000000,100000.0,0.0,8
1760547600000,100000.0,0.0,8
1760551200000,100000.0,0.0,8
1760554800000,100000.0,0.0,8
1760558400000,100000.0,0.0,8
1760562000000,100000.0,0.0,8
1760565600000,100000.0,0.0,8
1760569200000,100000.0,0.0,8
1760572800000,100000.0,0.0,8
1760576400000,100000.0,0.0,8
1760580000000,100000.0,0.0,8
1760583600000,100000.0,0.0,8
1760587200000,100000.0,0.0,8
1760590800000,100000.0,0.0,8
1760594400000,100000.0,0.0,8
1760598000000,100000.0,0.0,8
1760601600000,100000.0,0.0,8
1760605200000,100000.0,0.0,8
1760608800000,100000.0,0.0,8
1760612400000,100000.0,0.0,8
1760616000000,100000.0,0.0,8
1760619600000,100000.0,0.0,8
1760623200000,100000.0,0.0,8
1760626800000,100000.0,0.0,8
1760630400000,100000.0,0.0,8
1760634000000,100000.0,0.0,8
1760637600000,100000.0,0.0,8
1760641200000,100000.0,0.0,8
1760644800000,100000.0,0.0,8
1760648400000,100000.0,0.0,8
1760652000000,100000.0,0.0,8
1760655600000,100000.0,0.0,8
1760659200000,100000.0,0.0,8
1760662800000,100000.0,0.0,8
1760666400000,100000.0,0.0,8
1760670000000,100000.0,0.0,8
1760673600000,100000.0,0.0,8
1760677200000,100000.0,0.0,8
1760680800000,100000.0,0.0,8
1760684400000,100000.0,0.0,8
1760688000000,100000.0,0.0,8
1760691600000,100000.0,0.0,8
1760695200000,100000.0,0.0,8
1760698800000,100000.0,0.0,8
1760702400000,100000.0,0.0,8
1760706000000,100000.0,0.0,8
1760709600000,100000.0,0.0,8
1760713200000,100000.0,0.0,8
1760716800000,100000.0,0.0,8
1760720400000,100000.0,0.0,8
1760724000000,100000.0,0.0,8
1760727600000,100000.0,0.0,8
1760731200000,100000.0,0.0,8
1760734800000,100000.0,0.0,8
1760738400000,100000.0,0.0,8
1760742000000,100000.0,0.0,8
1760745600000,100000.0,0.0,8
1760749200000,100000.0,0.0,8
1760752800000,100000.0,0.0,8
1760756400000,100000.0,0.0,8
1760760000000,100000.0,0.0,8
1760763600000,100000.0,0.0,8
1760767200000,100000.0,0.0,8
1760770800000,100000.0,0.0,8
1760774400000,100000.0,0.0,8
1760778000000,100000.0,0.0,8
1760781600000,100000.0,0.0,8
1760785200000,100000.0,0.0,8
1760788800000,100000.0,0.0,8
1760792400000,100000.0,0.0,8
1760796000000,100000.0,0.0,8
1760799600000,100000.0,0.0,8
1760803200000,100000.0,0.0,8
1760806800000,100000.0,0.0,8
1760810400000,100000.0,0.0,8
1760814000000,100000.0,0.0,8
1760817600000,100000.0,0.0,8
1760821200000,100000.0,0.0,8
1760824800000,100000.0,0.0,8
1760828400000,100000.0,0.0,8
1760832000000,100000.0,0.0,8
1760835600000,100000.0,0.0,8
1760839200000,100000.0,0.0,8
1760842800000,100000.0,0.0,8
1760846400000,100000.0,0.0,8
1760850000000,100000.0,0.0,8
1760853600000,100000.0,0.0,8
1760857200000,100000.0,0.0,8
1760860800000,100000.0,0.0,8
1760864400000,100000.0,0.0,8
1760868000000,100000.0,0.0,8
1760871600000,100000.0,0.0,8
1760875200000,100000.0,0.0,8
1760878800000,100000.0,0.0,8
1760882400000,100000.0,0.0,8
1760886000000,100000.0,0.0,8
1760889600000,100000.0,0.0,8
1760893200000,100000.0,0.0,8
1760896800000,100000.0,0.0,8
1760900400000,100000.0,0.0,8
1760904000000,100000.0,0.0,8
1760907600000,100000.0,0.0,8
1760911200000,100000.0,0.0,8
1760914800000,100000.0,0.0,8
1760918400000,100000.0,0.0,8
1760922000000,100000.0,0.0,8
1760925600000,100000.0,0.0,8
1760929200000,100000.0,0.0,8
1760932800000,100000.0,0.0,8
1760936400000,100000.0,0.0,8
1760940000000,100000.0,0.0,8
1760943600000,100000.0,0.0,8
1760947200000,100000.0,0.0,8
1760950800000,100000.0,0.0,8
1760954400000,100000.0,0.0,8
1760958000000,100000.0,0.0,8
1760961600000,100000.0,0.0,8
1760965200000,100000.0,0.0,8
1760968800000,100000.0,0.0,8
1760972400000,100000.0,0.0,8
1760976000000,100000.0,0.0,8
1760979600000,100000.0,0.0,8
1760983200000,100000.0,0.0,8
1760986800000,100000.0,0.0,8
1760990400000,100000.0,0.0,8
1760994000000,100000.0,0.0,8
1760997600000,100000.0,0.0,8
1761001200000,100000.0,0.0,8
1761004800000,100000.0,0.0,8
1761004800000,100000.0,0.0,9
1761008400000,100000.0,0.0,9
1761012000000,100000.0,0.0,9
1761015600000,100000.0,0.0,9
1761019200000,100000.0,0.0,9
1761022800000,100000.0,0.0,9
1761026400000,100000.0,0.0,9
1761030000000,100000.0,0.0,9
1761033600000,100000.0,0.0,9
1761037200000,100000.0,0.0,9
1761040800000,100000.0,0.0,9
1761044400000,100000.0,0.0,9
1761048000000,100000.0,0.0,9
1761051600000,100000.0,0.0,9
1761055200000,100000.0,0.0,9
1761058800000,100000.0,0.0,9
1761062400000,100000.0,0.0,9
1761066000000,100000.0,0.0,9
1761069600000,100000.0,0.0,9
1761073200000,100000.0,0.0,9
1761076800000,100000.0,0.0,9
1761080400000,100000.0,0.0,9
1761084000000,100000.0,0.0,9
1761087600000,100000.0,0.0,9
1761091200000,100000.0,0.0,9
1761094800000,100000.0,0.0,9
1761098400000,100000.0,0.0,9
1761102000000,100000.0,0.0,9
1761105600000,100000.0,0.0,9
1761109200000,100000.0,0.0,9
1761112800000,100000.0,0.0,9
1761116400000,100000.0,0.0,9
1761120000000,100000.0,0.0,9
1761123600000,100000.0,0.0,9
1761127200000,100000.0,0.0,9
1761130800000,100000.0,0.0,9
1761134400000,100000.0,0.0,9
1761138000000,100000.0,0.0,9
1761141600000,100000.0,0.0,9
1761145200000,100000.0,0.0,9
1761148800000,100000.0,0.0,9
1761152400000,100000.0,0.0,9
1761156000000,100000.0,0.0,9
1761159600000,100000.0,0.0,9
1761163200000,100000.0,0.0,9
1761166800000,100000.0,0.0,9
1761170400000,100000.0,0.0,9
1761174000000,100000.0,0.0,9
1761177600000,100000.0,0.0,9
1761181200000,100000.0,0.0,9
1761184800000,100000.0,0.0,9
1761188400000,100000.0,0.0,9
1761192000000,100000.0,0.0,9
1761195600000,100000.0,0.0,9
1761199200000,100000.0,0.0,9
1761202800000,100000.0,0.0,9
1761206400000,100000.0,0.0,9
1761210000000,100000.0,0.0,9
1761213600000,100000.0,0.0,9
1761217200000,100000.0,0.0,9
1761220800000,100000.0,0.0,9
1761224400000,100000.0,0.0,9
1761228000000,100000.0,0.0,9
1761231600000,100000.0,0.0,9
1761235200000,100000.0,0.0,9
1761238800000,100000.0,0.0,9
1761242400000,100000.0,0.0,9
1761246000000,100000.0,0.0,9
1761249600000,100000.0,0.0,9
1761253200000,100000.0,0.0,9
1761256800000,100000.0,0.0,9
1761260400000,100000.0,0.0,9
1761264000000,100000.0,0.0,9
1761267600000,100000.0,0.0,9
1761271200000,100000.0,0.0,9
1761274800000,100000.0,0.0,9
1761278400000,100000.0,0.0,9
1761282000000,100000.0,0.0,9
1761285600000,100000.0,0.0,9
1761289200000,100000.0,0.0,9
1761292800000,100000.0,0.0,9
1761296400000,100000.0,0.0,9
1761300000000,100000.0,0.0,9
1761303600000,100000.0,0.0,9
1761307200000,100000.0,0.0,9
1761310800000,100000.0,0.0,9
1761314400000,100000.0,0.0,9
1761318000000,100000.0,0.0,9
1761321600000,100000.0,0.0,9
1761325200000,100000.0,0.0,9
1761328800000,100000.0,0.0,9
1761332400000,100000.0,0.0,9
1761336000000,100000.0,0.0,9
1761339600000,100000.0,0.0,9
1761343200000,100000.0,0.0,9
1761346800000,100000.0,0.0,9
1761350400000,100000.0,0.0,9
1761354000000,100000.0,0.0,9
1761357600000,100000.0,0.0,9
1761361200000,100000.0,0.0,9
1761364800000,100000.0,0.0,9
1761368400000,100000.0,0.0,9
1761372000000,100000.0,0.0,9
1761375600000,100000.0,0.0,9
1761379200000,100000.0,0.0,9
1761382800000,100000.0,0.0,9
1761386400000,100000.0,0.0,9
1761390000000,100000.0,0.0,9
1761393600000,100000.0,0.0,9
1761397200000,100000.0,0.0,9
1761400800000,100000.0,0.0,9
1761404400000,100000.0,0.0,9
1761408000000,100000.0,0.0,9
1761411600000,100000.0,0.0,9
1761415200000,100000.0,0.0,9
1761418800000,100000.0,0.0,9
1761422400000,100000.0,0.0,9
1761426000000,100000.0,0.0,9
1761429600000,100000.0,0.0,9
1761433200000,100000.0,0.0,9
1761436800000,100000.0,0.0,9
1761440400000,100000.0,0.0,9
1761444000000,100000.0,0.0,9
1761447600000,100000.0,0.0,9
1761451200000,100000.0,0.0,9
1761454800000,100000.0,0.0,9
1761458400000,100000.0,0.0,9
1761462000000,100000.0,0.0,9
1761465600000,100000.0,0.0,9
1761469200000,100000.0,0.0,9
1761472800000,100000.0,0.0,9
1761476400000,100000.0,0.0,9
1761480000000,100000.0,0.0,9
1761483600000,100000.0,0.0,9
1761487200000,100000.0,0.0,9
1761490800000,100000.0,0.0,9
1761494400000,100000.0,0.0,9
1761498000000,100000.0,0.0,9
1761501600000,100000.0,0.0,9
1761505200000,99997.12112146578,0.11019756922702327,9
1761508800000,99976.51062977072,0.11022028682409744,9
1761512400000,99958.40931140397,0.11024024645046628,9
1761516000000,100016.61599889876,0.11017608991497059,9
1761519600000,100170.56256155609,0.11000676641417652,9
1761523200000,100154.93464533296,0.11002393158467547,9
1761526800000,100175.4873999526,0.11000135824935323,9
1761530400000,100261.301047432,0.10990720808692316,9
1761534000000,100306.03813856185,0.0556273129447362,9
1761537600000,100289.58359126087,0.05563643973756252,9
1761541200000,100254.50032224074,0.05565590926936769,9
1761544800000,100281.97398079735,0.05564066154949116,9
1761548400000,100298.52735420826,0.05563147855676181,9
1761552000000,100315.77251038858,0.05562191502041807,9
1761555600000,100295.61198396573,0.055633095640041166,9
1761559200000,100314.88307539932,0.05562240818828979,9
1761562800000,100312.85714014605,0.0556235315477557,9
1761566400000,100372.23142532438,0.0,9
1761570000000,100341.52754917253,0.04433320883036569,9
1761573600000,100375.83120641783,0.04431805786043575,9
1761577200000,100344.83418280003,0.04433174793125387,9
1761580800000,100370.43392701294,0.04432044100188086,9
1761584400000,100414.7961504219,0.04430086068721922,9
1761588000000,100422.14541032302,0.04429761858820109,9
1761591600000,100396.0263218057,0.07729160012448404,9
1761595200000,100367.13749126051,0.07731384708692986,9
1761598800000,100291.14347661416,0.07737243042165133,9
1761602400000,100272.04329827233,0.07738716859962382,9
1761606000000,100266.26922471762,0.07739162512530429,9
1761609600000,100270.34276155934,0.07738848104872584,9
1761613200000,100266.95174190737,0.07739109832047404,9
1761616800000,100307.64364527036,0.07735970299525687,9
1761620400000,100231.18805723877,0.07741871238841175,9
1761624000000,100241.72839863335,0.07741057186976809,9
1761627600000,100257.01677585376,0.07739876738902797,9
1761631200000,100167.825124062,0.07746768496711777,9
1761634800000,100240.02906391806,0.07741188418455228,9
1761638400000,100248.80058351364,0.07740511083808725,9
1761642000000,100263.2666593806,0.07739394275786024,9
1761645600000,100265.2812524214,0.07739238771012555,9
1761649200000,100261.25511410121,0.07739549551540383,9
1761652800000,100242.84036923703,0.03303285913647166,9
1761656400000,100266.53432947754,0.03302505314959634,9
1761660000000,100278.16590995924,0.033021222469605975,9
1761663600000,100256.59722615243,0.03302832648396579,9
1761667200000,100252.77747256214,0.033029584903651,9
1761670800000,100277.47663111587,0.033021449448094015,9
1761674400000,100286.60957579038,0.0,9
1761678000000,100252.94637547726,0.037486701293921454,9
1761681600000,100184.06916850584,0.037512473647800935,9
1761685200000,100138.2692802388,0.0,9
1761688800000,100138.2692802388,0.0,9
1761692400000,100138.2692802388,0.0,9
1761696000000,100138.2692802388,0.0,9
1761699600000,100138.2692802388,0.0,9
1761703200000,100138.2692802388,0.0,9
1761706800000,100138.2692802388,0.0,9
1761710400000,100138.2692802388,0.0,9
1761714000000,100138.2692802388,0.0,9
1761717600000,100138.2692802388,0.0,9
1761721200000,100138.2692802388,0.0,9
1761724800000,100138.2692802388,0.0,9
1761728400000,100138.2692802388,0.0,9
1761732000000,100138.2692802388,0.0,9
1761735600000,100138.2692802388,0.0,9
1761739200000,100138.2692802388,0.0,9
1761742800000,100138.2692802388,0.0,9
1761746400000,100138.2692802388,0.0,9
1761750000000,100138.2692802388,0.0,9
1761753600000,100138.2692802388,0.0,9
1761757200000,100138.2692802388,0.0,9
1761760800000,100138.2692802388,0.0,9
1761764400000,100138.2692802388,0.0,9
1761768000000,100138.2692802388,0.0,9
1761771600000,100138.2692802388,0.0,9
1761775200000,100138.2692802388,0.0,9
1761778800000,100138.2692802388,0.0,9
1761782400000,100138.2692802388,0.0,9
1761786000000,100138.2692802388,0.0,9
1761789600000,100138.2692802388,0.0,9
1761793200000,100138.2692802388,0.0,9
1761796800000,100138.2692802388,0.0,9
1761800400000,100138.2692802388,0.0,9
1761804000000,100138.2692802388,0.0,9
1761807600000,100138.2692802388,0.0,9
1761811200000,100138.2692802388,0.0,9
1761814800000,100138.2692802388,0.0,9
1761818400000,100138.2692802388,0.0,9
1761822000000,100138.2692802388,0.0,9
1761825600000,100138.2692802388,0.0,9
1761829200000,100138.2692802388,0.0,9
1761832800000,100138.2692802388,0.0,9
1761836400000,100138.2692802388,0.0,9
1761840000000,100138.2692802388,0.0,9
1761843600000,100138.2692802388,0.0,9
1761847200000,100138.2692802388,0.0,9
1761850800000,100138.2692802388,0.0,9
1761854400000,100138.2692802388,0.0,9
1761858000000,100138.2692802388,0.0,9
1761861600000,100138.2692802388,0.0,9
1761865200000,100138.2692802388,0.0,9
1761868800000,100138.2692802388,0.0,9
1761872400000,100138.2692802388,0.0,9
1761876000000,100138.2692802388,0.0,9
1761879600000,100138.2692802388,0.0,9
1761883200000,100138.2692802388,0.0,9
1761886800000,100138.2692802388,0.0,9
1761890400000,100138.2692802388,0.0,9
1761894000000,100138.2692802388,0.0,9
1761897600000,100138.2692802388,0.0,9
1761901200000,100138.2692802388,0.0,9
1761904800000,100138.2692802388,0.0,9
1761908400000,100138.2692802388,0.0,9
1761912000000,100138.2692802388,0.0,9
1761915600000,100138.2692802388,0.0,9
1761919200000,100138.2692802388,0.0,9
1761922800000,100138.2692802388,0.0,9
1761926400000,100138.2692802388,0.0,9
1761930000000,100138.2692802388,0.0,9
1761933600000,100138.2692802388,0.0,9
1761937200000,100138.2692802388,0.0,9
1761940800000,100138.2692802388,0.0,9
1761944400000,100138.2692802388,0.0,9
1761948000000,100138.2692802388,0.0,9
1761951600000,100138.2692802388,0.0,9
1761955200000,100138.2692802388,0.0,9
1761958800000,100138.2692802388,0.0,9
1761962400000,100138.2692802388,0.0,9
1761966000000,100138.2692802388,0.0,9
1761969600000,100138.2692802388,0.0,9
1761973200000,100138.2692802388,0.0,9
1761976800000,100138.2692802388,0.0,9
1761980400000,100138.2692802388,0.0,9
1761984000000,100138.2692802388,0.0,9
1761987600000,100138.2692802388,0.0,9
1761991200000,100138.2692802388,0.0,9
1761994800000,100138.2692802388,0.0,9
1761998400000,100138.2692802388,0.0,9
1762002000000,100138.2692802388,0.0,9
1762005600000,100138.2692802388,0.0,9
1762009200000,100138.2692802388,0.0,9
1762012800000,100138.2692802388,0.0,9
1762016400000,100138.2692802388,0.0,9
1762020000000,100138.2692802388,0.0,9
1762023600000,100138.2692802388,0.0,9
1762027200000,100138.2692802388,0.0,9
1762030800000,100138.2692802388,0.0,9
1762034400000,100138.2692802388,0.0,9
1762038000000,100138.2692802388,0.0,9
1762041600000,100138.2692802388,0.0,9
1762045200000,100138.2692802388,0.0,9
1762048800000,100138.2692802388,0.0,9
1762052400000,100138.2692802388,0.0,9
1762056000000,100138.2692802388,0.0,9
1762059600000,100138.2692802388,0.0,9
1762063200000,100138.2692802388,0.0,9
1762066800000,100138.2692802388,0.0,9
1762070400000,100138.2692802388,0.0,9
1762074000000,100138.2692802388,0.0,9
1762077600000,100138.2692802388,0.0,9
1762081200000,100138.2692802388,0.0,9
1762084800000,100138.2692802388,0.0,9
1762088400000,100138.2692802388,0.0,9
1762092000000,100138.2692802388,0.0,9
1762095600000,100138.2692802388,0.0,9
1762099200000,100138.2692802388,0.0,9
1762102800000,100138.2692802388,0.0,9
1762106400000,100138.2692802388,0.0,9
1762110000000,100138.2692802388,0.0,9
1762113600000,100138.2692802388,0.0,9
1762117200000,100138.2692802388,0.0,9
1762120800000,100138.2692802388,0.0,9
1762124400000,100138.2692802388,0.0,9
1762128000000,100138.2692802388,0.0,9
1762131600000,100138.2692802388,0.0,9
1762135200000,100138.2692802388,0.0,9
1762138800000,100138.2692802388,0.0,9
1762142400000,100138.2692802388,0.0,9
1762146000000,100138.2692802388,0.0,9
1762149600000,100138.2692802388,0.0,9
1762153200000,100138.2692802388,0.0,9
1762156800000,100138.2692802388,0.0,9
1762160400000,100138.2692802388,0.0,9
1762164000000,100138.2692802388,0.0,9
1762167600000,100138.2692802388,0.0,9
1762171200000,100138.2692802388,0.0,9
1762174800000,100138.2692802388,0.0,9
1762178400000,100138.2692802388,0.0,9
1762182000000,100138.2692802388,0.0,9
1762185600000,100138.2692802388,0.0,9
1762189200000,100138.2692802388,0.0,9
1762192800000,100138.2692802388,0.0,9
1762196400000,100138.2692802388,0.0,9
1762200000000,100138.2692802388,0.0,9
1762203600000,100138.2692802388,0.0,9
1762207200000,100138.2692802388,0.0,9
1762210800000,100138.2692802388,0.0,9
1762214400000,100138.2692802388,0.0,9
1762214400000,100000.0,0.0,10
1762218000000,100000.0,0.0,10
1762221600000,100000.0,0.0,10
1762225200000,100000.0,0.0,10
1762228800000,100000.0,0.0,10
1762232400000,100000.0,0.0,10
1762236000000,100000.0,0.0,10
1762239600000,100000.0,0.0,10
1762243200000,100000.0,0.0,10
1762246800000,100000.0,0.0,10
1762250400000,100000.0,0.0,10
1762254000000,100000.0,0.0,10
1762257600000,100000.0,0.0,10
1762261200000,100000.0,0.0,10
1762264800000,100000.0,0.0,10
1762268400000,100000.0,0.0,10
1762272000000,100000.0,0.0,10
1762275600000,100000.0,0.0,10
1762279200000,100000.0,0.0,10
1762282800000,100000.0,0.0,10
1762286400000,100000.0,0.0,10
1762290000000,100000.0,0.0,10
1762293600000,100000.0,0.0,10
1762297200000,100000.0,0.0,10
1762300800000,100000.0,0.0,10
1762304400000,100000.0,0.0,10
1762308000000,100000.0,0.0,10
1762311600000,100000.0,0.0,10
1762315200000,100000.0,0.0,10
1762318800000,100000.0,0.0,10
1762322400000,100000.0,0.0,10
1762326000000,100000.0,0.0,10
1762329600000,100000.0,0.0,10
1762333200000,100000.0,0.0,10
1762336800000,100000.0,0.0,10
1762340400000,100000.0,0.0,10
1762344000000,100000.0,0.0,10
1762347600000,100000.0,0.0,10
1762351200000,100000.0,0.0,10
1762354800000,100000.0,0.0,10
1762358400000,100000.0,0.0,10
1762362000000,100000.0,0.0,10
1762365600000,100000.0,0.0,10
1762369200000,100000.0,0.0,10
1762372800000,100000.0,0.0,10
1762376400000,100000.0,0.0,10
1762380000000,100000.0,0.0,10
1762383600000,100000.0,0.0,10
1762387200000,100000.0,0.0,10
1762390800000,100000.0,0.0,10
1762394400000,100000.0,0.0,10
1762398000000,100000.0,0.0,10
1762401600000,100000.0,0.0,10
1762405200000,100000.0,0.0,10
1762408800000,100000.0,0.0,10
1762412400000,100000.0,0.0,10
1762416000000,100000.0,0.0,10
1762419600000,100000.0,0.0,10
1762423200000,100000.0,0.0,10
1762426800000,100000.0,0.0,10
1762430400000,100000.0,0.0,10
1762434000000,100000.0,0.0,10
1762437600000,100000.0,0.0,10
1762441200000,100000.0,0.0,10
1762444800000,100000.0,0.0,10
1762448400000,100000.0,0.0,10
1762452000000,100000.0,0.0,10
1762455600000,100000.0,0.0,10
1762459200000,100000.0,0.0,10
1762462800000,100000.0,0.0,10
1762466400000,100000.0,0.0,10
1762470000000,100000.0,0.0,10
1762473600000,100000.0,0.0,10
1762477200000,100000.0,0.0,10
1762480800000,100000.0,0.0,10
1762484400000,100000.0,0.0,10
1762488000000,100000.0,0.0,10
1762491600000,100000.0,0.0,10
1762495200000,100000.0,0.0,10
1762498800000,100000.0,0.0,10
1762502400000,100000.0,0.0,10
1762506000000,100000.0,0.0,10
1762509600000,100000.0,0.0,10
1762513200000,100000.0,0.0,10
1762516800000,100000.0,0.0,10
1762520400000,100000.0,0.0,10
1762524000000,100000.0,0.0,10
1762527600000,100000.0,0.0,10
1762531200000,100000.0,0.0,10
1762534800000,100000.0,0.0,10
1762538400000,100000.0,0.0,10
1762542000000,100000.0,0.0,10
1762545600000,100000.0,0.0,10
1762549200000,100000.0,0.0,10
1762552800000,100000.0,0.0,10
1762556400000,100000.0,0.0,10
1762560000000,100000.0,0.0,10
1762563600000,100000.0,0.0,10
1762567200000,100000.0,0.0,10
1762570800000,100000.0,0.0,10
1762574400000,100000.0,0.0,10
1762578000000,100000.0,0.0,10
1762581600000,100000.0,0.0,10
1762585200000,100000.0,0.0,10
1762588800000,100000.0,0.0,10
1762592400000,100000.0,0.0,10
1762596000000,100000.0,0.0,10
1762599600000,100000.0,0.0,10
1762603200000,100000.0,0.0,10
1762606800000,100000.0,0.0,10
1762610400000,100000.0,0.0,10
1762614000000,100000.0,0.0,10
1762617600000,100000.0,0.0,10
1762621200000,100000.0,0.0,10
1762624800000,100000.0,0.0,10
1762628400000,100000.0,0.0,10
1762632000000,100000.0,0.0,10
1762635600000,100000.0,0.0,10
1762639200000,100000.0,0.0,10
1762642800000,100000.0,0.0,10
1762646400000,100000.0,0.0,10
1762650000000,100000.0,0.0,10
1762653600000,100000.0,0.0,10
1762657200000,100000.0,0.0,10
1762660800000,100000.0,0.0,10
1762664400000,100000.0,0.0,10
1762668000000,100000.0,0.0,10
1762671600000,100000.0,0.0,10
1762675200000,100000.0,0.0,10
1762678800000,100000.0,0.0,10
1762682400000,100000.0,0.0,10
1762686000000,100000.0,0.0,10
1762689600000,100000.0,0.0,10
1762693200000,100000.0,0.0,10
1762696800000,100000.0,0.0,10
1762700400000,100000.0,0.0,10
1762704000000,100000.0,0.0,10
1762707600000,100000.0,0.0,10
1762711200000,100000.0,0.0,10
1762714800000,100000.0,0.0,10
1762718400000,100000.0,0.0,10
1762722000000,100000.0,0.0,10
1762725600000,100000.0,0.0,10
1762729200000,100000.0,0.0,10
1762732800000,100000.0,0.0,10
1762736400000,100000.0,0.0,10
1762740000000,100000.0,0.0,10
1762743600000,100000.0,0.0,10
1762747200000,100000.0,0.0,10
1762750800000,100000.0,0.0,10
1762754400000,100000.0,0.0,10
1762758000000,100000.0,0.0,10
1762761600000,100000.0,0.0,10
1762765200000,100000.0,0.0,10
1762768800000,100000.0,0.0,10
1762772400000,100000.0,0.0,10
1762776000000,100000.0,0.0,10
1762779600000,100000.0,0.0,10
1762783200000,100000.0,0.0,10
1762786800000,100000.0,0.0,10
1762790400000,100000.0,0.0,10
1762794000000,100000.0,0.0,10
1762797600000,100000.0,0.0,10
1762801200000,100000.0,0.0,10
1762804800000,100000.0,0.0,10
1762808400000,100000.0,0.0,10
1762812000000,100000.0,0.0,10
1762815600000,100000.0,0.0,10
1762819200000,100000.0,0.0,10
1762822800000,100006.99386098831,0.03434062633639324,10
1762826400000,100002.39236863611,0.034342206479884944,10
1762830000000,100035.6307058774,0.03433079576719654,10
1762833600000,100026.44693408471,0.03433394779551956,10
1762837200000,99996.59006930266,0.0343441991854525,10
1762840800000,99971.42115497545,0.03435284571860116,10
1762844400000,99979.95168777033,0.034349914650201416,10
1762848000000,99967.43447579767,0.03435421570249084,10
1762851600000,99985.42736760488,0.0343480334847164,10
1762855200000,99978.42426129016,0.034350439433119495,10
1762858800000,99982.87205034874,0.034348911336301156,10
1762862400000,99995.74470118785,0.03434448953271684,10
1762866000000,99963.30369978213,0.03435563531914019,10
1762869600000,99955.88751586586,0.03435818432066895,10
1762873200000,99953.2649534188,0.034359085806818415,10
1762876800000,99906.36623595869,0.034375214879650826,10
1762880400000,99910.21842475458,0.03437388949152033,10
1762884000000,99899.20942635038,0.03437767753045208,10
1762887600000,99894.6079339982,0.03437926108559598,10
1762891200000,99883.03215469884,0.03438324541336634,10
1762894800000,99865.21217909694,0.03438938076902234,10
1762898400000,99851.92834434383,0.0,10
1762902000000,99851.92834434383,0.0,10
1762905600000,99851.92834434383,0.0,10
1762909200000,99851.92834434383,0.0,10
1762912800000,99851.92834434383,0.0,10
1762916400000,99851.92834434383,0.0,10
1762920000000,99851.92834434383,0.0,10
1762923600000,99851.92834434383,0.0,10
1762927200000,99851.92834434383,0.0,10
1762930800000,99851.92834434383,0.0,10
1762934400000,99851.92834434383,0.0,10
1762938000000,99851.92834434383,0.0,10
1762941600000,99851.92834434383,0.0,10
1762945200000,99851.92834434383,0.0,10
1762948800000,99851.92834434383,0.0,10
1762952400000,99851.92834434383,0.0,10
1762956000000,99851.92834434383,0.0,10
1762959600000,99851.92834434383,0.0,10
1762963200000,99851.92834434383,0.0,10
1762966800000,99851.92834434383,0.0,10
1762970400000,99851.92834434383,0.0,10
1762974000000,99851.92834434383,0.0,10
1762977600000,99851.92834434383,0.0,10
1762981200000,99851.92834434383,0.0,10
1762984800000,99851.92834434383,0.0,10
1762988400000,99851.92834434383,0.0,10
1762992000000,99851.92834434383,0.0,10
1762995600000,99851.92834434383,0.0,10
1762999200000,99851.92834434383,0.0,10
1763002800000,99851.92834434383,0.0,10
1763006400000,99851.92834434383,0.0,10
1763010000000,99851.92834434383,0.0,10
1763013600000,99851.92834434383,0.0,10
1763017200000,99851.92834434383,0.0,10
1763020800000,99851.92834434383,0.0,10
1763024400000,99851.92834434383,0.0,10
1763028000000,99851.92834434383,0.0,10
1763031600000,99851.92834434383,0.0,10
1763035200000,99851.92834434383,0.0,10
1763038800000,99851.92834434383,0.0,10
1763042400000,99851.92834434383,0.0,10
1763046000000,99851.92834434383,0.0,10
1763049600000,99851.92834434383,0.0,10
1763053200000,99851.92834434383,0.0,10
1763056800000,99851.92834434383,0.0,10
1763060400000,99851.92834434383,0.0,10
1763064000000,99851.92834434383,0.0,10
1763067600000,99851.92834434383,0.0,10
1763071200000,99851.92834434383,0.0,10
1763074800000,99851.92834434383,0.0,10
1763078400000,99851.92834434383,0.0,10
1763082000000,99866.08361024369,0.020376194362940855,10
1763085600000,99864.81717324664,0.020376452763918602,10
1763089200000,99857.21855126442,0.020378003307426,10
1763092800000,99867.35004724073,0.02037593596851677,10
1763096400000,99896.47809817259,0.020369994705001032,10
1763100000000,99874.94866922295,0.020374385739585273,10
1763103600000,99852.15280327627,0.02037903713420248,10
1763107200000,99868.61648423776,0.020375677580646106,10
1763110800000,99887.61303919333,0.020371802548826437,10
1763114400000,99918.00752712223,0.02036560556269766,10
1763118000000,99914.20821613113,0.020366379979774436,10
1763121600000,99935.73764508076,0.020361992394901714,10
1763125200000,99930.67189709262,0.020363024597728444,10
1763128800000,99943.33626706299,0.020360444286855767,10
1763132400000,99933.20477108669,0.02036250848323414,10
1763136000000,99920.54040111632,0.020365089317364155,10
1763139600000,99901.54384616074,0.020368961795441055,10
1763143200000,99935.73764508076,0.020361992394901714,10
1763146800000,99933.20477108669,0.02036250848323414,10
1763150400000,99901.54384616074,0.020368961795441055,10
1763154000000,99952.20132604225,0.020358638458299192,10
1763157600000,99940.80339306891,0.020360960296714515,10
1763161200000,99948.40201505115,0.02035941234559803,10
1763164800000,99968.66500700374,0.0,10
1763168400000,99936.467780239,0.017206389628251134,10
1763172000000,99925.05808847395,0.017208354296631652,10
1763175600000,99911.78812087762,0.01721063985580537,10
1763179200000,99918.85716903642,0.01720942223937709,10
1763182800000,99920.46940809017,0.01720914456151197,10
1763186400000,99915.1366173739,0.017210063068651724,10
1763190000000,99912.25528431975,0.03836054318214406,10
1763193600000,99912.36805381053,0.038360499885212916,10
1763197200000,99970.62351085161,0.0383381462339636,10
1763200800000,99964.58035649674,0.038340463888222195,10
1763204400000,99949.05527959588,0.0383464193086973,10
1763208000000,99966.86893198409,0.03833958614695886,10
1763211600000,99940.97130602004,0.03834952105402125,10
1763215200000,99930.06893670796,0.038353704986304304,10
1763218800000,99932.17724931672,0.03835289582150833,10
1763222400000,99926.61891961888,0.038355029167379005,10
1763226000000,99917.77986732368,0.03835842217820295,10
1763229600000,99887.699362836,0.03836997355738008,10
1763233200000,99907.47481164831,0.03836237869573991,10
1763236800000,99916.5281540271,0.03835890271678814,10
1763240400000,99952.08796541573,0.03834525582482771,10
1763244000000,99978.1883520543,0.03833524538135719,10
1763247600000,99952.51626507183,0.03834509151420806,10
1763251200000,99964.96338004986,0.02113883213789396,10
1763254800000,99973.08110031958,0.021137115684582375,10
1763258400000,99977.13996045446,0.021136257562453135,10
1763262000000,99947.3749861321,0.021142552076578235,10
1763265600000,99941.96317261894,0.021143696936508926,10
1763269200000,99950.08089288867,0.021141979693104364,10
1763272800000,99947.3749861321,0.0,10
1763276400000,99933.1223602215,0.03127788661539745,10
1763280000000,99919.1740330505,0.03128225288643553,10
1763283600000,99921.38805323637,0.03128155974615096,10
1763287200000,99897.47663522893,0.03128904728714007,10
1763290800000,99905.44710789809,0.031286551041905544,10
1763294400000,99972.08911549288,0.03126569523514391,10
1763298000000,99969.43229126984,0.03126652616370424,10
1763301600000,99982.05220632932,0.031262579646347544,10
1763305200000,99960.79761254492,0.031269226986573966,10
1763308800000,100026.1112080282,0.031248809261463884,10
1763312400000,100064.85656128099,0.031236709647321902,10
1763316000000,100062.64254109512,0.031237400801422403,10
1763319600000,100050.27773319447,0.05534553168357752,10
1763323200000,100005.46954106526,0.05537032965941375,10
1763326800000,100014.35964717607,0.05536540788510255,10
1763330400000,100024.13536136122,0.055359996827048674,10
1763334000000,99985.03250462063,0.05538164740784923,10
1763337600000,99965.24274059178,0.05539261111587097,10
1763341200000,99902.97781436148,0.05542713477993274,10
1763344800000,99949.28470352614,0.055401455174575065,10
1763348400000,99869.93811267211,0.0554454715891191,10
1763352000000,99815.01493266561,0.03131489658559103,10
1763355600000,99813.24371651691,0.03131545227788658,10
1763359200000,99807.93006807081,0.0,10
1763362800000,99807.93006807081,0.0,10
1763366400000,99807.93006807081,0.0,10
1763370000000,99807.93006807081,0.0,10
1763373600000,99807.93006807081,0.0,10
1763377200000,99807.93006807081,0.0,10
1763380800000,99807.93006807081,0.0,10
1763384400000,99807.93006807081,0.0,10
1763388000000,99807.93006807081,0.0,10
1763391600000,99807.93006807081,0.0,10
1763395200000,99807.93006807081,0.0,10
1763398800000,99807.93006807081,0.0,10
1763402400000,99807.93006807081,0.0,10
1763406000000,99823.96666866296,0.018993295560993943,10
1763409600000,99836.4851069038,0.018990914002816935,10
1763413200000,99826.98836065213,0.018992720647436127,10
1763416800000,99821.37664695797,0.018993788371746558,10
1763420400000,99812.59935117992,0.01899545864283025,10
1763424000000,99817.20383421103,0.0,10
1763424000000,100000.0,0.0,11
1763427600000,100000.0,0.0,11
1763431200000,100000.0,0.0,11
1763434800000,100000.0,0.0,11
1763438400000,100000.0,0.0,11
1763442000000,100000.0,0.0,11
1763445600000,100000.0,0.0,11
1763449200000,100000.0,0.0,11
1763452800000,100000.0,0.0,11
1763456400000,100000.0,0.0,11
1763460000000,100000.0,0.0,11
1763463600000,100000.0,0.0,11
1763467200000,100000.0,0.0,11
1763470800000,100000.0,0.0,11
1763474400000,100000.0,0.0,11
1763478000000,100000.0,0.0,11
1763481600000,100000.0,0.0,11
1763485200000,100000.0,0.0,11
1763488800000,100000.0,0.0,11
1763492400000,100000.0,0.0,11
1763496000000,100000.0,0.0,11
1763499600000,100000.0,0.0,11
1763503200000,100000.0,0.0,11
1763506800000,100000.0,0.0,11
1763510400000,100000.0,0.0,11
1763514000000,100000.0,0.0,11
1763517600000,100000.0,0.0,11
1763521200000,100000.0,0.0,11
1763524800000,100000.0,0.0,11
1763528400000,100000.0,0.0,11
1763532000000,100000.0,0.0,11
1763535600000,100000.0,0.0,11
1763539200000,100000.0,0.0,11
1763542800000,100000.0,0.0,11
1763546400000,100000.0,0.0,11
1763550000000,100000.0,0.0,11
1763553600000,100000.0,0.0,11
1763557200000,100000.0,0.0,11
1763560800000,100000.0,0.0,11
1763564400000,100000.0,0.0,11
1763568000000,100000.0,0.0,11
1763571600000,100000.0,0.0,11
1763575200000,100000.0,0.0,11
1763578800000,100000.0,0.0,11
1763582400000,100000.0,0.0,11
1763586000000,100000.0,0.0,11
1763589600000,100000.0,0.0,11
1763593200000,100000.0,0.0,11
1763596800000,100000.0,0.0,11
1763600400000,100000.0,0.0,11
1763604000000,100000.0,0.0,11
1763607600000,100000.0,0.0,11
1763611200000,100000.0,0.0,11
1763614800000,100000.0,0.0,11
1763618400000,100000.0,0.0,11
1763622000000,100000.0,0.0,11
1763625600000,100000.0,0.0,11
1763629200000,100000.0,0.0,11
1763632800000,100000.0,0.0,11
1763636400000,100000.0,0.0,11
1763640000000,100000.0,0.0,11
1763643600000,100000.0,0.0,11
1763647200000,100000.0,0.0,11
1763650800000,100000.0,0.0,11
1763654400000,100000.0,0.0,11
1763658000000,100000.0,0.0,11
1763661600000,100000.0,0.0,11
1763665200000,100000.0,0.0,11
1763668800000,100000.0,0.0,11
1763672400000,100000.0,0.0,11
1763676000000,100000.0,0.0,11
1763679600000,100000.0,0.0,11
1763683200000,100000.0,0.0,11
1763686800000,100000.0,0.0,11
1763690400000,100000.0,0.0,11
1763694000000,100000.0,0.0,11
1763697600000,100000.0,0.0,11
1763701200000,100000.0,0.0,11
1763704800000,100000.0,0.0,11
1763708400000,100000.0,0.0,11
1763712000000,100000.0,0.0,11
1763715600000,100000.0,0.0,11
1763719200000,100000.0,0.0,11
1763722800000,100000.0,0.0,11
1763726400000,100000.0,0.0,11
1763730000000,100000.0,0.0,11
1763733600000,100000.0,0.0,11
1763737200000,100000.0,0.0,11
1763740800000,100000.0,0.0,11
1763744400000,100000.0,0.0,11
1763748000000,100000.0,0.0,11
1763751600000,100000.0,0.0,11
1763755200000,100000.0,0.0,11
1763758800000,100000.0,0.0,11
1763762400000,100000.0,0.0,11
1763766000000,100000.0,0.0,11
1763769600000,100000.0,0.0,11
1763773200000,100000.0,0.0,11
1763776800000,100000.0,0.0,11
1763780400000,100000.0,0.0,11
1763784000000,100000.0,0.0,11
1763787600000,100000.0,0.0,11
1763791200000,100000.0,0.0,11
1763794800000,100000.0,0.0,11
1763798400000,100000.0,0.0,11
1763802000000,100000.0,0.0,11
1763805600000,100000.0,0.0,11
1763809200000,100000.0,0.0,11
1763812800000,100000.0,0.0,11
1763816400000,100000.0,0.0,11
1763820000000,100000.0,0.0,11
1763823600000,100000.0,0.0,11
1763827200000,100000.0,0.0,11
1763830800000,100000.0,0.0,11
1763834400000,100000.0,0.0,11
1763838000000,100000.0,0.0,11
1763841600000,100000.0,0.0,11
1763845200000,100000.0,0.0,11
1763848800000,100000.0,0.0,11
1763852400000,100000.0,0.0,11
1763856000000,100000.0,0.0,11
1763859600000,100000.0,0.0,11
1763863200000,100000.0,0.0,11
1763866800000,100000.0,0.0,11
1763870400000,100000.0,0.0,11
1763874000000,100000.0,0.0,11
1763877600000,100000.0,0.0,11
1763881200000,100000.0,0.0,11
1763884800000,100000.0,0.0,11
1763888400000,100000.0,0.0,11
1763892000000,100000.0,0.0,11
1763895600000,100000.0,0.0,11
1763899200000,100000.0,0.0,11
1763902800000,100000.0,0.0,11
1763906400000,100000.0,0.0,11
1763910000000,100000.0,0.0,11
1763913600000,100000.0,0.0,11
1763917200000,100000.0,0.0,11
1763920800000,100000.0,0.0,11
1763924400000,100000.0,0.0,11
1763928000000,100000.0,0.0,11
1763931600000,100000.0,0.0,11
1763935200000,100000.0,0.0,11
1763938800000,100000.0,0.0,11
1763942400000,100000.0,0.0,11
1763946000000,100000.0,0.0,11
1763949600000,100000.0,0.0,11
1763953200000,100000.0,0.0,11
1763956800000,100000.0,0.0,11
1763960400000,100000.0,0.0,11
1763964000000,100000.0,0.0,11
1763967600000,100000.0,0.0,11
1763971200000,100000.0,0.0,11
1763974800000,100000.0,0.0,11
1763978400000,100000.0,0.0,11
1763982000000,100000.0,0.0,11
1763985600000,100000.0,0.0,11
1763989200000,100000.0,0.0,11
1763992800000,100000.0,0.0,11
1763996400000,100000.0,0.0,11
1764000000000,100000.0,0.0,11
1764003600000,100000.0,0.0,11
1764007200000,100000.0,0.0,11
1764010800000,100000.0,0.0,11
1764014400000,100000.0,0.0,11
1764018000000,100000.0,0.0,11
1764021600000,100000.0,0.0,11
1764025200000,100000.0,0.0,11
1764028800000,100000.0,0.0,11
1764032400000,100000.0,0.0,11
1764036000000,100000.0,0.0,11
1764039600000,100000.0,0.0,11
1764043200000,100000.0,0.0,11
1764046800000,100000.0,0.0,11
1764050400000,100000.0,0.0,11
1764054000000,100000.0,0.0,11
1764057600000,100000.0,0.0,11
1764061200000,100000.0,0.0,11
1764064800000,100000.0,0.0,11
1764068400000,100000.0,0.0,11
1764072000000,100000.0,0.0,11
1764075600000,100000.0,0.0,11
1764079200000,100000.0,0.0,11
1764082800000,100000.0,0.0,11
1764086400000,100000.0,0.0,11
1764090000000,100000.0,0.0,11
1764093600000,100000.0,0.0,11
1764097200000,100000.0,0.0,11
1764100800000,100000.0,0.0,11
1764104400000,100000.0,0.0,11
1764108000000,100000.0,0.0,11
1764111600000,100000.0,0.0,11
1764115200000,100000.0,0.0,11
1764118800000,100000.0,0.0,11
1764122400000,100000.0,0.0,11
1764126000000,100000.0,0.0,11
1764129600000,100000.0,0.0,11
1764133200000,100000.0,0.0,11
1764136800000,100000.0,0.0,11
1764140400000,100000.0,0.0,11
1764144000000,100000.0,0.0,11
1764147600000,100000.0,0.0,11
1764151200000,100000.0,0.0,11
1764154800000,100000.0,0.0,11
1764158400000,100000.0,0.0,11
1764162000000,100000.0,0.0,11
1764165600000,100000.0,0.0,11
1764169200000,100000.0,0.0,11
1764172800000,100000.0,0.0,11
1764176400000,100000.0,0.0,11
1764180000000,100000.0,0.0,11
1764183600000,100000.0,0.0,11
1764187200000,100000.0,0.0,11
1764190800000,100000.0,0.0,11
1764194400000,100000.0,0.0,11
1764198000000,100000.0,0.0,11
1764201600000,100000.0,0.0,11
1764205200000,100000.0,0.0,11
1764208800000,100000.0,0.0,11
1764212400000,100000.0,0.0,11
1764216000000,100000.0,0.0,11
1764219600000,100000.0,0.0,11
1764223200000,100000.0,0.0,11
1764226800000,100000.0,0.0,11
1764230400000,100000.0,0.0,11
1764234000000,100000.0,0.0,11
1764237600000,100000.0,0.0,11
1764241200000,100000.0,0.0,11
1764244800000,100000.0,0.0,11
1764248400000,99934.25201844281,0.043084498668411395,11
1764252000000,99939.98413027573,0.04308202753369208,11
1764255600000,99941.37459304708,0.04308142814274269,11
1764259200000,99962.16059263918,0.043072469847498844,11
1764262800000,99976.43411863894,0.04306632043815391,11
1764266400000,99975.01527907634,0.04306693163285173,11
1764270000000,100000.36994206002,0.043056012197874395,11
1764273600000,99992.02716543192,0.04305960455120941,11
1764277200000,100001.8313468095,0.043055382986790236,11
1764280800000,99992.50957088321,0.04305939681376933,11
1764284400000,99962.08965066104,0.043072500415549435,11
1764288000000,99968.20484917585,0.04306986560890299,11
1764291600000,99967.33935704267,0.04307023849698925,11
1764295200000,99944.3399677329,0.043080149905511005,11
1764298800000,99964.51586631309,0.04307145501285054,11
1764302400000,99958.84050806268,0.043073900478767524,11
1764306000000,99971.28373102669,0.043068539157720284,11
1764309600000,99981.31492673428,0.04306421806086886,11
1764313200000,99960.79850665908,0.04307305676165103,11
1764316800000,99949.305906202,0.04307800948670838,11
1764320400000,100039.16101570152,0.04303931684654477,11
1764324000000,100025.0151852624,0.04304540359271721,11
1764327600000,100033.0883823736,0.043041929601925225,11
1764331200000,99994.86484455713,0.0,11
1764334800000,99994.86484455713,0.0,11
1764338400000,99994.86484455713,0.0,11
1764342000000,99994.86484455713,0.0,11
1764345600000,99994.86484455713,0.0,11
1764349200000,99994.86484455713,0.0,11
1764352800000,99994.86484455713,0.0,11
1764356400000,99993.4196099221,0.03466228253411691,11
1764360000000,100001.8428631997,0.0346593628960722,11
1764363600000,100009.11490053542,0.034656842683976896,11
1764367200000,99986.51231427092,0.034664677083420276,11
1764370800000,99989.9089712083,0.03466349952443348,11
1764374400000,99980.35729834411,0.03466681111899798,11
1764378000000,99985.82842361237,0.034664914185509765,11
1764381600000,99988.74635708879,0.034663902572530866,11
1764385200000,99979.62781497501,0.03466706405914912,11
1764388800000,99970.61185646002,0.034670190546079525,11
1764392400000,99991.63009603227,0.03466290287239911,11
1764396000000,99982.70532293842,0.03466599699294637,11
1764399600000,99953.56018270727,0.03467610514058778,11
1764403200000,99950.4370820333,0.03467718864727867,11
1764406800000,99954.301064254,0.03467584811426538,11
1764410400000,99947.18860140526,0.03467831572425934,11
1764414000000,99941.79726338049,0.034680186438288095,11
1764417600000,99944.64680779105,0.03467919766365554,11
1764421200000,99941.68328160407,0.034680225990446185,11
1764424800000,99943.02826656586,0.03467975928072928,11
1764428400000,99931.49331079194,0.0346837623179731,11
1764432000000,99953.29802462149,0.03467619608927608,11
1764435600000,99948.35121552477,0.034677912340921734,11
1764439200000,99910.63464570667,0.0,11
1764442800000,99910.63464570667,0.0,11
1764446400000,99910.63464570667,0.0,11
1764450000000,99910.63464570667,0.0,11
1764453600000,99910.63464570667,0.0,11
1764457200000,99910.63464570667,0.0,11
1764460800000,99910.63464570667,0.0,11
1764464400000,99910.63464570667,0.0,11
1764468000000,99910.63464570667,0.0,11
1764471600000,99910.63464570667,0.0,11
1764475200000,99910.63464570667,0.0,11
1764478800000,99910.63464570667,0.0,11
1764482400000,99910.63464570667,0.0,11
1764486000000,99910.63464570667,0.0,11
1764489600000,99910.63464570667,0.0,11
1764493200000,99910.63464570667,0.0,11
1764496800000,99910.63464570667,0.0,11
1764500400000,99910.63464570667,0.0,11
1764504000000,99910.63464570667,0.0,11
1764507600000,99910.63464570667,0.0,11
1764511200000,99910.63464570667,0.0,11
1764514800000,99910.63464570667,0.0,11
1764518400000,99910.63464570667,0.0,11
1764522000000,99910.63464570667,0.0,11
1764525600000,99910.63464570667,0.0,11
1764529200000,99910.63464570667,0.0,11
1764532800000,99910.63464570667,0.0,11
1764536400000,99910.63464570667,0.0,11
1764540000000,99910.63464570667,0.0,11
1764543600000,99910.63464570667,0.0,11
1764547200000,99910.63464570667,0.0,11
1764550800000,99910.63464570667,0.0,11
1764554400000,99910.63464570667,0.0,11
1764558000000,99910.63464570667,0.0,11
1764561600000,99910.63464570667,0.0,11
1764565200000,99910.63464570667,0.0,11
1764568800000,99910.63464570667,0.0,11
1764572400000,99910.63464570667,0.0,11
1764576000000,99910.63464570667,0.0,11
1764579600000,99910.63464570667,0.0,11
1764583200000,99910.63464570667,0.0,11
1764586800000,99910.63464570667,0.0,11
1764590400000,99910.63464570667,0.0,11
1764594000000,99910.63464570667,0.0,11
1764597600000,99910.63464570667,0.0,11
1764601200000,99910.63464570667,0.0,11
1764604800000,99910.63464570667,0.0,11
1764608400000,99910.63464570667,0.0,11
1764612000000,99910.63464570667,0.0,11
1764615600000,99910.63464570667,0.0,11
1764619200000,99910.63464570667,0.0,11
1764622800000,99910.63464570667,0.0,11
1764626400000,99910.63464570667,0.0,11
1764630000000,99910.63464570667,0.0,11
1764633600000,99910.63464570667,0.0,11
1764633600000,100000.0,0.0,12
1764637200000,100000.0,0.0,12
1764640800000,100000.0,0.0,12
1764644400000,100000.0,0.0,12
1764648000000,100000.0,0.0,12
1764651600000,100000.0,0.0,12
1764655200000,100000.0,0.0,12
1764658800000,100000.0,0.0,12
1764662400000,100000.0,0.0,12
1764666000000,100000.0,0.0,12
1764669600000,100000.0,0.0,12
1764673200000,100000.0,0.0,12
1764676800000,100000.0,0.0,12
1764680400000,100000.0,0.0,12
1764684000000,100000.0,0.0,12
1764687600000,100000.0,0.0,12
1764691200000,100000.0,0.0,12
1764694800000,100000.0,0.0,12
1764698400000,100000.0,0.0,12
1764702000000,100000.0,0.0,12
1764705600000,100000.0,0.0,12
1764709200000,100000.0,0.0,12
1764712800000,100000.0,0.0,12
1764716400000,100000.0,0.0,12
1764720000000,100000.0,0.0,12
1764723600000,100000.0,0.0,12
1764727200000,100000.0,0.0,12
1764730800000,100000.0,0.0,12
1764734400000,100000.0,0.0,12
1764738000000,100000.0,0.0,12
1764741600000,100000.0,0.0,12
1764745200000,100000.0,0.0,12
1764748800000,100000.0,0.0,12
1764752400000,100000.0,0.0,12
1764756000000,100000.0,0.0,12
1764759600000,100000.0,0.0,12
1764763200000,100000.0,0.0,12
1764766800000,100000.0,0.0,12
1764770400000,100000.0,0.0,12
1764774000000,100000.0,0.0,12
1764777600000,100000.0,0.0,12
1764781200000,100000.0,0.0,12
1764784800000,100000.0,0.0,12
1764788400000,100000.0,0.0,12
1764792000000,100000.0,0.0,12
1764795600000,100000.0,0.0,12
1764799200000,100000.0,0.0,12
1764802800000,100000.0,0.0,12
1764806400000,100000.0,0.0,12
1764810000000,100000.0,0.0,12
1764813600000,100000.0,0.0,12
1764817200000,100000.0,0.0,12
1764820800000,100000.0,0.0,12
1764824400000,100000.0,0.0,12
1764828000000,100000.0,0.0,12
1764831600000,100000.0,0.0,12
1764835200000,100000.0,0.0,12
1764838800000,100000.0,0.0,12
1764842400000,100000.0,0.0,12
1764846000000,100000.0,0.0,12
1764849600000,100000.0,0.0,12
1764853200000,100000.0,0.0,12
1764856800000,100000.0,0.0,12
1764860400000,100000.0,0.0,12
1764864000000,100000.0,0.0,12
1764867600000,100000.0,0.0,12
1764871200000,100000.0,0.0,12
1764874800000,100000.0,0.0,12
1764878400000,100000.0,0.0,12
1764882000000,100000.0,0.0,12
1764885600000,100000.0,0.0,12
1764889200000,100000.0,0.0,12
1764892800000,100000.0,0.0,12
1764896400000,100000.0,0.0,12
1764900000000,100000.0,0.0,12
1764903600000,100000.0,0.0,12
1764907200000,100000.0,0.0,12
1764910800000,100000.0,0.0,12
1764914400000,100000.0,0.0,12
1764918000000,100000.0,0.0,12
1764921600000,100000.0,0.0,12
1764925200000,100000.0,0.0,12
1764928800000,100000.0,0.0,12
1764932400000,100000.0,0.0,12
1764936000000,100000.0,0.0,12
1764939600000,100000.0,0.0,12
1764943200000,100000.0,0.0,12
1764946800000,100000.0,0.0,12
1764950400000,100000.0,0.0,12
1764954000000,100000.0,0.0,12
1764957600000,100000.0,0.0,12
1764961200000,100000.0,0.0,12
1764964800000,100000.0,0.0,12
1764968400000,100000.0,0.0,12
1764972000000,100000.0,0.0,12
1764975600000,100000.0,0.0,12
1764979200000,100000.0,0.0,12
1764982800000,100000.0,0.0,12
1764986400000,100000.0,0.0,12
1764990000000,100000.0,0.0,12
1764993600000,100000.0,0.0,12
1764997200000,100000.0,0.0,12
1765000800000,100000.0,0.0,12
1765004400000,100000.0,0.0,12
1765008000000,100000.0,0.0,12
1765011600000,100000.0,0.0,12
1765015200000,100000.0,0.0,12
1765018800000,100000.0,0.0,12
1765022400000,100000.0,0.0,12
1765026000000,100000.0,0.0,12
1765029600000,100000.0,0.0,12
1765033200000,100000.0,0.0,12
1765036800000,100000.0,0.0,12
1765040400000,100000.0,0.0,12
1765044000000,100000.0,0.0,12
1765047600000,100000.0,0.0,12
1765051200000,100000.0,0.0,12
1765054800000,100000.0,0.0,12
1765058400000,100000.0,0.0,12
1765062000000,100000.0,0.0,12
1765065600000,100000.0,0.0,12
1765069200000,100000.0,0.0,12
1765072800000,100000.0,0.0,12
1765076400000,100000.0,0.0,12
1765080000000,100000.0,0.0,12
1765083600000,100000.0,0.0,12
1765087200000,100000.0,0.0,12
1765090800000,100000.0,0.0,12
1765094400000,100000.0,0.0,12
1765098000000,100000.0,0.0,12
1765101600000,100000.0,0.0,12
1765105200000,100000.0,0.0,12
1765108800000,100000.0,0.0,12
1765112400000,100000.0,0.0,12
1765116000000,100000.0,0.0,12
1765119600000,100000.0,0.0,12
1765123200000,100000.0,0.0,12
1765126800000,100000.0,0.0,12
1765130400000,100000.0,0.0,12
1765134000000,100000.0,0.0,12
1765137600000,100000.0,0.0,12
1765141200000,100000.0,0.0,12
1765144800000,100000.0,0.0,12
1765148400000,100000.0,0.0,12
1765152000000,100000.0,0.0,12
1765155600000,100000.0,0.0,12
1765159200000,100000.0,0.0,12
1765162800000,100000.0,0.0,12
1765166400000,100000.0,0.0,12
1765170000000,100000.0,0.0,12
1765173600000,100000.0,0.0,12
1765177200000,100000.0,0.0,12
1765180800000,100000.0,0.0,12
1765184400000,100000.0,0.0,12
1765188000000,100000.0,0.0,12
1765191600000,100000.0,0.0,12
1765195200000,100000.0,0.0,12
1765198800000,100000.0,0.0,12
1765202400000,100000.0,0.0,12
1765206000000,100000.0,0.0,12
1765209600000,100000.0,0.0,12
1765213200000,100000.0,0.0,12
1765216800000,100000.0,0.0,12
1765220400000,100000.0,0.0,12
1765224000000,100000.0,0.0,12
1765227600000,100000.0,0.0,12
1765231200000,100000.0,0.0,12
1765234800000,100000.0,0.0,12
1765238400000,100000.0,0.0,12
1765242000000,100000.0,0.0,12
1765245600000,100000.0,0.0,12
1765249200000,100000.0,0.0,12
1765252800000,100000.0,0.0,12
1765256400000,100000.0,0.0,12
1765260000000,100000.0,0.0,12
1765263600000,100000.0,0.0,12
1765267200000,100000.0,0.0,12
1765270800000,100000.0,0.0,12
1765274400000,100000.0,0.0,12
1765278000000,100000.0,0.0,12
1765281600000,100000.0,0.0,12
1765285200000,100000.0,0.0,12
1765288800000,100000.0,0.0,12
1765292400000,100000.0,0.0,12
1765296000000,100000.0,0.0,12
1765299600000,100000.0,0.0,12
1765303200000,100000.0,0.0,12
1765306800000,100000.0,0.0,12
1765310400000,100000.0,0.0,12
1765314000000,100000.0,0.0,12
1765317600000,100000.0,0.0,12
1765321200000,100000.0,0.0,12
1765324800000,100000.0,0.0,12
1765328400000,100000.0,0.0,12
1765332000000,100000.0,0.0,12
1765335600000,100000.0,0.0,12
1765339200000,100000.0,0.0,12
1765342800000,100000.0,0.0,12
1765346400000,100000.0,0.0,12
1765350000000,100000.0,0.0,12
1765353600000,100000.0,0.0,12
1765357200000,100000.0,0.0,12
1765360800000,100000.0,0.0,12
1765364400000,100000.0,0.0,12
1765368000000,100000.0,0.0,12
1765371600000,100000.0,0.0,12
1765375200000,100000.0,0.0,12
1765378800000,100000.0,0.0,12
1765382400000,100000.0,0.0,12
1765386000000,100000.0,0.0,12
1765389600000,100000.0,0.0,12
1765393200000,100000.0,0.0,12
1765396800000,100000.0,0.0,12
1765400400000,100000.0,0.0,12
1765404000000,100000.0,0.0,12
1765407600000,100000.0,0.0,12
1765411200000,100000.0,0.0,12
1765414800000,100000.0,0.0,12
1765418400000,100000.0,0.0,12
1765422000000,100000.0,0.0,12
1765425600000,100000.0,0.0,12
1765429200000,100000.0,0.0,12
1765432800000,100000.0,0.0,12
1765436400000,100000.0,0.0,12
1765440000000,100000.0,0.0,12
1765443600000,100000.0,0.0,12
1765447200000,100000.0,0.0,12
1765450800000,100000.0,0.0,12
1765454400000,100000.0,0.0,12
1765458000000,100000.0,0.0,12
1765461600000,100000.0,0.0,12
1765465200000,100000.0,0.0,12
1765468800000,100000.0,0.0,12
1765472400000,100000.0,0.0,12
1765476000000,100000.0,0.0,12
1765479600000,100000.0,0.0,12
1765483200000,100000.0,0.0,12
1765486800000,100000.0,0.0,12
1765490400000,100000.0,0.0,12
1765494000000,100000.0,0.0,12
1765497600000,100000.0,0.0,12
1765501200000,100000.0,0.0,12
1765504800000,100000.0,0.0,12
1765508400000,100000.0,0.0,12
1765512000000,100000.0,0.0,12
1765515600000,100000.0,0.0,12
1765519200000,100000.0,0.0,12
1765522800000,100000.0,0.0,12
1765526400000,100000.0,0.0,12
1765530000000,100000.0,0.0,12
1765533600000,100000.0,0.0,12
1765537200000,100000.0,0.0,12
1765540800000,100000.0,0.0,12
1765544400000,100000.0,0.0,12
1765548000000,100000.0,0.0,12
1765551600000,100000.0,0.0,12
1765555200000,100000.0,0.0,12
1765558800000,100000.0,0.0,12
1765562400000,100000.0,0.0,12
1765566000000,100000.0,0.0,12
1765569600000,100000.0,0.0,12
1765573200000,100000.0,0.0,12
1765576800000,100000.0,0.0,12
1765580400000,100000.0,0.0,12
1765584000000,100000.0,0.0,12
1765587600000,100000.0,0.0,12
1765591200000,100000.0,0.0,12
1765594800000,100000.0,0.0,12
1765598400000,100000.0,0.0,12
1765602000000,100000.0,0.0,12
1765605600000,100000.0,0.0,12
1765609200000,100000.0,0.0,12
1765612800000,100000.0,0.0,12
1765616400000,100000.0,0.0,12
1765620000000,100000.0,0.0,12
1765623600000,100000.0,0.0,12
1765627200000,100000.0,0.0,12
1765630800000,100000.0,0.0,12
1765634400000,100000.0,0.0,12
1765638000000,100000.0,0.0,12
1765641600000,100000.0,0.0,12
1765645200000,100000.0,0.0,12
1765648800000,100000.0,0.0,12
1765652400000,100000.0,0.0,12
1765656000000,100000.0,0.0,12
1765659600000,100000.0,0.0,12
1765663200000,100000.0,0.0,12
1765666800000,100000.0,0.0,12
1765670400000,100000.0,0.0,12
1765674000000,100000.0,0.0,12
1765677600000,100000.0,0.0,12
1765681200000,100000.0,0.0,12
1765684800000,100000.0,0.0,12
1765688400000,100000.0,0.0,12
1765692000000,100000.0,0.0,12
1765695600000,100000.0,0.0,12
1765699200000,100000.0,0.0,12
1765702800000,100000.0,0.0,12
1765706400000,100000.0,0.0,12
1765710000000,100000.0,0.0,12
1765713600000,100000.0,0.0,12
1765717200000,100000.0,0.0,12
1765720800000,100000.0,0.0,12
1765724400000,100000.0,0.0,12
1765728000000,100000.0,0.0,12
1765731600000,100000.0,0.0,12
1765735200000,100000.0,0.0,12
1765738800000,100000.0,0.0,12
1765742400000,100000.0,0.0,12
1765746000000,100000.0,0.0,12
1765749600000,100000.0,0.0,12
1765753200000,100000.0,0.0,12
1765756800000,100000.0,0.0,12
1765760400000,100000.0,0.0,12
1765764000000,100000.0,0.0,12
1765767600000,100000.0,0.0,12
1765771200000,100000.0,0.0,12
1765774800000,100000.0,0.0,12
1765778400000,100000.0,0.0,12
1765782000000,100000.0,0.0,12
1765785600000,100000.0,0.0,12
1765789200000,100000.0,0.0,12
1765792800000,100000.0,0.0,12
1765796400000,100000.0,0.0,12
1765800000000,100000.0,0.0,12
1765803600000,100000.0,0.0,12
1765807200000,100000.0,0.0,12
1765810800000,100000.0,0.0,12
1765814400000,100000.0,0.0,12
1765818000000,100000.0,0.0,12
1765821600000,100000.0,0.0,12
1765825200000,100000.0,0.0,12
1765828800000,100000.0,0.0,12
1765832400000,100000.0,0.0,12
1765836000000,100000.0,0.0,12
1765839600000,100000.0,0.0,12
1765843200000,100000.0,0.0,12
1765843200000,100000.0,0.0,13
1765846800000,100000.0,0.0,13
1765850400000,100000.0,0.0,13
1765854000000,100000.0,0.0,13
1765857600000,100000.0,0.0,13
1765861200000,100000.0,0.0,13
1765864800000,100000.0,0.0,13
1765868400000,100000.0,0.0,13
1765872000000,100000.0,0.0,13
1765875600000,100000.0,0.0,13
1765879200000,100000.0,0.0,13
1765882800000,100000.0,0.0,13
1765886400000,100000.0,0.0,13
1765890000000,100000.0,0.0,13
1765893600000,100000.0,0.0,13
1765897200000,100000.0,0.0,13
1765900800000,100000.0,0.0,13
1765904400000,100000.0,0.0,13
1765908000000,100000.0,0.0,13
1765911600000,100000.0,0.0,13
1765915200000,100000.0,0.0,13
1765918800000,100000.0,0.0,13
1765922400000,100000.0,0.0,13
1765926000000,100000.0,0.0,13
1765929600000,100000.0,0.0,13
1765933200000,100000.0,0.0,13
1765936800000,100000.0,0.0,13
1765940400000,100000.0,0.0,13
1765944000000,100000.0,0.0,13
1765947600000,100000.0,0.0,13
1765951200000,100000.0,0.0,13
1765954800000,100000.0,0.0,13
1765958400000,100000.0,0.0,13
1765962000000,100000.0,0.0,13
1765965600000,100000.0,0.0,13
1765969200000,100000.0,0.0,13
1765972800000,100000.0,0.0,13
1765976400000,100000.0,0.0,13
1765980000000,100000.0,0.0,13
1765983600000,100000.0,0.0,13
1765987200000,100000.0,0.0,13
1765990800000,100000.0,0.0,13
1765994400000,100000.0,0.0,13
1765998000000,100000.0,0.0,13
1766001600000,100000.0,0.0,13
1766005200000,100000.0,0.0,13
1766008800000,100000.0,0.0,13
1766012400000,100000.0,0.0,13
1766016000000,100000.0,0.0,13
1766019600000,100000.0,0.0,13
1766023200000,100000.0,0.0,13
1766026800000,100000.0,0.0,13
1766030400000,100000.0,0.0,13
1766034000000,100000.0,0.0,13
1766037600000,100000.0,0.0,13
1766041200000,100000.0,0.0,13
1766044800000,100000.0,0.0,13
1766048400000,100000.0,0.0,13
1766052000000,100000.0,0.0,13
1766055600000,100000.0,0.0,13
1766059200000,100000.0,0.0,13
1766062800000,100000.0,0.0,13
1766066400000,100000.0,0.0,13
1766070000000,100000.0,0.0,13
1766073600000,100000.0,0.0,13
1766077200000,100000.0,0.0,13
1766080800000,100000.0,0.0,13
1766084400000,100000.0,0.0,13
1766088000000,100000.0,0.0,13
1766091600000,100000.0,0.0,13
1766095200000,100000.0,0.0,13
1766098800000,100000.0,0.0,13
1766102400000,100000.0,0.0,13
1766106000000,100000.0,0.0,13
1766109600000,100000.0,0.0,13
1766113200000,100000.0,0.0,13
1766116800000,100000.0,0.0,13
1766120400000,100000.0,0.0,13
1766124000000,100000.0,0.0,13
1766127600000,100000.0,0.0,13
1766131200000,100000.0,0.0,13
1766134800000,100000.0,0.0,13
1766138400000,100000.0,0.0,13
1766142000000,100000.0,0.0,13
1766145600000,100000.0,0.0,13
1766149200000,100000.0,0.0,13
1766152800000,100000.0,0.0,13
1766156400000,100000.0,0.0,13
1766160000000,100000.0,0.0,13
1766163600000,100000.0,0.0,13
1766167200000,100000.0,0.0,13
1766170800000,100000.0,0.0,13
1766174400000,100000.0,0.0,13
1766178000000,100000.0,0.0,13
1766181600000,100000.0,0.0,13
1766185200000,100000.0,0.0,13
1766188800000,100000.0,0.0,13
1766192400000,100000.0,0.0,13
1766196000000,100000.0,0.0,13
1766199600000,100000.0,0.0,13
1766203200000,100000.0,0.0,13
1766206800000,100000.0,0.0,13
1766210400000,100000.0,0.0,13
1766214000000,100000.0,0.0,13
1766217600000,100000.0,0.0,13
1766221200000,100000.0,0.0,13
1766224800000,100000.0,0.0,13
1766228400000,100000.0,0.0,13
1766232000000,100000.0,0.0,13
1766235600000,100000.0,0.0,13
1766239200000,100000.0,0.0,13
1766242800000,100000.0,0.0,13
1766246400000,100000.0,0.0,13
1766250000000,100000.0,0.0,13
1766253600000,100000.0,0.0,13
1766257200000,100000.0,0.0,13
1766260800000,100000.0,0.0,13
1766264400000,100000.0,0.0,13
1766268000000,100000.0,0.0,13
1766271600000,100000.0,0.0,13
1766275200000,100000.0,0.0,13
1766278800000,100000.0,0.0,13
1766282400000,100000.0,0.0,13
1766286000000,100000.0,0.0,13
1766289600000,100000.0,0.0,13
1766293200000,100000.0,0.0,13
1766296800000,100000.0,0.0,13
1766300400000,100000.0,0.0,13
1766304000000,100000.0,0.0,13
1766307600000,100000.0,0.0,13
1766311200000,100000.0,0.0,13
1766314800000,100000.0,0.0,13
1766318400000,100000.0,0.0,13
1766322000000,100000.0,0.0,13
1766325600000,100000.0,0.0,13
1766329200000,100000.0,0.0,13
1766332800000,100000.0,0.0,13
1766336400000,100000.0,0.0,13
1766340000000,100000.0,0.0,13
1766343600000,100000.0,0.0,13
1766347200000,100000.0,0.0,13
1766350800000,100000.0,0.0,13
1766354400000,100000.0,0.0,13
1766358000000,100000.0,0.0,13
1766361600000,100000.0,0.0,13
1766365200000,100000.0,0.0,13
1766368800000,100000.0,0.0,13
1766372400000,100000.0,0.0,13
1766376000000,100000.0,0.0,13
1766379600000,100000.0,0.0,13
1766383200000,100000.0,0.0,13
1766386800000,100000.0,0.0,13
1766390400000,100000.0,0.0,13
1766394000000,100000.0,0.0,13
1766397600000,100000.0,0.0,13
1766401200000,100000.0,0.0,13
1766404800000,100000.0,0.0,13
1766408400000,100000.0,0.0,13
1766412000000,100000.0,0.0,13
1766415600000,100000.0,0.0,13
1766419200000,100000.0,0.0,13
1766422800000,100000.0,0.0,13
1766426400000,100000.0,0.0,13
1766430000000,100000.0,0.0,13
1766433600000,100000.0,0.0,13
1766437200000,100000.0,0.0,13
1766440800000,100000.0,0.0,13
1766444400000,100000.0,0.0,13
1766448000000,100000.0,0.0,13
1766451600000,100000.0,0.0,13
1766455200000,100000.0,0.0,13
1766458800000,100000.0,0.0,13
1766462400000,100000.0,0.0,13
1766466000000,100000.0,0.0,13
1766469600000,100000.0,0.0,13
1766473200000,100000.0,0.0,13
1766476800000,100000.0,0.0,13
1766480400000,100000.0,0.0,13
1766484000000,100000.0,0.0,13
1766487600000,100000.0,0.0,13
1766491200000,100000.0,0.0,13
1766494800000,100000.0,0.0,13
1766498400000,100000.0,0.0,13
1766502000000,100000.0,0.0,13
1766505600000,100000.0,0.0,13
1766509200000,100000.0,0.0,13
1766512800000,100000.0,0.0,13
1766516400000,100000.0,0.0,13
1766520000000,100000.0,0.0,13
1766523600000,100000.0,0.0,13
1766527200000,100000.0,0.0,13
1766530800000,100000.0,0.0,13
1766534400000,100000.0,0.0,13
1766538000000,100000.0,0.0,13
1766541600000,100000.0,0.0,13
1766545200000,100000.0,0.0,13
1766548800000,100000.0,0.0,13
1766552400000,100000.0,0.0,13
1766556000000,100000.0,0.0,13
1766559600000,100000.0,0.0,13
1766563200000,100000.0,0.0,13
1766566800000,100000.0,0.0,13
1766570400000,100000.0,0.0,13
1766574000000,100000.0,0.0,13
1766577600000,100000.0,0.0,13
1766581200000,100000.0,0.0,13
1766584800000,100000.0,0.0,13
1766588400000,100000.0,0.0,13
1766592000000,100000.0,0.0,13
1766595600000,100000.0,0.0,13
1766599200000,100000.0,0.0,13
1766602800000,100000.0,0.0,13
1766606400000,100000.0,0.0,13
1766610000000,100000.0,0.0,13
1766613600000,100000.0,0.0,13
1766617200000,100000.0,0.0,13
1766620800000,100000.0,0.0,13
1766624400000,100000.0,0.0,13
1766628000000,100000.0,0.0,13
1766631600000,100000.0,0.0,13
1766635200000,100000.0,0.0,13
1766638800000,100000.0,0.0,13
1766642400000,100000.0,0.0,13
1766646000000,100000.0,0.0,13
1766649600000,100000.0,0.0,13
1766653200000,100000.0,0.0,13
1766656800000,100000.0,0.0,13
1766660400000,100000.0,0.0,13
1766664000000,100000.0,0.0,13
1766667600000,100000.0,0.0,13
1766671200000,100000.0,0.0,13
1766674800000,100000.0,0.0,13
1766678400000,100000.0,0.0,13
1766682000000,100000.0,0.0,13
1766685600000,100000.0,0.0,13
1766689200000,100000.0,0.0,13
1766692800000,100000.0,0.0,13
1766696400000,100000.0,0.0,13
1766700000000,100000.0,0.0,13
1766703600000,100000.0,0.0,13
1766707200000,100000.0,0.0,13
1766710800000,100000.0,0.0,13
1766714400000,100000.0,0.0,13
1766718000000,100000.0,0.0,13
1766721600000,100000.0,0.0,13
1766725200000,100000.0,0.0,13
1766728800000,100000.0,0.0,13
1766732400000,100000.0,0.0,13
1766736000000,100000.0,0.0,13
1766739600000,100000.0,0.0,13
1766743200000,100000.0,0.0,13
1766746800000,100000.0,0.0,13
1766750400000,100000.0,0.0,13
1766754000000,100000.0,0.0,13
1766757600000,100000.0,0.0,13
1766761200000,100000.0,0.0,13
1766764800000,100000.0,0.0,13
1766768400000,100000.0,0.0,13
1766772000000,100000.0,0.0,13
1766775600000,100000.0,0.0,13
1766779200000,100000.0,0.0,13
1766782800000,100000.0,0.0,13
1766786400000,100000.0,0.0,13
1766790000000,100000.0,0.0,13
1766793600000,100000.0,0.0,13
1766797200000,100000.0,0.0,13
1766800800000,100000.0,0.0,13
1766804400000,100000.0,0.0,13
1766808000000,100000.0,0.0,13
1766811600000,100000.0,0.0,13
1766815200000,100000.0,0.0,13
1766818800000,100000.0,0.0,13
1766822400000,100000.0,0.0,13
1766826000000,100000.0,0.0,13
1766829600000,100000.0,0.0,13
1766833200000,100000.0,0.0,13
1766836800000,100000.0,0.0,13
1766840400000,100000.0,0.0,13
1766844000000,100000.0,0.0,13
1766847600000,100000.0,0.0,13
1766851200000,100000.0,0.0,13
1766854800000,100000.0,0.0,13
1766858400000,100000.0,0.0,13
1766862000000,100000.0,0.0,13
1766865600000,100000.0,0.0,13
1766869200000,100000.0,0.0,13
1766872800000,100000.0,0.0,13
1766876400000,100000.0,0.0,13
1766880000000,100000.0,0.0,13
1766883600000,100000.0,0.0,13
1766887200000,100000.0,0.0,13
1766890800000,100000.0,0.0,13
1766894400000,100000.0,0.0,13
1766898000000,100000.0,0.0,13
1766901600000,100000.0,0.0,13
1766905200000,100000.0,0.0,13
1766908800000,100000.0,0.0,13
1766912400000,100000.0,0.0,13
1766916000000,100000.0,0.0,13
1766919600000,100000.0,0.0,13
1766923200000,100000.0,0.0,13
1766926800000,100000.0,0.0,13
1766930400000,100000.0,0.0,13
1766934000000,100000.0,0.0,13
1766937600000,100000.0,0.0,13
1766941200000,100000.0,0.0,13
1766944800000,100000.0,0.0,13
1766948400000,100000.0,0.0,13
1766952000000,100000.0,0.0,13
1766955600000,100000.0,0.0,13
1766959200000,100000.0,0.0,13
1766962800000,100000.0,0.0,13
1766966400000,100000.0,0.0,13
1766970000000,100000.0,0.0,13
1766973600000,100000.0,0.0,13
1766977200000,100000.0,0.0,13
1766980800000,100000.0,0.0,13
1766984400000,100000.0,0.0,13
1766988000000,100000.0,0.0,13
1766991600000,100000.0,0.0,13
1766995200000,100000.0,0.0,13
1766998800000,100000.0,0.0,13
1767002400000,100000.0,0.0,13
1767006000000,100000.0,0.0,13
1767009600000,100000.0,0.0,13
1767013200000,100000.0,0.0,13
1767016800000,100000.0,0.0,13
1767020400000,100000.0,0.0,13
1767024000000,100000.0,0.0,13
1767027600000,100000.0,0.0,13
1767031200000,100000.0,0.0,13
1767034800000,100000.0,0.0,13
1767038400000,100000.0,0.0,13
1767042000000,100000.0,0.0,13
1767045600000,100000.0,0.0,13
1767049200000,100000.0,0.0,13
1767052800000,100000.0,0.0,13
