timestamp,equity,gross_weight,episode
1767225600000,100000.0,0.0,1
1767229200000,100000.0,0.0,1
1767232800000,100000.0,0.0,1
1767236400000,100000.0,0.0,1
1767240000000,100000.0,0.0,1
1767243600000,100000.0,0.0,1
1767247200000,100000.0,0.0,1
1767250800000,100000.0,0.0,1
1767254400000,100000.0,0.0,1
1767258000000,100000.0,0.0,1
1767261600000,100000.0,0.0,1
1767265200000,100000.0,0.0,1
1767268800000,100000.0,0.0,1
1767272400000,100000.0,0.0,1
1767276000000,100000.0,0.0,1
1767279600000,100000.0,0.0,1
1767283200000,100000.0,0.0,1
1767286800000,100000.0,0.0,1
1767290400000,100000.0,0.0,1
1767294000000,100000.0,0.0,1
1767297600000,100000.0,0.0,1
1767301200000,100000.0,0.0,1
1767304800000,100000.0,0.0,1
1767308400000,100000.0,0.0,1
1767312000000,100000.0,0.0,1
1767315600000,100000.0,0.0,1
1767319200000,100000.0,0.0,1
1767322800000,100000.0,0.0,1
1767326400000,100000.0,0.0,1
1767330000000,100000.0,0.0,1
1767333600000,100000.0,0.0,1
1767337200000,100000.0,0.0,1
1767340800000,100000.0,0.0,1
1767344400000,100000.0,0.0,1
1767348000000,100000.0,0.0,1
1767351600000,100000.0,0.0,1
1767355200000,100000.0,0.0,1
1767358800000,100000.0,0.0,1
1767362400000,100000.0,0.0,1
1767366000000,100000.0,0.0,1
1767369600000,100000.0,0.0,1
1767373200000,100000.0,0.0,1
1767376800000,100000.0,0.0,1
1767380400000,100000.0,0.0,1
1767384000000,100000.0,0.0,1
1767387600000,100000.0,0.0,1
1767391200000,100000.0,0.0,1
1767394800000,100000.0,0.0,1
1767398400000,100000.0,0.0,1
1767402000000,100000.0,0.0,1
1767405600000,100000.0,0.0,1
1767409200000,100000.0,0.0,1
1767412800000,100000.0,0.0,1
1767416400000,100000.0,0.0,1
1767420000000,100000.0,0.0,1
1767423600000,100000.0,0.0,1
1767427200000,100000.0,0.0,1
1767430800000,100000.0,0.0,1
1767434400000,100000.0,0.0,1
1767438000000,100000.0,0.0,1
1767441600000,100000.0,0.0,1
1767445200000,100000.0,0.0,1
1767448800000,100000.0,0.0,1
1767452400000,100000.0,0.0,1
1767456000000,100000.0,0.0,1
1767459600000,100000.0,0.0,1
1767463200000,100000.0,0.0,1
1767466800000,100000.0,0.0,1
1767470400000,100000.0,0.0,1
1767474000000,100000.0,0.0,1
1767477600000,100000.0,0.0,1
1767481200000,100000.0,0.0,1
1767484800000,100000.0,0.0,1
1767488400000,100000.0,0.0,1
1767492000000,100000.0,0.0,1
1767495600000,100000.0,0.0,1
1767499200000,100000.0,0.0,1
1767502800000,100000.0,0.0,1
1767506400000,100000.0,0.0,1
1767510000000,100000.0,0.0,1
1767513600000,100000.0,0.0,1
1767517200000,100000.0,0.0,1
1767520800000,100000.0,0.0,1
1767524400000,100000.0,0.0,1
1767528000000,100000.0,0.0,1
1767531600000,100000.0,0.0,1
1767535200000,100000.0,0.0,1
1767538800000,100000.0,0.0,1
1767542400000,100000.0,0.0,1
1767546000000,100000.0,0.0,1
1767549600000,100000.0,0.0,1
1767553200000,100000.0,0.0,1
1767556800000,100000.0,0.0,1
1767560400000,100000.0,0.0,1
1767564000000,100000.0,0.0,1
1767567600000,100000.0,0.0,1
1767571200000,100000.0,0.0,1
1767574800000,100000.0,0.0,1
1767578400000,100000.0,0.0,1
1767582000000,100000.0,0.0,1
1767585600000,100000.0,0.0,1
1767589200000,100000.0,0.0,1
1767592800000,100000.0,0.0,1
1767596400000,100000.0,0.0,1
1767600000000,100000.0,0.0,1
1767603600000,100000.0,0.0,1
1767607200000,100000.0,0.0,1
1767610800000,100000.0,0.0,1
1767614400000,100000.0,0.0,1
1767618000000,100000.0,0.0,1
1767621600000,100000.0,0.0,1
1767625200000,100000.0,0.0,1
1767628800000,100000.0,0.0,1
1767632400000,100000.0,0.0,1
1767636000000,100000.0,0.0,1
1767639600000,100000.0,0.0,1
1767643200000,100000.0,0.0,1
1767646800000,100000.0,0.0,1
1767650400000,100000.0,0.0,1
1767654000000,100000.0,0.0,1
1767657600000,100000.0,0.0,1
1767661200000,100000.0,0.0,1
1767664800000,100000.0,0.0,1
1767668400000,100000.0,0.0,1
1767672000000,100000.0,0.0,1
1767675600000,100000.0,0.0,1
1767679200000,100000.0,0.0,1
1767682800000,100000.0,0.0,1
1767686400000,100000.0,0.0,1
1767690000000,100000.0,0.0,1
1767693600000,100000.0,0.0,1
1767697200000,100000.0,0.0,1
1767700800000,100000.0,0.0,1
1767704400000,100000.0,0.0,1
1767708000000,100000.0,0.0,1
1767711600000,100000.0,0.0,1
1767715200000,100000.0,0.0,1
1767718800000,100000.0,0.0,1
1767722400000,100000.0,0.0,1
1767726000000,100000.0,0.0,1
1767729600000,100000.0,0.0,1
1767733200000,100000.0,0.0,1
1767736800000,100000.0,0.0,1
1767740400000,100000.0,0.0,1
1767744000000,100000.0,0.0,1
1767747600000,100000.0,0.0,1
1767751200000,100000.0,0.0,1
1767754800000,100000.0,0.0,1
1767758400000,100000.0,0.0,1
1767762000000,100000.0,0.0,1
1767765600000,100000.0,0.0,1
1767769200000,100000.0,0.0,1
1767772800000,100000.0,0.0,1
1767776400000,100000.0,0.0,1
1767780000000,100000.0,0.0,1
1767783600000,100000.0,0.0,1
1767787200000,100000.0,0.0,1
1767790800000,100000.0,0.0,1
1767794400000,100000.0,0.0,1
1767798000000,100000.0,0.0,1
1767801600000,100000.0,0.0,1
1767805200000,100000.0,0.0,1
1767808800000,100000.0,0.0,1
1767812400000,100000.0,0.0,1
1767816000000,100000.0,0.0,1
1767819600000,100000.0,0.0,1
1767823200000,100000.0,0.0,1
1767826800000,100000.0,0.0,1
1767830400000,100000.0,0.0,1
1767834000000,100000.0,0.0,1
1767837600000,100000.0,0.0,1
1767841200000,100000.0,0.0,1
1767844800000,100000.0,0.0,1
1767848400000,100000.0,0.0,1
1767852000000,100000.0,0.0,1
1767855600000,100000.0,0.0,1
1767859200000,100000.0,0.0,1
1767862800000,100000.0,0.0,1
1767866400000,100000.0,0.0,1
1767870000000,100000.0,0.0,1
1767873600000,100000.0,0.0,1
1767877200000,100000.0,0.0,1
1767880800000,100000.0,0.0,1
1767884400000,100000.0,0.0,1
1767888000000,100000.0,0.0,1
1767891600000,100000.0,0.0,1
1767895200000,100000.0,0.0,1
1767898800000,100000.0,0.0,1
1767902400000,100000.0,0.0,1
1767906000000,100000.0,0.0,1
1767909600000,100000.0,0.0,1
1767913200000,100000.0,0.0,1
1767916800000,100000.0,0.0,1
1767920400000,100000.0,0.0,1
1767924000000,100000.0,0.0,1
1767927600000,100000.0,0.0,1
1767931200000,100000.0,0.0,1
1767934800000,100000.0,0.0,1
1767938400000,100000.0,0.0,1
1767942000000,100000.0,0.0,1
1767945600000,100000.0,0.0,1
1767949200000,100000.0,0.0,1
1767952800000,100000.0,0.0,1
1767956400000,100000.0,0.0,1
1767960000000,100000.0,0.0,1
1767963600000,100000.0,0.0,1
1767967200000,100000.0,0.0,1
1767970800000,100000.0,0.0,1
1767974400000,100000.0,0.0,1
1767978000000,100000.0,0.0,1
1767981600000,100000.0,0.0,1
1767985200000,100000.0,0.0,1
1767988800000,100000.0,0.0,1
1767992400000,100000.0,0.0,1
1767996000000,100000.0,0.0,1
1767999600000,100000.0,0.0,1
1768003200000,100000.0,0.0,1
1768006800000,100000.0,0.0,1
1768010400000,100000.0,0.0,1
1768014000000,100000.0,0.0,1
1768017600000,100000.0,0.0,1
1768021200000,100000.0,0.0,1
1768024800000,100000.0,0.0,1
1768028400000,100000.0,0.0,1
1768032000000,100000.0,0.0,1
1768035600000,100000.0,0.0,1
1768039200000,100000.0,0.0,1
1768042800000,100000.0,0.0,1
1768046400000,100000.0,0.0,1
1768050000000,100000.0,0.0,1
1768053600000,100000.0,0.0,1
1768057200000,100000.0,0.0,1
1768060800000,100000.0,0.0,1
1768064400000,100000.0,0.0,1
1768068000000,100000.0,0.0,1
1768071600000,100000.0,0.0,1
1768075200000,100000.0,0.0,1
1768078800000,100000.0,0.0,1
1768082400000,100000.0,0.0,1
1768086000000,100000.0,0.0,1
1768089600000,100000.0,0.0,1
1768093200000,100000.0,0.0,1
1768096800000,100000.0,0.0,1
1768100400000,100000.0,0.0,1
1768104000000,100000.0,0.0,1
1768107600000,100000.0,0.0,1
1768111200000,100000.0,0.0,1
1768114800000,100000.0,0.0,1
1768118400000,100000.0,0.0,1
1768122000000,100000.0,0.0,1
1768125600000,100000.0,0.0,1
1768129200000,100000.0,0.0,1
1768132800000,100000.0,0.0,1
1768136400000,100000.0,0.0,1
1768140000000,100000.0,0.0,1
1768143600000,100000.0,0.0,1
1768147200000,100000.0,0.0,1
1768150800000,100000.0,0.0,1
1768154400000,100000.0,0.0,1
1768158000000,100000.0,0.0,1
1768161600000,100000.0,0.0,1
1768165200000,100000.0,0.0,1
1768168800000,100000.0,0.0,1
1768172400000,100000.0,0.0,1
1768176000000,100000.0,0.0,1
1768179600000,100000.0,0.0,1
1768183200000,100000.0,0.0,1
1768186800000,100000.0,0.0,1
1768190400000,100000.0,0.0,1
1768194000000,100000.0,0.0,1
1768197600000,100000.0,0.0,1
1768201200000,100000.0,0.0,1
1768204800000,100000.0,0.0,1
1768208400000,100000.0,0.0,1
1768212000000,100000.0,0.0,1
1768215600000,100000.0,0.0,1
1768219200000,100000.0,0.0,1
1768222800000,100000.0,0.0,1
1768226400000,100000.0,0.0,1
1768230000000,100000.0,0.0,1
1768233600000,100000.0,0.0,1
1768237200000,100000.0,0.0,1
1768240800000,100000.0,0.0,1
1768244400000,100000.0,0.0,1
1768248000000,100000.0,0.0,1
1768251600000,100000.0,0.0,1
1768255200000,100000.0,0.0,1
1768258800000,100000.0,0.0,1
1768262400000,100000.0,0.0,1
1768266000000,100000.0,0.0,1
1768269600000,100000.0,0.0,1
1768273200000,100000.0,0.0,1
1768276800000,100000.0,0.0,1
1768280400000,100000.0,0.0,1
1768284000000,100000.0,0.0,1
1768287600000,100000.0,0.0,1
1768291200000,100000.0,0.0,1
1768294800000,100000.0,0.0,1
1768298400000,100000.0,0.0,1
1768302000000,100000.0,0.0,1
1768305600000,100000.0,0.0,1
1768309200000,100000.0,0.0,1
1768312800000,100000.0,0.0,1
1768316400000,100000.0,0.0,1
1768320000000,100000.0,0.0,1
1768323600000,100000.0,0.0,1
1768327200000,100000.0,0.0,1
1768330800000,100000.0,0.0,1
1768334400000,100000.0,0.0,1
1768338000000,100000.0,0.0,1
1768341600000,100000.0,0.0,1
1768345200000,100000.0,0.0,1
1768348800000,100000.0,0.0,1
1768352400000,100000.0,0.0,1
1768356000000,100000.0,0.0,1
1768359600000,100000.0,0.0,1
1768363200000,100000.0,0.0,1
1768366800000,100000.0,0.0,1
1768370400000,100000.0,0.0,1
1768374000000,100000.0,0.0,1
1768377600000,100000.0,0.0,1
1768381200000,100000.0,0.0,1
1768384800000,100000.0,0.0,1
1768388400000,100000.0,0.0,1
1768392000000,100000.0,0.0,1
1768395600000,100000.0,0.0,1
1768399200000,100000.0,0.0,1
1768402800000,100000.0,0.0,1
1768406400000,100000.0,0.0,1
1768410000000,100000.0,0.0,1
1768413600000,100000.0,0.0,1
1768417200000,100000.0,0.0,1
1768420800000,100000.0,0.0,1
1768424400000,100000.0,0.0,1
1768428000000,100000.0,0.0,1
1768431600000,100000.0,0.0,1
1768435200000,100000.0,0.0,1
1768435200000,100000.0,0.0,2
1768438800000,100000.0,0.0,2
1768442400000,100000.0,0.0,2
1768446000000,100000.0,0.0,2
1768449600000,100000.0,0.0,2
1768453200000,100000.0,0.0,2
1768456800000,100000.0,0.0,2
1768460400000,100000.0,0.0,2
1768464000000,100000.0,0.0,2
1768467600000,100000.0,0.0,2
1768471200000,100000.0,0.0,2
1768474800000,100000.0,0.0,2
1768478400000,100000.0,0.0,2
1768482000000,100000.0,0.0,2
1768485600000,100000.0,0.0,2
1768489200000,100000.0,0.0,2
1768492800000,100000.0,0.0,2
1768496400000,100000.0,0.0,2
1768500000000,100000.0,0.0,2
1768503600000,100000.0,0.0,2
1768507200000,100000.0,0.0,2
1768510800000,100000.0,0.0,2
1768514400000,100000.0,0.0,2
1768518000000,100000.0,0.0,2
1768521600000,100000.0,0.0,2
1768525200000,100000.0,0.0,2
1768528800000,100000.0,0.0,2
1768532400000,100000.0,0.0,2
1768536000000,100000.0,0.0,2
1768539600000,100000.0,0.0,2
1768543200000,100000.0,0.0,2
1768546800000,100000.0,0.0,2
1768550400000,100000.0,0.0,2
1768554000000,100000.0,0.0,2
1768557600000,100000.0,0.0,2
1768561200000,100000.0,0.0,2
1768564800000,100000.0,0.0,2
1768568400000,100000.0,0.0,2
1768572000000,100000.0,0.0,2
1768575600000,100000.0,0.0,2
1768579200000,100000.0,0.0,2
1768582800000,100000.0,0.0,2
1768586400000,100000.0,0.0,2
1768590000000,100000.0,0.0,2
1768593600000,100000.0,0.0,2
1768597200000,100000.0,0.0,2
1768600800000,100000.0,0.0,2
1768604400000,100000.0,0.0,2
1768608000000,100000.0,0.0,2
1768611600000,100000.0,0.0,2
1768615200000,100000.0,0.0,2
1768618800000,100000.0,0.0,2
1768622400000,100000.0,0.0,2
1768626000000,100000.0,0.0,2
1768629600000,100000.0,0.0,2
1768633200000,100000.0,0.0,2
1768636800000,100000.0,0.0,2
1768640400000,100000.0,0.0,2
1768644000000,100000.0,0.0,2
1768647600000,100000.0,0.0,2
1768651200000,100000.0,0.0,2
1768654800000,100000.0,0.0,2
1768658400000,100000.0,0.0,2
1768662000000,100000.0,0.0,2
1768665600000,100000.0,0.0,2
1768669200000,100000.0,0.0,2
1768672800000,100000.0,0.0,2
1768676400000,100000.0,0.0,2
1768680000000,100000.0,0.0,2
1768683600000,100000.0,0.0,2
1768687200000,100000.0,0.0,2
1768690800000,100000.0,0.0,2
1768694400000,100000.0,0.0,2
1768698000000,100000.0,0.0,2
1768701600000,100000.0,0.0,2
1768705200000,100000.0,0.0,2
1768708800000,100000.0,0.0,2
1768712400000,100000.0,0.0,2
1768716000000,100000.0,0.0,2
1768719600000,100000.0,0.0,2
1768723200000,100000.0,0.0,2
1768726800000,100000.0,0.0,2
1768730400000,100000.0,0.0,2
1768734000000,100000.0,0.0,2
1768737600000,100000.0,0.0,2
1768741200000,100000.0,0.0,2
1768744800000,100000.0,0.0,2
1768748400000,100000.0,0.0,2
1768752000000,100000.0,0.0,2
1768755600000,100000.0,0.0,2
1768759200000,100000.0,0.0,2
1768762800000,100000.0,0.0,2
1768766400000,100000.0,0.0,2
1768770000000,100000.0,0.0,2
1768773600000,100000.0,0.0,2
1768777200000,100000.0,0.0,2
1768780800000,100000.0,0.0,2
1768784400000,100000.0,0.0,2
1768788000000,100000.0,0.0,2
1768791600000,100000.0,0.0,2
1768795200000,100000.0,0.0,2
1768798800000,100000.0,0.0,2
1768802400000,100000.0,0.0,2
1768806000000,100000.0,0.0,2
1768809600000,100000.0,0.0,2
1768813200000,100000.0,0.0,2
1768816800000,100000.0,0.0,2
1768820400000,100000.0,0.0,2
1768824000000,100000.0,0.0,2
1768827600000,100000.0,0.0,2
1768831200000,100000.0,0.0,2
1768834800000,100000.0,0.0,2
1768838400000,100000.0,0.0,2
1768842000000,100000.0,0.0,2
1768845600000,100000.0,0.0,2
1768849200000,100000.0,0.0,2
1768852800000,100000.0,0.0,2
1768856400000,100000.0,0.0,2
1768860000000,100000.0,0.0,2
1768863600000,100000.0,0.0,2
1768867200000,100000.0,0.0,2
1768870800000,100000.0,0.0,2
1768874400000,100000.0,0.0,2
1768878000000,100000.0,0.0,2
1768881600000,100000.0,0.0,2
1768885200000,100000.0,0.0,2
1768888800000,100000.0,0.0,2
1768892400000,100000.0,0.0,2
1768896000000,100000.0,0.0,2
1768899600000,100000.0,0.0,2
1768903200000,100000.0,0.0,2
1768906800000,100000.0,0.0,2
1768910400000,100000.0,0.0,2
1768914000000,100000.0,0.0,2
1768917600000,100000.0,0.0,2
1768921200000,100000.0,0.0,2
1768924800000,100000.0,0.0,2
1768928400000,100000.0,0.0,2
1768932000000,100000.0,0.0,2
1768935600000,100000.0,0.0,2
1768939200000,100000.0,0.0,2
1768942800000,100000.0,0.0,2
1768946400000,100000.0,0.0,2
1768950000000,100000.0,0.0,2
1768953600000,100000.0,0.0,2
1768957200000,100000.0,0.0,2
1768960800000,100000.0,0.0,2
1768964400000,100000.0,0.0,2
1768968000000,100000.0,0.0,2
1768971600000,100000.0,0.0,2
1768975200000,100000.0,0.0,2
1768978800000,100000.0,0.0,2
1768982400000,100000.0,0.0,2
1768986000000,100000.0,0.0,2
1768989600000,100000.0,0.0,2
1768993200000,100000.0,0.0,2
1768996800000,100000.0,0.0,2
1769000400000,100000.0,0.0,2
1769004000000,100000.0,0.0,2
1769007600000,100000.0,0.0,2
1769011200000,100000.0,0.0,2
1769014800000,100000.0,0.0,2
1769018400000,100000.0,0.0,2
1769022000000,100000.0,0.0,2
1769025600000,100000.0,0.0,2
1769029200000,100000.0,0.0,2
1769032800000,100000.0,0.0,2
1769036400000,100000.0,0.0,2
1769040000000,100000.0,0.0,2
1769043600000,100000.0,0.0,2
1769047200000,100000.0,0.0,2
1769050800000,100000.0,0.0,2
1769054400000,100000.0,0.0,2
1769058000000,100000.0,0.0,2
1769061600000,100000.0,0.0,2
1769065200000,100000.0,0.0,2
1769068800000,100000.0,0.0,2
1769072400000,100000.0,0.0,2
1769076000000,100000.0,0.0,2
1769079600000,100000.0,0.0,2
1769083200000,100000.0,0.0,2
1769086800000,100000.0,0.0,2
1769090400000,100000.0,0.0,2
1769094000000,100000.0,0.0,2
1769097600000,100000.0,0.0,2
1769101200000,100000.0,0.0,2
1769104800000,100000.0,0.0,2
1769108400000,100000.0,0.0,2
1769112000000,100000.0,0.0,2
1769115600000,100000.0,0.0,2
1769119200000,100000.0,0.0,2
1769122800000,100000.0,0.0,2
1769126400000,100000.0,0.0,2
1769130000000,100000.0,0.0,2
1769133600000,100000.0,0.0,2
1769137200000,100000.0,0.0,2
1769140800000,100000.0,0.0,2
1769144400000,100000.0,0.0,2
1769148000000,100000.0,0.0,2
1769151600000,100000.0,0.0,2
1769155200000,100000.0,0.0,2
1769158800000,100000.0,0.0,2
1769162400000,100000.0,0.0,2
1769166000000,100000.0,0.0,2
1769169600000,100000.0,0.0,2
1769173200000,100000.0,0.0,2
1769176800000,100000.0,0.0,2
1769180400000,100000.0,0.0,2
1769184000000,100000.0,0.0,2
1769187600000,100000.0,0.0,2
1769191200000,100000.0,0.0,2
1769194800000,100000.0,0.0,2
1769198400000,100000.0,0.0,2
1769202000000,100000.0,0.0,2
1769205600000,100000.0,0.0,2
1769209200000,100000.0,0.0,2
1769212800000,100000.0,0.0,2
1769216400000,100000.0,0.0,2
1769220000000,100000.0,0.0,2
1769223600000,100000.0,0.0,2
1769227200000,100000.0,0.0,2
1769230800000,100000.0,0.0,2
1769234400000,100000.0,0.0,2
1769238000000,100000.0,0.0,2
1769241600000,100000.0,0.0,2
1769245200000,100000.0,0.0,2
1769248800000,100000.0,0.0,2
1769252400000,100000.0,0.0,2
1769256000000,100000.0,0.0,2
1769259600000,100000.0,0.0,2
1769263200000,100000.0,0.0,2
1769266800000,100000.0,0.0,2
1769270400000,100000.0,0.0,2
1769274000000,100000.0,0.0,2
1769277600000,100000.0,0.0,2
1769281200000,100000.0,0.0,2
1769284800000,100000.0,0.0,2
1769288400000,100000.0,0.0,2
1769292000000,100000.0,0.0,2
1769295600000,100000.0,0.0,2
1769299200000,100000.0,0.0,2
1769302800000,100000.0,0.0,2
1769306400000,100000.0,0.0,2
1769310000000,100000.0,0.0,2
1769313600000,100000.0,0.0,2
1769317200000,100000.0,0.0,2
1769320800000,100000.0,0.0,2
1769324400000,100000.0,0.0,2
1769328000000,100000.0,0.0,2
1769331600000,100000.0,0.0,2
1769335200000,100000.0,0.0,2
1769338800000,100000.0,0.0,2
1769342400000,100000.0,0.0,2
1769346000000,100000.0,0.0,2
1769349600000,100000.0,0.0,2
1769353200000,100000.0,0.0,2
1769356800000,100000.0,0.0,2
1769360400000,100000.0,0.0,2
1769364000000,100000.0,0.0,2
1769367600000,100000.0,0.0,2
1769371200000,100000.0,0.0,2
1769374800000,100000.0,0.0,2
1769378400000,100000.0,0.0,2
1769382000000,100000.0,0.0,2
1769385600000,100000.0,0.0,2
1769389200000,100000.0,0.0,2
1769392800000,100000.0,0.0,2
1769396400000,100000.0,0.0,2
1769400000000,100000.0,0.0,2
1769403600000,100000.0,0.0,2
1769407200000,100000.0,0.0,2
1769410800000,100000.0,0.0,2
1769414400000,100000.0,0.0,2
1769418000000,100000.0,0.0,2
1769421600000,100000.0,0.0,2
1769425200000,100000.0,0.0,2
1769428800000,100000.0,0.0,2
1769432400000,100000.0,0.0,2
1769436000000,100000.0,0.0,2
1769439600000,100000.0,0.0,2
1769443200000,100000.0,0.0,2
1769446800000,100000.0,0.0,2
1769450400000,100000.0,0.0,2
1769454000000,100000.0,0.0,2
1769457600000,100000.0,0.0,2
1769461200000,100000.0,0.0,2
1769464800000,100000.0,0.0,2
1769468400000,100000.0,0.0,2
1769472000000,100000.0,0.0,2
1769475600000,100000.0,0.0,2
1769479200000,100000.0,0.0,2
1769482800000,100000.0,0.0,2
1769486400000,100000.0,0.0,2
1769490000000,100000.0,0.0,2
1769493600000,100000.0,0.0,2
1769497200000,100000.0,0.0,2
1769500800000,100000.0,0.0,2
1769504400000,100000.0,0.0,2
1769508000000,100000.0,0.0,2
1769511600000,100000.0,0.0,2
1769515200000,100000.0,0.0,2
1769518800000,100000.0,0.0,2
1769522400000,100000.0,0.0,2
1769526000000,100000.0,0.0,2
1769529600000,100000.0,0.0,2
1769533200000,100000.0,0.0,2
1769536800000,100000.0,0.0,2
1769540400000,100000.0,0.0,2
1769544000000,100000.0,0.0,2
1769547600000,100000.0,0.0,2
1769551200000,100000.0,0.0,2
1769554800000,100000.0,0.0,2
1769558400000,100000.0,0.0,2
1769562000000,100000.0,0.0,2
1769565600000,100000.0,0.0,2
1769569200000,100000.0,0.0,2
1769572800000,100000.0,0.0,2
1769576400000,100000.0,0.0,2
1769580000000,100000.0,0.0,2
1769583600000,100000.0,0.0,2
1769587200000,100000.0,0.0,2
1769590800000,100000.0,0.0,2
1769594400000,100000.0,0.0,2
1769598000000,100000.0,0.0,2
1769601600000,100000.0,0.0,2
1769605200000,100000.0,0.0,2
1769608800000,100000.0,0.0,2
1769612400000,100000.0,0.0,2
1769616000000,100000.0,0.0,2
1769619600000,100000.0,0.0,2
1769623200000,100000.0,0.0,2
1769626800000,100000.0,0.0,2
1769630400000,100000.0,0.0,2
1769634000000,100000.0,0.0,2
1769637600000,100000.0,0.0,2
1769641200000,100000.0,0.0,2
1769644800000,100000.0,0.0,2
1769644800000,100000.0,0.0,3
1769648400000,100000.0,0.0,3
1769652000000,100000.0,0.0,3
1769655600000,100000.0,0.0,3
1769659200000,100000.0,0.0,3
1769662800000,100000.0,0.0,3
1769666400000,100000.0,0.0,3
1769670000000,100000.0,0.0,3
1769673600000,100000.0,0.0,3
1769677200000,100000.0,0.0,3
1769680800000,100000.0,0.0,3
1769684400000,100000.0,0.0,3
1769688000000,100000.0,0.0,3
1769691600000,100000.0,0.0,3
1769695200000,100000.0,0.0,3
1769698800000,100000.0,0.0,3
1769702400000,100000.0,0.0,3
1769706000000,100000.0,0.0,3
1769709600000,100000.0,0.0,3
1769713200000,100000.0,0.0,3
1769716800000,100000.0,0.0,3
1769720400000,100000.0,0.0,3
1769724000000,100000.0,0.0,3
1769727600000,100000.0,0.0,3
1769731200000,100000.0,0.0,3
1769734800000,100000.0,0.0,3
1769738400000,100000.0,0.0,3
1769742000000,100000.0,0.0,3
1769745600000,100000.0,0.0,3
1769749200000,100000.0,0.0,3
1769752800000,100000.0,0.0,3
1769756400000,100000.0,0.0,3
1769760000000,100000.0,0.0,3
1769763600000,100000.0,0.0,3
1769767200000,100000.0,0.0,3
1769770800000,100000.0,0.0,3
1769774400000,100000.0,0.0,3
1769778000000,100000.0,0.0,3
1769781600000,100000.0,0.0,3
1769785200000,100000.0,0.0,3
1769788800000,100000.0,0.0,3
1769792400000,100000.0,0.0,3
1769796000000,100000.0,0.0,3
1769799600000,100000.0,0.0,3
1769803200000,100000.0,0.0,3
1769806800000,100000.0,0.0,3
1769810400000,100000.0,0.0,3
1769814000000,100000.0,0.0,3
1769817600000,100000.0,0.0,3
1769821200000,100000.0,0.0,3
1769824800000,100000.0,0.0,3
1769828400000,100000.0,0.0,3
1769832000000,100000.0,0.0,3
1769835600000,100000.0,0.0,3
1769839200000,100000.0,0.0,3
1769842800000,100000.0,0.0,3
1769846400000,100000.0,0.0,3
1769850000000,100000.0,0.0,3
1769853600000,100000.0,0.0,3
1769857200000,100000.0,0.0,3
1769860800000,100000.0,0.0,3
1769864400000,100000.0,0.0,3
1769868000000,100000.0,0.0,3
1769871600000,100000.0,0.0,3
1769875200000,100000.0,0.0,3
1769878800000,100000.0,0.0,3
1769882400000,100000.0,0.0,3
1769886000000,100000.0,0.0,3
1769889600000,100000.0,0.0,3
1769893200000,100000.0,0.0,3
1769896800000,100000.0,0.0,3
1769900400000,100000.0,0.0,3
1769904000000,100000.0,0.0,3
1769907600000,100000.0,0.0,3
1769911200000,100000.0,0.0,3
1769914800000,100000.0,0.0,3
1769918400000,100000.0,0.0,3
1769922000000,100000.0,0.0,3
1769925600000,100000.0,0.0,3
1769929200000,100000.0,0.0,3
1769932800000,100000.0,0.0,3
1769936400000,100000.0,0.0,3
1769940000000,100000.0,0.0,3
1769943600000,100000.0,0.0,3
1769947200000,100000.0,0.0,3
1769950800000,100000.0,0.0,3
1769954400000,100000.0,0.0,3
1769958000000,100000.0,0.0,3
1769961600000,100000.0,0.0,3
1769965200000,100000.0,0.0,3
1769968800000,100000.0,0.0,3
1769972400000,100000.0,0.0,3
1769976000000,100000.0,0.0,3
1769979600000,100000.0,0.0,3
1769983200000,100000.0,0.0,3
1769986800000,100000.0,0.0,3
1769990400000,100000.0,0.0,3
1769994000000,100000.0,0.0,3
1769997600000,100000.0,0.0,3
1770001200000,100000.0,0.0,3
1770004800000,100000.0,0.0,3
1770008400000,100000.0,0.0,3
1770012000000,100000.0,0.0,3
1770015600000,100000.0,0.0,3
1770019200000,100000.0,0.0,3
1770022800000,100000.0,0.0,3
1770026400000,100000.0,0.0,3
1770030000000,100000.0,0.0,3
1770033600000,100000.0,0.0,3
1770037200000,100000.0,0.0,3
1770040800000,100000.0,0.0,3
1770044400000,100000.0,0.0,3
1770048000000,100000.0,0.0,3
1770051600000,100000.0,0.0,3
1770055200000,100000.0,0.0,3
1770058800000,100000.0,0.0,3
1770062400000,100000.0,0.0,3
1770066000000,100000.0,0.0,3
1770069600000,100000.0,0.0,3
1770073200000,100000.0,0.0,3
1770076800000,100000.0,0.0,3
1770080400000,100000.0,0.0,3
1770084000000,100000.0,0.0,3
1770087600000,100000.0,0.0,3
1770091200000,100000.0,0.0,3
1770094800000,100000.0,0.0,3
1770098400000,100000.0,0.0,3
1770102000000,100000.0,0.0,3
1770105600000,100000.0,0.0,3
1770109200000,100000.0,0.0,3
1770112800000,100000.0,0.0,3
1770116400000,100000.0,0.0,3
1770120000000,100000.0,0.0,3
1770123600000,100000.0,0.0,3
1770127200000,100000.0,0.0,3
1770130800000,100000.0,0.0,3
1770134400000,100000.0,0.0,3
1770138000000,100000.0,0.0,3
1770141600000,100000.0,0.0,3
1770145200000,100000.0,0.0,3
1770148800000,100000.0,0.0,3
1770152400000,100000.0,0.0,3
1770156000000,100000.0,0.0,3
1770159600000,100000.0,0.0,3
1770163200000,100000.0,0.0,3
1770166800000,100000.0,0.0,3
1770170400000,100000.0,0.0,3
1770174000000,100000.0,0.0,3
1770177600000,100000.0,0.0,3
1770181200000,100000.0,0.0,3
1770184800000,100000.0,0.0,3
1770188400000,100000.0,0.0,3
1770192000000,100000.0,0.0,3
1770195600000,100000.0,0.0,3
1770199200000,100000.0,0.0,3
1770202800000,100000.0,0.0,3
1770206400000,100000.0,0.0,3
1770210000000,100000.0,0.0,3
1770213600000,100000.0,0.0,3
1770217200000,100000.0,0.0,3
1770220800000,100000.0,0.0,3
1770224400000,100000.0,0.0,3
1770228000000,100000.0,0.0,3
1770231600000,100000.0,0.0,3
1770235200000,100000.0,0.0,3
1770238800000,100000.0,0.0,3
1770242400000,100000.0,0.0,3
1770246000000,100000.0,0.0,3
1770249600000,100000.0,0.0,3
1770253200000,100000.0,0.0,3
1770256800000,100000.0,0.0,3
1770260400000,100000.0,0.0,3
1770264000000,100000.0,0.0,3
1770267600000,100000.0,0.0,3
1770271200000,100000.0,0.0,3
1770274800000,100000.0,0.0,3
1770278400000,100000.0,0.0,3
1770282000000,100000.0,0.0,3
1770285600000,100000.0,0.0,3
1770289200000,100000.0,0.0,3
1770292800000,100000.0,0.0,3
1770296400000,100000.0,0.0,3
1770300000000,100000.0,0.0,3
1770303600000,100000.0,0.0,3
1770307200000,100000.0,0.0,3
1770310800000,100000.0,0.0,3
1770314400000,100000.0,0.0,3
1770318000000,100000.0,0.0,3
1770321600000,100000.0,0.0,3
1770325200000,100000.0,0.0,3
1770328800000,100000.0,0.0,3
1770332400000,100000.0,0.0,3
1770336000000,100000.0,0.0,3
1770339600000,100000.0,0.0,3
1770343200000,100000.0,0.0,3
1770346800000,100000.0,0.0,3
1770350400000,100000.0,0.0,3
1770354000000,100000.0,0.0,3
1770357600000,100000.0,0.0,3
1770361200000,100000.0,0.0,3
1770364800000,100000.0,0.0,3
1770368400000,100000.0,0.0,3
1770372000000,100000.0,0.0,3
1770375600000,100000.0,0.0,3
1770379200000,100000.0,0.0,3
1770382800000,100000.0,0.0,3
1770386400000,100000.0,0.0,3
1770390000000,100000.0,0.0,3
1770393600000,100000.0,0.0,3
1770397200000,100000.0,0.0,3
1770400800000,100000.0,0.0,3
1770404400000,100000.0,0.0,3
1770408000000,100000.0,0.0,3
1770411600000,100000.0,0.0,3
1770415200000,100000.0,0.0,3
1770418800000,100000.0,0.0,3
1770422400000,100000.0,0.0,3
1770426000000,100000.0,0.0,3
1770429600000,100000.0,0.0,3
1770433200000,100000.0,0.0,3
1770436800000,100000.0,0.0,3
1770440400000,100000.0,0.0,3
1770444000000,100000.0,0.0,3
1770447600000,100000.0,0.0,3
1770451200000,100000.0,0.0,3
1770454800000,100000.0,0.0,3
1770458400000,100000.0,0.0,3
1770462000000,100000.0,0.0,3
1770465600000,100000.0,0.0,3
1770469200000,100000.0,0.0,3
1770472800000,100000.0,0.0,3
1770476400000,100000.0,0.0,3
1770480000000,100000.0,0.0,3
1770483600000,100000.0,0.0,3
1770487200000,100000.0,0.0,3
1770490800000,100000.0,0.0,3
1770494400000,100000.0,0.0,3
1770498000000,100000.0,0.0,3
1770501600000,100000.0,0.0,3
1770505200000,100000.0,0.0,3
1770508800000,100000.0,0.0,3
1770512400000,100000.0,0.0,3
1770516000000,100000.0,0.0,3
1770519600000,100000.0,0.0,3
1770523200000,100000.0,0.0,3
1770526800000,100000.0,0.0,3
1770530400000,100000.0,0.0,3
1770534000000,100000.0,0.0,3
1770537600000,100000.0,0.0,3
1770541200000,100000.0,0.0,3
1770544800000,100000.0,0.0,3
1770548400000,100000.0,0.0,3
1770552000000,100000.0,0.0,3
1770555600000,100000.0,0.0,3
1770559200000,100000.0,0.0,3
1770562800000,100000.0,0.0,3
1770566400000,100000.0,0.0,3
1770570000000,100000.0,0.0,3
1770573600000,100000.0,0.0,3
1770577200000,100000.0,0.0,3
1770580800000,100000.0,0.0,3
1770584400000,100000.0,0.0,3
1770588000000,100000.0,0.0,3
1770591600000,100000.0,0.0,3
1770595200000,100000.0,0.0,3
1770598800000,100000.0,0.0,3
1770602400000,100000.0,0.0,3
1770606000000,100000.0,0.0,3
1770609600000,100000.0,0.0,3
1770613200000,100000.0,0.0,3
1770616800000,100000.0,0.0,3
1770620400000,100000.0,0.0,3
1770624000000,100000.0,0.0,3
1770627600000,100000.0,0.0,3
1770631200000,100000.0,0.0,3
1770634800000,100000.0,0.0,3
1770638400000,100000.0,0.0,3
1770642000000,100000.0,0.0,3
1770645600000,100000.0,0.0,3
1770649200000,100000.0,0.0,3
1770652800000,100000.0,0.0,3
1770656400000,100000.0,0.0,3
1770660000000,100000.0,0.0,3
1770663600000,100000.0,0.0,3
1770667200000,100000.0,0.0,3
1770670800000,100000.0,0.0,3
1770674400000,100000.0,0.0,3
1770678000000,100000.0,0.0,3
1770681600000,100000.0,0.0,3
1770685200000,100000.0,0.0,3
1770688800000,100000.0,0.0,3
1770692400000,100000.0,0.0,3
1770696000000,100000.0,0.0,3
1770699600000,100000.0,0.0,3
1770703200000,100000.0,0.0,3
1770706800000,100000.0,0.0,3
1770710400000,100000.0,0.0,3
1770714000000,100000.0,0.0,3
1770717600000,100000.0,0.0,3
1770721200000,100000.0,0.0,3
1770724800000,100000.0,0.0,3
1770728400000,100000.0,0.0,3
1770732000000,100000.0,0.0,3
1770735600000,100000.0,0.0,3
1770739200000,100000.0,0.0,3
1770742800000,100000.0,0.0,3
1770746400000,100000.0,0.0,3
1770750000000,100000.0,0.0,3
1770753600000,100000.0,0.0,3
1770757200000,100000.0,0.0,3
1770760800000,100000.0,0.0,3
1770764400000,100000.0,0.0,3
1770768000000,100000.0,0.0,3
1770771600000,100000.0,0.0,3
1770775200000,100000.0,0.0,3
1770778800000,100000.0,0.0,3
1770782400000,100000.0,0.0,3
1770786000000,100000.0,0.0,3
1770789600000,100000.0,0.0,3
1770793200000,100000.0,0.0,3
1770796800000,100000.0,0.0,3
1770800400000,100000.0,0.0,3
1770804000000,100000.0,0.0,3
1770807600000,100000.0,0.0,3
1770811200000,100000.0,0.0,3
1770814800000,100000.0,0.0,3
1770818400000,100000.0,0.0,3
1770822000000,100000.0,0.0,3
1770825600000,100000.0,0.0,3
1770829200000,100000.0,0.0,3
1770832800000,100000.0,0.0,3
1770836400000,100000.0,0.0,3
1770840000000,100000.0,0.0,3
1770843600000,100000.0,0.0,3
1770847200000,100000.0,0.0,3
1770850800000,100000.0,0.0,3
1770854400000,100000.0,0.0,3
1770854400000,100000.0,0.0,4
1770858000000,100000.0,0.0,4
1770861600000,100000.0,0.0,4
1770865200000,100000.0,0.0,4
1770868800000,100000.0,0.0,4
1770872400000,100000.0,0.0,4
1770876000000,100000.0,0.0,4
1770879600000,100000.0,0.0,4
1770883200000,100000.0,0.0,4
1770886800000,100000.0,0.0,4
1770890400000,100000.0,0.0,4
1770894000000,100000.0,0.0,4
1770897600000,100000.0,0.0,4
1770901200000,100000.0,0.0,4
1770904800000,100000.0,0.0,4
1770908400000,100000.0,0.0,4
1770912000000,100000.0,0.0,4
1770915600000,100000.0,0.0,4
1770919200000,100000.0,0.0,4
1770922800000,100000.0,0.0,4
1770926400000,100000.0,0.0,4
1770930000000,100000.0,0.0,4
1770933600000,100000.0,0.0,4
1770937200000,100000.0,0.0,4
1770940800000,100000.0,0.0,4
1770944400000,100000.0,0.0,4
1770948000000,100000.0,0.0,4
1770951600000,100000.0,0.0,4
1770955200000,100000.0,0.0,4
1770958800000,100000.0,0.0,4
1770962400000,100000.0,0.0,4
1770966000000,100000.0,0.0,4
1770969600000,100000.0,0.0,4
1770973200000,100000.0,0.0,4
1770976800000,100000.0,0.0,4
1770980400000,100000.0,0.0,4
1770984000000,100000.0,0.0,4
1770987600000,100000.0,0.0,4
1770991200000,100000.0,0.0,4
1770994800000,100000.0,0.0,4
1770998400000,100000.0,0.0,4
1771002000000,100000.0,0.0,4
1771005600000,100000.0,0.0,4
1771009200000,100000.0,0.0,4
1771012800000,100000.0,0.0,4
1771016400000,100000.0,0.0,4
1771020000000,100000.0,0.0,4
1771023600000,100000.0,0.0,4
1771027200000,100000.0,0.0,4
1771030800000,100000.0,0.0,4
1771034400000,100000.0,0.0,4
1771038000000,100000.0,0.0,4
1771041600000,100000.0,0.0,4
1771045200000,100000.0,0.0,4
1771048800000,100000.0,0.0,4
1771052400000,100000.0,0.0,4
1771056000000,100000.0,0.0,4
1771059600000,100000.0,0.0,4
1771063200000,100000.0,0.0,4
1771066800000,100000.0,0.0,4
1771070400000,100000.0,0.0,4
1771074000000,100000.0,0.0,4
1771077600000,100000.0,0.0,4
1771081200000,100000.0,0.0,4
1771084800000,100000.0,0.0,4
1771088400000,100000.0,0.0,4
1771092000000,100000.0,0.0,4
1771095600000,100000.0,0.0,4
1771099200000,100000.0,0.0,4
1771102800000,100000.0,0.0,4
1771106400000,100000.0,0.0,4
1771110000000,100000.0,0.0,4
1771113600000,100000.0,0.0,4
1771117200000,100000.0,0.0,4
1771120800000,100000.0,0.0,4
1771124400000,100000.0,0.0,4
1771128000000,100000.0,0.0,4
1771131600000,100000.0,0.0,4
1771135200000,100000.0,0.0,4
1771138800000,100000.0,0.0,4
1771142400000,100000.0,0.0,4
1771146000000,100000.0,0.0,4
1771149600000,100000.0,0.0,4
1771153200000,100000.0,0.0,4
1771156800000,100000.0,0.0,4
1771160400000,100000.0,0.0,4
1771164000000,100000.0,0.0,4
1771167600000,100000.0,0.0,4
1771171200000,100000.0,0.0,4
1771174800000,100000.0,0.0,4
1771178400000,100000.0,0.0,4
1771182000000,100000.0,0.0,4
1771185600000,100000.0,0.0,4
1771189200000,100000.0,0.0,4
1771192800000,100000.0,0.0,4
1771196400000,100000.0,0.0,4
1771200000000,100000.0,0.0,4
1771203600000,100000.0,0.0,4
1771207200000,100000.0,0.0,4
1771210800000,100000.0,0.0,4
1771214400000,100000.0,0.0,4
1771218000000,100000.0,0.0,4
1771221600000,100000.0,0.0,4
1771225200000,100000.0,0.0,4
1771228800000,100000.0,0.0,4
1771232400000,100000.0,0.0,4
1771236000000,100000.0,0.0,4
1771239600000,100000.0,0.0,4
1771243200000,100000.0,0.0,4
1771246800000,100000.0,0.0,4
1771250400000,100000.0,0.0,4
1771254000000,100000.0,0.0,4
1771257600000,100000.0,0.0,4
1771261200000,100000.0,0.0,4
1771264800000,100000.0,0.0,4
1771268400000,100000.0,0.0,4
1771272000000,100000.0,0.0,4
1771275600000,100000.0,0.0,4
1771279200000,100000.0,0.0,4
1771282800000,100000.0,0.0,4
1771286400000,100000.0,0.0,4
1771290000000,100000.0,0.0,4
1771293600000,100000.0,0.0,4
1771297200000,100000.0,0.0,4
1771300800000,100000.0,0.0,4
1771304400000,100000.0,0.0,4
1771308000000,100000.0,0.0,4
1771311600000,100000.0,0.0,4
1771315200000,100000.0,0.0,4
1771318800000,100000.0,0.0,4
1771322400000,100000.0,0.0,4
1771326000000,100000.0,0.0,4
1771329600000,100000.0,0.0,4
1771333200000,100000.0,0.0,4
1771336800000,100000.0,0.0,4
1771340400000,100000.0,0.0,4
1771344000000,100000.0,0.0,4
1771347600000,100000.0,0.0,4
1771351200000,100000.0,0.0,4
1771354800000,100000.0,0.0,4
1771358400000,100000.0,0.0,4
1771362000000,100000.0,0.0,4
1771365600000,100000.0,0.0,4
1771369200000,100000.0,0.0,4
1771372800000,100000.0,0.0,4
1771376400000,100000.0,0.0,4
1771380000000,100000.0,0.0,4
1771383600000,100000.0,0.0,4
1771387200000,100000.0,0.0,4
1771390800000,100000.0,0.0,4
1771394400000,100000.0,0.0,4
1771398000000,100000.0,0.0,4
1771401600000,100000.0,0.0,4
1771405200000,100000.0,0.0,4
1771408800000,100000.0,0.0,4
1771412400000,100000.0,0.0,4
1771416000000,100000.0,0.0,4
1771419600000,100000.0,0.0,4
1771423200000,100000.0,0.0,4
1771426800000,100000.0,0.0,4
1771430400000,100000.0,0.0,4
1771434000000,100000.0,0.0,4
1771437600000,100000.0,0.0,4
1771441200000,100000.0,0.0,4
1771444800000,100000.0,0.0,4
1771448400000,100000.0,0.0,4
1771452000000,100000.0,0.0,4
1771455600000,100000.0,0.0,4
1771459200000,100000.0,0.0,4
1771462800000,100000.0,0.0,4
1771466400000,100000.0,0.0,4
1771470000000,100000.0,0.0,4
1771473600000,100000.0,0.0,4
1771477200000,100000.0,0.0,4
1771480800000,100000.0,0.0,4
1771484400000,100000.0,0.0,4
1771488000000,100000.0,0.0,4
1771491600000,100000.0,0.0,4
1771495200000,100000.0,0.0,4
1771498800000,100000.0,0.0,4
1771502400000,100000.0,0.0,4
1771506000000,100000.0,0.0,4
1771509600000,100000.0,0.0,4
1771513200000,100000.0,0.0,4
1771516800000,100000.0,0.0,4
1771520400000,100000.0,0.0,4
1771524000000,100000.0,0.0,4
1771527600000,100000.0,0.0,4
1771531200000,100000.0,0.0,4
1771534800000,100000.0,0.0,4
1771538400000,100000.0,0.0,4
1771542000000,100000.0,0.0,4
1771545600000,100000.0,0.0,4
1771549200000,100000.0,0.0,4
1771552800000,100000.0,0.0,4
1771556400000,100000.0,0.0,4
1771560000000,100000.0,0.0,4
1771563600000,100000.0,0.0,4
1771567200000,100000.0,0.0,4
1771570800000,100000.0,0.0,4
1771574400000,100000.0,0.0,4
1771578000000,100000.0,0.0,4
1771581600000,100000.0,0.0,4
1771585200000,100000.0,0.0,4
1771588800000,100000.0,0.0,4
1771592400000,100000.0,0.0,4
1771596000000,100000.0,0.0,4
1771599600000,100000.0,0.0,4
1771603200000,100000.0,0.0,4
1771606800000,100000.0,0.0,4
1771610400000,100000.0,0.0,4
1771614000000,100000.0,0.0,4
1771617600000,100000.0,0.0,4
1771621200000,100000.0,0.0,4
1771624800000,100000.0,0.0,4
1771628400000,100000.0,0.0,4
1771632000000,100000.0,0.0,4
1771635600000,100000.0,0.0,4
1771639200000,100000.0,0.0,4
1771642800000,100000.0,0.0,4
1771646400000,100000.0,0.0,4
1771650000000,100000.0,0.0,4
1771653600000,100000.0,0.0,4
1771657200000,100000.0,0.0,4
1771660800000,100000.0,0.0,4
1771664400000,100000.0,0.0,4
1771668000000,100000.0,0.0,4
1771671600000,100000.0,0.0,4
1771675200000,100000.0,0.0,4
1771678800000,100000.0,0.0,4
1771682400000,100000.0,0.0,4
1771686000000,100000.0,0.0,4
1771689600000,100000.0,0.0,4
1771693200000,100000.0,0.0,4
1771696800000,100000.0,0.0,4
1771700400000,100000.0,0.0,4
1771704000000,100000.0,0.0,4
1771707600000,100000.0,0.0,4
1771711200000,100000.0,0.0,4
1771714800000,100000.0,0.0,4
1771718400000,100000.0,0.0,4
1771722000000,100000.0,0.0,4
1771725600000,100000.0,0.0,4
1771729200000,100000.0,0.0,4
1771732800000,100000.0,0.0,4
1771736400000,100000.0,0.0,4
1771740000000,100000.0,0.0,4
1771743600000,100000.0,0.0,4
1771747200000,100000.0,0.0,4
1771750800000,100000.0,0.0,4
1771754400000,100000.0,0.0,4
1771758000000,100000.0,0.0,4
1771761600000,100000.0,0.0,4
1771765200000,100000.0,0.0,4
1771768800000,100000.0,0.0,4
1771772400000,100000.0,0.0,4
1771776000000,100000.0,0.0,4
1771779600000,100000.0,0.0,4
1771783200000,100000.0,0.0,4
1771786800000,100000.0,0.0,4
1771790400000,100000.0,0.0,4
1771794000000,100000.0,0.0,4
1771797600000,100000.0,0.0,4
1771801200000,100000.0,0.0,4
1771804800000,100000.0,0.0,4
1771808400000,100000.0,0.0,4
1771812000000,100000.0,0.0,4
1771815600000,100000.0,0.0,4
1771819200000,100000.0,0.0,4
1771822800000,100000.0,0.0,4
1771826400000,100000.0,0.0,4
1771830000000,100000.0,0.0,4
1771833600000,100000.0,0.0,4
1771837200000,100000.0,0.0,4
1771840800000,100000.0,0.0,4
1771844400000,100000.0,0.0,4
1771848000000,100000.0,0.0,4
1771851600000,100000.0,0.0,4
1771855200000,100000.0,0.0,4
1771858800000,100000.0,0.0,4
1771862400000,100000.0,0.0,4
1771866000000,100000.0,0.0,4
1771869600000,100000.0,0.0,4
1771873200000,100000.0,0.0,4
1771876800000,100000.0,0.0,4
1771880400000,100000.0,0.0,4
1771884000000,100000.0,0.0,4
1771887600000,100000.0,0.0,4
1771891200000,100000.0,0.0,4
1771894800000,100000.0,0.0,4
1771898400000,100000.0,0.0,4
1771902000000,100000.0,0.0,4
1771905600000,100000.0,0.0,4
1771909200000,100000.0,0.0,4
1771912800000,100000.0,0.0,4
1771916400000,100000.0,0.0,4
1771920000000,100000.0,0.0,4
1771923600000,100000.0,0.0,4
1771927200000,100000.0,0.0,4
1771930800000,100000.0,0.0,4
1771934400000,100000.0,0.0,4
1771938000000,100000.0,0.0,4
1771941600000,100000.0,0.0,4
1771945200000,100000.0,0.0,4
1771948800000,100000.0,0.0,4
1771952400000,100000.0,0.0,4
1771956000000,100000.0,0.0,4
1771959600000,100000.0,0.0,4
1771963200000,100000.0,0.0,4
1771966800000,100000.0,0.0,4
1771970400000,100000.0,0.0,4
1771974000000,100000.0,0.0,4
1771977600000,100000.0,0.0,4
1771981200000,100000.0,0.0,4
1771984800000,100000.0,0.0,4
1771988400000,100000.0,0.0,4
1771992000000,100000.0,0.0,4
1771995600000,100000.0,0.0,4
1771999200000,100000.0,0.0,4
1772002800000,100000.0,0.0,4
1772006400000,100000.0,0.0,4
1772010000000,100000.0,0.0,4
1772013600000,100000.0,0.0,4
1772017200000,100000.0,0.0,4
1772020800000,100000.0,0.0,4
1772024400000,100000.0,0.0,4
1772028000000,100000.0,0.0,4
1772031600000,100000.0,0.0,4
1772035200000,100000.0,0.0,4
1772038800000,100000.0,0.0,4
1772042400000,100000.0,0.0,4
1772046000000,100000.0,0.0,4
1772049600000,100000.0,0.0,4
1772053200000,100000.0,0.0,4
1772056800000,100000.0,0.0,4
1772060400000,100000.0,0.0,4
1772064000000,100000.0,0.0,4
1772064000000,100000.0,0.0,5
1772067600000,100000.0,0.0,5
1772071200000,100000.0,0.0,5
1772074800000,100000.0,0.0,5
1772078400000,100000.0,0.0,5
1772082000000,100000.0,0.0,5
1772085600000,100000.0,0.0,5
1772089200000,100000.0,0.0,5
1772092800000,100000.0,0.0,5
1772096400000,100000.0,0.0,5
1772100000000,100000.0,0.0,5
1772103600000,100000.0,0.0,5
1772107200000,100000.0,0.0,5
1772110800000,100000.0,0.0,5
1772114400000,100000.0,0.0,5
1772118000000,100000.0,0.0,5
1772121600000,100000.0,0.0,5
1772125200000,100000.0,0.0,5
1772128800000,100000.0,0.0,5
1772132400000,100000.0,0.0,5
1772136000000,100000.0,0.0,5
1772139600000,100000.0,0.0,5
1772143200000,100000.0,0.0,5
1772146800000,100000.0,0.0,5
1772150400000,100000.0,0.0,5
1772154000000,100000.0,0.0,5
1772157600000,100000.0,0.0,5
1772161200000,100000.0,0.0,5
1772164800000,100000.0,0.0,5
1772168400000,100000.0,0.0,5
1772172000000,100000.0,0.0,5
1772175600000,100000.0,0.0,5
1772179200000,100000.0,0.0,5
1772182800000,100000.0,0.0,5
1772186400000,100000.0,0.0,5
1772190000000,100000.0,0.0,5
1772193600000,100000.0,0.0,5
1772197200000,100000.0,0.0,5
1772200800000,100000.0,0.0,5
1772204400000,100000.0,0.0,5
1772208000000,100000.0,0.0,5
1772211600000,100000.0,0.0,5
1772215200000,100000.0,0.0,5
1772218800000,100000.0,0.0,5
1772222400000,100000.0,0.0,5
1772226000000,100000.0,0.0,5
1772229600000,100000.0,0.0,5
1772233200000,100000.0,0.0,5
1772236800000,100000.0,0.0,5
1772240400000,100000.0,0.0,5
1772244000000,100000.0,0.0,5
1772247600000,100000.0,0.0,5
1772251200000,100000.0,0.0,5
1772254800000,100000.0,0.0,5
1772258400000,100000.0,0.0,5
1772262000000,100000.0,0.0,5
1772265600000,100000.0,0.0,5
1772269200000,100000.0,0.0,5
1772272800000,100000.0,0.0,5
1772276400000,100000.0,0.0,5
1772280000000,100000.0,0.0,5
1772283600000,100000.0,0.0,5
1772287200000,100000.0,0.0,5
1772290800000,100000.0,0.0,5
1772294400000,100000.0,0.0,5
1772298000000,100000.0,0.0,5
1772301600000,100000.0,0.0,5
1772305200000,100000.0,0.0,5
1772308800000,100000.0,0.0,5
1772312400000,100000.0,0.0,5
1772316000000,100000.0,0.0,5
1772319600000,100000.0,0.0,5
1772323200000,100000.0,0.0,5
1772326800000,100000.0,0.0,5
1772330400000,100000.0,0.0,5
1772334000000,100000.0,0.0,5
1772337600000,100000.0,0.0,5
1772341200000,100000.0,0.0,5
1772344800000,100000.0,0.0,5
1772348400000,100000.0,0.0,5
1772352000000,100000.0,0.0,5
1772355600000,100000.0,0.0,5
1772359200000,100000.0,0.0,5
1772362800000,100000.0,0.0,5
1772366400000,100000.0,0.0,5
1772370000000,100000.0,0.0,5
1772373600000,100000.0,0.0,5
1772377200000,100000.0,0.0,5
1772380800000,100000.0,0.0,5
1772384400000,100000.0,0.0,5
1772388000000,100000.0,0.0,5
1772391600000,100000.0,0.0,5
1772395200000,100000.0,0.0,5
1772398800000,100000.0,0.0,5
1772402400000,100000.0,0.0,5
1772406000000,100000.0,0.0,5
1772409600000,100000.0,0.0,5
1772413200000,100000.0,0.0,5
1772416800000,100000.0,0.0,5
1772420400000,100000.0,0.0,5
1772424000000,100000.0,0.0,5
1772427600000,100000.0,0.0,5
1772431200000,100000.0,0.0,5
1772434800000,100000.0,0.0,5
1772438400000,100000.0,0.0,5
1772442000000,100000.0,0.0,5
1772445600000,100000.0,0.0,5
1772449200000,100000.0,0.0,5
1772452800000,100000.0,0.0,5
1772456400000,100000.0,0.0,5
1772460000000,100000.0,0.0,5
1772463600000,100000.0,0.0,5
1772467200000,100000.0,0.0,5
1772470800000,100000.0,0.0,5
1772474400000,100000.0,0.0,5
1772478000000,100000.0,0.0,5
1772481600000,100000.0,0.0,5
1772485200000,100000.0,0.0,5
1772488800000,100000.0,0.0,5
1772492400000,100000.0,0.0,5
1772496000000,100000.0,0.0,5
1772499600000,100000.0,0.0,5
1772503200000,100000.0,0.0,5
1772506800000,100000.0,0.0,5
1772510400000,100000.0,0.0,5
1772514000000,100000.0,0.0,5
1772517600000,100000.0,0.0,5
1772521200000,100000.0,0.0,5
1772524800000,100000.0,0.0,5
1772528400000,100000.0,0.0,5
1772532000000,100000.0,0.0,5
1772535600000,100000.0,0.0,5
1772539200000,100000.0,0.0,5
1772542800000,100000.0,0.0,5
1772546400000,100000.0,0.0,5
1772550000000,100000.0,0.0,5
1772553600000,100000.0,0.0,5
1772557200000,100000.0,0.0,5
1772560800000,100000.0,0.0,5
1772564400000,100000.0,0.0,5
1772568000000,100000.0,0.0,5
1772571600000,100000.0,0.0,5
1772575200000,100000.0,0.0,5
1772578800000,100000.0,0.0,5
1772582400000,100000.0,0.0,5
1772586000000,100000.0,0.0,5
1772589600000,100000.0,0.0,5
1772593200000,100000.0,0.0,5
1772596800000,100000.0,0.0,5
1772600400000,100000.0,0.0,5
1772604000000,100000.0,0.0,5
1772607600000,100000.0,0.0,5
1772611200000,100000.0,0.0,5
1772614800000,100000.0,0.0,5
1772618400000,100000.0,0.0,5
1772622000000,100000.0,0.0,5
1772625600000,100000.0,0.0,5
1772629200000,100000.0,0.0,5
1772632800000,100000.0,0.0,5
1772636400000,100000.0,0.0,5
1772640000000,100000.0,0.0,5
1772643600000,100000.0,0.0,5
1772647200000,100000.0,0.0,5
1772650800000,100000.0,0.0,5
1772654400000,100000.0,0.0,5
1772658000000,100000.0,0.0,5
1772661600000,100000.0,0.0,5
1772665200000,100000.0,0.0,5
1772668800000,100000.0,0.0,5
1772672400000,100000.0,0.0,5
1772676000000,100000.0,0.0,5
1772679600000,100000.0,0.0,5
1772683200000,100000.0,0.0,5
1772686800000,100000.0,0.0,5
1772690400000,100000.0,0.0,5
1772694000000,100000.0,0.0,5
1772697600000,100000.0,0.0,5
1772701200000,100000.0,0.0,5
1772704800000,100000.0,0.0,5
1772708400000,100000.0,0.0,5
1772712000000,100000.0,0.0,5
1772715600000,100000.0,0.0,5
1772719200000,100000.0,0.0,5
1772722800000,100000.0,0.0,5
1772726400000,100000.0,0.0,5
1772730000000,100000.0,0.0,5
1772733600000,100000.0,0.0,5
1772737200000,100000.0,0.0,5
1772740800000,100000.0,0.0,5
1772744400000,100000.0,0.0,5
1772748000000,100000.0,0.0,5
1772751600000,100000.0,0.0,5
1772755200000,100000.0,0.0,5
1772758800000,100000.0,0.0,5
1772762400000,100000.0,0.0,5
1772766000000,100000.0,0.0,5
1772769600000,100000.0,0.0,5
1772773200000,100000.0,0.0,5
1772776800000,100000.0,0.0,5
1772780400000,100000.0,0.0,5
1772784000000,100000.0,0.0,5
1772787600000,100000.0,0.0,5
1772791200000,100000.0,0.0,5
1772794800000,100000.0,0.0,5
1772798400000,100000.0,0.0,5
1772802000000,100000.0,0.0,5
1772805600000,100000.0,0.0,5
1772809200000,100000.0,0.0,5
1772812800000,100000.0,0.0,5
1772816400000,100000.0,0.0,5
1772820000000,100000.0,0.0,5
1772823600000,100000.0,0.0,5
1772827200000,100000.0,0.0,5
1772830800000,100000.0,0.0,5
1772834400000,100000.0,0.0,5
1772838000000,100000.0,0.0,5
1772841600000,100000.0,0.0,5
1772845200000,100000.0,0.0,5
1772848800000,100000.0,0.0,5
1772852400000,100000.0,0.0,5
1772856000000,100000.0,0.0,5
1772859600000,100000.0,0.0,5
1772863200000,100000.0,0.0,5
1772866800000,100000.0,0.0,5
1772870400000,100000.0,0.0,5
1772874000000,100000.0,0.0,5
1772877600000,100000.0,0.0,5
1772881200000,100000.0,0.0,5
1772884800000,100000.0,0.0,5
1772888400000,100000.0,0.0,5
1772892000000,100000.0,0.0,5
1772895600000,100000.0,0.0,5
1772899200000,100000.0,0.0,5
1772902800000,100000.0,0.0,5
1772906400000,100000.0,0.0,5
1772910000000,100000.0,0.0,5
1772913600000,100000.0,0.0,5
1772917200000,100000.0,0.0,5
1772920800000,100000.0,0.0,5
1772924400000,100000.0,0.0,5
1772928000000,100000.0,0.0,5
1772931600000,100000.0,0.0,5
1772935200000,100000.0,0.0,5
1772938800000,100000.0,0.0,5
1772942400000,100000.0,0.0,5
1772946000000,100000.0,0.0,5
1772949600000,100000.0,0.0,5
1772953200000,100000.0,0.0,5
1772956800000,100000.0,0.0,5
1772960400000,100000.0,0.0,5
1772964000000,100000.0,0.0,5
1772967600000,100000.0,0.0,5
1772971200000,100000.0,0.0,5
1772974800000,100000.0,0.0,5
1772978400000,100000.0,0.0,5
1772982000000,100000.0,0.0,5
1772985600000,100000.0,0.0,5
1772989200000,100000.0,0.0,5
1772992800000,100000.0,0.0,5
1772996400000,100000.0,0.0,5
1773000000000,100000.0,0.0,5
1773003600000,100000.0,0.0,5
1773007200000,100000.0,0.0,5
1773010800000,100000.0,0.0,5
1773014400000,100000.0,0.0,5
1773018000000,100000.0,0.0,5
1773021600000,100000.0,0.0,5
1773025200000,100000.0,0.0,5
1773028800000,100000.0,0.0,5
1773032400000,100000.0,0.0,5
1773036000000,100000.0,0.0,5
1773039600000,100000.0,0.0,5
1773043200000,100000.0,0.0,5
1773046800000,100000.0,0.0,5
1773050400000,100000.0,0.0,5
1773054000000,100000.0,0.0,5
1773057600000,100000.0,0.0,5
1773061200000,100000.0,0.0,5
1773064800000,100000.0,0.0,5
1773068400000,100000.0,0.0,5
1773072000000,100000.0,0.0,5
1773075600000,100000.0,0.0,5
1773079200000,100000.0,0.0,5
1773082800000,100000.0,0.0,5
1773086400000,100000.0,0.0,5
1773090000000,100000.0,0.0,5
1773093600000,100000.0,0.0,5
1773097200000,100000.0,0.0,5
1773100800000,100000.0,0.0,5
1773104400000,100000.0,0.0,5
1773108000000,100000.0,0.0,5
1773111600000,100000.0,0.0,5
1773115200000,100000.0,0.0,5
1773118800000,100000.0,0.0,5
1773122400000,100000.0,0.0,5
1773126000000,100000.0,0.0,5
1773129600000,100000.0,0.0,5
1773133200000,100000.0,0.0,5
1773136800000,100000.0,0.0,5
1773140400000,100000.0,0.0,5
1773144000000,100000.0,0.0,5
1773147600000,100000.0,0.0,5
1773151200000,100000.0,0.0,5
1773154800000,100000.0,0.0,5
1773158400000,100000.0,0.0,5
1773162000000,100000.0,0.0,5
1773165600000,100000.0,0.0,5
1773169200000,100000.0,0.0,5
1773172800000,100000.0,0.0,5
1773176400000,100000.0,0.0,5
1773180000000,100000.0,0.0,5
1773183600000,100000.0,0.0,5
1773187200000,100000.0,0.0,5
1773190800000,100000.0,0.0,5
1773194400000,100000.0,0.0,5
1773198000000,100000.0,0.0,5
1773201600000,100000.0,0.0,5
1773205200000,100000.0,0.0,5
1773208800000,100000.0,0.0,5
1773212400000,100000.0,0.0,5
1773216000000,100000.0,0.0,5
1773219600000,100000.0,0.0,5
1773223200000,100000.0,0.0,5
1773226800000,100000.0,0.0,5
1773230400000,100000.0,0.0,5
1773234000000,100000.0,0.0,5
1773237600000,100000.0,0.0,5
1773241200000,100000.0,0.0,5
1773244800000,100000.0,0.0,5
1773248400000,100000.0,0.0,5
1773252000000,100000.0,0.0,5
1773255600000,100000.0,0.0,5
1773259200000,100000.0,0.0,5
1773262800000,100000.0,0.0,5
1773266400000,100000.0,0.0,5
1773270000000,100000.0,0.0,5
1773273600000,100000.0,0.0,5
1773273600000,100000.0,0.0,6
1773277200000,100000.0,0.0,6
1773280800000,100000.0,0.0,6
1773284400000,100000.0,0.0,6
1773288000000,100000.0,0.0,6
1773291600000,100000.0,0.0,6
1773295200000,100000.0,0.0,6
1773298800000,100000.0,0.0,6
1773302400000,100000.0,0.0,6
1773306000000,100000.0,0.0,6
1773309600000,100000.0,0.0,6
1773313200000,100000.0,0.0,6
1773316800000,100000.0,0.0,6
1773320400000,100000.0,0.0,6
1773324000000,100000.0,0.0,6
1773327600000,100000.0,0.0,6
1773331200000,100000.0,0.0,6
1773334800000,100000.0,0.0,6
1773338400000,100000.0,0.0,6
1773342000000,100000.0,0.0,6
1773345600000,100000.0,0.0,6
1773349200000,100000.0,0.0,6
1773352800000,100000.0,0.0,6
1773356400000,100000.0,0.0,6
1773360000000,100000.0,0.0,6
1773363600000,100000.0,0.0,6
1773367200000,100000.0,0.0,6
1773370800000,100000.0,0.0,6
1773374400000,100000.0,0.0,6
1773378000000,100000.0,0.0,6
1773381600000,100000.0,0.0,6
1773385200000,100000.0,0.0,6
1773388800000,100000.0,0.0,6
1773392400000,100000.0,0.0,6
1773396000000,100000.0,0.0,6
1773399600000,100000.0,0.0,6
1773403200000,100000.0,0.0,6
1773406800000,100000.0,0.0,6
1773410400000,100000.0,0.0,6
1773414000000,100000.0,0.0,6
1773417600000,100000.0,0.0,6
1773421200000,100000.0,0.0,6
1773424800000,100000.0,0.0,6
1773428400000,100000.0,0.0,6
1773432000000,100000.0,0.0,6
1773435600000,100000.0,0.0,6
1773439200000,100000.0,0.0,6
1773442800000,100000.0,0.0,6
1773446400000,100000.0,0.0,6
1773450000000,100000.0,0.0,6
1773453600000,100000.0,0.0,6
1773457200000,100000.0,0.0,6
1773460800000,100000.0,0.0,6
1773464400000,100000.0,0.0,6
1773468000000,100000.0,0.0,6
1773471600000,100000.0,0.0,6
1773475200000,100000.0,0.0,6
1773478800000,100000.0,0.0,6
1773482400000,100000.0,0.0,6
1773486000000,100000.0,0.0,6
1773489600000,100000.0,0.0,6
1773493200000,100000.0,0.0,6
1773496800000,100000.0,0.0,6
1773500400000,100000.0,0.0,6
1773504000000,100000.0,0.0,6
1773507600000,100000.0,0.0,6
1773511200000,100000.0,0.0,6
1773514800000,100000.0,0.0,6
1773518400000,100000.0,0.0,6
1773522000000,100000.0,0.0,6
1773525600000,100000.0,0.0,6
1773529200000,100000.0,0.0,6
1773532800000,100000.0,0.0,6
1773536400000,100000.0,0.0,6
1773540000000,100000.0,0.0,6
1773543600000,100000.0,0.0,6
1773547200000,100000.0,0.0,6
1773550800000,100000.0,0.0,6
1773554400000,100000.0,0.0,6
1773558000000,100000.0,0.0,6
1773561600000,100000.0,0.0,6
1773565200000,100000.0,0.0,6
1773568800000,100000.0,0.0,6
1773572400000,100000.0,0.0,6
1773576000000,100000.0,0.0,6
1773579600000,100000.0,0.0,6
1773583200000,100000.0,0.0,6
1773586800000,100000.0,0.0,6
1773590400000,100000.0,0.0,6
1773594000000,100000.0,0.0,6
1773597600000,100000.0,0.0,6
1773601200000,100000.0,0.0,6
1773604800000,100000.0,0.0,6
1773608400000,100000.0,0.0,6
1773612000000,100000.0,0.0,6
1773615600000,100000.0,0.0,6
1773619200000,100000.0,0.0,6
1773622800000,100000.0,0.0,6
1773626400000,100000.0,0.0,6
1773630000000,100000.0,0.0,6
1773633600000,100000.0,0.0,6
1773637200000,100000.0,0.0,6
1773640800000,100000.0,0.0,6
1773644400000,100000.0,0.0,6
1773648000000,100000.0,0.0,6
1773651600000,100000.0,0.0,6
1773655200000,100000.0,0.0,6
1773658800000,100000.0,0.0,6
1773662400000,100000.0,0.0,6
1773666000000,100000.0,0.0,6
1773669600000,100000.0,0.0,6
1773673200000,100000.0,0.0,6
1773676800000,100000.0,0.0,6
1773680400000,100000.0,0.0,6
1773684000000,100000.0,0.0,6
1773687600000,100000.0,0.0,6
1773691200000,100000.0,0.0,6
1773694800000,100000.0,0.0,6
1773698400000,100000.0,0.0,6
1773702000000,100000.0,0.0,6
1773705600000,100000.0,0.0,6
1773709200000,100000.0,0.0,6
1773712800000,100000.0,0.0,6
1773716400000,100000.0,0.0,6
1773720000000,100000.0,0.0,6
1773723600000,100000.0,0.0,6
1773727200000,100000.0,0.0,6
1773730800000,100000.0,0.0,6
1773734400000,100000.0,0.0,6
1773738000000,100000.0,0.0,6
1773741600000,100000.0,0.0,6
1773745200000,100000.0,0.0,6
1773748800000,100000.0,0.0,6
1773752400000,100000.0,0.0,6
1773756000000,100000.0,0.0,6
1773759600000,100000.0,0.0,6
1773763200000,100000.0,0.0,6
1773766800000,100000.0,0.0,6
1773770400000,100000.0,0.0,6
1773774000000,100000.0,0.0,6
1773777600000,100000.0,0.0,6
1773781200000,100000.0,0.0,6
1773784800000,100000.0,0.0,6
1773788400000,100000.0,0.0,6
1773792000000,100000.0,0.0,6
1773795600000,100000.0,0.0,6
1773799200000,100000.0,0.0,6
1773802800000,100000.0,0.0,6
1773806400000,100000.0,0.0,6
1773810000000,100000.0,0.0,6
1773813600000,100000.0,0.0,6
1773817200000,100000.0,0.0,6
1773820800000,100000.0,0.0,6
1773824400000,100000.0,0.0,6
1773828000000,100000.0,0.0,6
1773831600000,100000.0,0.0,6
1773835200000,100000.0,0.0,6
1773838800000,100000.0,0.0,6
1773842400000,100000.0,0.0,6
1773846000000,100000.0,0.0,6
1773849600000,100000.0,0.0,6
1773853200000,100000.0,0.0,6
1773856800000,100000.0,0.0,6
1773860400000,100000.0,0.0,6
1773864000000,100000.0,0.0,6
1773867600000,100000.0,0.0,6
1773871200000,100000.0,0.0,6
1773874800000,100000.0,0.0,6
1773878400000,100000.0,0.0,6
1773882000000,100000.0,0.0,6
1773885600000,100000.0,0.0,6
1773889200000,100000.0,0.0,6
1773892800000,100000.0,0.0,6
1773896400000,100000.0,0.0,6
1773900000000,100000.0,0.0,6
1773903600000,100000.0,0.0,6
1773907200000,100000.0,0.0,6
1773910800000,100000.0,0.0,6
1773914400000,100000.0,0.0,6
1773918000000,100000.0,0.0,6
1773921600000,100000.0,0.0,6
1773925200000,100000.0,0.0,6
1773928800000,100000.0,0.0,6
1773932400000,100000.0,0.0,6
1773936000000,100000.0,0.0,6
1773939600000,100000.0,0.0,6
1773943200000,100000.0,0.0,6
1773946800000,100000.0,0.0,6
1773950400000,100000.0,0.0,6
1773954000000,100000.0,0.0,6
1773957600000,100000.0,0.0,6
1773961200000,100000.0,0.0,6
1773964800000,100000.0,0.0,6
1773968400000,100000.0,0.0,6
1773972000000,100000.0,0.0,6
1773975600000,100000.0,0.0,6
1773979200000,100000.0,0.0,6
1773982800000,100000.0,0.0,6
1773986400000,100000.0,0.0,6
1773990000000,100000.0,0.0,6
1773993600000,100000.0,0.0,6
1773997200000,100000.0,0.0,6
1774000800000,100000.0,0.0,6
1774004400000,100000.0,0.0,6
1774008000000,100000.0,0.0,6
1774011600000,100000.0,0.0,6
1774015200000,100000.0,0.0,6
1774018800000,100000.0,0.0,6
1774022400000,100000.0,0.0,6
1774026000000,100000.0,0.0,6
1774029600000,100000.0,0.0,6
1774033200000,100000.0,0.0,6
1774036800000,100000.0,0.0,6
1774040400000,100000.0,0.0,6
1774044000000,100000.0,0.0,6
1774047600000,100000.0,0.0,6
1774051200000,100000.0,0.0,6
1774054800000,100000.0,0.0,6
1774058400000,100000.0,0.0,6
1774062000000,100000.0,0.0,6
1774065600000,100000.0,0.0,6
1774069200000,100000.0,0.0,6
1774072800000,100000.0,0.0,6
1774076400000,100000.0,0.0,6
1774080000000,100000.0,0.0,6
1774083600000,100000.0,0.0,6
1774087200000,100000.0,0.0,6
1774090800000,100000.0,0.0,6
1774094400000,100000.0,0.0,6
1774098000000,100000.0,0.0,6
1774101600000,100000.0,0.0,6
1774105200000,100000.0,0.0,6
1774108800000,100000.0,0.0,6
1774112400000,100000.0,0.0,6
1774116000000,100000.0,0.0,6
1774119600000,100000.0,0.0,6
1774123200000,100000.0,0.0,6
1774126800000,100000.0,0.0,6
1774130400000,100000.0,0.0,6
1774134000000,100000.0,0.0,6
1774137600000,100000.0,0.0,6
1774141200000,100000.0,0.0,6
1774144800000,100000.0,0.0,6
1774148400000,100000.0,0.0,6
1774152000000,100000.0,0.0,6
1774155600000,100000.0,0.0,6
1774159200000,100000.0,0.0,6
1774162800000,100000.0,0.0,6
1774166400000,100000.0,0.0,6
1774170000000,100000.0,0.0,6
1774173600000,100000.0,0.0,6
1774177200000,100000.0,0.0,6
1774180800000,100000.0,0.0,6
1774184400000,100000.0,0.0,6
1774188000000,100000.0,0.0,6
1774191600000,100000.0,0.0,6
1774195200000,100000.0,0.0,6
1774198800000,100000.0,0.0,6
1774202400000,100000.0,0.0,6
1774206000000,100000.0,0.0,6
1774209600000,100000.0,0.0,6
1774213200000,100000.0,0.0,6
1774216800000,100000.0,0.0,6
1774220400000,100000.0,0.0,6
1774224000000,100000.0,0.0,6
1774227600000,100000.0,0.0,6
1774231200000,100000.0,0.0,6
1774234800000,100000.0,0.0,6
1774238400000,100000.0,0.0,6
1774242000000,100000.0,0.0,6
1774245600000,100000.0,0.0,6
1774249200000,100000.0,0.0,6
1774252800000,100000.0,0.0,6
1774256400000,100000.0,0.0,6
1774260000000,100000.0,0.0,6
1774263600000,100000.0,0.0,6
1774267200000,100000.0,0.0,6
1774270800000,100000.0,0.0,6
1774274400000,100000.0,0.0,6
1774278000000,100000.0,0.0,6
1774281600000,100000.0,0.0,6
1774285200000,100000.0,0.0,6
1774288800000,100000.0,0.0,6
1774292400000,100000.0,0.0,6
1774296000000,100000.0,0.0,6
1774299600000,100000.0,0.0,6
1774303200000,100000.0,0.0,6
1774306800000,100000.0,0.0,6
1774310400000,100000.0,0.0,6
1774314000000,100000.0,0.0,6
1774317600000,100000.0,0.0,6
1774321200000,100000.0,0.0,6
1774324800000,100000.0,0.0,6
1774328400000,100000.0,0.0,6
1774332000000,100000.0,0.0,6
1774335600000,100000.0,0.0,6
1774339200000,100000.0,0.0,6
1774342800000,100000.0,0.0,6
1774346400000,100000.0,0.0,6
1774350000000,100000.0,0.0,6
1774353600000,100000.0,0.0,6
1774357200000,100000.0,0.0,6
1774360800000,100000.0,0.0,6
1774364400000,100000.0,0.0,6
1774368000000,100000.0,0.0,6
1774371600000,100000.0,0.0,6
1774375200000,100000.0,0.0,6
1774378800000,100000.0,0.0,6
1774382400000,100000.0,0.0,6
1774386000000,100000.0,0.0,6
1774389600000,100000.0,0.0,6
1774393200000,100000.0,0.0,6
1774396800000,100000.0,0.0,6
1774400400000,100000.0,0.0,6
1774404000000,100000.0,0.0,6
1774407600000,100000.0,0.0,6
1774411200000,100000.0,0.0,6
1774414800000,100000.0,0.0,6
1774418400000,100000.0,0.0,6
1774422000000,100000.0,0.0,6
1774425600000,100000.0,0.0,6
1774429200000,100000.0,0.0,6
1774432800000,100000.0,0.0,6
1774436400000,100000.0,0.0,6
1774440000000,100000.0,0.0,6
1774443600000,100000.0,0.0,6
1774447200000,100000.0,0.0,6
1774450800000,100000.0,0.0,6
1774454400000,100000.0,0.0,6
1774458000000,100000.0,0.0,6
1774461600000,100000.0,0.0,6
1774465200000,100000.0,0.0,6
1774468800000,100000.0,0.0,6
1774472400000,100000.0,0.0,6
1774476000000,100000.0,0.0,6
1774479600000,100000.0,0.0,6
1774483200000,100000.0,0.0,6
1774483200000,100000.0,0.0,7
1774486800000,100000.0,0.0,7
1774490400000,100000.0,0.0,7
1774494000000,100000.0,0.0,7
1774497600000,100000.0,0.0,7
1774501200000,100000.0,0.0,7
1774504800000,100000.0,0.0,7
1774508400000,100000.0,0.0,7
1774512000000,100000.0,0.0,7
1774515600000,100000.0,0.0,7
1774519200000,100000.0,0.0,7
1774522800000,100000.0,0.0,7
1774526400000,100000.0,0.0,7
1774530000000,100000.0,0.0,7
1774533600000,100000.0,0.0,7
1774537200000,100000.0,0.0,7
1774540800000,100000.0,0.0,7
1774544400000,100000.0,0.0,7
1774548000000,100000.0,0.0,7
1774551600000,100000.0,0.0,7
1774555200000,100000.0,0.0,7
1774558800000,100000.0,0.0,7
1774562400000,100000.0,0.0,7
1774566000000,100000.0,0.0,7
1774569600000,100000.0,0.0,7
1774573200000,100000.0,0.0,7
1774576800000,100000.0,0.0,7
1774580400000,100000.0,0.0,7
1774584000000,100000.0,0.0,7
1774587600000,100000.0,0.0,7
1774591200000,100000.0,0.0,7
1774594800000,100000.0,0.0,7
1774598400000,100000.0,0.0,7
1774602000000,100000.0,0.0,7
1774605600000,100000.0,0.0,7
1774609200000,100000.0,0.0,7
1774612800000,100000.0,0.0,7
1774616400000,100000.0,0.0,7
1774620000000,100000.0,0.0,7
1774623600000,100000.0,0.0,7
1774627200000,100000.0,0.0,7
1774630800000,100000.0,0.0,7
1774634400000,100000.0,0.0,7
1774638000000,100000.0,0.0,7
1774641600000,100000.0,0.0,7
1774645200000,100000.0,0.0,7
1774648800000,100000.0,0.0,7
1774652400000,100000.0,0.0,7
1774656000000,100000.0,0.0,7
1774659600000,100000.0,0.0,7
1774663200000,100000.0,0.0,7
1774666800000,100000.0,0.0,7
1774670400000,100000.0,0.0,7
1774674000000,100000.0,0.0,7
1774677600000,100000.0,0.0,7
1774681200000,100000.0,0.0,7
1774684800000,100000.0,0.0,7
1774688400000,100000.0,0.0,7
1774692000000,100000.0,0.0,7
1774695600000,100000.0,0.0,7
1774699200000,100000.0,0.0,7
1774702800000,100000.0,0.0,7
1774706400000,100000.0,0.0,7
1774710000000,100000.0,0.0,7
1774713600000,100000.0,0.0,7
1774717200000,100000.0,0.0,7
1774720800000,100000.0,0.0,7
1774724400000,100000.0,0.0,7
1774728000000,100000.0,0.0,7
1774731600000,100000.0,0.0,7
1774735200000,100000.0,0.0,7
1774738800000,100000.0,0.0,7
1774742400000,100000.0,0.0,7
1774746000000,100000.0,0.0,7
1774749600000,100000.0,0.0,7
1774753200000,100000.0,0.0,7
1774756800000,100000.0,0.0,7
1774760400000,100000.0,0.0,7
1774764000000,100000.0,0.0,7
1774767600000,100000.0,0.0,7
1774771200000,100000.0,0.0,7
1774774800000,100000.0,0.0,7
1774778400000,100000.0,0.0,7
1774782000000,100000.0,0.0,7
1774785600000,100000.0,0.0,7
1774789200000,100000.0,0.0,7
1774792800000,100000.0,0.0,7
1774796400000,100000.0,0.0,7
1774800000000,100000.0,0.0,7
1774803600000,100000.0,0.0,7
1774807200000,100000.0,0.0,7
1774810800000,100000.0,0.0,7
1774814400000,100000.0,0.0,7
1774818000000,100000.0,0.0,7
1774821600000,100000.0,0.0,7
1774825200000,100000.0,0.0,7
1774828800000,100000.0,0.0,7
1774832400000,100000.0,0.0,7
1774836000000,100000.0,0.0,7
1774839600000,100000.0,0.0,7
1774843200000,100000.0,0.0,7
1774846800000,100000.0,0.0,7
1774850400000,100000.0,0.0,7
1774854000000,100000.0,0.0,7
1774857600000,100000.0,0.0,7
1774861200000,100000.0,0.0,7
1774864800000,100000.0,0.0,7
1774868400000,100000.0,0.0,7
1774872000000,100000.0,0.0,7
1774875600000,100000.0,0.0,7
1774879200000,100000.0,0.0,7
1774882800000,100000.0,0.0,7
1774886400000,100000.0,0.0,7
1774890000000,100000.0,0.0,7
1774893600000,100000.0,0.0,7
1774897200000,100000.0,0.0,7
1774900800000,100000.0,0.0,7
1774904400000,100000.0,0.0,7
1774908000000,100000.0,0.0,7
1774911600000,100000.0,0.0,7
1774915200000,100000.0,0.0,7
1774918800000,100000.0,0.0,7
1774922400000,100000.0,0.0,7
1774926000000,100000.0,0.0,7
1774929600000,100000.0,0.0,7
1774933200000,100000.0,0.0,7
1774936800000,100000.0,0.0,7
1774940400000,100000.0,0.0,7
1774944000000,100000.0,0.0,7
1774947600000,100000.0,0.0,7
1774951200000,100000.0,0.0,7
1774954800000,100000.0,0.0,7
1774958400000,100000.0,0.0,7
1774962000000,100000.0,0.0,7
1774965600000,100000.0,0.0,7
1774969200000,100000.0,0.0,7
1774972800000,100000.0,0.0,7
1774976400000,100000.0,0.0,7
1774980000000,100000.0,0.0,7
1774983600000,100000.0,0.0,7
1774987200000,100000.0,0.0,7
1774990800000,100000.0,0.0,7
1774994400000,100000.0,0.0,7
1774998000000,100000.0,0.0,7
1775001600000,100000.0,0.0,7
1775005200000,100000.0,0.0,7
1775008800000,100000.0,0.0,7
1775012400000,100000.0,0.0,7
1775016000000,100000.0,0.0,7
1775019600000,100000.0,0.0,7
1775023200000,100000.0,0.0,7
1775026800000,100000.0,0.0,7
1775030400000,100000.0,0.0,7
1775034000000,100000.0,0.0,7
1775037600000,100000.0,0.0,7
1775041200000,100000.0,0.0,7
1775044800000,100000.0,0.0,7
1775048400000,100000.0,0.0,7
1775052000000,100000.0,0.0,7
1775055600000,100000.0,0.0,7
1775059200000,100000.0,0.0,7
1775062800000,100000.0,0.0,7
1775066400000,100000.0,0.0,7
1775070000000,100000.0,0.0,7
1775073600000,100000.0,0.0,7
1775077200000,100000.0,0.0,7
1775080800000,100000.0,0.0,7
1775084400000,100000.0,0.0,7
1775088000000,100000.0,0.0,7
1775091600000,100000.0,0.0,7
1775095200000,100000.0,0.0,7
1775098800000,100000.0,0.0,7
1775102400000,100000.0,0.0,7
1775106000000,100000.0,0.0,7
1775109600000,100000.0,0.0,7
1775113200000,100000.0,0.0,7
1775116800000,100000.0,0.0,7
1775120400000,100000.0,0.0,7
1775124000000,100000.0,0.0,7
1775127600000,100000.0,0.0,7
1775131200000,100000.0,0.0,7
1775134800000,100000.0,0.0,7
1775138400000,100000.0,0.0,7
1775142000000,100000.0,0.0,7
1775145600000,100000.0,0.0,7
1775149200000,100000.0,0.0,7
1775152800000,100000.0,0.0,7
1775156400000,100000.0,0.0,7
1775160000000,100000.0,0.0,7
1775163600000,100000.0,0.0,7
1775167200000,100000.0,0.0,7
1775170800000,100000.0,0.0,7
1775174400000,100000.0,0.0,7
1775178000000,100000.0,0.0,7
1775181600000,100000.0,0.0,7
1775185200000,100000.0,0.0,7
1775188800000,100000.0,0.0,7
1775192400000,100000.0,0.0,7
1775196000000,100000.0,0.0,7
1775199600000,100000.0,0.0,7
1775203200000,100000.0,0.0,7
1775206800000,100000.0,0.0,7
1775210400000,100000.0,0.0,7
1775214000000,100000.0,0.0,7
1775217600000,100000.0,0.0,7
1775221200000,100000.0,0.0,7
1775224800000,100000.0,0.0,7
1775228400000,100000.0,0.0,7
1775232000000,100000.0,0.0,7
1775235600000,100000.0,0.0,7
1775239200000,100000.0,0.0,7
1775242800000,100000.0,0.0,7
1775246400000,100000.0,0.0,7
1775250000000,100000.0,0.0,7
1775253600000,100000.0,0.0,7
1775257200000,100000.0,0.0,7
1775260800000,100000.0,0.0,7
1775264400000,100000.0,0.0,7
1775268000000,100000.0,0.0,7
1775271600000,100000.0,0.0,7
1775275200000,100000.0,0.0,7
1775278800000,100000.0,0.0,7
1775282400000,100000.0,0.0,7
1775286000000,100000.0,0.0,7
1775289600000,100000.0,0.0,7
1775293200000,100000.0,0.0,7
1775296800000,100000.0,0.0,7
1775300400000,100000.0,0.0,7
1775304000000,100000.0,0.0,7
1775307600000,100000.0,0.0,7
1775311200000,100000.0,0.0,7
1775314800000,100000.0,0.0,7
1775318400000,100000.0,0.0,7
1775322000000,100000.0,0.0,7
1775325600000,100000.0,0.0,7
1775329200000,100000.0,0.0,7
1775332800000,100000.0,0.0,7
1775336400000,100000.0,0.0,7
1775340000000,100000.0,0.0,7
1775343600000,100000.0,0.0,7
1775347200000,100000.0,0.0,7
1775350800000,100000.0,0.0,7
1775354400000,100000.0,0.0,7
1775358000000,100000.0,0.0,7
1775361600000,100000.0,0.0,7
1775365200000,100000.0,0.0,7
1775368800000,100000.0,0.0,7
1775372400000,100000.0,0.0,7
1775376000000,100000.0,0.0,7
1775379600000,100000.0,0.0,7
1775383200000,100000.0,0.0,7
1775386800000,100000.0,0.0,7
1775390400000,100000.0,0.0,7
1775394000000,100000.0,0.0,7
1775397600000,100000.0,0.0,7
1775401200000,100000.0,0.0,7
1775404800000,100000.0,0.0,7
1775408400000,100000.0,0.0,7
1775412000000,100000.0,0.0,7
1775415600000,100000.0,0.0,7
1775419200000,100000.0,0.0,7
1775422800000,100000.0,0.0,7
1775426400000,100000.0,0.0,7
1775430000000,100000.0,0.0,7
1775433600000,100000.0,0.0,7
1775437200000,100000.0,0.0,7
1775440800000,100000.0,0.0,7
1775444400000,100000.0,0.0,7
1775448000000,100000.0,0.0,7
1775451600000,100000.0,0.0,7
1775455200000,100000.0,0.0,7
1775458800000,100000.0,0.0,7
1775462400000,100000.0,0.0,7
1775466000000,100000.0,0.0,7
1775469600000,100000.0,0.0,7
1775473200000,100000.0,0.0,7
1775476800000,100000.0,0.0,7
1775480400000,100000.0,0.0,7
1775484000000,100000.0,0.0,7
1775487600000,100000.0,0.0,7
1775491200000,100000.0,0.0,7
1775494800000,100000.0,0.0,7
1775498400000,100000.0,0.0,7
1775502000000,100000.0,0.0,7
1775505600000,100000.0,0.0,7
1775509200000,100000.0,0.0,7
1775512800000,100000.0,0.0,7
1775516400000,100000.0,0.0,7
1775520000000,100000.0,0.0,7
1775523600000,100000.0,0.0,7
1775527200000,100000.0,0.0,7
1775530800000,100000.0,0.0,7
1775534400000,100000.0,0.0,7
1775538000000,100000.0,0.0,7
1775541600000,100000.0,0.0,7
1775545200000,100000.0,0.0,7
1775548800000,100000.0,0.0,7
1775552400000,100000.0,0.0,7
1775556000000,100000.0,0.0,7
1775559600000,100000.0,0.0,7
1775563200000,100000.0,0.0,7
1775566800000,100000.0,0.0,7
1775570400000,100000.0,0.0,7
1775574000000,100000.0,0.0,7
1775577600000,100000.0,0.0,7
1775581200000,100000.0,0.0,7
1775584800000,100000.0,0.0,7
1775588400000,100000.0,0.0,7
1775592000000,100000.0,0.0,7
1775595600000,100000.0,0.0,7
1775599200000,100000.0,0.0,7
1775602800000,100000.0,0.0,7
1775606400000,100000.0,0.0,7
1775610000000,100000.0,0.0,7
1775613600000,100000.0,0.0,7
1775617200000,100000.0,0.0,7
1775620800000,100000.0,0.0,7
1775624400000,100000.0,0.0,7
1775628000000,100000.0,0.0,7
1775631600000,100000.0,0.0,7
1775635200000,100000.0,0.0,7
1775638800000,100000.0,0.0,7
1775642400000,100000.0,0.0,7
1775646000000,100000.0,0.0,7
1775649600000,100000.0,0.0,7
1775653200000,100000.0,0.0,7
1775656800000,100000.0,0.0,7
1775660400000,100000.0,0.0,7
1775664000000,100000.0,0.0,7
1775667600000,100000.0,0.0,7
1775671200000,100000.0,0.0,7
1775674800000,100000.0,0.0,7
1775678400000,100000.0,0.0,7
1775682000000,100000.0,0.0,7
1775685600000,100000.0,0.0,7
1775689200000,100000.0,0.0,7
1775692800000,100000.0,0.0,7
1775692800000,100000.0,0.0,8
1775696400000,100000.0,0.0,8
1775700000000,100000.0,0.0,8
1775703600000,100000.0,0.0,8
1775707200000,100000.0,0.0,8
1775710800000,100000.0,0.0,8
1775714400000,100000.0,0.0,8
1775718000000,100000.0,0.0,8
1775721600000,100000.0,0.0,8
1775725200000,100000.0,0.0,8
1775728800000,100000.0,0.0,8
1775732400000,100000.0,0.0,8
1775736000000,100000.0,0.0,8
1775739600000,100000.0,0.0,8
1775743200000,100000.0,0.0,8
1775746800000,100000.0,0.0,8
1775750400000,100000.0,0.0,8
1775754000000,100000.0,0.0,8
1775757600000,100000.0,0.0,8
1775761200000,100000.0,0.0,8
1775764800000,100000.0,0.0,8
1775768400000,100000.0,0.0,8
1775772000000,100000.0,0.0,8
1775775600000,100000.0,0.0,8
1775779200000,100000.0,0.0,8
1775782800000,100000.0,0.0,8
1775786400000,100000.0,0.0,8
1775790000000,100000.0,0.0,8
1775793600000,100000.0,0.0,8
1775797200000,100000.0,0.0,8
1775800800000,100000.0,0.0,8
1775804400000,100000.0,0.0,8
1775808000000,100000.0,0.0,8
1775811600000,100000.0,0.0,8
1775815200000,100000.0,0.0,8
1775818800000,100000.0,0.0,8
1775822400000,100000.0,0.0,8
1775826000000,100000.0,0.0,8
1775829600000,100000.0,0.0,8
1775833200000,100000.0,0.0,8
1775836800000,100000.0,0.0,8
1775840400000,100000.0,0.0,8
1775844000000,100000.0,0.0,8
1775847600000,100000.0,0.0,8
1775851200000,100000.0,0.0,8
1775854800000,100000.0,0.0,8
1775858400000,100000.0,0.0,8
1775862000000,100000.0,0.0,8
1775865600000,100000.0,0.0,8
1775869200000,100000.0,0.0,8
1775872800000,100000.0,0.0,8
1775876400000,100000.0,0.0,8
1775880000000,100000.0,0.0,8
1775883600000,100000.0,0.0,8
1775887200000,100000.0,0.0,8
1775890800000,100000.0,0.0,8
1775894400000,100000.0,0.0,8
1775898000000,100000.0,0.0,8
1775901600000,100000.0,0.0,8
1775905200000,100000.0,0.0,8
1775908800000,100000.0,0.0,8
1775912400000,100000.0,0.0,8
1775916000000,100000.0,0.0,8
1775919600000,100000.0,0.0,8
1775923200000,100000.0,0.0,8
1775926800000,100000.0,0.0,8
1775930400000,100000.0,0.0,8
1775934000000,100000.0,0.0,8
1775937600000,100000.0,0.0,8
1775941200000,100000.0,0.0,8
1775944800000,100000.0,0.0,8
1775948400000,100000.0,0.0,8
1775952000000,100000.0,0.0,8
1775955600000,100000.0,0.0,8
1775959200000,100000.0,0.0,8
1775962800000,100000.0,0.0,8
1775966400000,100000.0,0.0,8
1775970000000,100000.0,0.0,8
1775973600000,100000.0,0.0,8
1775977200000,100000.0,0.0,8
1775980800000,100000.0,0.0,8
1775984400000,100000.0,0.0,8
1775988000000,100000.0,0.0,8
1775991600000,100000.0,0.0,8
1775995200000,100000.0,0.0,8
1775998800000,100000.0,0.0,8
1776002400000,100000.0,0.0,8
1776006000000,100000.0,0.0,8
1776009600000,100000.0,0.0,8
1776013200000,100000.0,0.0,8
1776016800000,100000.0,0.0,8
1776020400000,100000.0,0.0,8
1776024000000,100000.0,0.0,8
1776027600000,100000.0,0.0,8
1776031200000,100000.0,0.0,8
1776034800000,100000.0,0.0,8
1776038400000,100000.0,0.0,8
1776042000000,100000.0,0.0,8
1776045600000,100000.0,0.0,8
1776049200000,100000.0,0.0,8
1776052800000,100000.0,0.0,8
1776056400000,100000.0,0.0,8
1776060000000,100000.0,0.0,8
1776063600000,100000.0,0.0,8
1776067200000,100000.0,0.0,8
1776070800000,100000.0,0.0,8
1776074400000,100000.0,0.0,8
1776078000000,100000.0,0.0,8
1776081600000,100000.0,0.0,8
1776085200000,100000.0,0.0,8
1776088800000,100000.0,0.0,8
1776092400000,100000.0,0.0,8
1776096000000,100000.0,0.0,8
1776099600000,100000.0,0.0,8
1776103200000,100000.0,0.0,8
1776106800000,100000.0,0.0,8
1776110400000,100000.0,0.0,8
1776114000000,100000.0,0.0,8
1776117600000,100000.0,0.0,8
1776121200000,100000.0,0.0,8
1776124800000,100000.0,0.0,8
1776128400000,100000.0,0.0,8
1776132000000,100000.0,0.0,8
1776135600000,100000.0,0.0,8
1776139200000,100000.0,0.0,8
1776142800000,100000.0,0.0,8
1776146400000,100000.0,0.0,8
1776150000000,100000.0,0.0,8
1776153600000,100000.0,0.0,8
1776157200000,100000.0,0.0,8
1776160800000,100000.0,0.0,8
1776164400000,100000.0,0.0,8
1776168000000,100000.0,0.0,8
1776171600000,100000.0,0.0,8
1776175200000,100000.0,0.0,8
1776178800000,100000.0,0.0,8
1776182400000,100000.0,0.0,8
1776186000000,100000.0,0.0,8
1776189600000,100000.0,0.0,8
1776193200000,100000.0,0.0,8
1776196800000,100000.0,0.0,8
1776200400000,100000.0,0.0,8
1776204000000,100000.0,0.0,8
1776207600000,100000.0,0.0,8
1776211200000,100000.0,0.0,8
1776214800000,100000.0,0.0,8
1776218400000,100000.0,0.0,8
1776222000000,100000.0,0.0,8
1776225600000,100000.0,0.0,8
1776229200000,100000.0,0.0,8
1776232800000,100000.0,0.0,8
1776236400000,100000.0,0.0,8
1776240000000,100000.0,0.0,8
1776243600000,100000.0,0.0,8
1776247200000,100000.0,0.0,8
1776250800000,100000.0,0.0,8
1776254400000,100000.0,0.0,8
1776258000000,100000.0,0.0,8
1776261600000,100000.0,0.0,8
1776265200000,100000.0,0.0,8
1776268800000,100000.0,0.0,8
1776272400000,100000.0,0.0,8
1776276000000,100000.0,0.0,8
1776279600000,100000.0,0.0,8
1776283200000,100000.0,0.0,8
1776286800000,100000.0,0.0,8
1776290400000,100000.0,0.0,8
1776294000000,100000.0,0.0,8
1776297600000,100000.0,0.0,8
1776301200000,100000.0,0.0,8
1776304800000,100000.0,0.0,8
1776308400000,100000.0,0.0,8
1776312000000,100000.0,0.0,8
1776315600000,100000.0,0.0,8
1776319200000,100000.0,0.0,8
1776322800000,100000.0,0.0,8
1776326400000,100000.0,0.0,8
1776330000000,100000.0,0.0,8
1776333600000,100000.0,0.0,8
1776337200000,100000.0,0.0,8
1776340800000,100000.0,0.0,8
1776344400000,100000.0,0.0,8
1776348000000,100000.0,0.0,8
1776351600000,100000.0,0.0,8
1776355200000,100000.0,0.0,8
1776358800000,100000.0,0.0,8
1776362400000,100000.0,0.0,8
1776366000000,100000.0,0.0,8
1776369600000,100000.0,0.0,8
1776373200000,100000.0,0.0,8
1776376800000,100000.0,0.0,8
1776380400000,100000.0,0.0,8
1776384000000,100000.0,0.0,8
1776387600000,100000.0,0.0,8
1776391200000,100000.0,0.0,8
1776394800000,100000.0,0.0,8
1776398400000,100000.0,0.0,8
1776402000000,100000.0,0.0,8
1776405600000,100000.0,0.0,8
1776409200000,100000.0,0.0,8
1776412800000,100000.0,0.0,8
1776416400000,100000.0,0.0,8
1776420000000,100000.0,0.0,8
1776423600000,100000.0,0.0,8
1776427200000,100000.0,0.0,8
1776430800000,100000.0,0.0,8
1776434400000,100000.0,0.0,8
1776438000000,100000.0,0.0,8
1776441600000,100000.0,0.0,8
1776445200000,100000.0,0.0,8
1776448800000,100000.0,0.0,8
1776452400000,100000.0,0.0,8
1776456000000,100000.0,0.0,8
1776459600000,100000.0,0.0,8
1776463200000,100000.0,0.0,8
1776466800000,100000.0,0.0,8
1776470400000,100000.0,0.0,8
1776474000000,100000.0,0.0,8
1776477600000,100000.0,0.0,8
1776481200000,100000.0,0.0,8
1776484800000,100000.0,0.0,8
1776488400000,100000.0,0.0,8
1776492000000,100000.0,0.0,8
1776495600000,100000.0,0.0,8
1776499200000,100000.0,0.0,8
1776502800000,100000.0,0.0,8
1776506400000,100000.0,0.0,8
1776510000000,100000.0,0.0,8
1776513600000,100000.0,0.0,8
1776517200000,100000.0,0.0,8
1776520800000,100000.0,0.0,8
1776524400000,100000.0,0.0,8
1776528000000,100000.0,0.0,8
1776531600000,100000.0,0.0,8
1776535200000,100000.0,0.0,8
1776538800000,100000.0,0.0,8
1776542400000,100000.0,0.0,8
1776546000000,100000.0,0.0,8
1776549600000,100000.0,0.0,8
1776553200000,100000.0,0.0,8
1776556800000,100000.0,0.0,8
1776560400000,100000.0,0.0,8
1776564000000,100000.0,0.0,8
1776567600000,100000.0,0.0,8
1776571200000,100000.0,0.0,8
1776574800000,100000.0,0.0,8
1776578400000,100000.0,0.0,8
1776582000000,100000.0,0.0,8
1776585600000,100000.0,0.0,8
1776589200000,100000.0,0.0,8
1776592800000,100000.0,0.0,8
1776596400000,100000.0,0.0,8
1776600000000,100000.0,0.0,8
1776603600000,100000.0,0.0,8
1776607200000,100000.0,0.0,8
1776610800000,100000.0,0.0,8
1776614400000,100000.0,0.0,8
1776618000000,100000.0,0.0,8
1776621600000,100000.0,0.0,8
1776625200000,100000.0,0.0,8
1776628800000,100000.0,0.0,8
1776632400000,100000.0,0.0,8
1776636000000,100000.0,0.0,8
1776639600000,100000.0,0.0,8
1776643200000,100000.0,0.0,8
1776646800000,100000.0,0.0,8
1776650400000,100000.0,0.0,8
1776654000000,100000.0,0.0,8
1776657600000,100000.0,0.0,8
1776661200000,100000.0,0.0,8
1776664800000,100000.0,0.0,8
1776668400000,100000.0,0.0,8
1776672000000,100000.0,0.0,8
1776675600000,100000.0,0.0,8
1776679200000,100000.0,0.0,8
1776682800000,100000.0,0.0,8
1776686400000,100000.0,0.0,8
1776690000000,100000.0,0.0,8
1776693600000,100000.0,0.0,8
1776697200000,100000.0,0.0,8
1776700800000,100000.0,0.0,8
1776704400000,100000.0,0.0,8
1776708000000,100000.0,0.0,8
1776711600000,100000.0,0.0,8
1776715200000,100000.0,0.0,8
1776718800000,100000.0,0.0,8
1776722400000,100000.0,0.0,8
1776726000000,100000.0,0.0,8
1776729600000,100000.0,0.0,8
1776733200000,100000.0,0.0,8
1776736800000,100000.0,0.0,8
1776740400000,100000.0,0.0,8
1776744000000,100000.0,0.0,8
1776747600000,100000.0,0.0,8
1776751200000,100000.0,0.0,8
1776754800000,100000.0,0.0,8
1776758400000,100000.0,0.0,8
1776762000000,100000.0,0.0,8
1776765600000,100000.0,0.0,8
1776769200000,100000.0,0.0,8
1776772800000,100000.0,0.0,8
1776776400000,100000.0,0.0,8
1776780000000,100000.0,0.0,8
1776783600000,100000.0,0.0,8
1776787200000,100000.0,0.0,8
1776790800000,100000.0,0.0,8
1776794400000,100000.0,0.0,8
1776798000000,100000.0,0.0,8
1776801600000,100000.0,0.0,8
1776805200000,100000.0,0.0,8
1776808800000,100000.0,0.0,8
1776812400000,100000.0,0.0,8
1776816000000,100000.0,0.0,8
1776819600000,100000.0,0.0,8
1776823200000,100000.0,0.0,8
1776826800000,100000.0,0.0,8
1776830400000,100000.0,0.0,8
1776834000000,100000.0,0.0,8
1776837600000,100000.0,0.0,8
1776841200000,100000.0,0.0,8
1776844800000,100000.0,0.0,8
1776848400000,100000.0,0.0,8
1776852000000,100000.0,0.0,8
1776855600000,100000.0,0.0,8
1776859200000,100000.0,0.0,8
1776862800000,100000.0,0.0,8
1776866400000,100000.0,0.0,8
1776870000000,100000.0,0.0,8
1776873600000,100000.0,0.0,8
1776877200000,100000.0,0.0,8
1776880800000,100000.0,0.0,8
1776884400000,100000.0,0.0,8
1776888000000,100000.0,0.0,8
1776891600000,100000.0,0.0,8
1776895200000,100000.0,0.0,8
1776898800000,100000.0,0.0,8
1776902400000,100000.0,0.0,8
1776902400000,100000.0,0.0,9
1776906000000,100000.0,0.0,9
1776909600000,100000.0,0.0,9
1776913200000,100000.0,0.0,9
1776916800000,100000.0,0.0,9
1776920400000,100000.0,0.0,9
1776924000000,100000.0,0.0,9
1776927600000,100000.0,0.0,9
1776931200000,100000.0,0.0,9
1776934800000,100000.0,0.0,9
1776938400000,100000.0,0.0,9
1776942000000,100000.0,0.0,9
1776945600000,100000.0,0.0,9
1776949200000,100000.0,0.0,9
1776952800000,100000.0,0.0,9
1776956400000,100000.0,0.0,9
1776960000000,100000.0,0.0,9
1776963600000,100000.0,0.0,9
1776967200000,100000.0,0.0,9
1776970800000,100000.0,0.0,9
1776974400000,100000.0,0.0,9
1776978000000,100000.0,0.0,9
1776981600000,100000.0,0.0,9
1776985200000,100000.0,0.0,9
1776988800000,100000.0,0.0,9
1776992400000,100000.0,0.0,9
1776996000000,100000.0,0.0,9
1776999600000,100000.0,0.0,9
1777003200000,100000.0,0.0,9
1777006800000,100000.0,0.0,9
1777010400000,100000.0,0.0,9
1777014000000,100000.0,0.0,9
1777017600000,100000.0,0.0,9
1777021200000,100000.0,0.0,9
1777024800000,100000.0,0.0,9
1777028400000,100000.0,0.0,9
1777032000000,100000.0,0.0,9
1777035600000,100000.0,0.0,9
1777039200000,100000.0,0.0,9
1777042800000,100000.0,0.0,9
1777046400000,100000.0,0.0,9
1777050000000,100000.0,0.0,9
1777053600000,100000.0,0.0,9
1777057200000,100000.0,0.0,9
1777060800000,100000.0,0.0,9
1777064400000,100000.0,0.0,9
1777068000000,100000.0,0.0,9
1777071600000,100000.0,0.0,9
1777075200000,100000.0,0.0,9
1777078800000,100000.0,0.0,9
1777082400000,100000.0,0.0,9
1777086000000,100000.0,0.0,9
1777089600000,100000.0,0.0,9
1777093200000,100000.0,0.0,9
1777096800000,100000.0,0.0,9
1777100400000,100000.0,0.0,9
1777104000000,100000.0,0.0,9
1777107600000,100000.0,0.0,9
1777111200000,100000.0,0.0,9
1777114800000,100000.0,0.0,9
1777118400000,100000.0,0.0,9
1777122000000,100000.0,0.0,9
1777125600000,100000.0,0.0,9
1777129200000,100000.0,0.0,9
1777132800000,100000.0,0.0,9
1777136400000,100000.0,0.0,9
1777140000000,100000.0,0.0,9
1777143600000,100000.0,0.0,9
1777147200000,100000.0,0.0,9
1777150800000,100000.0,0.0,9
1777154400000,100000.0,0.0,9
1777158000000,100000.0,0.0,9
1777161600000,100000.0,0.0,9
1777165200000,100000.0,0.0,9
1777168800000,100000.0,0.0,9
1777172400000,100000.0,0.0,9
1777176000000,100000.0,0.0,9
1777179600000,100000.0,0.0,9
1777183200000,100000.0,0.0,9
1777186800000,100000.0,0.0,9
1777190400000,100000.0,0.0,9
1777194000000,100000.0,0.0,9
1777197600000,100000.0,0.0,9
1777201200000,100000.0,0.0,9
1777204800000,100000.0,0.0,9
1777208400000,100000.0,0.0,9
1777212000000,100000.0,0.0,9
1777215600000,100000.0,0.0,9
1777219200000,100000.0,0.0,9
1777222800000,100000.0,0.0,9
1777226400000,100000.0,0.0,9
1777230000000,100000.0,0.0,9
1777233600000,100000.0,0.0,9
1777237200000,100000.0,0.0,9
1777240800000,100000.0,0.0,9
1777244400000,100000.0,0.0,9
1777248000000,100000.0,0.0,9
1777251600000,100000.0,0.0,9
1777255200000,100000.0,0.0,9
1777258800000,100000.0,0.0,9
1777262400000,100000.0,0.0,9
1777266000000,100000.0,0.0,9
1777269600000,100000.0,0.0,9
1777273200000,100000.0,0.0,9
1777276800000,100000.0,0.0,9
1777280400000,100000.0,0.0,9
1777284000000,100000.0,0.0,9
1777287600000,100000.0,0.0,9
1777291200000,100000.0,0.0,9
1777294800000,100000.0,0.0,9
1777298400000,100000.0,0.0,9
1777302000000,100000.0,0.0,9
1777305600000,100000.0,0.0,9
1777309200000,100000.0,0.0,9
1777312800000,100000.0,0.0,9
1777316400000,100000.0,0.0,9
1777320000000,100000.0,0.0,9
1777323600000,100000.0,0.0,9
1777327200000,100000.0,0.0,9
1777330800000,100000.0,0.0,9
1777334400000,100000.0,0.0,9
1777338000000,100000.0,0.0,9
1777341600000,100000.0,0.0,9
1777345200000,100000.0,0.0,9
1777348800000,100000.0,0.0,9
1777352400000,100000.0,0.0,9
1777356000000,100000.0,0.0,9
1777359600000,100000.0,0.0,9
1777363200000,100000.0,0.0,9
1777366800000,100000.0,0.0,9
1777370400000,100000.0,0.0,9
1777374000000,100000.0,0.0,9
1777377600000,100000.0,0.0,9
1777381200000,100000.0,0.0,9
1777384800000,100000.0,0.0,9
1777388400000,100000.0,0.0,9
1777392000000,100000.0,0.0,9
1777395600000,100000.0,0.0,9
1777399200000,100000.0,0.0,9
1777402800000,100000.0,0.0,9
1777406400000,100000.0,0.0,9
1777410000000,100000.0,0.0,9
1777413600000,100000.0,0.0,9
1777417200000,100000.0,0.0,9
1777420800000,100000.0,0.0,9
1777424400000,100000.0,0.0,9
1777428000000,100000.0,0.0,9
1777431600000,100000.0,0.0,9
1777435200000,100000.0,0.0,9
1777438800000,100000.0,0.0,9
1777442400000,100000.0,0.0,9
1777446000000,100000.0,0.0,9
1777449600000,100000.0,0.0,9
1777453200000,100000.0,0.0,9
1777456800000,100000.0,0.0,9
1777460400000,100000.0,0.0,9
1777464000000,100000.0,0.0,9
1777467600000,100000.0,0.0,9
1777471200000,100000.0,0.0,9
1777474800000,100000.0,0.0,9
1777478400000,100000.0,0.0,9
1777482000000,100000.0,0.0,9
1777485600000,100000.0,0.0,9
1777489200000,100000.0,0.0,9
1777492800000,100000.0,0.0,9
1777496400000,100000.0,0.0,9
1777500000000,100000.0,0.0,9
1777503600000,100000.0,0.0,9
1777507200000,100000.0,0.0,9
1777510800000,100000.0,0.0,9
1777514400000,100000.0,0.0,9
1777518000000,100000.0,0.0,9
1777521600000,100000.0,0.0,9
1777525200000,100000.0,0.0,9
1777528800000,100000.0,0.0,9
1777532400000,100000.0,0.0,9
1777536000000,100000.0,0.0,9
1777539600000,100000.0,0.0,9
1777543200000,100000.0,0.0,9
1777546800000,100000.0,0.0,9
1777550400000,100000.0,0.0,9
1777554000000,100000.0,0.0,9
1777557600000,100000.0,0.0,9
1777561200000,100000.0,0.0,9
1777564800000,100000.0,0.0,9
1777568400000,100000.0,0.0,9
1777572000000,100000.0,0.0,9
1777575600000,100000.0,0.0,9
1777579200000,100000.0,0.0,9
1777582800000,100000.0,0.0,9
1777586400000,100000.0,0.0,9
1777590000000,100000.0,0.0,9
1777593600000,100000.0,0.0,9
1777597200000,100000.0,0.0,9
1777600800000,100000.0,0.0,9
1777604400000,100000.0,0.0,9
1777608000000,100000.0,0.0,9
1777611600000,100000.0,0.0,9
1777615200000,100000.0,0.0,9
1777618800000,100000.0,0.0,9
1777622400000,100000.0,0.0,9
1777626000000,100000.0,0.0,9
1777629600000,100000.0,0.0,9
1777633200000,100000.0,0.0,9
1777636800000,100000.0,0.0,9
1777640400000,100000.0,0.0,9
1777644000000,100000.0,0.0,9
1777647600000,100000.0,0.0,9
1777651200000,100000.0,0.0,9
1777654800000,100000.0,0.0,9
1777658400000,100000.0,0.0,9
1777662000000,100000.0,0.0,9
1777665600000,100000.0,0.0,9
1777669200000,100000.0,0.0,9
1777672800000,100000.0,0.0,9
1777676400000,100000.0,0.0,9
1777680000000,100000.0,0.0,9
1777683600000,100000.0,0.0,9
1777687200000,100000.0,0.0,9
1777690800000,100000.0,0.0,9
1777694400000,100000.0,0.0,9
1777698000000,100000.0,0.0,9
1777701600000,100000.0,0.0,9
1777705200000,100000.0,0.0,9
1777708800000,100000.0,0.0,9
1777712400000,100000.0,0.0,9
1777716000000,100000.0,0.0,9
1777719600000,100000.0,0.0,9
1777723200000,100000.0,0.0,9
1777726800000,100000.0,0.0,9
1777730400000,100000.0,0.0,9
1777734000000,100000.0,0.0,9
1777737600000,100000.0,0.0,9
1777741200000,100000.0,0.0,9
1777744800000,100000.0,0.0,9
1777748400000,100000.0,0.0,9
1777752000000,100000.0,0.0,9
1777755600000,100000.0,0.0,9
1777759200000,100000.0,0.0,9
1777762800000,100000.0,0.0,9
1777766400000,100000.0,0.0,9
1777770000000,100000.0,0.0,9
1777773600000,100000.0,0.0,9
1777777200000,100000.0,0.0,9
1777780800000,100000.0,0.0,9
1777784400000,100000.0,0.0,9
1777788000000,100000.0,0.0,9
1777791600000,100000.0,0.0,9
1777795200000,100000.0,0.0,9
1777798800000,100000.0,0.0,9
1777802400000,100000.0,0.0,9
1777806000000,100000.0,0.0,9
1777809600000,100000.0,0.0,9
1777813200000,100000.0,0.0,9
1777816800000,100000.0,0.0,9
1777820400000,100000.0,0.0,9
1777824000000,100000.0,0.0,9
1777827600000,100000.0,0.0,9
1777831200000,100000.0,0.0,9
1777834800000,100000.0,0.0,9
1777838400000,100000.0,0.0,9
1777842000000,100000.0,0.0,9
1777845600000,100000.0,0.0,9
1777849200000,100000.0,0.0,9
1777852800000,100000.0,0.0,9
1777856400000,100000.0,0.0,9
1777860000000,100000.0,0.0,9
1777863600000,100000.0,0.0,9
1777867200000,100000.0,0.0,9
1777870800000,100000.0,0.0,9
1777874400000,100000.0,0.0,9
1777878000000,100000.0,0.0,9
1777881600000,100000.0,0.0,9
1777885200000,100000.0,0.0,9
1777888800000,100000.0,0.0,9
1777892400000,100000.0,0.0,9
1777896000000,100000.0,0.0,9
1777899600000,100000.0,0.0,9
1777903200000,100000.0,0.0,9
1777906800000,100000.0,0.0,9
1777910400000,100000.0,0.0,9
1777914000000,100000.0,0.0,9
1777917600000,100000.0,0.0,9
1777921200000,100000.0,0.0,9
1777924800000,100000.0,0.0,9
1777928400000,100000.0,0.0,9
1777932000000,100000.0,0.0,9
1777935600000,100000.0,0.0,9
1777939200000,100000.0,0.0,9
1777942800000,100000.0,0.0,9
1777946400000,100000.0,0.0,9
1777950000000,100000.0,0.0,9
1777953600000,100000.0,0.0,9
1777957200000,100000.0,0.0,9
1777960800000,100000.0,0.0,9
1777964400000,100000.0,0.0,9
1777968000000,100000.0,0.0,9
1777971600000,100000.0,0.0,9
1777975200000,100000.0,0.0,9
1777978800000,100000.0,0.0,9
1777982400000,100000.0,0.0,9
1777986000000,100000.0,0.0,9
1777989600000,100000.0,0.0,9
1777993200000,100000.0,0.0,9
1777996800000,100000.0,0.0,9
1778000400000,100000.0,0.0,9
1778004000000,100000.0,0.0,9
1778007600000,100000.0,0.0,9
1778011200000,100000.0,0.0,9
1778014800000,100000.0,0.0,9
1778018400000,100000.0,0.0,9
1778022000000,100000.0,0.0,9
1778025600000,100000.0,0.0,9
1778029200000,100000.0,0.0,9
1778032800000,100000.0,0.0,9
1778036400000,100000.0,0.0,9
1778040000000,100000.0,0.0,9
1778043600000,100000.0,0.0,9
1778047200000,100000.0,0.0,9
1778050800000,100000.0,0.0,9
1778054400000,100000.0,0.0,9
1778058000000,100000.0,0.0,9
1778061600000,100000.0,0.0,9
1778065200000,100000.0,0.0,9
1778068800000,100000.0,0.0,9
1778072400000,100000.0,0.0,9
1778076000000,100000.0,0.0,9
1778079600000,100000.0,0.0,9
1778083200000,100000.0,0.0,9
1778086800000,100000.0,0.0,9
1778090400000,100000.0,0.0,9
1778094000000,100000.0,0.0,9
1778097600000,100000.0,0.0,9
1778101200000,100000.0,0.0,9
1778104800000,100000.0,0.0,9
1778108400000,100000.0,0.0,9
1778112000000,100000.0,0.0,9
1778112000000,100000.0,0.0,10
1778115600000,100000.0,0.0,10
1778119200000,100000.0,0.0,10
1778122800000,100000.0,0.0,10
1778126400000,100000.0,0.0,10
1778130000000,100000.0,0.0,10
1778133600000,100000.0,0.0,10
1778137200000,100000.0,0.0,10
1778140800000,100000.0,0.0,10
1778144400000,100000.0,0.0,10
1778148000000,100000.0,0.0,10
1778151600000,100000.0,0.0,10
1778155200000,100000.0,0.0,10
1778158800000,100000.0,0.0,10
1778162400000,100000.0,0.0,10
1778166000000,100000.0,0.0,10
1778169600000,100000.0,0.0,10
1778173200000,100000.0,0.0,10
1778176800000,100000.0,0.0,10
1778180400000,100000.0,0.0,10
1778184000000,100000.0,0.0,10
1778187600000,100000.0,0.0,10
1778191200000,100000.0,0.0,10
1778194800000,100000.0,0.0,10
1778198400000,100000.0,0.0,10
1778202000000,100000.0,0.0,10
1778205600000,100000.0,0.0,10
1778209200000,100000.0,0.0,10
1778212800000,100000.0,0.0,10
1778216400000,100000.0,0.0,10
1778220000000,100000.0,0.0,10
1778223600000,100000.0,0.0,10
1778227200000,100000.0,0.0,10
1778230800000,100000.0,0.0,10
1778234400000,100000.0,0.0,10
1778238000000,100000.0,0.0,10
1778241600000,100000.0,0.0,10
1778245200000,100000.0,0.0,10
1778248800000,100000.0,0.0,10
1778252400000,100000.0,0.0,10
1778256000000,100000.0,0.0,10
1778259600000,100000.0,0.0,10
1778263200000,100000.0,0.0,10
1778266800000,100000.0,0.0,10
1778270400000,100000.0,0.0,10
1778274000000,100000.0,0.0,10
1778277600000,100000.0,0.0,10
1778281200000,100000.0,0.0,10
1778284800000,100000.0,0.0,10
1778288400000,100000.0,0.0,10
1778292000000,100000.0,0.0,10
1778295600000,100000.0,0.0,10
1778299200000,100000.0,0.0,10
1778302800000,100000.0,0.0,10
1778306400000,100000.0,0.0,10
1778310000000,100000.0,0.0,10
1778313600000,100000.0,0.0,10
1778317200000,100000.0,0.0,10
1778320800000,100000.0,0.0,10
1778324400000,100000.0,0.0,10
1778328000000,100000.0,0.0,10
1778331600000,100000.0,0.0,10
1778335200000,100000.0,0.0,10
1778338800000,100000.0,0.0,10
1778342400000,100000.0,0.0,10
1778346000000,100000.0,0.0,10
1778349600000,100000.0,0.0,10
1778353200000,100000.0,0.0,10
1778356800000,100000.0,0.0,10
1778360400000,100000.0,0.0,10
1778364000000,100000.0,0.0,10
1778367600000,100000.0,0.0,10
1778371200000,100000.0,0.0,10
1778374800000,100000.0,0.0,10
1778378400000,100000.0,0.0,10
1778382000000,100000.0,0.0,10
1778385600000,100000.0,0.0,10
1778389200000,100000.0,0.0,10
1778392800000,100000.0,0.0,10
1778396400000,100000.0,0.0,10
1778400000000,100000.0,0.0,10
1778403600000,100000.0,0.0,10
1778407200000,100000.0,0.0,10
1778410800000,100000.0,0.0,10
1778414400000,100000.0,0.0,10
1778418000000,100000.0,0.0,10
1778421600000,100000.0,0.0,10
1778425200000,100000.0,0.0,10
1778428800000,100000.0,0.0,10
1778432400000,100000.0,0.0,10
1778436000000,100000.0,0.0,10
1778439600000,100000.0,0.0,10
1778443200000,100000.0,0.0,10
1778446800000,100000.0,0.0,10
1778450400000,100000.0,0.0,10
1778454000000,100000.0,0.0,10
1778457600000,100000.0,0.0,10
1778461200000,100000.0,0.0,10
1778464800000,100000.0,0.0,10
1778468400000,100000.0,0.0,10
1778472000000,100000.0,0.0,10
1778475600000,100000.0,0.0,10
1778479200000,100000.0,0.0,10
1778482800000,100000.0,0.0,10
1778486400000,100000.0,0.0,10
1778490000000,100000.0,0.0,10
1778493600000,100000.0,0.0,10
1778497200000,100000.0,0.0,10
1778500800000,100000.0,0.0,10
1778504400000,100000.0,0.0,10
1778508000000,100000.0,0.0,10
1778511600000,100000.0,0.0,10
1778515200000,100000.0,0.0,10
1778518800000,100000.0,0.0,10
1778522400000,100000.0,0.0,10
1778526000000,100000.0,0.0,10
1778529600000,100000.0,0.0,10
1778533200000,100000.0,0.0,10
1778536800000,100000.0,0.0,10
1778540400000,100000.0,0.0,10
1778544000000,100000.0,0.0,10
1778547600000,100000.0,0.0,10
1778551200000,100000.0,0.0,10
1778554800000,100000.0,0.0,10
1778558400000,100000.0,0.0,10
1778562000000,100000.0,0.0,10
1778565600000,100000.0,0.0,10
1778569200000,100000.0,0.0,10
1778572800000,100000.0,0.0,10
1778576400000,100000.0,0.0,10
1778580000000,100000.0,0.0,10
1778583600000,100000.0,0.0,10
1778587200000,100000.0,0.0,10
1778590800000,100000.0,0.0,10
1778594400000,100000.0,0.0,10
1778598000000,100000.0,0.0,10
1778601600000,100000.0,0.0,10
1778605200000,100000.0,0.0,10
1778608800000,100000.0,0.0,10
1778612400000,100000.0,0.0,10
1778616000000,100000.0,0.0,10
1778619600000,100000.0,0.0,10
1778623200000,100000.0,0.0,10
1778626800000,100000.0,0.0,10
1778630400000,100000.0,0.0,10
1778634000000,100000.0,0.0,10
1778637600000,100000.0,0.0,10
1778641200000,100000.0,0.0,10
1778644800000,100000.0,0.0,10
1778648400000,100000.0,0.0,10
1778652000000,100000.0,0.0,10
1778655600000,100000.0,0.0,10
1778659200000,100000.0,0.0,10
1778662800000,100000.0,0.0,10
1778666400000,100000.0,0.0,10
1778670000000,100000.0,0.0,10
1778673600000,100000.0,0.0,10
1778677200000,100000.0,0.0,10
1778680800000,100000.0,0.0,10
1778684400000,100000.0,0.0,10
1778688000000,100000.0,0.0,10
1778691600000,100000.0,0.0,10
1778695200000,100000.0,0.0,10
1778698800000,100000.0,0.0,10
1778702400000,100000.0,0.0,10
1778706000000,100000.0,0.0,10
1778709600000,100000.0,0.0,10
1778713200000,100000.0,0.0,10
1778716800000,100000.0,0.0,10
1778720400000,100000.0,0.0,10
1778724000000,100000.0,0.0,10
1778727600000,100000.0,0.0,10
1778731200000,100000.0,0.0,10
1778734800000,100000.0,0.0,10
1778738400000,100000.0,0.0,10
1778742000000,100000.0,0.0,10
1778745600000,100000.0,0.0,10
1778749200000,100000.0,0.0,10
1778752800000,100000.0,0.0,10
1778756400000,100000.0,0.0,10
1778760000000,100000.0,0.0,10
1778763600000,100000.0,0.0,10
1778767200000,100000.0,0.0,10
1778770800000,100000.0,0.0,10
1778774400000,100000.0,0.0,10
1778778000000,100000.0,0.0,10
1778781600000,100000.0,0.0,10
1778785200000,100000.0,0.0,10
1778788800000,100000.0,0.0,10
1778792400000,100000.0,0.0,10
1778796000000,100000.0,0.0,10
1778799600000,100000.0,0.0,10
1778803200000,100000.0,0.0,10
1778806800000,100000.0,0.0,10
1778810400000,100000.0,0.0,10
1778814000000,100000.0,0.0,10
1778817600000,100000.0,0.0,10
1778821200000,100000.0,0.0,10
1778824800000,100000.0,0.0,10
1778828400000,100000.0,0.0,10
1778832000000,100000.0,0.0,10
1778835600000,100000.0,0.0,10
1778839200000,100000.0,0.0,10
1778842800000,100000.0,0.0,10
1778846400000,100000.0,0.0,10
1778850000000,100000.0,0.0,10
1778853600000,100000.0,0.0,10
1778857200000,100000.0,0.0,10
1778860800000,100000.0,0.0,10
1778864400000,100000.0,0.0,10
1778868000000,100000.0,0.0,10
1778871600000,100000.0,0.0,10
1778875200000,100000.0,0.0,10
1778878800000,100000.0,0.0,10
1778882400000,100000.0,0.0,10
1778886000000,100000.0,0.0,10
1778889600000,100000.0,0.0,10
1778893200000,100000.0,0.0,10
1778896800000,100000.0,0.0,10
1778900400000,100000.0,0.0,10
1778904000000,100000.0,0.0,10
1778907600000,100000.0,0.0,10
1778911200000,100000.0,0.0,10
1778914800000,100000.0,0.0,10
1778918400000,100000.0,0.0,10
1778922000000,100000.0,0.0,10
1778925600000,100000.0,0.0,10
1778929200000,100000.0,0.0,10
1778932800000,100000.0,0.0,10
1778936400000,100000.0,0.0,10
1778940000000,100000.0,0.0,10
1778943600000,100000.0,0.0,10
1778947200000,100000.0,0.0,10
1778950800000,100000.0,0.0,10
1778954400000,100000.0,0.0,10
1778958000000,100000.0,0.0,10
1778961600000,100000.0,0.0,10
1778965200000,100000.0,0.0,10
1778968800000,100000.0,0.0,10
1778972400000,100000.0,0.0,10
1778976000000,100000.0,0.0,10
1778979600000,100000.0,0.0,10
1778983200000,100000.0,0.0,10
1778986800000,100000.0,0.0,10
1778990400000,100000.0,0.0,10
1778994000000,100000.0,0.0,10
1778997600000,100000.0,0.0,10
1779001200000,100000.0,0.0,10
1779004800000,100000.0,0.0,10
1779008400000,100000.0,0.0,10
1779012000000,100000.0,0.0,10
1779015600000,100000.0,0.0,10
1779019200000,100000.0,0.0,10
1779022800000,100000.0,0.0,10
1779026400000,100000.0,0.0,10
1779030000000,100000.0,0.0,10
1779033600000,100000.0,0.0,10
1779037200000,100000.0,0.0,10
1779040800000,100000.0,0.0,10
1779044400000,100000.0,0.0,10
1779048000000,100000.0,0.0,10
1779051600000,100000.0,0.0,10
1779055200000,100000.0,0.0,10
1779058800000,100000.0,0.0,10
1779062400000,100000.0,0.0,10
1779066000000,100000.0,0.0,10
1779069600000,100000.0,0.0,10
1779073200000,100000.0,0.0,10
1779076800000,100000.0,0.0,10
1779080400000,100000.0,0.0,10
1779084000000,100000.0,0.0,10
1779087600000,100000.0,0.0,10
1779091200000,100000.0,0.0,10
1779094800000,100000.0,0.0,10
1779098400000,100000.0,0.0,10
1779102000000,100000.0,0.0,10
1779105600000,100000.0,0.0,10
1779109200000,100000.0,0.0,10
1779112800000,100000.0,0.0,10
1779116400000,100000.0,0.0,10
1779120000000,100000.0,0.0,10
1779123600000,100000.0,0.0,10
1779127200000,100000.0,0.0,10
1779130800000,100000.0,0.0,10
1779134400000,100000.0,0.0,10
1779138000000,100000.0,0.0,10
1779141600000,100000.0,0.0,10
1779145200000,100000.0,0.0,10
1779148800000,100000.0,0.0,10
1779152400000,100000.0,0.0,10
1779156000000,100000.0,0.0,10
1779159600000,100000.0,0.0,10
1779163200000,100000.0,0.0,10
1779166800000,100000.0,0.0,10
1779170400000,100000.0,0.0,10
1779174000000,100000.0,0.0,10
1779177600000,100000.0,0.0,10
1779181200000,100000.0,0.0,10
1779184800000,100000.0,0.0,10
1779188400000,100000.0,0.0,10
1779192000000,100000.0,0.0,10
1779195600000,100000.0,0.0,10
1779199200000,100000.0,0.0,10
1779202800000,100000.0,0.0,10
1779206400000,100000.0,0.0,10
1779210000000,100000.0,0.0,10
1779213600000,100000.0,0.0,10
1779217200000,100000.0,0.0,10
1779220800000,100000.0,0.0,10
1779224400000,100000.0,0.0,10
1779228000000,100000.0,0.0,10
1779231600000,100000.0,0.0,10
1779235200000,100000.0,0.0,10
1779238800000,100000.0,0.0,10
1779242400000,100000.0,0.0,10
1779246000000,100000.0,0.0,10
1779249600000,100000.0,0.0,10
1779253200000,100000.0,0.0,10
1779256800000,100000.0,0.0,10
1779260400000,100000.0,0.0,10
1779264000000,100000.0,0.0,10
1779267600000,100000.0,0.0,10
1779271200000,100000.0,0.0,10
1779274800000,100000.0,0.0,10
1779278400000,100000.0,0.0,10
1779282000000,100000.0,0.0,10
1779285600000,100000.0,0.0,10
1779289200000,100000.0,0.0,10
1779292800000,100000.0,0.0,10
1779296400000,100000.0,0.0,10
1779300000000,100000.0,0.0,10
1779303600000,100000.0,0.0,10
1779307200000,100000.0,0.0,10
1779310800000,100000.0,0.0,10
1779314400000,100000.0,0.0,10
1779318000000,100000.0,0.0,10
1779321600000,100000.0,0.0,10
1779321600000,100000.0,0.0,11
1779325200000,100000.0,0.0,11
1779328800000,100000.0,0.0,11
1779332400000,100000.0,0.0,11
1779336000000,100000.0,0.0,11
1779339600000,100000.0,0.0,11
1779343200000,100000.0,0.0,11
1779346800000,100000.0,0.0,11
1779350400000,100000.0,0.0,11
1779354000000,100000.0,0.0,11
1779357600000,100000.0,0.0,11
1779361200000,100000.0,0.0,11
1779364800000,100000.0,0.0,11
1779368400000,100000.0,0.0,11
1779372000000,100000.0,0.0,11
1779375600000,100000.0,0.0,11
1779379200000,100000.0,0.0,11
1779382800000,100000.0,0.0,11
1779386400000,100000.0,0.0,11
1779390000000,100000.0,0.0,11
1779393600000,100000.0,0.0,11
1779397200000,100000.0,0.0,11
1779400800000,100000.0,0.0,11
1779404400000,100000.0,0.0,11
1779408000000,100000.0,0.0,11
1779411600000,100000.0,0.0,11
1779415200000,100000.0,0.0,11
1779418800000,100000.0,0.0,11
1779422400000,100000.0,0.0,11
1779426000000,100000.0,0.0,11
1779429600000,100000.0,0.0,11
1779433200000,100000.0,0.0,11
1779436800000,100000.0,0.0,11
1779440400000,100000.0,0.0,11
1779444000000,100000.0,0.0,11
1779447600000,100000.0,0.0,11
1779451200000,100000.0,0.0,11
1779454800000,100000.0,0.0,11
1779458400000,100000.0,0.0,11
1779462000000,100000.0,0.0,11
1779465600000,100000.0,0.0,11
1779469200000,100000.0,0.0,11
1779472800000,100000.0,0.0,11
1779476400000,100000.0,0.0,11
1779480000000,100000.0,0.0,11
1779483600000,100000.0,0.0,11
1779487200000,100000.0,0.0,11
1779490800000,100000.0,0.0,11
1779494400000,100000.0,0.0,11
1779498000000,100000.0,0.0,11
1779501600000,100000.0,0.0,11
1779505200000,100000.0,0.0,11
1779508800000,100000.0,0.0,11
1779512400000,100000.0,0.0,11
1779516000000,100000.0,0.0,11
1779519600000,100000.0,0.0,11
1779523200000,100000.0,0.0,11
1779526800000,100000.0,0.0,11
1779530400000,100000.0,0.0,11
1779534000000,100000.0,0.0,11
1779537600000,100000.0,0.0,11
1779541200000,100000.0,0.0,11
1779544800000,100000.0,0.0,11
1779548400000,100000.0,0.0,11
1779552000000,100000.0,0.0,11
1779555600000,100000.0,0.0,11
1779559200000,100000.0,0.0,11
1779562800000,100000.0,0.0,11
1779566400000,100000.0,0.0,11
1779570000000,100000.0,0.0,11
1779573600000,100000.0,0.0,11
1779577200000,100000.0,0.0,11
1779580800000,100000.0,0.0,11
1779584400000,100000.0,0.0,11
1779588000000,100000.0,0.0,11
1779591600000,100000.0,0.0,11
1779595200000,100000.0,0.0,11
1779598800000,100000.0,0.0,11
1779602400000,100000.0,0.0,11
1779606000000,100000.0,0.0,11
1779609600000,100000.0,0.0,11
1779613200000,100000.0,0.0,11
1779616800000,100000.0,0.0,11
1779620400000,100000.0,0.0,11
1779624000000,100000.0,0.0,11
1779627600000,100000.0,0.0,11
1779631200000,100000.0,0.0,11
1779634800000,100000.0,0.0,11
1779638400000,100000.0,0.0,11
1779642000000,100000.0,0.0,11
1779645600000,100000.0,0.0,11
1779649200000,100000.0,0.0,11
1779652800000,100000.0,0.0,11
1779656400000,100000.0,0.0,11
1779660000000,100000.0,0.0,11
1779663600000,100000.0,0.0,11
1779667200000,100000.0,0.0,11
1779670800000,100000.0,0.0,11
1779674400000,100000.0,0.0,11
1779678000000,100000.0,0.0,11
1779681600000,100000.0,0.0,11
1779685200000,100000.0,0.0,11
1779688800000,100000.0,0.0,11
1779692400000,100000.0,0.0,11
1779696000000,100000.0,0.0,11
1779699600000,100000.0,0.0,11
1779703200000,100000.0,0.0,11
1779706800000,100000.0,0.0,11
1779710400000,100000.0,0.0,11
1779714000000,100000.0,0.0,11
1779717600000,100000.0,0.0,11
1779721200000,100000.0,0.0,11
1779724800000,100000.0,0.0,11
1779728400000,100000.0,0.0,11
1779732000000,100000.0,0.0,11
1779735600000,100000.0,0.0,11
1779739200000,100000.0,0.0,11
1779742800000,100000.0,0.0,11
1779746400000,100000.0,0.0,11
1779750000000,100000.0,0.0,11
1779753600000,100000.0,0.0,11
1779757200000,100000.0,0.0,11
1779760800000,100000.0,0.0,11
1779764400000,100000.0,0.0,11
1779768000000,100000.0,0.0,11
1779771600000,100000.0,0.0,11
1779775200000,100000.0,0.0,11
1779778800000,100000.0,0.0,11
1779782400000,100000.0,0.0,11
1779786000000,100000.0,0.0,11
1779789600000,100000.0,0.0,11
1779793200000,100000.0,0.0,11
1779796800000,100000.0,0.0,11
1779800400000,100000.0,0.0,11
1779804000000,100000.0,0.0,11
1779807600000,100000.0,0.0,11
1779811200000,100000.0,0.0,11
1779814800000,100000.0,0.0,11
1779818400000,100000.0,0.0,11
1779822000000,100000.0,0.0,11
1779825600000,100000.0,0.0,11
1779829200000,100000.0,0.0,11
1779832800000,100000.0,0.0,11
1779836400000,100000.0,0.0,11
1779840000000,100000.0,0.0,11
1779843600000,100000.0,0.0,11
1779847200000,100000.0,0.0,11
1779850800000,100000.0,0.0,11
1779854400000,100000.0,0.0,11
1779858000000,100000.0,0.0,11
1779861600000,100000.0,0.0,11
1779865200000,100000.0,0.0,11
1779868800000,100000.0,0.0,11
1779872400000,100000.0,0.0,11
1779876000000,100000.0,0.0,11
1779879600000,100000.0,0.0,11
1779883200000,100000.0,0.0,11
1779886800000,100000.0,0.0,11
1779890400000,100000.0,0.0,11
1779894000000,100000.0,0.0,11
1779897600000,100000.0,0.0,11
1779901200000,100000.0,0.0,11
1779904800000,100000.0,0.0,11
1779908400000,100000.0,0.0,11
1779912000000,100000.0,0.0,11
1779915600000,100000.0,0.0,11
1779919200000,100000.0,0.0,11
1779922800000,100000.0,0.0,11
1779926400000,100000.0,0.0,11
1779930000000,100000.0,0.0,11
1779933600000,100000.0,0.0,11
1779937200000,100000.0,0.0,11
1779940800000,100000.0,0.0,11
1779944400000,100000.0,0.0,11
1779948000000,100000.0,0.0,11
1779951600000,100000.0,0.0,11
1779955200000,100000.0,0.0,11
1779958800000,100000.0,0.0,11
1779962400000,100000.0,0.0,11
1779966000000,100000.0,0.0,11
1779969600000,100000.0,0.0,11
1779973200000,100000.0,0.0,11
1779976800000,100000.0,0.0,11
1779980400000,100000.0,0.0,11
1779984000000,100000.0,0.0,11
1779987600000,100000.0,0.0,11
1779991200000,100000.0,0.0,11
1779994800000,100000.0,0.0,11
1779998400000,100000.0,0.0,11
1780002000000,100000.0,0.0,11
1780005600000,100000.0,0.0,11
1780009200000,100000.0,0.0,11
1780012800000,100000.0,0.0,11
1780016400000,100000.0,0.0,11
1780020000000,100000.0,0.0,11
1780023600000,100000.0,0.0,11
1780027200000,100000.0,0.0,11
1780030800000,100000.0,0.0,11
1780034400000,100000.0,0.0,11
1780038000000,100000.0,0.0,11
1780041600000,100000.0,0.0,11
1780045200000,100000.0,0.0,11
1780048800000,100000.0,0.0,11
1780052400000,100000.0,0.0,11
1780056000000,100000.0,0.0,11
1780059600000,100000.0,0.0,11
1780063200000,100000.0,0.0,11
1780066800000,100000.0,0.0,11
1780070400000,100000.0,0.0,11
1780074000000,100000.0,0.0,11
1780077600000,100000.0,0.0,11
1780081200000,100000.0,0.0,11
1780084800000,100000.0,0.0,11
1780088400000,100000.0,0.0,11
1780092000000,100000.0,0.0,11
1780095600000,100000.0,0.0,11
1780099200000,100000.0,0.0,11
1780102800000,100000.0,0.0,11
1780106400000,100000.0,0.0,11
1780110000000,100000.0,0.0,11
1780113600000,100000.0,0.0,11
1780117200000,100000.0,0.0,11
1780120800000,100000.0,0.0,11
1780124400000,100000.0,0.0,11
1780128000000,100000.0,0.0,11
1780131600000,100000.0,0.0,11
1780135200000,100000.0,0.0,11
1780138800000,100000.0,0.0,11
1780142400000,100000.0,0.0,11
1780146000000,100000.0,0.0,11
1780149600000,100000.0,0.0,11
1780153200000,100000.0,0.0,11
1780156800000,100000.0,0.0,11
1780160400000,100000.0,0.0,11
1780164000000,100000.0,0.0,11
1780167600000,100000.0,0.0,11
1780171200000,100000.0,0.0,11
1780174800000,100000.0,0.0,11
1780178400000,100000.0,0.0,11
1780182000000,100000.0,0.0,11
1780185600000,100000.0,0.0,11
1780189200000,100000.0,0.0,11
1780192800000,100000.0,0.0,11
1780196400000,100000.0,0.0,11
1780200000000,100000.0,0.0,11
1780203600000,100000.0,0.0,11
1780207200000,100000.0,0.0,11
1780210800000,100000.0,0.0,11
1780214400000,100000.0,0.0,11
1780218000000,100000.0,0.0,11
1780221600000,100000.0,0.0,11
1780225200000,100000.0,0.0,11
1780228800000,100000.0,0.0,11
1780232400000,100000.0,0.0,11
1780236000000,100000.0,0.0,11
1780239600000,100000.0,0.0,11
1780243200000,100000.0,0.0,11
1780246800000,100000.0,0.0,11
1780250400000,100000.0,0.0,11
1780254000000,100000.0,0.0,11
1780257600000,100000.0,0.0,11
1780261200000,100000.0,0.0,11
1780264800000,100000.0,0.0,11
1780268400000,100000.0,0.0,11
1780272000000,100000.0,0.0,11
1780275600000,100000.0,0.0,11
1780279200000,100000.0,0.0,11
1780282800000,100000.0,0.0,11
1780286400000,100000.0,0.0,11
1780290000000,100000.0,0.0,11
1780293600000,100000.0,0.0,11
1780297200000,100000.0,0.0,11
1780300800000,100000.0,0.0,11
1780304400000,100000.0,0.0,11
1780308000000,100000.0,0.0,11
1780311600000,100000.0,0.0,11
1780315200000,100000.0,0.0,11
1780318800000,100000.0,0.0,11
1780322400000,100000.0,0.0,11
1780326000000,100000.0,0.0,11
1780329600000,100000.0,0.0,11
1780333200000,100000.0,0.0,11
1780336800000,100000.0,0.0,11
1780340400000,100000.0,0.0,11
1780344000000,100000.0,0.0,11
1780347600000,100000.0,0.0,11
1780351200000,100000.0,0.0,11
1780354800000,100000.0,0.0,11
1780358400000,100000.0,0.0,11
1780362000000,100000.0,0.0,11
1780365600000,100000.0,0.0,11
1780369200000,100000.0,0.0,11
1780372800000,100000.0,0.0,11
1780376400000,100000.0,0.0,11
1780380000000,100000.0,0.0,11
1780383600000,100000.0,0.0,11
1780387200000,100000.0,0.0,11
1780390800000,100000.0,0.0,11
1780394400000,100000.0,0.0,11
1780398000000,100000.0,0.0,11
1780401600000,100000.0,0.0,11
1780405200000,100000.0,0.0,11
1780408800000,100000.0,0.0,11
1780412400000,100000.0,0.0,11
1780416000000,100000.0,0.0,11
1780419600000,100000.0,0.0,11
1780423200000,100000.0,0.0,11
1780426800000,100000.0,0.0,11
1780430400000,100000.0,0.0,11
1780434000000,100000.0,0.0,11
1780437600000,100000.0,0.0,11
1780441200000,100000.0,0.0,11
1780444800000,100000.0,0.0,11
1780448400000,100000.0,0.0,11
1780452000000,100000.0,0.0,11
1780455600000,100000.0,0.0,11
1780459200000,100000.0,0.0,11
1780462800000,100000.0,0.0,11
1780466400000,100000.0,0.0,11
1780470000000,100000.0,0.0,11
1780473600000,100000.0,0.0,11
1780477200000,100000.0,0.0,11
1780480800000,100000.0,0.0,11
1780484400000,100000.0,0.0,11
1780488000000,100000.0,0.0,11
1780491600000,100000.0,0.0,11
1780495200000,100000.0,0.0,11
1780498800000,100000.0,0.0,11
1780502400000,100000.0,0.0,11
1780506000000,100000.0,0.0,11
1780509600000,100000.0,0.0,11
1780513200000,100000.0,0.0,11
1780516800000,100000.0,0.0,11
1780520400000,100000.0,0.0,11
1780524000000,100000.0,0.0,11
1780527600000,100000.0,0.0,11
1780531200000,100000.0,0.0,11
1780531200000,100000.0,0.0,12
1780534800000,100000.0,0.0,12
1780538400000,100000.0,0.0,12
1780542000000,100000.0,0.0,12
1780545600000,100000.0,0.0,12
1780549200000,100000.0,0.0,12
1780552800000,100000.0,0.0,12
1780556400000,100000.0,0.0,12
1780560000000,100000.0,0.0,12
1780563600000,100000.0,0.0,12
1780567200000,100000.0,0.0,12
1780570800000,100000.0,0.0,12
1780574400000,100000.0,0.0,12
1780578000000,100000.0,0.0,12
1780581600000,100000.0,0.0,12
1780585200000,100000.0,0.0,12
1780588800000,100000.0,0.0,12
1780592400000,100000.0,0.0,12
1780596000000,100000.0,0.0,12
1780599600000,100000.0,0.0,12
1780603200000,100000.0,0.0,12
1780606800000,100000.0,0.0,12
1780610400000,100000.0,0.0,12
1780614000000,100000.0,0.0,12
1780617600000,100000.0,0.0,12
1780621200000,100000.0,0.0,12
1780624800000,100000.0,0.0,12
1780628400000,100000.0,0.0,12
1780632000000,100000.0,0.0,12
1780635600000,100000.0,0.0,12
1780639200000,100000.0,0.0,12
1780642800000,100000.0,0.0,12
1780646400000,100000.0,0.0,12
1780650000000,100000.0,0.0,12
1780653600000,100000.0,0.0,12
1780657200000,100000.0,0.0,12
1780660800000,100000.0,0.0,12
1780664400000,100000.0,0.0,12
1780668000000,100000.0,0.0,12
1780671600000,100000.0,0.0,12
1780675200000,100000.0,0.0,12
1780678800000,100000.0,0.0,12
1780682400000,100000.0,0.0,12
1780686000000,100000.0,0.0,12
1780689600000,100000.0,0.0,12
1780693200000,100000.0,0.0,12
1780696800000,100000.0,0.0,12
1780700400000,100000.0,0.0,12
1780704000000,100000.0,0.0,12
1780707600000,100000.0,0.0,12
1780711200000,100000.0,0.0,12
1780714800000,100000.0,0.0,12
1780718400000,100000.0,0.0,12
1780722000000,100000.0,0.0,12
1780725600000,100000.0,0.0,12
1780729200000,100000.0,0.0,12
1780732800000,100000.0,0.0,12
1780736400000,100000.0,0.0,12
1780740000000,100000.0,0.0,12
1780743600000,100000.0,0.0,12
1780747200000,100000.0,0.0,12
1780750800000,100000.0,0.0,12
1780754400000,100000.0,0.0,12
1780758000000,100000.0,0.0,12
1780761600000,100000.0,0.0,12
1780765200000,100000.0,0.0,12
1780768800000,100000.0,0.0,12
1780772400000,100000.0,0.0,12
1780776000000,100000.0,0.0,12
1780779600000,100000.0,0.0,12
1780783200000,100000.0,0.0,12
1780786800000,100000.0,0.0,12
1780790400000,100000.0,0.0,12
1780794000000,100000.0,0.0,12
1780797600000,100000.0,0.0,12
1780801200000,100000.0,0.0,12
1780804800000,100000.0,0.0,12
1780808400000,100000.0,0.0,12
1780812000000,100000.0,0.0,12
1780815600000,100000.0,0.0,12
1780819200000,100000.0,0.0,12
1780822800000,100000.0,0.0,12
1780826400000,100000.0,0.0,12
1780830000000,100000.0,0.0,12
1780833600000,100000.0,0.0,12
1780837200000,100000.0,0.0,12
1780840800000,100000.0,0.0,12
1780844400000,100000.0,0.0,12
1780848000000,100000.0,0.0,12
1780851600000,100000.0,0.0,12
1780855200000,100000.0,0.0,12
1780858800000,100000.0,0.0,12
1780862400000,100000.0,0.0,12
1780866000000,100000.0,0.0,12
1780869600000,100000.0,0.0,12
1780873200000,100000.0,0.0,12
1780876800000,100000.0,0.0,12
1780880400000,100000.0,0.0,12
1780884000000,100000.0,0.0,12
1780887600000,100000.0,0.0,12
1780891200000,100000.0,0.0,12
1780894800000,100000.0,0.0,12
1780898400000,100000.0,0.0,12
1780902000000,100000.0,0.0,12
1780905600000,100000.0,0.0,12
1780909200000,100000.0,0.0,12
1780912800000,100000.0,0.0,12
1780916400000,100000.0,0.0,12
1780920000000,100000.0,0.0,12
1780923600000,100000.0,0.0,12
1780927200000,100000.0,0.0,12
1780930800000,100000.0,0.0,12
1780934400000,100000.0,0.0,12
1780938000000,100000.0,0.0,12
1780941600000,100000.0,0.0,12
1780945200000,100000.0,0.0,12
1780948800000,100000.0,0.0,12
1780952400000,100000.0,0.0,12
1780956000000,100000.0,0.0,12
1780959600000,100000.0,0.0,12
1780963200000,100000.0,0.0,12
1780966800000,100000.0,0.0,12
1780970400000,100000.0,0.0,12
1780974000000,100000.0,0.0,12
1780977600000,100000.0,0.0,12
1780981200000,100000.0,0.0,12
1780984800000,100000.0,0.0,12
1780988400000,100000.0,0.0,12
1780992000000,100000.0,0.0,12
1780995600000,100000.0,0.0,12
1780999200000,100000.0,0.0,12
1781002800000,100000.0,0.0,12
1781006400000,100000.0,0.0,12
1781010000000,100000.0,0.0,12
1781013600000,100000.0,0.0,12
1781017200000,100000.0,0.0,12
1781020800000,100000.0,0.0,12
1781024400000,100000.0,0.0,12
1781028000000,100000.0,0.0,12
1781031600000,100000.0,0.0,12
1781035200000,100000.0,0.0,12
1781038800000,100000.0,0.0,12
1781042400000,100000.0,0.0,12
1781046000000,100000.0,0.0,12
1781049600000,100000.0,0.0,12
1781053200000,100000.0,0.0,12
1781056800000,100000.0,0.0,12
1781060400000,100000.0,0.0,12
1781064000000,100000.0,0.0,12
1781067600000,100000.0,0.0,12
1781071200000,100000.0,0.0,12
1781074800000,100000.0,0.0,12
1781078400000,100000.0,0.0,12
1781082000000,100000.0,0.0,12
1781085600000,100000.0,0.0,12
1781089200000,100000.0,0.0,12
1781092800000,100000.0,0.0,12
1781096400000,100000.0,0.0,12
1781100000000,100000.0,0.0,12
1781103600000,100000.0,0.0,12
1781107200000,100000.0,0.0,12
1781110800000,100000.0,0.0,12
1781114400000,100000.0,0.0,12
1781118000000,100000.0,0.0,12
1781121600000,100000.0,0.0,12
1781125200000,100000.0,0.0,12
1781128800000,100000.0,0.0,12
1781132400000,100000.0,0.0,12
1781136000000,100000.0,0.0,12
1781139600000,100000.0,0.0,12
1781143200000,100000.0,0.0,12
1781146800000,100000.0,0.0,12
1781150400000,100000.0,0.0,12
1781154000000,100000.0,0.0,12
1781157600000,100000.0,0.0,12
1781161200000,100000.0,0.0,12
1781164800000,100000.0,0.0,12
1781168400000,100000.0,0.0,12
1781172000000,100000.0,0.0,12
1781175600000,100000.0,0.0,12
1781179200000,100000.0,0.0,12
1781182800000,100000.0,0.0,12
1781186400000,100000.0,0.0,12
1781190000000,100000.0,0.0,12
1781193600000,100000.0,0.0,12
1781197200000,100000.0,0.0,12
1781200800000,100000.0,0.0,12
1781204400000,100000.0,0.0,12
1781208000000,100000.0,0.0,12
1781211600000,100000.0,0.0,12
1781215200000,100000.0,0.0,12
1781218800000,100000.0,0.0,12
1781222400000,100000.0,0.0,12
1781226000000,100000.0,0.0,12
1781229600000,100000.0,0.0,12
1781233200000,100000.0,0.0,12
1781236800000,100000.0,0.0,12
1781240400000,100000.0,0.0,12
1781244000000,100000.0,0.0,12
1781247600000,100000.0,0.0,12
1781251200000,100000.0,0.0,12
1781254800000,100000.0,0.0,12
1781258400000,100000.0,0.0,12
1781262000000,100000.0,0.0,12
1781265600000,100000.0,0.0,12
1781269200000,100000.0,0.0,12
1781272800000,100000.0,0.0,12
1781276400000,100000.0,0.0,12
1781280000000,100000.0,0.0,12
1781283600000,100000.0,0.0,12
1781287200000,100000.0,0.0,12
1781290800000,100000.0,0.0,12
1781294400000,100000.0,0.0,12
1781298000000,100000.0,0.0,12
1781301600000,100000.0,0.0,12
1781305200000,100000.0,0.0,12
1781308800000,100000.0,0.0,12
1781312400000,100000.0,0.0,12
1781316000000,100000.0,0.0,12
1781319600000,100000.0,0.0,12
1781323200000,100000.0,0.0,12
1781326800000,100000.0,0.0,12
1781330400000,100000.0,0.0,12
1781334000000,100000.0,0.0,12
1781337600000,100000.0,0.0,12
1781341200000,100000.0,0.0,12
1781344800000,100000.0,0.0,12
1781348400000,100000.0,0.0,12
1781352000000,100000.0,0.0,12
1781355600000,100000.0,0.0,12
1781359200000,100000.0,0.0,12
1781362800000,100000.0,0.0,12
1781366400000,100000.0,0.0,12
1781370000000,100000.0,0.0,12
1781373600000,100000.0,0.0,12
1781377200000,100000.0,0.0,12
1781380800000,100000.0,0.0,12
1781384400000,100000.0,0.0,12
1781388000000,100000.0,0.0,12
1781391600000,100000.0,0.0,12
1781395200000,100000.0,0.0,12
1781398800000,100000.0,0.0,12
1781402400000,100000.0,0.0,12
1781406000000,100000.0,0.0,12
1781409600000,100000.0,0.0,12
1781413200000,100000.0,0.0,12
1781416800000,100000.0,0.0,12
1781420400000,100000.0,0.0,12
1781424000000,100000.0,0.0,12
1781427600000,100000.0,0.0,12
1781431200000,100000.0,0.0,12
1781434800000,100000.0,0.0,12
1781438400000,100000.0,0.0,12
1781442000000,100000.0,0.0,12
1781445600000,100000.0,0.0,12
1781449200000,100000.0,0.0,12
1781452800000,100000.0,0.0,12
1781456400000,100000.0,0.0,12
1781460000000,100000.0,0.0,12
1781463600000,100000.0,0.0,12
1781467200000,100000.0,0.0,12
1781470800000,100000.0,0.0,12
1781474400000,100000.0,0.0,12
1781478000000,100000.0,0.0,12
1781481600000,100000.0,0.0,12
1781485200000,100000.0,0.0,12
1781488800000,100000.0,0.0,12
1781492400000,100000.0,0.0,12
1781496000000,100000.0,0.0,12
1781499600000,100000.0,0.0,12
1781503200000,100000.0,0.0,12
1781506800000,100000.0,0.0,12
1781510400000,100000.0,0.0,12
1781514000000,100000.0,0.0,12
1781517600000,100000.0,0.0,12
1781521200000,100000.0,0.0,12
1781524800000,100000.0,0.0,12
1781528400000,100000.0,0.0,12
1781532000000,100000.0,0.0,12
1781535600000,100000.0,0.0,12
1781539200000,100000.0,0.0,12
1781542800000,100000.0,0.0,12
1781546400000,100000.0,0.0,12
1781550000000,100000.0,0.0,12
1781553600000,100000.0,0.0,12
1781557200000,100000.0,0.0,12
1781560800000,100000.0,0.0,12
1781564400000,100000.0,0.0,12
1781568000000,100000.0,0.0,12
1781571600000,100000.0,0.0,12
1781575200000,100000.0,0.0,12
1781578800000,100000.0,0.0,12
1781582400000,100000.0,0.0,12
1781586000000,100000.0,0.0,12
1781589600000,100000.0,0.0,12
1781593200000,100000.0,0.0,12
1781596800000,100000.0,0.0,12
1781600400000,100000.0,0.0,12
1781604000000,100000.0,0.0,12
1781607600000,100000.0,0.0,12
1781611200000,100000.0,0.0,12
1781614800000,100000.0,0.0,12
1781618400000,100000.0,0.0,12
1781622000000,100000.0,0.0,12
1781625600000,100000.0,0.0,12
1781629200000,100000.0,0.0,12
1781632800000,100000.0,0.0,12
1781636400000,100000.0,0.0,12
1781640000000,100000.0,0.0,12
1781643600000,100000.0,0.0,12
1781647200000,100000.0,0.0,12
1781650800000,100000.0,0.0,12
1781654400000,100000.0,0.0,12
1781658000000,100000.0,0.0,12
1781661600000,100000.0,0.0,12
1781665200000,100000.0,0.0,12
1781668800000,100000.0,0.0,12
1781672400000,100000.0,0.0,12
1781676000000,100000.0,0.0,12
1781679600000,100000.0,0.0,12
1781683200000,100000.0,0.0,12
1781686800000,100000.0,0.0,12
1781690400000,100000.0,0.0,12
1781694000000,100000.0,0.0,12
1781697600000,100000.0,0.0,12
1781701200000,100000.0,0.0,12
1781704800000,100000.0,0.0,12
1781708400000,100000.0,0.0,12
1781712000000,100000.0,0.0,12
1781715600000,100000.0,0.0,12
1781719200000,100000.0,0.0,12
1781722800000,100000.0,0.0,12
1781726400000,100000.0,0.0,12
1781730000000,100000.0,0.0,12
1781733600000,100000.0,0.0,12
1781737200000,100000.0,0.0,12
1781740800000,100000.0,0.0,12
1781740800000,100000.0,0.0,13
1781744400000,100000.0,0.0,13
1781748000000,100000.0,0.0,13
1781751600000,100000.0,0.0,13
1781755200000,100000.0,0.0,13
1781758800000,100000.0,0.0,13
1781762400000,100000.0,0.0,13
1781766000000,100000.0,0.0,13
1781769600000,100000.0,0.0,13
1781773200000,100000.0,0.0,13
1781776800000,100000.0,0.0,13
1781780400000,100000.0,0.0,13
1781784000000,100000.0,0.0,13
1781787600000,100000.0,0.0,13
1781791200000,100000.0,0.0,13
1781794800000,100000.0,0.0,13
1781798400000,100000.0,0.0,13
1781802000000,100000.0,0.0,13
1781805600000,100000.0,0.0,13
1781809200000,100000.0,0.0,13
1781812800000,100000.0,0.0,13
1781816400000,100000.0,0.0,13
1781820000000,100000.0,0.0,13
1781823600000,100000.0,0.0,13
1781827200000,100000.0,0.0,13
1781830800000,100000.0,0.0,13
1781834400000,100000.0,0.0,13
1781838000000,100000.0,0.0,13
1781841600000,100000.0,0.0,13
1781845200000,100000.0,0.0,13
1781848800000,100000.0,0.0,13
1781852400000,100000.0,0.0,13
1781856000000,100000.0,0.0,13
1781859600000,100000.0,0.0,13
1781863200000,100000.0,0.0,13
1781866800000,100000.0,0.0,13
1781870400000,100000.0,0.0,13
1781874000000,100000.0,0.0,13
1781877600000,100000.0,0.0,13
1781881200000,100000.0,0.0,13
1781884800000,100000.0,0.0,13
1781888400000,100000.0,0.0,13
1781892000000,100000.0,0.0,13
1781895600000,100000.0,0.0,13
1781899200000,100000.0,0.0,13
1781902800000,100000.0,0.0,13
1781906400000,100000.0,0.0,13
1781910000000,100000.0,0.0,13
1781913600000,100000.0,0.0,13
1781917200000,100000.0,0.0,13
1781920800000,100000.0,0.0,13
1781924400000,100000.0,0.0,13
1781928000000,100000.0,0.0,13
1781931600000,100000.0,0.0,13
1781935200000,100000.0,0.0,13
1781938800000,100000.0,0.0,13
1781942400000,100000.0,0.0,13
1781946000000,100000.0,0.0,13
1781949600000,100000.0,0.0,13
1781953200000,100000.0,0.0,13
1781956800000,100000.0,0.0,13
1781960400000,100000.0,0.0,13
1781964000000,100000.0,0.0,13
1781967600000,100000.0,0.0,13
1781971200000,100000.0,0.0,13
1781974800000,100000.0,0.0,13
1781978400000,100000.0,0.0,13
1781982000000,100000.0,0.0,13
1781985600000,100000.0,0.0,13
1781989200000,100000.0,0.0,13
1781992800000,100000.0,0.0,13
1781996400000,100000.0,0.0,13
1782000000000,100000.0,0.0,13
1782003600000,100000.0,0.0,13
1782007200000,100000.0,0.0,13
1782010800000,100000.0,0.0,13
1782014400000,100000.0,0.0,13
1782018000000,100000.0,0.0,13
1782021600000,100000.0,0.0,13
1782025200000,100000.0,0.0,13
1782028800000,100000.0,0.0,13
1782032400000,100000.0,0.0,13
1782036000000,100000.0,0.0,13
1782039600000,100000.0,0.0,13
1782043200000,100000.0,0.0,13
1782046800000,100000.0,0.0,13
1782050400000,100000.0,0.0,13
1782054000000,100000.0,0.0,13
1782057600000,100000.0,0.0,13
1782061200000,100000.0,0.0,13
1782064800000,100000.0,0.0,13
1782068400000,100000.0,0.0,13
1782072000000,100000.0,0.0,13
1782075600000,100000.0,0.0,13
1782079200000,100000.0,0.0,13
1782082800000,100000.0,0.0,13
1782086400000,100000.0,0.0,13
1782090000000,100000.0,0.0,13
1782093600000,100000.0,0.0,13
1782097200000,100000.0,0.0,13
1782100800000,100000.0,0.0,13
1782104400000,100000.0,0.0,13
1782108000000,100000.0,0.0,13
1782111600000,100000.0,0.0,13
1782115200000,100000.0,0.0,13
1782118800000,100000.0,0.0,13
1782122400000,100000.0,0.0,13
1782126000000,100000.0,0.0,13
1782129600000,100000.0,0.0,13
1782133200000,100000.0,0.0,13
1782136800000,100000.0,0.0,13
1782140400000,100000.0,0.0,13
1782144000000,100000.0,0.0,13
1782147600000,100000.0,0.0,13
1782151200000,100000.0,0.0,13
1782154800000,100000.0,0.0,13
1782158400000,100000.0,0.0,13
1782162000000,100000.0,0.0,13
1782165600000,100000.0,0.0,13
1782169200000,100000.0,0.0,13
1782172800000,100000.0,0.0,13
1782176400000,100000.0,0.0,13
1782180000000,100000.0,0.0,13
1782183600000,100000.0,0.0,13
1782187200000,100000.0,0.0,13
1782190800000,100000.0,0.0,13
1782194400000,100000.0,0.0,13
1782198000000,100000.0,0.0,13
1782201600000,100000.0,0.0,13
1782205200000,100000.0,0.0,13
1782208800000,100000.0,0.0,13
1782212400000,100000.0,0.0,13
1782216000000,100000.0,0.0,13
1782219600000,100000.0,0.0,13
1782223200000,100000.0,0.0,13
1782226800000,100000.0,0.0,13
1782230400000,100000.0,0.0,13
1782234000000,100000.0,0.0,13
1782237600000,100000.0,0.0,13
1782241200000,100000.0,0.0,13
1782244800000,100000.0,0.0,13
1782248400000,100000.0,0.0,13
1782252000000,100000.0,0.0,13
1782255600000,100000.0,0.0,13
1782259200000,100000.0,0.0,13
1782262800000,100000.0,0.0,13
1782266400000,100000.0,0.0,13
1782270000000,100000.0,0.0,13
1782273600000,100000.0,0.0,13
1782277200000,100000.0,0.0,13
1782280800000,100000.0,0.0,13
1782284400000,100000.0,0.0,13
1782288000000,100000.0,0.0,13
1782291600000,100000.0,0.0,13
1782295200000,100000.0,0.0,13
1782298800000,100000.0,0.0,13
1782302400000,100000.0,0.0,13
1782306000000,100000.0,0.0,13
1782309600000,100000.0,0.0,13
1782313200000,100000.0,0.0,13
1782316800000,100000.0,0.0,13
1782320400000,100000.0,0.0,13
1782324000000,100000.0,0.0,13
1782327600000,100000.0,0.0,13
1782331200000,100000.0,0.0,13
1782334800000,100000.0,0.0,13
1782338400000,100000.0,0.0,13
1782342000000,100000.0,0.0,13
1782345600000,100000.0,0.0,13
1782349200000,100000.0,0.0,13
1782352800000,100000.0,0.0,13
1782356400000,100000.0,0.0,13
1782360000000,100000.0,0.0,13
1782363600000,100000.0,0.0,13
1782367200000,100000.0,0.0,13
1782370800000,100000.0,0.0,13
1782374400000,100000.0,0.0,13
1782378000000,100000.0,0.0,13
1782381600000,100000.0,0.0,13
1782385200000,100000.0,0.0,13
1782388800000,100000.0,0.0,13
1782392400000,100000.0,0.0,13
1782396000000,100000.0,0.0,13
1782399600000,100000.0,0.0,13
1782403200000,100000.0,0.0,13
1782406800000,100000.0,0.0,13
1782410400000,100000.0,0.0,13
1782414000000,100000.0,0.0,13
1782417600000,100000.0,0.0,13
1782421200000,100000.0,0.0,13
1782424800000,100000.0,0.0,13
1782428400000,100000.0,0.0,13
1782432000000,100000.0,0.0,13
1782435600000,100000.0,0.0,13
1782439200000,100000.0,0.0,13
1782442800000,100000.0,0.0,13
1782446400000,100000.0,0.0,13
1782450000000,100000.0,0.0,13
1782453600000,100000.0,0.0,13
1782457200000,100000.0,0.0,13
1782460800000,100000.0,0.0,13
1782464400000,100000.0,0.0,13
1782468000000,100000.0,0.0,13
1782471600000,100000.0,0.0,13
1782475200000,100000.0,0.0,13
1782478800000,100000.0,0.0,13
1782482400000,100000.0,0.0,13
1782486000000,100000.0,0.0,13
1782489600000,100000.0,0.0,13
1782493200000,100000.0,0.0,13
1782496800000,100000.0,0.0,13
1782500400000,100000.0,0.0,13
1782504000000,100000.0,0.0,13
1782507600000,100000.0,0.0,13
1782511200000,100000.0,0.0,13
1782514800000,100000.0,0.0,13
1782518400000,100000.0,0.0,13
1782522000000,100000.0,0.0,13
1782525600000,100000.0,0.0,13
1782529200000,100000.0,0.0,13
1782532800000,100000.0,0.0,13
1782536400000,100000.0,0.0,13
1782540000000,100000.0,0.0,13
1782543600000,100000.0,0.0,13
1782547200000,100000.0,0.0,13
1782550800000,100000.0,0.0,13
1782554400000,100000.0,0.0,13
1782558000000,100000.0,0.0,13
1782561600000,100000.0,0.0,13
1782565200000,100000.0,0.0,13
1782568800000,100000.0,0.0,13
1782572400000,100000.0,0.0,13
1782576000000,100000.0,0.0,13
1782579600000,100000.0,0.0,13
1782583200000,100000.0,0.0,13
1782586800000,100000.0,0.0,13
1782590400000,100000.0,0.0,13
1782594000000,100000.0,0.0,13
1782597600000,100000.0,0.0,13
1782601200000,100000.0,0.0,13
1782604800000,100000.0,0.0,13
1782608400000,100000.0,0.0,13
1782612000000,100000.0,0.0,13
1782615600000,100000.0,0.0,13
1782619200000,100000.0,0.0,13
1782622800000,100000.0,0.0,13
1782626400000,100000.0,0.0,13
1782630000000,100000.0,0.0,13
1782633600000,100000.0,0.0,13
1782637200000,100000.0,0.0,13
1782640800000,100000.0,0.0,13
1782644400000,100000.0,0.0,13
1782648000000,100000.0,0.0,13
1782651600000,100000.0,0.0,13
1782655200000,100000.0,0.0,13
1782658800000,100000.0,0.0,13
1782662400000,100000.0,0.0,13
1782666000000,100000.0,0.0,13
1782669600000,100000.0,0.0,13
1782673200000,100000.0,0.0,13
1782676800000,100000.0,0.0,13
1782680400000,100000.0,0.0,13
1782684000000,100000.0,0.0,13
1782687600000,100000.0,0.0,13
1782691200000,100000.0,0.0,13
1782694800000,100000.0,0.0,13
1782698400000,100000.0,0.0,13
1782702000000,100000.0,0.0,13
1782705600000,100000.0,0.0,13
1782709200000,100000.0,0.0,13
1782712800000,100000.0,0.0,13
1782716400000,100000.0,0.0,13
1782720000000,100000.0,0.0,13
1782723600000,100000.0,0.0,13
1782727200000,100000.0,0.0,13
1782730800000,100000.0,0.0,13
1782734400000,100000.0,0.0,13
1782738000000,100000.0,0.0,13
1782741600000,100000.0,0.0,13
1782745200000,100000.0,0.0,13
1782748800000,100000.0,0.0,13
1782752400000,100000.0,0.0,13
1782756000000,100000.0,0.0,13
1782759600000,100000.0,0.0,13
1782763200000,100000.0,0.0,13
1782766800000,100000.0,0.0,13
1782770400000,100000.0,0.0,13
1782774000000,100000.0,0.0,13
1782777600000,100000.0,0.0,13
1782781200000,100000.0,0.0,13
1782784800000,100000.0,0.0,13
1782788400000,100000.0,0.0,13
1782792000000,100000.0,0.0,13
1782795600000,100000.0,0.0,13
1782799200000,100000.0,0.0,13
1782802800000,100000.0,0.0,13
1782806400000,100000.0,0.0,13
1782810000000,100000.0,0.0,13
1782813600000,100000.0,0.0,13
1782817200000,100000.0,0.0,13
1782820800000,100000.0,0.0,13
1782824400000,100000.0,0.0,13
1782828000000,100000.0,0.0,13
1782831600000,100000.0,0.0,13
1782835200000,100000.0,0.0,13
1782838800000,100000.0,0.0,13
1782842400000,100000.0,0.0,13
1782846000000,100000.0,0.0,13
1782849600000,100000.0,0.0,13
1782853200000,100000.0,0.0,13
1782856800000,100000.0,0.0,13
1782860400000,100000.0,0.0,13
1782864000000,100000.0,0.0,13
1782867600000,100000.0,0.0,13
1782871200000,100000.0,0.0,13
1782874800000,100000.0,0.0,13
1782878400000,100000.0,0.0,13
1782882000000,100000.0,0.0,13
1782885600000,100000.0,0.0,13
1782889200000,100000.0,0.0,13
1782892800000,100000.0,0.0,13
1782896400000,100000.0,0.0,13
1782900000000,100000.0,0.0,13
1782903600000,100000.0,0.0,13
1782907200000,100000.0,0.0,13
1782910800000,100000.0,0.0,13
1782914400000,100000.0,0.0,13
1782918000000,100000.0,0.0,13
1782921600000,100000.0,0.0,13
1782925200000,100000.0,0.0,13
1782928800000,100000.0,0.0,13
1782932400000,100000.0,0.0,13
1782936000000,100000.0,0.0,13
1782939600000,100000.0,0.0,13
1782943200000,100000.0,0.0,13
1782946800000,100000.0,0.0,13
1782950400000,100000.0,0.0,13
1782950400000,100000.0,0.0,14
1782954000000,100000.0,0.0,14
1782957600000,100000.0,0.0,14
1782961200000,100000.0,0.0,14
1782964800000,100000.0,0.0,14
1782968400000,100000.0,0.0,14
1782972000000,100000.0,0.0,14
1782975600000,100000.0,0.0,14
1782979200000,100000.0,0.0,14
1782982800000,100000.0,0.0,14
1782986400000,100000.0,0.0,14
1782990000000,100000.0,0.0,14
1782993600000,100000.0,0.0,14
1782997200000,100000.0,0.0,14
1783000800000,100000.0,0.0,14
1783004400000,100000.0,0.0,14
1783008000000,100000.0,0.0,14
1783011600000,100000.0,0.0,14
1783015200000,100000.0,0.0,14
1783018800000,100000.0,0.0,14
1783022400000,100000.0,0.0,14
1783026000000,100000.0,0.0,14
1783029600000,100000.0,0.0,14
1783033200000,100000.0,0.0,14
1783036800000,100000.0,0.0,14
1783040400000,100000.0,0.0,14
1783044000000,100000.0,0.0,14
1783047600000,100000.0,0.0,14
1783051200000,100000.0,0.0,14
1783054800000,100000.0,0.0,14
1783058400000,100000.0,0.0,14
1783062000000,100000.0,0.0,14
1783065600000,100000.0,0.0,14
1783069200000,100000.0,0.0,14
1783072800000,100000.0,0.0,14
1783076400000,100000.0,0.0,14
1783080000000,100000.0,0.0,14
1783083600000,100000.0,0.0,14
1783087200000,100000.0,0.0,14
1783090800000,100000.0,0.0,14
1783094400000,100000.0,0.0,14
1783098000000,100000.0,0.0,14
1783101600000,100000.0,0.0,14
1783105200000,100000.0,0.0,14
1783108800000,100000.0,0.0,14
1783112400000,100000.0,0.0,14
1783116000000,100000.0,0.0,14
1783119600000,100000.0,0.0,14
1783123200000,100000.0,0.0,14
1783126800000,100000.0,0.0,14
1783130400000,100000.0,0.0,14
1783134000000,100000.0,0.0,14
1783137600000,100000.0,0.0,14
1783141200000,100000.0,0.0,14
1783144800000,100000.0,0.0,14
1783148400000,100000.0,0.0,14
1783152000000,100000.0,0.0,14
1783155600000,100000.0,0.0,14
1783159200000,100000.0,0.0,14
1783162800000,100000.0,0.0,14
1783166400000,100000.0,0.0,14
1783170000000,100000.0,0.0,14
1783173600000,100000.0,0.0,14
1783177200000,100000.0,0.0,14
1783180800000,100000.0,0.0,14
1783184400000,100000.0,0.0,14
1783188000000,100000.0,0.0,14
1783191600000,100000.0,0.0,14
1783195200000,100000.0,0.0,14
1783198800000,100000.0,0.0,14
1783202400000,100000.0,0.0,14
1783206000000,100000.0,0.0,14
1783209600000,100000.0,0.0,14
1783213200000,100000.0,0.0,14
1783216800000,100000.0,0.0,14
1783220400000,100000.0,0.0,14
1783224000000,100000.0,0.0,14
1783227600000,100000.0,0.0,14
1783231200000,100000.0,0.0,14
1783234800000,100000.0,0.0,14
1783238400000,100000.0,0.0,14
1783242000000,100000.0,0.0,14
1783245600000,100000.0,0.0,14
1783249200000,100000.0,0.0,14
1783252800000,100000.0,0.0,14
1783256400000,100000.0,0.0,14
1783260000000,100000.0,0.0,14
1783263600000,100000.0,0.0,14
1783267200000,100000.0,0.0,14
1783270800000,100000.0,0.0,14
1783274400000,100000.0,0.0,14
1783278000000,100000.0,0.0,14
1783281600000,100000.0,0.0,14
1783285200000,100000.0,0.0,14
1783288800000,100000.0,0.0,14
1783292400000,100000.0,0.0,14
1783296000000,100000.0,0.0,14
1783299600000,100000.0,0.0,14
1783303200000,100000.0,0.0,14
1783306800000,100000.0,0.0,14
1783310400000,100000.0,0.0,14
1783314000000,100000.0,0.0,14
1783317600000,100000.0,0.0,14
1783321200000,100000.0,0.0,14
1783324800000,100000.0,0.0,14
1783328400000,100000.0,0.0,14
1783332000000,100000.0,0.0,14
1783335600000,100000.0,0.0,14
1783339200000,100000.0,0.0,14
1783342800000,100000.0,0.0,14
1783346400000,100000.0,0.0,14
1783350000000,100000.0,0.0,14
1783353600000,100000.0,0.0,14
1783357200000,100000.0,0.0,14
1783360800000,100000.0,0.0,14
1783364400000,100000.0,0.0,14
1783368000000,100000.0,0.0,14
1783371600000,100000.0,0.0,14
1783375200000,100000.0,0.0,14
1783378800000,100000.0,0.0,14
1783382400000,100000.0,0.0,14
1783386000000,100000.0,0.0,14
1783389600000,100000.0,0.0,14
1783393200000,100000.0,0.0,14
1783396800000,100000.0,0.0,14
1783400400000,100000.0,0.0,14
1783404000000,100000.0,0.0,14
1783407600000,100000.0,0.0,14
1783411200000,100000.0,0.0,14
1783414800000,100000.0,0.0,14
1783418400000,100000.0,0.0,14
1783422000000,100000.0,0.0,14
1783425600000,100000.0,0.0,14
1783429200000,100000.0,0.0,14
1783432800000,100000.0,0.0,14
1783436400000,100000.0,0.0,14
1783440000000,100000.0,0.0,14
1783443600000,100000.0,0.0,14
1783447200000,100000.0,0.0,14
1783450800000,100000.0,0.0,14
1783454400000,100000.0,0.0,14
1783458000000,100000.0,0.0,14
1783461600000,100000.0,0.0,14
1783465200000,100000.0,0.0,14
1783468800000,100000.0,0.0,14
1783472400000,100000.0,0.0,14
1783476000000,100000.0,0.0,14
1783479600000,100000.0,0.0,14
1783483200000,100000.0,0.0,14
1783486800000,100000.0,0.0,14
1783490400000,100000.0,0.0,14
1783494000000,100000.0,0.0,14
1783497600000,100000.0,0.0,14
1783501200000,100000.0,0.0,14
1783504800000,100000.0,0.0,14
1783508400000,100000.0,0.0,14
1783512000000,100000.0,0.0,14
1783515600000,100000.0,0.0,14
1783519200000,100000.0,0.0,14
1783522800000,100000.0,0.0,14
1783526400000,100000.0,0.0,14
1783530000000,100000.0,0.0,14
1783533600000,100000.0,0.0,14
1783537200000,100000.0,0.0,14
1783540800000,100000.0,0.0,14
1783544400000,100000.0,0.0,14
1783548000000,100000.0,0.0,14
1783551600000,100000.0,0.0,14
1783555200000,100000.0,0.0,14
1783558800000,100000.0,0.0,14
1783562400000,100000.0,0.0,14
1783566000000,100000.0,0.0,14
1783569600000,100000.0,0.0,14
1783573200000,100000.0,0.0,14
1783576800000,100000.0,0.0,14
1783580400000,100000.0,0.0,14
1783584000000,100000.0,0.0,14
1783587600000,100000.0,0.0,14
1783591200000,100000.0,0.0,14
1783594800000,100000.0,0.0,14
1783598400000,100000.0,0.0,14
1783602000000,100000.0,0.0,14
1783605600000,100000.0,0.0,14
1783609200000,100000.0,0.0,14
1783612800000,100000.0,0.0,14
1783616400000,100000.0,0.0,14
1783620000000,100000.0,0.0,14
1783623600000,100000.0,0.0,14
1783627200000,100000.0,0.0,14
1783630800000,100000.0,0.0,14
1783634400000,100000.0,0.0,14
1783638000000,100000.0,0.0,14
1783641600000,100000.0,0.0,14
1783645200000,100000.0,0.0,14
1783648800000,100000.0,0.0,14
1783652400000,100000.0,0.0,14
1783656000000,100000.0,0.0,14
1783659600000,100000.0,0.0,14
1783663200000,100000.0,0.0,14
1783666800000,100000.0,0.0,14
1783670400000,100000.0,0.0,14
1783674000000,100000.0,0.0,14
1783677600000,100000.0,0.0,14
1783681200000,100000.0,0.0,14
1783684800000,100000.0,0.0,14
1783688400000,100000.0,0.0,14
1783692000000,100000.0,0.0,14
1783695600000,100000.0,0.0,14
1783699200000,100000.0,0.0,14
1783702800000,100000.0,0.0,14
1783706400000,100000.0,0.0,14
1783710000000,100000.0,0.0,14
1783713600000,100000.0,0.0,14
1783717200000,100000.0,0.0,14
1783720800000,100000.0,0.0,14
1783724400000,100000.0,0.0,14
1783728000000,100000.0,0.0,14
1783731600000,100000.0,0.0,14
1783735200000,100000.0,0.0,14
1783738800000,100000.0,0.0,14
1783742400000,100000.0,0.0,14
1783746000000,100000.0,0.0,14
1783749600000,100000.0,0.0,14
1783753200000,100000.0,0.0,14
1783756800000,100000.0,0.0,14
1783760400000,100000.0,0.0,14
1783764000000,100000.0,0.0,14
1783767600000,100000.0,0.0,14
1783771200000,100000.0,0.0,14
1783774800000,100000.0,0.0,14
1783778400000,100000.0,0.0,14
1783782000000,100000.0,0.0,14
1783785600000,100000.0,0.0,14
1783789200000,100000.0,0.0,14
1783792800000,100000.0,0.0,14
1783796400000,100000.0,0.0,14
1783800000000,100000.0,0.0,14
1783803600000,100000.0,0.0,14
1783807200000,100000.0,0.0,14
1783810800000,100000.0,0.0,14
1783814400000,100000.0,0.0,14
1783818000000,100000.0,0.0,14
1783821600000,100000.0,0.0,14
1783825200000,100000.0,0.0,14
1783828800000,100000.0,0.0,14
1783832400000,100000.0,0.0,14
1783836000000,100000.0,0.0,14
1783839600000,100000.0,0.0,14
1783843200000,100000.0,0.0,14
1783846800000,100000.0,0.0,14
1783850400000,100000.0,0.0,14
1783854000000,100000.0,0.0,14
1783857600000,100000.0,0.0,14
1783861200000,100000.0,0.0,14
1783864800000,100000.0,0.0,14
1783868400000,100000.0,0.0,14
1783872000000,100000.0,0.0,14
1783875600000,100000.0,0.0,14
1783879200000,100000.0,0.0,14
1783882800000,100000.0,0.0,14
1783886400000,100000.0,0.0,14
1783890000000,100000.0,0.0,14
1783893600000,100000.0,0.0,14
1783897200000,100000.0,0.0,14
1783900800000,100000.0,0.0,14
1783904400000,100000.0,0.0,14
1783908000000,100000.0,0.0,14
1783911600000,100000.0,0.0,14
1783915200000,100000.0,0.0,14
1783918800000,100000.0,0.0,14
1783922400000,100000.0,0.0,14
1783926000000,100000.0,0.0,14
1783929600000,100000.0,0.0,14
1783933200000,100000.0,0.0,14
1783936800000,100000.0,0.0,14
1783940400000,100000.0,0.0,14
1783944000000,100000.0,0.0,14
1783947600000,100000.0,0.0,14
1783951200000,100000.0,0.0,14
1783954800000,100000.0,0.0,14
1783958400000,100000.0,0.0,14
1783962000000,100000.0,0.0,14
1783965600000,100000.0,0.0,14
1783969200000,100000.0,0.0,14
1783972800000,100000.0,0.0,14
1783976400000,100000.0,0.0,14
1783980000000,100000.0,0.0,14
1783983600000,100000.0,0.0,14
1783987200000,100000.0,0.0,14
1783990800000,100000.0,0.0,14
1783994400000,100000.0,0.0,14
1783998000000,100000.0,0.0,14
1784001600000,100000.0,0.0,14
1784005200000,100000.0,0.0,14
1784008800000,100000.0,0.0,14
1784012400000,100000.0,0.0,14
1784016000000,100000.0,0.0,14
1784019600000,100000.0,0.0,14
1784023200000,100000.0,0.0,14
1784026800000,100000.0,0.0,14
1784030400000,100000.0,0.0,14
1784034000000,100000.0,0.0,14
1784037600000,100000.0,0.0,14
1784041200000,100000.0,0.0,14
1784044800000,100000.0,0.0,14
1784048400000,100000.0,0.0,14
1784052000000,100000.0,0.0,14
1784055600000,100000.0,0.0,14
1784059200000,100000.0,0.0,14
1784062800000,100000.0,0.0,14
1784066400000,100000.0,0.0,14
1784070000000,100000.0,0.0,14
1784073600000,100000.0,0.0,14
1784077200000,100000.0,0.0,14
1784080800000,100000.0,0.0,14
1784084400000,100000.0,0.0,14
1784088000000,100000.0,0.0,14
1784091600000,100000.0,0.0,14
1784095200000,100000.0,0.0,14
1784098800000,100000.0,0.0,14
1784102400000,100000.0,0.0,14
1784106000000,100000.0,0.0,14
1784109600000,100000.0,0.0,14
1784113200000,100000.0,0.0,14
1784116800000,100000.0,0.0,14
1784120400000,100000.0,0.0,14
1784124000000,100000.0,0.0,14
1784127600000,100000.0,0.0,14
1784131200000,100000.0,0.0,14
1784134800000,100000.0,0.0,14
1784138400000,100000.0,0.0,14
1784142000000,100000.0,0.0,14
1784145600000,100000.0,0.0,14
1784149200000,100000.0,0.0,14
1784152800000,100000.0,0.0,14
1784156400000,100000.0,0.0,14
1784160000000,100000.0,0.0,14
1784160000000,100000.0,0.0,15
1784163600000,100000.0,0.0,15
1784167200000,100000.0,0.0,15
1784170800000,100000.0,0.0,15
1784174400000,100000.0,0.0,15
1784178000000,100000.0,0.0,15
1784181600000,100000.0,0.0,15
1784185200000,100000.0,0.0,15
1784188800000,100000.0,0.0,15
1784192400000,100000.0,0.0,15
1784196000000,100000.0,0.0,15
1784199600000,100000.0,0.0,15
1784203200000,100000.0,0.0,15
1784206800000,100000.0,0.0,15
1784210400000,100000.0,0.0,15
1784214000000,100000.0,0.0,15
1784217600000,100000.0,0.0,15
1784221200000,100000.0,0.0,15
1784224800000,100000.0,0.0,15
1784228400000,100000.0,0.0,15
1784232000000,100000.0,0.0,15
1784235600000,100000.0,0.0,15
1784239200000,100000.0,0.0,15
1784242800000,100000.0,0.0,15
1784246400000,100000.0,0.0,15
1784250000000,100000.0,0.0,15
1784253600000,100000.0,0.0,15
1784257200000,100000.0,0.0,15
1784260800000,100000.0,0.0,15
1784264400000,100000.0,0.0,15
1784268000000,100000.0,0.0,15
1784271600000,100000.0,0.0,15
1784275200000,100000.0,0.0,15
1784278800000,100000.0,0.0,15
1784282400000,100000.0,0.0,15
1784286000000,100000.0,0.0,15
1784289600000,100000.0,0.0,15
1784293200000,100000.0,0.0,15
1784296800000,100000.0,0.0,15
1784300400000,100000.0,0.0,15
1784304000000,100000.0,0.0,15
1784307600000,100000.0,0.0,15
1784311200000,100000.0,0.0,15
1784314800000,100000.0,0.0,15
1784318400000,100000.0,0.0,15
1784322000000,100000.0,0.0,15
1784325600000,100000.0,0.0,15
1784329200000,100000.0,0.0,15
1784332800000,100000.0,0.0,15
1784336400000,100000.0,0.0,15
1784340000000,100000.0,0.0,15
1784343600000,100000.0,0.0,15
1784347200000,100000.0,0.0,15
1784350800000,100000.0,0.0,15
1784354400000,100000.0,0.0,15
1784358000000,100000.0,0.0,15
1784361600000,100000.0,0.0,15
1784365200000,100000.0,0.0,15
1784368800000,100000.0,0.0,15
1784372400000,100000.0,0.0,15
1784376000000,100000.0,0.0,15
1784379600000,100000.0,0.0,15
1784383200000,100000.0,0.0,15
1784386800000,100000.0,0.0,15
1784390400000,100000.0,0.0,15
1784394000000,100000.0,0.0,15
1784397600000,100000.0,0.0,15
1784401200000,100000.0,0.0,15
1784404800000,100000.0,0.0,15
1784408400000,100000.0,0.0,15
1784412000000,100000.0,0.0,15
1784415600000,100000.0,0.0,15
1784419200000,100000.0,0.0,15
1784422800000,100000.0,0.0,15
1784426400000,100000.0,0.0,15
1784430000000,100000.0,0.0,15
1784433600000,100000.0,0.0,15
1784437200000,100000.0,0.0,15
1784440800000,100000.0,0.0,15
1784444400000,100000.0,0.0,15
1784448000000,100000.0,0.0,15
1784451600000,100000.0,0.0,15
1784455200000,100000.0,0.0,15
1784458800000,100000.0,0.0,15
1784462400000,100000.0,0.0,15
1784466000000,100000.0,0.0,15
1784469600000,100000.0,0.0,15
1784473200000,100000.0,0.0,15
1784476800000,100000.0,0.0,15
1784480400000,100000.0,0.0,15
1784484000000,100000.0,0.0,15
1784487600000,100000.0,0.0,15
1784491200000,100000.0,0.0,15
1784494800000,100000.0,0.0,15
1784498400000,100000.0,0.0,15
1784502000000,100000.0,0.0,15
1784505600000,100000.0,0.0,15
1784509200000,100000.0,0.0,15
1784512800000,100000.0,0.0,15
1784516400000,100000.0,0.0,15
1784520000000,100000.0,0.0,15
1784523600000,100000.0,0.0,15
1784527200000,100000.0,0.0,15
1784530800000,100000.0,0.0,15
1784534400000,100000.0,0.0,15
1784538000000,100000.0,0.0,15
1784541600000,100000.0,0.0,15
1784545200000,100000.0,0.0,15
1784548800000,100000.0,0.0,15
1784552400000,100000.0,0.0,15
1784556000000,100000.0,0.0,15
1784559600000,100000.0,0.0,15
1784563200000,100000.0,0.0,15
1784566800000,100000.0,0.0,15
1784570400000,100000.0,0.0,15
1784574000000,100000.0,0.0,15
1784577600000,100000.0,0.0,15
1784581200000,100000.0,0.0,15
1784584800000,100000.0,0.0,15
1784588400000,100000.0,0.0,15
1784592000000,100000.0,0.0,15
1784595600000,100000.0,0.0,15
1784599200000,100000.0,0.0,15
1784602800000,100000.0,0.0,15
1784606400000,100000.0,0.0,15
1784610000000,100000.0,0.0,15
1784613600000,100000.0,0.0,15
1784617200000,100000.0,0.0,15
1784620800000,100000.0,0.0,15
1784624400000,100000.0,0.0,15
1784628000000,100000.0,0.0,15
1784631600000,100000.0,0.0,15
1784635200000,100000.0,0.0,15
1784638800000,100000.0,0.0,15
1784642400000,100000.0,0.0,15
1784646000000,100000.0,0.0,15
1784649600000,100000.0,0.0,15
1784653200000,100000.0,0.0,15
1784656800000,100000.0,0.0,15
1784660400000,100000.0,0.0,15
1784664000000,100000.0,0.0,15
1784667600000,100000.0,0.0,15
1784671200000,100000.0,0.0,15
1784674800000,100000.0,0.0,15
1784678400000,100000.0,0.0,15
1784682000000,100000.0,0.0,15
1784685600000,100000.0,0.0,15
1784689200000,100000.0,0.0,15
1784692800000,100000.0,0.0,15
1784696400000,100000.0,0.0,15
1784700000000,100000.0,0.0,15
1784703600000,100000.0,0.0,15
1784707200000,100000.0,0.0,15
1784710800000,100000.0,0.0,15
1784714400000,100000.0,0.0,15
1784718000000,100000.0,0.0,15
1784721600000,100000.0,0.0,15
1784725200000,100000.0,0.0,15
1784728800000,100000.0,0.0,15
1784732400000,100000.0,0.0,15
1784736000000,100000.0,0.0,15
1784739600000,100000.0,0.0,15
1784743200000,100000.0,0.0,15
1784746800000,100000.0,0.0,15
1784750400000,100000.0,0.0,15
1784754000000,100000.0,0.0,15
1784757600000,100000.0,0.0,15
1784761200000,100000.0,0.0,15
1784764800000,100000.0,0.0,15
1784768400000,100000.0,0.0,15
1784772000000,100000.0,0.0,15
1784775600000,100000.0,0.0,15
1784779200000,100000.0,0.0,15
1784782800000,100000.0,0.0,15
1784786400000,100000.0,0.0,15
1784790000000,100000.0,0.0,15
1784793600000,100000.0,0.0,15
1784797200000,100000.0,0.0,15
1784800800000,100000.0,0.0,15
1784804400000,100000.0,0.0,15
1784808000000,100000.0,0.0,15
1784811600000,100000.0,0.0,15
1784815200000,100000.0,0.0,15
1784818800000,100000.0,0.0,15
1784822400000,100000.0,0.0,15
1784826000000,100000.0,0.0,15
1784829600000,100000.0,0.0,15
1784833200000,100000.0,0.0,15
1784836800000,100000.0,0.0,15
1784840400000,100000.0,0.0,15
1784844000000,100000.0,0.0,15
1784847600000,100000.0,0.0,15
1784851200000,100000.0,0.0,15
1784854800000,100000.0,0.0,15
1784858400000,100000.0,0.0,15
1784862000000,100000.0,0.0,15
1784865600000,100000.0,0.0,15
1784869200000,100000.0,0.0,15
1784872800000,100000.0,0.0,15
1784876400000,100000.0,0.0,15
1784880000000,100000.0,0.0,15
1784883600000,100000.0,0.0,15
1784887200000,100000.0,0.0,15
1784890800000,100000.0,0.0,15
1784894400000,100000.0,0.0,15
1784898000000,100000.0,0.0,15
1784901600000,100000.0,0.0,15
1784905200000,100000.0,0.0,15
1784908800000,100000.0,0.0,15
1784912400000,100000.0,0.0,15
1784916000000,100000.0,0.0,15
1784919600000,100000.0,0.0,15
1784923200000,100000.0,0.0,15
1784926800000,100000.0,0.0,15
1784930400000,100000.0,0.0,15
1784934000000,100000.0,0.0,15
1784937600000,100000.0,0.0,15
1784941200000,100000.0,0.0,15
1784944800000,100000.0,0.0,15
1784948400000,100000.0,0.0,15
1784952000000,100000.0,0.0,15
1784955600000,100000.0,0.0,15
1784959200000,100000.0,0.0,15
1784962800000,100000.0,0.0,15
1784966400000,100000.0,0.0,15
1784970000000,100000.0,0.0,15
1784973600000,100000.0,0.0,15
1784977200000,100000.0,0.0,15
1784980800000,100000.0,0.0,15
1784984400000,100000.0,0.0,15
1784988000000,100000.0,0.0,15
1784991600000,100000.0,0.0,15
1784995200000,100000.0,0.0,15
1784998800000,100000.0,0.0,15
1785002400000,100000.0,0.0,15
1785006000000,100000.0,0.0,15
1785009600000,100000.0,0.0,15
1785013200000,100000.0,0.0,15
1785016800000,100000.0,0.0,15
1785020400000,100000.0,0.0,15
1785024000000,100000.0,0.0,15
1785027600000,100000.0,0.0,15
1785031200000,100000.0,0.0,15
1785034800000,100000.0,0.0,15
1785038400000,100000.0,0.0,15
1785042000000,100000.0,0.0,15
1785045600000,100000.0,0.0,15
1785049200000,100000.0,0.0,15
1785052800000,100000.0,0.0,15
1785056400000,100000.0,0.0,15
1785060000000,100000.0,0.0,15
1785063600000,100000.0,0.0,15
1785067200000,100000.0,0.0,15
1785070800000,100000.0,0.0,15
1785074400000,100000.0,0.0,15
1785078000000,100000.0,0.0,15
1785081600000,100000.0,0.0,15
1785085200000,100000.0,0.0,15
1785088800000,100000.0,0.0,15
1785092400000,100000.0,0.0,15
1785096000000,100000.0,0.0,15
1785099600000,100000.0,0.0,15
1785103200000,100000.0,0.0,15
1785106800000,100000.0,0.0,15
1785110400000,100000.0,0.0,15
1785114000000,100000.0,0.0,15
1785117600000,100000.0,0.0,15
1785121200000,100000.0,0.0,15
1785124800000,100000.0,0.0,15
1785128400000,100000.0,0.0,15
1785132000000,100000.0,0.0,15
1785135600000,100000.0,0.0,15
1785139200000,100000.0,0.0,15
1785142800000,100000.0,0.0,15
1785146400000,100000.0,0.0,15
1785150000000,100000.0,0.0,15
1785153600000,100000.0,0.0,15
1785157200000,100000.0,0.0,15
1785160800000,100000.0,0.0,15
1785164400000,100000.0,0.0,15
1785168000000,100000.0,0.0,15
1785171600000,100000.0,0.0,15
1785175200000,100000.0,0.0,15
1785178800000,100000.0,0.0,15
1785182400000,100000.0,0.0,15
1785186000000,100000.0,0.0,15
1785189600000,100000.0,0.0,15
1785193200000,100000.0,0.0,15
1785196800000,100000.0,0.0,15
1785200400000,100000.0,0.0,15
1785204000000,100000.0,0.0,15
1785207600000,100000.0,0.0,15
1785211200000,100000.0,0.0,15
1785214800000,100000.0,0.0,15
1785218400000,100000.0,0.0,15
1785222000000,100000.0,0.0,15
1785225600000,100000.0,0.0,15
1785229200000,100000.0,0.0,15
1785232800000,100000.0,0.0,15
1785236400000,100000.0,0.0,15
1785240000000,100000.0,0.0,15
1785243600000,100000.0,0.0,15
1785247200000,100000.0,0.0,15
1785250800000,100000.0,0.0,15
1785254400000,100000.0,0.0,15
1785258000000,100000.0,0.0,15
1785261600000,100000.0,0.0,15
1785265200000,100000.0,0.0,15
1785268800000,100000.0,0.0,15
1785272400000,100000.0,0.0,15
1785276000000,100000.0,0.0,15
1785279600000,100000.0,0.0,15
1785283200000,100000.0,0.0,15
1785286800000,100000.0,0.0,15
1785290400000,100000.0,0.0,15
1785294000000,100000.0,0.0,15
1785297600000,100000.0,0.0,15
1785301200000,100000.0,0.0,15
1785304800000,100000.0,0.0,15
1785308400000,100000.0,0.0,15
1785312000000,100000.0,0.0,15
1785315600000,100000.0,0.0,15
1785319200000,100000.0,0.0,15
1785322800000,100000.0,0.0,15
1785326400000,100000.0,0.0,15
1785330000000,100000.0,0.0,15
1785333600000,100000.0,0.0,15
1785337200000,100000.0,0.0,15
1785340800000,100000.0,0.0,15
1785344400000,100000.0,0.0,15
1785348000000,100000.0,0.0,15
1785351600000,100000.0,0.0,15
1785355200000,100000.0,0.0,15
1785358800000,100000.0,0.0,15
1785362400000,100000.0,0.0,15
1785366000000,100000.0,0.0,15
1785369600000,100000.0,0.0,15
1785369600000,100000.0,0.0,16
1785373200000,100000.0,0.0,16
1785376800000,100000.0,0.0,16
1785380400000,100000.0,0.0,16
1785384000000,100000.0,0.0,16
1785387600000,100000.0,0.0,16
1785391200000,100000.0,0.0,16
1785394800000,100000.0,0.0,16
1785398400000,100000.0,0.0,16
1785402000000,100000.0,0.0,16
1785405600000,100000.0,0.0,16
1785409200000,100000.0,0.0,16
1785412800000,100000.0,0.0,16
1785416400000,100000.0,0.0,16
1785420000000,100000.0,0.0,16
1785423600000,100000.0,0.0,16
1785427200000,100000.0,0.0,16
1785430800000,100000.0,0.0,16
1785434400000,100000.0,0.0,16
1785438000000,100000.0,0.0,16
1785441600000,100000.0,0.0,16
1785445200000,100000.0,0.0,16
1785448800000,100000.0,0.0,16
1785452400000,100000.0,0.0,16
1785456000000,100000.0,0.0,16
1785459600000,100000.0,0.0,16
1785463200000,100000.0,0.0,16
1785466800000,100000.0,0.0,16
1785470400000,100000.0,0.0,16
1785474000000,100000.0,0.0,16
1785477600000,100000.0,0.0,16
1785481200000,100000.0,0.0,16
1785484800000,100000.0,0.0,16
1785488400000,100000.0,0.0,16
1785492000000,100000.0,0.0,16
1785495600000,100000.0,0.0,16
1785499200000,100000.0,0.0,16
1785502800000,100000.0,0.0,16
1785506400000,100000.0,0.0,16
1785510000000,100000.0,0.0,16
1785513600000,100000.0,0.0,16
1785517200000,100000.0,0.0,16
1785520800000,100000.0,0.0,16
1785524400000,100000.0,0.0,16
1785528000000,100000.0,0.0,16
1785531600000,100000.0,0.0,16
1785535200000,100000.0,0.0,16
1785538800000,100000.0,0.0,16
1785542400000,100000.0,0.0,16
1785546000000,100000.0,0.0,16
1785549600000,100000.0,0.0,16
1785553200000,100000.0,0.0,16
1785556800000,100000.0,0.0,16
1785560400000,100000.0,0.0,16
1785564000000,100000.0,0.0,16
1785567600000,100000.0,0.0,16
1785571200000,100000.0,0.0,16
1785574800000,100000.0,0.0,16
1785578400000,100000.0,0.0,16
1785582000000,100000.0,0.0,16
1785585600000,100000.0,0.0,16
1785589200000,100000.0,0.0,16
1785592800000,100000.0,0.0,16
1785596400000,100000.0,0.0,16
1785600000000,100000.0,0.0,16
1785603600000,100000.0,0.0,16
1785607200000,100000.0,0.0,16
1785610800000,100000.0,0.0,16
1785614400000,100000.0,0.0,16
1785618000000,100000.0,0.0,16
1785621600000,100000.0,0.0,16
1785625200000,100000.0,0.0,16
1785628800000,100000.0,0.0,16
1785632400000,100000.0,0.0,16
1785636000000,100000.0,0.0,16
1785639600000,100000.0,0.0,16
1785643200000,100000.0,0.0,16
1785646800000,100000.0,0.0,16
1785650400000,100000.0,0.0,16
1785654000000,100000.0,0.0,16
1785657600000,100000.0,0.0,16
1785661200000,100000.0,0.0,16
1785664800000,100000.0,0.0,16
1785668400000,100000.0,0.0,16
1785672000000,100000.0,0.0,16
1785675600000,100000.0,0.0,16
1785679200000,100000.0,0.0,16
1785682800000,100000.0,0.0,16
1785686400000,100000.0,0.0,16
1785690000000,100000.0,0.0,16
1785693600000,100000.0,0.0,16
1785697200000,100000.0,0.0,16
1785700800000,100000.0,0.0,16
1785704400000,100000.0,0.0,16
1785708000000,100000.0,0.0,16
1785711600000,100000.0,0.0,16
1785715200000,100000.0,0.0,16
1785718800000,100000.0,0.0,16
1785722400000,100000.0,0.0,16
1785726000000,100000.0,0.0,16
1785729600000,100000.0,0.0,16
1785733200000,100000.0,0.0,16
1785736800000,100000.0,0.0,16
1785740400000,100000.0,0.0,16
1785744000000,100000.0,0.0,16
1785747600000,100000.0,0.0,16
1785751200000,100000.0,0.0,16
1785754800000,100000.0,0.0,16
1785758400000,100000.0,0.0,16
1785762000000,100000.0,0.0,16
1785765600000,100000.0,0.0,16
1785769200000,100000.0,0.0,16
1785772800000,100000.0,0.0,16
1785776400000,100000.0,0.0,16
1785780000000,100000.0,0.0,16
1785783600000,100000.0,0.0,16
1785787200000,100000.0,0.0,16
1785790800000,100000.0,0.0,16
1785794400000,100000.0,0.0,16
1785798000000,100000.0,0.0,16
1785801600000,100000.0,0.0,16
1785805200000,100000.0,0.0,16
1785808800000,100000.0,0.0,16
1785812400000,100000.0,0.0,16
1785816000000,100000.0,0.0,16
1785819600000,100000.0,0.0,16
1785823200000,100000.0,0.0,16
1785826800000,100000.0,0.0,16
1785830400000,100000.0,0.0,16
1785834000000,100000.0,0.0,16
1785837600000,100000.0,0.0,16
1785841200000,100000.0,0.0,16
1785844800000,100000.0,0.0,16
1785848400000,100000.0,0.0,16
1785852000000,100000.0,0.0,16
1785855600000,100000.0,0.0,16
1785859200000,100000.0,0.0,16
1785862800000,100000.0,0.0,16
1785866400000,100000.0,0.0,16
1785870000000,100000.0,0.0,16
1785873600000,100000.0,0.0,16
1785877200000,100000.0,0.0,16
1785880800000,100000.0,0.0,16
1785884400000,100000.0,0.0,16
1785888000000,100000.0,0.0,16
1785891600000,100000.0,0.0,16
1785895200000,100000.0,0.0,16
1785898800000,100000.0,0.0,16
1785902400000,100000.0,0.0,16
1785906000000,100000.0,0.0,16
1785909600000,100000.0,0.0,16
1785913200000,100000.0,0.0,16
1785916800000,100000.0,0.0,16
1785920400000,100000.0,0.0,16
1785924000000,100000.0,0.0,16
1785927600000,100000.0,0.0,16
1785931200000,100000.0,0.0,16
1785934800000,100000.0,0.0,16
1785938400000,100000.0,0.0,16
1785942000000,100000.0,0.0,16
1785945600000,100000.0,0.0,16
1785949200000,100000.0,0.0,16
1785952800000,100000.0,0.0,16
1785956400000,100000.0,0.0,16
1785960000000,100000.0,0.0,16
1785963600000,100000.0,0.0,16
1785967200000,100000.0,0.0,16
1785970800000,100000.0,0.0,16
1785974400000,100000.0,0.0,16
1785978000000,100000.0,0.0,16
1785981600000,100000.0,0.0,16
1785985200000,100000.0,0.0,16
1785988800000,100000.0,0.0,16
1785992400000,100000.0,0.0,16
1785996000000,100000.0,0.0,16
1785999600000,100000.0,0.0,16
1786003200000,100000.0,0.0,16
1786006800000,100000.0,0.0,16
1786010400000,100000.0,0.0,16
1786014000000,100000.0,0.0,16
1786017600000,100000.0,0.0,16
1786021200000,100000.0,0.0,16
1786024800000,100000.0,0.0,16
1786028400000,100000.0,0.0,16
1786032000000,100000.0,0.0,16
1786035600000,100000.0,0.0,16
1786039200000,100000.0,0.0,16
1786042800000,100000.0,0.0,16
1786046400000,100000.0,0.0,16
1786050000000,100000.0,0.0,16
1786053600000,100000.0,0.0,16
1786057200000,100000.0,0.0,16
1786060800000,100000.0,0.0,16
1786064400000,100000.0,0.0,16
1786068000000,100000.0,0.0,16
1786071600000,100000.0,0.0,16
1786075200000,100000.0,0.0,16
1786078800000,100000.0,0.0,16
1786082400000,100000.0,0.0,16
1786086000000,100000.0,0.0,16
1786089600000,100000.0,0.0,16
1786093200000,100000.0,0.0,16
1786096800000,100000.0,0.0,16
1786100400000,100000.0,0.0,16
1786104000000,100000.0,0.0,16
1786107600000,100000.0,0.0,16
1786111200000,100000.0,0.0,16
1786114800000,100000.0,0.0,16
1786118400000,100000.0,0.0,16
1786122000000,100000.0,0.0,16
1786125600000,100000.0,0.0,16
1786129200000,100000.0,0.0,16
1786132800000,100000.0,0.0,16
1786136400000,100000.0,0.0,16
1786140000000,100000.0,0.0,16
1786143600000,100000.0,0.0,16
1786147200000,100000.0,0.0,16
1786150800000,100000.0,0.0,16
1786154400000,100000.0,0.0,16
1786158000000,100000.0,0.0,16
1786161600000,100000.0,0.0,16
1786165200000,100000.0,0.0,16
1786168800000,100000.0,0.0,16
1786172400000,100000.0,0.0,16
1786176000000,100000.0,0.0,16
1786179600000,100000.0,0.0,16
1786183200000,100000.0,0.0,16
1786186800000,100000.0,0.0,16
1786190400000,100000.0,0.0,16
1786194000000,100000.0,0.0,16
1786197600000,100000.0,0.0,16
1786201200000,100000.0,0.0,16
1786204800000,100000.0,0.0,16
1786208400000,100000.0,0.0,16
1786212000000,100000.0,0.0,16
1786215600000,100000.0,0.0,16
1786219200000,100000.0,0.0,16
1786222800000,100000.0,0.0,16
1786226400000,100000.0,0.0,16
1786230000000,100000.0,0.0,16
1786233600000,100000.0,0.0,16
1786237200000,100000.0,0.0,16
1786240800000,100000.0,0.0,16
1786244400000,100000.0,0.0,16
1786248000000,100000.0,0.0,16
1786251600000,100000.0,0.0,16
1786255200000,100000.0,0.0,16
1786258800000,100000.0,0.0,16
1786262400000,100000.0,0.0,16
1786266000000,100000.0,0.0,16
1786269600000,100000.0,0.0,16
1786273200000,100000.0,0.0,16
1786276800000,100000.0,0.0,16
1786280400000,100000.0,0.0,16
1786284000000,100000.0,0.0,16
1786287600000,100000.0,0.0,16
1786291200000,100000.0,0.0,16
1786294800000,100000.0,0.0,16
1786298400000,100000.0,0.0,16
1786302000000,100000.0,0.0,16
1786305600000,100000.0,0.0,16
1786309200000,100000.0,0.0,16
1786312800000,100000.0,0.0,16
1786316400000,100000.0,0.0,16
1786320000000,100000.0,0.0,16
1786323600000,100000.0,0.0,16
1786327200000,100000.0,0.0,16
1786330800000,100000.0,0.0,16
1786334400000,100000.0,0.0,16
1786338000000,100000.0,0.0,16
1786341600000,100000.0,0.0,16
1786345200000,100000.0,0.0,16
1786348800000,100000.0,0.0,16
1786352400000,100000.0,0.0,16
1786356000000,100000.0,0.0,16
1786359600000,100000.0,0.0,16
1786363200000,100000.0,0.0,16
1786366800000,100000.0,0.0,16
1786370400000,100000.0,0.0,16
1786374000000,100000.0,0.0,16
1786377600000,100000.0,0.0,16
1786381200000,100000.0,0.0,16
1786384800000,100000.0,0.0,16
1786388400000,100000.0,0.0,16
1786392000000,100000.0,0.0,16
1786395600000,100000.0,0.0,16
1786399200000,100000.0,0.0,16
1786402800000,100000.0,0.0,16
1786406400000,100000.0,0.0,16
1786410000000,100000.0,0.0,16
1786413600000,100000.0,0.0,16
1786417200000,100000.0,0.0,16
1786420800000,100000.0,0.0,16
1786424400000,100000.0,0.0,16
1786428000000,100000.0,0.0,16
1786431600000,100000.0,0.0,16
1786435200000,100000.0,0.0,16
1786438800000,100000.0,0.0,16
1786442400000,100000.0,0.0,16
1786446000000,100000.0,0.0,16
1786449600000,100000.0,0.0,16
1786453200000,100000.0,0.0,16
1786456800000,100000.0,0.0,16
1786460400000,100000.0,0.0,16
1786464000000,100000.0,0.0,16
1786467600000,100000.0,0.0,16
1786471200000,100000.0,0.0,16
1786474800000,100000.0,0.0,16
1786478400000,100000.0,0.0,16
1786482000000,100000.0,0.0,16
1786485600000,100000.0,0.0,16
1786489200000,100000.0,0.0,16
1786492800000,100000.0,0.0,16
1786496400000,100000.0,0.0,16
1786500000000,100000.0,0.0,16
1786503600000,100000.0,0.0,16
1786507200000,100000.0,0.0,16
1786510800000,100000.0,0.0,16
1786514400000,100000.0,0.0,16
1786518000000,100000.0,0.0,16
1786521600000,100000.0,0.0,16
1786525200000,100000.0,0.0,16
1786528800000,100000.0,0.0,16
1786532400000,100000.0,0.0,16
1786536000000,100000.0,0.0,16
1786539600000,100000.0,0.0,16
1786543200000,100000.0,0.0,16
1786546800000,100000.0,0.0,16
1786550400000,100000.0,0.0,16
1786554000000,100000.0,0.0,16
1786557600000,100000.0,0.0,16
1786561200000,100000.0,0.0,16
1786564800000,100000.0,0.0,16
1786568400000,100000.0,0.0,16
1786572000000,100000.0,0.0,16
1786575600000,100000.0,0.0,16
1786579200000,100000.0,0.0,16
1786579200000,100000.0,0.0,17
1786582800000,100000.0,0.0,17
1786586400000,100000.0,0.0,17
1786590000000,100000.0,0.0,17
1786593600000,100000.0,0.0,17
1786597200000,100000.0,0.0,17
1786600800000,100000.0,0.0,17
1786604400000,100000.0,0.0,17
1786608000000,100000.0,0.0,17
1786611600000,100000.0,0.0,17
1786615200000,100000.0,0.0,17
1786618800000,100000.0,0.0,17
1786622400000,100000.0,0.0,17
1786626000000,100000.0,0.0,17
1786629600000,100000.0,0.0,17
1786633200000,100000.0,0.0,17
1786636800000,100000.0,0.0,17
1786640400000,100000.0,0.0,17
1786644000000,100000.0,0.0,17
1786647600000,100000.0,0.0,17
1786651200000,100000.0,0.0,17
1786654800000,100000.0,0.0,17
1786658400000,100000.0,0.0,17
1786662000000,100000.0,0.0,17
1786665600000,100000.0,0.0,17
1786669200000,100000.0,0.0,17
1786672800000,100000.0,0.0,17
1786676400000,100000.0,0.0,17
1786680000000,100000.0,0.0,17
1786683600000,100000.0,0.0,17
1786687200000,100000.0,0.0,17
1786690800000,100000.0,0.0,17
1786694400000,100000.0,0.0,17
1786698000000,100000.0,0.0,17
1786701600000,100000.0,0.0,17
1786705200000,100000.0,0.0,17
1786708800000,100000.0,0.0,17
1786712400000,100000.0,0.0,17
1786716000000,100000.0,0.0,17
1786719600000,100000.0,0.0,17
1786723200000,100000.0,0.0,17
1786726800000,100000.0,0.0,17
1786730400000,100000.0,0.0,17
1786734000000,100000.0,0.0,17
1786737600000,100000.0,0.0,17
1786741200000,100000.0,0.0,17
1786744800000,100000.0,0.0,17
1786748400000,100000.0,0.0,17
1786752000000,100000.0,0.0,17
1786755600000,100000.0,0.0,17
1786759200000,100000.0,0.0,17
1786762800000,100000.0,0.0,17
1786766400000,100000.0,0.0,17
1786770000000,100000.0,0.0,17
1786773600000,100000.0,0.0,17
1786777200000,100000.0,0.0,17
1786780800000,100000.0,0.0,17
1786784400000,100000.0,0.0,17
1786788000000,100000.0,0.0,17
1786791600000,100000.0,0.0,17
1786795200000,100000.0,0.0,17
1786798800000,100000.0,0.0,17
1786802400000,100000.0,0.0,17
1786806000000,100000.0,0.0,17
1786809600000,100000.0,0.0,17
1786813200000,100000.0,0.0,17
1786816800000,100000.0,0.0,17
1786820400000,100000.0,0.0,17
1786824000000,100000.0,0.0,17
1786827600000,100000.0,0.0,17
1786831200000,100000.0,0.0,17
1786834800000,100000.0,0.0,17
1786838400000,100000.0,0.0,17
1786842000000,100000.0,0.0,17
1786845600000,100000.0,0.0,17
1786849200000,100000.0,0.0,17
1786852800000,100000.0,0.0,17
1786856400000,100000.0,0.0,17
1786860000000,100000.0,0.0,17
1786863600000,100000.0,0.0,17
1786867200000,100000.0,0.0,17
1786870800000,100000.0,0.0,17
1786874400000,100000.0,0.0,17
1786878000000,100000.0,0.0,17
1786881600000,100000.0,0.0,17
1786885200000,100000.0,0.0,17
1786888800000,100000.0,0.0,17
1786892400000,100000.0,0.0,17
1786896000000,100000.0,0.0,17
1786899600000,100000.0,0.0,17
1786903200000,100000.0,0.0,17
1786906800000,100000.0,0.0,17
1786910400000,100000.0,0.0,17
1786914000000,100000.0,0.0,17
1786917600000,100000.0,0.0,17
1786921200000,100000.0,0.0,17
1786924800000,100000.0,0.0,17
1786928400000,100000.0,0.0,17
1786932000000,100000.0,0.0,17
1786935600000,100000.0,0.0,17
1786939200000,100000.0,0.0,17
1786942800000,100000.0,0.0,17
1786946400000,100000.0,0.0,17
1786950000000,100000.0,0.0,17
1786953600000,100000.0,0.0,17
1786957200000,100000.0,0.0,17
1786960800000,100000.0,0.0,17
1786964400000,100000.0,0.0,17
1786968000000,100000.0,0.0,17
1786971600000,100000.0,0.0,17
1786975200000,100000.0,0.0,17
1786978800000,100000.0,0.0,17
1786982400000,100000.0,0.0,17
1786986000000,100000.0,0.0,17
1786989600000,100000.0,0.0,17
1786993200000,100000.0,0.0,17
1786996800000,100000.0,0.0,17
1787000400000,100000.0,0.0,17
1787004000000,100000.0,0.0,17
1787007600000,100000.0,0.0,17
1787011200000,100000.0,0.0,17
1787014800000,100000.0,0.0,17
1787018400000,100000.0,0.0,17
1787022000000,100000.0,0.0,17
1787025600000,100000.0,0.0,17
1787029200000,100000.0,0.0,17
1787032800000,100000.0,0.0,17
1787036400000,100000.0,0.0,17
1787040000000,100000.0,0.0,17
1787043600000,100000.0,0.0,17
1787047200000,100000.0,0.0,17
1787050800000,100000.0,0.0,17
1787054400000,100000.0,0.0,17
1787058000000,100000.0,0.0,17
1787061600000,100000.0,0.0,17
1787065200000,100000.0,0.0,17
1787068800000,100000.0,0.0,17
1787072400000,100000.0,0.0,17
1787076000000,100000.0,0.0,17
1787079600000,100000.0,0.0,17
1787083200000,100000.0,0.0,17
1787086800000,100000.0,0.0,17
1787090400000,100000.0,0.0,17
1787094000000,100000.0,0.0,17
1787097600000,100000.0,0.0,17
1787101200000,100000.0,0.0,17
1787104800000,100000.0,0.0,17
1787108400000,100000.0,0.0,17
1787112000000,100000.0,0.0,17
1787115600000,100000.0,0.0,17
1787119200000,100000.0,0.0,17
1787122800000,100000.0,0.0,17
1787126400000,100000.0,0.0,17
1787130000000,100000.0,0.0,17
1787133600000,100000.0,0.0,17
1787137200000,100000.0,0.0,17
1787140800000,100000.0,0.0,17
1787144400000,100000.0,0.0,17
1787148000000,100000.0,0.0,17
1787151600000,100000.0,0.0,17
1787155200000,100000.0,0.0,17
1787158800000,100000.0,0.0,17
1787162400000,100000.0,0.0,17
1787166000000,100000.0,0.0,17
1787169600000,100000.0,0.0,17
1787173200000,100000.0,0.0,17
1787176800000,100000.0,0.0,17
1787180400000,100000.0,0.0,17
1787184000000,100000.0,0.0,17
1787187600000,100000.0,0.0,17
1787191200000,100000.0,0.0,17
1787194800000,100000.0,0.0,17
1787198400000,100000.0,0.0,17
1787202000000,100000.0,0.0,17
1787205600000,100000.0,0.0,17
1787209200000,100000.0,0.0,17
1787212800000,100000.0,0.0,17
1787216400000,100000.0,0.0,17
1787220000000,100000.0,0.0,17
1787223600000,100000.0,0.0,17
1787227200000,100000.0,0.0,17
1787230800000,100000.0,0.0,17
1787234400000,100000.0,0.0,17
1787238000000,100000.0,0.0,17
1787241600000,100000.0,0.0,17
1787245200000,100000.0,0.0,17
1787248800000,100000.0,0.0,17
1787252400000,100000.0,0.0,17
1787256000000,100000.0,0.0,17
1787259600000,100000.0,0.0,17
1787263200000,100000.0,0.0,17
1787266800000,100000.0,0.0,17
1787270400000,100000.0,0.0,17
1787274000000,100000.0,0.0,17
1787277600000,100000.0,0.0,17
1787281200000,100000.0,0.0,17
1787284800000,100000.0,0.0,17
1787288400000,100000.0,0.0,17
1787292000000,100000.0,0.0,17
1787295600000,100000.0,0.0,17
1787299200000,100000.0,0.0,17
1787302800000,100000.0,0.0,17
1787306400000,100000.0,0.0,17
1787310000000,100000.0,0.0,17
1787313600000,100000.0,0.0,17
1787317200000,100000.0,0.0,17
1787320800000,100000.0,0.0,17
1787324400000,100000.0,0.0,17
1787328000000,100000.0,0.0,17
1787331600000,100000.0,0.0,17
1787335200000,100000.0,0.0,17
1787338800000,100000.0,0.0,17
1787342400000,100000.0,0.0,17
1787346000000,100000.0,0.0,17
1787349600000,100000.0,0.0,17
1787353200000,100000.0,0.0,17
1787356800000,100000.0,0.0,17
1787360400000,100000.0,0.0,17
1787364000000,100000.0,0.0,17
1787367600000,100000.0,0.0,17
1787371200000,100000.0,0.0,17
1787374800000,100000.0,0.0,17
1787378400000,100000.0,0.0,17
1787382000000,100000.0,0.0,17
1787385600000,100000.0,0.0,17
1787389200000,100000.0,0.0,17
1787392800000,100000.0,0.0,17
1787396400000,100000.0,0.0,17
1787400000000,100000.0,0.0,17
1787403600000,100000.0,0.0,17
1787407200000,100000.0,0.0,17
1787410800000,100000.0,0.0,17
1787414400000,100000.0,0.0,17
1787418000000,100000.0,0.0,17
1787421600000,100000.0,0.0,17
1787425200000,100000.0,0.0,17
1787428800000,100000.0,0.0,17
1787432400000,100000.0,0.0,17
1787436000000,100000.0,0.0,17
1787439600000,100000.0,0.0,17
1787443200000,100000.0,0.0,17
1787446800000,100000.0,0.0,17
1787450400000,100000.0,0.0,17
1787454000000,100000.0,0.0,17
1787457600000,100000.0,0.0,17
1787461200000,100000.0,0.0,17
1787464800000,100000.0,0.0,17
1787468400000,100000.0,0.0,17
1787472000000,100000.0,0.0,17
1787475600000,100000.0,0.0,17
1787479200000,100000.0,0.0,17
1787482800000,100000.0,0.0,17
1787486400000,100000.0,0.0,17
1787490000000,100000.0,0.0,17
1787493600000,100000.0,0.0,17
1787497200000,100000.0,0.0,17
1787500800000,100000.0,0.0,17
1787504400000,100000.0,0.0,17
1787508000000,100000.0,0.0,17
1787511600000,100000.0,0.0,17
1787515200000,100000.0,0.0,17
1787518800000,100000.0,0.0,17
1787522400000,100000.0,0.0,17
1787526000000,100000.0,0.0,17
1787529600000,100000.0,0.0,17
1787533200000,100000.0,0.0,17
1787536800000,100000.0,0.0,17
1787540400000,100000.0,0.0,17
1787544000000,100000.0,0.0,17
1787547600000,100000.0,0.0,17
1787551200000,100000.0,0.0,17
1787554800000,100000.0,0.0,17
1787558400000,100000.0,0.0,17
1787562000000,100000.0,0.0,17
1787565600000,100000.0,0.0,17
1787569200000,100000.0,0.0,17
1787572800000,100000.0,0.0,17
1787576400000,100000.0,0.0,17
1787580000000,100000.0,0.0,17
1787583600000,100000.0,0.0,17
1787587200000,100000.0,0.0,17
1787590800000,100000.0,0.0,17
1787594400000,100000.0,0.0,17
1787598000000,100000.0,0.0,17
1787601600000,100000.0,0.0,17
1787605200000,100000.0,0.0,17
1787608800000,100000.0,0.0,17
1787612400000,100000.0,0.0,17
1787616000000,100000.0,0.0,17
1787619600000,100000.0,0.0,17
1787623200000,100000.0,0.0,17
1787626800000,100000.0,0.0,17
1787630400000,100000.0,0.0,17
1787634000000,100000.0,0.0,17
1787637600000,100000.0,0.0,17
1787641200000,100000.0,0.0,17
1787644800000,100000.0,0.0,17
1787648400000,100000.0,0.0,17
1787652000000,100000.0,0.0,17
1787655600000,100000.0,0.0,17
1787659200000,100000.0,0.0,17
1787662800000,100000.0,0.0,17
1787666400000,100000.0,0.0,17
1787670000000,100000.0,0.0,17
1787673600000,100000.0,0.0,17
1787677200000,100000.0,0.0,17
1787680800000,100000.0,0.0,17
1787684400000,100000.0,0.0,17
1787688000000,100000.0,0.0,17
1787691600000,100000.0,0.0,17
1787695200000,100000.0,0.0,17
1787698800000,100000.0,0.0,17
1787702400000,100000.0,0.0,17
1787706000000,100000.0,0.0,17
1787709600000,100000.0,0.0,17
1787713200000,100000.0,0.0,17
1787716800000,100000.0,0.0,17
1787720400000,100000.0,0.0,17
1787724000000,100000.0,0.0,17
1787727600000,100000.0,0.0,17
1787731200000,100000.0,0.0,17
1787734800000,100000.0,0.0,17
1787738400000,100000.0,0.0,17
1787742000000,100000.0,0.0,17
1787745600000,100000.0,0.0,17
1787749200000,100000.0,0.0,17
1787752800000,100000.0,0.0,17
1787756400000,100000.0,0.0,17
1787760000000,100000.0,0.0,17
1787763600000,100000.0,0.0,17
1787767200000,100000.0,0.0,17
1787770800000,100000.0,0.0,17
1787774400000,100000.0,0.0,17
1787778000000,100000.0,0.0,17
1787781600000,100000.0,0.0,17
1787785200000,100000.0,0.0,17
1787788800000,100000.0,0.0,17
1787788800000,100000.0,0.0,18
1787792400000,100000.0,0.0,18
1787796000000,100000.0,0.0,18
1787799600000,100000.0,0.0,18
1787803200000,100000.0,0.0,18
1787806800000,100000.0,0.0,18
1787810400000,100000.0,0.0,18
1787814000000,100000.0,0.0,18
1787817600000,100000.0,0.0,18
1787821200000,100000.0,0.0,18
1787824800000,100000.0,0.0,18
1787828400000,100000.0,0.0,18
1787832000000,100000.0,0.0,18
1787835600000,100000.0,0.0,18
1787839200000,100000.0,0.0,18
1787842800000,100000.0,0.0,18
1787846400000,100000.0,0.0,18
1787850000000,100000.0,0.0,18
1787853600000,100000.0,0.0,18
1787857200000,100000.0,0.0,18
1787860800000,100000.0,0.0,18
1787864400000,100000.0,0.0,18
1787868000000,100000.0,0.0,18
1787871600000,100000.0,0.0,18
1787875200000,100000.0,0.0,18
1787878800000,100000.0,0.0,18
1787882400000,100000.0,0.0,18
1787886000000,100000.0,0.0,18
1787889600000,100000.0,0.0,18
1787893200000,100000.0,0.0,18
1787896800000,100000.0,0.0,18
1787900400000,100000.0,0.0,18
1787904000000,100000.0,0.0,18
1787907600000,100000.0,0.0,18
1787911200000,100000.0,0.0,18
1787914800000,100000.0,0.0,18
1787918400000,100000.0,0.0,18
1787922000000,100000.0,0.0,18
1787925600000,100000.0,0.0,18
1787929200000,100000.0,0.0,18
1787932800000,100000.0,0.0,18
1787936400000,100000.0,0.0,18
1787940000000,100000.0,0.0,18
1787943600000,100000.0,0.0,18
1787947200000,100000.0,0.0,18
1787950800000,100000.0,0.0,18
1787954400000,100000.0,0.0,18
1787958000000,100000.0,0.0,18
1787961600000,100000.0,0.0,18
1787965200000,100000.0,0.0,18
1787968800000,100000.0,0.0,18
1787972400000,100000.0,0.0,18
1787976000000,100000.0,0.0,18
1787979600000,100000.0,0.0,18
1787983200000,100000.0,0.0,18
1787986800000,100000.0,0.0,18
1787990400000,100000.0,0.0,18
1787994000000,100000.0,0.0,18
1787997600000,100000.0,0.0,18
1788001200000,100000.0,0.0,18
1788004800000,100000.0,0.0,18
1788008400000,100000.0,0.0,18
1788012000000,100000.0,0.0,18
1788015600000,100000.0,0.0,18
1788019200000,100000.0,0.0,18
1788022800000,100000.0,0.0,18
1788026400000,100000.0,0.0,18
1788030000000,100000.0,0.0,18
1788033600000,100000.0,0.0,18
1788037200000,100000.0,0.0,18
1788040800000,100000.0,0.0,18
1788044400000,100000.0,0.0,18
1788048000000,100000.0,0.0,18
1788051600000,100000.0,0.0,18
1788055200000,100000.0,0.0,18
1788058800000,100000.0,0.0,18
1788062400000,100000.0,0.0,18
1788066000000,100000.0,0.0,18
1788069600000,100000.0,0.0,18
1788073200000,100000.0,0.0,18
1788076800000,100000.0,0.0,18
1788080400000,100000.0,0.0,18
1788084000000,100000.0,0.0,18
1788087600000,100000.0,0.0,18
1788091200000,100000.0,0.0,18
1788094800000,100000.0,0.0,18
1788098400000,100000.0,0.0,18
1788102000000,100000.0,0.0,18
1788105600000,100000.0,0.0,18
1788109200000,100000.0,0.0,18
1788112800000,100000.0,0.0,18
1788116400000,100000.0,0.0,18
1788120000000,100000.0,0.0,18
1788123600000,100000.0,0.0,18
1788127200000,100000.0,0.0,18
1788130800000,100000.0,0.0,18
1788134400000,100000.0,0.0,18
1788138000000,100000.0,0.0,18
1788141600000,100000.0,0.0,18
1788145200000,100000.0,0.0,18
1788148800000,100000.0,0.0,18
1788152400000,100000.0,0.0,18
1788156000000,100000.0,0.0,18
1788159600000,100000.0,0.0,18
1788163200000,100000.0,0.0,18
1788166800000,100000.0,0.0,18
1788170400000,100000.0,0.0,18
1788174000000,100000.0,0.0,18
1788177600000,100000.0,0.0,18
1788181200000,100000.0,0.0,18
1788184800000,100000.0,0.0,18
1788188400000,100000.0,0.0,18
1788192000000,100000.0,0.0,18
1788195600000,100000.0,0.0,18
1788199200000,100000.0,0.0,18
1788202800000,100000.0,0.0,18
1788206400000,100000.0,0.0,18
1788210000000,100000.0,0.0,18
1788213600000,100000.0,0.0,18
1788217200000,100000.0,0.0,18
1788220800000,100000.0,0.0,18
1788224400000,100000.0,0.0,18
1788228000000,100000.0,0.0,18
1788231600000,100000.0,0.0,18
1788235200000,100000.0,0.0,18
1788238800000,100000.0,0.0,18
1788242400000,100000.0,0.0,18
1788246000000,100000.0,0.0,18
1788249600000,100000.0,0.0,18
1788253200000,100000.0,0.0,18
1788256800000,100000.0,0.0,18
1788260400000,100000.0,0.0,18
1788264000000,100000.0,0.0,18
1788267600000,100000.0,0.0,18
1788271200000,100000.0,0.0,18
1788274800000,100000.0,0.0,18
1788278400000,100000.0,0.0,18
1788282000000,100000.0,0.0,18
1788285600000,100000.0,0.0,18
1788289200000,100000.0,0.0,18
1788292800000,100000.0,0.0,18
1788296400000,100000.0,0.0,18
1788300000000,100000.0,0.0,18
1788303600000,100000.0,0.0,18
1788307200000,100000.0,0.0,18
1788310800000,100000.0,0.0,18
1788314400000,100000.0,0.0,18
1788318000000,100000.0,0.0,18
1788321600000,100000.0,0.0,18
1788325200000,100000.0,0.0,18
1788328800000,100000.0,0.0,18
1788332400000,100000.0,0.0,18
1788336000000,100000.0,0.0,18
1788339600000,100000.0,0.0,18
1788343200000,100000.0,0.0,18
1788346800000,100000.0,0.0,18
1788350400000,100000.0,0.0,18
1788354000000,100000.0,0.0,18
1788357600000,100000.0,0.0,18
1788361200000,100000.0,0.0,18
1788364800000,100000.0,0.0,18
1788368400000,100000.0,0.0,18
1788372000000,100000.0,0.0,18
1788375600000,100000.0,0.0,18
1788379200000,100000.0,0.0,18
1788382800000,100000.0,0.0,18
1788386400000,100000.0,0.0,18
1788390000000,100000.0,0.0,18
1788393600000,100000.0,0.0,18
1788397200000,100000.0,0.0,18
1788400800000,100000.0,0.0,18
1788404400000,100000.0,0.0,18
1788408000000,100000.0,0.0,18
1788411600000,100000.0,0.0,18
1788415200000,100000.0,0.0,18
1788418800000,100000.0,0.0,18
1788422400000,100000.0,0.0,18
1788426000000,100000.0,0.0,18
1788429600000,100000.0,0.0,18
1788433200000,100000.0,0.0,18
1788436800000,100000.0,0.0,18
1788440400000,100000.0,0.0,18
1788444000000,100000.0,0.0,18
1788447600000,100000.0,0.0,18
1788451200000,100000.0,0.0,18
1788454800000,100000.0,0.0,18
1788458400000,100000.0,0.0,18
1788462000000,100000.0,0.0,18
1788465600000,100000.0,0.0,18
1788469200000,100000.0,0.0,18
1788472800000,100000.0,0.0,18
1788476400000,100000.0,0.0,18
1788480000000,100000.0,0.0,18
1788483600000,100000.0,0.0,18
1788487200000,100000.0,0.0,18
1788490800000,100000.0,0.0,18
1788494400000,100000.0,0.0,18
1788498000000,100000.0,0.0,18
1788501600000,100000.0,0.0,18
1788505200000,100000.0,0.0,18
1788508800000,100000.0,0.0,18
1788512400000,100000.0,0.0,18
1788516000000,100000.0,0.0,18
1788519600000,100000.0,0.0,18
1788523200000,100000.0,0.0,18
1788526800000,100000.0,0.0,18
1788530400000,100000.0,0.0,18
1788534000000,100000.0,0.0,18
1788537600000,100000.0,0.0,18
1788541200000,100000.0,0.0,18
1788544800000,100000.0,0.0,18
1788548400000,100000.0,0.0,18
1788552000000,100000.0,0.0,18
1788555600000,100000.0,0.0,18
1788559200000,100000.0,0.0,18
1788562800000,100000.0,0.0,18
1788566400000,100000.0,0.0,18
1788570000000,100000.0,0.0,18
1788573600000,100000.0,0.0,18
1788577200000,100000.0,0.0,18
1788580800000,100000.0,0.0,18
1788584400000,100000.0,0.0,18
1788588000000,100000.0,0.0,18
1788591600000,100000.0,0.0,18
1788595200000,100000.0,0.0,18
1788598800000,100000.0,0.0,18
1788602400000,100000.0,0.0,18
1788606000000,100000.0,0.0,18
1788609600000,100000.0,0.0,18
1788613200000,100000.0,0.0,18
1788616800000,100000.0,0.0,18
1788620400000,100000.0,0.0,18
1788624000000,100000.0,0.0,18
1788627600000,100000.0,0.0,18
1788631200000,100000.0,0.0,18
1788634800000,100000.0,0.0,18
1788638400000,100000.0,0.0,18
1788642000000,100000.0,0.0,18
1788645600000,100000.0,0.0,18
1788649200000,100000.0,0.0,18
1788652800000,100000.0,0.0,18
1788656400000,100000.0,0.0,18
1788660000000,100000.0,0.0,18
1788663600000,100000.0,0.0,18
1788667200000,100000.0,0.0,18
1788670800000,100000.0,0.0,18
1788674400000,100000.0,0.0,18
1788678000000,100000.0,0.0,18
1788681600000,100000.0,0.0,18
1788685200000,100000.0,0.0,18
1788688800000,100000.0,0.0,18
1788692400000,100000.0,0.0,18
1788696000000,100000.0,0.0,18
1788699600000,100000.0,0.0,18
1788703200000,100000.0,0.0,18
1788706800000,100000.0,0.0,18
1788710400000,100000.0,0.0,18
1788714000000,100000.0,0.0,18
1788717600000,100000.0,0.0,18
1788721200000,100000.0,0.0,18
1788724800000,100000.0,0.0,18
1788728400000,100000.0,0.0,18
1788732000000,100000.0,0.0,18
1788735600000,100000.0,0.0,18
1788739200000,100000.0,0.0,18
1788742800000,100000.0,0.0,18
1788746400000,100000.0,0.0,18
1788750000000,100000.0,0.0,18
1788753600000,100000.0,0.0,18
1788757200000,100000.0,0.0,18
1788760800000,100000.0,0.0,18
1788764400000,100000.0,0.0,18
1788768000000,100000.0,0.0,18
1788771600000,100000.0,0.0,18
1788775200000,100000.0,0.0,18
1788778800000,100000.0,0.0,18
1788782400000,100000.0,0.0,18
1788786000000,100000.0,0.0,18
1788789600000,100000.0,0.0,18
1788793200000,100000.0,0.0,18
1788796800000,100000.0,0.0,18
1788800400000,100000.0,0.0,18
1788804000000,100000.0,0.0,18
1788807600000,100000.0,0.0,18
1788811200000,100000.0,0.0,18
1788814800000,100000.0,0.0,18
1788818400000,100000.0,0.0,18
1788822000000,100000.0,0.0,18
1788825600000,100000.0,0.0,18
1788829200000,100000.0,0.0,18
1788832800000,100000.0,0.0,18
1788836400000,100000.0,0.0,18
1788840000000,100000.0,0.0,18
1788843600000,100000.0,0.0,18
1788847200000,100000.0,0.0,18
1788850800000,100000.0,0.0,18
1788854400000,100000.0,0.0,18
1788858000000,100000.0,0.0,18
1788861600000,100000.0,0.0,18
1788865200000,100000.0,0.0,18
1788868800000,100000.0,0.0,18
1788872400000,100000.0,0.0,18
1788876000000,100000.0,0.0,18
1788879600000,100000.0,0.0,18
1788883200000,100000.0,0.0,18
1788886800000,100000.0,0.0,18
1788890400000,100000.0,0.0,18
1788894000000,100000.0,0.0,18
1788897600000,100000.0,0.0,18
1788901200000,100000.0,0.0,18
1788904800000,100000.0,0.0,18
1788908400000,100000.0,0.0,18
1788912000000,100000.0,0.0,18
1788915600000,100000.0,0.0,18
1788919200000,100000.0,0.0,18
1788922800000,100000.0,0.0,18
1788926400000,100000.0,0.0,18
1788930000000,100000.0,0.0,18
1788933600000,100000.0,0.0,18
1788937200000,100000.0,0.0,18
1788940800000,100000.0,0.0,18
1788944400000,100000.0,0.0,18
1788948000000,100000.0,0.0,18
1788951600000,100000.0,0.0,18
1788955200000,100000.0,0.0,18
1788958800000,100000.0,0.0,18
1788962400000,100000.0,0.0,18
1788966000000,100000.0,0.0,18
1788969600000,100000.0,0.0,18
1788973200000,100000.0,0.0,18
1788976800000,100000.0,0.0,18
1788980400000,100000.0,0.0,18
1788984000000,100000.0,0.0,18
1788987600000,100000.0,0.0,18
1788991200000,100000.0,0.0,18
1788994800000,100000.0,0.0,18
1788998400000,100000.0,0.0,18
1788998400000,100000.0,0.0,19
1789002000000,100000.0,0.0,19
1789005600000,100000.0,0.0,19
1789009200000,100000.0,0.0,19
1789012800000,100000.0,0.0,19
1789016400000,100000.0,0.0,19
1789020000000,100000.0,0.0,19
1789023600000,100000.0,0.0,19
1789027200000,100000.0,0.0,19
1789030800000,100000.0,0.0,19
1789034400000,100000.0,0.0,19
1789038000000,100000.0,0.0,19
1789041600000,100000.0,0.0,19
1789045200000,100000.0,0.0,19
1789048800000,100000.0,0.0,19
1789052400000,100000.0,0.0,19
1789056000000,100000.0,0.0,19
1789059600000,100000.0,0.0,19
1789063200000,100000.0,0.0,19
1789066800000,100000.0,0.0,19
1789070400000,100000.0,0.0,19
1789074000000,100000.0,0.0,19
1789077600000,100000.0,0.0,19
1789081200000,100000.0,0.0,19
1789084800000,100000.0,0.0,19
1789088400000,100000.0,0.0,19
1789092000000,100000.0,0.0,19
1789095600000,100000.0,0.0,19
1789099200000,100000.0,0.0,19
1789102800000,100000.0,0.0,19
1789106400000,100000.0,0.0,19
1789110000000,100000.0,0.0,19
1789113600000,100000.0,0.0,19
1789117200000,100000.0,0.0,19
1789120800000,100000.0,0.0,19
1789124400000,100000.0,0.0,19
1789128000000,100000.0,0.0,19
1789131600000,100000.0,0.0,19
1789135200000,100000.0,0.0,19
1789138800000,100000.0,0.0,19
1789142400000,100000.0,0.0,19
1789146000000,100000.0,0.0,19
1789149600000,100000.0,0.0,19
1789153200000,100000.0,0.0,19
1789156800000,100000.0,0.0,19
1789160400000,100000.0,0.0,19
1789164000000,100000.0,0.0,19
1789167600000,100000.0,0.0,19
1789171200000,100000.0,0.0,19
1789174800000,100000.0,0.0,19
1789178400000,100000.0,0.0,19
1789182000000,100000.0,0.0,19
1789185600000,100000.0,0.0,19
1789189200000,100000.0,0.0,19
1789192800000,100000.0,0.0,19
1789196400000,100000.0,0.0,19
1789200000000,100000.0,0.0,19
1789203600000,100000.0,0.0,19
1789207200000,100000.0,0.0,19
1789210800000,100000.0,0.0,19
1789214400000,100000.0,0.0,19
1789218000000,100000.0,0.0,19
1789221600000,100000.0,0.0,19
1789225200000,100000.0,0.0,19
1789228800000,100000.0,0.0,19
1789232400000,100000.0,0.0,19
1789236000000,100000.0,0.0,19
1789239600000,100000.0,0.0,19
1789243200000,100000.0,0.0,19
1789246800000,100000.0,0.0,19
1789250400000,100000.0,0.0,19
1789254000000,100000.0,0.0,19
1789257600000,100000.0,0.0,19
1789261200000,100000.0,0.0,19
1789264800000,100000.0,0.0,19
1789268400000,100000.0,0.0,19
1789272000000,100000.0,0.0,19
1789275600000,100000.0,0.0,19
1789279200000,100000.0,0.0,19
1789282800000,100000.0,0.0,19
1789286400000,100000.0,0.0,19
1789290000000,100000.0,0.0,19
1789293600000,100000.0,0.0,19
1789297200000,100000.0,0.0,19
1789300800000,100000.0,0.0,19
1789304400000,100000.0,0.0,19
1789308000000,100000.0,0.0,19
1789311600000,100000.0,0.0,19
1789315200000,100000.0,0.0,19
1789318800000,100000.0,0.0,19
1789322400000,100000.0,0.0,19
1789326000000,100000.0,0.0,19
1789329600000,100000.0,0.0,19
1789333200000,100000.0,0.0,19
1789336800000,100000.0,0.0,19
1789340400000,100000.0,0.0,19
1789344000000,100000.0,0.0,19
1789347600000,100000.0,0.0,19
1789351200000,100000.0,0.0,19
1789354800000,100000.0,0.0,19
1789358400000,100000.0,0.0,19
1789362000000,100000.0,0.0,19
1789365600000,100000.0,0.0,19
1789369200000,100000.0,0.0,19
1789372800000,100000.0,0.0,19
1789376400000,100000.0,0.0,19
1789380000000,100000.0,0.0,19
1789383600000,100000.0,0.0,19
1789387200000,100000.0,0.0,19
1789390800000,100000.0,0.0,19
1789394400000,100000.0,0.0,19
1789398000000,100000.0,0.0,19
1789401600000,100000.0,0.0,19
1789405200000,100000.0,0.0,19
1789408800000,100000.0,0.0,19
1789412400000,100000.0,0.0,19
1789416000000,100000.0,0.0,19
1789419600000,100000.0,0.0,19
1789423200000,100000.0,0.0,19
1789426800000,100000.0,0.0,19
1789430400000,100000.0,0.0,19
1789434000000,100000.0,0.0,19
1789437600000,100000.0,0.0,19
1789441200000,100000.0,0.0,19
1789444800000,100000.0,0.0,19
1789448400000,100000.0,0.0,19
1789452000000,100000.0,0.0,19
1789455600000,100000.0,0.0,19
1789459200000,100000.0,0.0,19
1789462800000,100000.0,0.0,19
1789466400000,100000.0,0.0,19
1789470000000,100000.0,0.0,19
1789473600000,100000.0,0.0,19
1789477200000,100000.0,0.0,19
1789480800000,100000.0,0.0,19
1789484400000,100000.0,0.0,19
1789488000000,100000.0,0.0,19
1789491600000,100000.0,0.0,19
1789495200000,100000.0,0.0,19
1789498800000,100000.0,0.0,19
1789502400000,100000.0,0.0,19
1789506000000,100000.0,0.0,19
1789509600000,100000.0,0.0,19
1789513200000,100000.0,0.0,19
1789516800000,100000.0,0.0,19
1789520400000,100000.0,0.0,19
1789524000000,100000.0,0.0,19
1789527600000,100000.0,0.0,19
1789531200000,100000.0,0.0,19
1789534800000,100000.0,0.0,19
1789538400000,100000.0,0.0,19
1789542000000,100000.0,0.0,19
1789545600000,100000.0,0.0,19
1789549200000,100000.0,0.0,19
1789552800000,100000.0,0.0,19
1789556400000,100000.0,0.0,19
1789560000000,100000.0,0.0,19
1789563600000,100000.0,0.0,19
1789567200000,100000.0,0.0,19
1789570800000,100000.0,0.0,19
1789574400000,100000.0,0.0,19
1789578000000,100000.0,0.0,19
1789581600000,100000.0,0.0,19
1789585200000,100000.0,0.0,19
1789588800000,100000.0,0.0,19
1789592400000,100000.0,0.0,19
1789596000000,100000.0,0.0,19
1789599600000,100000.0,0.0,19
1789603200000,100000.0,0.0,19
1789606800000,100000.0,0.0,19
1789610400000,100000.0,0.0,19
1789614000000,100000.0,0.0,19
1789617600000,100000.0,0.0,19
1789621200000,100000.0,0.0,19
1789624800000,100000.0,0.0,19
1789628400000,100000.0,0.0,19
1789632000000,100000.0,0.0,19
1789635600000,100000.0,0.0,19
1789639200000,100000.0,0.0,19
1789642800000,100000.0,0.0,19
1789646400000,100000.0,0.0,19
1789650000000,100000.0,0.0,19
1789653600000,100000.0,0.0,19
1789657200000,100000.0,0.0,19
1789660800000,100000.0,0.0,19
1789664400000,100000.0,0.0,19
1789668000000,100000.0,0.0,19
1789671600000,100000.0,0.0,19
1789675200000,100000.0,0.0,19
1789678800000,100000.0,0.0,19
1789682400000,100000.0,0.0,19
1789686000000,100000.0,0.0,19
1789689600000,100000.0,0.0,19
1789693200000,100000.0,0.0,19
1789696800000,100000.0,0.0,19
1789700400000,100000.0,0.0,19
1789704000000,100000.0,0.0,19
1789707600000,100000.0,0.0,19
1789711200000,100000.0,0.0,19
1789714800000,100000.0,0.0,19
1789718400000,100000.0,0.0,19
1789722000000,100000.0,0.0,19
1789725600000,100000.0,0.0,19
1789729200000,100000.0,0.0,19
1789732800000,100000.0,0.0,19
1789736400000,100000.0,0.0,19
1789740000000,100000.0,0.0,19
1789743600000,100000.0,0.0,19
1789747200000,100000.0,0.0,19
1789750800000,100000.0,0.0,19
1789754400000,100000.0,0.0,19
1789758000000,100000.0,0.0,19
1789761600000,100000.0,0.0,19
1789765200000,100000.0,0.0,19
1789768800000,100000.0,0.0,19
1789772400000,100000.0,0.0,19
1789776000000,100000.0,0.0,19
1789779600000,100000.0,0.0,19
1789783200000,100000.0,0.0,19
1789786800000,100000.0,0.0,19
1789790400000,100000.0,0.0,19
1789794000000,100000.0,0.0,19
1789797600000,100000.0,0.0,19
1789801200000,100000.0,0.0,19
1789804800000,100000.0,0.0,19
1789808400000,100000.0,0.0,19
1789812000000,100000.0,0.0,19
1789815600000,100000.0,0.0,19
1789819200000,100000.0,0.0,19
1789822800000,100000.0,0.0,19
1789826400000,100000.0,0.0,19
1789830000000,100000.0,0.0,19
1789833600000,100000.0,0.0,19
1789837200000,100000.0,0.0,19
1789840800000,100000.0,0.0,19
1789844400000,100000.0,0.0,19
1789848000000,100000.0,0.0,19
1789851600000,100000.0,0.0,19
1789855200000,100000.0,0.0,19
1789858800000,100000.0,0.0,19
1789862400000,100000.0,0.0,19
1789866000000,100000.0,0.0,19
1789869600000,100000.0,0.0,19
1789873200000,100000.0,0.0,19
1789876800000,100000.0,0.0,19
1789880400000,100000.0,0.0,19
1789884000000,100000.0,0.0,19
1789887600000,100000.0,0.0,19
1789891200000,100000.0,0.0,19
1789894800000,100000.0,0.0,19
1789898400000,100000.0,0.0,19
1789902000000,100000.0,0.0,19
1789905600000,100000.0,0.0,19
1789909200000,100000.0,0.0,19
1789912800000,100000.0,0.0,19
1789916400000,100000.0,0.0,19
1789920000000,100000.0,0.0,19
1789923600000,100000.0,0.0,19
1789927200000,100000.0,0.0,19
1789930800000,100000.0,0.0,19
1789934400000,100000.0,0.0,19
1789938000000,100000.0,0.0,19
1789941600000,100000.0,0.0,19
1789945200000,100000.0,0.0,19
1789948800000,100000.0,0.0,19
1789952400000,100000.0,0.0,19
1789956000000,100000.0,0.0,19
1789959600000,100000.0,0.0,19
1789963200000,100000.0,0.0,19
1789966800000,100000.0,0.0,19
1789970400000,100000.0,0.0,19
1789974000000,100000.0,0.0,19
1789977600000,100000.0,0.0,19
1789981200000,100000.0,0.0,19
1789984800000,100000.0,0.0,19
1789988400000,100000.0,0.0,19
1789992000000,100000.0,0.0,19
1789995600000,100000.0,0.0,19
1789999200000,100000.0,0.0,19
1790002800000,100000.0,0.0,19
1790006400000,100000.0,0.0,19
1790010000000,100000.0,0.0,19
1790013600000,100000.0,0.0,19
1790017200000,100000.0,0.0,19
1790020800000,100000.0,0.0,19
1790024400000,100000.0,0.0,19
1790028000000,100000.0,0.0,19
1790031600000,100000.0,0.0,19
1790035200000,100000.0,0.0,19
1790038800000,100000.0,0.0,19
1790042400000,100000.0,0.0,19
1790046000000,100000.0,0.0,19
1790049600000,100000.0,0.0,19
1790053200000,100000.0,0.0,19
1790056800000,100000.0,0.0,19
1790060400000,100000.0,0.0,19
1790064000000,100000.0,0.0,19
1790067600000,100000.0,0.0,19
1790071200000,100000.0,0.0,19
1790074800000,100000.0,0.0,19
1790078400000,100000.0,0.0,19
1790082000000,100000.0,0.0,19
1790085600000,100000.0,0.0,19
1790089200000,100000.0,0.0,19
1790092800000,100000.0,0.0,19
1790096400000,100000.0,0.0,19
1790100000000,100000.0,0.0,19
1790103600000,100000.0,0.0,19
1790107200000,100000.0,0.0,19
1790110800000,100000.0,0.0,19
1790114400000,100000.0,0.0,19
1790118000000,100000.0,0.0,19
1790121600000,100000.0,0.0,19
1790125200000,100000.0,0.0,19
1790128800000,100000.0,0.0,19
1790132400000,100000.0,0.0,19
1790136000000,100000.0,0.0,19
1790139600000,100000.0,0.0,19
1790143200000,100000.0,0.0,19
1790146800000,100000.0,0.0,19
1790150400000,100000.0,0.0,19
1790154000000,100000.0,0.0,19
1790157600000,100000.0,0.0,19
1790161200000,100000.0,0.0,19
1790164800000,100000.0,0.0,19
1790168400000,100000.0,0.0,19
1790172000000,100000.0,0.0,19
1790175600000,100000.0,0.0,19
1790179200000,100000.0,0.0,19
1790182800000,100000.0,0.0,19
1790186400000,100000.0,0.0,19
1790190000000,100000.0,0.0,19
1790193600000,100000.0,0.0,19
1790197200000,100000.0,0.0,19
1790200800000,100000.0,0.0,19
1790204400000,100000.0,0.0,19
1790208000000,100000.0,0.0,19
