timestamp,equity,gross_weight,episode
1767225600000,100000.0,0.0,1
1767229200000,100000.0,0.0,1
1767232800000,100000.0,0.0,1
1767236400000,100000.0,0.0,1
1767240000000,100000.0,0.0,1
1767243600000,100000.0,0.0,1
1767247200000,100000.0,0.0,1
1767250800000,99992.02220154458,0.010126583360660933,1
1767254400000,99990.37500690523,0.01012675018125567,1
1767258000000,99996.9637854626,0.010126082931852045,1
1767261600000,99996.14018814293,0.010126166333218795,1
1767265200000,99996.14018814293,0.010126166333218795,1
1767268800000,99999.4345774216,0.01012583273599454,1
1767272400000,99995.31659082326,0.010126249735959393,1
1767276000000,99998.61098010195,0.01012591613323995,1
1767279600000,99999.4345774216,0.01012583273599454,1
1767283200000,100006.84695329865,0.010125082222598768,1
1767286800000,100004.37616133963,0.010125332381368818,1
1767290400000,100010.964939897,0.010124665318783022,1
1767294000000,100012.61213453634,0.010124498566869616,1
1767297600000,100013.4775542259,0.0,1
1767301200000,100013.4775542259,0.0,1
1767304800000,100008.93115735917,0.01360241500137658,1
1767308400000,100024.91443964,0.0136002414305229,1
1767312000000,100011.30740660496,0.21362948971768855,1
1767315600000,99991.52791953883,0.25178195926699487,1
1767319200000,99934.82319595608,0.25192482464611665,1
1767322800000,99951.63217671517,0.2518824581590669,1
1767326400000,100047.9426023101,0.23804287429380383,1
1767330000000,99909.25737036424,0.2996689613379379,1
1767333600000,99953.01417854118,0.29953777412597027,1
1767337200000,99993.13980428834,0.2994175744738217,1
1767340800000,99955.46857049232,0.2995304190196175,1
1767344400000,100085.23668847416,0.29914205506065045,1
1767348000000,100230.89789667938,0.0,1
1767351600000,100230.89789667938,0.0,1
1767355200000,100230.89789667938,0.0,1
1767358800000,100230.89789667938,0.0,1
1767362400000,100230.89789667938,0.0,1
1767366000000,100230.89789667938,0.0,1
1767369600000,100230.89789667938,0.0,1
1767373200000,100230.89789667938,0.0,1
1767376800000,100241.81163312336,0.051281022825872394,1
1767380400000,100228.0669027342,0.05128805522562432,1
1767384000000,100256.76876981802,0.05127337229735786,1
1767387600000,100279.89146089804,0.0871763444488895,1
1767391200000,100422.30617274095,0.05118885262027929,1
1767394800000,100447.20619061524,0.011664011811206193,1
1767398400000,100398.76870645914,0.09360381889524105,1
1767402000000,100415.34607537047,0.09358836602774637,1
1767405600000,100429.47189555864,0.09357520243736538,1
1767409200000,100444.3357669515,0.09356135506843244,1
1767412800000,100442.95431954222,0.0935626418694076,1
1767416400000,100411.89837631975,0.09359157943697306,1
1767420000000,100383.8101800662,0.09361776711251746,1
1767423600000,100334.79542052312,0.09366350052259467,1
1767427200000,100290.08125770245,0.011682285872313198,1
1767430800000,100289.50737994973,0.011682352720821463,1
1767434400000,100290.65513545516,0.011682219024569966,1
1767438000000,100291.22901320788,0.011682152177591757,1
1767441600000,100290.3681965788,0.011682252448345955,1
1767445200000,100293.0941159042,0.011681934930195838,1
1767448800000,100296.5373824205,0.011681533879307737,1
1767452400000,100288.35962444429,0.01168248642013315,1
1767456000000,100288.79003275883,0.011682436282532644,1
1767459600000,100298.97636286954,0.0,1
1767463200000,100298.97636286954,0.0,1
1767466800000,100298.97636286954,0.0,1
1767470400000,100298.97636286954,0.0,1
1767474000000,100298.97636286954,0.0,1
1767477600000,100298.97636286954,0.0,1
1767481200000,100298.97636286954,0.0,1
1767484800000,100298.97636286954,0.0,1
1767488400000,100298.97636286954,0.0,1
1767492000000,100218.99041377172,0.10609803606810572,1
1767495600000,100200.85330131893,0.10611724061525066,1
1767499200000,100271.03604081017,0.10604296593985389,1
1767502800000,100245.80179739758,0.10606965946683197,1
1767506400000,100267.09319027695,0.10604713591777483,1
1767510000000,100203.21901163885,0.10611473528005563,1
1767513600000,100206.37329206543,0.10611139501714152,1
1767517200000,100228.43474767594,0.11664516981684765,1
1767520800000,100245.78818736524,0.11662497749798752,1
1767524400000,100269.22748542954,0.20333296355608355,1
1767528000000,100266.95828346568,0.20333756530693067,1
1767531600000,100358.6097408931,0.20315186938848143,1
1767535200000,100310.24268534206,0.20324982406877098,1
1767538800000,100293.22847037947,0.20328430432482172,1
1767542400000,100293.15881730433,0.20328444550470967,1
1767546000000,100316.21318130719,0.20323772729781012,1
1767549600000,100312.81152748603,0.20324461918311507,1
1767553200000,100221.14927574646,0.20343050668872548,1
1767556800000,100120.84502847242,0.09743226913124702,1
1767560400000,100155.66479760144,0.09739839616835748,1
1767564000000,100112.83409895131,0.27990520809181335,1
1767567600000,100056.34900907273,0.28006322375991566,1
1767571200000,100138.11008525552,0.27983455686621916,1
1767574800000,100348.83291387295,0.0972109075432346,1
1767578400000,100423.52913981321,0.0,1
1767582000000,100393.6119486692,0.05746020464386696,1
1767585600000,100385.5810858334,0.05746480146959652,1
1767589200000,100362.57375476578,0.0,1
1767592800000,100362.57375476578,0.0,1
1767596400000,100362.57375476578,0.0,1
1767600000000,100362.57375476578,0.0,1
1767603600000,100362.57375476578,0.0,1
1767607200000,100362.57375476578,0.0,1
1767610800000,100362.57375476578,0.0,1
1767614400000,100362.57375476578,0.0,1
1767618000000,100324.78828098378,0.06339253178389201,1
1767621600000,100290.62655500429,0.0,1
1767625200000,100290.62655500429,0.0,1
1767628800000,100327.36981651379,0.137676888291425,1
1767632400000,100289.53544656343,0.13772882709343498,1
1767636000000,100403.14475178474,0.2149494404117641,1
1767639600000,100570.93493252015,0.13734345908257262,1
1767643200000,100549.36040021323,0.1373729283987704,1
1767646800000,100579.46994197043,0.06062774433747466,1
1767650400000,100542.73551218116,0.14851410621274694,1
1767654000000,100553.83242060582,0.14849771650987098,1
1767657600000,100494.06093529114,0.14858603943163398,1
1767661200000,100460.26627570583,0.14863602351795863,1
1767664800000,100441.84278084071,0.20959548003344008,1
1767668400000,100474.04794857491,0.20952829793290143,1
1767672000000,100498.34023799427,0.20947765110587047,1
1767675600000,100495.20923436161,0.2094841775392355,1
1767679200000,100474.33473934873,0.2095276998619328,1
1767682800000,100515.0047349449,0.20944292156785488,1
1767686400000,100282.26995895637,0.08809242267004257,1
1767690000000,100284.71750820955,0.08809027268599043,1
1767693600000,100292.49527583634,0.08808344121102066,1
1767697200000,100308.64910090735,0.08806925614808013,1
1767700800000,100333.50532332301,0.08804743822183761,1
1767704400000,100335.10982783344,0.08804603021508901,1
1767708000000,100334.10361314047,0.0880469131971068,1
1767711600000,100442.3124851229,0.08795205818109943,1
1767715200000,100426.62097491082,0.08796580055942226,1
1767718800000,100371.27916679716,0.08801430234694092,1
1767722400000,100224.23042424902,0.0,1
1767726000000,100224.23042424902,0.0,1
1767729600000,100224.23042424902,0.0,1
1767733200000,100224.23042424902,0.0,1
1767736800000,100224.23042424902,0.0,1
1767740400000,100224.23042424902,0.0,1
1767744000000,100224.23042424902,0.0,1
1767747600000,100224.23042424902,0.0,1
1767751200000,100224.23042424902,0.0,1
1767754800000,100224.23042424902,0.0,1
1767758400000,100224.23042424902,0.0,1
1767762000000,100224.23042424902,0.0,1
1767765600000,100224.23042424902,0.0,1
1767769200000,100224.23042424902,0.0,1
1767772800000,100224.23042424902,0.0,1
1767776400000,100224.23042424902,0.0,1
1767780000000,100224.23042424902,0.0,1
1767783600000,100224.23042424902,0.0,1
1767787200000,100203.67861788007,0.1149471305256102,1
1767790800000,100192.51162369696,0.11495994200140956,1
1767794400000,100198.36195383364,0.11495322977977154,1
1767798000000,100187.6598865488,0.1149655091083945,1
1767801600000,100079.83251540143,0.0,1
1767805200000,100079.83251540143,0.0,1
1767808800000,100068.35954755795,0.02555851810141336,1
1767812400000,100063.32994722525,0.045369051108526376,1
1767816000000,100070.86388718526,0.04536563545192247,1
1767819600000,100057.62393914314,0.045371638379362034,1
1767823200000,100054.80797051017,0.045372915330596,1
1767826800000,100056.21595482665,0.04537227684599444,1
1767830400000,100078.47189796141,0.04536218673576165,1
1767834000000,100097.41785408564,0.045353600800000074,1
1767837600000,100106.35977836214,0.045349549624181494,1
1767841200000,100080.79384821685,0.045361134298655306,1
1767844800000,100048.18799648911,0.04537591755908973,1
1767848400000,100070.44393962386,0.04536582582969267,1
1767852000000,100055.30198888772,0.045372691303947034,1
1767855600000,99982.57799590379,0.0,1
1767859200000,99982.57799590379,0.0,1
1767862800000,99982.57799590379,0.0,1
1767866400000,99982.57799590379,0.0,1
1767870000000,99982.57799590379,0.0,1
1767873600000,99982.57799590379,0.0,1
1767877200000,99982.57799590379,0.0,1
1767880800000,99982.57799590379,0.0,1
1767884400000,99982.57799590379,0.0,1
1767888000000,99982.57799590379,0.0,1
1767891600000,99982.57799590379,0.0,1
1767895200000,99982.57799590379,0.0,1
1767898800000,99982.57799590379,0.0,1
1767902400000,99982.57799590379,0.0,1
1767906000000,99982.57799590379,0.0,1
1767909600000,99982.57799590379,0.0,1
1767913200000,99982.57799590379,0.0,1
1767916800000,99982.57799590379,0.0,1
1767920400000,99982.57799590379,0.0,1
1767924000000,99982.57799590379,0.0,1
1767927600000,99982.57799590379,0.0,1
1767931200000,99982.57799590379,0.0,1
1767934800000,99982.57799590379,0.0,1
1767938400000,99982.57799590379,0.0,1
1767942000000,99982.57799590379,0.0,1
1767945600000,99982.57799590379,0.0,1
1767949200000,99982.57799590379,0.0,1
1767952800000,99982.57799590379,0.0,1
1767956400000,99982.57799590379,0.0,1
1767960000000,99982.57799590379,0.0,1
1767963600000,99982.57799590379,0.0,1
1767967200000,99982.57799590379,0.0,1
1767970800000,99982.57799590379,0.0,1
1767974400000,99982.57799590379,0.0,1
1767978000000,99982.57799590379,0.0,1
1767981600000,99982.57799590379,0.0,1
1767985200000,99982.57799590379,0.0,1
1767988800000,99982.57799590379,0.0,1
1767992400000,99982.57799590379,0.0,1
1767996000000,99982.57799590379,0.0,1
1767999600000,99982.57799590379,0.0,1
1768003200000,99982.57799590379,0.0,1
1768006800000,99982.57799590379,0.0,1
1768010400000,99982.57799590379,0.0,1
1768014000000,99982.57799590379,0.0,1
1768017600000,99982.57799590379,0.0,1
1768021200000,99982.57799590379,0.0,1
1768024800000,99982.57799590379,0.0,1
1768028400000,99982.57799590379,0.0,1
1768032000000,99982.57799590379,0.0,1
1768035600000,99982.57799590379,0.0,1
1768039200000,99982.57799590379,0.0,1
1768042800000,99982.57799590379,0.0,1
1768046400000,99982.57799590379,0.0,1
1768050000000,99982.57799590379,0.0,1
1768053600000,99982.57799590379,0.0,1
1768057200000,99982.57799590379,0.0,1
1768060800000,99982.57799590379,0.0,1
1768064400000,99982.57799590379,0.0,1
1768068000000,99982.57799590379,0.0,1
1768071600000,99982.57799590379,0.0,1
1768075200000,99982.57799590379,0.0,1
1768078800000,99982.57799590379,0.0,1
1768082400000,99982.57799590379,0.0,1
1768086000000,99982.57799590379,0.0,1
1768089600000,99982.57799590379,0.0,1
1768093200000,99982.57799590379,0.0,1
1768096800000,99982.57799590379,0.0,1
1768100400000,99982.57799590379,0.0,1
1768104000000,99982.57799590379,0.0,1
1768107600000,99982.57799590379,0.0,1
1768111200000,99982.57799590379,0.0,1
1768114800000,99982.57799590379,0.0,1
1768118400000,99982.57799590379,0.0,1
1768122000000,99982.57799590379,0.0,1
1768125600000,99946.65319973388,0.052877994713149364,1
1768129200000,99943.3164906654,0.052879760098676655,1
1768132800000,99939.28942799654,0.05288189089337262,1
1768136400000,99947.11343546746,0.05287775122094783,1
1768140000000,99949.75979093557,0.05287635118430564,1
1768143600000,99930.5639428935,0.0,1
1768147200000,99930.5639428935,0.0,1
1768150800000,99930.5639428935,0.0,1
1768154400000,99930.5639428935,0.0,1
1768158000000,99930.5639428935,0.0,1
1768161600000,99930.5639428935,0.0,1
1768165200000,99930.5639428935,0.0,1
1768168800000,99930.5639428935,0.0,1
1768172400000,99885.85202600672,0.049400297573321594,1
1768176000000,99866.65828896346,0.0,1
1768179600000,99866.65828896346,0.0,1
1768183200000,99866.65828896346,0.0,1
1768186800000,99866.65828896346,0.0,1
1768190400000,99847.5696017779,0.08860665680570151,1
1768194000000,99860.5887735121,0.08859510484815834,1
1768197600000,99863.0686157472,0.0885929048167967,1
1768201200000,99814.09173160422,0.08863637567707132,1
1768204800000,99777.51405863668,0.08866886909398125,1
1768208400000,99721.47113091087,0.0,1
1768212000000,99721.47113091087,0.0,1
1768215600000,99721.47113091087,0.0,1
1768219200000,99721.47113091087,0.0,1
1768222800000,99721.47113091087,0.0,1
1768226400000,99721.47113091087,0.0,1
1768230000000,99721.47113091087,0.0,1
1768233600000,99721.47113091087,0.0,1
1768237200000,99721.47113091087,0.0,1
1768240800000,99721.47113091087,0.0,1
1768244400000,99721.47113091087,0.0,1
1768248000000,99721.47113091087,0.0,1
1768251600000,99721.47113091087,0.0,1
1768255200000,99721.47113091087,0.0,1
1768258800000,99721.47113091087,0.0,1
1768262400000,99691.79503729282,0.03877765413293413,1
1768266000000,99702.6892828335,0.038773417002635494,1
1768269600000,99684.60483523598,0.03878045114626399,1
1768273200000,99681.7723313954,0.03878155311078811,1
1768276800000,99697.02427515235,0.038775620194824445,1
1768280400000,99734.71836472308,0.03876096520080882,1
1768284000000,99757.16051053688,0.0387522452329542,1
1768287600000,99763.47917295046,0.03874979080416498,1
1768291200000,99760.8645540207,0.03875080639216147,1
1768294800000,99776.55226759927,0.03874471366257919,1
1768298400000,99775.46284304521,0.03874513670689491,1
1768302000000,99761.73609366396,0.038750467856914377,1
1768305600000,99763.47917295046,0.03874979080416498,1
1768309200000,99761.95397857478,0.038750383224026824,1
1768312800000,99780.0384261723,0.038743359982847,1
1768316400000,99835.27719942016,0.0,1
1768320000000,99835.27719942016,0.0,1
1768323600000,99834.2678099964,0.012737272210881816,1
1768327200000,99833.33329238296,0.012737391441652098,1
1768330800000,99836.13684522327,0.012737033756037621,1
1768334400000,99858.2681454241,0.11615637485178765,1
1768338000000,99814.0725536327,0.23254009200086703,1
1768341600000,99790.40949555644,0.23259523366958942,1
1768345200000,100154.7542518666,0.0,1
1768348800000,100091.4010937948,0.11295218679238507,1
1768352400000,100139.93375114392,0.11289744469726794,1
1768356000000,100136.71413996842,0.11290107459343295,1
1768359600000,100145.06128005304,0.11289166423336836,1
1768363200000,100167.71780313985,0.11286612973330079,1
1768366800000,100098.3172955792,0.112944382464231,1
1768370400000,100053.00424940558,0.11299553389197718,1
1768374000000,100010.35495967392,0.0,1
1768377600000,100010.35495967392,0.0,1
1768381200000,100010.35495967392,0.0,1
1768384800000,100010.35495967392,0.0,1
1768388400000,100010.35495967392,0.0,1
1768392000000,100010.35495967392,0.0,1
1768395600000,100010.35495967392,0.0,1
1768399200000,100010.35495967392,0.0,1
1768402800000,100010.35495967392,0.0,1
1768406400000,100010.35495967392,0.0,1
1768410000000,99971.39227863916,0.07893007973615081,1
1768413600000,99776.42216731267,0.11351717965080091,1
1768417200000,99724.30594502247,0.026989144970573142,1
1768420800000,99737.51006290557,0.026985571913139376,1
1768424400000,99741.28266801502,0.026984551213347297,1
1768428000000,99737.51006290557,0.026985571913139376,1
1768431600000,99711.10182713937,0.026992718974322226,1
1768435200000,99714.87443224883,0.0,1
1768435200000,100000.0,0.0,2
1768438800000,100000.0,0.0,2
1768442400000,100000.0,0.0,2
1768446000000,100000.0,0.0,2
1768449600000,100000.0,0.0,2
1768453200000,100000.0,0.0,2
1768456800000,100000.0,0.0,2
1768460400000,100000.0,0.0,2
1768464000000,100000.0,0.0,2
1768467600000,100000.0,0.0,2
1768471200000,100000.0,0.0,2
1768474800000,100000.0,0.0,2
1768478400000,100000.0,0.0,2
1768482000000,100000.0,0.0,2
1768485600000,99945.0171301676,0.12540579022846707,2
1768489200000,99856.44165099143,0.0,2
1768492800000,99856.44165099143,0.0,2
1768496400000,99856.44165099143,0.0,2
1768500000000,99856.44165099143,0.0,2
1768503600000,99856.44165099143,0.0,2
1768507200000,99856.44165099143,0.0,2
1768510800000,99856.44165099143,0.0,2
1768514400000,99856.44165099143,0.0,2
1768518000000,99856.44165099143,0.0,2
1768521600000,99856.44165099143,0.0,2
1768525200000,99856.44165099143,0.0,2
1768528800000,99856.44165099143,0.0,2
1768532400000,99856.44165099143,0.0,2
1768536000000,99856.44165099143,0.0,2
1768539600000,99856.44165099143,0.0,2
1768543200000,99856.44165099143,0.0,2
1768546800000,99856.44165099143,0.0,2
1768550400000,99856.44165099143,0.0,2
1768554000000,99856.44165099143,0.0,2
1768557600000,99856.44165099143,0.0,2
1768561200000,99856.44165099143,0.0,2
1768564800000,99856.44165099143,0.0,2
1768568400000,99856.44165099143,0.0,2
1768572000000,99856.44165099143,0.0,2
1768575600000,99856.44165099143,0.0,2
1768579200000,99856.44165099143,0.0,2
1768582800000,99856.44165099143,0.0,2
1768586400000,99856.44165099143,0.0,2
1768590000000,99856.44165099143,0.0,2
1768593600000,99856.44165099143,0.0,2
1768597200000,99856.44165099143,0.0,2
1768600800000,99856.44165099143,0.0,2
1768604400000,99856.44165099143,0.0,2
1768608000000,99856.44165099143,0.0,2
1768611600000,99856.44165099143,0.0,2
1768615200000,99856.44165099143,0.0,2
1768618800000,99856.44165099143,0.0,2
1768622400000,99856.44165099143,0.0,2
1768626000000,99856.44165099143,0.0,2
1768629600000,99856.44165099143,0.0,2
1768633200000,99856.44165099143,0.0,2
1768636800000,99856.44165099143,0.0,2
1768640400000,99856.44165099143,0.0,2
1768644000000,99856.44165099143,0.0,2
1768647600000,99856.44165099143,0.0,2
1768651200000,99856.44165099143,0.0,2
1768654800000,99856.44165099143,0.0,2
1768658400000,99856.44165099143,0.0,2
1768662000000,99856.44165099143,0.0,2
1768665600000,99856.44165099143,0.0,2
1768669200000,99856.44165099143,0.0,2
1768672800000,99856.44165099143,0.0,2
1768676400000,99856.44165099143,0.0,2
1768680000000,99856.44165099143,0.0,2
1768683600000,99856.44165099143,0.0,2
1768687200000,99856.44165099143,0.0,2
1768690800000,99856.44165099143,0.0,2
1768694400000,99856.44165099143,0.0,2
1768698000000,99856.44165099143,0.0,2
1768701600000,99856.44165099143,0.0,2
1768705200000,99856.44165099143,0.0,2
1768708800000,99856.44165099143,0.0,2
1768712400000,99856.44165099143,0.0,2
1768716000000,99856.44165099143,0.0,2
1768719600000,99856.44165099143,0.0,2
1768723200000,99856.44165099143,0.0,2
1768726800000,99856.44165099143,0.0,2
1768730400000,99856.44165099143,0.0,2
1768734000000,99856.44165099143,0.0,2
1768737600000,99856.44165099143,0.0,2
1768741200000,99856.44165099143,0.0,2
1768744800000,99856.44165099143,0.0,2
1768748400000,99856.44165099143,0.0,2
1768752000000,99856.44165099143,0.0,2
1768755600000,99856.44165099143,0.0,2
1768759200000,99856.44165099143,0.0,2
1768762800000,99856.44165099143,0.0,2
1768766400000,99856.44165099143,0.0,2
1768770000000,99856.44165099143,0.0,2
1768773600000,99856.44165099143,0.0,2
1768777200000,99856.44165099143,0.0,2
1768780800000,99856.44165099143,0.0,2
1768784400000,99856.44165099143,0.0,2
1768788000000,99856.44165099143,0.0,2
1768791600000,99856.44165099143,0.0,2
1768795200000,99856.44165099143,0.0,2
1768798800000,99856.44165099143,0.0,2
1768802400000,99856.44165099143,0.0,2
1768806000000,99856.44165099143,0.0,2
1768809600000,99856.44165099143,0.0,2
1768813200000,99856.44165099143,0.0,2
1768816800000,99856.44165099143,0.0,2
1768820400000,99856.44165099143,0.0,2
1768824000000,99856.44165099143,0.0,2
1768827600000,99856.44165099143,0.0,2
1768831200000,99856.44165099143,0.0,2
1768834800000,99856.44165099143,0.0,2
1768838400000,99856.44165099143,0.0,2
1768842000000,99856.44165099143,0.0,2
1768845600000,99856.44165099143,0.0,2
1768849200000,99856.44165099143,0.0,2
1768852800000,99856.44165099143,0.0,2
1768856400000,99856.44165099143,0.0,2
1768860000000,99856.44165099143,0.0,2
1768863600000,99856.44165099143,0.0,2
1768867200000,99856.44165099143,0.0,2
1768870800000,99856.44165099143,0.0,2
1768874400000,99856.44165099143,0.0,2
1768878000000,99856.44165099143,0.0,2
1768881600000,99856.44165099143,0.0,2
1768885200000,99856.44165099143,0.0,2
1768888800000,99856.44165099143,0.0,2
1768892400000,99856.44165099143,0.0,2
1768896000000,99856.44165099143,0.0,2
1768899600000,99856.44165099143,0.0,2
1768903200000,99856.44165099143,0.0,2
1768906800000,99856.44165099143,0.0,2
1768910400000,99856.44165099143,0.0,2
1768914000000,99856.44165099143,0.0,2
1768917600000,99856.44165099143,0.0,2
1768921200000,99856.44165099143,0.0,2
1768924800000,99856.44165099143,0.0,2
1768928400000,99856.44165099143,0.0,2
1768932000000,99856.44165099143,0.0,2
1768935600000,99856.44165099143,0.0,2
1768939200000,99856.44165099143,0.0,2
1768942800000,99856.44165099143,0.0,2
1768946400000,99856.44165099143,0.0,2
1768950000000,99856.44165099143,0.0,2
1768953600000,99856.44165099143,0.0,2
1768957200000,99856.44165099143,0.0,2
1768960800000,99856.44165099143,0.0,2
1768964400000,99856.44165099143,0.0,2
1768968000000,99856.44165099143,0.0,2
1768971600000,99856.44165099143,0.0,2
1768975200000,99856.44165099143,0.0,2
1768978800000,99856.44165099143,0.0,2
1768982400000,99856.44165099143,0.0,2
1768986000000,99856.44165099143,0.0,2
1768989600000,99856.44165099143,0.0,2
1768993200000,99856.44165099143,0.0,2
1768996800000,99856.44165099143,0.0,2
1769000400000,99856.44165099143,0.0,2
1769004000000,99856.44165099143,0.0,2
1769007600000,99856.44165099143,0.0,2
1769011200000,99856.44165099143,0.0,2
1769014800000,99856.44165099143,0.0,2
1769018400000,99856.44165099143,0.0,2
1769022000000,99856.44165099143,0.0,2
1769025600000,99856.44165099143,0.0,2
1769029200000,99856.44165099143,0.0,2
1769032800000,99856.44165099143,0.0,2
1769036400000,99856.44165099143,0.0,2
1769040000000,99856.44165099143,0.0,2
1769043600000,99856.44165099143,0.0,2
1769047200000,99856.44165099143,0.0,2
1769050800000,99856.44165099143,0.0,2
1769054400000,99856.44165099143,0.0,2
1769058000000,99856.44165099143,0.0,2
1769061600000,99856.44165099143,0.0,2
1769065200000,99856.44165099143,0.0,2
1769068800000,99856.44165099143,0.0,2
1769072400000,99856.44165099143,0.0,2
1769076000000,99856.44165099143,0.0,2
1769079600000,99856.44165099143,0.0,2
1769083200000,99856.44165099143,0.0,2
1769086800000,99856.44165099143,0.0,2
1769090400000,99856.44165099143,0.0,2
1769094000000,99856.44165099143,0.0,2
1769097600000,99856.44165099143,0.0,2
1769101200000,99856.44165099143,0.0,2
1769104800000,99856.44165099143,0.0,2
1769108400000,99856.44165099143,0.0,2
1769112000000,99856.44165099143,0.0,2
1769115600000,99856.44165099143,0.0,2
1769119200000,99856.44165099143,0.0,2
1769122800000,99856.44165099143,0.0,2
1769126400000,99856.44165099143,0.0,2
1769130000000,99856.44165099143,0.0,2
1769133600000,99856.44165099143,0.0,2
1769137200000,99856.44165099143,0.0,2
1769140800000,99856.44165099143,0.0,2
1769144400000,99856.44165099143,0.0,2
1769148000000,99856.44165099143,0.0,2
1769151600000,99856.44165099143,0.0,2
1769155200000,99856.44165099143,0.0,2
1769158800000,99856.44165099143,0.0,2
1769162400000,99856.44165099143,0.0,2
1769166000000,99856.44165099143,0.0,2
1769169600000,99856.44165099143,0.0,2
1769173200000,99856.44165099143,0.0,2
1769176800000,99856.44165099143,0.0,2
1769180400000,99856.44165099143,0.0,2
1769184000000,99856.44165099143,0.0,2
1769187600000,99856.44165099143,0.0,2
1769191200000,99856.44165099143,0.0,2
1769194800000,99856.44165099143,0.0,2
1769198400000,99856.44165099143,0.0,2
1769202000000,99856.44165099143,0.0,2
1769205600000,99856.44165099143,0.0,2
1769209200000,99863.81575935803,0.013594910631629641,2
1769212800000,99864.21733802036,0.013594855963139049,2
1769216400000,99860.8039193905,0.013595320659324074,2
1769220000000,99864.81970601386,0.01359477396122754,2
1769223600000,99867.42996731905,0.013594418631041957,2
1769227200000,99875.2607512346,0.013593352751924782,2
1769230800000,99875.66232989694,0.013593298095962684,2
1769234400000,99876.46548722162,0.013593188785357037,2
1769238000000,99878.87495919563,0.013592860864088108,2
1769241600000,99873.25285792293,0.013593626038328227,2
1769245200000,99875.86311922812,0.013593270768146454,2
1769248800000,99873.65443658526,0.01359357138016846,2
1769252400000,99871.24496461124,0.01359389933572042,2
1769256000000,99873.05206859176,0.013593653367572942,2
1769259600000,99875.46154056577,0.013593325423888794,2
1769263200000,99876.46548722162,0.013593188785357037,2
1769266800000,99880.68206317615,0.013592614933519086,2
1769270400000,99869.23707129956,0.013594172644102022,2
1769274000000,99859.19760474116,0.01359553935087439,2
1769277600000,99864.6189166827,0.013594801295088126,2
1769281200000,99864.41812735153,0.01359482862905863,2
1769284800000,99859.5991834035,0.01359548467732722,2
1769288400000,99864.0165486892,0.013594883297329385,2
1769292000000,99863.41418069569,0.0,2
1769295600000,99863.41418069569,0.0,2
1769299200000,99863.41418069569,0.0,2
1769302800000,99863.41418069569,0.0,2
1769306400000,99863.41418069569,0.0,2
1769310000000,99863.41418069569,0.0,2
1769313600000,99863.41418069569,0.0,2
1769317200000,99863.41418069569,0.0,2
1769320800000,99863.41418069569,0.0,2
1769324400000,99863.41418069569,0.0,2
1769328000000,99863.41418069569,0.0,2
1769331600000,99863.41418069569,0.0,2
1769335200000,99863.41418069569,0.0,2
1769338800000,99863.41418069569,0.0,2
1769342400000,99863.41418069569,0.0,2
1769346000000,99863.41418069569,0.0,2
1769349600000,99863.41418069569,0.0,2
1769353200000,99863.41418069569,0.0,2
1769356800000,99863.41418069569,0.0,2
1769360400000,99863.41418069569,0.0,2
1769364000000,99863.41418069569,0.0,2
1769367600000,99863.41418069569,0.0,2
1769371200000,99863.41418069569,0.0,2
1769374800000,99863.41418069569,0.0,2
1769378400000,99863.41418069569,0.0,2
1769382000000,99863.41418069569,0.0,2
1769385600000,99863.41418069569,0.0,2
1769389200000,99863.41418069569,0.0,2
1769392800000,99863.41418069569,0.0,2
1769396400000,99863.41418069569,0.0,2
1769400000000,99863.41418069569,0.0,2
1769403600000,99863.41418069569,0.0,2
1769407200000,99863.41418069569,0.0,2
1769410800000,99863.41418069569,0.0,2
1769414400000,99863.41418069569,0.0,2
1769418000000,99863.41418069569,0.0,2
1769421600000,99863.41418069569,0.0,2
1769425200000,99863.41418069569,0.0,2
1769428800000,99863.41418069569,0.0,2
1769432400000,99863.41418069569,0.0,2
1769436000000,99863.41418069569,0.0,2
1769439600000,99863.41418069569,0.0,2
1769443200000,99863.41418069569,0.0,2
1769446800000,99863.41418069569,0.0,2
1769450400000,99863.41418069569,0.0,2
1769454000000,99863.41418069569,0.0,2
1769457600000,99863.41418069569,0.0,2
1769461200000,99863.41418069569,0.0,2
1769464800000,99863.41418069569,0.0,2
1769468400000,99863.41418069569,0.0,2
1769472000000,99863.41418069569,0.0,2
1769475600000,99863.41418069569,0.0,2
1769479200000,99863.41418069569,0.0,2
1769482800000,99863.41418069569,0.0,2
1769486400000,99863.41418069569,0.0,2
1769490000000,99863.41418069569,0.0,2
1769493600000,99863.41418069569,0.0,2
1769497200000,99863.41418069569,0.0,2
1769500800000,99863.41418069569,0.0,2
1769504400000,99863.41418069569,0.0,2
1769508000000,99863.41418069569,0.0,2
1769511600000,99863.41418069569,0.0,2
1769515200000,99863.41418069569,0.0,2
1769518800000,99863.41418069569,0.0,2
1769522400000,99863.41418069569,0.0,2
1769526000000,99863.41418069569,0.0,2
1769529600000,99863.41418069569,0.0,2
1769533200000,99863.41418069569,0.0,2
1769536800000,99863.41418069569,0.0,2
1769540400000,99863.41418069569,0.0,2
1769544000000,99863.41418069569,0.0,2
1769547600000,99863.41418069569,0.0,2
1769551200000,99747.82566624324,0.21704650875394405,2
1769554800000,99816.73469574947,0.21689666950783426,2
1769558400000,99800.91132538293,0.21693105833542425,2
1769562000000,99810.33444546795,0.21691057781680642,2
1769565600000,99760.72213853599,0.2170184502733479,2
1769569200000,99744.10804425934,0.21705459842348238,2
1769572800000,99722.5312278845,0.21710156220544652,2
1769576400000,99714.94238581846,0.21711808479903627,2
1769580000000,99735.59236024505,0.21707313110905913,2
1769583600000,99819.22085000288,0.21689126735609582,2
1769587200000,99774.79002719192,0.2169878514477939,2
1769590800000,99706.13053171875,0.21713727331708882,2
1769594400000,99872.18151650723,0.2167762532860742,2
1769598000000,99855.11776558112,0.21681329711593028,2
1769601600000,99957.83937697328,0.2165904890661584,2
1769605200000,99861.94902827457,0.2167984655549359,2
1769608800000,99882.24651713583,0.21675440903244883,2
1769612400000,99771.05216774473,0.2169959807605839,2
1769616000000,99714.57717055423,0.21711888001715743,2
1769619600000,99675.05841678167,0.21720496241023607,2
1769623200000,99702.05941699322,0.13601688964004707,2
1769626800000,99690.43383981504,0.13603275149145186,2
1769630400000,99703.08013965716,0.13601549715024897,2
1769634000000,99683.78712930926,0.0,2
1769637600000,99683.78712930926,0.0,2
1769641200000,99693.90227191753,0.02566548071990006,2
1769644800000,99677.02240915262,0.0,2
1769644800000,100000.0,0.0,3
1769648400000,100000.0,0.0,3
1769652000000,100000.0,0.0,3
1769655600000,100000.0,0.0,3
1769659200000,100000.0,0.0,3
1769662800000,99989.78118078632,0.07020352610699451,3
1769666400000,99985.920073838,0.08080285521996677,3
1769670000000,100016.16252259977,0.08077842240683777,3
1769673600000,100009.93209481766,0.09097448383562058,3
1769677200000,99979.30271838952,0.09100235452120244,3
1769680800000,99956.9594363246,0.09102269618912737,3
1769684400000,99951.86367650525,0.09102733672088764,3
1769688000000,99936.45272985996,0.09104137381537268,3
1769691600000,99940.82022218053,0.08043599524885517,3
1769695200000,99953.52448312471,0.08042577169867791,3
1769698800000,99852.34473149481,0.0,3
1769702400000,99852.34473149481,0.0,3
1769706000000,99852.34473149481,0.0,3
1769709600000,99852.34473149481,0.0,3
1769713200000,99852.34473149481,0.0,3
1769716800000,99852.34473149481,0.0,3
1769720400000,99852.34473149481,0.0,3
1769724000000,99852.34473149481,0.0,3
1769727600000,99852.34473149481,0.0,3
1769731200000,99852.34473149481,0.0,3
1769734800000,99852.34473149481,0.0,3
1769738400000,99852.34473149481,0.0,3
1769742000000,99852.34473149481,0.0,3
1769745600000,99852.34473149481,0.0,3
1769749200000,99852.34473149481,0.0,3
1769752800000,99852.34473149481,0.0,3
1769756400000,99852.34473149481,0.0,3
1769760000000,99852.34473149481,0.0,3
1769763600000,99852.34473149481,0.0,3
1769767200000,99852.34473149481,0.0,3
1769770800000,99852.34473149481,0.0,3
1769774400000,99852.34473149481,0.0,3
1769778000000,99852.34473149481,0.0,3
1769781600000,99852.34473149481,0.0,3
1769785200000,99852.34473149481,0.0,3
1769788800000,99852.34473149481,0.0,3
1769792400000,99852.34473149481,0.0,3
1769796000000,99852.34473149481,0.0,3
1769799600000,99852.34473149481,0.0,3
1769803200000,99852.34473149481,0.0,3
1769806800000,99852.34473149481,0.0,3
1769810400000,99852.34473149481,0.0,3
1769814000000,99852.34473149481,0.0,3
1769817600000,99852.34473149481,0.0,3
1769821200000,99852.34473149481,0.0,3
1769824800000,99852.34473149481,0.0,3
1769828400000,99852.34473149481,0.0,3
1769832000000,99852.34473149481,0.0,3
1769835600000,99852.34473149481,0.0,3
1769839200000,99852.34473149481,0.0,3
1769842800000,99852.34473149481,0.0,3
1769846400000,99852.34473149481,0.0,3
1769850000000,99852.34473149481,0.0,3
1769853600000,99852.34473149481,0.0,3
1769857200000,99852.34473149481,0.0,3
1769860800000,99852.34473149481,0.0,3
1769864400000,99852.34473149481,0.0,3
1769868000000,99852.34473149481,0.0,3
1769871600000,99852.34473149481,0.0,3
1769875200000,99852.34473149481,0.0,3
1769878800000,99852.34473149481,0.0,3
1769882400000,99852.34473149481,0.0,3
1769886000000,99852.34473149481,0.0,3
1769889600000,99852.34473149481,0.0,3
1769893200000,99852.34473149481,0.0,3
1769896800000,99852.34473149481,0.0,3
1769900400000,99852.34473149481,0.0,3
1769904000000,99852.34473149481,0.0,3
1769907600000,99852.34473149481,0.0,3
1769911200000,99852.34473149481,0.0,3
1769914800000,99852.34473149481,0.0,3
1769918400000,99852.34473149481,0.0,3
1769922000000,99852.34473149481,0.0,3
1769925600000,99852.34473149481,0.0,3
1769929200000,99852.34473149481,0.0,3
1769932800000,99852.34473149481,0.0,3
1769936400000,99852.34473149481,0.0,3
1769940000000,99852.34473149481,0.0,3
1769943600000,99852.34473149481,0.0,3
1769947200000,99852.34473149481,0.0,3
1769950800000,99852.34473149481,0.0,3
1769954400000,99852.34473149481,0.0,3
1769958000000,99852.34473149481,0.0,3
1769961600000,99852.34473149481,0.0,3
1769965200000,99852.34473149481,0.0,3
1769968800000,99852.34473149481,0.0,3
1769972400000,99852.34473149481,0.0,3
1769976000000,99852.34473149481,0.0,3
1769979600000,99852.34473149481,0.0,3
1769983200000,99852.34473149481,0.0,3
1769986800000,99852.34473149481,0.0,3
1769990400000,99852.34473149481,0.0,3
1769994000000,99852.34473149481,0.0,3
1769997600000,99852.34473149481,0.0,3
1770001200000,99852.34473149481,0.0,3
1770004800000,99852.34473149481,0.0,3
1770008400000,99852.34473149481,0.0,3
1770012000000,99852.34473149481,0.0,3
1770015600000,99852.34473149481,0.0,3
1770019200000,99852.34473149481,0.0,3
1770022800000,99852.34473149481,0.0,3
1770026400000,99852.34473149481,0.0,3
1770030000000,99852.34473149481,0.0,3
1770033600000,99852.34473149481,0.0,3
1770037200000,99852.34473149481,0.0,3
1770040800000,99852.34473149481,0.0,3
1770044400000,99852.34473149481,0.0,3
1770048000000,99852.34473149481,0.0,3
1770051600000,99852.34473149481,0.0,3
1770055200000,99852.34473149481,0.0,3
1770058800000,99852.34473149481,0.0,3
1770062400000,99852.34473149481,0.0,3
1770066000000,99852.34473149481,0.0,3
1770069600000,99852.34473149481,0.0,3
1770073200000,99852.34473149481,0.0,3
1770076800000,99852.34473149481,0.0,3
1770080400000,99852.34473149481,0.0,3
1770084000000,99852.34473149481,0.0,3
1770087600000,99852.34473149481,0.0,3
1770091200000,99852.34473149481,0.0,3
1770094800000,99852.34473149481,0.0,3
1770098400000,99852.34473149481,0.0,3
1770102000000,99852.34473149481,0.0,3
1770105600000,99852.34473149481,0.0,3
1770109200000,99852.34473149481,0.0,3
1770112800000,99852.34473149481,0.0,3
1770116400000,99852.34473149481,0.0,3
1770120000000,99852.34473149481,0.0,3
1770123600000,99852.34473149481,0.0,3
1770127200000,99852.34473149481,0.0,3
1770130800000,99852.34473149481,0.0,3
1770134400000,99852.34473149481,0.0,3
1770138000000,99852.34473149481,0.0,3
1770141600000,99852.34473149481,0.0,3
1770145200000,99852.34473149481,0.0,3
1770148800000,99852.34473149481,0.0,3
1770152400000,99852.34473149481,0.0,3
1770156000000,99852.34473149481,0.0,3
1770159600000,99852.34473149481,0.0,3
1770163200000,99852.34473149481,0.0,3
1770166800000,99852.34473149481,0.0,3
1770170400000,99852.34473149481,0.0,3
1770174000000,99852.34473149481,0.0,3
1770177600000,99852.34473149481,0.0,3
1770181200000,99852.34473149481,0.0,3
1770184800000,99852.34473149481,0.0,3
1770188400000,99852.34473149481,0.0,3
1770192000000,99852.34473149481,0.0,3
1770195600000,99852.34473149481,0.0,3
1770199200000,99852.34473149481,0.0,3
1770202800000,99852.34473149481,0.0,3
1770206400000,99852.34473149481,0.0,3
1770210000000,99852.34473149481,0.0,3
1770213600000,99852.34473149481,0.0,3
1770217200000,99852.34473149481,0.0,3
1770220800000,99852.34473149481,0.0,3
1770224400000,99852.34473149481,0.0,3
1770228000000,99852.34473149481,0.0,3
1770231600000,99852.34473149481,0.0,3
1770235200000,99852.34473149481,0.0,3
1770238800000,99852.34473149481,0.0,3
1770242400000,99852.34473149481,0.0,3
1770246000000,99852.34473149481,0.0,3
1770249600000,99852.34473149481,0.0,3
1770253200000,99852.34473149481,0.0,3
1770256800000,99852.34473149481,0.0,3
1770260400000,99852.34473149481,0.0,3
1770264000000,99852.34473149481,0.0,3
1770267600000,99852.34473149481,0.0,3
1770271200000,99852.34473149481,0.0,3
1770274800000,99852.34473149481,0.0,3
1770278400000,99852.34473149481,0.0,3
1770282000000,99852.34473149481,0.0,3
1770285600000,99852.34473149481,0.0,3
1770289200000,99852.34473149481,0.0,3
1770292800000,99852.34473149481,0.0,3
1770296400000,99852.34473149481,0.0,3
1770300000000,99852.34473149481,0.0,3
1770303600000,99852.34473149481,0.0,3
1770307200000,99852.34473149481,0.0,3
1770310800000,99852.34473149481,0.0,3
1770314400000,99852.34473149481,0.0,3
1770318000000,99852.34473149481,0.0,3
1770321600000,99852.34473149481,0.0,3
1770325200000,99852.34473149481,0.0,3
1770328800000,99852.34473149481,0.0,3
1770332400000,99852.34473149481,0.0,3
1770336000000,99852.34473149481,0.0,3
1770339600000,99852.34473149481,0.0,3
1770343200000,99852.34473149481,0.0,3
1770346800000,99852.34473149481,0.0,3
1770350400000,99852.34473149481,0.0,3
1770354000000,99852.34473149481,0.0,3
1770357600000,99852.34473149481,0.0,3
1770361200000,99852.34473149481,0.0,3
1770364800000,99852.34473149481,0.0,3
1770368400000,99852.34473149481,0.0,3
1770372000000,99852.34473149481,0.0,3
1770375600000,99852.34473149481,0.0,3
1770379200000,99852.34473149481,0.0,3
1770382800000,99852.34473149481,0.0,3
1770386400000,99852.34473149481,0.0,3
1770390000000,99852.34473149481,0.0,3
1770393600000,99852.34473149481,0.0,3
1770397200000,99852.34473149481,0.0,3
1770400800000,99852.34473149481,0.0,3
1770404400000,99852.34473149481,0.0,3
1770408000000,99852.34473149481,0.0,3
1770411600000,99852.34473149481,0.0,3
1770415200000,99852.34473149481,0.0,3
1770418800000,99852.34473149481,0.0,3
1770422400000,99852.34473149481,0.0,3
1770426000000,99852.34473149481,0.0,3
1770429600000,99852.34473149481,0.0,3
1770433200000,99852.34473149481,0.0,3
1770436800000,99852.34473149481,0.0,3
1770440400000,99852.34473149481,0.0,3
1770444000000,99852.34473149481,0.0,3
1770447600000,99852.34473149481,0.0,3
1770451200000,99852.34473149481,0.0,3
1770454800000,99852.34473149481,0.0,3
1770458400000,99852.34473149481,0.0,3
1770462000000,99852.34473149481,0.0,3
1770465600000,99852.34473149481,0.0,3
1770469200000,99852.34473149481,0.0,3
1770472800000,99852.34473149481,0.0,3
1770476400000,99852.34473149481,0.0,3
1770480000000,99852.34473149481,0.0,3
1770483600000,99852.34473149481,0.0,3
1770487200000,99852.34473149481,0.0,3
1770490800000,99852.34473149481,0.0,3
1770494400000,99852.34473149481,0.0,3
1770498000000,99852.34473149481,0.0,3
1770501600000,99852.34473149481,0.0,3
1770505200000,99852.34473149481,0.0,3
1770508800000,99852.34473149481,0.0,3
1770512400000,99852.34473149481,0.0,3
1770516000000,99852.34473149481,0.0,3
1770519600000,99852.34473149481,0.0,3
1770523200000,99852.34473149481,0.0,3
1770526800000,99852.34473149481,0.0,3
1770530400000,99852.34473149481,0.0,3
1770534000000,99852.34473149481,0.0,3
1770537600000,99852.34473149481,0.0,3
1770541200000,99926.19617876581,0.06087335579645769,3
1770544800000,99833.86500421795,0.10342390697198195,3
1770548400000,99799.90680713806,0.10345909828155415,3
1770552000000,99964.23131498684,0.10328902879585955,3
1770555600000,99959.487833233,0.10329393027779074,3
1770559200000,99931.52964322049,0.10332282917826946,3
1770562800000,99939.1130487604,0.10331498901548147,3
1770566400000,99835.95257628431,0.08473681946488719,3
1770570000000,99732.18833138312,0.0609917720161218,3
1770573600000,99764.69098652899,0.06097190131324112,3
1770577200000,99831.96741867713,0.14114825011819654,3
1770580800000,99913.48317515521,0.14103309242357617,3
1770584400000,99782.51866049967,0.14121819829931045,3
1770588000000,99736.12315748355,0.14128389053937054,3
1770591600000,99819.77493640874,0.14116549066535142,3
1770595200000,99682.2746555441,0.1413602122914575,3
1770598800000,99686.37536895118,0.14135439727696203,3
1770602400000,99631.79578054156,0.14143183304696721,3
1770606000000,99691.4928431255,0.1413471411164125,3
1770609600000,99823.21504488133,0.14116062581903027,3
1770613200000,99760.22192383802,0.14124976102961107,3
1770616800000,99780.61272529422,0.14122089574451988,3
1770620400000,99696.18654575481,0.14134048648426567,3
1770624000000,99622.7876597171,0.0803858715636465,3
1770627600000,99542.38157986378,0.0,3
1770631200000,99542.38157986378,0.0,3
1770634800000,99542.38157986378,0.0,3
1770638400000,99542.38157986378,0.0,3
1770642000000,99542.38157986378,0.0,3
1770645600000,99542.38157986378,0.0,3
1770649200000,99542.38157986378,0.0,3
1770652800000,99542.38157986378,0.0,3
1770656400000,99542.38157986378,0.0,3
1770660000000,99542.38157986378,0.0,3
1770663600000,99542.38157986378,0.0,3
1770667200000,99542.38157986378,0.0,3
1770670800000,99542.38157986378,0.0,3
1770674400000,99542.38157986378,0.0,3
1770678000000,99542.38157986378,0.0,3
1770681600000,99542.38157986378,0.0,3
1770685200000,99542.38157986378,0.0,3
1770688800000,99542.38157986378,0.0,3
1770692400000,99542.38157986378,0.0,3
1770696000000,99542.38157986378,0.0,3
1770699600000,99542.38157986378,0.0,3
1770703200000,99542.38157986378,0.0,3
1770706800000,99542.38157986378,0.0,3
1770710400000,99542.38157986378,0.0,3
1770714000000,99543.08960918874,0.022963902985878294,3
1770717600000,99530.53420342437,0.07906660891483783,3
1770721200000,99512.29579337279,0.07908110008121359,3
1770724800000,99474.86415688199,0.07911085769904622,3
1770728400000,99485.92373046489,0.07910206316491394,3
1770732000000,99541.99782012143,0.07905750331802457,3
1770735600000,99493.74864013393,0.07909584200521938,3
1770739200000,99538.6868377952,0.07906013302919072,3
1770742800000,99551.46231412409,0.07904998721279993,3
1770746400000,99599.52828438788,0.07901183829382238,3
1770750000000,99484.04009274117,0.07910356088887109,3
1770753600000,99514.64636981202,0.079079232153452,3
1770757200000,99491.68493789656,0.0790974826475124,3
1770760800000,99480.48078990864,0.0791063911277893,3
1770764400000,99514.64636981202,0.079079232153452,3
1770768000000,99535.26267373754,0.07906285281772235,3
1770771600000,99543.99124306226,0.07905592014822405,3
1770775200000,99541.33619055196,0.07905802879602081,3
1770778800000,99528.99836519203,0.07906782899665184,3
1770782400000,99506.97513081587,0.07908532856718263,3
1770786000000,99358.13547382929,0.023006650052346245,3
1770789600000,99344.81689967292,0.010247343390678208,3
1770793200000,99341.35848906108,0.0,3
1770796800000,99341.35848906108,0.0,3
1770800400000,99341.35848906108,0.0,3
1770804000000,99341.35848906108,0.0,3
1770807600000,99341.35848906108,0.0,3
1770811200000,99341.35848906108,0.0,3
1770814800000,99341.35848906108,0.0,3
1770818400000,99341.35848906108,0.0,3
1770822000000,99341.35848906108,0.0,3
1770825600000,99341.35848906108,0.0,3
1770829200000,99341.35848906108,0.0,3
1770832800000,99341.35848906108,0.0,3
1770836400000,99341.35848906108,0.0,3
1770840000000,99341.35848906108,0.0,3
1770843600000,99341.35848906108,0.0,3
1770847200000,99341.35848906108,0.0,3
1770850800000,99341.35848906108,0.0,3
1770854400000,99341.35848906108,0.0,3
1770854400000,100000.0,0.0,4
1770858000000,100000.0,0.0,4
1770861600000,100000.0,0.0,4
1770865200000,100000.0,0.0,4
1770868800000,100000.0,0.0,4
1770872400000,100000.0,0.0,4
1770876000000,100000.0,0.0,4
1770879600000,100000.0,0.0,4
1770883200000,100000.0,0.0,4
1770886800000,100000.0,0.0,4
1770890400000,100000.0,0.0,4
1770894000000,100000.0,0.0,4
1770897600000,100000.0,0.0,4
1770901200000,100000.0,0.0,4
1770904800000,100000.0,0.0,4
1770908400000,100000.0,0.0,4
1770912000000,100000.0,0.0,4
1770915600000,100000.0,0.0,4
1770919200000,100000.0,0.0,4
1770922800000,100008.1383167318,0.06255677503914055,4
1770926400000,100030.32956879171,0.06254289711662511,4
1770930000000,99998.9872849545,0.0625624996874776,4
1770933600000,100024.02189331666,0.06254684117217112,4
1770937200000,100087.62156416882,0.0625070964120377,4
1770940800000,100103.57050526638,0.06249713750653788,4
1770944400000,100055.88709325543,0.06252692162863009,4
1770948000000,100089.77859308774,0.06250574932528724,4
1770951600000,100105.04120680201,0.06249621932464619,4
1770955200000,100122.19939138443,0.062485509195689834,4
1770958800000,100093.53705256771,0.06250340226739497,4
1770962400000,100058.92654309575,0.06252502227343484,4
1770966000000,100066.70492010644,0.06252016208346224,4
1770969600000,100064.02497508595,0.0625218365173769,4
1770973200000,100139.84780981205,0.06247449689203582,4
1770976800000,100149.81589799804,0.06246827869493969,4
1770980400000,100141.3185113477,0.062473579375271676,4
1770984000000,100143.41017575393,0.06247227450895965,4
1770987600000,100146.38426108155,0.0624704192460226,4
1770991200000,100180.91464950117,0.0,4
1770994800000,100180.91464950117,0.0,4
1770998400000,100180.91464950117,0.0,4
1771002000000,100195.43899531134,0.010098705047046595,4
1771005600000,100194.48755701112,0.010098800943487595,4
1771009200000,100196.56342239343,0.010098591717237058,4
1771012800000,100133.09067413473,0.06779639976768147,4
1771016400000,100141.29512045793,0.06779084529665,4
1771020000000,100148.92783506226,0.06778567870938719,4
1771023600000,100127.73171341546,0.07832275871296802,4
1771027200000,100093.18279040526,0.07834979319109413,4
1771030800000,100153.0921482275,0.07830292608300089,4
1771034400000,100153.06391340111,0.0783029481579074,4
1771038000000,100143.78875237184,0.078310200454453,4
1771041600000,100161.2169232888,0.07829657438640007,4
1771045200000,100148.01448176696,0.07830689616811531,4
1771048800000,100138.19759028932,0.0682100951521021,4
1771052400000,100152.40035276503,0.06820042217595296,4
1771056000000,100188.30398984224,0.12216790125682322,4
1771059600000,100305.30981151326,0.12202539279246337,4
1771063200000,100308.00551705215,0.12202211344775364,4
1771066800000,100276.71984490141,0.1220601835386219,4
1771070400000,100414.10763066952,0.06802267278136337,4
1771074000000,100346.10449458158,0.06806877078484357,4
1771077600000,100349.15737521497,0.06806669995697114,4
1771081200000,100419.05648573537,0.0680193204858871,4
1771084800000,100430.47722106805,0.06801158547677162,4
1771088400000,100483.19418071887,0.06797590424632706,4
1771092000000,100485.98855161984,0.022260432364263606,4
1771095600000,100498.29613739623,0.022257706226694384,4
1771099200000,100534.42633269393,0.09441405917995709,4
1771102800000,100516.92563634296,0.09443049732478205,4
1771106400000,100526.52043529483,0.08394049763892787,4
1771110000000,100538.99785072773,0.08393008018417823,4
1771113600000,100511.77251752694,0.16478154085425017,4
1771117200000,100596.51959445007,0.09252291293241681,4
1771120800000,100606.98314116607,0.09251329016278849,4
1771124400000,100577.810621665,0.09254012357410159,4
1771128000000,100618.63270061991,0.08074288409736473,4
1771131600000,100636.97425371924,0.11642274692266459,4
1771135200000,100723.15359218552,0.11632313491733713,4
1771138800000,100715.82432456857,0.11633159995638705,4
1771142400000,100827.82753287409,0.035627013636198746,4
1771146000000,100781.07556794627,0.035643540874895255,4
1771149600000,100775.75512641696,0.03564542267052045,4
1771153200000,100750.79194238056,0.0,4
1771156800000,100750.79194238056,0.0,4
1771160400000,100750.79194238056,0.0,4
1771164000000,100750.79194238056,0.0,4
1771167600000,100750.79194238056,0.0,4
1771171200000,100750.79194238056,0.0,4
1771174800000,100750.79194238056,0.0,4
1771178400000,100750.79194238056,0.0,4
1771182000000,100750.79194238056,0.0,4
1771185600000,100750.79194238056,0.0,4
1771189200000,100750.79194238056,0.0,4
1771192800000,100750.79194238056,0.0,4
1771196400000,100750.79194238056,0.0,4
1771200000000,100750.79194238056,0.0,4
1771203600000,100750.79194238056,0.0,4
1771207200000,100750.79194238056,0.0,4
1771210800000,100750.79194238056,0.0,4
1771214400000,100750.79194238056,0.0,4
1771218000000,100750.79194238056,0.0,4
1771221600000,100750.79194238056,0.0,4
1771225200000,100750.79194238056,0.0,4
1771228800000,100750.79194238056,0.0,4
1771232400000,100750.79194238056,0.0,4
1771236000000,100750.79194238056,0.0,4
1771239600000,100750.79194238056,0.0,4
1771243200000,100750.79194238056,0.0,4
1771246800000,100750.79194238056,0.0,4
1771250400000,100750.79194238056,0.0,4
1771254000000,100750.79194238056,0.0,4
1771257600000,100750.79194238056,0.0,4
1771261200000,100750.79194238056,0.0,4
1771264800000,100750.79194238056,0.0,4
1771268400000,100750.79194238056,0.0,4
1771272000000,100750.79194238056,0.0,4
1771275600000,100750.79194238056,0.0,4
1771279200000,100750.79194238056,0.0,4
1771282800000,100750.79194238056,0.0,4
1771286400000,100750.79194238056,0.0,4
1771290000000,100750.79194238056,0.0,4
1771293600000,100750.79194238056,0.0,4
1771297200000,100750.79194238056,0.0,4
1771300800000,100750.79194238056,0.0,4
1771304400000,100750.79194238056,0.0,4
1771308000000,100750.79194238056,0.0,4
1771311600000,100750.79194238056,0.0,4
1771315200000,100750.79194238056,0.0,4
1771318800000,100750.79194238056,0.0,4
1771322400000,100750.79194238056,0.0,4
1771326000000,100750.79194238056,0.0,4
1771329600000,100750.79194238056,0.0,4
1771333200000,100750.79194238056,0.0,4
1771336800000,100750.79194238056,0.0,4
1771340400000,100750.79194238056,0.0,4
1771344000000,100750.79194238056,0.0,4
1771347600000,100821.77270152663,0.22040281579332957,4
1771351200000,100694.52278079063,0.22068134376153642,4
1771354800000,101000.87039050246,0.2200119910925153,4
1771358400000,100950.12668919997,0.22012258256104644,4
1771362000000,100963.0141099231,0.22009448502100037,4
1771365600000,100954.59604346818,0.22011283752870067,4
1771369200000,100877.90370954722,0.22028017811187384,4
1771372800000,100876.04790453587,0.22028423058088836,4
1771376400000,100811.37363358759,0.22042555116308776,4
1771380000000,100732.81966193343,0.22059744451975175,4
1771383600000,100825.6869364984,0.22039425935859883,4
1771387200000,100934.15520495584,0.2201574140247072,4
1771390800000,100953.42041762172,0.22011540079342082,4
1771394400000,100889.832597901,0.22025413289419843,4
1771398000000,100936.8974871631,0.22015143272575402,4
1771401600000,101030.13496172454,0.2199482620221198,4
1771405200000,101059.76280534637,0.21988377945723753,4
1771408800000,101045.60792044464,0.2199145816826289,4
1771412400000,100871.68620815928,0.220293755681206,4
1771416000000,100651.44181466776,0.22077580008847156,4
1771419600000,100665.9674614257,0.22074394313258414,4
1771423200000,100628.28006276503,0.22082661636302767,4
1771426800000,100570.89160462444,0.1566824148900416,4
1771430400000,100684.89854691294,0.0,4
1771434000000,100684.89854691294,0.0,4
1771437600000,100684.89854691294,0.0,4
1771441200000,100684.89854691294,0.0,4
1771444800000,100684.89854691294,0.0,4
1771448400000,100684.89854691294,0.0,4
1771452000000,100659.57818748784,0.12693011377893398,4
1771455600000,100674.94302094355,0.12691074192730728,4
1771459200000,100682.5980343871,0.12690109275799152,4
1771462800000,100668.83711900133,0.12691843948861622,4
1771466400000,100752.50190775735,0.12681304652836217,4
1771470000000,100746.38762140388,0.12682074279716285,4
1771473600000,100774.00247629668,0.1267859904173458,4
1771477200000,100753.40982921296,0.1268119037751195,4
1771480800000,100757.73187846126,0.12680646412018515,4
1771484400000,100826.86059150229,0.12671952332267855,4
1771488000000,100817.08959093688,0.12673180473785386,4
1771491600000,100754.80204454636,0.12681015150650984,4
1771495200000,100738.45586609485,0.12683072817058683,4
1771498800000,100734.26539380034,0.1268360042367835,4
1771502400000,100680.99706520075,0.1269031106635064,4
1771506000000,100685.36435255798,0.12689760616586307,4
1771509600000,100559.93332202524,0.1270558888634316,4
1771513200000,100661.68420912045,0.12692745817499146,4
1771516800000,100649.19364095245,0.1269432098766333,4
1771520400000,100631.53195221542,0.12696548948836758,4
1771524000000,100632.99365624056,0.12696364530227813,4
1771527600000,100767.90243267306,0.12679366548106885,4
1771531200000,100764.56833865581,0.12679786082481395,4
1771534800000,100791.53768355866,0.0,4
1771538400000,100791.53768355866,0.0,4
1771542000000,100791.53768355866,0.0,4
1771545600000,100791.53768355866,0.0,4
1771549200000,100791.53768355866,0.0,4
1771552800000,100791.53768355866,0.0,4
1771556400000,100791.53768355866,0.0,4
1771560000000,100791.53768355866,0.0,4
1771563600000,100791.53768355866,0.0,4
1771567200000,100791.53768355866,0.0,4
1771570800000,100791.53768355866,0.0,4
1771574400000,100791.53768355866,0.0,4
1771578000000,100791.53768355866,0.0,4
1771581600000,100791.53768355866,0.0,4
1771585200000,100756.68492608116,0.08267615452238483,4
1771588800000,100706.32385030945,0.08271749909662035,4
1771592400000,100720.14845934481,0.08270614548859966,4
1771596000000,100644.70886181977,0.0,4
1771599600000,100644.70886181977,0.0,4
1771603200000,100644.70886181977,0.0,4
1771606800000,100637.36639800583,0.014104484051742102,4
1771610400000,100614.79070754137,0.0,4
1771614000000,100614.79070754137,0.0,4
1771617600000,100559.74562116928,0.06350884559739574,4
1771621200000,100550.02396085489,0.06351498593828812,4
1771624800000,100544.7892206856,0.06351829276752134,4
1771628400000,100547.78050078233,0.0635164031086548,4
1771632000000,100553.7630609758,0.06351262412820391,4
1771635600000,100535.8153803954,0.06352396241880576,4
1771639200000,100554.51088099998,0.06351215178726471,4
1771642800000,100564.98036133856,0.06350553975172303,4
1771646400000,100529.83282020193,0.06352774274866643,4
1771650000000,100533.57192032285,0.06352537998977846,4
1771653600000,100539.55448051632,0.06352159994110443,4
1771657200000,100512.63295964572,0.063538613703735,4
1771660800000,100521.60679993592,0.06353294143694789,4
1771664400000,100558.2499811209,0.06350979018794817,4
1771668000000,100558.09416948183,0.07572756636348223,4
1771671600000,100574.93822174468,0.07571488369016303,4
1771675200000,100594.2958993398,0.0757003136363193,4
1771678800000,100590.07914445443,0.07570348700759075,4
1771682400000,100634.56957033342,0.07567001858424605,4
1771686000000,100655.13464195086,0.11315519784801692,4
1771689600000,100656.71276761654,0.07565337214205796,4
1771693200000,100617.10127361346,0.07568315577783145,4
1771696800000,100623.64713160502,0.07567823237061858,4
1771700400000,100650.36116297089,0.012206477725869254,4
1771704000000,100645.72592403713,0.01220703989520411,4
1771707600000,100642.41503908444,0.012207441476432962,4
1771711200000,100642.19431342093,0.012207468249454338,4
1771714800000,100637.45865647799,0.0,4
1771718400000,100637.45865647799,0.0,4
1771722000000,100637.45865647799,0.0,4
1771725600000,100637.45865647799,0.0,4
1771729200000,100637.45865647799,0.0,4
1771732800000,100637.45865647799,0.0,4
1771736400000,100637.45865647799,0.0,4
1771740000000,100637.45865647799,0.0,4
1771743600000,100637.45865647799,0.0,4
1771747200000,100637.45865647799,0.0,4
1771750800000,100637.45865647799,0.0,4
1771754400000,100637.45865647799,0.0,4
1771758000000,100637.45865647799,0.0,4
1771761600000,100637.45865647799,0.0,4
1771765200000,100637.45865647799,0.0,4
1771768800000,100637.45865647799,0.0,4
1771772400000,100637.45865647799,0.0,4
1771776000000,100637.45865647799,0.0,4
1771779600000,100578.40515331415,0.15631007554515247,4
1771783200000,100494.52667426072,0.0,4
1771786800000,100494.52667426072,0.0,4
1771790400000,100494.52667426072,0.0,4
1771794000000,100494.52667426072,0.0,4
1771797600000,100494.52667426072,0.0,4
1771801200000,100494.52667426072,0.0,4
1771804800000,100494.52667426072,0.0,4
1771808400000,100494.52667426072,0.0,4
1771812000000,100494.52667426072,0.0,4
1771815600000,100494.52667426072,0.0,4
1771819200000,100494.52667426072,0.0,4
1771822800000,100494.52667426072,0.0,4
1771826400000,100494.52667426072,0.0,4
1771830000000,100494.52667426072,0.0,4
1771833600000,100494.52667426072,0.0,4
1771837200000,100494.52667426072,0.0,4
1771840800000,100494.52667426072,0.0,4
1771844400000,100494.52667426072,0.0,4
1771848000000,100494.52667426072,0.0,4
1771851600000,100494.52667426072,0.0,4
1771855200000,100494.52667426072,0.0,4
1771858800000,100494.52667426072,0.0,4
1771862400000,100494.52667426072,0.0,4
1771866000000,100494.52667426072,0.0,4
1771869600000,100494.52667426072,0.0,4
1771873200000,100494.52667426072,0.0,4
1771876800000,100494.52667426072,0.0,4
1771880400000,100494.52667426072,0.0,4
1771884000000,100494.52667426072,0.0,4
1771887600000,100494.52667426072,0.0,4
1771891200000,100494.52667426072,0.0,4
1771894800000,100494.52667426072,0.0,4
1771898400000,100494.52667426072,0.0,4
1771902000000,100494.52667426072,0.0,4
1771905600000,100494.52667426072,0.0,4
1771909200000,100494.52667426072,0.0,4
1771912800000,100494.52667426072,0.0,4
1771916400000,100494.52667426072,0.0,4
1771920000000,100494.52667426072,0.0,4
1771923600000,100494.52667426072,0.0,4
1771927200000,100494.52667426072,0.0,4
1771930800000,100494.52667426072,0.0,4
1771934400000,100494.52667426072,0.0,4
1771938000000,100494.52667426072,0.0,4
1771941600000,100494.52667426072,0.0,4
1771945200000,100494.52667426072,0.0,4
1771948800000,100494.52667426072,0.0,4
1771952400000,100494.52667426072,0.0,4
1771956000000,100494.52667426072,0.0,4
1771959600000,100494.52667426072,0.0,4
1771963200000,100494.52667426072,0.0,4
1771966800000,100494.52667426072,0.0,4
1771970400000,100494.52667426072,0.0,4
1771974000000,100494.52667426072,0.0,4
1771977600000,100494.52667426072,0.0,4
1771981200000,100494.52667426072,0.0,4
1771984800000,100494.52667426072,0.0,4
1771988400000,100494.52667426072,0.0,4
1771992000000,100494.52667426072,0.0,4
1771995600000,100494.52667426072,0.0,4
1771999200000,100494.52667426072,0.0,4
1772002800000,100494.52667426072,0.0,4
1772006400000,100494.52667426072,0.0,4
1772010000000,100494.52667426072,0.0,4
1772013600000,100494.52667426072,0.0,4
1772017200000,100498.89294760146,0.011276563514146125,4
1772020800000,100520.89213962824,0.011274095616370156,4
1772024400000,100547.32894040621,0.08363809253412037,4
1772028000000,100593.29707218632,0.1463102495291622,4
1772031600000,100879.14539336221,0.07478050711354228,4
1772035200000,100905.56068891623,0.0,4
1772038800000,100905.56068891623,0.0,4
1772042400000,100905.56068891623,0.0,4
1772046000000,100899.54168949631,0.016199014202238435,4
1772049600000,100898.14415127398,0.016199238574467503,4
1772053200000,100871.96506568673,0.07947527826662718,4
1772056800000,100908.92091027947,0.07944617205871124,4
1772060400000,100759.83277447584,0.1230229645471021,4
1772064000000,100573.4870869097,0.0,4
1772064000000,100000.0,0.0,5
1772067600000,100000.0,0.0,5
1772071200000,100000.0,0.0,5
1772074800000,100000.0,0.0,5
1772078400000,99984.71092162283,0.02452409439941402,5
1772082000000,100056.78600922771,0.08254349146283077,5
1772085600000,99971.42417276204,0.12276644275344716,5
1772089200000,99919.50065930674,0.12283023875923288,5
1772092800000,99842.31652159142,0.12292519394851825,5
1772096400000,99848.11086928708,0.12291806040029092,5
1772100000000,99964.80795113918,0.12277456811285867,5
1772103600000,99878.62636795205,0.12288050575977927,5
1772107200000,99833.63002465623,0.08272799916933014,5
1772110800000,99876.49702268936,0.08269249230752189,5
1772114400000,99814.32556081393,0.1528750261024837,5
1772118000000,99728.09340802138,0.15300721295333525,5
1772121600000,99527.4669999487,0.0,5
1772125200000,99527.4669999487,0.0,5
1772128800000,99527.4669999487,0.0,5
1772132400000,99527.4669999487,0.0,5
1772136000000,99527.4669999487,0.0,5
1772139600000,99451.44509319054,0.09255395625089874,5
1772143200000,99442.37647585616,0.09256239668084186,5
1772146800000,99481.85465681239,0.09252566440379983,5
1772150400000,99464.41985082334,0.09254188293712369,5
1772154000000,99449.79371757418,0.09255549312031633,5
1772157600000,99479.37529016646,0.09252797046016123,5
1772161200000,99521.99215802102,0.09248834854138281,5
1772164800000,99608.2367863782,0.0924082685850994,5
1772168400000,99601.27511312139,0.0924147275001222,5
1772172000000,99604.95252242083,0.09241131555353009,5
1772175600000,99593.17817033888,0.09242224083361125,5
1772179200000,99578.86167848318,0.09243552841529151,5
1772182800000,99596.95722085361,0.09241873401647004,5
1772186400000,99483.87773888555,0.09252378282240979,5
1772190000000,99317.72041989083,0.06747950761032159,5
1772193600000,99293.77396879284,0.0,5
1772197200000,99293.77396879284,0.0,5
1772200800000,99293.77396879284,0.0,5
1772204400000,99277.50483666579,0.013622007014075744,5
1772208000000,99286.66539895322,0.013620750196322516,5
1772211600000,99162.27765439506,0.10264694095615758,5
1772215200000,99131.65156607804,0.013642049192770284,5
1772218800000,99096.65177022462,0.08497913313698797,5
1772222400000,99059.81127792066,0.0713587943061447,5
1772226000000,99068.12249119506,0.07135280773706912,5
1772229600000,99061.88908123925,0.0713572975697005,5
1772233200000,99075.39480281016,0.07134757031304967,5
1772236800000,99086.82272106246,0.07133934162856219,5
1772240400000,99120.06757416006,0.07131541442602325,5
1772244000000,99100.32844263336,0.0713296192663841,5
1772247600000,99114.87306586356,0.07131915199335745,5
1772251200000,99080.58931110665,0.07134382976660658,5
1772254800000,99074.8753519805,0.07134794438926688,5
1772258400000,99052.0195154759,0.07136440762706736,5
1772262000000,98972.91967934772,0.0,5
1772265600000,98972.91967934772,0.0,5
1772269200000,98972.91967934772,0.0,5
1772272800000,98972.91967934772,0.0,5
1772276400000,98972.91967934772,0.0,5
1772280000000,98972.91967934772,0.0,5
1772283600000,98972.91967934772,0.0,5
1772287200000,98972.91967934772,0.0,5
1772290800000,98972.91967934772,0.0,5
1772294400000,98972.91967934772,0.0,5
1772298000000,98972.91967934772,0.0,5
1772301600000,98972.91967934772,0.0,5
1772305200000,98972.91967934772,0.0,5
1772308800000,98972.91967934772,0.0,5
1772312400000,98972.91967934772,0.0,5
1772316000000,98972.91967934772,0.0,5
1772319600000,98972.91967934772,0.0,5
1772323200000,98972.91967934772,0.0,5
1772326800000,98972.91967934772,0.0,5
1772330400000,98972.91967934772,0.0,5
1772334000000,99028.4561378023,0.050813046297020034,5
1772337600000,99003.43004973653,0.07319934910413593,5
1772341200000,98976.22216314402,0.0732194711046078,5
1772344800000,98959.43431822523,0.07323189232684303,5
1772348400000,98905.78643027933,0.07327161433397138,5
1772352000000,98913.5069645171,0.07326589523630228,5
1772355600000,98808.94558324984,0.05092593081274196,5
1772359200000,98796.20997675972,0.05093249556472107,5
1772362800000,98809.52447445394,0.05092563245513357,5
1772366400000,98788.98453407569,0.10135017956445833,5
1772370000000,98753.35222078027,0.10138674886838143,5
1772373600000,98865.89083196683,0.10127134077551592,5
1772377200000,98855.58016868646,0.11951627446592586,5
1772380800000,98830.14190324722,0.1195470372135616,5
1772384400000,98704.79089918069,0.050456961102866196,5
1772388000000,98677.27288990332,0.0504710319733217,5
1772391600000,98705.03018621789,0.05045683878187905,5
1772395200000,98679.34671089234,0.05046997128647149,5
1772398800000,98639.03287915727,0.0,5
1772402400000,98639.03287915727,0.0,5
1772406000000,98639.03287915727,0.0,5
1772409600000,98639.03287915727,0.0,5
1772413200000,98639.03287915727,0.0,5
1772416800000,98639.03287915727,0.0,5
1772420400000,98639.03287915727,0.0,5
1772424000000,98639.03287915727,0.0,5
1772427600000,98639.03287915727,0.0,5
1772431200000,98639.03287915727,0.0,5
1772434800000,98639.03287915727,0.0,5
1772438400000,98639.03287915727,0.0,5
1772442000000,98639.03287915727,0.0,5
1772445600000,98639.03287915727,0.0,5
1772449200000,98639.03287915727,0.0,5
1772452800000,98639.03287915727,0.0,5
1772456400000,98639.03287915727,0.0,5
1772460000000,98639.03287915727,0.0,5
1772463600000,98639.03287915727,0.0,5
1772467200000,98639.03287915727,0.0,5
1772470800000,98639.03287915727,0.0,5
1772474400000,98639.03287915727,0.0,5
1772478000000,98639.03287915727,0.0,5
1772481600000,98639.03287915727,0.0,5
1772485200000,98639.03287915727,0.0,5
1772488800000,98639.03287915727,0.0,5
1772492400000,98639.03287915727,0.0,5
1772496000000,98639.03287915727,0.0,5
1772499600000,98639.03287915727,0.0,5
1772503200000,98639.03287915727,0.0,5
1772506800000,98639.03287915727,0.0,5
1772510400000,98639.03287915727,0.0,5
1772514000000,98639.03287915727,0.0,5
1772517600000,98639.03287915727,0.0,5
1772521200000,98639.03287915727,0.0,5
1772524800000,98639.03287915727,0.0,5
1772528400000,98639.03287915727,0.0,5
1772532000000,98639.03287915727,0.0,5
1772535600000,98639.03287915727,0.0,5
1772539200000,98639.03287915727,0.0,5
1772542800000,98639.03287915727,0.0,5
1772546400000,98639.03287915727,0.0,5
1772550000000,98639.03287915727,0.0,5
1772553600000,98639.03287915727,0.0,5
1772557200000,98639.03287915727,0.0,5
1772560800000,98639.03287915727,0.0,5
1772564400000,98639.03287915727,0.0,5
1772568000000,98639.03287915727,0.0,5
1772571600000,98639.03287915727,0.0,5
1772575200000,98639.03287915727,0.0,5
1772578800000,98639.03287915727,0.0,5
1772582400000,98639.03287915727,0.0,5
1772586000000,98639.03287915727,0.0,5
1772589600000,98639.03287915727,0.0,5
1772593200000,98639.03287915727,0.0,5
1772596800000,98639.03287915727,0.0,5
1772600400000,98639.03287915727,0.0,5
1772604000000,98639.03287915727,0.0,5
1772607600000,98639.03287915727,0.0,5
1772611200000,98639.03287915727,0.0,5
1772614800000,98639.03287915727,0.0,5
1772618400000,98636.05486202275,0.012245904264446264,5
1772622000000,98631.5480170648,0.012246463825692127,5
1772625600000,98627.04117210684,0.012247023438077227,5
1772629200000,98624.68044379553,0.012247316588785846,5
1772632800000,98632.1918520588,0.012246383885240478,5
1772636400000,98625.10966712487,0.012247263287613159,5
1772640000000,98652.15073687257,0.012243906248782225,5
1772643600000,98648.2877269086,0.012244385713078329,5
1772647200000,98650.21923189059,0.012244145976236482,5
1772650800000,98654.2968535192,0.012243639895953626,5
1772654400000,98665.45666008175,0.01224225504802928,5
1772658000000,98540.80164730173,0.11692704700521074,5
1772661600000,98513.47369040601,0.1169594829470246,5
1772665200000,98407.01647576294,0.11708601031495573,5
1772668800000,98357.87643163255,0.012280538465087634,5
1772672400000,98359.80793661454,0.012280297310476576,5
1772676000000,98352.94036334527,0.012281154792126199,5
1772679600000,98352.72575168061,0.012281181590357296,5
1772683200000,98351.43808169263,0.01228134238219989,5
1772686800000,98355.73031498592,0.0122808064257641,5
1772690400000,98213.95175332323,0.15158851959449562,5
1772694000000,98254.84076539743,0.1515254356307975,5
1772697600000,98128.36946434581,0.1517207269526777,5
1772701200000,98202.86856440821,0.13930570527047337,5
1772704800000,98251.90878798699,0.1392361739706082,5
1772708400000,98422.24805532521,0.1389951980903601,5
1772712000000,98321.13326891938,0.13913814263645174,5
1772715600000,98319.47828474434,0.13914048470974408,5
1772719200000,98216.65343777067,0.13928615347921797,5
1772722800000,98235.80521940257,0.13925899863491426,5
1772726400000,98062.34504836253,0.0,5
1772730000000,98062.34504836253,0.0,5
1772733600000,98062.34504836253,0.0,5
1772737200000,98062.34504836253,0.0,5
1772740800000,98062.34504836253,0.0,5
1772744400000,98062.34504836253,0.0,5
1772748000000,98062.34504836253,0.0,5
1772751600000,98062.34504836253,0.0,5
1772755200000,98062.34504836253,0.0,5
1772758800000,98062.34504836253,0.0,5
1772762400000,98062.34504836253,0.0,5
1772766000000,98062.34504836253,0.0,5
1772769600000,98062.34504836253,0.0,5
1772773200000,98062.34504836253,0.0,5
1772776800000,98062.34504836253,0.0,5
1772780400000,98062.34504836253,0.0,5
1772784000000,98062.34504836253,0.0,5
1772787600000,98062.34504836253,0.0,5
1772791200000,98062.34504836253,0.0,5
1772794800000,98062.34504836253,0.0,5
1772798400000,98062.34504836253,0.0,5
1772802000000,98062.34504836253,0.0,5
1772805600000,98062.34504836253,0.0,5
1772809200000,98062.34504836253,0.0,5
1772812800000,98062.34504836253,0.0,5
1772816400000,98062.34504836253,0.0,5
1772820000000,98062.34504836253,0.0,5
1772823600000,98062.34504836253,0.0,5
1772827200000,98062.34504836253,0.0,5
1772830800000,98062.34504836253,0.0,5
1772834400000,98062.34504836253,0.0,5
1772838000000,98062.34504836253,0.0,5
1772841600000,98062.34504836253,0.0,5
1772845200000,98062.34504836253,0.0,5
1772848800000,98062.34504836253,0.0,5
1772852400000,98062.34504836253,0.0,5
1772856000000,98062.34504836253,0.0,5
1772859600000,98062.34504836253,0.0,5
1772863200000,98062.34504836253,0.0,5
1772866800000,98062.34504836253,0.0,5
1772870400000,98062.34504836253,0.0,5
1772874000000,98062.34504836253,0.0,5
1772877600000,98062.34504836253,0.0,5
1772881200000,98062.34504836253,0.0,5
1772884800000,98062.34504836253,0.0,5
1772888400000,98062.34504836253,0.0,5
1772892000000,98062.34504836253,0.0,5
1772895600000,98062.34504836253,0.0,5
1772899200000,98062.34504836253,0.0,5
1772902800000,98062.34504836253,0.0,5
1772906400000,98062.34504836253,0.0,5
1772910000000,98062.34504836253,0.0,5
1772913600000,98062.34504836253,0.0,5
1772917200000,98062.34504836253,0.0,5
1772920800000,98062.34504836253,0.0,5
1772924400000,98062.34504836253,0.0,5
1772928000000,98062.34504836253,0.0,5
1772931600000,98062.34504836253,0.0,5
1772935200000,98062.34504836253,0.0,5
1772938800000,98062.34504836253,0.0,5
1772942400000,98062.34504836253,0.0,5
1772946000000,98062.34504836253,0.0,5
1772949600000,98062.34504836253,0.0,5
1772953200000,98062.34504836253,0.0,5
1772956800000,98062.34504836253,0.0,5
1772960400000,98062.34504836253,0.0,5
1772964000000,98062.34504836253,0.0,5
1772967600000,98062.34504836253,0.0,5
1772971200000,98062.34504836253,0.0,5
1772974800000,98062.34504836253,0.0,5
1772978400000,98062.34504836253,0.0,5
1772982000000,98062.34504836253,0.0,5
1772985600000,98062.34504836253,0.0,5
1772989200000,98062.34504836253,0.0,5
1772992800000,98062.34504836253,0.0,5
1772996400000,98062.34504836253,0.0,5
1773000000000,98062.34504836253,0.0,5
1773003600000,98062.34504836253,0.0,5
1773007200000,98062.34504836253,0.0,5
1773010800000,98062.34504836253,0.0,5
1773014400000,98062.34504836253,0.0,5
1773018000000,98062.34504836253,0.0,5
1773021600000,98062.34504836253,0.0,5
1773025200000,98062.34504836253,0.0,5
1773028800000,98062.34504836253,0.0,5
1773032400000,98062.34504836253,0.0,5
1773036000000,98062.34504836253,0.0,5
1773039600000,98062.34504836253,0.0,5
1773043200000,98062.34504836253,0.0,5
1773046800000,98062.34504836253,0.0,5
1773050400000,98062.34504836253,0.0,5
1773054000000,98062.34504836253,0.0,5
1773057600000,98062.34504836253,0.0,5
1773061200000,98062.34504836253,0.0,5
1773064800000,98062.34504836253,0.0,5
1773068400000,98048.42079936093,0.09466578065041613,5
1773072000000,98033.4400565843,0.09468024677247462,5
1773075600000,98042.6885067868,0.09467131550426103,5
1773079200000,98038.55919022975,0.09467530299483431,5
1773082800000,98058.74661045444,0.09465581212642613,5
1773086400000,98161.23515951778,0.07894310432112708,5
1773090000000,98136.81234918919,0.09469000880779348,5
1773093600000,98150.94568219523,0.09467637383548094,5
1773097200000,98104.52467022925,0.09472117271807566,5
1773100800000,98038.4296899972,0.09478503128923144,5
1773104400000,98101.59338848345,0.09472400299264042,5
1773108000000,98120.78554545675,0.09470547523703321,5
1773111600000,98219.78198395988,0.09461002089407056,5
1773115200000,98103.22825104935,0.09472242444390817,5
1773118800000,98209.13593242624,0.09462027679489357,5
1773122400000,98188.91715171172,0.0946397607314025,5
1773126000000,98178.59856889617,0.09464970738192498,5
1773129600000,98225.22051574323,0.09460478252857793,5
1773133200000,98229.25271596923,0.09460089910877227,5
1773136800000,98301.1688889576,0.09453169001693688,5
1773140400000,98278.70146636602,0.09455330083796135,5
1773144000000,98243.75219479384,0.0945869372668966,5
1773147600000,98224.152733877,0.09460581096474593,5
1773151200000,98157.24314575782,0.015723984789722614,5
1773154800000,98201.5340281727,0.015716892953853583,5
1773158400000,98207.92730679939,0.0,5
1773162000000,98207.92730679939,0.0,5
1773165600000,98207.92730679939,0.0,5
1773169200000,98207.92730679939,0.0,5
1773172800000,98207.92730679939,0.0,5
1773176400000,98207.92730679939,0.0,5
1773180000000,98207.92730679939,0.0,5
1773183600000,98207.92730679939,0.0,5
1773187200000,98207.92730679939,0.0,5
1773190800000,98207.92730679939,0.0,5
1773194400000,98207.92730679939,0.0,5
1773198000000,98207.92730679939,0.0,5
1773201600000,98207.92730679939,0.0,5
1773205200000,98207.92730679939,0.0,5
1773208800000,98207.92730679939,0.0,5
1773212400000,98207.92730679939,0.0,5
1773216000000,98207.92730679939,0.0,5
1773219600000,98207.92730679939,0.0,5
1773223200000,98207.92730679939,0.0,5
1773226800000,98207.92730679939,0.0,5
1773230400000,98207.92730679939,0.0,5
1773234000000,98207.92730679939,0.0,5
1773237600000,98207.92730679939,0.0,5
1773241200000,98207.92730679939,0.0,5
1773244800000,98207.92730679939,0.0,5
1773248400000,98207.92730679939,0.0,5
1773252000000,98207.92730679939,0.0,5
1773255600000,98207.92730679939,0.0,5
1773259200000,98207.92730679939,0.0,5
1773262800000,98207.92730679939,0.0,5
1773266400000,98207.92730679939,0.0,5
1773270000000,98207.92730679939,0.0,5
1773273600000,98207.92730679939,0.0,5
1773273600000,100000.0,0.0,6
1773277200000,100000.0,0.0,6
1773280800000,100000.0,0.0,6
1773284400000,100000.0,0.0,6
1773288000000,100000.0,0.0,6
1773291600000,100000.0,0.0,6
1773295200000,100000.0,0.0,6
1773298800000,100000.0,0.0,6
1773302400000,100000.0,0.0,6
1773306000000,100000.0,0.0,6
1773309600000,100000.0,0.0,6
1773313200000,100000.0,0.0,6
1773316800000,100000.0,0.0,6
1773320400000,100000.0,0.0,6
1773324000000,100000.0,0.0,6
1773327600000,100000.0,0.0,6
1773331200000,100000.0,0.0,6
1773334800000,100000.0,0.0,6
1773338400000,100000.0,0.0,6
1773342000000,100000.0,0.0,6
1773345600000,100000.0,0.0,6
1773349200000,100000.0,0.0,6
1773352800000,100000.0,0.0,6
1773356400000,100000.0,0.0,6
1773360000000,100000.0,0.0,6
1773363600000,100000.0,0.0,6
1773367200000,100000.0,0.0,6
1773370800000,100000.0,0.0,6
1773374400000,100000.0,0.0,6
1773378000000,100000.0,0.0,6
1773381600000,100001.574992387,0.020422558493578498,6
1773385200000,99994.46841282073,0.02042400991923419,6
1773388800000,99985.38778337494,0.020425864818934887,6
1773392400000,99992.0995529653,0.020424493773632695,6
1773396000000,100016.08207954012,0.06753911314874773,6
1773399600000,100014.81253223267,0.06753997046275027,6
1773403200000,99942.13285104281,0.16319797547404544,6
1773406800000,100049.74616991926,0.1630224400384547,6
1773410400000,100175.72917495572,0.11577299583275935,6
1773414000000,100164.81898980262,0.020389274750647907,6
1773417600000,100134.85622150173,0.0,6
1773421200000,100134.85622150173,0.0,6
1773424800000,100134.85622150173,0.0,6
1773428400000,100134.85622150173,0.0,6
1773432000000,100134.85622150173,0.0,6
1773435600000,100134.85622150173,0.0,6
1773439200000,100134.85622150173,0.0,6
1773442800000,100134.85622150173,0.0,6
1773446400000,100134.85622150173,0.0,6
1773450000000,100134.85622150173,0.0,6
1773453600000,100134.85622150173,0.0,6
1773457200000,100134.85622150173,0.0,6
1773460800000,100134.85622150173,0.0,6
1773464400000,100134.85622150173,0.0,6
1773468000000,100134.85622150173,0.0,6
1773471600000,100134.85622150173,0.0,6
1773475200000,100134.85622150173,0.0,6
1773478800000,100134.85622150173,0.0,6
1773482400000,100134.85622150173,0.0,6
1773486000000,100134.85622150173,0.0,6
1773489600000,100134.85622150173,0.0,6
1773493200000,100134.85622150173,0.0,6
1773496800000,100134.85622150173,0.0,6
1773500400000,100134.85622150173,0.0,6
1773504000000,100134.85622150173,0.0,6
1773507600000,100134.85622150173,0.0,6
1773511200000,100134.85622150173,0.0,6
1773514800000,100134.85622150173,0.0,6
1773518400000,100134.85622150173,0.0,6
1773522000000,100134.85622150173,0.0,6
1773525600000,100134.85622150173,0.0,6
1773529200000,100134.85622150173,0.0,6
1773532800000,100134.85622150173,0.0,6
1773536400000,100134.85622150173,0.0,6
1773540000000,100134.85622150173,0.0,6
1773543600000,100134.85622150173,0.0,6
1773547200000,100110.7143375991,0.04247917759775511,6
1773550800000,100125.40195504716,0.042472946232907816,6
1773554400000,100116.70928349627,0.04247663396269881,6
1773558000000,100105.31888629164,0.042481467129788564,6
1773561600000,100097.22570933047,0.04248490189062849,6
1773565200000,100114.01155784255,0.04247777856077596,6
1773568800000,100118.80751456028,0.042475743762394914,6
1773572400000,100096.38167255028,0.17298060175559501,6
1773576000000,100108.69086276615,0.1729593323621756,6
1773579600000,100059.46204156778,0.17304442760328242,6
1773583200000,100000.81139354031,0.04252586308574397,6
1773586800000,99982.52680855394,0.04253364012221754,6
1773590400000,99977.73085183621,0.042535680471556696,6
1773594000000,99968.73843299045,0.04253950665422825,6
1773597600000,99988.52175445111,0.04253108996079032,6
1773601200000,99804.04302525139,0.06326252343310415,6
1773604800000,99816.32646267109,0.06325473832143814,6
1773608400000,99891.26482281496,0.1776467175327917,6
1773612000000,99985.09872733965,0.17747999983841253,6
1773615600000,100053.81166460662,0.0,6
1773619200000,100043.87400941376,0.012207055647611023,6
1773622800000,100040.6769227413,0.012207445759074894,6
1773626400000,100043.28195632626,0.012207127888593568,6
1773630000000,100041.7426182988,0.012207315719149826,6
1773633600000,100064.35904624092,0.012204556636106069,6
1773637200000,100080.27639710353,0.0,6
1773640800000,100080.27639710353,0.0,6
1773644400000,100080.27639710353,0.0,6
1773648000000,100080.27639710353,0.0,6
1773651600000,100080.27639710353,0.0,6
1773655200000,100080.27639710353,0.0,6
1773658800000,100080.27639710353,0.0,6
1773662400000,100080.27639710353,0.0,6
1773666000000,100080.27639710353,0.0,6
1773669600000,100080.27639710353,0.0,6
1773673200000,100080.27639710353,0.0,6
1773676800000,100080.27639710353,0.0,6
1773680400000,100080.27639710353,0.0,6
1773684000000,100057.42259456436,0.13933065477036807,6
1773687600000,100048.63348458984,0.13934289474211928,6
1773691200000,100078.85919027188,0.13930081055611399,6
1773694800000,100129.29617825386,0.1392306421481049,6
1773698400000,100175.32655082263,0.13916666593208712,6
1773702000000,100273.48680386078,0.13903043216204689,6
1773705600000,100268.97913821084,0.1390366823773053,6
1773709200000,100289.91470961932,0.052734141833139216,6
1773712800000,100276.45301327329,0.0527412211721375,6
1773716400000,100348.71133499671,0.12198329264950167,6
1773720000000,100051.77411239219,0.05285965824843333,6
1773723600000,100021.88138936194,0.021202035877976883,6
1773727200000,100019.81658022811,0.021202473572814098,6
1773730800000,100023.94619849577,0.021201598201210464,6
1773734400000,100026.0110076296,0.021201160542513725,6
1773738000000,100021.88138936194,0.021202035877976883,6
1773741600000,100017.75177109428,0.021202911285723235,6
1773745200000,100015.68696196045,0.021203349016705408,6
1773748800000,100015.68696196045,0.021203349016705408,6
1773752400000,100011.55734369278,0.021204224532893345,6
1773756000000,100013.62215282662,0.021203786765761738,6
1773759600000,100019.81658022811,0.021202473572814098,6
1773763200000,100017.75177109428,0.021202911285723235,6
1773766800000,100017.75177109428,0.0,6
1773770400000,100017.75177109428,0.0,6
1773774000000,100017.75177109428,0.0,6
1773777600000,100017.75177109428,0.0,6
1773781200000,100017.75177109428,0.0,6
1773784800000,100017.75177109428,0.0,6
1773788400000,100017.75177109428,0.0,6
1773792000000,100017.75177109428,0.0,6
1773795600000,100017.75177109428,0.0,6
1773799200000,100017.75177109428,0.0,6
1773802800000,100017.75177109428,0.0,6
1773806400000,100052.86432167228,0.07343402901096337,6
1773810000000,99994.76053858135,0.0734766991955827,6
1773813600000,99978.91405228383,0.07348834512630746,6
1773817200000,99985.63680404641,0.07348340397758331,6
1773820800000,99962.58736943183,0.07350034782587506,6
1773824400000,99973.63189018465,0.0734922279236413,6
1773828000000,99980.35464194724,0.07348728625278426,6
1773831600000,99919.36967952948,0.07353213861128775,6
1773835200000,99871.59437271759,0.0,6
1773838800000,99871.59437271759,0.0,6
1773842400000,99871.59437271759,0.0,6
1773846000000,99833.34924350689,0.01824592233225585,6
1773849600000,99827.8905471549,0.0,6
1773853200000,99827.8905471549,0.0,6
1773856800000,99827.8905471549,0.0,6
1773860400000,99827.8905471549,0.0,6
1773864000000,99827.8905471549,0.0,6
1773867600000,99827.8905471549,0.0,6
1773871200000,99827.8905471549,0.0,6
1773874800000,99827.8905471549,0.0,6
1773878400000,99827.8905471549,0.0,6
1773882000000,99827.8905471549,0.0,6
1773885600000,99827.8905471549,0.0,6
1773889200000,99827.8905471549,0.0,6
1773892800000,99827.8905471549,0.0,6
1773896400000,99827.8905471549,0.0,6
1773900000000,99827.8905471549,0.0,6
1773903600000,99827.8905471549,0.0,6
1773907200000,99827.8905471549,0.0,6
1773910800000,99827.8905471549,0.0,6
1773914400000,99827.8905471549,0.0,6
1773918000000,99827.8905471549,0.0,6
1773921600000,99827.8905471549,0.0,6
1773925200000,99827.8905471549,0.0,6
1773928800000,99827.8905471549,0.0,6
1773932400000,99827.8905471549,0.0,6
1773936000000,99827.8905471549,0.0,6
1773939600000,99827.8905471549,0.0,6
1773943200000,99827.8905471549,0.0,6
1773946800000,99827.8905471549,0.0,6
1773950400000,99827.8905471549,0.0,6
1773954000000,99827.8905471549,0.0,6
1773957600000,99827.8905471549,0.0,6
1773961200000,99827.8905471549,0.0,6
1773964800000,99827.8905471549,0.0,6
1773968400000,99827.8905471549,0.0,6
1773972000000,99827.8905471549,0.0,6
1773975600000,99827.8905471549,0.0,6
1773979200000,99827.8905471549,0.0,6
1773982800000,99827.8905471549,0.0,6
1773986400000,99827.8905471549,0.0,6
1773990000000,99827.8905471549,0.0,6
1773993600000,99827.8905471549,0.0,6
1773997200000,99827.8905471549,0.0,6
1774000800000,99827.8905471549,0.0,6
1774004400000,99827.8905471549,0.0,6
1774008000000,99827.8905471549,0.0,6
1774011600000,99827.8905471549,0.0,6
1774015200000,99827.8905471549,0.0,6
1774018800000,99827.8905471549,0.0,6
1774022400000,99827.8905471549,0.0,6
1774026000000,99827.8905471549,0.0,6
1774029600000,99827.8905471549,0.0,6
1774033200000,99827.8905471549,0.0,6
1774036800000,99827.8905471549,0.0,6
1774040400000,99827.8905471549,0.0,6
1774044000000,99827.8905471549,0.0,6
1774047600000,99827.8905471549,0.0,6
1774051200000,99827.8905471549,0.0,6
1774054800000,99827.8905471549,0.0,6
1774058400000,99827.8905471549,0.0,6
1774062000000,99827.8905471549,0.0,6
1774065600000,99827.8905471549,0.0,6
1774069200000,99827.8905471549,0.0,6
1774072800000,99827.8905471549,0.0,6
1774076400000,99827.8905471549,0.0,6
1774080000000,99827.8905471549,0.0,6
1774083600000,99827.8905471549,0.0,6
1774087200000,99827.8905471549,0.0,6
1774090800000,99827.8905471549,0.0,6
1774094400000,99827.8905471549,0.0,6
1774098000000,99827.8905471549,0.0,6
1774101600000,99827.8905471549,0.0,6
1774105200000,99827.8905471549,0.0,6
1774108800000,99827.8905471549,0.0,6
1774112400000,99827.8905471549,0.0,6
1774116000000,99827.8905471549,0.0,6
1774119600000,99827.8905471549,0.0,6
1774123200000,99827.8905471549,0.0,6
1774126800000,99827.8905471549,0.0,6
1774130400000,99827.8905471549,0.0,6
1774134000000,99827.8905471549,0.0,6
1774137600000,99827.8905471549,0.0,6
1774141200000,99827.8905471549,0.0,6
1774144800000,99827.8905471549,0.0,6
1774148400000,99827.8905471549,0.0,6
1774152000000,99827.8905471549,0.0,6
1774155600000,99827.8905471549,0.0,6
1774159200000,99827.8905471549,0.0,6
1774162800000,99827.8905471549,0.0,6
1774166400000,99827.8905471549,0.0,6
1774170000000,99827.8905471549,0.0,6
1774173600000,99827.8905471549,0.0,6
1774177200000,99827.8905471549,0.0,6
1774180800000,99827.8905471549,0.0,6
1774184400000,99827.8905471549,0.0,6
1774188000000,99827.8905471549,0.0,6
1774191600000,99827.8905471549,0.0,6
1774195200000,99827.8905471549,0.0,6
1774198800000,99827.8905471549,0.0,6
1774202400000,99827.8905471549,0.0,6
1774206000000,99827.8905471549,0.0,6
1774209600000,99827.8905471549,0.0,6
1774213200000,99827.8905471549,0.0,6
1774216800000,99827.8905471549,0.0,6
1774220400000,99827.8905471549,0.0,6
1774224000000,99827.8905471549,0.0,6
1774227600000,99827.8905471549,0.0,6
1774231200000,99827.8905471549,0.0,6
1774234800000,99827.8905471549,0.0,6
1774238400000,99827.8905471549,0.0,6
1774242000000,99827.8905471549,0.0,6
1774245600000,99827.8905471549,0.0,6
1774249200000,99827.8905471549,0.0,6
1774252800000,99827.8905471549,0.0,6
1774256400000,99827.8905471549,0.0,6
1774260000000,99827.8905471549,0.0,6
1774263600000,99827.8905471549,0.0,6
1774267200000,99827.8905471549,0.0,6
1774270800000,99827.8905471549,0.0,6
1774274400000,99827.8905471549,0.0,6
1774278000000,99825.40225822077,0.012703592450894098,6
1774281600000,99663.22551169305,0.06866699430479287,6
1774285200000,99650.71547146114,0.0,6
1774288800000,99650.71547146114,0.0,6
1774292400000,99650.71547146114,0.0,6
1774296000000,99650.71547146114,0.0,6
1774299600000,99650.71547146114,0.0,6
1774303200000,99650.71547146114,0.0,6
1774306800000,99650.71547146114,0.0,6
1774310400000,99650.71547146114,0.0,6
1774314000000,99650.71547146114,0.0,6
1774317600000,99650.71547146114,0.0,6
1774321200000,99650.71547146114,0.0,6
1774324800000,99650.71547146114,0.0,6
1774328400000,99593.4166998213,0.10745213865650996,6
1774332000000,99588.82567015139,0.1074570921837089,6
1774335600000,99644.180977286,0.10739739657195033,6
1774339200000,99748.91401211856,0.10728463288537295,6
1774342800000,99702.95447358185,0.10733408730972302,6
1774346400000,99749.42689412745,0.10728408125956666,6
1774350000000,99729.32348937438,0.10730570754994606,6
1774353600000,99748.7700923699,0.1072847876780324,6
1774357200000,99727.12003550549,0.10730807845142573,6
1774360800000,99614.7689613616,0.10742910646769319,6
1774364400000,99603.05699501578,0.10744173867113624,6
1774368000000,99606.23631203413,0.10743830925385388,6
1774371600000,99575.14619813318,0.10747185446467769,6
1774375200000,99499.98077041315,0.10755304209754107,6
1774378800000,99538.44378135577,0.10751148213660582,6
1774382400000,99530.2354459851,0.10752034869155387,6
1774386000000,99688.99086677787,0.10734912177821172,6
1774389600000,99688.27302300395,0.1073498947868753,6
1774393200000,99675.07349815466,0.10736411065403326,6
1774396800000,99729.82601233403,0.10730516685330693,6
1774400400000,99754.47929338177,0.10727864749843638,6
1774404000000,99731.00740956396,0.10730389573382093,6
1774407600000,99710.89777804176,0.10732553671642352,6
1774411200000,99732.29392479826,0.0,6
1774414800000,99732.29392479826,0.0,6
1774418400000,99732.29392479826,0.0,6
1774422000000,99732.29392479826,0.0,6
1774425600000,99732.29392479826,0.0,6
1774429200000,99732.29392479826,0.0,6
1774432800000,99732.29392479826,0.0,6
1774436400000,99708.3714036566,0.03579426553142573,6
1774440000000,99716.54532614315,0.03579133141902783,6
1774443600000,99720.00141417439,0.035790090965855094,6
1774447200000,99722.79919972348,0.035789086852451656,6
1774450800000,99709.74286716105,0.03579377319710179,6
1774454400000,99690.20805117287,0.0,6
1774458000000,99690.20805117287,0.0,6
1774461600000,99682.38661361394,0.013527229112132246,6
1774465200000,99686.16479335527,0.01352671642009425,6
1774468800000,99693.1614225059,0.013525767093008354,6
1774472400000,99683.64082951739,0.05268999886013622,6
1774476000000,99687.35118972778,0.05268803773996478,6
1774479600000,99706.24552526281,0.05267805335575196,6
1774483200000,99693.66468249969,0.0,6
1774483200000,100000.0,0.0,7
1774486800000,100000.0,0.0,7
1774490400000,100000.0,0.0,7
1774494000000,100000.0,0.0,7
1774497600000,100000.0,0.0,7
1774501200000,100000.0,0.0,7
1774504800000,100000.0,0.0,7
1774508400000,100000.0,0.0,7
1774512000000,99979.56274070132,0.09457976962147974,7
1774515600000,99961.77241315883,0.09459660210693732,7
1774519200000,99854.91513701346,0.0,7
1774522800000,99854.91513701346,0.0,7
1774526400000,99854.91513701346,0.0,7
1774530000000,99854.91513701346,0.0,7
1774533600000,99854.91513701346,0.0,7
1774537200000,99854.91513701346,0.0,7
1774540800000,99854.91513701346,0.0,7
1774544400000,99854.91513701346,0.0,7
1774548000000,99854.91513701346,0.0,7
1774551600000,99854.91513701346,0.0,7
1774555200000,99854.91513701346,0.0,7
1774558800000,99854.91513701346,0.0,7
1774562400000,99854.91513701346,0.0,7
1774566000000,99854.91513701346,0.0,7
1774569600000,99854.91513701346,0.0,7
1774573200000,99854.91513701346,0.0,7
1774576800000,99854.91513701346,0.0,7
1774580400000,99854.91513701346,0.0,7
1774584000000,99854.91513701346,0.0,7
1774587600000,99854.91513701346,0.0,7
1774591200000,99854.91513701346,0.0,7
1774594800000,99854.91513701346,0.0,7
1774598400000,99854.91513701346,0.0,7
1774602000000,99854.91513701346,0.0,7
1774605600000,99854.91513701346,0.0,7
1774609200000,99854.91513701346,0.0,7
1774612800000,99854.91513701346,0.0,7
1774616400000,99854.91513701346,0.0,7
1774620000000,99854.91513701346,0.0,7
1774623600000,99854.91513701346,0.0,7
1774627200000,99854.91513701346,0.0,7
1774630800000,99854.91513701346,0.0,7
1774634400000,99854.91513701346,0.0,7
1774638000000,99854.91513701346,0.0,7
1774641600000,99854.91513701346,0.0,7
1774645200000,99854.91513701346,0.0,7
1774648800000,99854.91513701346,0.0,7
1774652400000,99854.91513701346,0.0,7
1774656000000,99854.91513701346,0.0,7
1774659600000,99854.91513701346,0.0,7
1774663200000,99854.91513701346,0.0,7
1774666800000,99854.91513701346,0.0,7
1774670400000,99854.91513701346,0.0,7
1774674000000,99854.91513701346,0.0,7
1774677600000,99854.91513701346,0.0,7
1774681200000,99854.91513701346,0.0,7
1774684800000,99854.91513701346,0.0,7
1774688400000,99854.91513701346,0.0,7
1774692000000,99854.91513701346,0.0,7
1774695600000,99854.91513701346,0.0,7
1774699200000,99854.91513701346,0.0,7
1774702800000,99854.91513701346,0.0,7
1774706400000,99854.91513701346,0.0,7
1774710000000,99854.91513701346,0.0,7
1774713600000,99854.91513701346,0.0,7
1774717200000,99854.91513701346,0.0,7
1774720800000,99854.91513701346,0.0,7
1774724400000,99854.91513701346,0.0,7
1774728000000,99854.91513701346,0.0,7
1774731600000,99854.91513701346,0.0,7
1774735200000,99854.91513701346,0.0,7
1774738800000,99854.91513701346,0.0,7
1774742400000,99854.91513701346,0.0,7
1774746000000,99854.91513701346,0.0,7
1774749600000,99854.91513701346,0.0,7
1774753200000,99854.91513701346,0.0,7
1774756800000,99854.91513701346,0.0,7
1774760400000,99854.91513701346,0.0,7
1774764000000,99854.91513701346,0.0,7
1774767600000,99854.91513701346,0.0,7
1774771200000,99854.91513701346,0.0,7
1774774800000,99854.91513701346,0.0,7
1774778400000,99854.91513701346,0.0,7
1774782000000,99854.91513701346,0.0,7
1774785600000,99854.91513701346,0.0,7
1774789200000,99854.91513701346,0.0,7
1774792800000,99854.91513701346,0.0,7
1774796400000,99854.91513701346,0.0,7
1774800000000,99830.28298257876,0.05385159670290783,7
1774803600000,99823.73517179326,0.05385512902981486,7
1774807200000,99813.91345561502,0.053860428389130216,7
1774810800000,99830.28298257876,0.05385159670290783,7
1774814400000,99817.84214208632,0.05385830852025899,7
1774818000000,99838.79513659992,0.053847005370602656,7
1774821600000,99853.20032032802,0.05383923720690752,7
1774825200000,99784.026565944,0.0,7
1774828800000,99784.026565944,0.0,7
1774832400000,100082.32867155624,0.0,7
1774836000000,100082.32867155624,0.0,7
1774839600000,100082.32867155624,0.0,7
1774843200000,100082.32867155624,0.0,7
1774846800000,100082.32867155624,0.0,7
1774850400000,100082.32867155624,0.0,7
1774854000000,100082.32867155624,0.0,7
1774857600000,100082.32867155624,0.0,7
1774861200000,100082.32867155624,0.0,7
1774864800000,100021.63129906378,0.0810691388904149,7
1774868400000,100000.56715193676,0.08108621531625611,7
1774872000000,100031.20591139425,0.0810613792561111,7
1774875600000,100054.3910688109,0.0911135276661178,7
1774879200000,100003.89285180242,0.09115953658198381,7
1774882800000,100044.81645648043,0.09112224752524058,7
1774886400000,100050.63089399922,0.0911169519602844,7
1774890000000,100020.59447932974,0.09114431459061813,7
1774893600000,99918.63062697058,0.0,7
1774897200000,99918.63062697058,0.0,7
1774900800000,99918.63062697058,0.0,7
1774904400000,99918.63062697058,0.0,7
1774908000000,99918.63062697058,0.0,7
1774911600000,99918.63062697058,0.0,7
1774915200000,99918.63062697058,0.0,7
1774918800000,99918.63062697058,0.0,7
1774922400000,99918.63062697058,0.0,7
1774926000000,99918.63062697058,0.0,7
1774929600000,99918.63062697058,0.0,7
1774933200000,99918.63062697058,0.0,7
1774936800000,99918.63062697058,0.0,7
1774940400000,99918.63062697058,0.0,7
1774944000000,99918.63062697058,0.0,7
1774947600000,99918.63062697058,0.0,7
1774951200000,99918.63062697058,0.0,7
1774954800000,99918.63062697058,0.0,7
1774958400000,99918.63062697058,0.0,7
1774962000000,99913.54940324342,0.03678521127670688,7
1774965600000,99950.88207751742,0.03677147162496845,7
1774969200000,99968.1199177528,0.0,7
1774972800000,99968.1199177528,0.0,7
1774976400000,99968.1199177528,0.0,7
1774980000000,99968.1199177528,0.0,7
1774983600000,99968.1199177528,0.0,7
1774987200000,99968.1199177528,0.0,7
1774990800000,99968.1199177528,0.0,7
1774994400000,99968.1199177528,0.0,7
1774998000000,99968.1199177528,0.0,7
1775001600000,99968.1199177528,0.0,7
1775005200000,99968.1199177528,0.0,7
1775008800000,99968.1199177528,0.0,7
1775012400000,99968.1199177528,0.0,7
1775016000000,99968.1199177528,0.0,7
1775019600000,99968.1199177528,0.0,7
1775023200000,99968.1199177528,0.0,7
1775026800000,99968.1199177528,0.0,7
1775030400000,99743.83193089184,0.23548862867638756,7
1775034000000,99741.7048882918,0.23549365059119823,7
1775037600000,99728.68822223949,0.2355243874058684,7
1775041200000,99716.18891377102,0.23555391011428817,7
1775044800000,99750.2721273168,0.23547342477776978,7
1775048400000,99690.07270111243,0.23561561912745693,7
1775052000000,99576.69685528634,0.06942100621251446,7
1775055600000,99622.77390833286,0.06938889793786693,7
1775059200000,99626.77757095624,0.08310345949878578,7
1775062800000,99636.3822182357,0.08309544857548229,7
1775066400000,99597.9161201469,0.08312754119147418,7
1775070000000,99568.57472196803,0.08315203765828151,7
1775073600000,99592.84742894964,0.08313177189525628,7
1775077200000,99554.06506112702,0.013727368972938341,7
1775080800000,99560.12004093603,0.013726534111128938,7
1775084400000,99536.87410463818,0.02707714308706035,7
1775088000000,99538.31844415121,0.02707675018723773,7
1775091600000,99556.06695094293,0.0270719230390858,7
1775095200000,99511.93633627104,0.0,7
1775098800000,99511.93633627104,0.0,7
1775102400000,99511.93633627104,0.0,7
1775106000000,99511.93633627104,0.0,7
1775109600000,99511.93633627104,0.0,7
1775113200000,99511.93633627104,0.0,7
1775116800000,99511.93633627104,0.0,7
1775120400000,99511.93633627104,0.0,7
1775124000000,99511.93633627104,0.0,7
1775127600000,99511.93633627104,0.0,7
1775131200000,99511.93633627104,0.0,7
1775134800000,99511.93633627104,0.0,7
1775138400000,99511.93633627104,0.0,7
1775142000000,99511.93633627104,0.0,7
1775145600000,99511.93633627104,0.0,7
1775149200000,99511.93633627104,0.0,7
1775152800000,99511.93633627104,0.0,7
1775156400000,99511.93633627104,0.0,7
1775160000000,99511.93633627104,0.0,7
1775163600000,99511.93633627104,0.0,7
1775167200000,99511.93633627104,0.0,7
1775170800000,99511.93633627104,0.0,7
1775174400000,99511.93633627104,0.0,7
1775178000000,99511.93633627104,0.0,7
1775181600000,99511.93633627104,0.0,7
1775185200000,99511.93633627104,0.0,7
1775188800000,99511.93633627104,0.0,7
1775192400000,99511.93633627104,0.0,7
1775196000000,99511.93633627104,0.0,7
1775199600000,99511.93633627104,0.0,7
1775203200000,99511.93633627104,0.0,7
1775206800000,99511.93633627104,0.0,7
1775210400000,99511.93633627104,0.0,7
1775214000000,99511.93633627104,0.0,7
1775217600000,99511.93633627104,0.0,7
1775221200000,99511.93633627104,0.0,7
1775224800000,99511.93633627104,0.0,7
1775228400000,99511.93633627104,0.0,7
1775232000000,99511.93633627104,0.0,7
1775235600000,99511.93633627104,0.0,7
1775239200000,99511.93633627104,0.0,7
1775242800000,99511.93633627104,0.0,7
1775246400000,99511.93633627104,0.0,7
1775250000000,99511.93633627104,0.0,7
1775253600000,99511.93633627104,0.0,7
1775257200000,99511.93633627104,0.0,7
1775260800000,99511.93633627104,0.0,7
1775264400000,99511.93633627104,0.0,7
1775268000000,99511.93633627104,0.0,7
1775271600000,99511.93633627104,0.0,7
1775275200000,99511.93633627104,0.0,7
1775278800000,99511.93633627104,0.0,7
1775282400000,99511.93633627104,0.0,7
1775286000000,99511.93633627104,0.0,7
1775289600000,99511.93633627104,0.0,7
1775293200000,99511.93633627104,0.0,7
1775296800000,99511.93633627104,0.0,7
1775300400000,99511.93633627104,0.0,7
1775304000000,99511.93633627104,0.0,7
1775307600000,99511.93633627104,0.0,7
1775311200000,99511.93633627104,0.0,7
1775314800000,99511.93633627104,0.0,7
1775318400000,99511.93633627104,0.0,7
1775322000000,99448.77937187142,0.19540702105600105,7
1775325600000,99438.04955963841,0.1954281063513606,7
1775329200000,99428.28393385875,0.19544730086702503,7
1775332800000,99426.25482505394,0.19545128959052432,7
1775336400000,99420.49273168204,0.1954626173213506,7
1775340000000,99446.62650182038,0.19541125132441933,7
1775343600000,99458.3464040234,0.19538822459174485,7
1775347200000,99429.70862727487,0.19544450037121158,7
1775350800000,99408.00148031635,0.19548717844972252,7
1775354400000,99372.53105104239,0.0,7
1775358000000,99372.53105104239,0.0,7
1775361600000,99367.67305436963,0.018365298047927373,7
1775365200000,99366.72132629018,0.018365473949573382,7
1775368800000,99364.05034748654,0.01836596762702983,7
1775372400000,99358.53708708927,0.0,7
1775376000000,99358.53708708927,0.0,7
1775379600000,99358.53708708927,0.0,7
1775383200000,99358.53708708927,0.0,7
1775386800000,99358.53708708927,0.0,7
1775390400000,99358.53708708927,0.0,7
1775394000000,99358.53708708927,0.0,7
1775397600000,99358.53708708927,0.0,7
1775401200000,99358.53708708927,0.0,7
1775404800000,99358.53708708927,0.0,7
1775408400000,99358.53708708927,0.0,7
1775412000000,99358.53708708927,0.0,7
1775415600000,99358.53708708927,0.0,7
1775419200000,99358.53708708927,0.0,7
1775422800000,99358.53708708927,0.0,7
1775426400000,99358.53708708927,0.0,7
1775430000000,99358.53708708927,0.0,7
1775433600000,99358.53708708927,0.0,7
1775437200000,99358.53708708927,0.0,7
1775440800000,99358.53708708927,0.0,7
1775444400000,99358.53708708927,0.0,7
1775448000000,99358.53708708927,0.0,7
1775451600000,99358.53708708927,0.0,7
1775455200000,99358.53708708927,0.0,7
1775458800000,99358.53708708927,0.0,7
1775462400000,99358.53708708927,0.0,7
1775466000000,99358.53708708927,0.0,7
1775469600000,99358.53708708927,0.0,7
1775473200000,99292.63471018671,0.28917811076867944,7
1775476800000,99241.17749297101,0.2893280515617631,7
1775480400000,99128.57223832293,0.2896567142085388,7
1775484000000,99168.68023640996,0.28953956481306764,7
1775487600000,99259.8650063732,0.2892735801816051,7
1775491200000,99362.98574287274,0.28897336673275226,7
1775494800000,99190.8475546535,0.2894748580801831,7
1775498400000,99053.32017409429,0.12211757358075881,7
1775502000000,99107.74517020822,0.12205051274251492,7
1775505600000,99064.47660328013,0.16723461940818823,7
1775509200000,99079.74605144896,0.16720884642778755,7
1775512800000,99011.0392232236,0.16732487782771432,7
1775516400000,98918.80038937787,0.0,7
1775520000000,98918.80038937787,0.0,7
1775523600000,98918.80038937787,0.0,7
1775527200000,98918.80038937787,0.0,7
1775530800000,98918.80038937787,0.0,7
1775534400000,98918.80038937787,0.0,7
1775538000000,98918.80038937787,0.0,7
1775541600000,98918.80038937787,0.0,7
1775545200000,98918.80038937787,0.0,7
1775548800000,98918.80038937787,0.0,7
1775552400000,98918.80038937787,0.0,7
1775556000000,98918.80038937787,0.0,7
1775559600000,98918.80038937787,0.0,7
1775563200000,98918.80038937787,0.0,7
1775566800000,98918.80038937787,0.0,7
1775570400000,98918.80038937787,0.0,7
1775574000000,98918.80038937787,0.0,7
1775577600000,98918.80038937787,0.0,7
1775581200000,98918.80038937787,0.0,7
1775584800000,98918.80038937787,0.0,7
1775588400000,98918.80038937787,0.0,7
1775592000000,98918.80038937787,0.0,7
1775595600000,98918.80038937787,0.0,7
1775599200000,98918.80038937787,0.0,7
1775602800000,98918.80038937787,0.0,7
1775606400000,98918.80038937787,0.0,7
1775610000000,98918.80038937787,0.0,7
1775613600000,98918.80038937787,0.0,7
1775617200000,98918.80038937787,0.0,7
1775620800000,98918.80038937787,0.0,7
1775624400000,98918.80038937787,0.0,7
1775628000000,98918.80038937787,0.0,7
1775631600000,98918.80038937787,0.0,7
1775635200000,98918.80038937787,0.0,7
1775638800000,98918.80038937787,0.0,7
1775642400000,98918.80038937787,0.0,7
1775646000000,98918.80038937787,0.0,7
1775649600000,98918.80038937787,0.0,7
1775653200000,98899.35559815897,0.08231948753577674,7
1775656800000,98827.50502698384,0.04712215674484005,7
1775660400000,98750.88965034095,0.0,7
1775664000000,98750.88965034095,0.0,7
1775667600000,98750.88965034095,0.0,7
1775671200000,98760.27718190488,0.09611799448882166,7
1775674800000,98405.07523246706,0.2554680864206548,7
1775678400000,98491.65095811702,0.2552435259147935,7
1775682000000,98503.24106845596,0.2552134933940707,7
1775685600000,98554.38574691053,0.25508105066249676,7
1775689200000,98363.35272493576,0.09650585827864311,7
1775692800000,98364.02618237768,0.0,7
1775692800000,100000.0,0.0,8
1775696400000,100000.0,0.0,8
1775700000000,100000.0,0.0,8
1775703600000,100000.0,0.0,8
1775707200000,100000.0,0.0,8
1775710800000,100000.0,0.0,8
1775714400000,100000.0,0.0,8
1775718000000,100000.0,0.0,8
1775721600000,100000.0,0.0,8
1775725200000,100000.0,0.0,8
1775728800000,100000.0,0.0,8
1775732400000,100000.0,0.0,8
1775736000000,100000.0,0.0,8
1775739600000,100000.0,0.0,8
1775743200000,100000.0,0.0,8
1775746800000,100000.0,0.0,8
1775750400000,100000.0,0.0,8
1775754000000,100000.0,0.0,8
1775757600000,100000.0,0.0,8
1775761200000,100000.0,0.0,8
1775764800000,100000.0,0.0,8
1775768400000,99998.38737405742,0.010657077270787789,8
1775772000000,100000.30940370381,0.010656872439236962,8
1775775600000,100023.29607971908,0.0,8
1775779200000,100023.29607971908,0.0,8
1775782800000,100023.29607971908,0.0,8
1775786400000,100023.29607971908,0.0,8
1775790000000,100023.29607971908,0.0,8
1775793600000,100023.29607971908,0.0,8
1775797200000,100023.29607971908,0.0,8
1775800800000,99985.74616499171,0.1278938097748279,8
1775804400000,99923.0120930684,0.12797410458673253,8
1775808000000,99868.91913812503,0.12804342042125916,8
1775811600000,99887.52603779425,0.12801956868349382,8
1775815200000,99928.35481477108,0.12796726238436443,8
1775818800000,99935.26670166514,0.12795841170258876,8
1775822400000,99972.4119705852,0.12791086809011018,8
1775826000000,100005.23560821576,0.1278688852883332,8
1775829600000,100013.34075754193,0.12785852270668577,8
1775833200000,100119.78404153614,0.1277225887234692,8
1775836800000,100049.98601715485,0.1278116920278938,8
1775840400000,100128.11745968838,0.12771195868501126,8
1775844000000,100142.47171793981,0.12769365266154975,8
1775847600000,100173.39261034793,0.12765423698846273,8
1775851200000,100196.7325371932,0.1157637292331569,8
1775854800000,100218.84265635427,0.01341645092755168,8
1775858400000,100210.26825355549,0.013417598894285905,8
1775862000000,100205.9810521561,0.013418172951324737,8
1775865600000,100201.69385075671,0.013418747057486455,8
1775869200000,100195.97758222418,0.01341951260879302,8
1775872800000,100195.97758222418,0.01341951260879302,8
1775876400000,100183.51736194003,0.11502247562552152,8
1775880000000,100064.06372571751,0.20038152759113798,8
1775883600000,100076.39941718115,0.1869212808490563,8
1775887200000,100010.27123868292,0.18704487579257567,8
1775890800000,100004.28777951536,0.10178338574611354,8
1775894400000,99990.4366057821,0.1017974852880996,8
1775898000000,99991.79456399125,0.10179610280735285,8
1775901600000,100041.26950807769,0.10174576001862799,8
1775905200000,99969.30949632388,0.24852282203037998,8
1775908800000,100007.60028560652,0.2484276679122618,8
1775912400000,100011.55239756164,0.24841785090679794,8
1775916000000,99928.87251112153,0.248623388697694,8
1775919600000,99948.81983287865,0.24857376959524743,8
1775923200000,100013.31330217172,0.2484134770877088,8
1775926800000,100090.05100775723,0.2482230217919397,8
1775930400000,100108.44591296697,0.24817741086555783,8
1775934000000,100312.05365618986,0.14620256867029202,8
1775937600000,100349.59120333381,0.0,8
1775941200000,100349.59120333381,0.0,8
1775944800000,100349.59120333381,0.0,8
1775948400000,100349.59120333381,0.0,8
1775952000000,100349.59120333381,0.0,8
1775955600000,100349.59120333381,0.0,8
1775959200000,100349.59120333381,0.0,8
1775962800000,100349.59120333381,0.0,8
1775966400000,100349.59120333381,0.0,8
1775970000000,100349.59120333381,0.0,8
1775973600000,100349.59120333381,0.0,8
1775977200000,100349.59120333381,0.0,8
1775980800000,100349.59120333381,0.0,8
1775984400000,100349.59120333381,0.0,8
1775988000000,100349.59120333381,0.0,8
1775991600000,100349.59120333381,0.0,8
1775995200000,100349.59120333381,0.0,8
1775998800000,100349.59120333381,0.0,8
1776002400000,100349.59120333381,0.0,8
1776006000000,100349.59120333381,0.0,8
1776009600000,100349.59120333381,0.0,8
1776013200000,100349.59120333381,0.0,8
1776016800000,100349.59120333381,0.0,8
1776020400000,100349.59120333381,0.0,8
1776024000000,100349.59120333381,0.0,8
1776027600000,100349.59120333381,0.0,8
1776031200000,100349.59120333381,0.0,8
1776034800000,100349.59120333381,0.0,8
1776038400000,100349.59120333381,0.0,8
1776042000000,100349.59120333381,0.0,8
1776045600000,100349.59120333381,0.0,8
1776049200000,100349.59120333381,0.0,8
1776052800000,100349.59120333381,0.0,8
1776056400000,100349.59120333381,0.0,8
1776060000000,100349.59120333381,0.0,8
1776063600000,100349.59120333381,0.0,8
1776067200000,100349.59120333381,0.0,8
1776070800000,100349.59120333381,0.0,8
1776074400000,100349.59120333381,0.0,8
1776078000000,100349.59120333381,0.0,8
1776081600000,100349.59120333381,0.0,8
1776085200000,100349.59120333381,0.0,8
1776088800000,100349.59120333381,0.0,8
1776092400000,100349.59120333381,0.0,8
1776096000000,100349.59120333381,0.0,8
1776099600000,100349.59120333381,0.0,8
1776103200000,100343.22416468977,0.010140741704845198,8
1776106800000,100353.81365197519,0.010139671638333122,8
1776110400000,100366.64939413931,0.010138374890742522,8
1776114000000,100283.32714453648,0.12993930166383888,8
1776117600000,100323.39743339937,0.12988740245103791,8
1776121200000,100577.06554165577,0.03373264561501191,8
1776124800000,100583.88439357825,0.0,8
1776128400000,100583.88439357825,0.0,8
1776132000000,100583.88439357825,0.0,8
1776135600000,100583.88439357825,0.0,8
1776139200000,100583.88439357825,0.0,8
1776142800000,100583.88439357825,0.0,8
1776146400000,100583.88439357825,0.0,8
1776150000000,100583.88439357825,0.0,8
1776153600000,100579.22363340326,0.013545413628804737,8
1776157200000,100586.85087896873,0.013544386514473887,8
1776160800000,100589.00953337406,0.013544095850019066,8
1776164400000,100587.57043043718,0.013544289624936104,8
1776168000000,100584.54831426972,0.013544696570310303,8
1776171600000,100578.9358128159,0.013545452390886233,8
1776175200000,100602.39319068704,0.01354229400881309,8
1776178800000,100585.41177603185,0.013544580297708126,8
1776182400000,100577.92844076008,0.01354558805991853,8
1776186000000,100506.38937524051,0.013555229623183743,8
1776189600000,100508.11629876477,0.013554996718162984,8
1776193200000,100345.65083949352,0.0,8
1776196800000,100345.65083949352,0.0,8
1776200400000,100345.65083949352,0.0,8
1776204000000,100345.65083949352,0.0,8
1776207600000,100345.65083949352,0.0,8
1776211200000,100345.65083949352,0.0,8
1776214800000,100345.65083949352,0.0,8
1776218400000,100345.65083949352,0.0,8
1776222000000,100345.65083949352,0.0,8
1776225600000,100345.65083949352,0.0,8
1776229200000,100345.65083949352,0.0,8
1776232800000,100345.65083949352,0.0,8
1776236400000,100345.65083949352,0.0,8
1776240000000,100345.65083949352,0.0,8
1776243600000,100345.65083949352,0.0,8
1776247200000,100345.65083949352,0.0,8
1776250800000,100345.65083949352,0.0,8
1776254400000,100345.65083949352,0.0,8
1776258000000,100345.65083949352,0.0,8
1776261600000,100345.65083949352,0.0,8
1776265200000,100345.65083949352,0.0,8
1776268800000,100345.65083949352,0.0,8
1776272400000,100345.65083949352,0.0,8
1776276000000,100345.65083949352,0.0,8
1776279600000,100345.65083949352,0.0,8
1776283200000,100425.50134361899,0.01002206180964165,8
1776286800000,100315.25007182486,0.10358705815948989,8
1776290400000,100276.49509857928,0.01003695413108091,8
1776294000000,100275.41270725436,0.010037062471817557,8
1776297600000,100273.24792460454,0.010037279160307696,8
1776301200000,100274.33031592946,0.010037170814893125,8
1776304800000,100270.00075062981,0.010037604210586169,8
1776308400000,100275.41270725436,0.010037062471817557,8
1776312000000,100275.41270725436,0.010037062471817557,8
1776315600000,100269.22298513891,0.020993534945388845,8
1776319200000,100271.31748589966,0.020993096425421055,8
1776322800000,100281.52292968791,0.020990960001289753,8
1776326400000,100269.04024664586,0.020993573205722545,8
1776330000000,100270.27726928967,0.020993314210473533,8
1776333600000,100268.89968286772,0.02099360263594444,8
1776337200000,100259.46739567396,0.020995577688220673,8
1776340800000,100266.3834628652,0.020994129477753757,8
1776344400000,100280.22966478844,0.020991230711397486,8
1776348000000,100242.44881151697,0.0,8
1776351600000,100242.44881151697,0.0,8
1776355200000,100242.44881151697,0.0,8
1776358800000,100155.32954405768,0.08029410859879348,8
1776362400000,100220.18832769539,0.08024214523388776,8
1776366000000,100411.42122105762,0.0,8
1776369600000,100497.77535001669,0.11474006644288867,8
1776373200000,100389.87493992773,0.114863390634997,8
1776376800000,100375.39444130207,0.11487996122163814,8
1776380400000,100406.34396275955,0.11484455031347697,8
1776384000000,100422.23481452555,0.11482637726914535,8
1776387600000,100345.1812008578,0.11491455078387801,8
1776391200000,100259.09445793094,0.11501322132788573,8
1776394800000,100198.74993295965,0.02148960924446334,8
1776398400000,100201.55560471946,0.021489007529356,8
1776402000000,100199.39739567344,0.021489470384140015,8
1776405600000,100174.79381254895,0.021494748338311668,8
1776409200000,100189.25381315721,0.021491646068734674,8
1776412800000,100211.0517245219,0.021486971205154005,8
1776416400000,100225.94336693935,0.02148377865558977,8
1776420000000,100225.29590422555,0.021483917442365157,8
1776423600000,100199.39739567344,0.021489470384140015,8
1776427200000,100227.66993417616,0.02148340856628834,8
1776430800000,100249.03620373165,0.02147882976617434,8
1776434400000,100295.01102608835,0.0,8
1776438000000,100295.01102608835,0.0,8
1776441600000,100295.01102608835,0.0,8
1776445200000,100295.01102608835,0.0,8
1776448800000,100295.01102608835,0.0,8
1776452400000,100295.01102608835,0.0,8
1776456000000,100295.01102608835,0.0,8
1776459600000,100295.01102608835,0.0,8
1776463200000,100295.01102608835,0.0,8
1776466800000,100295.01102608835,0.0,8
1776470400000,100295.01102608835,0.0,8
1776474000000,100295.01102608835,0.0,8
1776477600000,100295.01102608835,0.0,8
1776481200000,100257.23243700882,0.08040501789368165,8
1776484800000,100219.13249790276,0.08043558517369313,8
1776488400000,100219.13249790276,0.08043558517369313,8
1776492000000,100211.43638244533,0.13408003225389778,8
1776495600000,100173.20477020428,0.25928030046315065,8
1776499200000,100165.00147447668,0.2593015349557352,8
1776502800000,99984.46422947197,0.1253853396667223,8
1776506400000,99942.41903259495,0.0,8
1776510000000,99942.41903259495,0.0,8
1776513600000,99942.41903259495,0.0,8
1776517200000,99942.41903259495,0.0,8
1776520800000,99942.41903259495,0.0,8
1776524400000,99942.41903259495,0.0,8
1776528000000,99942.41903259495,0.0,8
1776531600000,99942.41903259495,0.0,8
1776535200000,99942.41903259495,0.0,8
1776538800000,99942.41903259495,0.0,8
1776542400000,99942.41903259495,0.0,8
1776546000000,99942.41903259495,0.0,8
1776549600000,99942.41903259495,0.0,8
1776553200000,99942.41903259495,0.0,8
1776556800000,99942.41903259495,0.0,8
1776560400000,99942.41903259495,0.0,8
1776564000000,99942.41903259495,0.0,8
1776567600000,99942.41903259495,0.0,8
1776571200000,99942.41903259495,0.0,8
1776574800000,99942.41903259495,0.0,8
1776578400000,99942.41903259495,0.0,8
1776582000000,99942.41903259495,0.0,8
1776585600000,99942.41903259495,0.0,8
1776589200000,99942.41903259495,0.0,8
1776592800000,99942.41903259495,0.0,8
1776596400000,99942.41903259495,0.0,8
1776600000000,99942.41903259495,0.0,8
1776603600000,99942.41903259495,0.0,8
1776607200000,99942.41903259495,0.0,8
1776610800000,99942.41903259495,0.0,8
1776614400000,99942.41903259495,0.0,8
1776618000000,99942.41903259495,0.0,8
1776621600000,99942.41903259495,0.0,8
1776625200000,99942.41903259495,0.0,8
1776628800000,99942.41903259495,0.0,8
1776632400000,99942.41903259495,0.0,8
1776636000000,99942.41903259495,0.0,8
1776639600000,99942.41903259495,0.0,8
1776643200000,99942.41903259495,0.0,8
1776646800000,99942.41903259495,0.0,8
1776650400000,99942.41903259495,0.0,8
1776654000000,99942.41903259495,0.0,8
1776657600000,99942.41903259495,0.0,8
1776661200000,99942.41903259495,0.0,8
1776664800000,99942.41903259495,0.0,8
1776668400000,99942.41903259495,0.0,8
1776672000000,99942.41903259495,0.0,8
1776675600000,99942.41903259495,0.0,8
1776679200000,99942.41903259495,0.0,8
1776682800000,99942.41903259495,0.0,8
1776686400000,99942.41903259495,0.0,8
1776690000000,99942.41903259495,0.0,8
1776693600000,99942.41903259495,0.0,8
1776697200000,99942.41903259495,0.0,8
1776700800000,99942.41903259495,0.0,8
1776704400000,99942.41903259495,0.0,8
1776708000000,99942.41903259495,0.0,8
1776711600000,99942.41903259495,0.0,8
1776715200000,99930.96244131739,0.031435483483111815,8
1776718800000,99933.19835591354,0.031434780142705294,8
1776722400000,99930.26682344302,0.031435702306546354,8
1776726000000,99922.91314877121,0.031438015769200287,8
1776729600000,99924.50313248404,0.03143751553220666,8
1776733200000,99935.73239245586,0.03143398306162454,8
1776736800000,99924.53865162503,0.046135595015234315,8
1776740400000,99910.7278054536,0.04614197242454539,8
1776744000000,99918.41201428766,0.04613842388384125,8
1776747600000,99926.80697843731,0.046134547742632113,8
1776751200000,99896.05093061604,0.1684684176438694,8
1776754800000,99926.71859332891,0.16841671442892545,8
1776758400000,99948.10891552792,0.16838067084766692,8
1776762000000,100096.52882816106,0.04605632284441921,8
1776765600000,100107.37572964586,0.04605133251885124,8
1776769200000,100125.37471443567,0.014668608554313343,8
1776772800000,100130.09284124941,0.014667917369941328,8
1776776400000,100123.80200549777,0.014668838963579851,8
1776780000000,100119.08387868403,0.01466953023481166,8
1776783600000,100117.51116974613,0.01466976067303416,8
1776787200000,100122.22929655986,0.014669069380084845,8
1776790800000,100112.79304293239,0.014670452031142138,8
1776794400000,100112.79304293239,0.014670452031142138,8
1776798000000,100111.22033399448,0.014670682498326091,8
1776801600000,100089.56773304596,0.0,8
1776805200000,100089.56773304596,0.0,8
1776808800000,100089.56773304596,0.0,8
1776812400000,100089.56773304596,0.0,8
1776816000000,100089.56773304596,0.0,8
1776819600000,100089.56773304596,0.0,8
1776823200000,100089.56773304596,0.0,8
1776826800000,100089.56773304596,0.0,8
1776830400000,100089.56773304596,0.0,8
1776834000000,100089.56773304596,0.0,8
1776837600000,100089.56773304596,0.0,8
1776841200000,100057.38499916044,0.11395241701472404,8
1776844800000,100051.49166935855,0.11395912915028529,8
1776848400000,100049.71528842438,0.11396115249261779,8
1776852000000,100054.73279224198,0.11395543761535279,8
1776855600000,100071.38749366332,0.11393647221638756,8
1776859200000,100089.48662802561,0.1139158691381934,8
1776862800000,100073.67427426172,0.1139338686573996,8
1776866400000,100153.53178836993,0.11384302337854377,8
1776870000000,100094.84029473085,0.21272746817518476,8
1776873600000,100121.75077015864,0.21267029181479244,8
1776877200000,100077.05151591044,0.014808183465860757,8
1776880800000,100081.6685741083,0.014807500321326491,8
1776884400000,100080.12955470903,0.014807728029167706,8
1776888000000,100070.8963312254,0.0,8
1776891600000,100070.8963312254,0.0,8
1776895200000,100070.8963312254,0.0,8
1776898800000,99963.78362498744,0.22810723965212967,8
1776902400000,99787.88041077988,0.0,8
1776902400000,100000.0,0.0,9
1776906000000,100000.0,0.0,9
1776909600000,100000.0,0.0,9
1776913200000,100000.0,0.0,9
1776916800000,100000.0,0.0,9
1776920400000,100000.0,0.0,9
1776924000000,100000.0,0.0,9
1776927600000,100000.0,0.0,9
1776931200000,100000.0,0.0,9
1776934800000,100000.0,0.0,9
1776938400000,100000.0,0.0,9
1776942000000,100000.0,0.0,9
1776945600000,100000.0,0.0,9
1776949200000,100000.0,0.0,9
1776952800000,100000.0,0.0,9
1776956400000,100000.0,0.0,9
1776960000000,100000.0,0.0,9
1776963600000,100000.0,0.0,9
1776967200000,100000.0,0.0,9
1776970800000,100000.0,0.0,9
1776974400000,100000.0,0.0,9
1776978000000,100000.0,0.0,9
1776981600000,100000.0,0.0,9
1776985200000,100000.0,0.0,9
1776988800000,100000.0,0.0,9
1776992400000,100000.0,0.0,9
1776996000000,100000.0,0.0,9
1776999600000,100000.0,0.0,9
1777003200000,100000.0,0.0,9
1777006800000,100000.0,0.0,9
1777010400000,100000.0,0.0,9
1777014000000,100000.0,0.0,9
1777017600000,100000.0,0.0,9
1777021200000,100000.0,0.0,9
1777024800000,100000.0,0.0,9
1777028400000,100000.0,0.0,9
1777032000000,100000.0,0.0,9
1777035600000,100000.0,0.0,9
1777039200000,100000.0,0.0,9
1777042800000,100000.0,0.0,9
1777046400000,100000.0,0.0,9
1777050000000,100000.0,0.0,9
1777053600000,100000.0,0.0,9
1777057200000,100000.0,0.0,9
1777060800000,100000.0,0.0,9
1777064400000,100000.0,0.0,9
1777068000000,100000.0,0.0,9
1777071600000,100000.0,0.0,9
1777075200000,100000.0,0.0,9
1777078800000,99962.4558053318,0.13687600859264984,9
1777082400000,99977.40046059343,0.13685554832110267,9
1777086000000,99989.068753675,0.1368395778688567,9
1777089600000,100001.63637114399,0.13682238067557387,9
1777093200000,99991.0525574708,0.1368368629972052,9
1777096800000,99971.87226068249,0.13686311609804763,9
1777100400000,99970.69961221654,0.13686472149166556,9
1777104000000,99970.2693472155,0.13686531054779116,9
1777107600000,99995.34110043201,0.1368309944161375,9
1777111200000,100007.89284747063,0.1368138210913123,9
1777114800000,100020.80432426423,0.13679616008080553,9
1777118400000,100002.20594325603,0.1368216013906411,9
1777122000000,99980.13546475991,0.13685180457247575,9
1777125600000,100003.86175815758,0.13681933596566195,9
1777129200000,99997.70050441314,0.1368277659459693,9
1777132800000,99940.1278731875,0.13690658848380144,9
1777136400000,99951.94429028583,0.13689040325234328,9
1777140000000,99925.22906583583,0.1369270011954466,9
1777143600000,99937.08427731947,0.13691075799034677,9
1777147200000,99940.08378865871,0.13690664887460977,9
1777150800000,99966.37932839459,0.13687063642472636,9
1777154400000,99974.61608175472,0.13685935986554904,9
1777158000000,99980.11254080493,0.13685183595056213,9
1777161600000,99992.10176925613,0.0,9
1777165200000,99992.10176925613,0.0,9
1777168800000,99992.10176925613,0.0,9
1777172400000,99992.10176925613,0.0,9
1777176000000,99992.10176925613,0.0,9
1777179600000,99992.10176925613,0.0,9
1777183200000,99992.10176925613,0.0,9
1777186800000,99992.10176925613,0.0,9
1777190400000,99992.10176925613,0.0,9
1777194000000,99992.10176925613,0.0,9
1777197600000,99992.10176925613,0.0,9
1777201200000,99992.10176925613,0.0,9
1777204800000,99992.10176925613,0.0,9
1777208400000,99992.10176925613,0.0,9
1777212000000,99992.10176925613,0.0,9
1777215600000,99992.10176925613,0.0,9
1777219200000,99992.10176925613,0.0,9
1777222800000,99992.10176925613,0.0,9
1777226400000,99992.10176925613,0.0,9
1777230000000,99992.10176925613,0.0,9
1777233600000,99983.42319702431,0.12180135453634772,9
1777237200000,99958.20991747225,0.12183207749151348,9
1777240800000,99887.66190195376,0.0,9
1777244400000,99887.66190195376,0.0,9
1777248000000,99887.66190195376,0.0,9
1777251600000,99887.66190195376,0.0,9
1777255200000,99882.9644197793,0.017409247735519322,9
1777258800000,99882.91004371461,0.017409257213080405,9
1777262400000,99882.36628306769,0.017409351989258793,9
1777266000000,99878.55995853929,0.017410015451402496,9
1777269600000,99872.72010334619,0.0,9
1777273200000,99872.72010334619,0.0,9
1777276800000,99872.72010334619,0.0,9
1777280400000,99872.72010334619,0.0,9
1777284000000,99872.72010334619,0.0,9
1777287600000,99872.72010334619,0.0,9
1777291200000,99872.72010334619,0.0,9
1777294800000,99872.72010334619,0.0,9
1777298400000,99872.72010334619,0.0,9
1777302000000,99872.72010334619,0.0,9
1777305600000,99872.72010334619,0.0,9
1777309200000,99872.72010334619,0.0,9
1777312800000,99872.72010334619,0.0,9
1777316400000,99872.72010334619,0.0,9
1777320000000,99872.72010334619,0.0,9
1777323600000,99872.72010334619,0.0,9
1777327200000,99872.72010334619,0.0,9
1777330800000,99872.72010334619,0.0,9
1777334400000,99872.72010334619,0.0,9
1777338000000,99872.72010334619,0.0,9
1777341600000,99872.72010334619,0.0,9
1777345200000,99872.72010334619,0.0,9
1777348800000,99872.72010334619,0.0,9
1777352400000,99872.72010334619,0.0,9
1777356000000,99872.72010334619,0.0,9
1777359600000,99872.72010334619,0.0,9
1777363200000,99872.72010334619,0.0,9
1777366800000,99872.72010334619,0.0,9
1777370400000,99872.72010334619,0.0,9
1777374000000,99872.72010334619,0.0,9
1777377600000,99872.72010334619,0.0,9
1777381200000,99872.72010334619,0.0,9
1777384800000,99872.72010334619,0.0,9
1777388400000,99872.72010334619,0.0,9
1777392000000,99872.72010334619,0.0,9
1777395600000,99872.72010334619,0.0,9
1777399200000,99872.72010334619,0.0,9
1777402800000,99872.72010334619,0.0,9
1777406400000,99872.72010334619,0.0,9
1777410000000,99872.72010334619,0.0,9
1777413600000,99872.72010334619,0.0,9
1777417200000,99872.72010334619,0.0,9
1777420800000,99872.72010334619,0.0,9
1777424400000,99872.72010334619,0.0,9
1777428000000,99872.72010334619,0.0,9
1777431600000,99872.72010334619,0.0,9
1777435200000,99872.72010334619,0.0,9
1777438800000,99872.72010334619,0.0,9
1777442400000,99872.72010334619,0.0,9
1777446000000,99872.72010334619,0.0,9
1777449600000,99872.72010334619,0.0,9
1777453200000,99872.72010334619,0.0,9
1777456800000,99872.72010334619,0.0,9
1777460400000,99837.953702605,0.07149766654747895,9
1777464000000,99818.74502189562,0.07151142524428358,9
1777467600000,99779.46038411786,0.0,9
1777471200000,99779.46038411786,0.0,9
1777474800000,99779.46038411786,0.0,9
1777478400000,99779.46038411786,0.0,9
1777482000000,99779.46038411786,0.0,9
1777485600000,99779.46038411786,0.0,9
1777489200000,99779.46038411786,0.0,9
1777492800000,99779.46038411786,0.0,9
1777496400000,99779.46038411786,0.0,9
1777500000000,99779.46038411786,0.0,9
1777503600000,99779.46038411786,0.0,9
1777507200000,99779.46038411786,0.0,9
1777510800000,99779.46038411786,0.0,9
1777514400000,99779.46038411786,0.0,9
1777518000000,99779.46038411786,0.0,9
1777521600000,99779.46038411786,0.0,9
1777525200000,99779.46038411786,0.0,9
1777528800000,99779.46038411786,0.0,9
1777532400000,99779.46038411786,0.0,9
1777536000000,99779.46038411786,0.0,9
1777539600000,99779.46038411786,0.0,9
1777543200000,99779.46038411786,0.0,9
1777546800000,99779.46038411786,0.0,9
1777550400000,99779.46038411786,0.0,9
1777554000000,99779.46038411786,0.0,9
1777557600000,99779.46038411786,0.0,9
1777561200000,99779.46038411786,0.0,9
1777564800000,99779.46038411786,0.0,9
1777568400000,99779.46038411786,0.0,9
1777572000000,99779.46038411786,0.0,9
1777575600000,99779.46038411786,0.0,9
1777579200000,99779.46038411786,0.0,9
1777582800000,99779.46038411786,0.0,9
1777586400000,99779.46038411786,0.0,9
1777590000000,99779.46038411786,0.0,9
1777593600000,99779.46038411786,0.0,9
1777597200000,99779.46038411786,0.0,9
1777600800000,99779.46038411786,0.0,9
1777604400000,99779.46038411786,0.0,9
1777608000000,99779.46038411786,0.0,9
1777611600000,99779.46038411786,0.0,9
1777615200000,99779.46038411786,0.0,9
1777618800000,99779.46038411786,0.0,9
1777622400000,99779.46038411786,0.0,9
1777626000000,99779.46038411786,0.0,9
1777629600000,99779.46038411786,0.0,9
1777633200000,99779.46038411786,0.0,9
1777636800000,99779.46038411786,0.0,9
1777640400000,99779.46038411786,0.0,9
1777644000000,99958.399119037,0.12397680687418262,9
1777647600000,99832.72184687053,0.12413287861711032,9
1777651200000,99830.5722131,0.12413555154807719,9
1777654800000,99799.93993186986,0.1241736533257764,9
1777658400000,99852.71344093651,0.12410802587116043,9
1777662000000,99815.09484995213,0.12415480004965662,9
1777665600000,99815.5785175505,0.1241541984436262,9
1777669200000,99690.80098133211,0.0,9
1777672800000,99690.80098133211,0.0,9
1777676400000,99618.93107855003,0.16613449833352983,9
1777680000000,99637.7306346121,0.16610315222803976,9
1777683600000,99656.84563433591,0.16607129228215492,9
1777687200000,99623.59015745233,0.29066992117937607,9
1777690800000,99651.25346414506,0.2905892308629333,9
1777694400000,99664.99023826815,0.2905491790993459,9
1777698000000,99608.81117214536,0.29071304795143305,9
1777701600000,99595.73247502992,0.29075122376285767,9
1777705200000,99662.79725535598,0.29055557235141644,9
1777708800000,99615.78434347783,0.2906926978442155,9
1777712400000,99641.82936775112,0.29061671471123346,9
1777716000000,99653.1649401286,0.29058365698742017,9
1777719600000,99641.29918910343,0.2906182610457158,9
1777723200000,99611.06332491507,0.29070647508518427,9
1777726800000,99632.79234708556,0.29064307459932587,9
1777730400000,99697.33980089106,0.2904549023725739,9
1777734000000,99697.77685178522,0.2904536290886672,9
1777737600000,99726.06362501538,0.2903712434450224,9
1777741200000,99720.04576284491,0.2903887666431713,9
1777744800000,99688.79348693177,0.29047980305298,9
1777748400000,99727.8139746123,0.2903661470614894,9
1777752000000,99739.46526499942,0.29033222728571145,9
1777755600000,99732.56905345025,0.29035230289870234,9
1777759200000,99875.23440646697,0.0,9
1777762800000,99875.23440646697,0.0,9
1777766400000,99875.23440646697,0.0,9
1777770000000,99875.23440646697,0.0,9
1777773600000,99875.23440646697,0.0,9
1777777200000,99875.23440646697,0.0,9
1777780800000,99875.23440646697,0.0,9
1777784400000,99875.23440646697,0.0,9
1777788000000,99875.23440646697,0.0,9
1777791600000,99875.23440646697,0.0,9
1777795200000,99875.23440646697,0.0,9
1777798800000,99875.23440646697,0.0,9
1777802400000,99875.23440646697,0.0,9
1777806000000,99875.23440646697,0.0,9
1777809600000,99875.23440646697,0.0,9
1777813200000,99875.23440646697,0.0,9
1777816800000,99875.23440646697,0.0,9
1777820400000,99875.23440646697,0.0,9
1777824000000,99875.23440646697,0.0,9
1777827600000,99875.23440646697,0.0,9
1777831200000,99875.23440646697,0.0,9
1777834800000,99875.23440646697,0.0,9
1777838400000,99875.23440646697,0.0,9
1777842000000,99875.23440646697,0.0,9
1777845600000,99875.23440646697,0.0,9
1777849200000,99875.23440646697,0.0,9
1777852800000,99875.23440646697,0.0,9
1777856400000,99875.23440646697,0.0,9
1777860000000,99875.23440646697,0.0,9
1777863600000,99875.23440646697,0.0,9
1777867200000,99879.15896128055,0.2119356339149161,9
1777870800000,99953.36180482908,0.18318482839006472,9
1777874400000,99835.83984901072,0.21759743851104021,9
1777878000000,99738.35992532803,0.18357971238885346,9
1777881600000,99713.05743130468,0.18362629630369054,9
1777885200000,99691.73474876437,0.18366557142747092,9
1777888800000,99753.66347164426,0.18355154880534694,9
1777892400000,99613.95469023284,0.0,9
1777896000000,99613.95469023284,0.0,9
1777899600000,99613.95469023284,0.0,9
1777903200000,99613.95469023284,0.0,9
1777906800000,99613.95469023284,0.0,9
1777910400000,99613.95469023284,0.0,9
1777914000000,99613.95469023284,0.0,9
1777917600000,99613.95469023284,0.0,9
1777921200000,99593.69091491548,0.02820440614310357,9
1777924800000,99584.81013194588,0.028206921358118905,9
1777928400000,99567.04856600668,0.028211953134202054,9
1777932000000,99584.81013194588,0.028206921358118905,9
1777935600000,99575.92934897628,0.028209437021778385,9
1777939200000,99572.9690879864,0.02821027567605099,9
1777942800000,99584.81013194588,0.028206921358118905,9
1777946400000,99585.44285467456,0.13996541274291419,9
1777950000000,99628.32458720398,0.13990516923869506,9
1777953600000,99684.08921018297,0.13982690440147558,9
1777957200000,99694.26678021665,0.1398126297780885,9
1777960800000,99706.58718373322,0.13979535360743386,9
1777964400000,99707.41845749225,0.13979418811532818,9
1777968000000,99705.5374835541,0.1397968253733099,9
1777971600000,99691.06638455502,0.1398171182016756,9
1777975200000,99674.11026099682,0.13984090327811693,9
1777978800000,99730.70940431714,0.1397615408091848,9
1777982400000,99766.8510103286,0.12203930164367845,9
1777986000000,99821.27891759557,0.11149463145701699,9
1777989600000,99841.60051095443,0.043708041645673566,9
1777993200000,99838.90411736563,0.04370922208815052,9
1777996800000,99841.39309606298,0.043708132446677365,9
1778000400000,99829.50130895342,0.0437133390018459,9
1778004000000,99827.28888344466,0.04371430780013104,9
1778007600000,99836.69169185687,0.04371019070395977,9
1778011200000,99846.30191516054,0.04370598359077427,9
1778014800000,99844.73654709739,0.1391040495678213,9
1778018400000,99853.8056920549,0.13909141554970889,9
1778022000000,99828.80843315562,0.13912624421469783,9
1778025600000,99786.7719583124,0.13918485295361369,9
1778029200000,99800.25881550417,0.1391660437214802,9
1778032800000,99876.59052544543,0.13905968464347068,9
1778036400000,99827.71843996289,0.26603753033490296,9
1778040000000,99918.02842347576,0.2657970747799102,9
1778043600000,99818.37625499483,0.2660624292754596,9
1778047200000,99885.99844203732,0.26588230669934215,9
1778050800000,99924.15471004491,0.26578077892978197,9
1778054400000,99938.81647399285,0.1267686864622734,9
1778058000000,100064.67702287775,0.12660923782430986,9
1778061600000,100072.64776952154,0.12659915344880912,9
1778065200000,100118.14343754841,0.12654162428516275,9
1778068800000,100159.850646929,0.0,9
1778072400000,100104.32317898209,0.10406001340526577,9
1778076000000,100015.00293230508,0.0,9
1778079600000,100015.00293230508,0.0,9
1778083200000,100015.00293230508,0.0,9
1778086800000,99998.25599337129,0.03944871951068321,9
1778090400000,99988.75235235268,0.03945246899710097,9
1778094000000,99978.3178885697,0.03945658654346095,9
1778097600000,99996.72759427331,0.039449322464287465,9
1778101200000,99997.65841703769,0.039448955252415006,9
1778104800000,100012.6780781146,0.03944303090413122,9
1778108400000,99990.28075145066,0.039451865947308776,9
1778112000000,99991.80915054862,0.0,9
1778112000000,100000.0,0.0,10
1778115600000,99984.49129840489,0.015106226170439057,10
1778119200000,99973.67951669566,0.0,10
1778122800000,99973.67951669566,0.0,10
1778126400000,99973.67951669566,0.0,10
1778130000000,99973.67951669566,0.0,10
1778133600000,99957.30048865128,0.11164133907741214,10
1778137200000,99986.24955546002,0.11160901550694183,10
1778140800000,100021.94542957458,0.11156918443436595,10
1778144400000,99882.64456203938,0.2034890763189755,10
1778148000000,99848.07744123066,0.2035595236592211,10
1778151600000,99791.46335627996,0.11182686877007325,10
1778155200000,99806.58386059658,0.11180992721585359,10
1778158800000,99821.27371763837,0.11179347308953881,10
1778162400000,99731.84263356314,0.11189372002398748,10
1778166000000,99684.21716335598,0.0,10
1778169600000,99684.21716335598,0.0,10
1778173200000,99684.21716335598,0.0,10
1778176800000,99684.21716335598,0.0,10
1778180400000,99663.41887995476,0.12445170397775028,10
1778184000000,99654.99907331425,0.12446221884698232,10
1778187600000,99613.87060519436,0.12451360667448946,10
1778191200000,99591.46415206036,0.12454162020271951,10
1778194800000,99619.90109078748,0.1245060692497081,10
1778198400000,99633.34527176504,0.12448926882889284,10
1778202000000,99606.45227335251,0.1245228800019904,10
1778205600000,99592.23689496056,0.12454065387586724,10
1778209200000,99541.06709896405,0.0,10
1778212800000,99541.06709896405,0.0,10
1778216400000,99541.06709896405,0.0,10
1778220000000,99541.06709896405,0.0,10
1778223600000,99541.06709896405,0.0,10
1778227200000,99541.06709896405,0.0,10
1778230800000,99541.06709896405,0.0,10
1778234400000,99541.06709896405,0.0,10
1778238000000,99541.06709896405,0.0,10
1778241600000,99541.06709896405,0.0,10
1778245200000,99541.06709896405,0.0,10
1778248800000,99541.06709896405,0.0,10
1778252400000,99541.06709896405,0.0,10
1778256000000,99541.06709896405,0.0,10
1778259600000,99541.06709896405,0.0,10
1778263200000,99541.06709896405,0.0,10
1778266800000,99541.06709896405,0.0,10
1778270400000,99541.06709896405,0.0,10
1778274000000,99541.06709896405,0.0,10
1778277600000,99541.06709896405,0.0,10
1778281200000,99541.06709896405,0.0,10
1778284800000,99541.06709896405,0.0,10
1778288400000,99541.06709896405,0.0,10
1778292000000,99541.06709896405,0.0,10
1778295600000,99541.06709896405,0.0,10
1778299200000,99541.06709896405,0.0,10
1778302800000,99541.06709896405,0.0,10
1778306400000,99541.06709896405,0.0,10
1778310000000,99541.06709896405,0.0,10
1778313600000,99541.06709896405,0.0,10
1778317200000,99541.06709896405,0.0,10
1778320800000,99525.64813348345,0.03626818207982225,10
1778324400000,99522.21532479505,0.03626943307418718,10
1778328000000,99526.97696265315,0.036267697847107164,10
1778331600000,99487.91672866195,0.11930772893552215,10
1778335200000,99475.48609289702,0.11932263784404414,10
1778338800000,99425.33641789686,0.0925569450139323,10
1778342400000,99409.25944436443,0.0,10
1778346000000,99409.25944436443,0.0,10
1778349600000,99409.25944436443,0.0,10
1778353200000,99392.06853562614,0.1458804989457977,10
1778356800000,99420.78363950948,0.14583836516321788,10
1778360400000,99389.93242828402,0.14588363423724277,10
1778364000000,99430.96290749927,0.1458234349266117,10
1778367600000,99417.07683810861,0.1458438027990193,10
1778371200000,99380.5389645459,0.14589742318065635,10
1778374800000,99482.9623243592,0.10421421843403919,10
1778378400000,99476.30199630556,0.1042211959841561,10
1778382000000,99484.07237903481,0.10421305559985206,10
1778385600000,99526.25445670792,0.10416888712159614,10
1778389200000,99518.48407397866,0.10417702060683706,10
1778392800000,99517.37401930305,0.10417818263698461,10
1778396400000,99525.14440203231,0.10417004897030177,10
1778400000000,99530.69467541034,0.10416423998593294,10
1778403600000,99597.29795594682,0.10409458267353557,10
1778407200000,99623.9392681614,0.10406674582731945,10
1778410800000,99576.20691711026,0.10411663074057702,10
1778414400000,99555.72280067462,0.14110196582110368,10
1778418000000,99454.8723653542,0.14124504774699817,10
1778421600000,99577.24711208486,0.14107146565423812,10
1778425200000,99583.80835480151,0.14106217092910314,10
1778428800000,99779.97754601596,0.10390400380030972,10
1778432400000,99815.37520930081,0.0,10
1778436000000,99815.37520930081,0.0,10
1778439600000,99815.37520930081,0.0,10
1778443200000,99815.37520930081,0.0,10
1778446800000,99815.37520930081,0.0,10
1778450400000,99815.37520930081,0.0,10
1778454000000,99815.37520930081,0.0,10
1778457600000,99773.0562706636,0.10497799226301265,10
1778461200000,99675.85064343909,0.10508036863117828,10
1778464800000,99691.24076537834,0.10506414654712917,10
1778468400000,99609.64663417354,0.015699253951459165,10
1778472000000,99604.48197120063,0.0,10
1778475600000,99604.48197120063,0.0,10
1778479200000,99604.48197120063,0.0,10
1778482800000,99604.48197120063,0.0,10
1778486400000,99604.48197120063,0.0,10
1778490000000,99604.48197120063,0.0,10
1778493600000,99604.48197120063,0.0,10
1778497200000,99604.48197120063,0.0,10
1778500800000,99604.48197120063,0.0,10
1778504400000,99604.48197120063,0.0,10
1778508000000,99604.48197120063,0.0,10
1778511600000,99604.48197120063,0.0,10
1778515200000,99604.48197120063,0.0,10
1778518800000,99604.48197120063,0.0,10
1778522400000,99604.48197120063,0.0,10
1778526000000,99604.48197120063,0.0,10
1778529600000,99604.48197120063,0.0,10
1778533200000,99604.48197120063,0.0,10
1778536800000,99604.48197120063,0.0,10
1778540400000,99604.48197120063,0.0,10
1778544000000,99604.48197120063,0.0,10
1778547600000,99604.48197120063,0.0,10
1778551200000,99604.48197120063,0.0,10
1778554800000,99604.48197120063,0.0,10
1778558400000,99604.48197120063,0.0,10
1778562000000,99604.48197120063,0.0,10
1778565600000,99604.48197120063,0.0,10
1778569200000,99604.48197120063,0.0,10
1778572800000,99604.48197120063,0.0,10
1778576400000,99604.48197120063,0.0,10
1778580000000,99604.48197120063,0.0,10
1778583600000,99604.48197120063,0.0,10
1778587200000,99604.48197120063,0.0,10
1778590800000,99604.48197120063,0.0,10
1778594400000,99604.48197120063,0.0,10
1778598000000,99604.48197120063,0.0,10
1778601600000,99604.48197120063,0.0,10
1778605200000,99604.48197120063,0.0,10
1778608800000,99604.48197120063,0.0,10
1778612400000,99604.48197120063,0.0,10
1778616000000,99604.48197120063,0.0,10
1778619600000,99604.48197120063,0.0,10
1778623200000,99604.48197120063,0.0,10
1778626800000,99604.48197120063,0.0,10
1778630400000,99604.48197120063,0.0,10
1778634000000,99604.48197120063,0.0,10
1778637600000,99604.48197120063,0.0,10
1778641200000,99604.48197120063,0.0,10
1778644800000,99604.48197120063,0.0,10
1778648400000,99604.48197120063,0.0,10
1778652000000,99604.48197120063,0.0,10
1778655600000,99604.48197120063,0.0,10
1778659200000,99604.48197120063,0.0,10
1778662800000,99604.48197120063,0.0,10
1778666400000,99605.78266780541,0.06986065169476487,10
1778670000000,99556.97715139524,0.06989489927118062,10
1778673600000,99537.04823219441,0.06990889335504048,10
1778677200000,99520.13851014576,0.0,10
1778680800000,99520.13851014576,0.0,10
1778684400000,99520.13851014576,0.0,10
1778688000000,99520.13851014576,0.0,10
1778691600000,99520.13851014576,0.0,10
1778695200000,99520.13851014576,0.0,10
1778698800000,99520.13851014576,0.0,10
1778702400000,99520.13851014576,0.0,10
1778706000000,99520.13851014576,0.0,10
1778709600000,99520.13851014576,0.0,10
1778713200000,99520.13851014576,0.0,10
1778716800000,99520.13851014576,0.0,10
1778720400000,99520.13851014576,0.0,10
1778724000000,99520.13851014576,0.0,10
1778727600000,99520.13851014576,0.0,10
1778731200000,99520.13851014576,0.0,10
1778734800000,99520.13851014576,0.0,10
1778738400000,99520.13851014576,0.0,10
1778742000000,99520.13851014576,0.0,10
1778745600000,99520.13851014576,0.0,10
1778749200000,99520.13851014576,0.0,10
1778752800000,99520.13851014576,0.0,10
1778756400000,99520.13851014576,0.0,10
1778760000000,99520.13851014576,0.0,10
1778763600000,99520.13851014576,0.0,10
1778767200000,99520.13851014576,0.0,10
1778770800000,99520.13851014576,0.0,10
1778774400000,99520.13851014576,0.0,10
1778778000000,99520.13851014576,0.0,10
1778781600000,99560.76526766858,0.08582299053233854,10
1778785200000,99677.19457002153,0.0,10
1778788800000,99677.19457002153,0.0,10
1778792400000,99677.19457002153,0.0,10
1778796000000,99677.19457002153,0.0,10
1778799600000,99677.19457002153,0.0,10
1778803200000,99677.19457002153,0.0,10
1778806800000,99677.19457002153,0.0,10
1778810400000,99600.94369447141,0.07796924650370826,10
1778814000000,99633.70704814942,0.07794360724893303,10
1778817600000,99622.4338822341,0.07795242726248132,10
1778821200000,99545.58880446551,0.07801260331254219,10
1778824800000,99515.36597371098,0.0,10
1778828400000,99515.36597371098,0.0,10
1778832000000,99515.36597371098,0.0,10
1778835600000,99515.36597371098,0.0,10
1778839200000,99515.36597371098,0.0,10
1778842800000,99515.36597371098,0.0,10
1778846400000,99515.36597371098,0.0,10
1778850000000,99515.36597371098,0.0,10
1778853600000,99515.36597371098,0.0,10
1778857200000,99515.36597371098,0.0,10
1778860800000,99515.36597371098,0.0,10
1778864400000,99515.36597371098,0.0,10
1778868000000,99515.36597371098,0.0,10
1778871600000,99515.36597371098,0.0,10
1778875200000,99515.36597371098,0.0,10
1778878800000,99515.36597371098,0.0,10
1778882400000,99515.36597371098,0.0,10
1778886000000,99515.36597371098,0.0,10
1778889600000,99515.36597371098,0.0,10
1778893200000,99515.36597371098,0.0,10
1778896800000,99515.36597371098,0.0,10
1778900400000,99515.36597371098,0.0,10
1778904000000,99515.36597371098,0.0,10
1778907600000,99515.36597371098,0.0,10
1778911200000,99515.36597371098,0.0,10
1778914800000,99515.36597371098,0.0,10
1778918400000,99515.36597371098,0.0,10
1778922000000,99515.36597371098,0.0,10
1778925600000,99515.36597371098,0.0,10
1778929200000,99515.36597371098,0.0,10
1778932800000,99515.36597371098,0.0,10
1778936400000,99515.36597371098,0.0,10
1778940000000,99515.36597371098,0.0,10
1778943600000,99515.36597371098,0.0,10
1778947200000,99515.36597371098,0.0,10
1778950800000,99515.36597371098,0.0,10
1778954400000,99515.36597371098,0.0,10
1778958000000,99515.36597371098,0.0,10
1778961600000,99515.36597371098,0.0,10
1778965200000,99515.36597371098,0.0,10
1778968800000,99515.36597371098,0.0,10
1778972400000,99515.36597371098,0.0,10
1778976000000,99515.36597371098,0.0,10
1778979600000,99515.36597371098,0.0,10
1778983200000,99515.36597371098,0.0,10
1778986800000,99515.36597371098,0.0,10
1778990400000,99515.36597371098,0.0,10
1778994000000,99515.36597371098,0.0,10
1778997600000,99515.36597371098,0.0,10
1779001200000,99515.36597371098,0.0,10
1779004800000,99515.36597371098,0.0,10
1779008400000,99515.36597371098,0.0,10
1779012000000,99515.36597371098,0.0,10
1779015600000,99515.36597371098,0.0,10
1779019200000,99515.36597371098,0.0,10
1779022800000,99515.36597371098,0.0,10
1779026400000,99515.36597371098,0.0,10
1779030000000,99515.36597371098,0.0,10
1779033600000,99515.36597371098,0.0,10
1779037200000,99515.36597371098,0.0,10
1779040800000,99515.36597371098,0.0,10
1779044400000,99515.36597371098,0.0,10
1779048000000,99515.36597371098,0.0,10
1779051600000,99515.36597371098,0.0,10
1779055200000,99515.36597371098,0.0,10
1779058800000,99515.36597371098,0.0,10
1779062400000,99515.36597371098,0.0,10
1779066000000,99515.36597371098,0.0,10
1779069600000,99515.36597371098,0.0,10
1779073200000,99515.36597371098,0.0,10
1779076800000,99515.36597371098,0.0,10
1779080400000,99515.36597371098,0.0,10
1779084000000,99515.36597371098,0.0,10
1779087600000,99515.36597371098,0.0,10
1779091200000,99515.36597371098,0.0,10
1779094800000,99515.36597371098,0.0,10
1779098400000,99515.36597371098,0.0,10
1779102000000,99515.36597371098,0.0,10
1779105600000,99515.36597371098,0.0,10
1779109200000,99515.36597371098,0.0,10
1779112800000,99515.36597371098,0.0,10
1779116400000,99515.36597371098,0.0,10
1779120000000,99515.36597371098,0.0,10
1779123600000,99515.36597371098,0.0,10
1779127200000,99515.36597371098,0.0,10
1779130800000,99515.36597371098,0.0,10
1779134400000,99515.36597371098,0.0,10
1779138000000,99515.36597371098,0.0,10
1779141600000,99515.36597371098,0.0,10
1779145200000,99515.36597371098,0.0,10
1779148800000,99515.36597371098,0.0,10
1779152400000,99515.36597371098,0.0,10
1779156000000,99515.36597371098,0.0,10
1779159600000,99515.36597371098,0.0,10
1779163200000,99515.36597371098,0.0,10
1779166800000,99515.36597371098,0.0,10
1779170400000,99515.36597371098,0.0,10
1779174000000,99515.36597371098,0.0,10
1779177600000,99515.36597371098,0.0,10
1779181200000,99515.36597371098,0.0,10
1779184800000,99515.36597371098,0.0,10
1779188400000,99515.36597371098,0.0,10
1779192000000,99515.36597371098,0.0,10
1779195600000,99515.36597371098,0.0,10
1779199200000,99515.36597371098,0.0,10
1779202800000,99515.36597371098,0.0,10
1779206400000,99515.36597371098,0.0,10
1779210000000,99515.36597371098,0.0,10
1779213600000,99515.36597371098,0.0,10
1779217200000,99515.36597371098,0.0,10
1779220800000,99515.36597371098,0.0,10
1779224400000,99515.36597371098,0.0,10
1779228000000,99515.36597371098,0.0,10
1779231600000,99515.36597371098,0.0,10
1779235200000,99515.36597371098,0.0,10
1779238800000,99515.36597371098,0.0,10
1779242400000,99515.36597371098,0.0,10
1779246000000,99515.36597371098,0.0,10
1779249600000,99515.36597371098,0.0,10
1779253200000,99515.36597371098,0.0,10
1779256800000,99515.36597371098,0.0,10
1779260400000,99515.36597371098,0.0,10
1779264000000,99515.36597371098,0.0,10
1779267600000,99515.36597371098,0.0,10
1779271200000,99515.36597371098,0.0,10
1779274800000,99515.36597371098,0.0,10
1779278400000,99515.36597371098,0.0,10
1779282000000,99515.36597371098,0.0,10
1779285600000,99515.36597371098,0.0,10
1779289200000,99515.36597371098,0.0,10
1779292800000,99515.36597371098,0.0,10
1779296400000,99515.36597371098,0.0,10
1779300000000,99492.6521175638,0.08607396465176453,10
1779303600000,99424.46894539872,0.08613299233391394,10
1779307200000,99457.07828860811,0.08610475160578278,10
1779310800000,99459.05461243898,0.08610304064167586,10
1779314400000,99425.4015267373,0.11171711866593748,10
1779318000000,99427.57469294425,0.11171467688992341,10
1779321600000,99443.539269248,0.0,10
1779321600000,100000.0,0.0,11
1779325200000,100000.0,0.0,11
1779328800000,99989.10939951157,0.027396781833101135,11
1779332400000,99992.49693095863,0.027395853688861754,11
1779336000000,99996.38631891638,0.02739478811932117,11
1779339600000,99994.62982112901,0.02739526933401043,11
1779343200000,99988.1056864902,0.027397056850879304,11
1779346800000,99982.04158698619,0.027398718534079845,11
1779350400000,99988.5239002491,0.027396942259467396,11
1779354000000,99982.47248868782,0.14335222583285923,11
1779357600000,99928.3358125876,0.1434298876187286,11
1779361200000,99814.43331268005,0.0,11
1779364800000,99814.43331268005,0.0,11
1779368400000,99814.43331268005,0.0,11
1779372000000,99814.43331268005,0.0,11
1779375600000,99814.43331268005,0.0,11
1779379200000,99814.43331268005,0.0,11
1779382800000,99814.43331268005,0.0,11
1779386400000,99814.43331268005,0.0,11
1779390000000,99814.43331268005,0.0,11
1779393600000,99814.43331268005,0.0,11
1779397200000,99814.43331268005,0.0,11
1779400800000,99814.43331268005,0.0,11
1779404400000,99814.43331268005,0.0,11
1779408000000,99814.43331268005,0.0,11
1779411600000,99814.43331268005,0.0,11
1779415200000,99814.43331268005,0.0,11
1779418800000,99814.43331268005,0.0,11
1779422400000,99814.43331268005,0.0,11
1779426000000,99814.43331268005,0.0,11
1779429600000,99814.43331268005,0.0,11
1779433200000,99814.43331268005,0.0,11
1779436800000,99814.43331268005,0.0,11
1779440400000,99814.43331268005,0.0,11
1779444000000,99814.43331268005,0.0,11
1779447600000,99814.43331268005,0.0,11
1779451200000,99814.43331268005,0.0,11
1779454800000,99814.43331268005,0.0,11
1779458400000,99814.43331268005,0.0,11
1779462000000,99814.43331268005,0.0,11
1779465600000,99814.43331268005,0.0,11
1779469200000,99788.54931595187,0.21381736077854027,11
1779472800000,99742.5727305215,0.21391592041947605,11
1779476400000,99602.51707717046,0.0,11
1779480000000,99602.51707717046,0.0,11
1779483600000,99602.51707717046,0.0,11
1779487200000,99602.51707717046,0.0,11
1779490800000,99602.51707717046,0.0,11
1779494400000,99602.51707717046,0.0,11
1779498000000,99602.51707717046,0.0,11
1779501600000,99602.51707717046,0.0,11
1779505200000,99602.51707717046,0.0,11
1779508800000,99602.51707717046,0.0,11
1779512400000,99602.51707717046,0.0,11
1779516000000,99602.51707717046,0.0,11
1779519600000,99602.51707717046,0.0,11
1779523200000,99602.51707717046,0.0,11
1779526800000,99602.51707717046,0.0,11
1779530400000,99602.51707717046,0.0,11
1779534000000,99602.51707717046,0.0,11
1779537600000,99602.51707717046,0.0,11
1779541200000,99602.51707717046,0.0,11
1779544800000,99602.51707717046,0.0,11
1779548400000,99602.51707717046,0.0,11
1779552000000,99602.51707717046,0.0,11
1779555600000,99602.51707717046,0.0,11
1779559200000,99602.51707717046,0.0,11
1779562800000,99602.51707717046,0.0,11
1779566400000,99602.51707717046,0.0,11
1779570000000,99602.51707717046,0.0,11
1779573600000,99602.51707717046,0.0,11
1779577200000,99602.51707717046,0.0,11
1779580800000,99602.51707717046,0.0,11
1779584400000,99602.51707717046,0.0,11
1779588000000,99602.51707717046,0.0,11
1779591600000,99602.51707717046,0.0,11
1779595200000,99602.51707717046,0.0,11
1779598800000,99602.51707717046,0.0,11
1779602400000,99602.51707717046,0.0,11
1779606000000,99602.51707717046,0.0,11
1779609600000,99602.51707717046,0.0,11
1779613200000,99602.51707717046,0.0,11
1779616800000,99600.75050975436,0.01101635524391498,11
1779620400000,99599.46139496114,0.011016497828486356,11
1779624000000,99600.16454848471,0.011016420054626237,11
1779627600000,99596.64878086685,0.011016808934908525,11
1779631200000,99591.492321694,0.011017379342321484,11
1779634800000,99586.09607662112,0.0,11
1779638400000,99586.09607662112,0.0,11
1779642000000,99586.09607662112,0.0,11
1779645600000,99586.09607662112,0.0,11
1779649200000,99586.09607662112,0.0,11
1779652800000,99586.09607662112,0.0,11
1779656400000,99586.09607662112,0.0,11
1779660000000,99586.09607662112,0.0,11
1779663600000,99586.09607662112,0.0,11
1779667200000,99586.09607662112,0.0,11
1779670800000,99586.09607662112,0.0,11
1779674400000,99586.09607662112,0.0,11
1779678000000,99586.09607662112,0.0,11
1779681600000,99586.09607662112,0.0,11
1779685200000,99586.09607662112,0.0,11
1779688800000,99586.09607662112,0.0,11
1779692400000,99586.09607662112,0.0,11
1779696000000,99586.09607662112,0.0,11
1779699600000,99586.09607662112,0.0,11
1779703200000,99586.09607662112,0.0,11
1779706800000,99586.09607662112,0.0,11
1779710400000,99586.09607662112,0.0,11
1779714000000,99586.09607662112,0.0,11
1779717600000,99586.09607662112,0.0,11
1779721200000,99586.09607662112,0.0,11
1779724800000,99520.94420233599,0.15997423335576938,11
1779728400000,99542.79424660845,0.1599391183672086,11
1779732000000,99507.6935111289,0.1599955359213549,11
1779735600000,99503.47766090998,0.16000231475191437,11
1779739200000,99482.71940326063,0.16003570114599402,11
1779742800000,99444.83766064278,0.0,11
1779746400000,99444.83766064278,0.0,11
1779750000000,99444.83766064278,0.0,11
1779753600000,99444.83766064278,0.0,11
1779757200000,99444.83766064278,0.0,11
1779760800000,99444.83766064278,0.0,11
1779764400000,99444.83766064278,0.0,11
1779768000000,99444.83766064278,0.0,11
1779771600000,99444.83766064278,0.0,11
1779775200000,99444.83766064278,0.0,11
1779778800000,99444.83766064278,0.0,11
1779782400000,99444.83766064278,0.0,11
1779786000000,99444.83766064278,0.0,11
1779789600000,99444.83766064278,0.0,11
1779793200000,99444.83766064278,0.0,11
1779796800000,99444.83766064278,0.0,11
1779800400000,99444.83766064278,0.0,11
1779804000000,99444.83766064278,0.0,11
1779807600000,99444.83766064278,0.0,11
1779811200000,99444.83766064278,0.0,11
1779814800000,99444.83766064278,0.0,11
1779818400000,99444.83766064278,0.0,11
1779822000000,99444.83766064278,0.0,11
1779825600000,99444.83766064278,0.0,11
1779829200000,99398.66320364745,0.2549204224130353,11
1779832800000,99334.88757596891,0.2550840880731493,11
1779836400000,99290.01511427607,0.25519936906044033,11
1779840000000,99336.85281445082,0.25507904159692424,11
1779843600000,99414.38512196815,0.25488010794491744,11
1779847200000,99337.10497335036,0.25507839410019634,11
1779850800000,99346.7878642697,0.25505353274011566,11
1779854400000,99277.29950469799,0.25523205544048627,11
1779858000000,99245.57864176136,0.1395999330670855,11
1779861600000,99269.69671671007,0.1395660165572149,11
1779865200000,99295.44967362097,0.1395298191521733,11
1779868800000,99300.43234722104,0.1395228178579203,11
1779872400000,99318.38978348831,0.13949759118927438,11
1779876000000,99289.68857289654,0.1395379151121239,11
1779879600000,99276.16196664538,0.1395569274751871,11
1779883200000,99278.47515376899,0.1395536758006711,11
1779886800000,99277.96364969674,0.13955439481495024,11
1779890400000,99187.68073172525,0.13968142044844314,11
1779894000000,99200.95077238156,0.1396627353641385,11
1779897600000,99259.93246414342,0.1395797457407994,11
1779901200000,99239.76762047793,0.13960810739277843,11
1779904800000,99095.71742209609,0.0,11
1779908400000,99095.71742209609,0.0,11
1779912000000,99095.71742209609,0.0,11
1779915600000,99095.71742209609,0.0,11
1779919200000,99095.71742209609,0.0,11
1779922800000,99095.71742209609,0.0,11
1779926400000,99095.71742209609,0.0,11
1779930000000,99095.71742209609,0.0,11
1779933600000,99095.71742209609,0.0,11
1779937200000,99095.71742209609,0.0,11
1779940800000,99095.71742209609,0.0,11
1779944400000,99095.71742209609,0.0,11
1779948000000,99095.71742209609,0.0,11
1779951600000,99095.71742209609,0.0,11
1779955200000,99095.71742209609,0.0,11
1779958800000,99095.71742209609,0.0,11
1779962400000,99095.71742209609,0.0,11
1779966000000,99095.71742209609,0.0,11
1779969600000,99095.71742209609,0.0,11
1779973200000,99095.71742209609,0.0,11
1779976800000,99095.71742209609,0.0,11
1779980400000,99095.71742209609,0.0,11
1779984000000,99095.71742209609,0.0,11
1779987600000,99095.71742209609,0.0,11
1779991200000,99095.71742209609,0.0,11
1779994800000,99095.71742209609,0.0,11
1779998400000,99095.71742209609,0.0,11
1780002000000,99095.71742209609,0.0,11
1780005600000,99095.71742209609,0.0,11
1780009200000,99095.71742209609,0.0,11
1780012800000,99095.71742209609,0.0,11
1780016400000,99095.71742209609,0.0,11
1780020000000,99095.71742209609,0.0,11
1780023600000,99095.71742209609,0.0,11
1780027200000,99095.71742209609,0.0,11
1780030800000,99095.71742209609,0.0,11
1780034400000,99095.71742209609,0.0,11
1780038000000,99095.71742209609,0.0,11
1780041600000,99095.71742209609,0.0,11
1780045200000,99095.71742209609,0.0,11
1780048800000,99095.71742209609,0.0,11
1780052400000,99095.71742209609,0.0,11
1780056000000,99095.71742209609,0.0,11
1780059600000,99095.71742209609,0.0,11
1780063200000,99095.71742209609,0.0,11
1780066800000,99095.71742209609,0.0,11
1780070400000,99095.71742209609,0.0,11
1780074000000,99095.71742209609,0.0,11
1780077600000,99095.71742209609,0.0,11
1780081200000,99095.71742209609,0.0,11
1780084800000,99095.71742209609,0.0,11
1780088400000,99095.71742209609,0.0,11
1780092000000,99095.71742209609,0.0,11
1780095600000,99095.71742209609,0.0,11
1780099200000,99095.71742209609,0.0,11
1780102800000,99095.71742209609,0.0,11
1780106400000,99095.71742209609,0.0,11
1780110000000,99095.71742209609,0.0,11
1780113600000,99095.71742209609,0.0,11
1780117200000,99095.71742209609,0.0,11
1780120800000,99095.71742209609,0.0,11
1780124400000,99095.71742209609,0.0,11
1780128000000,99095.71742209609,0.0,11
1780131600000,99095.71742209609,0.0,11
1780135200000,99095.71742209609,0.0,11
1780138800000,99095.71742209609,0.0,11
1780142400000,99095.71742209609,0.0,11
1780146000000,99095.71742209609,0.0,11
1780149600000,99095.71742209609,0.0,11
1780153200000,99095.71742209609,0.0,11
1780156800000,99095.71742209609,0.0,11
1780160400000,99095.71742209609,0.0,11
1780164000000,99095.71742209609,0.0,11
1780167600000,99095.71742209609,0.0,11
1780171200000,99095.71742209609,0.0,11
1780174800000,99056.6335092512,0.07818151537370993,11
1780178400000,99053.41817198986,0.0781840531956667,11
1780182000000,98951.13796988888,0.0,11
1780185600000,98951.13796988888,0.0,11
1780189200000,98951.13796988888,0.0,11
1780192800000,98951.13796988888,0.0,11
1780196400000,98951.13796988888,0.0,11
1780200000000,98931.28827571198,0.07175572076430259,11
1780203600000,98876.61234182693,0.07179539962213824,11
1780207200000,98906.77507242902,0.0717735048096172,11
1780210800000,98892.12460327943,0.07178413776469011,11
1780214400000,98806.45488683405,0.0,11
1780218000000,98806.45488683405,0.0,11
1780221600000,98806.45488683405,0.0,11
1780225200000,98806.45488683405,0.0,11
1780228800000,98806.45488683405,0.0,11
1780232400000,98806.45488683405,0.0,11
1780236000000,98810.28448321996,0.07180167872976818,11
1780239600000,98735.36561690866,0.07185616073159268,11
1780243200000,98745.62178504776,0.07184869742483567,11
1780246800000,98661.9864487382,0.0,11
1780250400000,98661.9864487382,0.0,11
1780254000000,98591.94815165116,0.1258378741949235,11
1780257600000,98551.25922670237,0.0,11
1780261200000,98551.25922670237,0.0,11
1780264800000,98551.25922670237,0.0,11
1780268400000,98551.25922670237,0.0,11
1780272000000,98551.25922670237,0.0,11
1780275600000,98551.25922670237,0.0,11
1780279200000,98551.25922670237,0.0,11
1780282800000,98551.25922670237,0.0,11
1780286400000,98541.37651249077,0.03344671351484242,11
1780290000000,98520.61448496701,0.03345376200505134,11
1780293600000,98508.08586083878,0.0,11
1780297200000,98508.08586083878,0.0,11
1780300800000,98508.08586083878,0.0,11
1780304400000,98508.08586083878,0.0,11
1780308000000,98508.08586083878,0.0,11
1780311600000,98508.08586083878,0.0,11
1780315200000,98508.08586083878,0.0,11
1780318800000,98508.08586083878,0.0,11
1780322400000,98508.08586083878,0.0,11
1780326000000,98508.08586083878,0.0,11
1780329600000,98508.08586083878,0.0,11
1780333200000,98508.08586083878,0.0,11
1780336800000,98508.08586083878,0.0,11
1780340400000,98508.08586083878,0.0,11
1780344000000,98508.08586083878,0.0,11
1780347600000,98508.08586083878,0.0,11
1780351200000,98508.08586083878,0.0,11
1780354800000,98508.08586083878,0.0,11
1780358400000,98508.08586083878,0.0,11
1780362000000,98508.08586083878,0.0,11
1780365600000,98508.08586083878,0.0,11
1780369200000,98508.08586083878,0.0,11
1780372800000,98508.08586083878,0.0,11
1780376400000,98508.08586083878,0.0,11
1780380000000,98508.08586083878,0.0,11
1780383600000,98508.08586083878,0.0,11
1780387200000,98508.08586083878,0.0,11
1780390800000,98508.08586083878,0.0,11
1780394400000,98508.08586083878,0.0,11
1780398000000,98508.08586083878,0.0,11
1780401600000,98508.08586083878,0.0,11
1780405200000,98508.08586083878,0.0,11
1780408800000,98508.08586083878,0.0,11
1780412400000,98508.08586083878,0.0,11
1780416000000,98508.08586083878,0.0,11
1780419600000,98508.08586083878,0.0,11
1780423200000,98508.08586083878,0.0,11
1780426800000,98508.08586083878,0.0,11
1780430400000,98508.08586083878,0.0,11
1780434000000,98508.08586083878,0.0,11
1780437600000,98508.08586083878,0.0,11
1780441200000,98508.08586083878,0.0,11
1780444800000,98508.08586083878,0.0,11
1780448400000,98508.08586083878,0.0,11
1780452000000,98508.08586083878,0.0,11
1780455600000,98508.08586083878,0.0,11
1780459200000,98508.08586083878,0.0,11
1780462800000,98508.08586083878,0.0,11
1780466400000,98508.08586083878,0.0,11
1780470000000,98508.08586083878,0.0,11
1780473600000,98508.08586083878,0.0,11
1780477200000,98508.08586083878,0.0,11
1780480800000,98508.08586083878,0.0,11
1780484400000,98508.08586083878,0.0,11
1780488000000,98508.08586083878,0.0,11
1780491600000,98508.08586083878,0.0,11
1780495200000,98508.08586083878,0.0,11
1780498800000,98508.08586083878,0.0,11
1780502400000,98508.08586083878,0.0,11
1780506000000,98508.08586083878,0.0,11
1780509600000,98508.08586083878,0.0,11
1780513200000,98508.08586083878,0.0,11
1780516800000,98508.08586083878,0.0,11
1780520400000,98508.08586083878,0.0,11
1780524000000,98508.08586083878,0.0,11
1780527600000,98508.08586083878,0.0,11
1780531200000,98508.08586083878,0.0,11
1780531200000,100000.0,0.0,12
1780534800000,100000.0,0.0,12
1780538400000,100000.0,0.0,12
1780542000000,100000.0,0.0,12
1780545600000,100000.0,0.0,12
1780549200000,100000.0,0.0,12
1780552800000,100000.0,0.0,12
1780556400000,100000.0,0.0,12
1780560000000,100000.0,0.0,12
1780563600000,100000.0,0.0,12
1780567200000,100000.0,0.0,12
1780570800000,100000.0,0.0,12
1780574400000,100000.0,0.0,12
1780578000000,100000.0,0.0,12
1780581600000,100000.0,0.0,12
1780585200000,100000.0,0.0,12
1780588800000,100000.0,0.0,12
1780592400000,100000.0,0.0,12
1780596000000,100000.0,0.0,12
1780599600000,100000.0,0.0,12
1780603200000,100000.0,0.0,12
1780606800000,100000.0,0.0,12
1780610400000,100000.0,0.0,12
1780614000000,100000.0,0.0,12
1780617600000,100000.0,0.0,12
1780621200000,100000.0,0.0,12
1780624800000,100000.0,0.0,12
1780628400000,100000.0,0.0,12
1780632000000,100000.0,0.0,12
1780635600000,100000.0,0.0,12
1780639200000,100000.0,0.0,12
1780642800000,100000.0,0.0,12
1780646400000,100000.0,0.0,12
1780650000000,100000.0,0.0,12
1780653600000,100000.0,0.0,12
1780657200000,100000.0,0.0,12
1780660800000,100000.0,0.0,12
1780664400000,100000.0,0.0,12
1780668000000,100000.0,0.0,12
1780671600000,100000.0,0.0,12
1780675200000,100000.0,0.0,12
1780678800000,100000.0,0.0,12
1780682400000,100000.0,0.0,12
1780686000000,100000.0,0.0,12
1780689600000,100000.0,0.0,12
1780693200000,100000.0,0.0,12
1780696800000,100000.0,0.0,12
1780700400000,100000.0,0.0,12
1780704000000,100000.0,0.0,12
1780707600000,100000.0,0.0,12
1780711200000,100000.0,0.0,12
1780714800000,100000.0,0.0,12
1780718400000,100000.0,0.0,12
1780722000000,100000.0,0.0,12
1780725600000,100000.0,0.0,12
1780729200000,100000.0,0.0,12
1780732800000,100000.0,0.0,12
1780736400000,100000.0,0.0,12
1780740000000,100000.0,0.0,12
1780743600000,100000.0,0.0,12
1780747200000,100000.0,0.0,12
1780750800000,100000.0,0.0,12
1780754400000,100000.0,0.0,12
1780758000000,100000.0,0.0,12
1780761600000,100000.0,0.0,12
1780765200000,100000.0,0.0,12
1780768800000,100000.0,0.0,12
1780772400000,100000.0,0.0,12
1780776000000,100000.0,0.0,12
1780779600000,100000.0,0.0,12
1780783200000,100000.0,0.0,12
1780786800000,100000.0,0.0,12
1780790400000,100000.0,0.0,12
1780794000000,100000.0,0.0,12
1780797600000,100000.0,0.0,12
1780801200000,100000.0,0.0,12
1780804800000,100000.0,0.0,12
1780808400000,100000.0,0.0,12
1780812000000,100000.0,0.0,12
1780815600000,100000.0,0.0,12
1780819200000,100000.0,0.0,12
1780822800000,100078.80106143917,0.059874504613458154,12
1780826400000,100019.25400232048,0.07237514272564516,12
1780830000000,99951.89231093416,0.07242391931121654,12
1780833600000,99987.47634451717,0.07239814473152714,12
1780837200000,99881.62382076187,0.059992703428765635,12
1780840800000,99873.73507753479,0.059997442082351395,12
1780844400000,99932.11177741527,0.05996239376196926,12
1780848000000,99924.27616872313,0.11718413603241995,12
1780851600000,99931.6957883073,0.20635796114675362,12
1780855200000,99991.23530430804,0.20623508584581166,12
1780858800000,99923.28337192099,0.2063753341656859,12
1780862400000,99639.24303826495,0.11751935898388828,12
1780866000000,99746.1834628972,0.11739336348495351,12
1780869600000,99735.71324149126,0.19084241843946317,12
1780873200000,100250.50920854471,0.05977195211445137,12
1780876800000,100261.55344906263,0.05976536797733531,12
1780880400000,100302.04899762839,0.05974123854642474,12
1780884000000,100270.49402472001,0.05976003902389502,12
1780887600000,100267.33852742918,0.05976191972247553,12
1780891200000,100241.0427166722,0.05977759681530005,12
1780894800000,100180.56235193115,0.059813685361559475,12
1780898400000,100161.10345197098,0.05982530572594831,12
1780902000000,100185.2955978674,0.05981085946898232,12
1780905600000,100228.4023785914,0.06363621601951568,12
1780909200000,100181.42208586862,0.0636660583594837,12
1780912800000,100219.35007828628,0.06364196395279642,12
1780916400000,100224.16269363837,0.06363890796026404,12
1780920000000,100267.7054039668,0.06361127183830666,12
1780923600000,100312.96690549242,0.06358257024801207,12
1780927200000,100259.41701086043,0.06361653054858755,12
1780930800000,100296.31372855978,0.06359312748339599,12
1780934400000,100288.89631827979,0.07586430904312083,12
1780938000000,100250.06566418622,0.07589369416843705,12
1780941600000,100273.03823042454,0.07587630691312772,12
1780945200000,100261.24682276846,0.0758852304852416,12
1780948800000,100268.52197275775,0.07587972450566904,12
1780952400000,100284.61010945778,0.07586755151741816,12
1780956000000,100347.40012039048,0.16724900994008612,12
1780959600000,100301.53301430903,0.16732549160343063,12
1780963200000,100195.30033557212,0.16750289947719788,12
1780966800000,100014.62104531929,0.06377223848266014,12
1780970400000,100036.62157264314,0.06375821339011718,12
1780974000000,100034.5690759382,0.08575090899487668,12
1780977600000,100038.42202860757,0.08574760632189352,12
1780981200000,100141.40361879229,0.08565942676244599,12
1780984800000,100149.54673494646,0.08565246183165431,12
1780988400000,100133.78840611194,0.021969596867696492,12
1780992000000,100127.58642174926,0.021970957682443927,12
1780995600000,100107.50380571773,0.021975365287170923,12
1780999200000,100101.30182135505,0.02197672681663553,12
1781002800000,100113.11512490301,0.021974133572538072,12
1781006400000,100125.51909362836,0.021971411324822727,12
1781010000000,100132.31174316845,0.02196992085591781,12
1781013600000,100120.49843962048,0.021972513105737185,12
1781017200000,100097.46249770196,0.021977569752759774,12
1781020800000,100072.35922766254,0.02198308285220673,12
1781024400000,100079.44720979132,0.021981525932152354,12
1781028000000,100113.7057900804,0.021974003926398193,12
1781031600000,100116.06845079,0.021973485357136408,12
1781035200000,100124.63309586227,0.02197160574871972,12
1781038800000,100132.01641057974,0.02196998565470877,12
1781042400000,100112.52445972561,0.02197426322020778,12
1781046000000,100101.89248653245,0.021976597139893944,12
1781049600000,100112.81979231432,0.021974198396181695,12
1781053200000,100133.19774093454,0.021969726461838337,12
1781056800000,100110.75246419341,0.0,12
1781060400000,100110.75246419341,0.0,12
1781064000000,100110.75246419341,0.0,12
1781067600000,100110.75246419341,0.0,12
1781071200000,100110.75246419341,0.0,12
1781074800000,100110.75246419341,0.0,12
1781078400000,100110.75246419341,0.0,12
1781082000000,100110.75246419341,0.0,12
1781085600000,100110.75246419341,0.0,12
1781089200000,100110.75246419341,0.0,12
1781092800000,100110.75246419341,0.0,12
1781096400000,100110.75246419341,0.0,12
1781100000000,100110.75246419341,0.0,12
1781103600000,100110.75246419341,0.0,12
1781107200000,100110.75246419341,0.0,12
1781110800000,100110.75246419341,0.0,12
1781114400000,100110.75246419341,0.0,12
1781118000000,100110.75246419341,0.0,12
1781121600000,100110.75246419341,0.0,12
1781125200000,100110.75246419341,0.0,12
1781128800000,100110.75246419341,0.0,12
1781132400000,100110.75246419341,0.0,12
1781136000000,100139.88375617826,0.074018729333321,12
1781139600000,100198.22644821045,0.07397563024780635,12
1781143200000,100325.9871746386,0.012915348494697408,12
1781146800000,100324.37117910138,0.012915556531341783,12
1781150400000,100338.2660065037,0.0,12
1781154000000,100338.2660065037,0.0,12
1781157600000,100338.2660065037,0.0,12
1781161200000,100338.2660065037,0.0,12
1781164800000,100338.2660065037,0.0,12
1781168400000,100338.2660065037,0.0,12
1781172000000,100323.8707244667,0.035479001221978834,12
1781175600000,100319.67558661947,0.035480484872119626,12
1781179200000,100286.1629973253,0.14002859416636776,12
1781182800000,100265.49617717348,0.14005745699438024,12
1781186400000,100287.08897651144,0.14002730124257282,12
1781190000000,100213.68325466968,0.14012987012130712,12
1781193600000,100214.05189727122,0.14012935464629242,12
1781197200000,100185.85261393913,0.14016879681573763,12
1781200800000,100209.83709201716,0.0355193744977213,12
1781204400000,100203.04215043361,0.035521783127934685,12
1781208000000,100201.80133501401,0.035522223000029295,12
1781211600000,100190.22039109771,0.035526328998306766,12
1781215200000,100194.82913408481,0.03552469486487849,12
1781218800000,100196.12903595297,0.035524233982630195,12
1781222400000,100209.48257332585,0.035519500157307995,12
1781226000000,100200.2060009031,0.03552278856587301,12
1781229600000,100186.08433969902,0.03552779565631334,12
1781233200000,100203.8102742648,0.03552151083162108,12
1781236800000,100150.84593809092,0.12144221233393612,12
1781240400000,100180.0918277294,0.12140675932651147,12
1781244000000,100094.9953885095,0.12150997410638946,12
1781247600000,100018.70471757234,0.035587250825511334,12
1781251200000,100028.57215448061,0.0355837402790275,12
1781254800000,100060.53792314757,0.0,12
1781258400000,100066.53465699608,0.08211073223434623,12
1781262000000,100019.97093975348,0.08214895840940327,12
1781265600000,100037.12599347444,0.08213487094156931,12
1781269200000,100017.52021779334,0.08215097129930433,12
1781272800000,100011.393412893,0.08215600395564826,12
1781276400000,100160.88745246136,0.08203338290846601,12
1781280000000,100194.87848040157,0.03335402026956584,12
1781283600000,100212.22378602321,0.03334824716471466,12
1781287200000,100203.250189424,0.033351233631887946,12
1781290800000,100197.72376712815,0.03335307312478467,12
1781294400000,100186.58719043041,0.0,12
1781298000000,100186.58719043041,0.0,12
1781301600000,100186.58719043041,0.0,12
1781305200000,100186.58719043041,0.0,12
1781308800000,100186.58719043041,0.0,12
1781312400000,100186.58719043041,0.0,12
1781316000000,100186.58719043041,0.0,12
1781319600000,100186.58719043041,0.0,12
1781323200000,100186.58719043041,0.0,12
1781326800000,100186.58719043041,0.0,12
1781330400000,100186.58719043041,0.0,12
1781334000000,100186.58719043041,0.0,12
1781337600000,100186.58719043041,0.0,12
1781341200000,100186.58719043041,0.0,12
1781344800000,100186.58719043041,0.0,12
1781348400000,100186.58719043041,0.0,12
1781352000000,100186.58719043041,0.0,12
1781355600000,100186.58719043041,0.0,12
1781359200000,100172.90553168103,0.011874495039227988,12
1781362800000,100179.80207765987,0.011873677579028274,12
1781366400000,100182.10092631947,0.011873405117305724,12
1781370000000,100166.11691841156,0.0,12
1781373600000,100166.11691841156,0.0,12
1781377200000,100166.11691841156,0.0,12
1781380800000,100166.11691841156,0.0,12
1781384400000,100156.527157493,0.025918293517221806,12
1781388000000,100170.07211246622,0.025914788856485616,12
1781391600000,100103.10844139903,0.19708913303429323,12
1781395200000,100108.44379771312,0.19707862901774398,12
1781398800000,100128.18600018922,0.19703977116609198,12
1781402400000,100136.58022151844,0.1970232537710884,12
1781406000000,100119.66354164646,0.19705654372826042,12
1781409600000,100137.28555116722,0.19702186601285607,12
1781413200000,100065.73885206638,0.19716273604815104,12
1781416800000,100064.7948441199,0.19716459607484546,12
1781420400000,100044.3242316108,0.1869297182004422,12
1781424000000,100078.91891409815,0.18686510145279184,12
1781427600000,100083.60354443108,0.18685635482605747,12
1781431200000,100130.86037320559,0.18676816784022182,12
1781434800000,100052.10331744983,0.24201192206001437,12
1781438400000,100056.31847903985,0.24200172660835573,12
1781442000000,99960.23730178867,0.18708696418664905,12
1781445600000,99955.83576884112,0.16112487023649746,12
1781449200000,99900.24290426707,0.0,12
1781452800000,99900.24290426707,0.0,12
1781456400000,99900.24290426707,0.0,12
1781460000000,99900.24290426707,0.0,12
1781463600000,99900.24290426707,0.0,12
1781467200000,99900.24290426707,0.0,12
1781470800000,99900.24290426707,0.0,12
1781474400000,99900.24290426707,0.0,12
1781478000000,99900.24290426707,0.0,12
1781481600000,99900.24290426707,0.0,12
1781485200000,99792.07701352089,0.22278618294080899,12
1781488800000,99756.64032937979,0.22286532357314992,12
1781492400000,99744.72216934105,0.22289195299810255,12
1781496000000,99866.39769709208,0.22262038521716826,12
1781499600000,99776.36400748856,0.22282126780956812,12
1781503200000,99843.72674518925,0.22267093437243696,12
1781506800000,99843.86921780309,0.22267061663124468,12
1781510400000,99806.6448000339,0.2227536650502654,12
1781514000000,99804.89642420778,0.2227575672347985,12
1781517600000,99798.24801695428,0.22277240700458606,12
1781521200000,99955.94599811143,0.22242094458290276,12
1781524800000,100109.55092554094,0.18954409504810227,12
1781528400000,100207.4339934193,0.14323964185705715,12
1781532000000,100254.35829387071,0.017526034789202005,12
1781535600000,100231.16261610395,0.017530090696016697,12
1781539200000,100251.32334537787,0.017526565361877695,12
1781542800000,100231.01125372719,0.038811677609127605,12
1781546400000,100211.7402486176,0.03881914120606407,12
1781550000000,100189.52207927694,0.03882774979342007,12
1781553600000,100163.77579908697,0.017541884351004237,12
1781557200000,100158.7898122773,0.017542757600413048,12
1781560800000,100152.28635122119,0.017543896752049298,12
1781564400000,100142.08336768682,0.0,12
1781568000000,100142.08336768682,0.0,12
1781571600000,100142.08336768682,0.0,12
1781575200000,100142.08336768682,0.0,12
1781578800000,100142.08336768682,0.0,12
1781582400000,100142.08336768682,0.0,12
1781586000000,100142.08336768682,0.0,12
1781589600000,100142.08336768682,0.0,12
1781593200000,100148.78032932807,0.010015770565467952,12
1781596800000,100164.34625982669,0.08751155585633832,12
1781600400000,100258.3231395928,0.0874295271259016,12
1781604000000,100192.53507174167,0.08748693479263678,12
1781607600000,100182.39826036406,0.0874957870318664,12
1781611200000,100180.64760501296,0.08749731601946459,12
1781614800000,100214.33331533652,0.08746790496473804,12
1781618400000,100099.09419007998,0.08756860242796402,12
1781622000000,99979.58384754957,0.010032720357383089,12
1781625600000,99993.19732811216,0.010031354462029957,12
1781629200000,99991.71467181326,0.010031503204862586,12
1781632800000,100009.5065474,0.01002971858194892,12
1781636400000,100018.53727212963,0.010028812993544014,12
1781640000000,100016.91982889448,0.010028975176460272,12
1781643600000,100022.71566715378,0.010028394045287803,12
1781647200000,100026.04164836182,0.0,12
1781650800000,100026.04164836182,0.0,12
1781654400000,100026.04164836182,0.0,12
1781658000000,100026.04164836182,0.0,12
1781661600000,100026.04164836182,0.0,12
1781665200000,100026.04164836182,0.0,12
1781668800000,100026.04164836182,0.0,12
1781672400000,100026.04164836182,0.0,12
1781676000000,100026.04164836182,0.0,12
1781679600000,100026.04164836182,0.0,12
1781683200000,100026.04164836182,0.0,12
1781686800000,100026.04164836182,0.0,12
1781690400000,100026.04164836182,0.0,12
1781694000000,100026.04164836182,0.0,12
1781697600000,100026.04164836182,0.0,12
1781701200000,100026.04164836182,0.0,12
1781704800000,100026.04164836182,0.0,12
1781708400000,100026.04164836182,0.0,12
1781712000000,100026.04164836182,0.0,12
1781715600000,100026.04164836182,0.0,12
1781719200000,100026.04164836182,0.0,12
1781722800000,100026.04164836182,0.0,12
1781726400000,100026.04164836182,0.0,12
1781730000000,100026.04164836182,0.0,12
1781733600000,99862.16080401491,0.2173587401333571,12
1781737200000,99882.18545806123,0.21731516345794544,12
1781740800000,99964.70318324515,0.0,12
1781740800000,100000.0,0.0,13
1781744400000,100000.0,0.0,13
1781748000000,100000.0,0.0,13
1781751600000,100000.0,0.0,13
1781755200000,100000.0,0.0,13
1781758800000,100000.0,0.0,13
1781762400000,100000.0,0.0,13
1781766000000,100000.0,0.0,13
1781769600000,100000.0,0.0,13
1781773200000,100000.0,0.0,13
1781776800000,100000.0,0.0,13
1781780400000,100000.0,0.0,13
1781784000000,100000.0,0.0,13
1781787600000,100000.0,0.0,13
1781791200000,100000.0,0.0,13
1781794800000,100000.0,0.0,13
1781798400000,100000.0,0.0,13
1781802000000,100000.0,0.0,13
1781805600000,100000.0,0.0,13
1781809200000,100000.0,0.0,13
1781812800000,100000.0,0.0,13
1781816400000,100000.0,0.0,13
1781820000000,100000.0,0.0,13
1781823600000,100000.0,0.0,13
1781827200000,100000.0,0.0,13
1781830800000,100000.0,0.0,13
1781834400000,100000.0,0.0,13
1781838000000,100000.0,0.0,13
1781841600000,100000.0,0.0,13
1781845200000,100000.0,0.0,13
1781848800000,100000.0,0.0,13
1781852400000,100000.0,0.0,13
1781856000000,100000.0,0.0,13
1781859600000,100000.0,0.0,13
1781863200000,100000.0,0.0,13
1781866800000,100000.0,0.0,13
1781870400000,100000.0,0.0,13
1781874000000,100000.0,0.0,13
1781877600000,100000.0,0.0,13
1781881200000,100000.0,0.0,13
1781884800000,100000.0,0.0,13
1781888400000,100000.0,0.0,13
1781892000000,100000.0,0.0,13
1781895600000,100000.0,0.0,13
1781899200000,100000.0,0.0,13
1781902800000,100000.0,0.0,13
1781906400000,100000.0,0.0,13
1781910000000,100000.0,0.0,13
1781913600000,100000.0,0.0,13
1781917200000,100000.0,0.0,13
1781920800000,100000.0,0.0,13
1781924400000,100000.0,0.0,13
1781928000000,100000.0,0.0,13
1781931600000,100000.0,0.0,13
1781935200000,100000.0,0.0,13
1781938800000,100000.0,0.0,13
1781942400000,100000.0,0.0,13
1781946000000,100000.0,0.0,13
1781949600000,100000.0,0.0,13
1781953200000,99942.75082648487,0.14181964477860493,13
1781956800000,99945.7023793344,0.14181545662276931,13
1781960400000,99938.39895044132,0.14182582039799746,13
1781964000000,99857.25517358929,0.0,13
1781967600000,99857.25517358929,0.0,13
1781971200000,99866.65014573783,0.13574988785303424,13
1781974800000,99822.74632348359,0.1358095930722036,13
1781978400000,99771.84331934339,0.1358788823230427,13
1781982000000,99770.53650668354,0.135880662089393,13
1781985600000,99789.58941594133,0.1358547182816288,13
1781989200000,99802.44599296582,0.1358372174415206,13
1781992800000,99830.05030412941,0.1357996566789403,13
1781996400000,99886.74178180746,0.13572258255410682,13
1782000000000,99873.23431144193,0.1357409385107795,13
1782003600000,99850.96481507638,0.13577121245297347,13
1782007200000,99842.05872458778,0.15633387675739313,13
1782010800000,99833.05543817012,0.15634797548113802,13
1782014400000,99856.52458802689,0.15631122921862278,13
1782018000000,99811.46236875954,0.15638179957915888,13
1782021600000,99812.15253348966,0.15638071825589553,13
1782025200000,99838.07509268136,0.1563401146242483,13
1782028800000,99832.43249044329,0.15634895108208743,13
1782032400000,99802.97422135527,0.1563950997014902,13
1782036000000,99839.49481012337,0.1563378914680911,13
1782039600000,99828.20561683965,0.15635557112749646,13
1782043200000,99770.70220693306,0.15644568754743582,13
1782046800000,99773.41029583347,0.1564414412374349,13
1782050400000,99779.05285156981,0.15643259439507243,13
1782054000000,99814.85865524078,0.020556153401959154,13
1782057600000,99817.14623312521,0.020555682302516965,13
1782061200000,99798.19201636859,0.02055958634977544,13
1782064800000,99789.69529851218,0.020561336921354357,13
1782068400000,99796.2312353248,0.02055999030137445,13
1782072000000,99794.92404796228,0.020560259611259214,13
1782075600000,99774.33584700251,0.02056450217276632,13
1782079200000,99754.48871036184,0.0,13
1782082800000,99754.48871036184,0.0,13
1782086400000,99754.48871036184,0.0,13
1782090000000,99754.48871036184,0.0,13
1782093600000,99754.48871036184,0.0,13
1782097200000,99754.48871036184,0.0,13
1782100800000,99754.48871036184,0.0,13
1782104400000,99754.48871036184,0.0,13
1782108000000,99747.33089334382,0.03533918682926606,13
1782111600000,99733.99359574915,0.03534391269288089,13
1782115200000,99753.8444572854,0.0353368793086456,13
1782118800000,99746.40038420931,0.03533951649967045,13
1782122400000,99745.7800447863,0.03533973628335719,13
1782126000000,99753.5342875739,0.03533698918374665,13
1782129600000,99786.41227699332,0.0353253462242496,13
1782133200000,99809.72896872117,0.0,13
1782136800000,99809.72896872117,0.0,13
1782140400000,99665.41930545495,0.0,13
1782144000000,99665.41930545495,0.0,13
1782147600000,99665.41930545495,0.0,13
1782151200000,99665.41930545495,0.0,13
1782154800000,99665.41930545495,0.0,13
1782158400000,99665.41930545495,0.0,13
1782162000000,99665.41930545495,0.0,13
1782165600000,99665.41930545495,0.0,13
1782169200000,99665.41930545495,0.0,13
1782172800000,99665.41930545495,0.0,13
1782176400000,99665.41930545495,0.0,13
1782180000000,99665.41930545495,0.0,13
1782183600000,99665.41930545495,0.0,13
1782187200000,99642.91526871873,0.07897100847704798,13
1782190800000,99582.91740060589,0.07901858784382113,13
1782194400000,99536.00997644496,0.07905582621029236,13
1782198000000,99520.04833589165,0.0,13
1782201600000,99520.04833589165,0.0,13
1782205200000,99520.04833589165,0.0,13
1782208800000,99520.04833589165,0.0,13
1782212400000,99520.04833589165,0.0,13
1782216000000,99520.04833589165,0.0,13
1782219600000,99520.04833589165,0.0,13
1782223200000,99520.04833589165,0.0,13
1782226800000,99520.04833589165,0.0,13
1782230400000,99520.04833589165,0.0,13
1782234000000,99520.04833589165,0.0,13
1782237600000,99520.04833589165,0.0,13
1782241200000,99520.04833589165,0.0,13
1782244800000,99520.04833589165,0.0,13
1782248400000,99520.04833589165,0.0,13
1782252000000,99520.04833589165,0.0,13
1782255600000,99520.04833589165,0.0,13
1782259200000,99520.04833589165,0.0,13
1782262800000,99520.04833589165,0.0,13
1782266400000,99520.04833589165,0.0,13
1782270000000,99520.04833589165,0.0,13
1782273600000,99520.04833589165,0.0,13
1782277200000,99520.04833589165,0.0,13
1782280800000,99520.04833589165,0.0,13
1782284400000,99520.04833589165,0.0,13
1782288000000,99520.04833589165,0.0,13
1782291600000,99520.04833589165,0.0,13
1782295200000,99520.04833589165,0.0,13
1782298800000,99520.04833589165,0.0,13
1782302400000,99520.04833589165,0.0,13
1782306000000,99520.04833589165,0.0,13
1782309600000,99520.04833589165,0.0,13
1782313200000,99520.04833589165,0.0,13
1782316800000,99520.04833589165,0.0,13
1782320400000,99520.04833589165,0.0,13
1782324000000,99520.04833589165,0.0,13
1782327600000,99520.04833589165,0.0,13
1782331200000,99520.04833589165,0.0,13
1782334800000,99520.04833589165,0.0,13
1782338400000,99520.04833589165,0.0,13
1782342000000,99520.04833589165,0.0,13
1782345600000,99520.04833589165,0.0,13
1782349200000,99520.04833589165,0.0,13
1782352800000,99520.04833589165,0.0,13
1782356400000,99520.04833589165,0.0,13
1782360000000,99520.04833589165,0.0,13
1782363600000,99520.04833589165,0.0,13
1782367200000,99520.04833589165,0.0,13
1782370800000,99520.04833589165,0.0,13
1782374400000,99520.04833589165,0.0,13
1782378000000,99520.04833589165,0.0,13
1782381600000,99520.04833589165,0.0,13
1782385200000,99520.04833589165,0.0,13
1782388800000,99520.04833589165,0.0,13
1782392400000,99520.04833589165,0.0,13
1782396000000,99520.04833589165,0.0,13
1782399600000,99520.04833589165,0.0,13
1782403200000,99520.04833589165,0.0,13
1782406800000,99520.04833589165,0.0,13
1782410400000,99520.04833589165,0.0,13
1782414000000,99520.04833589165,0.0,13
1782417600000,99520.04833589165,0.0,13
1782421200000,99520.04833589165,0.0,13
1782424800000,99520.04833589165,0.0,13
1782428400000,99520.04833589165,0.0,13
1782432000000,99520.04833589165,0.0,13
1782435600000,99520.04833589165,0.0,13
1782439200000,99520.04833589165,0.0,13
1782442800000,99520.04833589165,0.0,13
1782446400000,99520.04833589165,0.0,13
1782450000000,99520.04833589165,0.0,13
1782453600000,99520.04833589165,0.0,13
1782457200000,99520.04833589165,0.0,13
1782460800000,99520.04833589165,0.0,13
1782464400000,99520.04833589165,0.0,13
1782468000000,99520.04833589165,0.0,13
1782471600000,99520.04833589165,0.0,13
1782475200000,99520.04833589165,0.0,13
1782478800000,99520.04833589165,0.0,13
1782482400000,99520.04833589165,0.0,13
1782486000000,99520.04833589165,0.0,13
1782489600000,99520.04833589165,0.0,13
1782493200000,99520.04833589165,0.0,13
1782496800000,99520.04833589165,0.0,13
1782500400000,99520.04833589165,0.0,13
1782504000000,99520.04833589165,0.0,13
1782507600000,99520.04833589165,0.0,13
1782511200000,99520.04833589165,0.0,13
1782514800000,99520.04833589165,0.0,13
1782518400000,99520.04833589165,0.0,13
1782522000000,99520.04833589165,0.0,13
1782525600000,99520.04833589165,0.0,13
1782529200000,99520.04833589165,0.0,13
1782532800000,99520.04833589165,0.0,13
1782536400000,99520.04833589165,0.0,13
1782540000000,99520.04833589165,0.0,13
1782543600000,99520.04833589165,0.0,13
1782547200000,99520.04833589165,0.0,13
1782550800000,99520.04833589165,0.0,13
1782554400000,99520.04833589165,0.0,13
1782558000000,99520.04833589165,0.0,13
1782561600000,99475.21502278133,0.07287203934414793,13
1782565200000,99500.968380485,0.08400847169850881,13
1782568800000,99527.11946318173,0.08398639819228797,13
1782572400000,99567.15554832004,0.08395262715032169,13
1782576000000,99584.91847598617,0.08393765254908413,13
1782579600000,99562.47696832521,0.08395657220164884,13
1782583200000,99489.41679715889,0.08401822580997279,13
1782586800000,99470.8121185487,0.08403394028998257,13
1782590400000,99376.42773120523,0.07294447937407038,13
1782594000000,99395.50810597198,0.07293047664869431,13
1782597600000,99363.37273794378,0.07295406328472527,13
1782601200000,99346.09643075992,0.0,13
1782604800000,99346.09643075992,0.0,13
1782608400000,99346.09643075992,0.0,13
1782612000000,99346.09643075992,0.0,13
1782615600000,99346.09643075992,0.0,13
1782619200000,99346.09643075992,0.0,13
1782622800000,99346.09643075992,0.0,13
1782626400000,99346.09643075992,0.0,13
1782630000000,99346.09643075992,0.0,13
1782633600000,99346.09643075992,0.0,13
1782637200000,99346.09643075992,0.0,13
1782640800000,99346.09643075992,0.0,13
1782644400000,99346.09643075992,0.0,13
1782648000000,99346.09643075992,0.0,13
1782651600000,99346.09643075992,0.0,13
1782655200000,99346.09643075992,0.0,13
1782658800000,99346.09643075992,0.0,13
1782662400000,99346.09643075992,0.0,13
1782666000000,99346.09643075992,0.0,13
1782669600000,99346.09643075992,0.0,13
1782673200000,99346.09643075992,0.0,13
1782676800000,99346.09643075992,0.0,13
1782680400000,99346.09643075992,0.0,13
1782684000000,99258.21139279407,0.1345792029253753,13
1782687600000,99203.92637348094,0.0,13
1782691200000,99203.92637348094,0.0,13
1782694800000,99203.92637348094,0.0,13
1782698400000,99203.92637348094,0.0,13
1782702000000,99203.92637348094,0.0,13
1782705600000,99203.92637348094,0.0,13
1782709200000,99203.92637348094,0.0,13
1782712800000,99203.92637348094,0.0,13
1782716400000,99203.92637348094,0.0,13
1782720000000,99203.92637348094,0.0,13
1782723600000,99203.92637348094,0.0,13
1782727200000,99203.92637348094,0.0,13
1782730800000,99203.92637348094,0.0,13
1782734400000,99203.92637348094,0.0,13
1782738000000,99203.92637348094,0.0,13
1782741600000,99203.92637348094,0.0,13
1782745200000,99203.92637348094,0.0,13
1782748800000,99203.92637348094,0.0,13
1782752400000,99203.92637348094,0.0,13
1782756000000,99203.92637348094,0.0,13
1782759600000,99203.92637348094,0.0,13
1782763200000,99203.92637348094,0.0,13
1782766800000,99203.92637348094,0.0,13
1782770400000,99203.92637348094,0.0,13
1782774000000,99203.92637348094,0.0,13
1782777600000,99203.92637348094,0.0,13
1782781200000,99203.92637348094,0.0,13
1782784800000,99203.92637348094,0.0,13
1782788400000,99203.92637348094,0.0,13
1782792000000,99203.92637348094,0.0,13
1782795600000,99203.92637348094,0.0,13
1782799200000,99203.92637348094,0.0,13
1782802800000,99203.92637348094,0.0,13
1782806400000,99203.92637348094,0.0,13
1782810000000,99203.92637348094,0.0,13
1782813600000,99203.92637348094,0.0,13
1782817200000,99203.92637348094,0.0,13
1782820800000,99203.92637348094,0.0,13
1782824400000,99203.92637348094,0.0,13
1782828000000,99203.92637348094,0.0,13
1782831600000,99203.92637348094,0.0,13
1782835200000,99203.92637348094,0.0,13
1782838800000,99203.92637348094,0.0,13
1782842400000,99203.92637348094,0.0,13
1782846000000,99203.92637348094,0.0,13
1782849600000,99203.92637348094,0.0,13
1782853200000,99203.92637348094,0.0,13
1782856800000,99203.92637348094,0.0,13
1782860400000,99203.92637348094,0.0,13
1782864000000,99203.92637348094,0.0,13
1782867600000,99203.92637348094,0.0,13
1782871200000,99203.92637348094,0.0,13
1782874800000,99203.92637348094,0.0,13
1782878400000,99203.92637348094,0.0,13
1782882000000,99203.92637348094,0.0,13
1782885600000,99203.92637348094,0.0,13
1782889200000,99203.92637348094,0.0,13
1782892800000,99203.92637348094,0.0,13
1782896400000,99203.92637348094,0.0,13
1782900000000,99203.92637348094,0.0,13
1782903600000,99203.92637348094,0.0,13
1782907200000,99203.92637348094,0.0,13
1782910800000,99203.92637348094,0.0,13
1782914400000,99203.92637348094,0.0,13
1782918000000,99203.92637348094,0.0,13
1782921600000,99203.92637348094,0.0,13
1782925200000,99203.92637348094,0.0,13
1782928800000,99203.92637348094,0.0,13
1782932400000,99203.92637348094,0.0,13
1782936000000,99203.92637348094,0.0,13
1782939600000,99203.92637348094,0.0,13
1782943200000,99203.92637348094,0.0,13
1782946800000,98979.2864265264,0.24697561631027062,13
1782950400000,98818.95314816799,0.0,13
1782950400000,100000.0,0.0,14
1782954000000,100000.0,0.0,14
1782957600000,100000.0,0.0,14
1782961200000,99986.8973819477,0.17063507344893794,14
1782964800000,100174.92041370813,0.17031480043347627,14
1782968400000,100099.8045936033,0.1805540134557367,14
1782972000000,100019.46619518736,0.18069903942738405,14
1782975600000,99945.91574892993,0.1808320162968097,14
1782979200000,99912.90478877974,0.1808917627179199,14
1782982800000,100017.45743131403,0.1807026686108453,14
1782986400000,100253.00177707295,0.09021177951791726,14
1782990000000,100451.68634734637,0.09003334857963374,14
1782993600000,100471.49618731377,0.09001559681625038,14
1782997200000,100514.15340910057,0.010069725033552935,14
1783000800000,100531.7467275489,0.0,14
1783004400000,100531.7467275489,0.0,14
1783008000000,100531.7467275489,0.0,14
1783011600000,100531.7467275489,0.0,14
1783015200000,100531.7467275489,0.0,14
1783018800000,100531.7467275489,0.0,14
1783022400000,100523.5431993967,0.01180632056797738,14
1783026000000,100523.38303153618,0.011806339379452373,14
1783029600000,100522.26185651247,0.011806471061455834,14
1783033200000,100517.1364849755,0.011807073073737982,14
1783036800000,100521.62118507035,0.011806546309633808,14
1783040400000,100474.40452731663,0.07092398831332307,14
1783044000000,100546.16589442363,0.07087336875645812,14
1783047600000,100534.14957386552,0.07088183987917235,14
1783051200000,100531.34955226058,0.07088381409601062,14
1783054800000,100526.33870762015,0.07088734737678581,14
1783058400000,100568.65330181413,0.0708575212904333,14
1783062000000,100570.90478834236,0.07085593499910038,14
1783065600000,100580.1247784188,0.07084943976936202,14
1783069200000,100567.72387866642,0.07085817613890691,14
1783072800000,100579.09894588905,0.07085016238132406,14
1783076400000,100631.96835859094,0.022495462802767915,14
1783080000000,100617.29108531811,0.11189518954375101,14
1783083600000,100591.1587756098,0.11192425849755985,14
1783087200000,100658.65421751217,0.10005873573439046,14
1783090800000,100600.25831686788,0.10011681729489832,14
1783094400000,100568.47010737334,0.10014846274360306,14
1783098000000,100556.0145665443,0.13561698806672476,14
1783101600000,100610.16678320439,0.13554399384799531,14
1783105200000,100628.00940930638,0.1248176762702397,14
1783108800000,100713.57993209302,0.1000127106096715,14
1783112400000,100837.895783179,0.12773098279605316,14
1783116000000,100826.69458864933,0.127745172883228,14
1783119600000,100786.79731909004,0.12779574184397477,14
1783123200000,100791.67473153314,0.12778955767704725,14
1783126800000,100790.87644467365,0.1277905697996547,14
1783130400000,100716.75439413614,0.12788461670505674,14
1783134000000,100723.08185358578,0.12787658294842874,14
1783137600000,100749.53708833116,0.12784300458054632,14
1783141200000,100799.78033360318,0.12777928174886755,14
1783144800000,100752.4925238212,0.12783925448222688,14
1783148400000,100737.11484534117,0.1278587693448033,14
1783152000000,100756.55896749452,0.1278340950054353,14
1783155600000,100801.64592766248,0.12777691686418002,14
1783159200000,100760.45715802879,0.11713239396223807,14
1783162800000,100762.71042252642,0.02786234506283548,14
1783166400000,100707.79567360482,0.18258431587762822,14
1783170000000,100759.80306867881,0.18249007457940247,14
1783173600000,100741.20417632649,0.18252376598978634,14
1783177200000,100773.89971299781,0.18246454715930244,14
1783180800000,100847.72592421803,0.1544921159755037,14
1783184400000,100843.74619672247,0.15449821289816854,14
1783188000000,100904.84100342401,0.0,14
1783191600000,100856.57628449738,0.05693628070724191,14
1783195200000,100824.55995963079,0.056954360532837464,14
1783198800000,100799.30700788012,0.0,14
1783202400000,100799.30700788012,0.0,14
1783206000000,100799.30700788012,0.0,14
1783209600000,100799.30700788012,0.0,14
1783213200000,100799.30700788012,0.0,14
1783216800000,100799.30700788012,0.0,14
1783220400000,100799.30700788012,0.0,14
1783224000000,100799.30700788012,0.0,14
1783227600000,100799.30700788012,0.0,14
1783231200000,100799.30700788012,0.0,14
1783234800000,100799.30700788012,0.0,14
1783238400000,100799.30700788012,0.0,14
1783242000000,100799.30700788012,0.0,14
1783245600000,100799.30700788012,0.0,14
1783249200000,100799.30700788012,0.0,14
1783252800000,100799.30700788012,0.0,14
1783256400000,100799.30700788012,0.0,14
1783260000000,100799.30700788012,0.0,14
1783263600000,100799.30700788012,0.0,14
1783267200000,100799.30700788012,0.0,14
1783270800000,100799.30700788012,0.0,14
1783274400000,100799.30700788012,0.0,14
1783278000000,100799.30700788012,0.0,14
1783281600000,100781.43690974914,0.03600373403871854,14
1783285200000,100772.97531382849,0.036006757161218615,14
1783288800000,100791.86309138496,0.06350039785167498,14
1783292400000,100828.52669534685,0.03598691927238041,14
1783296000000,100818.22562205214,0.03599059622553832,14
1783299600000,100829.87564542115,0.035986437822243575,14
1783303200000,100810.00928978136,0.03599352957213055,14
1783306800000,100797.01031633803,0.0359981713659057,14
1783310400000,100784.84144793426,0.0,14
1783314000000,100784.84144793426,0.0,14
1783317600000,100784.84144793426,0.0,14
1783321200000,100784.84144793426,0.0,14
1783324800000,100784.84144793426,0.0,14
1783328400000,100784.84144793426,0.0,14
1783332000000,100784.84144793426,0.0,14
1783335600000,100784.84144793426,0.0,14
1783339200000,100784.84144793426,0.0,14
1783342800000,100784.84144793426,0.0,14
1783346400000,100784.84144793426,0.0,14
1783350000000,100812.0078831861,0.2076726675242803,14
1783353600000,101091.21587354854,0.0,14
1783357200000,101091.21587354854,0.0,14
1783360800000,101091.21587354854,0.0,14
1783364400000,101091.21587354854,0.0,14
1783368000000,101091.21587354854,0.0,14
1783371600000,101091.21587354854,0.0,14
1783375200000,101091.21587354854,0.0,14
1783378800000,101021.51042744679,0.10139751007493107,14
1783382400000,100989.49284512573,0.10142965701452362,14
1783386000000,101015.16809915355,0.10140387640890955,14
1783389600000,100957.46892206157,0.10146183071665124,14
1783393200000,100944.88713601271,0.0,14
1783396800000,100944.88713601271,0.0,14
1783400400000,100944.88713601271,0.0,14
1783404000000,100944.88713601271,0.0,14
1783407600000,100944.88713601271,0.0,14
1783411200000,100944.88713601271,0.0,14
1783414800000,100944.88713601271,0.0,14
1783418400000,100944.88713601271,0.0,14
1783422000000,100944.88713601271,0.0,14
1783425600000,100944.88713601271,0.0,14
1783429200000,100944.88713601271,0.0,14
1783432800000,100944.88713601271,0.0,14
1783436400000,100944.88713601271,0.0,14
1783440000000,100944.88713601271,0.0,14
1783443600000,100944.88713601271,0.0,14
1783447200000,100944.88713601271,0.0,14
1783450800000,100944.88713601271,0.0,14
1783454400000,100944.88713601271,0.0,14
1783458000000,100944.88713601271,0.0,14
1783461600000,100944.88713601271,0.0,14
1783465200000,100944.88713601271,0.0,14
1783468800000,100944.88713601271,0.0,14
1783472400000,100944.88713601271,0.0,14
1783476000000,100944.88713601271,0.0,14
1783479600000,100944.88713601271,0.0,14
1783483200000,100944.88713601271,0.0,14
1783486800000,100944.88713601271,0.0,14
1783490400000,100944.88713601271,0.0,14
1783494000000,100944.88713601271,0.0,14
1783497600000,100944.88713601271,0.0,14
1783501200000,100944.88713601271,0.0,14
1783504800000,100944.88713601271,0.0,14
1783508400000,100944.88713601271,0.0,14
1783512000000,100944.88713601271,0.0,14
1783515600000,100944.88713601271,0.0,14
1783519200000,100944.88713601271,0.0,14
1783522800000,100944.88713601271,0.0,14
1783526400000,100944.88713601271,0.0,14
1783530000000,100944.88713601271,0.0,14
1783533600000,100944.88713601271,0.0,14
1783537200000,100944.88713601271,0.0,14
1783540800000,100944.88713601271,0.0,14
1783544400000,100944.88713601271,0.0,14
1783548000000,100944.88713601271,0.0,14
1783551600000,100944.88713601271,0.0,14
1783555200000,100944.88713601271,0.0,14
1783558800000,100944.88713601271,0.0,14
1783562400000,100944.88713601271,0.0,14
1783566000000,100944.88713601271,0.0,14
1783569600000,100944.88713601271,0.0,14
1783573200000,100944.88713601271,0.0,14
1783576800000,100944.88713601271,0.0,14
1783580400000,100944.88713601271,0.0,14
1783584000000,100944.88713601271,0.0,14
1783587600000,100944.88713601271,0.0,14
1783591200000,100944.88713601271,0.0,14
1783594800000,100944.88713601271,0.0,14
1783598400000,100944.88713601271,0.0,14
1783602000000,100944.88713601271,0.0,14
1783605600000,100944.88713601271,0.0,14
1783609200000,100908.35319613405,0.11334589209744717,14
1783612800000,100881.55885638394,0.11337599698853496,14
1783616400000,100851.12613687324,0.11341020919862883,14
1783620000000,100931.31537482222,0.11332010556510835,14
1783623600000,100945.12274530245,0.11330460553263681,14
1783627200000,100950.3874391621,0.11329869655025299,14
1783630800000,100962.20990958378,0.11328542950221611,14
1783634400000,100955.18488465031,0.11329331253435321,14
1783638000000,100945.07746929747,0.11330465635215187,14
1783641600000,100947.10945640119,0.11330237561720326,14
1783645200000,100926.08871280677,0.1133259740764011,14
1783648800000,101041.25819220717,0.11319680215524297,14
1783652400000,101091.69262192948,0.0,14
1783656000000,101091.69262192948,0.0,14
1783659600000,101091.69262192948,0.0,14
1783663200000,101091.69262192948,0.0,14
1783666800000,101091.69262192948,0.0,14
1783670400000,101091.69262192948,0.0,14
1783674000000,101091.69262192948,0.0,14
1783677600000,101101.27477506525,0.23527756054245297,14
1783681200000,101133.60969062432,0.23520233648908084,14
1783684800000,101163.39842058803,0.23513307844716158,14
1783688400000,101090.74842656011,0.23530205945690613,14
1783692000000,101191.19283722625,0.23506849390611068,14
1783695600000,100962.36250078809,0.23560127464949043,14
1783699200000,101024.74368992404,0.2354557945706724,14
1783702800000,101075.03666522144,0.2460637812508193,14
1783706400000,100955.67004299698,0.24635471887133314,14
1783710000000,100933.33870063265,0.24640922446523308,14
1783713600000,101013.80609341158,0.24621293537747158,14
1783717200000,100965.08458164438,0.12172650831073596,14
1783720800000,100991.82841637064,0.12169427368669643,14
1783724400000,100991.1475422015,0.12169509413967178,14
1783728000000,100992.21252157605,0.12169381084502949,14
1783731600000,100962.18681439885,0.12173000204536895,14
1783735200000,100933.60804855576,0.12176446918958181,14
1783738800000,100975.82703610443,0.12171355826605208,14
1783742400000,100978.25024760191,0.12171063746188815,14
1783746000000,100979.45671296942,0.12170918330800641,14
1783749600000,101000.36452640018,0.12168398861777588,14
1783753200000,101002.37844986597,0.12168156231610013,14
1783756800000,101015.8068946465,0.12166538668784349,14
1783760400000,101028.98264040932,0.010730033964198376,14
1783764000000,101028.41686384226,0.010730094054240061,14
1783767600000,101034.52725076646,0.010729445117404422,14
1783771200000,101039.39292924314,0.010728928427540587,14
1783774800000,101045.84278210757,0.010728243589769478,14
1783778400000,101054.83607082878,0.0,14
1783782000000,101054.83607082878,0.0,14
1783785600000,101046.48360133238,0.11189191080288437,14
1783789200000,101099.5142515362,0.11183321911849445,14
1783792800000,101108.17613212178,0.11182363842950803,14
1783796400000,101118.52053627434,0.11181219889396508,14
1783800000000,101105.99508305347,0.11182605067857607,14
1783803600000,101102.71138800168,0.12365130060429326,14
1783807200000,101087.08461160237,0.12367041552123297,14
1783810800000,101015.5400079819,0.12375800551834971,14
1783814400000,100913.94702898184,0.0,14
1783818000000,100913.94702898184,0.0,14
1783821600000,100913.94702898184,0.0,14
1783825200000,100893.95262988987,0.07604153893777199,14
1783828800000,100911.05899236634,0.07602864843655907,14
1783832400000,100883.39970086562,0.07604949327878037,14
1783836000000,100858.99790110215,0.07606789267343747,14
1783839600000,100817.08437415941,0.0,14
1783843200000,100817.08437415941,0.0,14
1783846800000,100791.09135812736,0.17553940232078016,14
1783850400000,100785.12955954691,0.17554978610025382,14
1783854000000,100758.63728351836,0.1755959430701723,14
1783857600000,100800.71812885323,0.17552263778168892,14
1783861200000,100802.92650950496,0.17551879244891297,14
1783864800000,100802.13602531674,0.1755201688565531,14
1783868400000,100851.87019483764,0.1754336127042935,14
1783872000000,100844.38547042603,0.17544663348118156,14
1783875600000,100844.8553386498,0.17544581601956924,14
1783879200000,100817.29894929094,0.17549377061930563,14
1783882800000,100836.6437004567,0.17546010346023344,14
1783886400000,100858.92098212495,0.17542134859246108,14
1783890000000,100850.71210786258,0.17543562724021114,14
1783893600000,100773.73940101653,0.1755696279747892,14
1783897200000,100764.47194128532,0.17558577537700282,14
1783900800000,100734.93381359441,0.1756372617368727,14
1783904400000,100815.64335478481,0.17549665257802582,14
1783908000000,100649.95686531396,0.0,14
1783911600000,100649.95686531396,0.0,14
1783915200000,100649.95686531396,0.0,14
1783918800000,100649.95686531396,0.0,14
1783922400000,100649.95686531396,0.0,14
1783926000000,100649.95686531396,0.0,14
1783929600000,100645.91531994699,0.026466584511294834,14
1783933200000,100637.94350554247,0.26704453796974625,14
1783936800000,100586.73849089758,0.26718048053715354,14
1783940400000,100494.91463448395,0.26742460773672977,14
1783944000000,100510.66420227099,0.2673827035067568,14
1783947600000,100392.22142048151,0.2676981617241129,14
1783951200000,100326.1490116345,0.0,14
1783954800000,100326.1490116345,0.0,14
1783958400000,100326.1490116345,0.0,14
1783962000000,100326.1490116345,0.0,14
1783965600000,100326.1490116345,0.0,14
1783969200000,100326.1490116345,0.0,14
1783972800000,100326.1490116345,0.0,14
1783976400000,100326.1490116345,0.0,14
1783980000000,100326.1490116345,0.0,14
1783983600000,100326.1490116345,0.0,14
1783987200000,100326.1490116345,0.0,14
1783990800000,100326.1490116345,0.0,14
1783994400000,100326.1490116345,0.0,14
1783998000000,100326.1490116345,0.0,14
1784001600000,100326.1490116345,0.0,14
1784005200000,100326.1490116345,0.0,14
1784008800000,100326.1490116345,0.0,14
1784012400000,100326.1490116345,0.0,14
1784016000000,100326.1490116345,0.0,14
1784019600000,100326.1490116345,0.0,14
1784023200000,100326.1490116345,0.0,14
1784026800000,100326.1490116345,0.0,14
1784030400000,100326.1490116345,0.0,14
1784034000000,100326.1490116345,0.0,14
1784037600000,100326.1490116345,0.0,14
1784041200000,100326.1490116345,0.0,14
1784044800000,100371.20081457184,0.11767345607925951,14
1784048400000,100352.42327011604,0.14924031104096863,14
1784052000000,100328.23989878704,0.149276284300968,14
1784055600000,100314.02627895727,0.149297435444366,14
1784059200000,100316.43657228653,0.18883147700817784,14
1784062800000,100295.43339831484,0.1888710207862797,14
1784066400000,100310.34528094172,0.18884294369726465,14
1784070000000,100357.26669736473,0.18875465135241148,14
1784073600000,100397.25008482063,0.1886794794691901,14
1784077200000,100346.47459987423,0.18877495160319063,14
1784080800000,100289.95402027416,0.1888813398230559,14
1784084400000,100244.06635802312,0.14940162950949953,14
1784088000000,100303.44034482964,0.1493131921603032,14
1784091600000,100254.36589189828,0.2166295374117059,14
1784095200000,100323.8045185126,0.28798798251146784,14
1784098800000,100319.62750709703,0.17026602266118745,14
1784102400000,100241.18370198498,0.17039926445069534,14
1784106000000,100304.2464299369,0.1702921319728618,14
1784109600000,100299.36030511699,0.17030042782450172,14
1784113200000,100279.12550292964,0.17033479186040815,14
1784116800000,100327.19924884287,0.17025317260296463,14
1784120400000,100537.70827041473,0.07135624312421876,14
1784124000000,100522.10789221626,0.07136731714965358,14
1784127600000,100532.20225457998,0.0713601512113365,14
1784131200000,100518.43721499309,0.07136992330224406,14
1784134800000,100433.4741246947,0.0,14
1784138400000,100433.4741246947,0.0,14
1784142000000,100433.4741246947,0.0,14
1784145600000,100433.4741246947,0.0,14
1784149200000,100433.4741246947,0.0,14
1784152800000,100433.4741246947,0.0,14
1784156400000,100433.4741246947,0.0,14
1784160000000,100433.4741246947,0.0,14
1784160000000,100000.0,0.0,15
1784163600000,100000.0,0.0,15
1784167200000,100000.0,0.0,15
1784170800000,99984.0653738488,0.09914835428366144,15
1784174400000,99949.74404761757,0.0991824004240001,15
1784178000000,99947.73725343014,0.09918439185142143,15
1784181600000,99985.55760542408,0.09914687454690302,15
1784185200000,99969.4517956634,0.09916284783345343,15
1784188800000,99908.21884481606,0.0992236239523501,15
1784192400000,99855.14191461593,0.0,15
1784196000000,99855.14191461593,0.0,15
1784199600000,99855.14191461593,0.0,15
1784203200000,99840.22507568348,0.07176748100199976,15
1784206800000,99807.38376125495,0.07179109587216777,15
1784210400000,99847.73166183857,0.0717620854985636,15
1784214000000,99859.9298643406,0.07175331953555852,15
1784217600000,99873.066390112,0.07174388166241281,15
1784221200000,99839.28675241409,0.07176815549697664,15
1784224800000,99777.3574166346,0.07181270021448694,15
1784228400000,99789.55561913662,0.07180392188238596,15
1784232000000,99787.53416823753,0.09663908781429727,15
1784235600000,99773.45923117296,0.1311114053017755,15
1784239200000,99793.77116379906,0.1310847190066296,15
1784242800000,99700.57563858721,0.059339246111376164,15
1784246400000,99683.35637704295,0.03448983159593717,15
1784250000000,99674.65717640736,0.0,15
1784253600000,99550.19306054595,0.14748496984936768,15
1784257200000,99524.14629089259,0.010787421632148636,15
1784260800000,99529.33218488739,0.010786859562416694,15
1784264400000,99527.74760616675,0.010787031299731525,15
1784268000000,99513.39218983726,0.0,15
1784271600000,99513.39218983726,0.0,15
1784275200000,99513.39218983726,0.0,15
1784278800000,99513.39218983726,0.0,15
1784282400000,99513.39218983726,0.0,15
1784286000000,99513.39218983726,0.0,15
1784289600000,99513.39218983726,0.0,15
1784293200000,99513.39218983726,0.0,15
1784296800000,99513.39218983726,0.0,15
1784300400000,99513.39218983726,0.0,15
1784304000000,99513.39218983726,0.0,15
1784307600000,99513.39218983726,0.0,15
1784311200000,99513.39218983726,0.0,15
1784314800000,99513.39218983726,0.0,15
1784318400000,99513.39218983726,0.0,15
1784322000000,99513.39218983726,0.0,15
1784325600000,99513.39218983726,0.0,15
1784329200000,99513.39218983726,0.0,15
1784332800000,99513.39218983726,0.0,15
1784336400000,99513.39218983726,0.0,15
1784340000000,99513.39218983726,0.0,15
1784343600000,99513.39218983726,0.0,15
1784347200000,99513.39218983726,0.0,15
1784350800000,99513.39218983726,0.0,15
1784354400000,99513.39218983726,0.0,15
1784358000000,99513.39218983726,0.0,15
1784361600000,99513.39218983726,0.0,15
1784365200000,99513.39218983726,0.0,15
1784368800000,99513.39218983726,0.0,15
1784372400000,99513.39218983726,0.0,15
1784376000000,99513.39218983726,0.0,15
1784379600000,99513.39218983726,0.0,15
1784383200000,99513.39218983726,0.0,15
1784386800000,99513.39218983726,0.0,15
1784390400000,99513.39218983726,0.0,15
1784394000000,99513.39218983726,0.0,15
1784397600000,99513.39218983726,0.0,15
1784401200000,99513.39218983726,0.0,15
1784404800000,99513.39218983726,0.0,15
1784408400000,99513.39218983726,0.0,15
1784412000000,99513.39218983726,0.0,15
1784415600000,99513.39218983726,0.0,15
1784419200000,99513.39218983726,0.0,15
1784422800000,99513.39218983726,0.0,15
1784426400000,99513.39218983726,0.0,15
1784430000000,99513.39218983726,0.0,15
1784433600000,99513.39218983726,0.0,15
1784437200000,99513.39218983726,0.0,15
1784440800000,99513.39218983726,0.0,15
1784444400000,99513.39218983726,0.0,15
1784448000000,99515.55271212882,0.01027515352679516,15
1784451600000,99510.97943537973,0.010275625747257506,15
1784455200000,99509.67278488,0.0102757606753619,15
1784458800000,99514.89938687895,0.010275220984203916,15
1784462400000,99512.72163604604,0.010275445848630181,15
1784466000000,99515.55271212882,0.01027515352679516,15
1784469600000,99521.21486429435,0.010274568933019127,15
1784473200000,99520.1259888779,0.01027468134973298,15
1784476800000,99450.16059293429,0.22492661883191578,15
1784480400000,99430.45971821318,0.22497118516653405,15
1784484000000,99437.51265133751,0.21044981694774684,15
1784487600000,99373.11449591348,0.010289881600350263,15
1784491200000,99377.68777266257,0.01028940806874243,15
1784494800000,99378.92929251354,0.0,15
1784498400000,99378.92929251354,0.0,15
1784502000000,99378.92929251354,0.0,15
1784505600000,99378.92929251354,0.0,15
1784509200000,99378.92929251354,0.0,15
1784512800000,99378.92929251354,0.0,15
1784516400000,99378.92929251354,0.0,15
1784520000000,99378.92929251354,0.0,15
1784523600000,99378.92929251354,0.0,15
1784527200000,99378.92929251354,0.0,15
1784530800000,99378.92929251354,0.0,15
1784534400000,99378.92929251354,0.0,15
1784538000000,99378.92929251354,0.0,15
1784541600000,99378.92929251354,0.0,15
1784545200000,99378.92929251354,0.0,15
1784548800000,99378.92929251354,0.0,15
1784552400000,99378.92929251354,0.0,15
1784556000000,99378.92929251354,0.0,15
1784559600000,99378.92929251354,0.0,15
1784563200000,99378.92929251354,0.0,15
1784566800000,99378.92929251354,0.0,15
1784570400000,99378.92929251354,0.0,15
1784574000000,99313.88651456109,0.08947638336385484,15
1784577600000,99308.95900850499,0.08948082299775399,15
1784581200000,99338.61701665407,0.0894541080800578,15
1784584800000,99327.5068850747,0.08946411383719649,15
1784588400000,99296.22187020897,0.0894923010741188,15
1784592000000,99338.29161531074,0.08945440110389043,15
1784595600000,99384.9169792191,0.0894124345346016,15
1784599200000,99350.93578179435,0.08944301644675208,15
1784602800000,99396.53845576654,0.08940198040282661,15
1784606400000,99440.46763711589,0.08936248585997673,15
1784610000000,99426.54216910037,0.12381020632942649,15
1784613600000,99468.88093985087,0.12375750671229173,15
1784617200000,99498.47292862397,0.12372069980821146,15
1784620800000,99493.84660468466,0.15220293342515842,15
1784624400000,99554.62090033044,0.0628500000428783,15
1784628000000,99567.41104740795,0.06284192651022426,15
1784631600000,99549.23945013701,0.0628533975991706,15
1784635200000,99558.73389364475,0.06284740356922028,15
1784638800000,99580.7458223094,0.06283351140007955,15
1784642400000,99587.65693487346,0.1641036322478421,15
1784646000000,99589.64262489628,0.16410036023142882,15
1784649600000,99553.02405089467,0.1641607212424791,15
1784653200000,99523.46740731319,0.16420947396436714,15
1784656800000,99415.14963083813,0.0,15
1784660400000,99415.14963083813,0.0,15
1784664000000,99415.14963083813,0.0,15
1784667600000,99415.14963083813,0.0,15
1784671200000,99415.14963083813,0.0,15
1784674800000,99415.14963083813,0.0,15
1784678400000,99415.14963083813,0.0,15
1784682000000,99407.55950998224,0.26438436165384,15
1784685600000,99331.11440805817,0.2645878315292582,15
1784689200000,99285.83025784508,0.26470850972751075,15
1784692800000,99253.08622231371,0.26479583824471736,15
1784696400000,99339.33445198978,0.2645659376479378,15
1784700000000,99172.5934043506,0.11890406273046485,15
1784703600000,99160.70354797032,0.11891831991277914,15
1784707200000,99130.45228898384,0.0,15
1784710800000,99130.45228898384,0.0,15
1784714400000,99130.45228898384,0.0,15
1784718000000,99130.45228898384,0.0,15
1784721600000,99130.45228898384,0.0,15
1784725200000,99130.45228898384,0.0,15
1784728800000,99130.45228898384,0.0,15
1784732400000,99130.45228898384,0.0,15
1784736000000,99130.45228898384,0.0,15
1784739600000,99130.45228898384,0.0,15
1784743200000,99130.45228898384,0.0,15
1784746800000,99130.45228898384,0.0,15
1784750400000,99130.45228898384,0.0,15
1784754000000,99130.45228898384,0.0,15
1784757600000,99130.45228898384,0.0,15
1784761200000,99130.45228898384,0.0,15
1784764800000,99130.45228898384,0.0,15
1784768400000,99130.45228898384,0.0,15
1784772000000,99130.45228898384,0.0,15
1784775600000,99130.45228898384,0.0,15
1784779200000,99130.45228898384,0.0,15
1784782800000,99130.45228898384,0.0,15
1784786400000,99130.45228898384,0.0,15
1784790000000,99130.45228898384,0.0,15
1784793600000,99130.45228898384,0.0,15
1784797200000,99130.45228898384,0.0,15
1784800800000,99086.85771744855,0.15127689881678882,15
1784804400000,99109.89667933783,0.15124173317921538,15
1784808000000,99067.777864859,0.15130603382911914,15
1784811600000,98989.4144202688,0.0,15
1784815200000,98989.4144202688,0.0,15
1784818800000,98989.4144202688,0.0,15
1784822400000,98969.7575878591,0.0,15
1784826000000,98969.7575878591,0.0,15
1784829600000,98969.7575878591,0.0,15
1784833200000,98969.7575878591,0.0,15
1784836800000,98969.7575878591,0.0,15
1784840400000,98969.7575878591,0.0,15
1784844000000,98969.7575878591,0.0,15
1784847600000,98969.7575878591,0.0,15
1784851200000,98969.7575878591,0.0,15
1784854800000,98969.7575878591,0.0,15
1784858400000,98969.7575878591,0.0,15
1784862000000,98969.7575878591,0.0,15
1784865600000,98969.7575878591,0.0,15
1784869200000,98969.7575878591,0.0,15
1784872800000,98969.7575878591,0.0,15
1784876400000,98969.7575878591,0.0,15
1784880000000,98969.7575878591,0.0,15
1784883600000,98969.7575878591,0.0,15
1784887200000,98969.7575878591,0.0,15
1784890800000,98969.7575878591,0.0,15
1784894400000,98969.7575878591,0.0,15
1784898000000,98969.7575878591,0.0,15
1784901600000,98969.7575878591,0.0,15
1784905200000,98969.7575878591,0.0,15
1784908800000,98969.7575878591,0.0,15
1784912400000,98969.7575878591,0.0,15
1784916000000,98969.7575878591,0.0,15
1784919600000,98969.7575878591,0.0,15
1784923200000,98969.7575878591,0.0,15
1784926800000,98969.7575878591,0.0,15
1784930400000,98969.7575878591,0.0,15
1784934000000,98969.7575878591,0.0,15
1784937600000,98969.7575878591,0.0,15
1784941200000,98969.7575878591,0.0,15
1784944800000,98969.7575878591,0.0,15
1784948400000,98969.7575878591,0.0,15
1784952000000,98969.7575878591,0.0,15
1784955600000,98969.7575878591,0.0,15
1784959200000,98969.7575878591,0.0,15
1784962800000,98969.7575878591,0.0,15
1784966400000,98969.7575878591,0.0,15
1784970000000,98969.7575878591,0.0,15
1784973600000,98969.7575878591,0.0,15
1784977200000,98969.7575878591,0.0,15
1784980800000,98969.7575878591,0.0,15
1784984400000,98969.7575878591,0.0,15
1784988000000,98969.7575878591,0.0,15
1784991600000,98969.7575878591,0.0,15
1784995200000,98969.7575878591,0.0,15
1784998800000,98969.7575878591,0.0,15
1785002400000,98969.7575878591,0.0,15
1785006000000,98969.7575878591,0.0,15
1785009600000,98969.7575878591,0.0,15
1785013200000,98969.7575878591,0.0,15
1785016800000,98969.7575878591,0.0,15
1785020400000,98969.7575878591,0.0,15
1785024000000,98969.7575878591,0.0,15
1785027600000,98969.7575878591,0.0,15
1785031200000,98969.7575878591,0.0,15
1785034800000,98969.7575878591,0.0,15
1785038400000,98969.7575878591,0.0,15
1785042000000,98969.7575878591,0.0,15
1785045600000,98969.7575878591,0.0,15
1785049200000,98969.7575878591,0.0,15
1785052800000,98969.7575878591,0.0,15
1785056400000,98969.7575878591,0.0,15
1785060000000,98969.7575878591,0.0,15
1785063600000,98969.7575878591,0.0,15
1785067200000,98969.7575878591,0.0,15
1785070800000,98969.7575878591,0.0,15
1785074400000,98969.7575878591,0.0,15
1785078000000,98966.15051841325,0.02602612772052064,15
1785081600000,98980.90018472206,0.026022249429875962,15
1785085200000,98986.01808087192,0.0,15
1785088800000,98986.01808087192,0.0,15
1785092400000,98986.01808087192,0.0,15
1785096000000,98986.01808087192,0.0,15
1785099600000,98986.01808087192,0.0,15
1785103200000,98986.01808087192,0.0,15
1785106800000,98986.01808087192,0.0,15
1785110400000,98986.01808087192,0.0,15
1785114000000,98986.01808087192,0.0,15
1785117600000,98986.01808087192,0.0,15
1785121200000,98978.79989960296,0.018682664975910847,15
1785124800000,98980.89163759004,0.018682270159907644,15
1785128400000,98980.85945700563,0.018682276233873613,15
1785132000000,98987.10249038244,0.018681097958409956,15
1785135600000,98985.59000291486,0.01868138340325644,15
1785139200000,98984.59240479795,0.0186815716801635,15
1785142800000,98980.4089288238,0.018682361269811886,15
1785146400000,98977.6735791484,0.018682877576055378,15
1785150000000,98946.85506953885,0.19996448636684422,15
1785153600000,98880.55588954868,0.20009856208429963,15
1785157200000,98833.40720268988,0.0,15
1785160800000,98833.40720268988,0.0,15
1785164400000,98833.40720268988,0.0,15
1785168000000,98833.40720268988,0.0,15
1785171600000,98833.40720268988,0.0,15
1785175200000,98833.40720268988,0.0,15
1785178800000,98833.40720268988,0.0,15
1785182400000,98833.40720268988,0.0,15
1785186000000,98833.40720268988,0.0,15
1785189600000,98833.40720268988,0.0,15
1785193200000,98833.40720268988,0.0,15
1785196800000,98833.40720268988,0.0,15
1785200400000,98833.40720268988,0.0,15
1785204000000,98833.40720268988,0.0,15
1785207600000,98833.40720268988,0.0,15
1785211200000,98833.40720268988,0.0,15
1785214800000,98833.40720268988,0.0,15
1785218400000,98833.40720268988,0.0,15
1785222000000,98833.40720268988,0.0,15
1785225600000,98833.40720268988,0.0,15
1785229200000,98833.40720268988,0.0,15
1785232800000,98833.40720268988,0.0,15
1785236400000,98833.40720268988,0.0,15
1785240000000,98833.40720268988,0.0,15
1785243600000,98833.40720268988,0.0,15
1785247200000,98833.40720268988,0.0,15
1785250800000,98833.40720268988,0.0,15
1785254400000,98833.40720268988,0.0,15
1785258000000,98833.40720268988,0.0,15
1785261600000,98833.40720268988,0.0,15
1785265200000,98833.40720268988,0.0,15
1785268800000,98833.40720268988,0.0,15
1785272400000,98833.40720268988,0.0,15
1785276000000,98833.40720268988,0.0,15
1785279600000,98833.40720268988,0.0,15
1785283200000,98833.40720268988,0.0,15
1785286800000,98833.40720268988,0.0,15
1785290400000,98833.40720268988,0.0,15
1785294000000,98833.40720268988,0.0,15
1785297600000,98833.40720268988,0.0,15
1785301200000,98833.40720268988,0.0,15
1785304800000,98833.40720268988,0.0,15
1785308400000,98833.40720268988,0.0,15
1785312000000,98833.40720268988,0.0,15
1785315600000,98833.40720268988,0.0,15
1785319200000,98833.40720268988,0.0,15
1785322800000,98833.40720268988,0.0,15
1785326400000,98833.40720268988,0.0,15
1785330000000,98833.40720268988,0.0,15
1785333600000,98833.40720268988,0.0,15
1785337200000,98833.40720268988,0.0,15
1785340800000,98833.40720268988,0.0,15
1785344400000,98833.40720268988,0.0,15
1785348000000,98833.40720268988,0.0,15
1785351600000,98833.40720268988,0.0,15
1785355200000,98833.40720268988,0.0,15
1785358800000,98833.40720268988,0.0,15
1785362400000,98833.40720268988,0.0,15
1785366000000,98838.62039812744,0.012898701657380211,15
1785369600000,98833.83665793933,0.0,15
1785369600000,100000.0,0.0,16
1785373200000,100000.0,0.0,16
1785376800000,100000.0,0.0,16
1785380400000,99995.53596838655,0.013490054910035857,16
1785384000000,99994.97701077691,0.01349013031751203,16
1785387600000,99986.87212543702,0.01349122382066019,16
1785391200000,99997.2128412155,0.013489828692665422,16
1785394800000,99984.91577380325,0.013491487796256495,16
1785398400000,100000.42684747097,0.013489395130578037,16
1785402000000,100017.05583635799,0.0134871523630836,16
1785405600000,100013.98156950493,0.013487566936174296,16
1785409200000,100012.58417548082,0.013487755386913687,16
1785412800000,100026.41837631959,0.01348588995656123,16
1785416400000,100032.14769181849,0.013485117555686838,16
1785420000000,100042.62814699938,0.01348370485619294,16
1785423600000,100028.09524914854,0.013485663878853903,16
1785427200000,100035.64117687878,0.013484646622965632,16
1785430800000,100045.45901262668,0.0,16
1785434400000,100036.60435505823,0.04008677163054598,16
1785438000000,100048.67643406402,0.040081934678259754,16
1785441600000,100041.52760515556,0.04008479887775965,16
1785445200000,99983.91629444147,0.15014066014672986,16
1785448800000,99957.09245151127,0.1501809509293691,16
1785452400000,100007.27034297812,0.15010559877316806,16
1785456000000,99960.09587404018,0.15017643856023327,16
1785459600000,99943.2914290626,0.1502016891964954,16
1785463200000,99898.2652083465,0.1502693882140468,16
1785466800000,99855.685705097,0.0,16
1785470400000,99855.685705097,0.0,16
1785474000000,99855.685705097,0.0,16
1785477600000,99855.685705097,0.0,16
1785481200000,99855.685705097,0.0,16
1785484800000,99855.685705097,0.0,16
1785488400000,99855.685705097,0.0,16
1785492000000,99855.685705097,0.0,16
1785495600000,99855.685705097,0.0,16
1785499200000,99855.685705097,0.0,16
1785502800000,99855.685705097,0.0,16
1785506400000,99855.685705097,0.0,16
1785510000000,99855.685705097,0.0,16
1785513600000,99855.685705097,0.0,16
1785517200000,99855.685705097,0.0,16
1785520800000,99855.685705097,0.0,16
1785524400000,99855.685705097,0.0,16
1785528000000,99855.685705097,0.0,16
1785531600000,99855.685705097,0.0,16
1785535200000,99855.685705097,0.0,16
1785538800000,99855.685705097,0.0,16
1785542400000,99855.685705097,0.0,16
1785546000000,99855.685705097,0.0,16
1785549600000,99855.685705097,0.0,16
1785553200000,99855.685705097,0.0,16
1785556800000,99855.685705097,0.0,16
1785560400000,99855.685705097,0.0,16
1785564000000,99855.685705097,0.0,16
1785567600000,99855.685705097,0.0,16
1785571200000,99855.685705097,0.0,16
1785574800000,99855.685705097,0.0,16
1785578400000,99855.685705097,0.0,16
1785582000000,99855.685705097,0.0,16
1785585600000,99855.685705097,0.0,16
1785589200000,99855.685705097,0.0,16
1785592800000,99855.685705097,0.0,16
1785596400000,99855.685705097,0.0,16
1785600000000,99855.685705097,0.0,16
1785603600000,99855.685705097,0.0,16
1785607200000,99855.685705097,0.0,16
1785610800000,99855.685705097,0.0,16
1785614400000,99855.685705097,0.0,16
1785618000000,99855.685705097,0.0,16
1785621600000,99855.685705097,0.0,16
1785625200000,99855.685705097,0.0,16
1785628800000,99855.685705097,0.0,16
1785632400000,99855.685705097,0.0,16
1785636000000,99855.685705097,0.0,16
1785639600000,99855.685705097,0.0,16
1785643200000,99855.685705097,0.0,16
1785646800000,99855.685705097,0.0,16
1785650400000,99855.685705097,0.0,16
1785654000000,99855.685705097,0.0,16
1785657600000,99855.685705097,0.0,16
1785661200000,99855.685705097,0.0,16
1785664800000,99855.685705097,0.0,16
1785668400000,99855.685705097,0.0,16
1785672000000,99855.685705097,0.0,16
1785675600000,99855.685705097,0.0,16
1785679200000,99855.685705097,0.0,16
1785682800000,99855.685705097,0.0,16
1785686400000,99855.685705097,0.0,16
1785690000000,99855.685705097,0.0,16
1785693600000,99855.685705097,0.0,16
1785697200000,99855.685705097,0.0,16
1785700800000,99855.685705097,0.0,16
1785704400000,99855.685705097,0.0,16
1785708000000,99855.685705097,0.0,16
1785711600000,99775.02406186076,0.10930596141177774,16
1785715200000,99793.73593852998,0.10928546594029438,16
1785718800000,99737.77649612656,0.0,16
1785722400000,99737.77649612656,0.0,16
1785726000000,99737.77649612656,0.0,16
1785729600000,99737.77649612656,0.0,16
1785733200000,99737.77649612656,0.0,16
1785736800000,99737.77649612656,0.0,16
1785740400000,99737.77649612656,0.0,16
1785744000000,99737.77649612656,0.0,16
1785747600000,99737.77649612656,0.0,16
1785751200000,99737.77649612656,0.0,16
1785754800000,99737.77649612656,0.0,16
1785758400000,99737.77649612656,0.0,16
1785762000000,99737.77649612656,0.0,16
1785765600000,99737.77649612656,0.0,16
1785769200000,99737.77649612656,0.0,16
1785772800000,99737.77649612656,0.0,16
1785776400000,99737.77649612656,0.0,16
1785780000000,99737.77649612656,0.0,16
1785783600000,99737.77649612656,0.0,16
1785787200000,99737.77649612656,0.0,16
1785790800000,99737.77649612656,0.0,16
1785794400000,99737.77649612656,0.0,16
1785798000000,99737.77649612656,0.0,16
1785801600000,99737.77649612656,0.0,16
1785805200000,99737.77649612656,0.0,16
1785808800000,99737.77649612656,0.0,16
1785812400000,99724.50472782442,0.026243105906664895,16
1785816000000,99723.84320956293,0.02624327999034676,16
1785819600000,99728.87074835027,0.02624195701228566,16
1785823200000,99718.85977199301,0.026244591494988517,16
1785826800000,99723.18169130143,0.026243454076338206,16
1785830400000,99722.7406791271,0.026243570134948963,16
1785834000000,99715.6984456136,0.0,16
1785837600000,99715.6984456136,0.0,16
1785841200000,99715.6984456136,0.0,16
1785844800000,99708.90333992742,0.14725374884565148,16
1785848400000,99704.40149589797,0.14726039763346938,16
1785852000000,99653.27718547269,0.14733594543776238,16
1785855600000,99755.48903781663,0.14718498151542292,16
1785859200000,99754.66634248098,0.14718619537741262,16
1785862800000,99714.63233286535,0.14724528854581903,16
1785866400000,99719.49496786602,0.14723810840422286,16
1785870000000,99796.22624512139,0.147124900034091,16
1785873600000,99779.53564114697,0.14714951032542445,16
1785877200000,99804.27165397648,0.14711304002094805,16
1785880800000,99770.49058851814,0.14716285069347668,16
1785884400000,99788.09580909475,0.14713688733155322,16
1785888000000,99837.05118530396,0.0,16
1785891600000,99837.05118530396,0.0,16
1785895200000,99861.26232834869,0.0,16
1785898800000,99861.26232834869,0.0,16
1785902400000,99861.26232834869,0.0,16
1785906000000,99861.26232834869,0.0,16
1785909600000,99861.26232834869,0.0,16
1785913200000,99861.26232834869,0.0,16
1785916800000,99861.26232834869,0.0,16
1785920400000,99861.26232834869,0.0,16
1785924000000,99861.26232834869,0.0,16
1785927600000,99861.26232834869,0.0,16
1785931200000,99861.26232834869,0.0,16
1785934800000,99861.26232834869,0.0,16
1785938400000,99861.26232834869,0.0,16
1785942000000,99861.26232834869,0.0,16
1785945600000,99861.26232834869,0.0,16
1785949200000,99861.26232834869,0.0,16
1785952800000,99861.26232834869,0.0,16
1785956400000,99809.09322668104,0.1811293921666566,16
1785960000000,99814.90908833811,0.18111883839772075,16
1785963600000,99797.99983293304,0.18114952623417305,16
1785967200000,99769.01196288895,0.1445810592978755,16
1785970800000,99747.423696965,0.14461235087654498,16
1785974400000,99753.9204025447,0.14460293266157115,16
1785978000000,99749.42182844503,0.14460945407288042,16
1785981600000,99734.99260756803,0.1446303755338358,16
1785985200000,99734.83480185602,0.1446306043756385,16
1785988800000,99724.0929003621,0.14464618343642535,16
1785992400000,99769.34980046956,0.14458056971950928,16
1785996000000,99813.78879895371,0.2687009514324952,16
1785999600000,99798.69074536976,0.2687416018792344,16
1786003200000,99759.4328815767,0.26884735850692726,16
1786006800000,99833.77380449243,0.26864716212054196,16
1786010400000,99720.64578819774,0.26895192870416845,16
1786014000000,99672.59898203218,0.2690815759825406,16
1786017600000,99707.61848915745,0.2689870686188087,16
1786021200000,99607.30479045805,0.2692579632867472,16
1786024800000,99639.14475757214,0.12440241846538035,16
1786028400000,99688.2976562244,0.12434107987689313,16
1786032000000,99660.28439472338,0.12437603060181898,16
1786035600000,99693.22591519216,0.12433493316996959,16
1786039200000,99682.26702354015,0.12434860233201672,16
1786042800000,99629.54762168754,0.12441440192754478,16
1786046400000,99656.19912742115,0.12438112922423733,16
1786050000000,99637.26423770285,0.12440476639435552,16
1786053600000,99631.68752360775,0.12441172973936647,16
1786057200000,99625.00843579616,0.1244200705855131,16
1786060800000,99617.55120183177,0.12442938450223791,16
1786064400000,99598.85761413045,0.17150043328429415,16
1786068000000,99601.27502669417,0.1714962708144664,16
1786071600000,99595.25996631665,0.17150662833975241,16
1786075200000,99555.10246534181,0.1715758088982993,16
1786078800000,99558.38363264671,0.04706682132436123,16
1786082400000,99571.8921841738,0.04706043594223049,16
1786086000000,99568.67586238164,0.04706195611415564,16
1786089600000,99575.10850596597,0.047058915868509854,16
1786093200000,99592.47664364365,0.04705070916698669,16
1786096800000,99617.67400410463,0.026809547375086843,16
1786100400000,99618.48885196313,0.026809328081434453,16
1786104000000,99623.92117101981,0.026807866215427557,16
1786107600000,99630.53049253879,0.026806087826753127,16
1786111200000,99629.48929805293,0.026806367968215554,16
1786114800000,99622.11039800092,0.0268083534863822,16
1786118400000,99627.81433301044,0.026806818642854592,16
1786122000000,99629.12714344914,0.026806465410096746,16
1786125600000,99626.27517594438,0.026807232789667367,16
1786129200000,99623.69482439246,0.026807927123328187,16
1786132800000,99632.65815083598,0.026805515381972084,16
1786136400000,99554.91067268081,0.24265505793059142,16
1786140000000,99528.71096706754,0.24271893388177754,16
1786143600000,99518.04825611348,0.2427449396353108,16
1786147200000,99527.59875747812,0.24272164623824116,16
1786150800000,99525.96199730813,0.24272563793161428,16
1786154400000,99534.59721706403,0.24270458003533968,16
1786158000000,99539.74405931798,0.2426920306541899,16
1786161600000,99648.89180194758,0.24242620444357085,16
1786165200000,99663.80005104744,0.18459241622478018,16
1786168800000,99657.95656051069,0.18460323988677962,16
1786172400000,99666.56115162703,0.15779090528699843,16
1786176000000,99655.29974483266,0.15780873622601962,16
1786179600000,99663.48304987718,0.15779577865131214,16
1786183200000,99663.5893579439,0.15779561033543799,16
1786186800000,99666.38236078755,0.1577911883470208,16
1786190400000,99657.07557276526,0.1578059241711787,16
1786194000000,99635.28489613839,0.21702913074476285,16
1786197600000,99643.9648651373,0.21701022537373235,16
1786201200000,99757.71035201996,0.1576467308187249,16
1786204800000,99746.06478652997,0.15766513641028346,16
1786208400000,99747.42504656542,0.15766298632386325,16
1786212000000,99745.79075075306,0.17958311162577037,16
1786215600000,99719.79838323084,0.17962992068790085,16
1786219200000,99723.4196467994,0.0,16
1786222800000,99723.4196467994,0.0,16
1786226400000,99723.4196467994,0.0,16
1786230000000,99723.4196467994,0.0,16
1786233600000,99723.4196467994,0.0,16
1786237200000,99707.77407082691,0.05233092038660953,16
1786240800000,99683.60780353405,0.08398679164442,16
1786244400000,99674.16096612165,0.08399475167696768,16
1786248000000,99679.7802802773,0.08399001658529943,16
1786251600000,99683.52835241897,0.08398685858470951,16
1786255200000,99689.12981103729,0.08398213942512073,16
1786258800000,99725.23950394496,0.08395173017988397,16
1786262400000,99719.206813119,0.08395680898915918,16
1786266000000,99711.0949715179,0.08396363916523987,16
1786269600000,99721.87051021823,0.08395456639676274,16
1786273200000,99726.15026848162,0.08395096347768566,16
1786276800000,99732.86481228405,0.0839453114549288,16
1786280400000,99725.99380710351,0.08395109518941836,16
1786284000000,99756.01794898287,0.08392582794595056,16
1786287600000,99791.24764886839,0.0,16
1786291200000,99791.24764886839,0.0,16
1786294800000,99791.24764886839,0.0,16
1786298400000,99791.24764886839,0.0,16
1786302000000,99791.24764886839,0.0,16
1786305600000,99791.24764886839,0.0,16
1786309200000,99791.24764886839,0.0,16
1786312800000,99791.24764886839,0.0,16
1786316400000,99791.24764886839,0.0,16
1786320000000,99791.24764886839,0.0,16
1786323600000,99791.24764886839,0.0,16
1786327200000,99791.24764886839,0.0,16
1786330800000,99635.7859579342,0.03991072884333315,16
1786334400000,99626.4978790052,0.03991444968073588,16
1786338000000,99622.36984392564,0.039916103608952216,16
1786341600000,99639.39798862883,0.03990928203834901,16
1786345200000,99644.04202809333,0.03990742201463847,16
1786348800000,99644.04202809333,0.03990742201463847,16
1786352400000,99643.01001932344,0.03990783533825741,16
1786356000000,99622.88584831059,0.03991589686042936,16
1786359600000,99636.30196231915,0.03991052215048442,16
1786363200000,99647.65405878794,0.039905975449391944,16
1786366800000,99626.4978790052,0.03991444968073588,16
1786370400000,99603.83489764597,0.0,16
1786374000000,99603.83489764597,0.0,16
1786377600000,99603.83489764597,0.0,16
1786381200000,99603.83489764597,0.0,16
1786384800000,99603.83489764597,0.0,16
1786388400000,99603.83489764597,0.0,16
1786392000000,99603.83489764597,0.0,16
1786395600000,99603.83489764597,0.0,16
1786399200000,99603.83489764597,0.0,16
1786402800000,99603.83489764597,0.0,16
1786406400000,99603.83489764597,0.0,16
1786410000000,99603.83489764597,0.0,16
1786413600000,99603.83489764597,0.0,16
1786417200000,99603.83489764597,0.0,16
1786420800000,99603.83489764597,0.0,16
1786424400000,99603.83489764597,0.0,16
1786428000000,99603.83489764597,0.0,16
1786431600000,99603.83489764597,0.0,16
1786435200000,99603.83489764597,0.0,16
1786438800000,99603.83489764597,0.0,16
1786442400000,99603.83489764597,0.0,16
1786446000000,99603.83489764597,0.0,16
1786449600000,99603.83489764597,0.0,16
1786453200000,99603.83489764597,0.0,16
1786456800000,99603.83489764597,0.0,16
1786460400000,99603.83489764597,0.0,16
1786464000000,99603.83489764597,0.0,16
1786467600000,99603.83489764597,0.0,16
1786471200000,99603.83489764597,0.0,16
1786474800000,99603.83489764597,0.0,16
1786478400000,99603.83489764597,0.0,16
1786482000000,99603.83489764597,0.0,16
1786485600000,99603.83489764597,0.0,16
1786489200000,99603.83489764597,0.0,16
1786492800000,99603.83489764597,0.0,16
1786496400000,99603.83489764597,0.0,16
1786500000000,99603.83489764597,0.0,16
1786503600000,99603.83489764597,0.0,16
1786507200000,99603.83489764597,0.0,16
1786510800000,99603.83489764597,0.0,16
1786514400000,99603.83489764597,0.0,16
1786518000000,99603.83489764597,0.0,16
1786521600000,99603.83489764597,0.0,16
1786525200000,99603.83489764597,0.0,16
1786528800000,99603.83489764597,0.0,16
1786532400000,99603.83489764597,0.0,16
1786536000000,99603.83489764597,0.0,16
1786539600000,99603.83489764597,0.0,16
1786543200000,99603.83489764597,0.0,16
1786546800000,99603.83489764597,0.0,16
1786550400000,99603.83489764597,0.0,16
1786554000000,99568.6044189271,0.160695038172682,16
1786557600000,99563.28852032057,0.16070361802718655,16
1786561200000,99542.04254487655,0.16073791815841834,16
1786564800000,99550.73122006109,0.16072388913478786,16
1786568400000,99595.75527038009,0.16065123101344297,16
1786572000000,99562.99403161935,0.16070409335840988,16
1786575600000,99553.54270620858,0.1607193501402369,16
1786579200000,99565.55130102477,0.0,16
1786579200000,100000.0,0.0,17
1786582800000,100000.0,0.0,17
1786586400000,100000.0,0.0,17
1786590000000,100000.0,0.0,17
1786593600000,100000.0,0.0,17
1786597200000,100000.0,0.0,17
1786600800000,100000.0,0.0,17
1786604400000,100000.0,0.0,17
1786608000000,100000.0,0.0,17
1786611600000,100000.0,0.0,17
1786615200000,100000.0,0.0,17
1786618800000,100000.0,0.0,17
1786622400000,100000.0,0.0,17
1786626000000,100000.0,0.0,17
1786629600000,100000.0,0.0,17
1786633200000,100000.0,0.0,17
1786636800000,100000.0,0.0,17
1786640400000,100000.0,0.0,17
1786644000000,100000.0,0.0,17
1786647600000,100000.0,0.0,17
1786651200000,99978.426088532,0.14842736586752128,17
1786654800000,99980.19457178442,0.14842474043443563,17
1786658400000,99993.8675673008,0.148404445081732,17
1786662000000,100006.96978250821,0.1483850021670889,17
1786665600000,99997.81156566532,0.1483985918847517,17
1786669200000,100009.64590002244,0.148381031593055,17
1786672800000,100017.69530593723,0.14836908991463804,17
1786676400000,99991.85346137444,0.1484074343479771,17
1786680000000,99955.50364489385,0.14846140419261986,17
1786683600000,99970.13807773397,0.1484396712182459,17
1786687200000,99971.8387223431,0.14843714607586714,17
1786690800000,99876.93713892066,0.14857818884915236,17
1786694400000,99864.45482855703,0.14859676001213187,17
1786698000000,99857.58535633553,0.0,17
1786701600000,99857.58535633553,0.0,17
1786705200000,99857.58535633553,0.0,17
1786708800000,99857.58535633553,0.0,17
1786712400000,99857.58535633553,0.0,17
1786716000000,99857.58535633553,0.0,17
1786719600000,99857.58535633553,0.0,17
1786723200000,99857.58535633553,0.0,17
1786726800000,99857.58535633553,0.0,17
1786730400000,99857.58535633553,0.0,17
1786734000000,99857.58535633553,0.0,17
1786737600000,99857.58535633553,0.0,17
1786741200000,99857.58535633553,0.0,17
1786744800000,99857.58535633553,0.0,17
1786748400000,99857.58535633553,0.0,17
1786752000000,99857.58535633553,0.0,17
1786755600000,99857.58535633553,0.0,17
1786759200000,99857.58535633553,0.0,17
1786762800000,99857.58535633553,0.0,17
1786766400000,99857.58535633553,0.0,17
1786770000000,99857.58535633553,0.0,17
1786773600000,99857.58535633553,0.0,17
1786777200000,99857.58535633553,0.0,17
1786780800000,99857.58535633553,0.0,17
1786784400000,99857.58535633553,0.0,17
1786788000000,99857.58535633553,0.0,17
1786791600000,99857.58535633553,0.0,17
1786795200000,99857.58535633553,0.0,17
1786798800000,99857.58535633553,0.0,17
1786802400000,99857.58535633553,0.0,17
1786806000000,99857.58535633553,0.0,17
1786809600000,99857.58535633553,0.0,17
1786813200000,99857.58535633553,0.0,17
1786816800000,99857.58535633553,0.0,17
1786820400000,99857.58535633553,0.0,17
1786824000000,99857.58535633553,0.0,17
1786827600000,99857.58535633553,0.0,17
1786831200000,99857.58535633553,0.0,17
1786834800000,99857.58535633553,0.0,17
1786838400000,99857.58535633553,0.0,17
1786842000000,99857.58535633553,0.0,17
1786845600000,99857.58535633553,0.0,17
1786849200000,99857.58535633553,0.0,17
1786852800000,99857.58535633553,0.0,17
1786856400000,99857.58535633553,0.0,17
1786860000000,99857.58535633553,0.0,17
1786863600000,99857.58535633553,0.0,17
1786867200000,99857.58535633553,0.0,17
1786870800000,99857.58535633553,0.0,17
1786874400000,99857.58535633553,0.0,17
1786878000000,99857.58535633553,0.0,17
1786881600000,99857.58535633553,0.0,17
1786885200000,99857.58535633553,0.0,17
1786888800000,99857.58535633553,0.0,17
1786892400000,99857.58535633553,0.0,17
1786896000000,99857.58535633553,0.0,17
1786899600000,99857.58535633553,0.0,17
1786903200000,99857.58535633553,0.0,17
1786906800000,99857.58535633553,0.0,17
1786910400000,99857.58535633553,0.0,17
1786914000000,99857.58535633553,0.0,17
1786917600000,99857.58535633553,0.0,17
1786921200000,99857.58535633553,0.0,17
1786924800000,99838.24273563434,0.06404404625831603,17
1786928400000,99848.20894705711,0.06403765379006737,17
1786932000000,99880.36449998796,0.0,17
1786935600000,99880.36449998796,0.0,17
1786939200000,99880.36449998796,0.0,17
1786942800000,99880.36449998796,0.0,17
1786946400000,99816.62224324777,0.20012771872120633,17
1786950000000,99863.00426319348,0.2000347681044098,17
1786953600000,99814.82419863448,0.20013132378257376,17
1786957200000,99772.89806586303,0.20021542209599644,17
1786960800000,99749.07906328965,0.0,17
1786964400000,99749.07906328965,0.0,17
1786968000000,99749.07906328965,0.0,17
1786971600000,99749.07906328965,0.0,17
1786975200000,99749.07906328965,0.0,17
1786978800000,99749.07906328965,0.0,17
1786982400000,99779.6370916533,0.18609581523206475,17
1786986000000,99686.03012560413,0.2995084198199304,17
1786989600000,99784.1060395714,0.11312655793533198,17
1786993200000,99790.58320383013,0.11311921516536065,17
1786996800000,99774.33140987187,0.11313764064766266,17
1787000400000,99771.26947767683,0.11314111278734959,17
1787004000000,99769.031911842,0.11314365025497493,17
1787007600000,99758.43291578226,0.11315567138510084,17
1787011200000,99811.72231263816,0.11309525766475596,17
1787014800000,99791.17203694455,0.11311854768808377,17
1787018400000,99732.56970954064,0.0,17
1787022000000,99732.56970954064,0.0,17
1787025600000,99732.56970954064,0.0,17
1787029200000,99732.56970954064,0.0,17
1787032800000,99687.22815703924,0.18233996023398505,17
1787036400000,99708.49336254214,0.1823010719046662,17
1787040000000,99674.8566498123,0.1823625920210938,17
1787043600000,99702.2751192431,0.18231244167950256,17
1787047200000,99667.22298629844,0.18237655944813042,17
1787050800000,99675.93869760128,0.18236061235536838,17
1787054400000,99717.86169274642,0.18228394501677264,17
1787058000000,99683.62886491613,0.18234654401098102,17
1787061600000,99680.79519929644,0.1823517276487279,17
1787065200000,99829.52449173719,0.0,17
1787068800000,99829.52449173719,0.0,17
1787072400000,99829.52449173719,0.0,17
1787076000000,99829.52449173719,0.0,17
1787079600000,99829.52449173719,0.0,17
1787083200000,99829.52449173719,0.0,17
1787086800000,99829.52449173719,0.0,17
1787090400000,99829.52449173719,0.0,17
1787094000000,99829.52449173719,0.0,17
1787097600000,99829.52449173719,0.0,17
1787101200000,99829.52449173719,0.0,17
1787104800000,99829.52449173719,0.0,17
1787108400000,99829.52449173719,0.0,17
1787112000000,99829.52449173719,0.0,17
1787115600000,99804.44410326886,0.05365365074603533,17
1787119200000,99800.27927323674,0.053655889801252285,17
1787122800000,99819.02100838126,0.05364581552417122,17
1787126400000,99811.38548665571,0.05364991940258071,17
1787130000000,99840.53929688051,0.05363425342581562,17
1787133600000,99836.3744668484,0.05363649086232722,17
1787137200000,99841.2334352192,0.053633880537878556,17
1787140800000,99852.33964863817,0.05362791503596005,17
1787144400000,99877.88823782072,0.0,17
1787148000000,99893.890453555,0.0,17
1787151600000,99893.890453555,0.0,17
1787155200000,99893.890453555,0.0,17
1787158800000,99891.20967287644,0.013467286615128263,17
1787162400000,99897.83933900547,0.01346639286592895,17
1787166000000,99899.05703278427,0.013466228720807837,17
1787169600000,99916.10474568747,0.013463931109209534,17
1787173200000,99926.8116161338,0.0,17
1787176800000,99959.0372633267,0.01573864002119784,17
1787180400000,99831.04418466361,0.11835875698840985,17
1787184000000,99835.57188018932,0.11835338923817461,17
1787187600000,99851.34977859198,0.1183346877608771,17
1787191200000,99895.10853873659,0.11828285159698217,17
1787194800000,99824.59403113226,0.11836640472453905,17
1787198400000,99774.74711961282,0.09162893468944915,17
1787202000000,99813.53775792479,0.09159332484188448,17
1787205600000,99802.35094462882,0.0916035915080949,17
1787209200000,99860.65404492935,0.09155010924889416,17
1787212800000,99856.00236194656,0.09155437401090338,17
1787216400000,100030.05431773169,0.0,17
1787220000000,100030.05431773169,0.0,17
1787223600000,100030.05431773169,0.0,17
1787227200000,100030.05431773169,0.0,17
1787230800000,100030.05431773169,0.0,17
1787234400000,100030.05431773169,0.0,17
1787238000000,100030.05431773169,0.0,17
1787241600000,100030.05431773169,0.0,17
1787245200000,100060.68239269922,0.05248370710390711,17
1787248800000,100021.5172641666,0.11212460824434846,17
1787252400000,99853.01376786466,0.1123138202450456,17
1787256000000,99871.71347034801,0.08754719042864889,17
1787259600000,99849.9935522383,0.0875662341735626,17
1787263200000,99837.37111960277,0.0875773051671155,17
1787266800000,99839.43350275267,0.0875754960827472,17
1787270400000,99888.51894870201,0.0875324612843069,17
1787274000000,99942.96068562871,0.08748477989487143,17
1787277600000,100167.97681794941,0.0872882551428077,17
1787281200000,100146.09119790989,0.08730733085073716,17
1787284800000,100141.12654884308,0.08731165924481032,17
1787288400000,100175.35027008722,0.08728183025115768,17
1787292000000,100219.4341391509,0.08724343729065576,17
1787295600000,100259.53723042237,0.05947880926509033,17
1787299200000,100257.48106694079,0.05948002910578688,17
1787302800000,100389.46664188763,0.0,17
1787306400000,100389.46664188763,0.0,17
1787310000000,100389.46664188763,0.0,17
1787313600000,100389.46664188763,0.0,17
1787317200000,100389.46664188763,0.0,17
1787320800000,100389.46664188763,0.0,17
1787324400000,100389.46664188763,0.0,17
1787328000000,100389.46664188763,0.0,17
1787331600000,100345.55658097198,0.0590006093423287,17
1787335200000,100366.35156581675,0.058988384958778194,17
1787338800000,100284.0576205313,0.0590367913260459,17
1787342400000,100301.24126902047,0.05902667711950926,17
1787346000000,100386.45743408766,0.0589765704896973,17
1787349600000,100672.0019170958,0.1210985776017246,17
1787353200000,100784.20130477325,0.06221994292977478,17
1787356800000,100745.61078797824,0.07990680511167605,17
1787360400000,100764.20867611127,0.07989205684101466,17
1787364000000,100760.02415128134,0.07989537472723375,17
1787367600000,100988.58366453278,0.0,17
1787371200000,100988.58366453278,0.0,17
1787374800000,100988.58366453278,0.0,17
1787378400000,100988.58366453278,0.0,17
1787382000000,100988.58366453278,0.0,17
1787385600000,100988.58366453278,0.0,17
1787389200000,100988.58366453278,0.0,17
1787392800000,100988.58366453278,0.0,17
1787396400000,100988.58366453278,0.0,17
1787400000000,100988.58366453278,0.0,17
1787403600000,100988.58366453278,0.0,17
1787407200000,100988.58366453278,0.0,17
1787410800000,100988.58366453278,0.0,17
1787414400000,100988.58366453278,0.0,17
1787418000000,100988.58366453278,0.0,17
1787421600000,101012.46636177837,0.02532662717563864,17
1787425200000,101006.93420608238,0.025328014316490812,17
1787428800000,101006.72931142699,0.02532806569499599,17
1787432400000,101031.3166700758,0.02532190176231008,17
1787436000000,100998.5335252107,0.025330121006142233,17
1787439600000,100999.35310383233,0.025329915460017213,17
1787443200000,101018.40830678518,0.02532513745284051,17
1787446800000,101036.02924715016,0.02532072068448454,17
1787450400000,100949.15199010234,0.10503460413036997,17
1787454000000,100917.07567062051,0.10506798919921333,17
1787457600000,100889.85055714898,0.10509634178287142,17
1787461200000,100768.21465843017,0.025388016293712064,17
1787464800000,100783.17196827487,0.02538424843823946,17
1787468400000,100783.99154689649,0.025384042012724588,17
1787472000000,100763.2971867004,0.02538925528505003,17
1787475600000,100822.10195280217,0.02537444693261919,17
1787479200000,100821.69564271158,0.13492748714323116,17
1787482800000,100877.64683001007,0.13485265041436115,17
1787486400000,100983.8298186167,0.13471085486681417,17
1787490000000,101082.2002401259,0.10927060294211573,17
1787493600000,101160.89575285462,0.0,17
1787497200000,101160.89575285462,0.0,17
1787500800000,101160.89575285462,0.0,17
1787504400000,101160.89575285462,0.0,17
1787508000000,101160.89575285462,0.0,17
1787511600000,101160.89575285462,0.0,17
1787515200000,101160.89575285462,0.0,17
1787518800000,101160.89575285462,0.0,17
1787522400000,101160.89575285462,0.0,17
1787526000000,101126.15148365832,0.02361498787621626,17
1787529600000,101121.83116530554,0.02361599680044505,17
1787533200000,101101.0604039941,0.02362084860151137,17
1787536800000,101059.05589537472,0.0,17
1787540400000,101059.05589537472,0.0,17
1787544000000,101059.05589537472,0.0,17
1787547600000,101059.05589537472,0.0,17
1787551200000,101059.05589537472,0.0,17
1787554800000,101059.05589537472,0.0,17
1787558400000,101059.05589537472,0.0,17
1787562000000,101059.05589537472,0.0,17
1787565600000,101059.05589537472,0.0,17
1787569200000,101059.05589537472,0.0,17
1787572800000,101059.05589537472,0.0,17
1787576400000,101059.05589537472,0.0,17
1787580000000,101059.05589537472,0.0,17
1787583600000,101059.05589537472,0.0,17
1787587200000,101059.05589537472,0.0,17
1787590800000,101059.05589537472,0.0,17
1787594400000,101059.05589537472,0.0,17
1787598000000,101059.05589537472,0.0,17
1787601600000,101059.05589537472,0.0,17
1787605200000,101059.05589537472,0.0,17
1787608800000,101059.05589537472,0.0,17
1787612400000,101059.05589537472,0.0,17
1787616000000,101059.05589537472,0.0,17
1787619600000,101244.19876565447,0.0,17
1787623200000,101244.19876565447,0.0,17
1787626800000,101244.19876565447,0.0,17
1787630400000,101222.0764911383,0.043724810489847055,17
1787634000000,101215.26984315467,0.04372775094926208,17
1787637600000,101235.43401750397,0.043719041212374,17
1787641200000,101226.79097664224,0.043722774072578185,17
1787644800000,101170.57473936767,0.0,17
1787648400000,101170.57473936767,0.0,17
1787652000000,101170.57473936767,0.0,17
1787655600000,101170.57473936767,0.0,17
1787659200000,101170.57473936767,0.0,17
1787662800000,101170.57473936767,0.0,17
1787666400000,101170.57473936767,0.0,17
1787670000000,101170.57473936767,0.0,17
1787673600000,101170.57473936767,0.0,17
1787677200000,101170.57473936767,0.0,17
1787680800000,101170.57473936767,0.0,17
1787684400000,101170.57473936767,0.0,17
1787688000000,101170.57473936767,0.0,17
1787691600000,101170.57473936767,0.0,17
1787695200000,101170.57473936767,0.0,17
1787698800000,101170.57473936767,0.0,17
1787702400000,101170.57473936767,0.0,17
1787706000000,101170.57473936767,0.0,17
1787709600000,101170.57473936767,0.0,17
1787713200000,101170.57473936767,0.0,17
1787716800000,101138.17475639994,0.09877949675733727,17
1787720400000,101105.07533120677,0.09881183484276798,17
1787724000000,101137.84202285904,0.09877982173215448,17
1787727600000,101120.44157109539,0.09879681941824611,17
1787731200000,101117.62341883236,0.09879957288960758,17
1787734800000,101090.15147568501,0.09882642235228802,17
1787738400000,101056.9915534844,0.09885885035579564,17
1787742000000,101092.65453936765,0.09882397540072856,17
1787745600000,101062.38208891777,0.09885357735386624,17
1787749200000,101024.0016776501,0.0,17
1787752800000,101024.0016776501,0.0,17
1787756400000,101024.0016776501,0.0,17
1787760000000,101024.0016776501,0.0,17
1787763600000,101024.0016776501,0.0,17
1787767200000,101024.0016776501,0.0,17
1787770800000,101024.0016776501,0.0,17
1787774400000,101024.0016776501,0.0,17
1787778000000,101024.0016776501,0.0,17
1787781600000,101024.0016776501,0.0,17
1787785200000,101024.0016776501,0.0,17
1787788800000,101024.0016776501,0.0,17
1787788800000,100000.0,0.0,18
1787792400000,100000.0,0.0,18
1787796000000,100000.0,0.0,18
1787799600000,100000.0,0.0,18
1787803200000,100000.0,0.0,18
1787806800000,100000.0,0.0,18
1787810400000,100000.0,0.0,18
1787814000000,100000.0,0.0,18
1787817600000,100000.0,0.0,18
1787821200000,100015.25104490723,0.011897251248034438,18
1787824800000,100015.96311444535,0.011897166544853694,18
1787828400000,100002.8406901,0.011898727697185281,18
1787832000000,100003.95965651705,0.011898594559690081,18
1787835600000,100002.8406901,0.011898727697185281,18
1787839200000,100026.3638256352,0.0,18
1787842800000,100049.68454968622,0.05879112966272336,18
1787846400000,100060.87823257259,0.14180662074949882,18
1787850000000,100159.25967092864,0.14166733118841796,18
1787853600000,100103.23114251894,0.1417466234550074,18
1787857200000,100077.37672518709,0.14178324288367458,18
1787860800000,100121.71477404851,0.0829716216213495,18
1787864400000,100153.39621998632,0.08294537527280836,18
1787868000000,100141.17811557579,0.0829554953380455,18
1787871600000,100177.50309984751,0.08292541516065872,18
1787875200000,100163.63835063773,0.0829368937780817,18
1787878800000,100179.01801306283,0.08292416115747718,18
1787882400000,100168.57828503552,0.08293280364501367,18
1787886000000,100102.1197009373,0.08298786338522707,18
1787889600000,100094.41340327675,0.08299425264468437,18
1787893200000,100064.2249853292,0.0,18
1787896800000,100064.2249853292,0.0,18
1787900400000,100064.2249853292,0.0,18
1787904000000,99979.60420367125,0.06027476647765972,18
1787907600000,99962.2673691054,0.06028522015865777,18
1787911200000,99956.11558909816,0.060288930400996796,18
1787914800000,99917.3427450074,0.0,18
1787918400000,99917.3427450074,0.0,18
1787922000000,99917.3427450074,0.0,18
1787925600000,99917.3427450074,0.0,18
1787929200000,99917.3427450074,0.0,18
1787932800000,99917.3427450074,0.0,18
1787936400000,99917.3427450074,0.0,18
1787940000000,99917.3427450074,0.0,18
1787943600000,99917.3427450074,0.0,18
1787947200000,99917.3427450074,0.0,18
1787950800000,99917.3427450074,0.0,18
1787954400000,99917.3427450074,0.0,18
1787958000000,99917.3427450074,0.0,18
1787961600000,99917.3427450074,0.0,18
1787965200000,99917.3427450074,0.0,18
1787968800000,99917.3427450074,0.0,18
1787972400000,99917.3427450074,0.0,18
1787976000000,99917.3427450074,0.0,18
1787979600000,99917.3427450074,0.0,18
1787983200000,99917.3427450074,0.0,18
1787986800000,99917.3427450074,0.0,18
1787990400000,99917.3427450074,0.0,18
1787994000000,99917.3427450074,0.0,18
1787997600000,99917.3427450074,0.0,18
1788001200000,99917.3427450074,0.0,18
1788004800000,99917.3427450074,0.0,18
1788008400000,99917.3427450074,0.0,18
1788012000000,99917.3427450074,0.0,18
1788015600000,99917.3427450074,0.0,18
1788019200000,99917.3427450074,0.0,18
1788022800000,99917.3427450074,0.0,18
1788026400000,99917.3427450074,0.0,18
1788030000000,99917.3427450074,0.0,18
1788033600000,99917.3427450074,0.0,18
1788037200000,99917.3427450074,0.0,18
1788040800000,99917.3427450074,0.0,18
1788044400000,99917.3427450074,0.0,18
1788048000000,99917.3427450074,0.0,18
1788051600000,99917.3427450074,0.0,18
1788055200000,99917.3427450074,0.0,18
1788058800000,99917.3427450074,0.0,18
1788062400000,99917.3427450074,0.0,18
1788066000000,99917.3427450074,0.0,18
1788069600000,99917.3427450074,0.0,18
1788073200000,99917.3427450074,0.0,18
1788076800000,99917.3427450074,0.0,18
1788080400000,99917.3427450074,0.0,18
1788084000000,99917.3427450074,0.0,18
1788087600000,99917.3427450074,0.0,18
1788091200000,99917.3427450074,0.0,18
1788094800000,99917.3427450074,0.0,18
1788098400000,99917.3427450074,0.0,18
1788102000000,99917.3427450074,0.0,18
1788105600000,99917.3427450074,0.0,18
1788109200000,100021.1056378114,0.0,18
1788112800000,100021.1056378114,0.0,18
1788116400000,100021.1056378114,0.0,18
1788120000000,100021.1056378114,0.0,18
1788123600000,100021.1056378114,0.0,18
1788127200000,100021.1056378114,0.0,18
1788130800000,100021.1056378114,0.0,18
1788134400000,100021.1056378114,0.0,18
1788138000000,100021.1056378114,0.0,18
1788141600000,100021.1056378114,0.0,18
1788145200000,100021.1056378114,0.0,18
1788148800000,100021.1056378114,0.0,18
1788152400000,100021.1056378114,0.0,18
1788156000000,100021.1056378114,0.0,18
1788159600000,100021.1056378114,0.0,18
1788163200000,100021.1056378114,0.0,18
1788166800000,100021.1056378114,0.0,18
1788170400000,100021.1056378114,0.0,18
1788174000000,100021.1056378114,0.0,18
1788177600000,100021.1056378114,0.0,18
1788181200000,100021.1056378114,0.0,18
1788184800000,100021.1056378114,0.0,18
1788188400000,100021.1056378114,0.0,18
1788192000000,100021.1056378114,0.0,18
1788195600000,100021.1056378114,0.0,18
1788199200000,100021.1056378114,0.0,18
1788202800000,100021.1056378114,0.0,18
1788206400000,100021.1056378114,0.0,18
1788210000000,100021.1056378114,0.0,18
1788213600000,100021.1056378114,0.0,18
1788217200000,100021.1056378114,0.0,18
1788220800000,100021.1056378114,0.0,18
1788224400000,100021.1056378114,0.0,18
1788228000000,100021.1056378114,0.0,18
1788231600000,100021.1056378114,0.0,18
1788235200000,100021.1056378114,0.0,18
1788238800000,100021.1056378114,0.0,18
1788242400000,100021.1056378114,0.0,18
1788246000000,100021.1056378114,0.0,18
1788249600000,100021.1056378114,0.0,18
1788253200000,100021.1056378114,0.0,18
1788256800000,100021.1056378114,0.0,18
1788260400000,100021.1056378114,0.0,18
1788264000000,100021.1056378114,0.0,18
1788267600000,100021.1056378114,0.0,18
1788271200000,100021.1056378114,0.0,18
1788274800000,100021.1056378114,0.0,18
1788278400000,100021.1056378114,0.0,18
1788282000000,100021.1056378114,0.0,18
1788285600000,100021.1056378114,0.0,18
1788289200000,100021.1056378114,0.0,18
1788292800000,100021.1056378114,0.0,18
1788296400000,100021.1056378114,0.0,18
1788300000000,100021.1056378114,0.0,18
1788303600000,100021.1056378114,0.0,18
1788307200000,100021.1056378114,0.0,18
1788310800000,100021.1056378114,0.0,18
1788314400000,100021.1056378114,0.0,18
1788318000000,100021.1056378114,0.0,18
1788321600000,100021.1056378114,0.0,18
1788325200000,100021.1056378114,0.0,18
1788328800000,100021.1056378114,0.0,18
1788332400000,100021.1056378114,0.0,18
1788336000000,100021.1056378114,0.0,18
1788339600000,100021.1056378114,0.0,18
1788343200000,100021.1056378114,0.0,18
1788346800000,100021.1056378114,0.0,18
1788350400000,100021.1056378114,0.0,18
1788354000000,100021.1056378114,0.0,18
1788357600000,100021.1056378114,0.0,18
1788361200000,100021.1056378114,0.0,18
1788364800000,100021.1056378114,0.0,18
1788368400000,100021.1056378114,0.0,18
1788372000000,100021.1056378114,0.0,18
1788375600000,100021.1056378114,0.0,18
1788379200000,100021.1056378114,0.0,18
1788382800000,100021.1056378114,0.0,18
1788386400000,100021.1056378114,0.0,18
1788390000000,100021.1056378114,0.0,18
1788393600000,100021.1056378114,0.0,18
1788397200000,100021.1056378114,0.0,18
1788400800000,100021.1056378114,0.0,18
1788404400000,100021.1056378114,0.0,18
1788408000000,100021.1056378114,0.0,18
1788411600000,100021.1056378114,0.0,18
1788415200000,100021.1056378114,0.0,18
1788418800000,100021.1056378114,0.0,18
1788422400000,100021.1056378114,0.0,18
1788426000000,100021.1056378114,0.0,18
1788429600000,100021.1056378114,0.0,18
1788433200000,100021.1056378114,0.0,18
1788436800000,100055.14808606467,0.0,18
1788440400000,100055.14808606467,0.0,18
1788444000000,100055.14808606467,0.0,18
1788447600000,100055.14808606467,0.0,18
1788451200000,100055.14808606467,0.0,18
1788454800000,100055.14808606467,0.0,18
1788458400000,100055.14808606467,0.0,18
1788462000000,100032.70043721248,0.0364885965379194,18
1788465600000,100034.08079273105,0.03648809303716049,18
1788469200000,99948.56237822965,0.21021149027061034,18
1788472800000,99929.03002287578,0.21025257868632388,18
1788476400000,99736.61600289543,0.14330201530180126,18
1788480000000,99764.13555936863,0.14326248598717622,18
1788483600000,99687.65912255987,0.14337239131099563,18
1788487200000,99665.66172955415,0.0,18
1788490800000,99665.66172955415,0.0,18
1788494400000,99665.66172955415,0.0,18
1788498000000,99665.66172955415,0.0,18
1788501600000,99623.65018874104,0.08742615855587667,18
1788505200000,99616.12076044234,0.08743276661275795,18
1788508800000,99614.44755415372,0.08743423520550248,18
1788512400000,99680.53920255347,0.08737626328061592,18
1788516000000,99652.93129879155,0.08740047004941125,18
1788519600000,99659.62412394596,0.08739460051027144,18
1788523200000,99655.44110822445,0.08739826887984407,18
1788526800000,99520.70744068055,0.0,18
1788530400000,99520.70744068055,0.0,18
1788534000000,99520.70744068055,0.0,18
1788537600000,99520.70744068055,0.0,18
1788541200000,99520.70744068055,0.0,18
1788544800000,99520.70744068055,0.0,18
1788548400000,99520.70744068055,0.0,18
1788552000000,99520.70744068055,0.0,18
1788555600000,99520.70744068055,0.0,18
1788559200000,99520.70744068055,0.0,18
1788562800000,99520.70744068055,0.0,18
1788566400000,99520.70744068055,0.0,18
1788570000000,99520.70744068055,0.0,18
1788573600000,99520.70744068055,0.0,18
1788577200000,99520.70744068055,0.0,18
1788580800000,99520.70744068055,0.0,18
1788584400000,99520.70744068055,0.0,18
1788588000000,99520.70744068055,0.0,18
1788591600000,99520.70744068055,0.0,18
1788595200000,99520.70744068055,0.0,18
1788598800000,99520.70744068055,0.0,18
1788602400000,99520.70744068055,0.0,18
1788606000000,99520.70744068055,0.0,18
1788609600000,99520.70744068055,0.0,18
1788613200000,99520.70744068055,0.0,18
1788616800000,99520.70744068055,0.0,18
1788620400000,99520.70744068055,0.0,18
1788624000000,99497.11418088923,0.08340834394707594,18
1788627600000,99534.9825362338,0.08337661101532864,18
1788631200000,99563.59896385214,0.08335264702870088,18
1788634800000,99508.37640062545,0.17571201229923486,18
1788638400000,99419.60069672324,0.0998545334446741,18
1788642000000,99379.5815425464,0.08350698798010309,18
1788645600000,99390.1244369321,0.08349812990330993,18
1788649200000,99283.54090425133,0.24090139281132894,18
1788652800000,99236.93119392046,0.24101453964086259,18
1788656400000,99302.33426435557,0.2408558012685092,18
1788660000000,99393.49402081744,0.2760233527436574,18
1788663600000,99346.96986113186,0.2761526144066748,18
1788667200000,99411.19105575867,0.27597421546981304,18
1788670800000,99336.49057597524,0.27618174652092947,18
1788674400000,99402.67351406833,0.11887277552073842,18
1788678000000,99368.18212353396,0.11891403709196545,18
1788681600000,99345.44401305722,0.03540557101939876,18
1788685200000,99341.92177281385,0.035406826349725154,18
1788688800000,99370.98025482164,0.03539647253592762,18
1788692400000,99371.86081488249,0.03539615887852245,18
1788696000000,99392.11369628186,0.03538894629211997,18
1788699600000,99362.17465421322,0.03539960941574313,18
1788703200000,99359.53297403069,0.03540055058810842,18
1788706800000,99330.91477205332,0.03541074983080306,18
1788710400000,99336.19813241837,0.035408866451373706,18
1788714000000,99366.57745451744,0.0353980409063399,18
1788717600000,99351.60793348312,0.03540337440550456,18
1788721200000,99345.88429308764,0.035405414109366734,18
1788724800000,99351.60793348312,0.03540337440550456,18
1788728400000,99437.02225938482,0.03537296364610346,18
1788732000000,99433.05973911102,0.035374373298848336,18
1788735600000,99359.1040465959,0.12866594755925373,18
1788739200000,99448.39555338024,0.12855042255489876,18
1788742800000,99415.71652683672,0.16038773627801559,18
1788746400000,99308.45199769501,0.09331281387359486,18
1788750000000,99350.35845586922,0.09327345408071148,18
1788753600000,99276.14910285239,0.093343176393105,18
1788757200000,99288.37181981988,0.09333168554875951,18
1788760800000,99290.99097345576,0.09332922359303572,18
1788764400000,99287.49876860791,0.09333250622953196,18
1788768000000,99245.1655238118,0.0,18
1788771600000,99245.1655238118,0.0,18
1788775200000,99119.43824816187,0.23242913483503036,18
1788778800000,99137.07606688405,0.23238778256695247,18
1788782400000,99150.79671630473,0.23235562436550733,18
1788786000000,99251.28904719683,0.23212036335769035,18
1788789600000,99156.25355843888,0.23234283719459634,18
1788793200000,99060.94020084968,0.06869894499272708,18
1788796800000,98995.04342927653,0.0,18
1788800400000,98995.04342927653,0.0,18
1788804000000,98995.04342927653,0.0,18
1788807600000,98995.04342927653,0.0,18
1788811200000,98995.04342927653,0.0,18
1788814800000,98995.04342927653,0.0,18
1788818400000,98995.04342927653,0.0,18
1788822000000,98995.04342927653,0.0,18
1788825600000,98995.04342927653,0.0,18
1788829200000,98995.04342927653,0.0,18
1788832800000,98995.04342927653,0.0,18
1788836400000,98995.04342927653,0.0,18
1788840000000,98995.04342927653,0.0,18
1788843600000,98995.04342927653,0.0,18
1788847200000,98995.04342927653,0.0,18
1788850800000,98995.04342927653,0.0,18
1788854400000,98995.04342927653,0.0,18
1788858000000,98995.04342927653,0.0,18
1788861600000,98995.04342927653,0.0,18
1788865200000,98995.04342927653,0.0,18
1788868800000,98995.04342927653,0.0,18
1788872400000,98995.04342927653,0.0,18
1788876000000,98995.04342927653,0.0,18
1788879600000,98995.04342927653,0.0,18
1788883200000,98995.04342927653,0.0,18
1788886800000,98995.04342927653,0.0,18
1788890400000,98995.04342927653,0.0,18
1788894000000,98995.04342927653,0.0,18
1788897600000,98995.04342927653,0.0,18
1788901200000,98995.04342927653,0.0,18
1788904800000,98995.04342927653,0.0,18
1788908400000,98995.04342927653,0.0,18
1788912000000,98995.04342927653,0.0,18
1788915600000,98995.04342927653,0.0,18
1788919200000,98995.04342927653,0.0,18
1788922800000,98995.04342927653,0.0,18
1788926400000,98995.04342927653,0.0,18
1788930000000,98995.04342927653,0.0,18
1788933600000,98995.04342927653,0.0,18
1788937200000,98995.04342927653,0.0,18
1788940800000,98995.04342927653,0.0,18
1788944400000,98995.04342927653,0.0,18
1788948000000,98853.96873880437,0.0,18
1788951600000,98853.96873880437,0.0,18
1788955200000,98853.96873880437,0.0,18
1788958800000,98885.93575270398,0.08871044034368732,18
1788962400000,98838.70597345439,0.0887528303615786,18
1788966000000,98816.01114446431,0.08877321400471612,18
1788969600000,98710.26116473626,0.0,18
1788973200000,98710.26116473626,0.0,18
1788976800000,98710.26116473626,0.0,18
1788980400000,98710.26116473626,0.0,18
1788984000000,98710.26116473626,0.0,18
1788987600000,98710.26116473626,0.0,18
1788991200000,98710.26116473626,0.0,18
1788994800000,98710.26116473626,0.0,18
1788998400000,98710.26116473626,0.0,18
1788998400000,100000.0,0.0,19
1789002000000,100000.0,0.0,19
1789005600000,100000.0,0.0,19
1789009200000,100000.0,0.0,19
1789012800000,100000.0,0.0,19
1789016400000,100000.0,0.0,19
1789020000000,100000.0,0.0,19
1789023600000,100000.0,0.0,19
1789027200000,100000.0,0.0,19
1789030800000,100000.0,0.0,19
1789034400000,100000.0,0.0,19
1789038000000,100000.0,0.0,19
1789041600000,100000.0,0.0,19
1789045200000,100000.0,0.0,19
1789048800000,100000.0,0.0,19
1789052400000,100000.0,0.0,19
1789056000000,100000.0,0.0,19
1789059600000,100000.0,0.0,19
1789063200000,100000.0,0.0,19
1789066800000,100000.0,0.0,19
1789070400000,100000.0,0.0,19
1789074000000,100000.0,0.0,19
1789077600000,100000.0,0.0,19
1789081200000,100000.0,0.0,19
1789084800000,100000.0,0.0,19
1789088400000,100000.0,0.0,19
1789092000000,100000.0,0.0,19
1789095600000,100000.0,0.0,19
1789099200000,100000.0,0.0,19
1789102800000,100000.0,0.0,19
1789106400000,100000.0,0.0,19
1789110000000,100000.0,0.0,19
1789113600000,100000.0,0.0,19
1789117200000,100000.0,0.0,19
1789120800000,100000.0,0.0,19
1789124400000,100000.0,0.0,19
1789128000000,100000.0,0.0,19
1789131600000,100000.0,0.0,19
1789135200000,100000.0,0.0,19
1789138800000,100000.0,0.0,19
1789142400000,100000.0,0.0,19
1789146000000,100000.0,0.0,19
1789149600000,100000.0,0.0,19
1789153200000,100000.0,0.0,19
1789156800000,100000.0,0.0,19
1789160400000,100000.0,0.0,19
1789164000000,100000.0,0.0,19
1789167600000,100000.0,0.0,19
1789171200000,100000.0,0.0,19
1789174800000,100000.0,0.0,19
1789178400000,100000.0,0.0,19
1789182000000,100000.0,0.0,19
1789185600000,100000.0,0.0,19
1789189200000,100000.0,0.0,19
1789192800000,100000.0,0.0,19
1789196400000,100000.0,0.0,19
1789200000000,100000.0,0.0,19
1789203600000,100000.0,0.0,19
1789207200000,100000.0,0.0,19
1789210800000,100000.0,0.0,19
1789214400000,100000.0,0.0,19
1789218000000,100000.0,0.0,19
1789221600000,100000.0,0.0,19
1789225200000,100000.0,0.0,19
1789228800000,100000.0,0.0,19
1789232400000,100000.0,0.0,19
1789236000000,100000.0,0.0,19
1789239600000,100000.0,0.0,19
1789243200000,100000.0,0.0,19
1789246800000,100000.0,0.0,19
1789250400000,100000.0,0.0,19
1789254000000,100000.0,0.0,19
1789257600000,100000.0,0.0,19
1789261200000,100000.0,0.0,19
1789264800000,100000.0,0.0,19
1789268400000,100000.0,0.0,19
1789272000000,100000.0,0.0,19
1789275600000,100000.0,0.0,19
1789279200000,100000.0,0.0,19
1789282800000,100000.0,0.0,19
1789286400000,100000.0,0.0,19
1789290000000,100000.0,0.0,19
1789293600000,100000.0,0.0,19
1789297200000,100000.0,0.0,19
1789300800000,100000.0,0.0,19
1789304400000,100000.0,0.0,19
1789308000000,100000.0,0.0,19
1789311600000,100000.0,0.0,19
1789315200000,100000.0,0.0,19
1789318800000,100000.0,0.0,19
1789322400000,100000.0,0.0,19
1789326000000,100000.0,0.0,19
1789329600000,100000.0,0.0,19
1789333200000,100000.0,0.0,19
1789336800000,100000.0,0.0,19
1789340400000,100000.0,0.0,19
1789344000000,100000.0,0.0,19
1789347600000,99882.37240511696,0.16977932697140496,19
1789351200000,99959.68970832988,0.24118442082101066,19
1789354800000,100138.66543905334,0.07140856005171754,19
1789358400000,100159.34918484837,0.0,19
1789362000000,100159.34918484837,0.0,19
1789365600000,100159.34918484837,0.0,19
1789369200000,100159.34918484837,0.0,19
1789372800000,100159.34918484837,0.0,19
1789376400000,100159.34918484837,0.0,19
1789380000000,100159.34918484837,0.0,19
1789383600000,100159.34918484837,0.0,19
1789387200000,100159.34918484837,0.0,19
1789390800000,100159.34918484837,0.0,19
1789394400000,100159.34918484837,0.0,19
1789398000000,100159.34918484837,0.0,19
1789401600000,100159.34918484837,0.0,19
1789405200000,100159.34918484837,0.0,19
1789408800000,100214.44862421103,0.2167292465601395,19
1789412400000,100362.50502702458,0.1324688588002227,19
1789416000000,100321.4026954311,0.13252313215380354,19
1789419600000,100341.2792379008,0.13249688072782534,19
1789423200000,100182.36365704497,0.22913214804557117,19
1789426800000,100118.10596525567,0.22927920938683588,19
1789430400000,100036.58296835683,0.0,19
1789434000000,100036.58296835683,0.0,19
1789437600000,100035.8795239465,0.010505726103796834,19
1789441200000,100032.88773342848,0.01050604030977903,19
1789444800000,100027.81075557969,0.01050657355081998,19
1789448400000,100022.91509836838,0.010507087798805251,19
1789452000000,100017.70389913085,0.0,19
1789455600000,100017.70389913085,0.0,19
1789459200000,100017.70389913085,0.0,19
1789462800000,100017.70389913085,0.0,19
1789466400000,100017.70389913085,0.0,19
1789470000000,100017.70389913085,0.0,19
1789473600000,100017.70389913085,0.0,19
1789477200000,100017.70389913085,0.0,19
1789480800000,100017.70389913085,0.0,19
1789484400000,100017.70389913085,0.0,19
1789488000000,100017.70389913085,0.0,19
1789491600000,100017.70389913085,0.0,19
1789495200000,100017.70389913085,0.0,19
1789498800000,100017.70389913085,0.0,19
1789502400000,100017.70389913085,0.0,19
1789506000000,100017.70389913085,0.0,19
1789509600000,100017.70389913085,0.0,19
1789513200000,100017.70389913085,0.0,19
1789516800000,100017.70389913085,0.0,19
1789520400000,100017.70389913085,0.0,19
1789524000000,100017.70389913085,0.0,19
1789527600000,100017.70389913085,0.0,19
1789531200000,100017.70389913085,0.0,19
1789534800000,100017.70389913085,0.0,19
1789538400000,100017.70389913085,0.0,19
1789542000000,100017.70389913085,0.0,19
1789545600000,100017.70389913085,0.0,19
1789549200000,100017.70389913085,0.0,19
1789552800000,100017.70389913085,0.0,19
1789556400000,100017.70389913085,0.0,19
1789560000000,100017.70389913085,0.0,19
1789563600000,100017.70389913085,0.0,19
1789567200000,100017.70389913085,0.0,19
1789570800000,100017.70389913085,0.0,19
1789574400000,100017.70389913085,0.0,19
1789578000000,100017.70389913085,0.0,19
1789581600000,100017.70389913085,0.0,19
1789585200000,100017.70389913085,0.0,19
1789588800000,100017.70389913085,0.0,19
1789592400000,100017.70389913085,0.0,19
1789596000000,100017.70389913085,0.0,19
1789599600000,100017.70389913085,0.0,19
1789603200000,100017.70389913085,0.0,19
1789606800000,100017.70389913085,0.0,19
1789610400000,100017.70389913085,0.0,19
1789614000000,100017.70389913085,0.0,19
1789617600000,100017.70389913085,0.0,19
1789621200000,100017.70389913085,0.0,19
1789624800000,100017.70389913085,0.0,19
1789628400000,100017.70389913085,0.0,19
1789632000000,100017.70389913085,0.0,19
1789635600000,100017.70389913085,0.0,19
1789639200000,100006.41319743452,0.010120895523117963,19
1789642800000,100000.1731549131,0.0,19
1789646400000,100000.1731549131,0.0,19
1789650000000,100000.1731549131,0.0,19
1789653600000,99978.08249636873,0.10970731784571547,19
1789657200000,99972.0953458265,0.10971388802137554,19
1789660800000,100017.92563943981,0.10966361483615068,19
1789664400000,100019.43641724226,0.10966195838455521,19
1789668000000,99987.08216198503,0.10969744327837214,19
1789671600000,99938.87340479196,0.10975035939827163,19
1789675200000,99926.96203943074,0.10976344171962552,19
1789678800000,99951.38934254211,0.15553513304539923,19
1789682400000,99916.40510385927,0.1555895913519443,19
1789686000000,99925.01581267866,0.15557618393183473,19
1789689600000,99949.7726542587,0.15553764882728224,19
1789693200000,99955.68532748063,0.1555284483171941,19
1789696800000,100033.03328437953,0.10964705271760489,19
1789700400000,100054.18049154483,0.18968894355056692,19
1789704000000,100283.99998211251,0.09772448423454223,19
1789707600000,100296.40426301686,0.09771239803900426,19
1789711200000,100288.69134476224,0.09771991282186196,19
1789714800000,100316.16364638052,0.09769315152217133,19
1789718400000,100293.10973204162,0.15650038268839583,19
1789722000000,100374.78427790712,0.058736941964643095,19
1789725600000,100329.81950175474,0.14632026583526211,19
1789729200000,100327.62428572438,0.14632346739211563,19
1789732800000,100257.21651513192,0.14642622617081047,19
1789736400000,100253.63270844112,0.08762353786623413,19
1789740000000,100486.11124397581,0.0,19
1789743600000,100486.11124397581,0.0,19
1789747200000,100486.11124397581,0.0,19
1789750800000,100486.11124397581,0.0,19
1789754400000,100487.42302703232,0.012030187046525179,19
1789758000000,100496.00844985577,0.012029159301801455,19
1789761600000,100565.9155797096,0.11933105868751093,19
1789765200000,100542.98317580853,0.11935827638037548,19
1789768800000,100529.01918449077,0.11937485585114521,19
1789772400000,100498.5067936269,0.10738223903493313,19
1789776000000,100473.41196302683,0.10740905945483717,19
1789779600000,100558.95092951033,0.10731769354606617,19
1789783200000,100530.0661387607,0.08695760129912576,19
1789786800000,100565.18856033211,0.0869272313313925,19
1789790400000,100537.30185896142,0.10157976416785844,19
1789794000000,100532.9196850266,0.10158419197316078,19
1789797600000,100560.51032299857,0.10155632046917373,19
1789801200000,100561.44663116822,0.1015553748979263,19
1789804800000,100552.98387682391,0.10156392201564444,19
1789808400000,100644.44406579388,0.10147162625519482,19
1789812000000,100625.23947685602,0.10149099237925294,19
1789815600000,100603.93601512266,0.1015124836802703,19
1789819200000,100601.15055075791,0.10151529437780527,19
1789822800000,100606.08477702251,0.10151031555934825,19
1789826400000,100594.0910162802,0.10152241856088039,19
1789830000000,100602.23715873508,0.10151419790786792,19
1789833600000,100603.37725712707,0.10151304748750477,19
1789837200000,100642.15207116811,0.1014739371400205,19
1789840800000,100589.23690837598,0.13709900624360197,19
1789844400000,100606.7788548976,0.050183805371139964,19
1789848000000,100554.55870638767,0.0502098669023424,19
1789851600000,100561.9229162988,0.1001826484479139,19
1789855200000,100416.44838525826,0.035632897434358886,19
1789858800000,100452.17289814149,0.035620225056383036,19
1789862400000,100592.97693750953,0.0,19
1789866000000,100592.97693750953,0.0,19
1789869600000,100592.97693750953,0.0,19
1789873200000,100592.97693750953,0.0,19
1789876800000,100592.97693750953,0.0,19
1789880400000,100592.97693750953,0.0,19
1789884000000,100592.97693750953,0.0,19
1789887600000,100592.97693750953,0.0,19
1789891200000,100592.97693750953,0.0,19
1789894800000,100592.97693750953,0.0,19
1789898400000,100592.97693750953,0.0,19
1789902000000,100567.89582281657,0.03336494694395088,19
1789905600000,100788.4140571183,0.033291946696288675,19
1789909200000,100795.50796933855,0.0,19
1789912800000,100795.50796933855,0.0,19
1789916400000,100768.98021301883,0.17052006918705656,19
1789920000000,100817.93536050164,0.17043726809510817,19
1789923600000,100901.80039553595,0.0,19
1789927200000,100901.80039553595,0.0,19
1789930800000,100901.80039553595,0.0,19
1789934400000,100901.80039553595,0.0,19
1789938000000,100901.80039553595,0.0,19
1789941600000,100901.80039553595,0.0,19
1789945200000,100901.80039553595,0.0,19
1789948800000,100901.80039553595,0.0,19
1789952400000,100901.80039553595,0.0,19
1789956000000,100733.44817341078,0.07994261348475412,19
1789959600000,100748.2027259077,0.07993090590630123,19
1789963200000,100772.61155013298,0.21138540092408117,19
1789966800000,100816.60611913702,0.21129315610484561,19
1789970400000,100767.71701262008,0.1615179147181104,19
1789974000000,100730.70575766944,0.16157726087949947,19
1789977600000,100712.32809937096,0.1649672670733008,19
1789981200000,100918.33676682842,0.033346504238771016,19
1789984800000,100879.23110062837,0.03335943095569255,19
1789988400000,100943.47612367131,0.03333819949534714,19
1789992000000,101014.85578954007,0.0,19
1789995600000,101014.85578954007,0.0,19
1789999200000,101014.85578954007,0.0,19
1790002800000,101014.85578954007,0.0,19
1790006400000,101014.85578954007,0.0,19
1790010000000,101014.85578954007,0.0,19
1790013600000,100999.01731446708,0.014012425036780839,19
1790017200000,101017.88354914713,0.014009808057589706,19
1790020800000,101097.97912870611,0.07258231365134038,19
1790024400000,101081.9991652355,0.0725937881248405,19
1790028000000,101040.62788574235,0.07262351179106094,19
1790031600000,101116.5202246362,0.07256900469215896,19
1790035200000,101154.96402583584,0.07254142494442727,19
1790038800000,101146.02291090613,0.07254783746761825,19
1790042400000,101096.00508011886,0.07258373092805284,19
1790046000000,101079.12883728115,0.07259584955910259,19
1790049600000,101073.66417933078,0.07259977453292914,19
1790053200000,100992.00586625036,0.07265847596248812,19
1790056800000,101010.5982842606,0.07264510215043248,19
1790060400000,100978.63195131233,0.07266809907044938,19
1790064000000,100961.10135608888,0.07268071695014118,19
1790067600000,101037.08645551719,0.07262605730289959,19
1790071200000,101015.41704069116,0.07264163674818605,19
1790074800000,100943.85492496098,0.07269313457556413,19
1790078400000,100971.7202479854,0.07267307333790639,19
1790082000000,101048.83914327748,0.07261761038374664,19
1790085600000,101057.69623732033,0.0726112458907067,19
1790089200000,100944.09805622078,0.07269295948882079,19
1790092800000,100987.77309491737,0.07266152134812964,19
1790096400000,100961.89616480195,0.058662567728137806,19
1790100000000,100981.21763233264,0.05865134339430422,19
1790103600000,100979.21479701406,0.0,19
1790107200000,100979.21479701406,0.0,19
1790110800000,100979.21479701406,0.0,19
1790114400000,100979.21479701406,0.0,19
1790118000000,100979.21479701406,0.0,19
1790121600000,100979.21479701406,0.0,19
1790125200000,100979.21479701406,0.0,19
1790128800000,100979.21479701406,0.0,19
1790132400000,100979.21479701406,0.0,19
1790136000000,100979.21479701406,0.0,19
1790139600000,101028.29938655692,0.052740355787774876,19
1790143200000,100784.4288467428,0.19623312694177764,19
1790146800000,100849.49831027283,0.07384583154870038,19
1790150400000,100674.16888657576,0.15858617828459942,19
1790154000000,100545.12512770796,0.052993802011913754,19
1790157600000,100534.28155995843,0.0529995178918455,19
1790161200000,100481.83619411604,0.0,19
1790164800000,100481.83619411604,0.0,19
1790168400000,100481.83619411604,0.0,19
1790172000000,100481.83619411604,0.0,19
1790175600000,100481.83619411604,0.0,19
1790179200000,100481.83619411604,0.0,19
1790182800000,100481.83619411604,0.0,19
1790186400000,100481.83619411604,0.0,19
1790190000000,100481.83619411604,0.0,19
1790193600000,100481.83619411604,0.0,19
1790197200000,100481.83619411604,0.0,19
1790200800000,100481.83619411604,0.0,19
1790204400000,100481.83619411604,0.0,19
1790208000000,100481.83619411604,0.0,19
