coin,entry_ts,exit_ts,entry,exit,pnl,reason,quantity,episode
PEPE,1767312180000,1767312420000,4.92e-06,4.880000000000001e-06,-144.32926825457886,stop,3048780487.0,1
PEPE,1767313620000,1767314220000,4.9000000000000005e-06,4.860000000000001e-06,-144.61750349825843,stop,3056806246.0,1
PEPE,1767317940000,1767318420000,4.92e-06,4.880000000000001e-06,-143.91223353089873,stop,3039971135.0,1
PEPE,1767322020000,1767322140000,4.9100000000000004e-06,4.92e-06,15.467380201532402,target,3041766018.0,1
PEPE,1767323220000,1767323280000,4.96e-06,4.97e-06,15.163259063595731,target,3011570817.0,1
PEPE,1767324420000,1767324480000,5.12e-06,5.13e-06,14.224779391873948,target,2917903465.0,1
PEPE,1767325860000,1767326460000,5.11e-06,5.12e-06,14.283892436425344,target,2924031205.0,1
PEPE,1767326940000,1767327000000,5.12e-06,5.13e-06,14.22885106499879,target,2918738680.0,1
PEPE,1767328020000,1767328200000,5.13e-06,5.09e-06,-138.84118315289808,stop,2913465180.0,1
PEPE,1767331080000,1767331140000,5.12e-06,5.13e-06,14.211053649000728,target,2915087928.0,1
PEPE,1767332340000,1767332520000,5.11e-06,5.12e-06,14.270109658059539,target,2921209756.0,1
PEPE,1767334020000,1767334140000,5.21e-06,5.22e-06,13.711663056630425,target,2865551318.0,1
PEPE,1767334620000,1767335040000,5.21e-06,5.1700000000000005e-06,-136.92057435419795,stop,2865946088.0,1
PEPE,1767340440000,1767340680000,5.09e-06,5.1e-06,14.369087672144307,target,2929477609.0,1
PEPE,1767341520000,1767342180000,5.12e-06,5.0800000000000005e-06,-138.76263208643894,stop,2912733671.0,1
PEPE,1767343620000,1767343620000,5.1e-06,5.09e-06,-51.510121271278834,risk_halt,2920074902.0,1
PEPE,1767399420000,1767399420000,6.11e-06,6.07e-06,-119.67409175137314,entry_bar_stop,2436113827.0,1
PEPE,1767399720000,1767399780000,6.1e-06,6.11e-06,9.492756311750002,target,2437164650.0,1
PEPE,1767400320000,1767400380000,6.12e-06,6.13e-06,9.414051813251874,target,2429432726.0,1
PEPE,1767400920000,1767400980000,6.18e-06,6.19e-06,9.179174206054466,target,2406074497.0,1
PEPE,1767401700000,1767401820000,6.220000000000001e-06,6.180000000000001e-06,-117.84365142519056,stop,2390822711.0,1
PEPE,1767402120000,1767402120000,6.16e-06,6.120000000000001e-06,-118.63302649919835,entry_bar_stop,2411240376.0,1
PEPE,1767408720000,1767408780000,6.2300000000000005e-06,6.24e-06,8.965562328073752,target,2381291455.0,1
PEPE,1767409320000,1767409440000,6.2e-06,6.21e-06,9.081551662096677,target,2393030741.0,1
PEPE,1767411900000,1767411960000,6.24e-06,6.200000000000001e-06,-117.27847715724033,stop,2377909107.0,1
PEPE,1767418020000,1767418440000,6.09e-06,6.0500000000000005e-06,-119.47708460317575,stop,2433589665.0,1
PEPE,1767421380000,1767421440000,6.1e-06,6.11e-06,9.451849315740384,target,2426662212.0,1
PEPE,1767421980000,1767422040000,6.1e-06,6.11e-06,9.45275460332454,target,2426894635.0,1
PEPE,1767429720000,1767429780000,6.09e-06,6.1e-06,9.493494351549959,target,2431112510.0,1
PEPE,1767430380000,1767430620000,6.09e-06,6.1e-06,9.494407457700628,target,2431346340.0,1
PEPE,1767430920000,1767430980000,6.09e-06,6.1e-06,9.49532064976009,target,2431580192.0,1
PEPE,1767431640000,1767432180000,6.08e-06,6.09e-06,9.536210874314271,target,2435813761.0,1
PEPE,1767433320000,1767433380000,6.1400000000000005e-06,6.15e-06,9.299200581450382,target,2412243990.0,1
PEPE,1767433920000,1767433980000,6.1400000000000005e-06,6.15e-06,9.300076360351913,target,2412471170.0,1
PEPE,1767434520000,1767434580000,6.1e-06,6.11e-06,9.459082840985804,target,2428519343.0,1
PEPE,1767439680000,1767439920000,6e-06,5.9600000000000005e-06,-120.89355676127832,stop,2469231143.0,1
PEPE,1767442140000,1767442320000,5.9700000000000004e-06,5.98e-06,9.976372297325522,target,2478601813.0,1
PEPE,1767446460000,1767446760000,6.02e-06,5.98e-06,-120.43035335999853,stop,2458264000.0,1
PEPE,1767448920000,1767449160000,6.03e-06,6.04e-06,9.71897428560593,target,2451191497.0,1
PEPE,1767450840000,1767450900000,6.1e-06,6.07e-06,-94.79957662631867,risk_halt,2423302061.0,1
PEPE,1767485820000,1767485880000,6.21e-06,6.22e-06,9.001060737085304,target,2378087381.0,1
PEPE,1767486600000,1767486660000,6.18e-06,6.1400000000000005e-06,-117.65231387540904,stop,2389849967.0,1
PEPE,1767487080000,1767487260000,6.21e-06,6.17e-06,-117.05093705834966,stop,2375462954.0,1
PEPE,1767487920000,1767487980000,6.24e-06,6.25e-06,8.866413899926098,target,2361228735.0,1
PEPE,1767488520000,1767488580000,6.220000000000001e-06,6.2300000000000005e-06,8.943106864525667,target,2369034931.0,1
PEPE,1767489420000,1767489780000,6.21e-06,6.22e-06,8.982054124914612,target,2373065819.0,1
PEPE,1767492180000,1767492360000,6.24e-06,6.25e-06,8.86883222506431,target,2361872763.0,1
PEPE,1767874020000,1767874080000,6.2300000000000005e-06,6.190000000000001e-06,-116.64958648892747,stop,2365877426.0,1
PEPE,1767879180000,1767879180000,6.15e-06,6.110000000000001e-06,-117.73944431585865,entry_bar_stop,2393807956.0,1
PEPE,1767883380000,1767883440000,6.0600000000000004e-06,6.020000000000001e-06,-119.01713789384891,stop,2426445217.0,1
PEPE,1767884520000,1767884640000,6.08e-06,6.040000000000001e-06,-118.55407551587965,stop,2415527211.0,1
PEPE,1767885300000,1767885360000,6.09e-06,6.1e-06,9.405742234184917,target,2408640777.0,1
PEPE,1767885780000,1767885900000,6.1e-06,6.11e-06,9.367176931229476,target,2404923474.0,1
PEPE,1767886320000,1767886380000,6.130000000000001e-06,6.1400000000000005e-06,9.250425596469672,target,2393383078.0,1
PEPE,1767888120000,1767888180000,6.220000000000001e-06,6.2300000000000005e-06,8.905131432851471,target,2358975214.0,1
PEPE,1767888720000,1767888780000,6.16e-06,6.17e-06,9.13561846398452,target,2382169091.0,1
PEPE,1767890820000,1767890940000,6.130000000000001e-06,6.1400000000000005e-06,9.253006682122578,target,2394050888.0,1
PEPE,1767892860000,1767892920000,6.16e-06,6.17e-06,9.137335681110187,target,2382616866.0,1
PEPE,1767893220000,1767893280000,6.17e-06,6.130000000000001e-06,-117.08137224884732,stop,2378977390.0,1
PEPE,1767894180000,1767894360000,6.17e-06,6.18e-06,9.088701086474757,target,2376131003.0,1
PEPE,1767895560000,1767895980000,6.2e-06,6.16e-06,-116.49268257257948,stop,2364853483.0,1
PEPE,1767896580000,1767896700000,6.17e-06,6.18e-06,9.078713560125886,target,2373519885.0,1
PEPE,1767897180000,1767897660000,6.19e-06,6.15e-06,-116.51716649348953,stop,2366071002.0,1
PEPE,1767919680000,1767919680000,6.1e-06,6.09e-06,-45.89992243979947,risk_halt,2398115070.0,1
PEPE,1768522980000,1768524840000,5.92e-06,5.9e-06,-73.12499997737825,time,2533783783.0,2
PEPE,1768525560000,1768526340000,5.9e-06,5.91e-06,10.403403892245764,target,2540513771.0,2
PEPE,1768528080000,1768529160000,5.92e-06,5.8800000000000005e-06,-123.67238201735893,stop,2532194554.0,2
PEPE,1768533240000,1768534260000,5.9e-06,5.860000000000001e-06,-123.86191802930871,stop,2537634051.0,2
PEPE,1768549500000,1768549860000,5.8800000000000005e-06,5.89e-06,10.464880021341292,target,2543105716.0,2
PEPE,1768551720000,1768552380000,5.9700000000000004e-06,5.98e-06,10.082747263401785,target,2505030376.0,2
PEPE,1768552920000,1768553160000,5.98e-06,5.940000000000001e-06,-122.37854282681897,stop,2501094274.0,2
PEPE,1768553580000,1768554540000,5.9600000000000005e-06,5.920000000000001e-06,-122.56331261789785,stop,2506407211.0,2
PEPE,1768557420000,1768558680000,5.94e-06,5.9e-06,-122.74928402732984,stop,2511751259.0,2
PEPE,1768559880000,1768560480000,5.92e-06,5.93e-06,10.25729131880044,target,2517126704.0,2
PEPE,1768563900000,1768564080000,5.93e-06,5.94e-06,10.215919912951684,target,2513141430.0,2
PEPE,1768573440000,1768573680000,5.8800000000000005e-06,5.89e-06,10.430587973350125,target,2534772290.0,2
PEPE,1768575720000,1768575780000,5.8800000000000005e-06,5.840000000000001e-06,-123.65917203005802,stop,2535038377.0,2
PEPE,1768608180000,1768608480000,5.92e-06,5.8800000000000005e-06,-122.82168342971795,stop,2514776483.0,2
PEPE,1768609860000,1768611720000,5.91e-06,5.9e-06,-47.43756416421061,time,2515914302.0,2
PEPE,1768614060000,1768615620000,5.8800000000000005e-06,5.840000000000001e-06,-123.29342354123865,stop,2527540458.0,2
PEPE,1768616580000,1768617540000,5.86e-06,5.87e-06,10.474000075634388,target,2533010901.0,2
PEPE,1768620480000,1768620840000,5.8800000000000005e-06,5.840000000000001e-06,-123.15303240857817,stop,2524662411.0,2
PEPE,1768622880000,1768624380000,5.86e-06,5.87e-06,10.462073594375287,target,2530126625.0,2
PEPE,1768626960000,1768628520000,5.8700000000000005e-06,5.8800000000000005e-06,10.420095274874338,target,2526083703.0,2
PEPE,1768632120000,1768632480000,5.86e-06,5.82e-06,-123.36973115999724,stop,2530661152.0,2
PEPE,1768633260000,1768635120000,5.84e-06,5.82e-06,-72.88921129817925,time,2536159057.0,2
PEPE,1768637400000,1768637940000,5.84e-06,5.85e-06,10.5299620778108,target,2534286902.0,2
PEPE,1768643520000,1768645020000,5.83e-06,5.84e-06,10.574538504495884,target,2538904803.0,2
PEPE,1768649880000,1768651740000,5.86e-06,5.85e-06,-47.441616755278254,time,2526177676.0,2
PEPE,1768652220000,1768653840000,5.8700000000000005e-06,5.830000000000001e-06,-122.9200741399481,stop,2520661830.0,2
PEPE,1768663080000,1768663080000,5.91e-06,5.89e-06,-72.1263950403295,risk_halt,2500481714.0,2
PEPE,1768696320000,1768696680000,5.82e-06,5.83e-06,10.593185871074176,target,2537290029.0,2
PEPE,1768699980000,1768701000000,5.7900000000000005e-06,5.750000000000001e-06,-124.07933878402376,stop,2550711045.0,2
PEPE,1768702800000,1768703100000,5.81e-06,5.770000000000001e-06,-123.57254660602621,stop,2538727203.0,2
PEPE,1768703580000,1768703820000,5.7800000000000006e-06,5.740000000000001e-06,-123.94313934080863,stop,2548697087.0,2
PEPE,1768704540000,1768704780000,5.8e-06,5.760000000000001e-06,-123.43597046165917,stop,2536703051.0,2
PEPE,1768706520000,1768706760000,5.8e-06,5.81e-06,10.628077558496278,target,2533510741.0,2
PEPE,1768709340000,1768711200000,5.8e-06,5.78e-06,-72.66897115140269,time,2533785605.0,2
PEPE,1768719660000,1768720200000,5.7900000000000005e-06,5.750000000000001e-06,-123.3772982788488,stop,2536279130.0,2
PEPE,1768722120000,1768722360000,5.7800000000000006e-06,5.7900000000000005e-06,10.695416340661374,target,2537465324.0,2
PEPE,1768722780000,1768723500000,5.7800000000000006e-06,5.75e-06,-98.05838511504186,risk_halt,2537742886.0,2
PEPE,1768785720000,1768786380000,5.21e-06,5.22e-06,13.458106509540857,target,2812561444.0,2
PEPE,1768786920000,1768787580000,5.21e-06,5.1700000000000005e-06,-134.3886343663488,stop,2812948914.0,2
PEPE,1768789020000,1768789260000,5.18e-06,5.19e-06,13.604053321214636,target,2825348561.0,2
PEPE,1768795260000,1768795380000,5.24e-06,5.25e-06,13.282553620605396,target,2793386671.0,2
PEPE,1768795920000,1768797120000,5.2500000000000006e-06,5.2600000000000005e-06,13.231173593820213,target,2788445436.0,2
PEPE,1768797420000,1768797960000,5.2600000000000005e-06,5.220000000000001e-06,-133.19150487554867,stop,2783521523.0,2
PEPE,1769731320000,1769732580000,4.74e-06,4.700000000000001e-06,-148.9556962013376,stop,3164556962.0,3
PEPE,1769734320000,1769735160000,4.74e-06,4.75e-06,16.60497587937148,target,3159843174.0,3
PEPE,1769736120000,1769736180000,4.75e-06,4.76e-06,16.541236433801124,target,3153715240.0,3
PEPE,1769736960000,1769737200000,4.74e-06,4.700000000000001e-06,-148.78319133527768,stop,3160892104.0,3
PEPE,1769743560000,1769744940000,4.6400000000000005e-06,4.600000000000001e-06,-149.67791253203836,stop,3190066337.0,3
PEPE,1769749980000,1769750160000,4.61e-06,4.62e-06,17.16919319411911,target,3188336712.0,3
PEPE,1769751360000,1769751900000,4.6300000000000006e-06,4.590000000000001e-06,-149.47905004519254,stop,3186846819.0,3
PEPE,1769753220000,1769753460000,4.6e-06,4.56e-06,-149.2547193574778,stop,3185119918.0,3
PEPE,1769757420000,1769757420000,4.6e-06,4.57e-06,-117.25913026949918,risk_halt,3180339850.0,3
PEPE,1769817780000,1769818860000,4.6300000000000006e-06,4.590000000000001e-06,-148.8547487166447,stop,3173536909.0,3
PEPE,1769820300000,1769821320000,4.62e-06,4.58e-06,-148.63135495922768,stop,3169787907.0,3
PEPE,1769822820000,1769823240000,4.62e-06,4.58e-06,-148.40829646271928,stop,3165030848.0,3
PEPE,1769824020000,1769825820000,4.61e-06,4.57e-06,-148.18557267187342,stop,3161292217.0,3
PEPE,1769828340000,1769830200000,4.6e-06,4.58e-06,-84.87516782975953,time,3157558327.0,3
PEPE,1769830680000,1769831040000,4.6e-06,4.58e-06,-84.80210172672008,risk_halt,3154840094.0,3
PEPE,1769905440000,1769905620000,4.18e-06,4.19e-06,18.579389147484527,target,3195079819.0,3
PEPE,1769907720000,1769907960000,4.16e-06,4.12e-06,-147.73642306499858,stop,3197758075.0,3
PEPE,1769909520000,1769909760000,4.16e-06,4.17e-06,18.6309159925664,target,3192959039.0,3
PEPE,1769911440000,1769911800000,4.17e-06,4.18e-06,18.596473893276375,target,3192527707.0,3
PEPE,1769912820000,1769913420000,4.15e-06,4.16e-06,18.67597749184973,target,3195205730.0,3
PEPE,1769913840000,1769914080000,4.17e-06,4.18e-06,18.60352421697513,target,3193738063.0,3
PEPE,1769914740000,1769914980000,4.17e-06,4.18e-06,18.60704319850163,target,3194342180.0,3
PEPE,1769922180000,1769923440000,4.21e-06,4.22e-06,18.458800295390915,target,3190803854.0,3
PEPE,1769923920000,1769924340000,4.24e-06,4.2000000000000004e-06,-147.68215040015912,stop,3188302038.0,3
PEPE,1769924820000,1769925660000,4.2000000000000004e-06,4.21e-06,18.472410128856794,target,3187646269.0,3
PEPE,1769927100000,1769927820000,4.23e-06,4.1900000000000005e-06,-147.48823887335712,stop,3185147152.0,3
PEPE,1769930340000,1769930460000,4.2000000000000004e-06,4.21e-06,18.448155249073835,target,3183460785.0,3
PEPE,1769941140000,1769942040000,4.2900000000000004e-06,4.250000000000001e-06,-147.2945819660543,stop,3174794309.0,3
PEPE,1769946600000,1769948460000,4.27e-06,4.26e-06,-52.00626589643979,time,3172080872.0,3
PEPE,1769952300000,1769953860000,4.2800000000000005e-06,4.240000000000001e-06,-146.99548124459795,stop,3169372170.0,3
PEPE,1769954700000,1769954880000,4.27e-06,4.28e-06,18.123286423751352,target,3165639550.0,3
PEPE,1769955420000,1769956080000,4.26e-06,4.22e-06,-146.80207629494996,stop,3167250837.0,3
PEPE,1769992740000,1769993880000,4.22e-06,4.180000000000001e-06,-146.58176304830795,stop,3166596739.0,3
PEPE,1769994420000,1769994420000,4.22e-06,4.21e-06,-51.60130173407996,risk_halt,3161844469.0,3
PEPE,1770945840000,1770946740000,3.6900000000000002e-06,3.7e-06,20.798392677921083,target,3298714144.0,4
PEPE,1770949860000,1770950880000,3.6900000000000002e-06,3.7e-06,20.802718406015813,target,3299400223.0,4
PEPE,1770951660000,1770952080000,3.7200000000000004e-06,3.6800000000000003e-06,-150.13743286014073,stop,3296825491.0,4
PEPE,1770955560000,1770957420000,3.6900000000000002e-06,3.68e-06,-51.15695288152569,time,3295133841.0,4
PEPE,1770958740000,1770959220000,3.6800000000000003e-06,3.6400000000000003e-06,-149.83534028303893,stop,3294532548.0,4
PEPE,1770961980000,1770963840000,3.6800000000000003e-06,3.6400000000000003e-06,-149.61047492892004,stop,3289588279.0,4
PEPE,1770966420000,1770966720000,3.6800000000000003e-06,3.6900000000000002e-06,20.742573774133362,target,3284651429.0,4
PEPE,1770968220000,1770970080000,3.7e-06,3.6900000000000002e-06,-51.02046511002156,time,3283170213.0,4
PEPE,1770978240000,1770978900000,3.6900000000000002e-06,3.7e-06,20.69660181348479,target,3282569677.0,4
PEPE,1770982320000,1770983760000,3.6800000000000003e-06,3.6900000000000002e-06,20.74057719847462,target,3284335265.0,4
PEPE,1770984240000,1770986100000,3.67e-06,3.66e-06,-50.918173283144476,time,3286103471.0,4
PEPE,1770986580000,1770988440000,3.67e-06,3.66e-06,-50.892129999915795,time,3284422717.0,4
PEPE,1770991560000,1770992880000,3.67e-06,3.68e-06,20.763348361800382,target,3282742824.0,4
PEPE,1770993420000,1770993540000,3.7200000000000004e-06,3.7300000000000003e-06,20.569579948975832,target,3278020709.0,4
PEPE,1770994260000,1770994320000,3.7300000000000003e-06,3.74e-06,20.53428294102458,target,3277618985.0,4
PEPE,1770994620000,1770994920000,3.7200000000000004e-06,3.7300000000000003e-06,20.578079806699783,target,3279375268.0,4
PEPE,1770996180000,1770996360000,3.74e-06,3.75e-06,20.503227339046816,target,3277894059.0,4
PEPE,1770997380000,1770997620000,3.7700000000000003e-06,3.7300000000000003e-06,-149.40440246703076,stop,3275334922.0,4
PEPE,1770998040000,1770998760000,3.74e-06,3.75e-06,20.47667433862631,target,3273648975.0,4
PEPE,1771000680000,1771000860000,3.81e-06,3.82e-06,20.205134193934175,target,3266796151.0,4
PEPE,1771001220000,1771002180000,3.81e-06,3.77e-06,-149.24123705294957,stop,3267460034.0,4
PEPE,1771005300000,1771005300000,3.79e-06,3.7800000000000002e-06,-51.17418339412405,risk_halt,3264700695.0,4
PEPE,1771027980000,1771029180000,3.7700000000000003e-06,3.7800000000000002e-06,20.325646952025075,target,3265164169.0,4
PEPE,1771032120000,1771033980000,3.81e-06,3.8e-06,-51.22252964258912,time,3261542798.0,4
PEPE,1771041780000,1771043160000,3.8400000000000005e-06,3.8000000000000005e-06,-148.89409510428098,stop,3256651249.0,4
PEPE,1771044840000,1771045380000,3.82e-06,3.78e-06,-148.67064229445822,stop,3253898934.0,4
PEPE,1771049280000,1771050060000,3.7800000000000002e-06,3.79e-06,20.219184018824635,target,3253287855.0,4
PEPE,1771054740000,1771055100000,3.7800000000000002e-06,3.79e-06,20.223316993825385,target,3253952855.0,4
PEPE,1771055760000,1771056180000,3.79e-06,3.8e-06,20.188268119838796,target,3253548448.0,4
PEPE,1771065720000,1771067460000,3.8400000000000005e-06,3.85e-06,19.996819088390062,target,3248873938.0,4
PEPE,1771069020000,1771069860000,3.94e-06,3.95e-06,19.611563744220767,target,3238904004.0,4
PEPE,1771072260000,1771072380000,3.9300000000000005e-06,3.94e-06,19.65427150233558,target,3240605359.0,4
PEPE,1771078680000,1771079040000,3.96e-06,3.97e-06,19.541757953920452,target,3238070912.0,4
PEPE,1771080120000,1771080180000,4.0100000000000006e-06,3.970000000000001e-06,-148.6567821421487,stop,3233426474.0,4
PEPE,1771081380000,1771081440000,4.05e-06,4.06e-06,19.168855441959273,target,3224365928.0,4
PEPE,1771082520000,1771082580000,4.1000000000000006e-06,4.1100000000000005e-06,18.980398207486658,target,3219745243.0,4
PEPE,1771083720000,1771083840000,4.14e-06,4.15e-06,18.830722154872454,target,3216177994.0,4
PEPE,1771084920000,1771085160000,4.1900000000000005e-06,4.2000000000000004e-06,18.643181868720706,target,3211573104.0,4
PEPE,1771086720000,1771086780000,4.23e-06,4.24e-06,18.49421174997522,target,3208015915.0,4
PEPE,1771087320000,1771087440000,4.3700000000000005e-06,4.38e-06,17.966978251875133,target,3194129467.0,4
PEPE,1771087920000,1771087980000,4.4e-06,4.360000000000001e-06,-148.60189606224077,stop,3191621479.0,4
PEPE,1771088520000,1771088580000,4.4e-06,4.41e-06,17.830323098536752,target,3186831653.0,4
PEPE,1771089120000,1771089240000,4.47e-06,4.48e-06,17.570795341777007,target,3180234451.0,4
PEPE,1771089900000,1771089960000,4.48e-06,4.49e-06,17.536472476815884,target,3179777421.0,4
PEPE,1771090440000,1771090500000,4.51e-06,4.52e-06,17.427371393225272,target,3177278285.0,4
PEPE,1771091520000,1771091760000,4.52e-06,4.53e-06,17.393079568351634,target,3176818186.0,4
PEPE,1771114020000,1771114080000,4.88e-06,4.89e-06,15.558442919415615,target,3041728821.0,4
PEPE,1771118040000,1771118160000,4.88e-06,4.84e-06,-143.83554941855965,stop,3042207052.0,4
PEPE,1771118940000,1771118940000,4.8100000000000005e-06,4.770000000000001e-06,-145.3931056334983,entry_bar_stop,3081994820.0,4
PEPE,1771120500000,1771120740000,4.8e-06,4.81e-06,16.02071560106178,target,3083872108.0,4
PEPE,1771121340000,1771121340000,4.85e-06,4.8100000000000005e-06,-144.18838475402833,entry_bar_stop,3052575098.0,4
PEPE,1771125120000,1771125240000,4.890000000000001e-06,4.850000000000001e-06,-142.98140224358758,stop,3023182202.0,4
PEPE,1771125720000,1771125780000,4.9000000000000005e-06,4.9100000000000004e-06,15.349377668702134,target,3012635460.0,4
PEPE,1771126380000,1771126440000,4.87e-06,4.88e-06,15.537291135375,target,3031666563.0,4
PEPE,1771129020000,1771129080000,5.02e-06,5.03e-06,14.634177310551802,target,2941543178.0,4
PEPE,1771131300000,1771131420000,4.94e-06,4.9000000000000005e-06,-141.61848239030897,stop,2989623863.0,4
PEPE,1771131900000,1771131960000,4.95e-06,4.9100000000000004e-06,-141.1737869587496,stop,2979292750.0,4
PEPE,1771200420000,1771200480000,4.42e-06,4.43e-06,17.63045730294963,target,3162413866.0,4
PEPE,1771201080000,1771201200000,4.47e-06,4.430000000000001e-06,-147.36332094961307,stop,3157898231.0,4
PEPE,1771202220000,1771202700000,4.47e-06,4.430000000000001e-06,-147.1421654349751,stop,3153159015.0,4
PEPE,1771204320000,1771204380000,4.48e-06,4.440000000000001e-06,-146.92134181607855,stop,3147415206.0,4
PEPE,1771205640000,1771206120000,4.450000000000001e-06,4.410000000000001e-06,-146.7008496525886,stop,3145724234.0,4
PEPE,1771208460000,1771208460000,4.4600000000000005e-06,4.44e-06,-83.74362181773193,risk_halt,3139993319.0,4
PEPE,1772151840000,1772152740000,3.830000000000001e-06,3.7900000000000006e-06,-150.0749999708857,stop,3283557597.0,5
PEPE,1772153700000,1772154420000,3.830000000000001e-06,3.8400000000000005e-06,20.21275270466915,target,3278629798.0,5
PEPE,1772155920000,1772156160000,3.830000000000001e-06,3.8400000000000005e-06,20.216844396674087,target,3279293495.0,5
PEPE,1772156640000,1772157300000,3.8400000000000005e-06,3.85e-06,20.1815139460303,target,3278881226.0,5
PEPE,1772160720000,1772161380000,3.85e-06,3.810000000000001e-06,-149.94073704424562,stop,3278468067.0,5
PEPE,1772164320000,1772164440000,3.830000000000001e-06,3.8400000000000005e-06,20.19466958831981,target,3275696608.0,5
PEPE,1772167320000,1772169060000,3.88e-06,3.89e-06,20.002116997250873,target,3270992150.0,5
PEPE,1772169420000,1772170260000,3.89e-06,3.9e-06,19.96686793299042,target,3270576238.0,5
PEPE,1772171880000,1772173440000,3.88e-06,3.8400000000000005e-06,-149.8060041008975,stop,3272302405.0,5
PEPE,1772175720000,1772176920000,3.89e-06,3.85e-06,-149.58118274282916,stop,3266321274.0,5
PEPE,1772177880000,1772178660000,3.87e-06,3.88e-06,19.98928832162654,target,3263557277.0,5
PEPE,1772181780000,1772183640000,3.88e-06,3.87e-06,-51.590294687640196,time,3263143244.0,5
PEPE,1772184180000,1772185140000,3.87e-06,3.830000000000001e-06,-149.30927356499902,stop,3262521000.0,5
PEPE,1772197380000,1772197500000,3.7300000000000003e-06,3.74e-06,20.503100939649567,target,3272641810.0,5
PEPE,1772202720000,1772202840000,3.7e-06,3.71e-06,20.625906762730388,target,3276553894.0,5
PEPE,1772203920000,1772204280000,3.7e-06,3.66e-06,-149.14692202509102,stop,3277234059.0,5
PEPE,1772247780000,1772249640000,3.66e-06,3.6400000000000003e-06,-83.45590972533165,time,3276635639.0,5
PEPE,1772257920000,1772258400000,3.62e-06,3.63e-06,20.89857350099906,target,3278207608.0,5
PEPE,1772264820000,1772265660000,3.52e-06,3.48e-06,-148.82920687907946,stop,3289770267.0,5
PEPE,1772266140000,1772266860000,3.48e-06,3.44e-06,-148.605851424962,stop,3289195472.0,5
PEPE,1772267880000,1772269020000,3.4700000000000002e-06,3.43e-06,-148.3828312143909,stop,3285349966.0,5
PEPE,1772269620000,1772270580000,3.4600000000000003e-06,3.4700000000000002e-06,21.444663386596012,target,3281509317.0,5
PEPE,1772271240000,1772271900000,3.4700000000000002e-06,3.43e-06,-148.19232872209605,stop,3281132043.0,5
PEPE,1772275920000,1772276520000,3.4600000000000003e-06,3.4700000000000002e-06,21.417131490411613,target,3277296326.0,5
PEPE,1772277240000,1772278260000,3.4700000000000002e-06,3.48e-06,21.381899972400504,target,3276919536.0,5
PEPE,1772278860000,1772279580000,3.4600000000000003e-06,3.4700000000000002e-06,21.426428214085018,target,3278718931.0,5
PEPE,1772280480000,1772281020000,3.4600000000000003e-06,3.4700000000000002e-06,21.431082428015443,target,3279431129.0,5
PEPE,1772282580000,1772283720000,3.4700000000000002e-06,3.48e-06,21.395827963350506,target,3279054094.0,5
PEPE,1772284680000,1772286060000,3.48e-06,3.44e-06,-148.13058796002176,stop,3278676139.0,5
PEPE,1772288400000,1772288760000,3.54e-06,3.55e-06,21.090080708276616,target,3267247205.0,5
PEPE,1772290080000,1772290140000,3.53e-06,3.5e-06,-115.28232679863143,risk_halt,3269029542.0,5
PEPE,1772325660000,1772326620000,3.63e-06,3.64e-06,20.71438075399988,target,3254419600.0,5
PEPE,1772330160000,1772330460000,3.7e-06,3.71e-06,20.443605073531455,target,3247594134.0,5
PEPE,1772330940000,1772331360000,3.76e-06,3.77e-06,20.212979841522074,target,3241857232.0,5
PEPE,1772331900000,1772332200000,3.7300000000000003e-06,3.74e-06,20.334470157259474,target,3245725484.0,5
PEPE,1772332620000,1772333040000,3.75e-06,3.76e-06,20.26039674931532,target,3244258887.0,5
PEPE,1772333580000,1772334300000,3.75e-06,3.71e-06,-147.91994719708455,stop,3244925901.0,5
PEPE,1772341680000,1772341860000,3.66e-06,3.67e-06,20.58672284434462,target,3249680007.0,5
PEPE,1772345100000,1772345340000,3.65e-06,3.61e-06,-147.72885185779532,stop,3251432857.0,5
PEPE,1772352300000,1772353140000,3.63e-06,3.64e-06,20.67796488318122,target,3248698332.0,5
PEPE,1772354220000,1772355120000,3.62e-06,3.58e-06,-147.53818022867964,stop,3250455612.0,5
PEPE,1772357520000,1772357940000,3.5900000000000004e-06,3.5500000000000003e-06,-147.31676231437635,stop,3248798375.0,5
PEPE,1772361600000,1772363460000,3.5600000000000002e-06,3.53e-06,-114.65669630579985,time,3247145180.0,5
PEPE,1772364480000,1772366340000,3.5500000000000003e-06,3.54e-06,-49.68830782940995,time,3244421014.0,5
PEPE,1772367480000,1772369340000,3.54e-06,3.5100000000000003e-06,-114.4429862284785,time,3243848816.0,5
PEPE,1772371020000,1772371020000,3.52e-06,3.5100000000000003e-06,-49.508447185410525,risk_halt,3242203483.0,5
PEPE,1772410560000,1772410740000,3.4600000000000003e-06,3.4700000000000002e-06,21.2192804444118,target,3247020726.0,5
PEPE,1772411220000,1772412000000,3.48e-06,3.49e-06,21.144885383710932,target,3245569514.0,5
PEPE,1772412660000,1772413800000,3.5000000000000004e-06,3.5100000000000003e-06,21.070544831714717,target,3244117757.0,5
PEPE,1772414280000,1772414460000,3.5100000000000003e-06,3.4700000000000002e-06,-146.6981854134741,stop,3243740971.0,5
PEPE,1772417220000,1772417220000,3.48e-06,3.44e-06,-146.47802812128066,entry_bar_stop,3242098896.0,5
PEPE,1773361620000,1773361920000,3.4200000000000003e-06,3.43e-06,21.883857282974958,target,3328343313.0,6
PEPE,1773362280000,1773362520000,3.43e-06,3.39e-06,-150.10784215537396,stop,3327964575.0,6
PEPE,1773362820000,1773363600000,3.4e-06,3.41e-06,21.936873831410484,target,3326288678.0,6
PEPE,1773364020000,1773364200000,3.4200000000000003e-06,3.43e-06,21.86059756297375,target,3324805713.0,6
PEPE,1773367260000,1773369120000,3.45e-06,3.4200000000000003e-06,-116.75934183968984,time,3322217722.0,6
PEPE,1773371760000,1773373620000,3.44e-06,3.4200000000000003e-06,-83.45068678109928,time,3319438615.0,6
PEPE,1773375120000,1773376980000,3.4600000000000003e-06,3.45e-06,-50.313490261321185,time,3314459174.0,6
PEPE,1773379560000,1773380040000,3.44e-06,3.45e-06,21.729755805421302,target,3314989444.0,6
PEPE,1773381780000,1773382200000,3.44e-06,3.45e-06,21.73449349721916,target,3315712204.0,6
PEPE,1773383340000,1773384480000,3.43e-06,3.44e-06,21.779637147253588,target,3317538027.0,6
PEPE,1773387660000,1773388260000,3.45e-06,3.46e-06,21.703593902760563,target,3316057128.0,6
PEPE,1773390540000,1773390660000,3.45e-06,3.46e-06,21.708317102012067,target,3316778778.0,6
PEPE,1773392220000,1773394080000,3.4700000000000002e-06,3.46e-06,-50.375937884610984,time,3315296998.0,6
PEPE,1773395820000,1773396240000,3.5100000000000003e-06,3.52e-06,21.46033654377642,target,3309226915.0,6
PEPE,1773402720000,1773402960000,3.62e-06,3.58e-06,-149.69199382787943,stop,3297906892.0,6
PEPE,1773403980000,1773404160000,3.58e-06,3.59e-06,21.152283455073665,target,3297316205.0,6
PEPE,1773405720000,1773405840000,3.61e-06,3.62e-06,21.036951537128484,target,3294745738.0,6
PEPE,1773406440000,1773406620000,3.66e-06,3.62e-06,-149.53065902955026,stop,3290003499.0,6
PEPE,1773406920000,1773407160000,3.61e-06,3.57e-06,-149.30625091799922,stop,3290495888.0,6
PEPE,1773410940000,1773411120000,3.58e-06,3.55e-06,-116.22687459210034,risk_halt,3288819315.0,6
PEPE,1773446700000,1773447300000,3.36e-06,3.37e-06,21.955620776693724,target,3309061157.0,6
PEPE,1773448320000,1773448680000,3.3800000000000002e-06,3.39e-06,21.87969672357064,target,3307588318.0,6
PEPE,1773449220000,1773450180000,3.3700000000000003e-06,3.3800000000000002e-06,21.924907003125675,target,3309419925.0,6
PEPE,1773452100000,1773453960000,3.4e-06,3.4e-06,-16.864910183400504,time,3306845134.0,6
PEPE,1773455580000,1773456840000,3.4e-06,3.41e-06,21.804939273610984,target,3306283438.0,6
PEPE,1773459120000,1773460980000,3.41e-06,3.4e-06,-49.935757892009235,time,3305909162.0,6
PEPE,1773461760000,1773462960000,3.4e-06,3.41e-06,21.798760325780794,target,3305346524.0,6
PEPE,1773463920000,1773464160000,3.4200000000000003e-06,3.3800000000000002e-06,-148.97162888063994,stop,3303872896.0,6
PEPE,1773466140000,1773466620000,3.39e-06,3.35e-06,-148.74805972025786,stop,3302210228.0,6
PEPE,1773468300000,1773469500000,3.3700000000000003e-06,3.3300000000000003e-06,-148.52482606309567,stop,3299451873.0,6
PEPE,1773481560000,1773483420000,3.34e-06,3.31e-06,-115.35693622661974,time,3297796919.0,6
PEPE,1773489660000,1773491520000,3.34e-06,3.3300000000000003e-06,-49.409207969998135,time,3293947198.0,6
PEPE,1773522060000,1773523920000,3.32e-06,3.32e-06,-16.40659056804059,time,3294496098.0,6
PEPE,1773533340000,1773535200000,3.35e-06,3.3300000000000003e-06,-82.28278229080394,time,3290653161.0,6
PEPE,1773543120000,1773543660000,3.3800000000000002e-06,3.39e-06,21.72777716277043,target,3284622398.0,6
PEPE,1773555660000,1773557520000,3.35e-06,3.34e-06,-49.37882416467044,time,3288632978.0,6
PEPE,1773558540000,1773558720000,3.35e-06,3.36e-06,21.84201961102531,target,3286985645.0,6
PEPE,1773576180000,1773578040000,3.3800000000000002e-06,3.3800000000000002e-06,-16.652053995719427,time,3284428796.0,6
PEPE,1773580080000,1773580260000,3.3800000000000002e-06,3.34e-06,-147.87283806957026,stop,3283873819.0,6
PEPE,1773584040000,1773585900000,3.36e-06,3.35e-06,-49.3154065953005,time,3281131510.0,6
PEPE,1773593820000,1773594240000,3.3300000000000003e-06,3.34e-06,21.879659450649978,target,3282769610.0,6
PEPE,1773612720000,1773613920000,3.3700000000000003e-06,3.3800000000000002e-06,21.724193094748372,target,3279123486.0,6
PEPE,1773616740000,1773617040000,3.43e-06,3.39e-06,-147.6423462937051,stop,3273303321.0,6
PEPE,1773620220000,1773621240000,3.48e-06,3.44e-06,-147.42077207328103,stop,3262965296.0,6
PEPE,1773624420000,1773624600000,3.5000000000000004e-06,3.5100000000000003e-06,21.14711235377998,target,3255906444.0,6
PEPE,1773626280000,1773626460000,3.52e-06,3.48e-06,-147.23126687880062,stop,3254448870.0,6
PEPE,1773629340000,1773629460000,3.48e-06,3.49e-06,21.199029809207033,target,3253880247.0,6
PEPE,1773630060000,1773630300000,3.5000000000000004e-06,3.5100000000000003e-06,21.124498900636006,target,3252424773.0,6
PEPE,1773630840000,1773631260000,3.52e-06,3.53e-06,21.050022701574505,target,3250968757.0,6
PEPE,1773632880000,1773633120000,3.57e-06,3.58e-06,20.85738291757541,target,3246285279.0,6
PEPE,1773633420000,1773633480000,3.58e-06,3.59e-06,20.822458706264296,target,3245901591.0,6
PEPE,1773634680000,1773635520000,3.6400000000000003e-06,3.6000000000000003e-06,-147.1679684114995,stop,3240157825.0,6
PEPE,1773637200000,1773637260000,3.67e-06,3.68e-06,20.442987927723937,target,3232092953.0,6
PEPE,1773638820000,1773638880000,3.7300000000000003e-06,3.74e-06,20.21327688982024,target,3226380988.0,6
PEPE,1773640020000,1773640080000,3.7700000000000003e-06,3.7800000000000002e-06,20.061943508251055,target,3222802170.0,6
PEPE,1773641400000,1773641520000,3.76e-06,3.77e-06,20.104898192776133,target,3224522565.0,6
PEPE,1773641820000,1773641880000,3.81e-06,3.82e-06,19.915009580821998,target,3219888372.0,6
PEPE,1773644220000,1773644460000,3.88e-06,3.89e-06,19.648449893939734,target,3213156156.0,6
PEPE,1773645540000,1773645600000,3.95e-06,3.96e-06,19.382966269484804,target,3206446033.0,6
PEPE,1773646620000,1773646680000,4e-06,4.01e-06,19.19506977948929,target,3201846502.0,6
PEPE,1773647400000,1773647640000,4e-06,4.01e-06,19.198827349569882,target,3202473286.0,6
PEPE,1773648240000,1773648300000,4.03e-06,4.04e-06,19.087803548689397,target,3199967066.0,6
PEPE,1773648840000,1773648900000,4.06e-06,4.0200000000000005e-06,-147.24313090229776,stop,3197462126.0,6
PEPE,1773649320000,1773649440000,4e-06,4.01e-06,19.17749833856994,target,3198915486.0,6
PEPE,1773651060000,1773651120000,3.99e-06,3.95e-06,-147.05093640487416,stop,3200586275.0,6
PEPE,1773652620000,1773652680000,4e-06,4.01e-06,19.152466210075684,target,3194739985.0,6
PEPE,1773653820000,1773654000000,4.0200000000000005e-06,3.980000000000001e-06,-146.85899277608837,stop,3193280991.0,6
PEPE,1773707520000,1773708060000,4e-06,3.96e-06,-146.63859412067904,stop,3190569933.0,6
PEPE,1773709320000,1773709320000,3.99e-06,3.97e-06,-82.7458272840141,risk_halt,3186821771.0,6
PEPE,1774572240000,1774573860000,3.41e-06,3.42e-06,21.92443427527536,target,3329450915.0,7
PEPE,1774578060000,1774578720000,3.4200000000000003e-06,3.43e-06,21.888655191975598,target,3329073033.0,7
PEPE,1774583280000,1774584120000,3.4e-06,3.36e-06,-150.14075248349928,stop,3332018475.0,7
PEPE,1774599660000,1774600620000,3.39e-06,3.35e-06,-149.91542873307128,stop,3328125846.0,7
PEPE,1774602060000,1774603920000,3.3700000000000003e-06,3.35e-06,-83.25003320454107,time,3325345844.0,7
PEPE,1774607880000,1774607880000,3.34e-06,3.3e-06,-149.56550565999027,entry_bar_stop,3325895167.0,7
PEPE,1774613880000,1774615740000,3.27e-06,3.26e-06,-49.580627858189466,time,3328675922.0,7
PEPE,1774618680000,1774618740000,3.27e-06,3.28e-06,22.374192236926294,target,3327017433.0,7
PEPE,1774619400000,1774619940000,3.2900000000000003e-06,3.2500000000000002e-06,-149.30021518340854,stop,3325542158.0,7
PEPE,1774622220000,1774623060000,3.27e-06,3.28e-06,22.345639769927413,target,3322771713.0,7
PEPE,1774624860000,1774625040000,3.2800000000000004e-06,3.2900000000000003e-06,22.30997227169983,target,3322408380.0,7
PEPE,1774626900000,1774627620000,3.31e-06,3.27e-06,-149.14316979712703,stop,3319825705.0,7
PEPE,1774663080000,1774664940000,3.2800000000000004e-06,3.27e-06,-49.47387269853216,time,3318167183.0,7
PEPE,1774680360000,1774681800000,3.2900000000000003e-06,3.3e-06,22.22978870123905,target,3315404728.0,7
PEPE,1774682220000,1774683780000,3.3e-06,3.31e-06,22.19419432646147,target,3315040228.0,7
PEPE,1774687980000,1774689720000,3.32e-06,3.33e-06,22.11806917012519,target,3313568415.0,7
PEPE,1774692420000,1774693680000,3.36e-06,3.32e-06,-148.94495824500055,stop,3309887961.0,7
PEPE,1774695120000,1774696980000,3.32e-06,3.31e-06,-49.54071637227001,time,3309333091.0,7
PEPE,1774699980000,1774700280000,3.32e-06,3.33e-06,22.078755335850104,target,3307678702.0,7
PEPE,1774701420000,1774703280000,3.32e-06,3.31e-06,-49.52698769963876,time,3308416012.0,7
PEPE,1774707360000,1774708860000,3.35e-06,3.36e-06,21.951453271964287,target,3303454217.0,7
PEPE,1774715580000,1774717440000,3.36e-06,3.34e-06,-82.64319035291992,time,3303085146.0,7
PEPE,1774725180000,1774727040000,3.34e-06,3.3300000000000003e-06,-49.537960245001166,time,3302530683.0,7
PEPE,1774734360000,1774734840000,3.3300000000000003e-06,3.2900000000000003e-06,-148.44046073022037,stop,3301978884.0,7
PEPE,1774737720000,1774739400000,3.32e-06,3.28e-06,-148.2176886951601,stop,3298123914.0,7
PEPE,1774744680000,1774746240000,3.2800000000000004e-06,3.2900000000000003e-06,22.143228843210558,target,3297576894.0,7
PEPE,1774748160000,1774750020000,3.3e-06,3.3e-06,-16.315764597000303,time,3296114060.0,7
PEPE,1774755300000,1774757160000,3.32e-06,3.31e-06,-49.30173183419915,time,3293368860.0,7
PEPE,1774776900000,1774778760000,3.3e-06,3.27e-06,-115.02373287852146,time,3293921331.0,7
PEPE,1774779780000,1774781640000,3.2800000000000004e-06,3.28e-06,-16.198002111839827,time,3292276852.0,7
PEPE,1774788420000,1774788780000,3.27e-06,3.28e-06,22.14432042547381,target,3292835751.0,7
PEPE,1774797960000,1774799820000,3.26e-06,3.24e-06,-81.93864228279313,time,3294678017.0,7
PEPE,1774804680000,1774806180000,3.2500000000000002e-06,3.26e-06,22.211538436630747,target,3293037574.0,7
PEPE,1774821720000,1774822320000,3.3e-06,3.26e-06,-147.67667361729013,stop,3288280419.0,7
PEPE,1774826700000,1774828560000,3.27e-06,3.27e-06,-16.120963103085106,time,3286638757.0,7
PEPE,1774830240000,1774831080000,3.3300000000000003e-06,3.2900000000000003e-06,-147.43085432723947,stop,3279520728.0,7
PEPE,1774834680000,1774836480000,3.3300000000000003e-06,3.34e-06,21.825202248354646,target,3274598987.0,7
PEPE,1774837200000,1774838700000,3.34e-06,3.35e-06,21.79003447071141,target,3274235082.0,7
PEPE,1774845240000,1774847100000,3.36e-06,3.36e-06,-16.4948059382397,time,3272778956.0,7
PEPE,1774854960000,1774856820000,3.3800000000000002e-06,3.37e-06,-49.246935259321,time,3270048822.0,7
PEPE,1774859040000,1774859940000,3.4e-06,3.41e-06,21.540796702931402,target,3266231494.0,7
PEPE,1774861080000,1774862880000,3.3800000000000002e-06,3.34e-06,-147.20871847314214,stop,3269125438.0,7
PEPE,1774871580000,1774873440000,3.3700000000000003e-06,3.35e-06,-81.74696094528123,time,3265307008.0,7
PEPE,1774877460000,1774879320000,3.36e-06,3.34e-06,-81.6570029586602,time,3263669183.0,7
PEPE,1774881480000,1774882020000,3.34e-06,3.35e-06,21.71607249107924,target,3263121336.0,7
PEPE,1774886160000,1774888020000,3.3700000000000003e-06,3.36e-06,-49.05547562814096,time,3260583292.0,7
PEPE,1774890360000,1774891620000,3.36e-06,3.32e-06,-146.7015368850009,stop,3260034153.0,7
PEPE,1774909740000,1774909740000,3.34e-06,3.32e-06,-81.4002568180189,risk_halt,3257313198.0,7
PEPE,1775784180000,1775784240000,3.48e-06,3.49e-06,21.640961152703802,target,3321713147.0,8
PEPE,1775785500000,1775786280000,3.5100000000000003e-06,3.4700000000000002e-06,-150.10747764637492,stop,3319126095.0,8
PEPE,1775790960000,1775792820000,3.5000000000000004e-06,3.5e-06,-17.405033624999536,time,3315244500.0,8
PEPE,1775795580000,1775795820000,3.5000000000000004e-06,3.5100000000000003e-06,21.528760469805547,target,3314666739.0,8
PEPE,1775802780000,1775803140000,3.53e-06,3.49e-06,-149.88839255544053,stop,3312084688.0,8
PEPE,1775812260000,1775812740000,3.49e-06,3.5e-06,21.541337013186862,target,3311504537.0,8
PEPE,1775814660000,1775816520000,3.5000000000000004e-06,3.49e-06,-50.461482455041875,time,3311120896.0,8
PEPE,1775816880000,1775817660000,3.5000000000000004e-06,3.4600000000000003e-06,-149.62004561262026,stop,3309445822.0,8
PEPE,1775821920000,1775823720000,3.5000000000000004e-06,3.5100000000000003e-06,21.46259221564499,target,3304479171.0,8
PEPE,1775827860000,1775828160000,3.53e-06,3.49e-06,-149.42771330927908,stop,3301905056.0,8
PEPE,1775830200000,1775830380000,3.52e-06,3.53e-06,21.354827615624647,target,3298042875.0,8
PEPE,1775830920000,1775831100000,3.5600000000000002e-06,3.57e-06,21.199348646190927,target,3294382074.0,8
PEPE,1775832180000,1775832480000,3.57e-06,3.58e-06,21.163909291200596,target,3293993664.0,8
PEPE,1775833620000,1775833740000,3.57e-06,3.58e-06,21.16841263795046,target,3294694574.0,8
PEPE,1775834820000,1775835660000,3.57e-06,3.53e-06,-149.33085310939467,stop,3295395633.0,8
PEPE,1775844360000,1775844900000,3.5900000000000004e-06,3.6000000000000003e-06,21.061389359219305,target,3288273124.0,8
PEPE,1775853180000,1775853420000,3.67e-06,3.63e-06,-149.1383527062453,stop,3280289293.0,8
PEPE,1775869500000,1775869740000,3.5900000000000004e-06,3.6000000000000003e-06,21.034239403275922,target,3284034255.0,8
PEPE,1775875860000,1775877720000,3.61e-06,3.6000000000000003e-06,-50.56781658864129,time,3282558688.0,8
PEPE,1775884260000,1775885460000,3.5900000000000004e-06,3.6000000000000003e-06,21.02797882961971,target,3283056804.0,8
PEPE,1775886660000,1775887440000,3.5900000000000004e-06,3.5500000000000003e-06,-148.901768539441,stop,3283752752.0,8
PEPE,1775896560000,1775898420000,3.5900000000000004e-06,3.57e-06,-83.16738750090198,time,3278824660.0,8
PEPE,1775900100000,1775901960000,3.5900000000000004e-06,3.59e-06,-17.64164842005117,time,3276072130.0,8
PEPE,1775908920000,1775910780000,3.57e-06,3.55e-06,-83.03943343189428,time,3277656737.0,8
PEPE,1775913060000,1775913120000,3.5600000000000002e-06,3.52e-06,-148.40239361370018,stop,3275991029.0,8
PEPE,1775921940000,1775923800000,3.6000000000000003e-06,3.59e-06,-50.275248134130386,time,3266747767.0,8
PEPE,1775924340000,1775925540000,3.61e-06,3.62e-06,20.840672103782147,target,3264005028.0,8
PEPE,1775929020000,1775930700000,3.63e-06,3.59e-06,-148.1355047897555,stop,3262537271.0,8
PEPE,1775931840000,1775931840000,3.63e-06,3.61e-06,-82.82552288264928,risk_halt,3257641018.0,8
PEPE,1775957160000,1775957640000,3.6400000000000003e-06,3.6000000000000003e-06,-147.78889001579932,stop,3253828490.0,8
PEPE,1775962860000,1775962920000,3.5100000000000003e-06,3.52e-06,21.160256858611252,target,3262954026.0,8
PEPE,1775964840000,1775965800000,3.5100000000000003e-06,3.4700000000000002e-06,-147.59885209725044,stop,3263656210.0,8
PEPE,1775978340000,1775980200000,3.5000000000000004e-06,3.49e-06,-49.67995375140113,time,3259839485.0,8
PEPE,1775989680000,1775991540000,3.5000000000000004e-06,3.49e-06,-49.654821010201616,time,3258190355.0,8
PEPE,1775998380000,1775998920000,3.5000000000000004e-06,3.4600000000000003e-06,-147.22826644217915,stop,3256542058.0,8
PEPE,1776000660000,1776001680000,3.48e-06,3.44e-06,-147.00731362848072,stop,3253813936.0,8
PEPE,1776004980000,1776005100000,3.45e-06,3.43e-06,-81.8083360481396,risk_halt,3252169988.0,8
PEPE,1776044580000,1776046440000,3.5000000000000004e-06,3.4600000000000003e-06,-146.6639185568709,stop,3244059247.0,8
PEPE,1776049620000,1776049740000,3.48e-06,3.46e-06,-81.68180786640093,risk_halt,3241341582.0,8
PEPE,1776994380000,1776995280000,3.8400000000000005e-06,3.85e-06,20.203666332670284,target,3282480314.0,9
PEPE,1776997620000,1776998520000,3.85e-06,3.86e-06,20.168299883789633,target,3282066702.0,9
PEPE,1777004940000,1777006140000,3.81e-06,3.82e-06,20.33034730470561,target,3287040793.0,9
PEPE,1777006680000,1777007100000,3.82e-06,3.78e-06,-150.16609897653075,stop,3286629437.0,9
PEPE,1777013100000,1777014480000,3.8400000000000005e-06,3.85e-06,20.185591368865943,target,3279543683.0,9
PEPE,1777020240000,1777021740000,3.830000000000001e-06,3.7900000000000006e-06,-149.97103073964033,stop,3281282808.0,9
PEPE,1777030560000,1777032420000,3.86e-06,3.87e-06,20.080687979626354,target,3273135775.0,9
PEPE,1777034520000,1777036020000,3.86e-06,3.87e-06,20.084729177745842,target,3273794487.0,9
PEPE,1777037040000,1777038780000,3.86e-06,3.820000000000001e-06,-149.80623993899977,stop,3274453332.0,9
PEPE,1777042800000,1777043220000,3.8400000000000005e-06,3.8000000000000005e-06,-149.58141822036012,stop,3271684563.0,9
PEPE,1777046880000,1777047480000,3.88e-06,3.8400000000000005e-06,-149.35693393487998,stop,3262493096.0,9
PEPE,1777049340000,1777050120000,3.86e-06,3.87e-06,19.998462188130077,target,3259733038.0,9
PEPE,1777052400000,1777052760000,3.86e-06,3.87e-06,20.002486846288843,target,3260389054.0,9
PEPE,1777065300000,1777067160000,3.91e-06,3.88e-06,-116.66829524828933,time,3255707974.0,9
PEPE,1777068300000,1777068300000,3.89e-06,3.87e-06,-84.00245982637435,risk_halt,3254017425.0,9
PEPE,1777091760000,1777093620000,3.88e-06,3.86e-06,-83.91011056859821,time,3252329867.0,9
PEPE,1777096440000,1777097040000,3.88e-06,3.89e-06,19.871176465561458,target,3249579144.0,9
PEPE,1777103640000,1777105320000,3.86e-06,3.87e-06,19.95323998042503,target,3252361855.0,9
PEPE,1777106940000,1777108140000,3.87e-06,3.88e-06,19.91819480962582,target,3251950173.0,9
PEPE,1777111200000,1777113060000,3.88e-06,3.86e-06,-83.88967041539979,time,3251537613.0,9
PEPE,1777123020000,1777124400000,3.8400000000000005e-06,3.85e-06,20.022529280455615,target,3253051061.0,9
PEPE,1777132020000,1777132500000,3.8400000000000005e-06,3.8000000000000005e-06,-148.75954329312026,stop,3253708296.0,9
PEPE,1777134420000,1777135080000,3.830000000000001e-06,3.7900000000000006e-06,-148.53629242435468,stop,3249891531.0,9
PEPE,1777147560000,1777149420000,3.81e-06,3.81e-06,-18.557437269734795,time,3247145629.0,9
PEPE,1777168620000,1777169580000,3.82e-06,3.83e-06,20.04077754640117,target,3245470048.0,9
PEPE,1777171380000,1777173120000,3.830000000000001e-06,3.8400000000000005e-06,20.005813166894438,target,3245062963.0,9
PEPE,1777174140000,1777174500000,3.85e-06,3.810000000000001e-06,-148.3456264271072,stop,3243590826.0,9
PEPE,1777179180000,1777180380000,3.85e-06,3.86e-06,19.901952878015763,target,3238723007.0,9
PEPE,1777183920000,1777185540000,3.88e-06,3.89e-06,19.789313389005237,target,3236191887.0,9
PEPE,1777190940000,1777192800000,3.89e-06,3.88e-06,-51.2062248300019,time,3235780400.0,9
PEPE,1777197660000,1777199160000,3.89e-06,3.9e-06,19.744194651392334,target,3234102318.0,9
PEPE,1777205700000,1777207560000,3.920000000000001e-06,3.89e-06,-115.85192366970242,time,3231573882.0,9
PEPE,1777211700000,1777213200000,3.89e-06,3.9e-06,19.724966642535083,target,3230952767.0,9
PEPE,1777227420000,1777229280000,3.91e-06,3.9e-06,-51.2034618755088,time,3229483562.0,9
PEPE,1777230480000,1777230660000,3.91e-06,3.92e-06,19.641203586949494,target,3227806670.0,9
PEPE,1777237680000,1777239240000,3.920000000000001e-06,3.880000000000001e-06,-147.94371716903808,stop,3227393481.0,9
PEPE,1777241100000,1777241760000,3.9e-06,3.91e-06,19.654304833249817,target,3224660350.0,9
PEPE,1777242840000,1777244700000,3.89e-06,3.88e-06,-51.05715758692372,time,3226360669.0,9
PEPE,1777246140000,1777247100000,3.89e-06,3.9e-06,19.686717016560785,target,3224687472.0,9
PEPE,1777249560000,1777250460000,3.89e-06,3.9e-06,19.69065568783492,target,3225332627.0,9
PEPE,1777251060000,1777251300000,3.91e-06,3.92e-06,19.617224470045368,target,3223865977.0,9
PEPE,1777255440000,1777257180000,3.97e-06,3.98e-06,19.38958229632654,target,3218187933.0,9
PEPE,1777271040000,1777271520000,3.85e-06,3.810000000000001e-06,-147.79219784836243,stop,3231490059.0,9
PEPE,1777275120000,1777275900000,3.82e-06,3.83e-06,19.94412808277642,target,3229818313.0,9
PEPE,1777279920000,1777280220000,3.830000000000001e-06,3.8400000000000005e-06,19.909332316350607,target,3229413190.0,9
PEPE,1777287840000,1777289220000,3.8400000000000005e-06,3.85e-06,19.874539266761936,target,3229007192.0,9
PEPE,1777297440000,1777297920000,3.85e-06,3.810000000000001e-06,-147.66003549799174,stop,3228600317.0,9
PEPE,1777300020000,1777300560000,3.86e-06,3.87e-06,19.771252395645444,target,3222698027.0,9
PEPE,1777301580000,1777302000000,3.89e-06,3.85e-06,-147.46810641820463,stop,3220179199.0,9
PEPE,1777308180000,1777309320000,3.79e-06,3.8e-06,20.01678945762962,target,3225912886.0,9
PEPE,1777317600000,1777318080000,3.82e-06,3.78e-06,-147.2768338459187,stop,3223393168.0,9
PEPE,1777326480000,1777328340000,3.830000000000001e-06,3.82e-06,-50.62735239813318,time,3217499358.0,9
PEPE,1777334280000,1777335660000,3.91e-06,3.87e-06,-146.97982917247373,stop,3207415803.0,9
PEPE,1777338060000,1777339920000,3.9e-06,3.89e-06,-50.745830762879784,time,3203650932.0,9
PEPE,1777342200000,1777343700000,3.88e-06,3.8400000000000005e-06,-146.68309237637772,stop,3204086771.0,9
PEPE,1777345740000,1777345740000,3.87e-06,3.86e-06,-50.54916239041672,risk_halt,3200326837.0,9
PEPE,1778200380000,1778201520000,4.15e-06,4.1100000000000005e-06,-150.07499997010228,stop,3249431633.0,10
PEPE,1778204220000,1778206020000,4.12e-06,4.080000000000001e-06,-149.84977491546067,stop,3247719439.0,10
PEPE,1778209080000,1778210220000,4.1100000000000005e-06,4.12e-06,19.09035154708095,target,3243900008.0,10
PEPE,1778211720000,1778213580000,4.14e-06,4.14e-06,-20.128838408819547,time,3241358842.0,10
PEPE,1778215320000,1778217180000,4.13e-06,4.13e-06,-20.082689317005695,time,3241757759.0,10
PEPE,1778219640000,1778220060000,4.14e-06,4.1000000000000006e-06,-149.59319026706925,stop,3240051771.0,10
PEPE,1778221560000,1778222580000,4.13e-06,4.14e-06,18.98055155301092,target,3236240674.0,10
PEPE,1778223240000,1778225100000,4.13e-06,4.12e-06,-52.38854404328943,time,3236857834.0,10
PEPE,1778234880000,1778236440000,4.1900000000000005e-06,4.2000000000000004e-06,18.743522327011156,target,3228858282.0,10
PEPE,1778237760000,1778239620000,4.2000000000000004e-06,4.19e-06,-52.59095171649322,time,3228419381.0,10
PEPE,1778244360000,1778246220000,4.18e-06,4.15e-06,-117.0119712609584,time,3228807154.0,10
PEPE,1778246880000,1778247600000,4.17e-06,4.14e-06,-116.86385585069941,risk_halt,3226055372.0,10
PEPE,1778285100000,1778285640000,4.31e-06,4.32e-06,18.23568793450537,target,3207684773.0,10
PEPE,1778293560000,1778295420000,4.34e-06,4.33e-06,-52.88526340349934,time,3205167479.0,10
PEPE,1778296080000,1778296380000,4.33e-06,4.34e-06,18.153458073795623,target,3204493923.0,10
PEPE,1778297520000,1778299380000,4.34e-06,4.33e-06,-52.86675594749921,time,3204045815.0,10
PEPE,1778302560000,1778304120000,4.33e-06,4.34e-06,18.14710517851018,target,3203372494.0,10
PEPE,1778308740000,1778310540000,4.32e-06,4.2800000000000005e-06,-148.83990348059808,stop,3204993615.0,10
PEPE,1778316480000,1778316780000,4.31e-06,4.32e-06,18.198922658609092,target,3201217706.0,10
PEPE,1778328540000,1778329080000,4.31e-06,4.270000000000001e-06,-148.64384406067322,stop,3201806011.0,10
PEPE,1778334000000,1778335860000,4.2900000000000004e-06,4.27e-06,-84.50338518225252,time,3199068150.0,10
PEPE,1778336760000,1778338320000,4.27e-06,4.23e-06,-148.293948325709,stop,3198402854.0,10
PEPE,1778341620000,1778343360000,4.24e-06,4.25e-06,18.397039835977022,target,3196705445.0,10
PEPE,1778349300000,1778350620000,4.27e-06,4.28e-06,18.286785439250572,target,3194198330.0,10
PEPE,1778353320000,1778355180000,4.2800000000000005e-06,4.27e-06,-52.40955228795242,time,3193756995.0,10
PEPE,1778357760000,1778359620000,4.27e-06,4.26e-06,-52.350773474009664,time,3193093838.0,10
PEPE,1778362320000,1778364180000,4.27e-06,4.26e-06,-52.32299217929922,time,3191399340.0,10
PEPE,1778365860000,1778366580000,4.25e-06,4.26e-06,18.336724067535762,target,3191770943.0,10
PEPE,1778367240000,1778367240000,4.26e-06,4.24e-06,-84.1554176146187,risk_halt,3191331726.0,10
PEPE,1778371440000,1778372580000,4.24e-06,4.25e-06,18.362317636240522,target,3190672048.0,10
PEPE,1778374740000,1778375820000,4.23e-06,4.19e-06,-147.81948650658063,stop,3192300756.0,10
PEPE,1778377020000,1778378880000,4.21e-06,4.2000000000000004e-06,-52.00604268024119,time,3189576368.0,10
PEPE,1778384820000,1778386680000,4.23e-06,4.23e-06,-20.21405574820519,time,3185824389.0,10
PEPE,1778389260000,1778391120000,4.23e-06,4.23e-06,-20.209898891249598,time,3185169250.0,10
PEPE,1778399640000,1778400600000,4.24e-06,4.25e-06,18.320944607450592,target,3183482990.0,10
PEPE,1778401800000,1778403660000,4.27e-06,4.27e-06,-20.374216899224294,time,3180986245.0,10
PEPE,1778404080000,1778405940000,4.2800000000000005e-06,4.26e-06,-83.93347255920062,time,3179298203.0,10
PEPE,1778407140000,1778407680000,4.27e-06,4.23e-06,-147.3298874645391,stop,3177609996.0,10
PEPE,1778409840000,1778411700000,4.27e-06,4.26e-06,-52.01873144121083,time,3172841198.0,10
PEPE,1778421720000,1778423580000,4.27e-06,4.26e-06,-51.99112634356368,time,3171157447.0,10
PEPE,1778430720000,1778432280000,4.35e-06,4.36e-06,17.845497071344617,target,3161292661.0,10
PEPE,1778432820000,1778433420000,4.35e-06,4.36e-06,17.848749353419933,target,3161868796.0,10
PEPE,1778434320000,1778434380000,4.5500000000000005e-06,4.56e-06,17.10909633658624,target,3142166453.0,10
PEPE,1778435040000,1778435040000,4.47e-06,4.430000000000001e-06,-147.03193397861898,entry_bar_stop,3150796828.0,10
PEPE,1778437080000,1778437260000,4.49e-06,4.5e-06,17.30797886712037,target,3144047024.0,10
PEPE,1778439420000,1778439660000,4.540000000000001e-06,4.500000000000001e-06,-146.8372507586385,stop,3139560632.0,10
PEPE,1778458020000,1778458080000,4.41e-06,4.3700000000000005e-06,-146.61688476509892,stop,3147973908.0,10
PEPE,1778462880000,1778462880000,4.3700000000000005e-06,4.36e-06,-52.07214606978158,risk_halt,3147304084.0,10
PEPE,1779410340000,1779412200000,3.7800000000000002e-06,3.76e-06,-84.3616863877518,time,3288954635.0,11
PEPE,1779418080000,1779419940000,3.81e-06,3.79e-06,-84.35520499369429,time,3282942401.0,11
PEPE,1779420420000,1779422280000,3.79e-06,3.7800000000000002e-06,-51.450469611749696,time,3282326610.0,11
PEPE,1779423480000,1779425340000,3.8e-06,3.7800000000000002e-06,-84.2190300515991,time,3279557245.0,11
PEPE,1779436740000,1779438060000,3.8e-06,3.81e-06,20.299708716106437,target,3276789139.0,11
PEPE,1779442200000,1779444060000,3.8e-06,3.7800000000000002e-06,-84.16507904231928,time,3277456349.0,11
PEPE,1779456360000,1779458220000,3.81e-06,3.8e-06,-51.41211704171974,time,3273614584.0,11
PEPE,1779462600000,1779463560000,3.76e-06,3.72e-06,-149.44518939600107,stop,3277306785.0,11
PEPE,1779474540000,1779475080000,3.74e-06,3.7e-06,-149.2209095630394,stop,3274542672.0,11
PEPE,1779480060000,1779480060000,3.67e-06,3.66e-06,-50.779896460965794,risk_halt,3277179507.0,11
PEPE,1779496380000,1779497940000,3.6000000000000003e-06,3.61e-06,20.995331778894858,target,3283085501.0,11
PEPE,1779499080000,1779499860000,3.61e-06,3.62e-06,20.96000496353409,target,3282694591.0,11
PEPE,1779501480000,1779503340000,3.62e-06,3.61e-06,-50.61310874423968,time,3282302772.0,11
PEPE,1779510180000,1779510780000,3.6000000000000003e-06,3.61e-06,20.99349996311927,target,3282799056.0,11
PEPE,1779513660000,1779514860000,3.58e-06,3.59e-06,21.077551835594775,target,3285666693.0,11
PEPE,1779518820000,1779519660000,3.57e-06,3.58e-06,21.121881361600884,target,3287452352.0,11
PEPE,1779520080000,1779521940000,3.57e-06,3.55e-06,-83.30532762644974,time,3288151870.0,11
PEPE,1779538860000,1779540600000,3.4700000000000002e-06,3.48e-06,21.5083852377752,target,3296304251.0,11
PEPE,1779542220000,1779544080000,3.52e-06,3.5100000000000003e-06,-50.26201514985118,time,3291553055.0,11
PEPE,1779545820000,1779546240000,3.53e-06,3.54e-06,21.2620613559,target,3288795260.0,11
PEPE,1779550320000,1779551340000,3.5600000000000002e-06,3.57e-06,21.14690703196505,target,3286232639.0,11
PEPE,1779553440000,1779554040000,3.5600000000000002e-06,3.57e-06,21.151415257829967,target,3286933218.0,11
PEPE,1779555840000,1779557700000,3.57e-06,3.5600000000000002e-06,-50.432043551669885,time,3286545686.0,11
PEPE,1779562740000,1779564060000,3.61e-06,3.62e-06,20.946195740936496,target,3280531831.0,11
PEPE,1779569220000,1779569400000,3.71e-06,3.72e-06,20.55454777905124,target,3270413330.0,11
PEPE,1779580260000,1779580680000,3.6400000000000003e-06,3.65e-06,20.835839090529607,target,3278652886.0,11
PEPE,1779616860000,1779618480000,3.63e-06,3.64e-06,20.87990320913535,target,3280424699.0,11
PEPE,1779620940000,1779622800000,3.63e-06,3.62e-06,-50.644007447355335,time,3281114833.0,11
PEPE,1779623220000,1779625020000,3.63e-06,3.59e-06,-148.903015018004,stop,3279440921.0,11
PEPE,1779629820000,1779630900000,3.61e-06,3.57e-06,-148.67954879662645,stop,3276684271.0,11
PEPE,1779645900000,1779647760000,3.5900000000000004e-06,3.58e-06,-50.336694813752565,time,3273931370.0,11
PEPE,1779648180000,1779650040000,3.58e-06,3.58e-06,-17.577879984359495,time,3273348228.0,11
PEPE,1779658440000,1779659220000,3.54e-06,3.5e-06,-148.35449518271946,stop,3277103936.0,11
PEPE,1779662340000,1779662820000,3.5500000000000003e-06,3.5600000000000002e-06,21.082252119309697,target,3271101958.0,11
PEPE,1779663300000,1779663660000,3.5500000000000003e-06,3.5600000000000002e-06,21.086755034570217,target,3271800626.0,11
PEPE,1779666480000,1779668340000,3.58e-06,3.58e-06,-17.555876624160735,time,3269250768.0,11
PEPE,1779692880000,1779694020000,3.61e-06,3.57e-06,-148.16879032724992,stop,3265427886.0,11
PEPE,1779699720000,1779701580000,3.6000000000000003e-06,3.6000000000000003e-06,-17.612669764799765,time,3261605512.0,11
PEPE,1779709980000,1779711840000,3.61e-06,3.6000000000000003e-06,-50.21944913563435,time,3259944767.0,11
PEPE,1779741360000,1779741780000,3.62e-06,3.58e-06,-147.84462695553063,stop,3257207027.0,11
PEPE,1779748080000,1779748260000,3.5900000000000004e-06,3.5500000000000003e-06,-147.62274915006083,stop,3255546348.0,11
PEPE,1779755640000,1779756300000,3.58e-06,3.54e-06,-147.4012043031609,stop,3251736252.0,11
PEPE,1779764700000,1779766560000,3.53e-06,3.53e-06,-17.22059567747916,time,3252237144.0,11
PEPE,1779768120000,1779769560000,3.54e-06,3.55e-06,20.982549729295755,target,3250588649.0,11
PEPE,1779776940000,1779777540000,3.5600000000000002e-06,3.57e-06,20.908158467625174,target,3249131075.0,11
PEPE,1779793620000,1779795480000,3.63e-06,3.61e-06,-82.43569257007327,time,3242308459.0,11
PEPE,1779802080000,1779803340000,3.6000000000000003e-06,3.61e-06,20.737690805480913,target,3242797624.0,11
PEPE,1779806340000,1779806820000,3.61e-06,3.57e-06,-147.12442231162507,stop,3242411511.0,11
PEPE,1779811500000,1779811980000,3.57e-06,3.53e-06,-146.90362532733005,stop,3241832182.0,11
PEPE,1779814200000,1779816060000,3.5500000000000003e-06,3.5100000000000003e-06,-146.68315974900014,stop,3239111400.0,11
PEPE,1779820260000,1779821040000,3.53e-06,3.5e-06,-114.13144573006649,risk_halt,3236394321.0,11
PEPE,1780617780000,1780617840000,2.9400000000000002e-06,2.95e-06,23.86249999875543,target,3382352941.0,12
PEPE,1780618440000,1780619040000,2.9400000000000002e-06,2.95e-06,23.86819418802525,target,3383160055.0,12
PEPE,1780620120000,1780620480000,2.95e-06,2.96e-06,23.831993269435575,target,3382823743.0,12
PEPE,1780623540000,1780625400000,2.9400000000000002e-06,2.91e-06,-116.36851097034003,time,3384773443.0,12
PEPE,1780631580000,1780632300000,2.88e-06,2.84e-06,-150.00775761959957,stop,3387709070.0,12
PEPE,1780632840000,1780633560000,2.9e-06,2.91e-06,23.983475164769448,target,3380334766.0,12
PEPE,1780635840000,1780637400000,2.9e-06,2.91e-06,23.98923846874583,target,3381147071.0,12
PEPE,1780646640000,1780647060000,2.79e-06,2.75e-06,-149.85462856599045,stop,3394600262.0,12
PEPE,1780651920000,1780653180000,2.79e-06,2.8e-06,24.421389397074037,target,3389505815.0,12
PEPE,1780653720000,1780654080000,2.81e-06,2.77e-06,-149.6663846334005,stop,3388033608.0,12
PEPE,1780656120000,1780656300000,2.79e-06,2.8e-06,24.39071181117849,target,3385247996.0,12
PEPE,1780659120000,1780659960000,2.79e-06,2.75e-06,-149.47837715524636,stop,3386077181.0,12
PEPE,1780661520000,1780661940000,2.77e-06,2.78e-06,24.444304496500646,target,3383294740.0,12
PEPE,1780662480000,1780662720000,2.78e-06,2.74e-06,-149.2907322480306,stop,3382976031.0,12
PEPE,1780667100000,1780667220000,2.78e-06,2.7600000000000003e-06,-81.57626157449904,risk_halt,3377899030.0,12
PEPE,1780705080000,1780706820000,2.73e-06,2.74e-06,24.56202562097006,target,3380870698.0,12
PEPE,1780710180000,1780711440000,2.7200000000000002e-06,2.68e-06,-148.98112009284114,stop,3382859221.0,12
PEPE,1780714560000,1780715100000,2.69e-06,2.65e-06,-148.75753668531146,stop,3381237338.0,12
PEPE,1780723680000,1780724040000,2.61e-06,2.57e-06,-148.53428881200156,stop,3385396896.0,12
PEPE,1780724640000,1780724880000,2.61e-06,2.62e-06,24.963635587483278,target,3380316261.0,12
PEPE,1780730580000,1780731420000,2.6700000000000003e-06,2.68e-06,24.716371068250574,target,3374248610.0,12
PEPE,1780733040000,1780733340000,2.6700000000000003e-06,2.68e-06,24.72255114144913,target,3375092306.0,12
PEPE,1780734840000,1780736700000,2.7100000000000003e-06,2.7e-06,-47.38411733229191,time,3371335278.0,12
PEPE,1780747560000,1780749420000,2.6700000000000003e-06,2.6700000000000003e-06,-13.514146597754339,time,3374318751.0,12
PEPE,1780753680000,1780754880000,2.7e-06,2.71e-06,24.587124113140312,target,3370407692.0,12
PEPE,1780758180000,1780758360000,2.69e-06,2.65e-06,-148.3685416503162,stop,3372395537.0,12
PEPE,1780760820000,1780762680000,2.68e-06,2.6700000000000003e-06,-47.19244530290915,time,3368482891.0,12
PEPE,1780764960000,1780766820000,2.6700000000000003e-06,2.64e-06,-114.4285213911769,time,3368021233.0,12
PEPE,1780767540000,1780767540000,2.66e-06,2.64e-06,-80.66536285905049,risk_halt,3365263365.0,12
PEPE,1780790760000,1780792620000,2.68e-06,2.68e-06,-13.508065272839536,time,3360215242.0,12
PEPE,1780795620000,1780795680000,2.74e-06,2.75e-06,24.325238649706428,target,3352892991.0,12
PEPE,1780796340000,1780798200000,2.7500000000000004e-06,2.74e-06,-47.3216702005213,time,3352580248.0,12
PEPE,1780798620000,1780800480000,2.73e-06,2.73e-06,-13.731563721329747,time,3353251214.0,12
PEPE,1780801260000,1780802460000,2.73e-06,2.74e-06,24.35797171339625,target,3352783443.0,12
PEPE,1780810200000,1780812060000,2.7500000000000004e-06,2.74e-06,-47.30403792601694,time,3351331061.0,12
PEPE,1780824240000,1780825680000,2.79e-06,2.75e-06,-147.6724382698487,stop,3345167930.0,12
PEPE,1780828620000,1780830480000,2.7600000000000003e-06,2.75e-06,-47.24444603979041,time,3343555983.0,12
PEPE,1780834200000,1780834260000,2.7600000000000003e-06,2.7200000000000002e-06,-147.3799167666012,stop,3341948226.0,12
PEPE,1780840500000,1780841880000,2.74e-06,2.75e-06,24.225927668074394,target,3339204365.0,12
PEPE,1780843260000,1780845120000,2.77e-06,2.75e-06,-80.52937957252519,time,3336622315.0,12
PEPE,1780845480000,1780845960000,2.7500000000000004e-06,2.7600000000000003e-06,24.17041763198892,target,3336151502.0,12
PEPE,1780847340000,1780848060000,2.7600000000000003e-06,2.77e-06,24.13479726314935,target,3335839290.0,12
PEPE,1780849680000,1780851540000,2.77e-06,2.7600000000000003e-06,-47.1810164015992,time,3335526080.0,12
PEPE,1780854540000,1780856400000,2.78e-06,2.7600000000000003e-06,-80.4868256356471,time,3332787811.0,12
PEPE,1780858800000,1780858920000,2.7600000000000003e-06,2.7200000000000002e-06,-146.95513546770158,stop,3332315997.0,12
PEPE,1780867260000,1780867260000,2.73e-06,2.7200000000000002e-06,-46.91310263351984,risk_halt,3330713712.0,12
PEPE,1780878780000,1780879140000,2.82e-06,2.83e-06,23.81343170237531,target,3318945185.0,12
PEPE,1780888620000,1780890480000,2.81e-06,2.8000000000000003e-06,-47.173117034054954,time,3320881171.0,12
PEPE,1780908060000,1780909920000,2.78e-06,2.77e-06,-47.04891208727859,time,3322663283.0,12
PEPE,1780910880000,1780911360000,2.79e-06,2.7600000000000003e-06,-113.39237329892794,risk_halt,3319934806.0,12
PEPE,1781831400000,1781833260000,2.86e-06,2.84e-06,-82.31232201621204,time,3391525423.0,13
PEPE,1781838780000,1781838960000,2.8500000000000002e-06,2.81e-06,-149.95146977185573,stop,3389882893.0,13
PEPE,1781851080000,1781852400000,2.8000000000000003e-06,2.81e-06,24.394965231201045,target,3390544160.0,13
PEPE,1781868480000,1781870340000,2.79e-06,2.79e-06,-14.197719468599157,time,3392525560.0,13
PEPE,1781870940000,1781872800000,2.79e-06,2.78e-06,-48.08220803662481,time,3392042895.0,13
PEPE,1781874960000,1781875860000,2.8000000000000003e-06,2.81e-06,24.385701690285625,target,3389256663.0,13
PEPE,1781876220000,1781876580000,2.81e-06,2.82e-06,24.34949267965615,target,3388934263.0,13
PEPE,1781877720000,1781879580000,2.83e-06,2.82e-06,-48.22050736346908,time,3387461002.0,13
PEPE,1781880840000,1781882700000,2.83e-06,2.81e-06,-82.02158460735014,time,3385823926.0,13
PEPE,1781889900000,1781891340000,2.82e-06,2.83e-06,24.281546467674847,target,3384187661.0,13
PEPE,1781893080000,1781894940000,2.82e-06,2.8000000000000003e-06,-81.95114763774015,time,3385012294.0,13
PEPE,1781910840000,1781911620000,2.81e-06,2.82e-06,24.309567998519128,target,3383377592.0,13
PEPE,1781912700000,1781913420000,2.82e-06,2.83e-06,24.27341755142598,target,3383054711.0,13
PEPE,1781918640000,1781920500000,2.83e-06,2.81e-06,-81.94665418717301,time,3382730823.0,13
PEPE,1781943000000,1781944860000,2.8400000000000003e-06,2.82e-06,-81.90216603096103,time,3378802229.0,13
PEPE,1781946120000,1781947980000,2.8400000000000003e-06,2.83e-06,-48.10832222100067,time,3376022612.0,13
PEPE,1781949120000,1781950980000,2.8500000000000002e-06,2.84e-06,-48.11934919724966,time,3373245650.0,13
PEPE,1781961660000,1781963520000,2.82e-06,2.81e-06,-47.99316167082049,time,3375046531.0,13
PEPE,1781964060000,1781965920000,2.81e-06,2.8000000000000003e-06,-47.93565454526852,time,3374562094.0,13
PEPE,1781967660000,1781968740000,2.83e-06,2.84e-06,24.150667992964703,target,3370644521.0,13
PEPE,1781972460000,1781974320000,2.83e-06,2.83e-06,-14.311866509595838,time,3371464431.0,13
PEPE,1781978340000,1781980200000,2.82e-06,2.82e-06,-14.264079452460916,time,3372122802.0,13
PEPE,1782030960000,1782032460000,2.82e-06,2.83e-06,24.191505347800938,target,3371638376.0,13
PEPE,1782074880000,1782076200000,2.83e-06,2.79e-06,-149.02900521390077,stop,3371315580.0,13
PEPE,1782079860000,1782081720000,2.81e-06,2.8000000000000003e-06,-47.85014139700419,time,3368542161.0,13
PEPE,1782103320000,1782104100000,2.82e-06,2.83e-06,24.149426139650146,target,3365773678.0,13
PEPE,1782115560000,1782117420000,2.8400000000000003e-06,2.83e-06,-47.94141520575142,time,3364309839.0,13
PEPE,1782123600000,1782125460000,2.8400000000000003e-06,2.83e-06,-47.918229771752515,time,3362682791.0,13
PEPE,1782133260000,1782135060000,2.8900000000000003e-06,2.9e-06,23.839872666155358,target,3355365611.0,13
PEPE,1782141480000,1782143340000,2.87e-06,2.84e-06,-115.11080262937446,time,3358447925.0,13
PEPE,1782145500000,1782147360000,2.8500000000000002e-06,2.84e-06,-47.8850412228779,time,3356820275.0,13
PEPE,1782149280000,1782151140000,2.8400000000000003e-06,2.84e-06,-14.297982060422159,time,3356333817.0,13
PEPE,1782152880000,1782154560000,2.8400000000000003e-06,2.8000000000000003e-06,-148.3956237211794,stop,3355848569.0,13
PEPE,1782156240000,1782158100000,2.82e-06,2.81e-06,-47.68089857622022,time,3353087101.0,13
PEPE,1782159900000,1782161760000,2.82e-06,2.82e-06,-14.176708772849635,time,3351467795.0,13
PEPE,1782166680000,1782167340000,2.82e-06,2.78e-06,-148.08008618783987,stop,3350986336.0,13
PEPE,1782172080000,1782173940000,2.81e-06,2.8000000000000003e-06,-47.54546303965439,time,3347093491.0,13
PEPE,1782179160000,1782181020000,2.81e-06,2.8000000000000003e-06,-47.52251835658402,time,3345478237.0,13
PEPE,1782192300000,1782194160000,2.79e-06,2.78e-06,-47.43148036567474,time,3346136181.0,13
PEPE,1782194880000,1782194940000,2.78e-06,2.74e-06,-147.6439989241203,stop,3345660524.0,13
PEPE,1782200760000,1782202560000,2.74e-06,2.7e-06,-147.42242220342018,stop,3345187706.0,13
PEPE,1782217980000,1782219840000,2.73e-06,2.7e-06,-113.82154416265536,time,3341304687.0,13
PEPE,1782229680000,1782230340000,2.7e-06,2.71e-06,24.371426457720013,target,3340839816.0,13
PEPE,1782249480000,1782251340000,2.69e-06,2.68e-06,-46.88291336354896,time,3342810222.0,13
PEPE,1782253440000,1782255300000,2.7e-06,2.69e-06,-46.894613266798956,time,3340072170.0,13
PEPE,1782258060000,1782258420000,2.69e-06,2.7e-06,24.395860539195372,target,3339611299.0,13
PEPE,1782269700000,1782271560000,2.69e-06,2.6700000000000003e-06,-80.22075031629049,time,3340443486.0,13
PEPE,1782273900000,1782275040000,2.68e-06,2.64e-06,-146.84241990036023,stop,3338845382.0,13
PEPE,1782288060000,1782289920000,2.66e-06,2.65e-06,-46.638821504699806,time,3336110265.0,13
PEPE,1782296460000,1782298320000,2.64e-06,2.62e-06,-79.88288130144062,time,3336795376.0,13
PEPE,1782298620000,1782298920000,2.6300000000000002e-06,2.61e-06,-79.79477589270171,risk_halt,3335204844.0,13
PEPE,1783045620000,1783047480000,2.46e-06,2.4500000000000003e-06,-47.0338144207202,time,3438144329.0,14
PEPE,1783048020000,1783048440000,2.47e-06,2.43e-06,-150.00441396115528,stop,3435346707.0,14
PEPE,1783050180000,1783052040000,2.46e-06,2.4500000000000003e-06,-46.94113983527916,time,3431369871.0,14
PEPE,1783057380000,1783059240000,2.47e-06,2.47e-06,-12.70288060450532,time,3428577761.0,14
PEPE,1783078620000,1783079160000,2.55e-06,2.56e-06,25.452562354434306,target,3418745783.0,14
PEPE,1783080960000,1783082820000,2.56e-06,2.5400000000000002e-06,-81.42740939795776,time,3418447078.0,14
PEPE,1783088040000,1783089660000,2.5400000000000002e-06,2.55e-06,25.481176349896145,target,3417998169.0,14
PEPE,1783091820000,1783093140000,2.5800000000000003e-06,2.5400000000000002e-06,-149.64402072078116,stop,3414191666.0,14
PEPE,1783096680000,1783097940000,2.56e-06,2.57e-06,25.363779788260366,target,3411402796.0,14
PEPE,1783101780000,1783103640000,2.57e-06,2.56e-06,-47.22673025576887,time,3411103666.0,14
PEPE,1783105980000,1783106160000,2.5800000000000003e-06,2.59e-06,25.272687053375755,target,3408319225.0,14
PEPE,1783107960000,1783108980000,2.6e-06,2.61e-06,25.1936757460821,target,3406852704.0,14
PEPE,1783110840000,1783111020000,2.69e-06,2.7e-06,24.816970237875683,target,3397258075.0,14
PEPE,1783114320000,1783114680000,2.7600000000000003e-06,2.77e-06,24.526750580969402,target,3390013902.0,14
PEPE,1783115820000,1783116240000,2.82e-06,2.78e-06,-149.53642159382983,stop,3383942557.0,14
PEPE,1783121100000,1783122060000,2.74e-06,2.75e-06,24.580408324762022,target,3388064552.0,14
PEPE,1783124820000,1783125000000,2.8000000000000003e-06,2.81e-06,24.333453154404978,target,3381994879.0,14
PEPE,1783125420000,1783125840000,2.79e-06,2.75e-06,-149.38541228803606,stop,3383971283.0,14
PEPE,1783134240000,1783135380000,2.79e-06,2.8e-06,24.344922537539624,target,3378892788.0,14
PEPE,1783136580000,1783138080000,2.83e-06,2.84e-06,24.182828518200708,target,3375133080.0,14
PEPE,1783139340000,1783140420000,2.81e-06,2.82e-06,24.27270289875043,target,3378246750.0,14
PEPE,1783142220000,1783142700000,2.81e-06,2.77e-06,-149.27047741634803,stop,3379071362.0,14
PEPE,1783150020000,1783151880000,2.74e-06,2.73e-06,-47.686750224299914,time,3382039023.0,14
PEPE,1783153080000,1783154940000,2.7200000000000002e-06,2.7200000000000002e-06,-13.801488803519689,time,3382717844.0,14
PEPE,1783157160000,1783158540000,2.7200000000000002e-06,2.68e-06,-148.954181265242,stop,3382247531.0,14
PEPE,1783162920000,1783163820000,2.68e-06,2.69e-06,24.737713033879608,target,3381778952.0,14
PEPE,1783176540000,1783177500000,2.7100000000000003e-06,2.7200000000000002e-06,24.61722104631866,target,3379165552.0,14
PEPE,1783177920000,1783179300000,2.74e-06,2.75e-06,24.496894815427922,target,3376553386.0,14
PEPE,1783180380000,1783180680000,2.7500000000000004e-06,2.7600000000000003e-06,24.4608474688197,target,3376238436.0,14
PEPE,1783181400000,1783182000000,2.7600000000000003e-06,2.77e-06,24.42479909215521,target,3375922473.0,14
PEPE,1783185900000,1783187100000,2.7600000000000003e-06,2.77e-06,24.43081275904075,target,3376753664.0,14
PEPE,1783194780000,1783196340000,2.74e-06,2.7e-06,-148.9515011009998,stop,3379884300.0,14
PEPE,1783206120000,1783207380000,2.73e-06,2.74e-06,24.526356715857396,target,3375961007.0,14
PEPE,1783217280000,1783219140000,2.7200000000000002e-06,2.7e-06,-81.27339618246104,time,3377946641.0,14
PEPE,1783224060000,1783224960000,2.7e-06,2.71e-06,24.63870072608112,target,3377477824.0,14
PEPE,1783242120000,1783243980000,2.6700000000000003e-06,2.65e-06,-81.11189393014536,time,3381775857.0,14
PEPE,1783255260000,1783256880000,2.6700000000000003e-06,2.68e-06,24.751226963551343,target,3379007094.0,14
PEPE,1783264320000,1783265100000,2.7100000000000003e-06,2.6700000000000003e-06,-148.59519229469993,stop,3375245708.0,14
PEPE,1783278420000,1783280280000,2.7100000000000003e-06,2.7e-06,-47.36788422894018,time,3370180308.0,14
PEPE,1783305720000,1783307580000,2.74e-06,2.74e-06,-13.830667662719907,time,3365125952.0,14
PEPE,1783313940000,1783314540000,2.7100000000000003e-06,2.6700000000000003e-06,-148.2803443373993,stop,3368094136.0,14
PEPE,1783320600000,1783321560000,2.68e-06,2.69e-06,24.625804894074022,target,3366480505.0,14
PEPE,1783335300000,1783337160000,2.7e-06,2.69e-06,-47.244957233759244,time,3365025444.0,14
PEPE,1783348020000,1783349880000,2.6700000000000003e-06,2.65e-06,-80.7540645453756,time,3366856975.0,14
PEPE,1783359360000,1783361220000,2.74e-06,2.7200000000000002e-06,-80.8480927329903,time,3356085211.0,14
PEPE,1783372440000,1783373220000,2.78e-06,2.74e-06,-147.78134247248957,stop,3348772773.0,14
PEPE,1783375500000,1783376880000,2.77e-06,2.73e-06,-147.5595596010621,stop,3344884044.0,14
PEPE,1783382580000,1783383900000,2.73e-06,2.74e-06,24.297159602260628,target,3344412884.0,14
PEPE,1783385580000,1783386360000,2.73e-06,2.69e-06,-147.37457357568056,stop,3345240576.0,14
PEPE,1783386840000,1783388700000,2.7200000000000002e-06,2.7e-06,-80.39307066498124,time,3341357883.0,14
PEPE,1783398360000,1783400220000,2.6700000000000003e-06,2.6700000000000003e-06,-13.393976320439283,time,3344313688.0,14
PEPE,1783400520000,1783402380000,2.6700000000000003e-06,2.66e-06,-46.797271479586925,time,3343856483.0,14
PEPE,1783407660000,1783409520000,2.7100000000000003e-06,2.69e-06,-80.25509304067643,time,3337704015.0,14
PEPE,1783423980000,1783425060000,2.69e-06,2.7e-06,24.37855524256471,target,3337242333.0,14
PEPE,1783433580000,1783434840000,2.6700000000000003e-06,2.68e-06,24.46807620982693,target,3340351701.0,14
PEPE,1783440720000,1783441380000,2.7100000000000003e-06,2.7200000000000002e-06,24.307373918324345,target,3336633345.0,14
PEPE,1783459080000,1783460340000,2.68e-06,2.64e-06,-146.93176227972137,stop,3340876814.0,14
PEPE,1783463160000,1783463820000,2.6700000000000003e-06,2.68e-06,24.4435332406245,target,3337001125.0,14
PEPE,1783465980000,1783467840000,2.68e-06,2.66e-06,-80.08073020800047,time,3336697092.0,14
PEPE,1783481700000,1783483260000,2.6200000000000003e-06,2.5800000000000003e-06,-146.6277569433586,stop,3340801024.0,14
PEPE,1783490460000,1783490760000,2.61e-06,2.59e-06,-79.73588875351409,risk_halt,3336927757.0,14
PEPE,1784271120000,1784272980000,2.73e-06,2.71e-06,-82.01238506414995,time,3406537282.0,15
PEPE,1784276400000,1784276940000,2.7100000000000003e-06,2.7200000000000002e-06,24.813168343060585,target,3406062916.0,15
PEPE,1784280420000,1784282280000,2.74e-06,2.73e-06,-47.988362407800004,time,3403429958.0,15
PEPE,1784286420000,1784288280000,2.73e-06,2.7200000000000002e-06,-47.93060748437927,time,3402954028.0,15
PEPE,1784289060000,1784290920000,2.73e-06,2.7200000000000002e-06,-47.90760986259046,time,3401321254.0,15
PEPE,1784297820000,1784298600000,2.73e-06,2.69e-06,-149.77331052552086,stop,3399689264.0,15
PEPE,1784302380000,1784302860000,2.7e-06,2.71e-06,24.78883404375946,target,3398058128.0,15
PEPE,1784305320000,1784306640000,2.7200000000000002e-06,2.73e-06,24.71017844932502,target,3396588103.0,15
PEPE,1784313180000,1784315040000,2.7500000000000004e-06,2.74e-06,-47.90577653769084,time,3393962206.0,15
PEPE,1784334720000,1784336580000,2.7500000000000004e-06,2.75e-06,-13.993366979626568,time,3392331389.0,15
PEPE,1784345400000,1784346120000,2.74e-06,2.75e-06,24.616283929753624,target,3393009501.0,15
PEPE,1784354040000,1784355900000,2.73e-06,2.7200000000000002e-06,-47.81862187487996,time,3395003328.0,15
PEPE,1784359620000,1784361480000,2.7200000000000002e-06,2.71e-06,-47.76103921049911,time,3394530150.0,15
PEPE,1784377380000,1784378880000,2.7200000000000002e-06,2.73e-06,24.683366400449028,target,3392902598.0,15
PEPE,1784388420000,1784390280000,2.74e-06,2.73e-06,-47.819212237199885,time,3391433492.0,15
PEPE,1784393820000,1784395260000,2.74e-06,2.75e-06,24.593035761084238,target,3389805067.0,15
PEPE,1784398020000,1784398140000,2.7500000000000004e-06,2.7600000000000003e-06,24.556846942845528,target,3389488881.0,15
PEPE,1784399520000,1784401380000,2.7600000000000003e-06,2.7600000000000003e-06,-14.031170746919393,time,3389171678.0,15
PEPE,1784402040000,1784403900000,2.7600000000000003e-06,2.75e-06,-47.88224889057146,time,3388694189.0,15
PEPE,1784409000000,1784409360000,2.7600000000000003e-06,2.77e-06,24.50541329260853,target,3387064726.0,15
PEPE,1784423580000,1784425440000,2.7500000000000004e-06,2.73e-06,-81.69308397289493,time,3389051399.0,15
PEPE,1784428980000,1784430840000,2.7600000000000003e-06,2.74e-06,-81.64906051139997,time,3385118595.0,15
PEPE,1784446800000,1784446980000,2.82e-06,2.83e-06,24.2188634434246,target,3375451351.0,15
PEPE,1784449080000,1784450940000,2.8400000000000003e-06,2.81e-06,-115.4914484616913,time,3373983303.0,15
PEPE,1784452920000,1784453700000,2.82e-06,2.83e-06,24.19662283762704,target,3372351615.0,15
PEPE,1784454780000,1784455560000,2.8400000000000003e-06,2.8500000000000002e-06,24.11868156682536,target,3370884915.0,15
PEPE,1784461620000,1784463480000,2.8400000000000003e-06,2.83e-06,-48.04677433350104,time,3371703462.0,15
PEPE,1784464080000,1784465940000,2.8500000000000002e-06,2.84e-06,-48.05778720604709,time,3368930053.0,15
PEPE,1784468340000,1784470200000,2.8500000000000002e-06,2.84e-06,-48.034528908119896,time,3367299608.0,15
PEPE,1784473440000,1784475300000,2.86e-06,2.8500000000000002e-06,-48.045474791159215,time,3364529047.0,15
PEPE,1784484180000,1784484540000,2.83e-06,2.79e-06,-148.80830609316138,stop,3366322952.0,15
PEPE,1784494320000,1784496180000,2.8400000000000003e-06,2.82e-06,-81.44956952544004,time,3360130756.0,15
PEPE,1784505720000,1784506020000,2.83e-06,2.84e-06,24.06369368442199,target,3358505748.0,15
PEPE,1784506980000,1784507460000,2.86e-06,2.87e-06,23.94439247794056,target,3355906444.0,15
PEPE,1784508600000,1784509800000,2.87e-06,2.88e-06,23.908514902875485,target,3355581039.0,15
PEPE,1784510400000,1784510640000,2.87e-06,2.88e-06,23.914290349500437,target,3356391628.0,15
PEPE,1784512380000,1784513040000,2.86e-06,2.87e-06,23.96175908934589,target,3358340447.0,15
PEPE,1784513760000,1784515560000,2.87e-06,2.88e-06,23.92585549275119,target,3358014806.0,15
PEPE,1784515980000,1784516100000,2.8900000000000003e-06,2.9e-06,23.848295750231,target,3356551126.0,15
PEPE,1784517120000,1784517420000,2.9e-06,2.91e-06,23.81239919800506,target,3356222579.0,15
PEPE,1784517840000,1784519700000,2.8900000000000003e-06,2.87e-06,-81.65380405302025,time,3358165908.0,15
PEPE,1784528760000,1784530620000,2.83e-06,2.82e-06,-47.86135687573364,time,3362230901.0,15
PEPE,1784536740000,1784538540000,2.82e-06,2.83e-06,24.120532952774724,target,3361746753.0,15
PEPE,1784551260000,1784553120000,2.91e-06,2.9e-06,-48.12261964735535,time,3352324601.0,15
PEPE,1784554260000,1784554440000,2.8900000000000003e-06,2.9e-06,23.822813632205484,target,3352964621.0,15
PEPE,1784566560000,1784568420000,2.91e-06,2.88e-06,-115.07381639743552,time,3351501861.0,15
PEPE,1784570940000,1784572800000,2.9e-06,2.8900000000000003e-06,-48.020916571680665,time,3348738952.0,15
PEPE,1784580240000,1784580960000,2.8900000000000003e-06,2.9e-06,23.789287666586045,target,3348245977.0,15
PEPE,1784582640000,1784584500000,2.9400000000000002e-06,2.92e-06,-81.5453057583008,time,3343390970.0,15
PEPE,1784600820000,1784601420000,2.92e-06,2.93e-06,23.650968392423252,target,3342893059.0,15
PEPE,1784602380000,1784602560000,2.92e-06,2.93e-06,23.656631929924774,target,3343693559.0,15
PEPE,1784607360000,1784609220000,2.92e-06,2.91e-06,-48.06038238687192,time,3344494251.0,15
PEPE,1784610960000,1784612820000,2.91e-06,2.92e-06,23.69223176722937,target,3343998838.0,15
PEPE,1784619960000,1784621820000,2.92e-06,2.9e-06,-81.45178845972055,time,3343669477.0,15
PEPE,1784622720000,1784623500000,2.91e-06,2.92e-06,23.678376227870015,target,3342043222.0,15
PEPE,1784626080000,1784627220000,2.9300000000000003e-06,2.9400000000000002e-06,23.601225613815984,target,3340583951.0,15
PEPE,1784631960000,1784633820000,2.96e-06,2.9400000000000002e-06,-81.51386139203963,time,3337995962.0,15
PEPE,1784634420000,1784635320000,2.9400000000000002e-06,2.9e-06,-148.0846887791109,stop,3337495803.0,15
PEPE,1784636940000,1784638800000,2.9300000000000003e-06,2.92e-06,-47.954037936631735,time,3333614038.0,15
PEPE,1784642880000,1784644740000,2.9300000000000003e-06,2.9e-06,-114.50388841297757,time,3331991515.0,15
PEPE,1784646180000,1784646180000,2.91e-06,2.87e-06,-147.61864196122505,entry_bar_stop,3330369813.0,15
PEPE,1784647860000,1784648400000,2.9e-06,2.91e-06,23.601499606410123,target,3326497478.0,15
PEPE,1784654760000,1784656080000,2.8900000000000003e-06,2.8500000000000002e-06,-147.43252322911547,stop,3328423597.0,15
PEPE,1784671260000,1784671260000,2.88e-06,2.86e-06,-80.78666919839918,risk_halt,3324554288.0,15
PEPE,1784691360000,1784693220000,2.87e-06,2.87e-06,-14.305264883804826,time,3322941901.0,15
PEPE,1784694300000,1784696160000,2.87e-06,2.87e-06,-14.303176950194352,time,3322456899.0,15
PEPE,1784707680000,1784709540000,2.8400000000000003e-06,2.83e-06,-47.38627363800033,time,3325352536.0,15
PEPE,1784718300000,1784720160000,2.8500000000000002e-06,2.84e-06,-47.39713511404605,time,3322617253.0,15
PEPE,1784721840000,1784723700000,2.8400000000000003e-06,2.82e-06,-80.52857062848088,time,3322135752.0,15
PEPE,1784729400000,1784730300000,2.87e-06,2.83e-06,-146.78398968947985,stop,3316028232.0,15
PEPE,1784740560000,1784741220000,2.92e-06,2.88e-06,-146.5637036362793,stop,3305451142.0,15
PEPE,1784742540000,1784742540000,2.9e-06,2.88e-06,-80.35530109908322,risk_halt,3302725076.0,15
PEPE,1785471300000,1785473160000,2.74e-06,2.73e-06,-48.01582709279946,time,3405377808.0,16
PEPE,1785484800000,1785486660000,2.74e-06,2.7200000000000002e-06,-81.99616132982939,time,3403742687.0,16
PEPE,1785492180000,1785492900000,2.7200000000000002e-06,2.73e-06,24.758768385299703,target,3403267132.0,16
PEPE,1785505620000,1785506760000,2.7600000000000003e-06,2.7200000000000002e-06,-149.91704118720068,stop,3399479392.0,16
PEPE,1785507660000,1785509040000,2.7600000000000003e-06,2.7200000000000002e-06,-149.6920532184012,stop,3394377624.0,16
PEPE,1785512580000,1785514440000,2.73e-06,2.74e-06,24.648296035706732,target,3392745497.0,16
PEPE,1785520320000,1785521160000,2.81e-06,2.77e-06,-149.50439380402565,stop,3384366583.0,16
PEPE,1785522720000,1785523260000,2.78e-06,2.74e-06,-149.28002507438944,stop,3382733403.0,16
PEPE,1785533820000,1785535020000,2.7500000000000004e-06,2.73e-06,-81.50152462333565,risk_halt,3381104527.0,16
PEPE,1785544500000,1785544980000,2.77e-06,2.78e-06,24.39183578064929,target,3376032634.0,16
PEPE,1785551760000,1785553620000,2.78e-06,2.77e-06,-47.800118863440595,time,3375714609.0,16
PEPE,1785573960000,1785575820000,2.78e-06,2.7600000000000003e-06,-81.48425050919872,time,3374089048.0,16
PEPE,1785578520000,1785580380000,2.7600000000000003e-06,2.74e-06,-81.37150667856156,time,3373611388.0,16
PEPE,1785589140000,1785591000000,2.7600000000000003e-06,2.7600000000000003e-06,-13.955286977099131,time,3370842265.0,16
PEPE,1785608940000,1785609120000,2.7500000000000004e-06,2.7100000000000003e-06,-148.63320050922042,stop,3371514132.0,16
PEPE,1785611760000,1785613620000,2.77e-06,2.7600000000000003e-06,-47.58611400986952,time,3364165006.0,16
PEPE,1785613920000,1785615780000,2.77e-06,2.7600000000000003e-06,-47.563215602939664,time,3362546172.0,16
PEPE,1785638400000,1785639240000,2.8500000000000002e-06,2.86e-06,23.948687058524005,target,3351810645.0,16
PEPE,1785641940000,1785643800000,2.88e-06,2.8500000000000002e-06,-114.84461694860856,time,3349216009.0,16
PEPE,1785644220000,1785646080000,2.88e-06,2.88e-06,-14.45179822415911,time,3345323663.0,16
PEPE,1785649800000,1785650160000,2.92e-06,2.93e-06,23.63267695627318,target,3340307697.0,16
PEPE,1785655260000,1785656640000,2.92e-06,2.93e-06,23.63833611434911,target,3341107578.0,16
PEPE,1785657720000,1785658200000,2.95e-06,2.91e-06,-148.1801852556299,stop,3338519438.0,16
PEPE,1785663000000,1785664860000,2.91e-06,2.9e-06,-47.91729890524466,time,3338021519.0,16
PEPE,1785667860000,1785669720000,2.9e-06,2.88e-06,-81.20207066769002,time,3337528593.0,16
PEPE,1785670920000,1785672780000,2.9e-06,2.8900000000000003e-06,-47.82072129522021,time,3334778333.0,16
PEPE,1785682500000,1785684000000,2.9300000000000003e-06,2.8900000000000003e-06,-147.6922610083939,stop,3329777049.0,16
PEPE,1785684480000,1785686340000,2.91e-06,2.88e-06,-114.23358054360006,time,3327030160.0,16
PEPE,1785688020000,1785688680000,2.9e-06,2.91e-06,23.58581928037465,target,3324287425.0,16
PEPE,1785689280000,1785690720000,2.91e-06,2.92e-06,23.550263826699965,target,3323961020.0,16
PEPE,1785708480000,1785710100000,2.9300000000000003e-06,2.8900000000000003e-06,-147.36991525961975,stop,3322509644.0,16
PEPE,1785717960000,1785719820000,2.8900000000000003e-06,2.87e-06,-80.77484709950869,time,3322017154.0,16
PEPE,1785728820000,1785730680000,2.86e-06,2.86e-06,-14.254194145620136,time,3322655978.0,16
PEPE,1785733200000,1785735060000,2.86e-06,2.8500000000000002e-06,-47.440623914039435,time,3322172543.0,16
PEPE,1785737580000,1785739440000,2.8500000000000002e-06,2.82e-06,-113.7512596328573,time,3321689579.0,16
PEPE,1785751380000,1785753240000,2.8500000000000002e-06,2.83e-06,-80.47397555158601,time,3317830367.0,16
PEPE,1785755040000,1785756900000,2.8500000000000002e-06,2.8500000000000002e-06,-14.172053128425894,time,3315100147.0,16
PEPE,1785761220000,1785763080000,2.86e-06,2.86e-06,-14.214896703150515,time,3313495735.0,16
PEPE,1785765420000,1785766080000,2.9e-06,2.91e-06,23.47400256993123,target,3308527494.0,16
PEPE,1785770820000,1785771180000,2.91e-06,2.92e-06,23.438615683144093,target,3308202637.0,16
PEPE,1785771780000,1785773040000,2.91e-06,2.92e-06,23.444238204530294,target,3308996218.0,16
PEPE,1785775200000,1785777060000,2.92e-06,2.9e-06,-80.59920862979926,time,3308670305.0,16
PEPE,1785785880000,1785787740000,2.9400000000000002e-06,2.93e-06,-47.57338160640147,time,3303707056.0,16
PEPE,1785798180000,1785800040000,2.91e-06,2.9e-06,-47.449739630698986,time,3305450340.0,16
PEPE,1785819480000,1785819480000,2.96e-06,2.9400000000000002e-06,-80.54358184949872,risk_halt,3298262975.0,16
PEPE,1786685040000,1786686900000,2.68e-06,2.6700000000000003e-06,-47.80697475920919,time,3412346521.0,17
PEPE,1786690440000,1786692300000,2.66e-06,2.66e-06,-13.61804282285935,time,3413043314.0,17
PEPE,1786699980000,1786701840000,2.66e-06,2.65e-06,-47.70784466195887,time,3412578302.0,17
PEPE,1786703820000,1786705680000,2.64e-06,2.6300000000000002e-06,-47.615243682150485,time,3413279117.0,17
PEPE,1786706700000,1786708560000,2.64e-06,2.6300000000000002e-06,-47.5925468089483,time,3411652101.0,17
PEPE,1786719240000,1786721100000,2.6300000000000002e-06,2.62e-06,-47.5349449685407,time,3411190884.0,17
PEPE,1786725960000,1786726980000,2.6700000000000003e-06,2.68e-06,24.940987329450884,target,3404912946.0,17
PEPE,1786727580000,1786729440000,2.6700000000000003e-06,2.66e-06,-47.66367150445453,time,3405764309.0,17
PEPE,1786731780000,1786733640000,2.6700000000000003e-06,2.65e-06,-81.64823326042496,time,3404137305.0,17
PEPE,1786755960000,1786757820000,2.66e-06,2.65e-06,-47.567105233921204,time,3402511104.0,17
PEPE,1786773060000,1786774920000,2.66e-06,2.65e-06,-47.54439805115917,time,3400886842.0,17
PEPE,1786780200000,1786782060000,2.64e-06,2.64e-06,-13.470277613759471,time,3401585256.0,17
PEPE,1786791360000,1786793220000,2.64e-06,2.6300000000000002e-06,-47.44569340124877,time,3401124975.0,17
PEPE,1786817100000,1786818960000,2.65e-06,2.6300000000000002e-06,-81.40730934377939,time,3398343116.0,17
PEPE,1786841520000,1786843380000,2.6200000000000003e-06,2.61e-06,-47.31468982128293,time,3399043809.0,17
PEPE,1786844340000,1786846200000,2.61e-06,2.61e-06,-13.30546994505026,time,3398587470.0,17
PEPE,1786861380000,1786863240000,2.6e-06,2.6e-06,-13.25724857729989,time,3399294507.0,17
PEPE,1786868940000,1786870800000,2.61e-06,2.6e-06,-47.24472495154389,time,3397678889.0,17
PEPE,1786906620000,1786908480000,2.59e-06,2.59e-06,-13.202731785600005,time,3398386560.0,17
PEPE,1786924680000,1786926540000,2.57e-06,2.55e-06,-81.04522584501169,time,3400261206.0,17
PEPE,1786987020000,1786987200000,2.5800000000000003e-06,2.59e-06,25.183731493215483,target,3396322521.0,17
PEPE,1786993680000,1786995540000,2.59e-06,2.57e-06,-81.04607918194742,time,3396022593.0,17
PEPE,1786997100000,1786998960000,2.5800000000000003e-06,2.5800000000000003e-06,-13.136365852469181,time,3394409781.0,17
PEPE,1787031300000,1787033160000,2.56e-06,2.55e-06,-46.97061626694044,time,3396284618.0,17
PEPE,1787038320000,1787040180000,2.55e-06,2.55e-06,-12.989081076749496,time,3395838190.0,17
PEPE,1787040780000,1787041680000,2.5400000000000002e-06,2.55e-06,25.321329348630737,target,3396556586.0,17
PEPE,1787054100000,1787055960000,2.5800000000000003e-06,2.56e-06,-80.91765899369848,time,3392773962.0,17
PEPE,1787067960000,1787068140000,2.59e-06,2.6e-06,25.094386509965062,target,3388843553.0,17
PEPE,1787069460000,1787071320000,2.61e-06,2.61e-06,-13.261611304080848,time,3387384752.0,17
PEPE,1787074020000,1787075880000,2.61e-06,2.59e-06,-80.93071951861253,time,3386931137.0,17
PEPE,1787098560000,1787099940000,2.57e-06,2.58e-06,25.161818786775413,target,3388797143.0,17
PEPE,1787119320000,1787120820000,2.59e-06,2.6e-06,25.08325036001981,target,3387339684.0,17
PEPE,1787127720000,1787128740000,2.5800000000000003e-06,2.59e-06,25.13208804251088,target,3389357794.0,17
PEPE,1787144040000,1787145900000,2.6200000000000003e-06,2.59e-06,-114.77128783680061,time,3385583712.0,17
PEPE,1787146620000,1787148480000,2.61e-06,2.6e-06,-47.03804827604914,time,3382815410.0,17
PEPE,1787152740000,1787153100000,2.68e-06,2.69e-06,24.674475283149278,target,3373134010.0,17
PEPE,1787153700000,1787153880000,2.73e-06,2.74e-06,24.4702060103443,target,3368232073.0,17
PEPE,1787154420000,1787156280000,2.7100000000000003e-06,2.7e-06,-47.38448510947536,time,3371361445.0,17
PEPE,1787157060000,1787158920000,2.7200000000000002e-06,2.69e-06,-114.70077691604924,time,3368598441.0,17
PEPE,1787159220000,1787160360000,2.7100000000000003e-06,2.6700000000000003e-06,-148.18093817669984,stop,3365836188.0,17
PEPE,1787173920000,1787174520000,2.82e-06,2.83e-06,24.02359440495018,target,3348236154.0,17
PEPE,1787175420000,1787175660000,2.86e-06,2.82e-06,-147.994609050751,stop,3344510939.0,17
PEPE,1787176740000,1787176860000,2.91e-06,2.92e-06,23.62026409431118,target,3333841086.0,17
PEPE,1787177340000,1787177580000,2.9e-06,2.86e-06,-147.8079542549395,stop,3335769674.0,17
PEPE,1787186280000,1787186400000,2.9e-06,2.91e-06,23.63176715311538,target,3330763517.0,17
PEPE,1787186880000,1787186940000,2.91e-06,2.92e-06,23.596142439545595,target,3330436477.0,17
PEPE,1787187420000,1787188680000,2.91e-06,2.87e-06,-147.65700875040065,stop,3331235392.0,17
PEPE,1787201280000,1787201640000,2.95e-06,2.96e-06,23.401655538360377,target,3321739608.0,17
PEPE,1787210820000,1787211000000,2.9400000000000002e-06,2.95e-06,23.44837968961113,target,3323654102.0,17
PEPE,1787211420000,1787211780000,2.9400000000000002e-06,2.95e-06,23.453975059496074,target,3324447209.0,17
PEPE,1787214900000,1787215080000,3.13e-06,3.14e-06,22.682083178695713,target,3304017943.0,17
PEPE,1787216820000,1787217480000,3.2000000000000003e-06,3.1600000000000002e-06,-147.5749613738396,stop,3297027734.0,17
PEPE,1787224680000,1787224800000,3.12e-06,3.13e-06,22.69388959749941,target,3300929396.0,17
PEPE,1787225340000,1787225460000,3.12e-06,3.13e-06,22.699134844374566,target,3301692341.0,17
PEPE,1787229060000,1787229120000,3.12e-06,3.13e-06,22.704381301250645,target,3302455462.0,17
PEPE,1787230740000,1787232480000,3.13e-06,3.14e-06,22.668979520700724,target,3302109180.0,17
PEPE,1787233080000,1787233080000,3.12e-06,3.08e-06,-147.48970590288158,entry_bar_stop,3303980867.0,17
PEPE,1787234340000,1787235420000,3.14e-06,3.1e-06,-147.26836069407048,stop,3296806821.0,17
PEPE,1787236740000,1787238180000,3.12e-06,3.13e-06,22.646740936875034,target,3294071409.0,17
PEPE,1787239440000,1787239680000,3.1600000000000002e-06,3.17e-06,22.48995354612576,target,3290410175.0,17
PEPE,1787240340000,1787240880000,3.17e-06,3.18e-06,22.454667696825926,target,3290061201.0,17
PEPE,1787242680000,1787243700000,3.19e-06,3.2e-06,22.378980556690536,target,3288608458.0,17
PEPE,1787244900000,1787246520000,3.2000000000000003e-06,3.1600000000000002e-06,-147.18237069768082,stop,3288256718.0,17
PEPE,1787253540000,1787255400000,3.12e-06,3.12e-06,-15.407252644679886,time,3292148001.0,17
PEPE,1787258340000,1787258700000,3.18e-06,3.19e-06,22.387322889003677,target,3285007027.0,17
PEPE,1787260980000,1787262660000,3.22e-06,3.18e-06,-146.97196211400026,stop,3281356600.0,17
PEPE,1787265780000,1787266440000,3.19e-06,3.2e-06,22.31854365044159,target,3279727208.0,17
PEPE,1787266920000,1787267820000,3.21e-06,3.22e-06,22.243114872998575,target,3278277800.0,17
PEPE,1787277780000,1787278020000,3.23e-06,3.24e-06,22.167740107589907,target,3276827806.0,17
PEPE,1787278380000,1787280000000,3.22e-06,3.23e-06,22.212975449325683,target,3278667963.0,17
PEPE,1787282340000,1787282640000,3.22e-06,3.23e-06,22.218017919224806,target,3279412239.0,17
PEPE,1787284740000,1787286240000,3.2400000000000003e-06,3.2500000000000002e-06,22.142627439905233,target,3277961131.0,17
PEPE,1787287140000,1787287620000,3.2500000000000002e-06,3.26e-06,22.107449974349258,target,3277605630.0,17
PEPE,1787288520000,1787288880000,3.31e-06,3.32e-06,21.87183586314913,target,3271777990.0,17
PEPE,1787291280000,1787291880000,3.36e-06,3.37e-06,21.676906289021403,target,3267054452.0,17
PEPE,1787294220000,1787294400000,3.44e-06,3.4e-06,-147.04998197760014,stop,3259086480.0,17
PEPE,1787298540000,1787298780000,3.48e-06,3.44e-06,-146.82929670269885,stop,3249873765.0,17
PEPE,1787300700000,1787300760000,3.48e-06,3.49e-06,21.14115230825394,target,3244996517.0,17
PEPE,1787301120000,1787301420000,3.54e-06,3.5e-06,-146.64067022267864,stop,3239246084.0,17
PEPE,1787305980000,1787306100000,3.52e-06,3.53e-06,20.9565291794243,target,3236529603.0,17
PEPE,1787306760000,1787306820000,3.57e-06,3.58e-06,20.764744999550572,target,3231866926.0,17
PEPE,1787307720000,1787307780000,3.66e-06,3.67e-06,20.41740705861689,target,3222952969.0,17
PEPE,1787308320000,1787308380000,3.71e-06,3.67e-06,-146.51385388237523,stop,3218316395.0,17
PEPE,1787875320000,1787875680000,3.89e-06,3.85e-06,-150.07499998216522,stop,3277104487.0,18
PEPE,1787876700000,1787877240000,3.88e-06,3.89e-06,20.015975831455624,target,3273258517.0,18
PEPE,1787891760000,1787892780000,3.81e-06,3.82e-06,20.29571207164623,target,3281440917.0,18
PEPE,1787893320000,1787895180000,3.82e-06,3.83e-06,20.2603618678513,target,3281030262.0,18
PEPE,1787900760000,1787900940000,3.81e-06,3.77e-06,-149.9406784249491,stop,3282773474.0,18
PEPE,1787903940000,1787904240000,3.79e-06,3.8e-06,20.35240747082003,target,3280001204.0,18
PEPE,1787906760000,1787908020000,3.79e-06,3.8e-06,20.356559614826057,target,3280670365.0,18
PEPE,1787909520000,1787910540000,3.81e-06,3.77e-06,-149.77674893159974,stop,3279184432.0,18
PEPE,1787916960000,1787918820000,3.81e-06,3.79e-06,-84.1321928212182,time,3274263196.0,18
PEPE,1787921400000,1787922180000,3.79e-06,3.8e-06,20.31299224976556,target,3273649033.0,18
PEPE,1787923440000,1787924880000,3.79e-06,3.8e-06,20.31713635209092,target,3274316898.0,18
PEPE,1787925660000,1787925780000,3.8e-06,3.76e-06,-149.48668576188015,stop,3273909018.0,18
PEPE,1787928540000,1787928840000,3.8e-06,3.81e-06,20.25142835530601,target,3268995699.0,18
PEPE,1787929500000,1787929800000,3.81e-06,3.77e-06,-149.29273593517416,stop,3268587541.0,18
PEPE,1787930580000,1787930700000,3.8e-06,3.81e-06,20.225153365514622,target,3264754377.0,18
PEPE,1787936880000,1787937180000,3.6900000000000002e-06,3.7e-06,20.66313733874087,target,3277262068.0,18
PEPE,1787937780000,1787938020000,3.71e-06,3.67e-06,-149.13004798027688,stop,3275783591.0,18
PEPE,1787970960000,1787971260000,3.66e-06,3.67e-06,20.75513833154965,target,3276264930.0,18
PEPE,1787973480000,1787975040000,3.67e-06,3.63e-06,-148.93738931347445,stop,3275869115.0,18
PEPE,1787982660000,1787984040000,3.66e-06,3.62e-06,-148.71387153465093,stop,3272032377.0,18
PEPE,1787987280000,1787989140000,3.63e-06,3.62e-06,-50.47800436192625,time,3270359855.0,18
PEPE,1787992320000,1787993700000,3.62e-06,3.58e-06,-148.41493433108957,stop,3269771631.0,18
PEPE,1788006360000,1788008220000,3.62e-06,3.61e-06,-50.344210913820106,time,3264864521.0,18
PEPE,1788015240000,1788016740000,3.67e-06,3.63e-06,-148.11664654058953,stop,3257816926.0,18
PEPE,1788020400000,1788020400000,3.65e-06,3.63e-06,-82.85794972891476,risk_halt,3255075613.0,18
PEPE,1788058800000,1788060660000,3.6400000000000003e-06,3.6400000000000003e-06,-17.763634133700727,time,3253412845.0,18
PEPE,1788061740000,1788063600000,3.6400000000000003e-06,3.62e-06,-82.75189104863964,time,3252825906.0,18
PEPE,1788065280000,1788066060000,3.63e-06,3.64e-06,20.693667459115026,target,3251165351.0,18
PEPE,1788074220000,1788076080000,3.65e-06,3.62e-06,-115.18569394732572,time,3249702185.0,18
PEPE,1788078240000,1788080100000,3.6400000000000003e-06,3.63e-06,-50.16567848145115,time,3246969481.0,18
PEPE,1788089580000,1788091440000,3.6400000000000003e-06,3.6400000000000003e-06,-17.71940311596042,time,3245311926.0,18
PEPE,1788092160000,1788093360000,3.66e-06,3.62e-06,-147.3754752967506,stop,3242584715.0,18
PEPE,1788105060000,1788105900000,3.6800000000000003e-06,3.6900000000000002e-06,20.43270480101855,target,3235582708.0,18
PEPE,1788106320000,1788106440000,3.6800000000000003e-06,3.6900000000000002e-06,20.43696262030504,target,3236256947.0,18
PEPE,1788106980000,1788107100000,3.7e-06,3.71e-06,20.36305060872458,target,3234797555.0,18
PEPE,1788108300000,1788108420000,3.71e-06,3.72e-06,20.328222855001343,target,3234403000.0,18
PEPE,1788109320000,1788109740000,3.76e-06,3.77e-06,20.137505490741297,target,3229752284.0,18
PEPE,1788110220000,1788110700000,3.76e-06,3.72e-06,-147.30692550480006,stop,3230415033.0,18
PEPE,1788112020000,1788112920000,3.7700000000000003e-06,3.7800000000000002e-06,20.072551686374904,target,3224506295.0,18
PEPE,1788113460000,1788114420000,3.75e-06,3.71e-06,-147.1159785010963,stop,3227289207.0,18
PEPE,1788115260000,1788116820000,3.76e-06,3.72e-06,-146.89519421280036,stop,3221385838.0,18
PEPE,1788127800000,1788127800000,3.66e-06,3.6400000000000003e-06,-82.19594410128028,risk_halt,3227167024.0,18
PEPE,1788138000000,1788138420000,3.44e-06,3.4e-06,-146.55138567360072,stop,3248036030.0,18
PEPE,1788139860000,1788139860000,3.43e-06,3.4200000000000003e-06,-49.10157356539518,risk_halt,3244240077.0,18
PEPE,1789092600000,1789094460000,3.2800000000000004e-06,3.27e-06,-49.85780413992284,time,3343917112.0,19
PEPE,1789095960000,1789097820000,3.2800000000000004e-06,3.27e-06,-49.83294612828104,time,3342249908.0,19
PEPE,1789101360000,1789103220000,3.31e-06,3.3e-06,-49.90838494312376,time,3337237375.0,19
PEPE,1789106820000,1789108680000,3.32e-06,3.31e-06,-49.916818460670484,time,3334456811.0,19
PEPE,1789113000000,1789114860000,3.31e-06,3.31e-06,-16.552826642354585,time,3333902647.0,19
PEPE,1789118640000,1789119600000,3.3e-06,3.26e-06,-149.7507347671188,stop,3334463032.0,19
PEPE,1789128480000,1789129800000,3.2500000000000002e-06,3.26e-06,22.494766261220228,target,3335028356.0,19
PEPE,1789131420000,1789131600000,3.35e-06,3.36e-06,22.09235466265347,target,3324658339.0,19
PEPE,1789132020000,1789132440000,3.36e-06,3.32e-06,-149.59291045500083,stop,3324286899.0,19
PEPE,1789133580000,1789133820000,3.34e-06,3.3e-06,-149.36840889548904,stop,3321512317.0,19
PEPE,1789136580000,1789137120000,3.49e-06,3.45e-06,-149.14424427126133,stop,3300016468.0,19
PEPE,1789188300000,1789190160000,3.3300000000000003e-06,3.3e-06,-115.82699025680849,time,3312655234.0,19
PEPE,1789191000000,1789191300000,3.31e-06,3.32e-06,22.134022158115435,target,3310998079.0,19
PEPE,1789195740000,1789197600000,3.3300000000000003e-06,3.3300000000000003e-06,-16.53108959276974,time,3309527446.0,19
PEPE,1789201740000,1789203600000,3.3800000000000002e-06,3.3800000000000002e-06,-16.74856398578912,time,3303464297.0,19
PEPE,1789204800000,1789206660000,3.3800000000000002e-06,3.3800000000000002e-06,-16.745733947280815,time,3302906104.0,19
PEPE,1789209240000,1789211100000,3.3800000000000002e-06,3.37e-06,-49.73336097036027,time,3302348006.0,19
PEPE,1789217520000,1789219380000,3.39e-06,3.3800000000000002e-06,-49.74133993289761,time,3299591372.0,19
PEPE,1789222500000,1789224360000,3.3800000000000002e-06,3.3800000000000002e-06,-16.726095966449982,time,3299032735.0,19
PEPE,1789227180000,1789229040000,3.4e-06,3.39e-06,-49.74085367124062,time,3296279236.0,19
PEPE,1789231500000,1789233360000,3.4e-06,3.39e-06,-49.71585483783011,time,3294622587.0,19
PEPE,1789233780000,1789235640000,3.39e-06,3.39e-06,-16.750312033050772,time,3294063330.0,19
PEPE,1789244100000,1789245960000,3.4200000000000003e-06,3.41e-06,-49.74810121008038,time,3290218334.0,19
PEPE,1789246560000,1789248420000,3.41e-06,3.4e-06,-49.69026762554988,time,3289656910.0,19
PEPE,1789252500000,1789254360000,3.41e-06,3.4e-06,-49.665277717185454,time,3288002497.0,19
PEPE,1789264500000,1789266360000,3.44e-06,3.43e-06,-49.7385303010492,time,3283071307.0,19
PEPE,1789268100000,1789269660000,3.44e-06,3.45e-06,21.509688035144787,target,3281416939.0,19
PEPE,1789270080000,1789271940000,3.4600000000000003e-06,3.44e-06,-82.5563807652,time,3279951560.0,19
PEPE,1789279800000,1789281660000,3.4700000000000002e-06,3.44e-06,-115.23748723200082,time,3276119040.0,19
PEPE,1789284720000,1789285980000,3.4600000000000003e-06,3.4200000000000003e-06,-147.7929738075002,stop,3273377050.0,19
PEPE,1789287060000,1789287480000,3.44e-06,3.4e-06,-147.57117347520105,stop,3270637710.0,19
PEPE,1789291500000,1789293000000,3.39e-06,3.4e-06,21.60605635733018,target,3271166746.0,19
PEPE,1789297140000,1789297320000,3.39e-06,3.4e-06,21.61081091374196,target,3271886588.0,19
PEPE,1789301220000,1789302660000,3.41e-06,3.42e-06,21.53577154738636,target,3270428481.0,19
PEPE,1789305540000,1789307220000,3.4e-06,3.41e-06,21.5803860922311,target,3272234434.0,19
PEPE,1789310040000,1789311900000,3.43e-06,3.41e-06,-82.15090715587489,time,3269687847.0,19
PEPE,1789322400000,1789323540000,3.41e-06,3.42e-06,21.52721339823035,target,3269128838.0,19
PEPE,1789327920000,1789329780000,3.41e-06,3.4e-06,-49.39101742547961,time,3269845576.0,19
PEPE,1789333920000,1789335780000,3.43e-06,3.4200000000000003e-06,-49.43132466873088,time,3266027398.0,19
PEPE,1789336500000,1789336980000,3.4200000000000003e-06,3.3800000000000002e-06,-147.23998169903936,stop,3265468656.0,19
PEPE,1789348440000,1789348680000,3.3800000000000002e-06,3.34e-06,-147.01901131596009,stop,3264912532.0,19
PEPE,1789352940000,1789353600000,3.45e-06,3.41e-06,-146.798372533951,stop,3252428770.0,19
PEPE,1789356000000,1789357860000,3.44e-06,3.43e-06,-49.216703958600185,time,3248627324.0,19
PEPE,1789360200000,1789362060000,3.44e-06,3.44e-06,-16.754470009919203,time,3246990312.0,19
PEPE,1789362660000,1789364520000,3.44e-06,3.44e-06,-16.751594470920793,time,3246433037.0,19
PEPE,1789365000000,1789365660000,3.44e-06,3.45e-06,21.27671624263631,target,3245875857.0,19
PEPE,1789367460000,1789368180000,3.44e-06,3.45e-06,21.28135515713958,target,3246583548.0,19
PEPE,1789368840000,1789370700000,3.45e-06,3.44e-06,-49.22880802816507,time,3246212201.0,19
PEPE,1789371120000,1789372980000,3.44e-06,3.44e-06,-16.74757453680069,time,3245653980.0,19
PEPE,1789374780000,1789375680000,3.44e-06,3.4200000000000003e-06,-81.58173692075833,risk_halt,3245096934.0,19
