coin,entry_ts,exit_ts,entry,exit,pnl,reason,quantity,episode
PEPE,1769376120000,1769376180000,4.71e-06,4.72e-06,8.695609074495657,target,2970319069.0,2
PEPE,1769376720000,1769376840000,4.71e-06,4.67e-06,-150.12555317938637,stop,2970577357.0,2
PEPE,1769378160000,1769378340000,4.71e-06,4.72e-06,8.68331088119595,target,2966118149.0,2
PEPE,1769378880000,1769379660000,4.7e-06,4.66e-06,-149.91323067546264,stop,2967697331.0,2
PEPE,1769382540000,1769382600000,4.7e-06,4.71e-06,8.719340900297928,target,2963242447.0,2
PEPE,1769383020000,1769383080000,4.69e-06,4.7e-06,8.7684614258162,target,2964822122.0,2
PEPE,1769383740000,1769383980000,4.71e-06,4.72e-06,8.672550749556132,target,2962442613.0,2
PEPE,1769385180000,1769385360000,4.71e-06,4.72e-06,8.673304882338385,target,2962700216.0,2
PEPE,1769385720000,1769385780000,4.7e-06,4.71e-06,8.722386773263185,target,2964277578.0,2
PEPE,1769386380000,1769386500000,4.7300000000000005e-06,4.74e-06,8.578282691251998,target,2960580739.0,2
PEPE,1769386980000,1769387100000,4.75e-06,4.76e-06,8.482648800058675,target,2958203592.0,2
PEPE,1769387520000,1769387760000,4.74e-06,4.700000000000001e-06,-149.7791858488692,stop,2959770494.0,2
PEPE,1769388240000,1769388480000,4.7200000000000005e-06,4.7300000000000005e-06,8.615052217737688,target,2957957843.0,2
PEPE,1769703420000,1769703960000,4.68e-06,4.6400000000000005e-06,-149.56728084633863,stop,2963488822.0,2
PEPE,1769704920000,1769704980000,4.7300000000000005e-06,4.74e-06,8.554750198786989,target,2952459085.0,2
PEPE,1769717040000,1769717100000,4.66e-06,4.67e-06,8.893211684034966,target,2961935615.0,2
PEPE,1769717520000,1769717580000,4.65e-06,4.66e-06,8.942429768372294,target,2963522707.0,2
PEPE,1769718240000,1769718360000,4.67e-06,4.68e-06,8.846421547899245,target,2961145288.0,2
PEPE,1769718720000,1769718840000,4.67e-06,4.68e-06,8.847207965447343,target,2961408524.0,2
PEPE,1769719920000,1769720520000,4.71e-06,4.72e-06,8.65485360220714,target,2956397473.0,2
PEPE,1769720820000,1769721240000,4.7200000000000005e-06,4.7300000000000005e-06,8.607424228787059,target,2955338791.0,2
PEPE,1769721720000,1769722080000,4.71e-06,4.72e-06,8.65635466026544,target,2956910217.0,2
PEPE,1769724120000,1769724180000,4.7200000000000005e-06,4.7300000000000005e-06,8.60891706561118,target,2955851353.0,2
PEPE,1769724720000,1769725020000,4.74e-06,4.700000000000001e-06,-149.46076744850706,stop,2953478262.0,2
PEPE,1769726100000,1769726280000,4.7200000000000005e-06,4.7300000000000005e-06,8.59673731681252,target,2951669465.0,2
PEPE,1769729220000,1769729520000,4.7200000000000005e-06,4.7300000000000005e-06,8.597480694574694,target,2951924702.0,2
PEPE,1769731320000,1769731380000,4.74e-06,4.75e-06,8.550524280215708,target,2966357079.0,3
PEPE,1769731920000,1769732580000,4.74e-06,4.700000000000001e-06,-150.1253353843882,stop,2966610718.0,3
PEPE,1769733720000,1769733900000,4.74e-06,4.75e-06,8.538418889979248,target,2962157464.0,3
PEPE,1769734320000,1769734680000,4.74e-06,4.75e-06,8.539148969579273,target,2962410744.0,3
PEPE,1769736120000,1769736300000,4.75e-06,4.76e-06,8.491663586341922,target,2961347371.0,3
PEPE,1769736900000,1769737200000,4.74e-06,4.700000000000001e-06,-149.93836109309328,stop,2962915939.0,3
PEPE,1769743320000,1769743500000,4.6400000000000005e-06,4.65e-06,9.01162239899751,target,2971680923.0,3
PEPE,1769748720000,1769748780000,4.62e-06,4.63e-06,9.109732057122642,target,2974606386.0,3
PEPE,1769749920000,1769750160000,4.61e-06,4.62e-06,9.15928148333145,target,2976208443.0,3
PEPE,1769750580000,1769750760000,4.61e-06,4.62e-06,9.160122493301184,target,2976481720.0,3
PEPE,1769751180000,1769751300000,4.6300000000000006e-06,4.6400000000000005e-06,9.063554393645315,target,2974094961.0,3
PEPE,1769751720000,1769751840000,4.61e-06,4.62e-06,9.161795797754866,target,2977025442.0,3
PEPE,1769753220000,1769753460000,4.6e-06,4.56e-06,-149.79534554707865,stop,2978630852.0,3
PEPE,1769757420000,1769757540000,4.6e-06,4.61e-06,9.197588423836898,target,2974159555.0,3
PEPE,1769758140000,1769758200000,4.6e-06,4.61e-06,9.19843744497309,target,2974434097.0,3
PEPE,1769758680000,1769758860000,4.58e-06,4.59e-06,9.296846717880841,target,2977372848.0,3
PEPE,1769759220000,1769759400000,4.59e-06,4.6e-06,9.24890752931617,target,2976317789.0,3
PEPE,1769761140000,1769761200000,4.59e-06,4.6e-06,9.249765814601785,target,2976593987.0,3
PEPE,1769761800000,1769762040000,4.59e-06,4.5500000000000005e-06,-149.6398232811731,stop,2976870210.0,3
PEPE,1769766540000,1769766780000,4.53e-06,4.54e-06,9.529847638228457,target,2980405829.0,3
PEPE,1769767380000,1769767440000,4.540000000000001e-06,4.5500000000000005e-06,9.481794159101153,target,2979354017.0,3
PEPE,1769768220000,1769768340000,4.540000000000001e-06,4.5500000000000005e-06,9.48269731122972,target,2979637804.0,3
PEPE,1769769600000,1769769660000,4.53e-06,4.54e-06,9.53257577720019,target,2981259039.0,3
PEPE,1769771820000,1769771880000,4.5500000000000005e-06,4.56e-06,9.435572552646072,target,2978870577.0,3
PEPE,1769817780000,1769818860000,4.6300000000000006e-06,4.590000000000001e-06,-149.48644234537147,stop,2968504043.0,3
PEPE,1769820120000,1769821320000,4.62e-06,4.58e-06,-149.26204451881813,stop,2965372892.0,3
PEPE,1769822820000,1769822880000,4.62e-06,4.63e-06,9.067822081497756,target,2960921496.0,3
PEPE,1769824020000,1769824500000,4.61e-06,4.62e-06,9.117143553182611,target,2962516183.0,3
PEPE,1769824920000,1769824980000,4.6e-06,4.61e-06,9.166521827539402,target,2964113768.0,3
PEPE,1769825580000,1769825820000,4.59e-06,4.6e-06,9.215957059839885,target,2965714259.0,3
PEPE,1769827020000,1769827080000,4.59e-06,4.6e-06,9.216812287345814,target,2965989473.0,3
PEPE,1769827740000,1769827800000,4.59e-06,4.6e-06,9.217667592540124,target,2966264712.0,3
PEPE,1769828280000,1769828520000,4.6e-06,4.61e-06,9.169920373709038,target,2965212732.0,3
PEPE,1769830380000,1769830440000,4.6e-06,4.61e-06,9.170766840440491,target,2965486448.0,3
PEPE,1769830920000,1769832420000,4.6e-06,4.61e-06,9.171613387572917,target,2965760190.0,3
PEPE,1769832780000,1769832900000,4.59e-06,4.6e-06,9.221076075666648,target,2967361569.0,3
PEPE,1769834400000,1769834460000,4.58e-06,4.59e-06,9.270595900972125,target,2968965861.0,3
PEPE,1769836620000,1769836680000,4.56e-06,4.57e-06,9.368928942554845,target,2971904502.0,3
PEPE,1769837400000,1769837460000,4.56e-06,4.57e-06,9.369812140649897,target,2972184660.0,3
PEPE,1769837880000,1769837940000,4.56e-06,4.57e-06,9.370695420709907,target,2972464844.0,3
PEPE,1769839020000,1769839140000,4.56e-06,4.57e-06,9.371578785888707,target,2972745055.0,3
PEPE,1769844780000,1769844840000,4.47e-06,4.430000000000001e-06,-149.2458696833788,stop,2985066647.0,3
PEPE,1769846940000,1769847120000,4.4600000000000005e-06,4.47e-06,9.847815974955934,target,2981927623.0,3
PEPE,1769847900000,1769848020000,4.450000000000001e-06,4.4600000000000005e-06,9.897982540520896,target,2983566704.0,3
PEPE,1769850180000,1769850240000,4.43e-06,4.44e-06,9.997491536888846,target,2986554604.0,3
PEPE,1769851020000,1769851080000,4.43e-06,4.44e-06,9.99849815022619,target,2986855310.0,3
PEPE,1769852220000,1769852880000,4.450000000000001e-06,4.410000000000001e-06,-149.08149036016965,stop,2984465049.0,3
PEPE,1769853660000,1769853780000,4.43e-06,4.44e-06,9.984494355972435,target,2982671951.0,3
PEPE,1769904120000,1769904180000,4.14e-06,4.15e-06,11.432564082688511,target,3022488852.0,3
PEPE,1769905440000,1769905560000,4.18e-06,4.19e-06,11.231988388984906,target,3017323946.0,3
PEPE,1769906160000,1769906700000,4.17e-06,4.13e-06,-148.9067107344317,stop,3019042237.0,3
PEPE,1769907720000,1769907960000,4.16e-06,4.12e-06,-148.68318310309596,stop,3015886067.0,3
PEPE,1769909520000,1769909700000,4.16e-06,4.17e-06,11.300124065862429,target,3011358845.0,3
PEPE,1769910180000,1769910240000,4.14e-06,4.15e-06,11.402173960907207,target,3014454451.0,3
PEPE,1769911440000,1769911500000,4.17e-06,4.18e-06,11.252401781724853,target,3010676062.0,3
PEPE,1769911920000,1769912520000,4.18e-06,4.14e-06,-148.5109613424771,stop,3009645584.0,3
PEPE,1769912820000,1769912940000,4.15e-06,4.16e-06,11.337327274843117,target,3009244134.0,3
PEPE,1769913720000,1769913780000,4.17e-06,4.18e-06,11.23807819046323,target,3006843663.0,3
PEPE,1769915160000,1769915220000,4.16e-06,4.17e-06,11.28961442034886,target,3008558140.0,3
PEPE,1769916900000,1769917080000,4.16e-06,4.17e-06,11.29090436098705,target,3008901895.0,3
PEPE,1769917620000,1769917680000,4.16e-06,4.17e-06,11.29219445172183,target,3009245690.0,3
PEPE,1769919420000,1769919480000,4.22e-06,4.23e-06,10.992520404837656,target,3001370759.0,3
PEPE,1769920020000,1769920140000,4.2000000000000004e-06,4.21e-06,11.093892683892383,target,3004439454.0,3
PEPE,1769922060000,1769922480000,4.22e-06,4.180000000000001e-06,-148.4059179437425,stop,3002041427.0,3
PEPE,1769923020000,1769923080000,4.2000000000000004e-06,4.21e-06,11.078482533630266,target,3000266089.0,3
PEPE,1769924220000,1769924640000,4.23e-06,4.1900000000000005e-06,-148.1997723024966,stop,2996507553.0,3
PEPE,1769925240000,1769925540000,4.1900000000000005e-06,4.2000000000000004e-06,11.113097924590445,target,2997464039.0,3
PEPE,1769926980000,1769927040000,4.23e-06,4.24e-06,10.914584675789662,target,2992346724.0,3
PEPE,1769927520000,1769927880000,4.22e-06,4.180000000000001e-06,-148.01037224462857,stop,2994040098.0,3
PEPE,1769929620000,1769929620000,4.2000000000000004e-06,4.19e-06,-58.15475755758662,risk_halt,2992269491.0,3
PEPE,1769992020000,1769992080000,4.21e-06,4.22e-06,10.992563269373495,target,2989140250.0,3
PEPE,1769992620000,1769992740000,4.22e-06,4.23e-06,10.943965913499857,target,2988113560.0,3
PEPE,1769993400000,1769993460000,4.21e-06,4.22e-06,10.995014028923544,target,2989806670.0,3
PEPE,1769994420000,1769994480000,4.22e-06,4.180000000000001e-06,-147.75032699068385,stop,2988779751.0,3
PEPE,1769995320000,1769995380000,4.2000000000000004e-06,4.21e-06,11.029542751586614,target,2987012255.0,3
PEPE,1769997120000,1769997180000,4.21e-06,4.22e-06,10.98096788754848,target,2985987189.0,3
PEPE,1770005520000,1770005580000,4.1000000000000006e-06,4.060000000000001e-06,-147.56157580144935,stop,3001354130.0,3
PEPE,1770006720000,1770006840000,4.1900000000000005e-06,4.2000000000000004e-06,11.065241303264713,target,2984555982.0,3
PEPE,1770007380000,1770007440000,4.17e-06,4.18e-06,11.166213858151156,target,2987615748.0,3
PEPE,1770008160000,1770008400000,4.13e-06,4.14e-06,11.367503924612523,target,2993417755.0,3
PEPE,1770013440000,1770013500000,4.07e-06,4.08e-06,11.670259850410712,target,3001996103.0,3
PEPE,1770014040000,1770014100000,4.04e-06,4.000000000000001e-06,-147.40802216130828,stop,3006486277.0,3
PEPE,1770015060000,1770015120000,4.08e-06,4.09e-06,11.603840948978867,target,2996472808.0,3
PEPE,1770017340000,1770017460000,4.09e-06,4.1e-06,11.554968900756855,target,2995455321.0,3
PEPE,1770018660000,1770019500000,4.09e-06,4.1e-06,11.556330455529789,target,2995808284.0,3
PEPE,1770020520000,1770020580000,4.1000000000000006e-06,4.1100000000000005e-06,11.507481020729113,target,2994790116.0,3
PEPE,1770021240000,1770021300000,4.1000000000000006e-06,4.1100000000000005e-06,11.508831086948026,target,2995141467.0,3
PEPE,1770021720000,1770021780000,4.1100000000000005e-06,4.12e-06,11.460004331876883,target,2994122621.0,3
PEPE,1770022320000,1770022620000,4.13e-06,4.14e-06,11.361114892889145,target,2991735324.0,3
PEPE,1770022920000,1770023040000,4.1100000000000005e-06,4.12e-06,11.462670051664432,target,2994819086.0,3
PEPE,1770024780000,1770024840000,4.12e-06,4.13e-06,11.41386038406279,target,2993799445.0,3
PEPE,1770025320000,1770025500000,4.13e-06,4.14e-06,11.365079194279993,target,2992779248.0,3
PEPE,1770026160000,1770026280000,4.15e-06,4.16e-06,11.2663036156536,target,2990392466.0,3
PEPE,1770027000000,1770027060000,4.16e-06,4.17e-06,11.217613653065703,target,2989370727.0,3
PEPE,1770076920000,1770077280000,4.25e-06,4.21e-06,-147.39281587266325,stop,2977482266.0,3
PEPE,1770080940000,1770081060000,4.25e-06,4.26e-06,10.754873416927916,target,2973012693.0,3
PEPE,1770081540000,1770081780000,4.24e-06,4.25e-06,10.805564657925064,target,2974690890.0,3
PEPE,1770082920000,1770082980000,4.24e-06,4.25e-06,10.806755464074945,target,2975018710.0,3
PEPE,1770088620000,1770088680000,4.1900000000000005e-06,4.2000000000000004e-06,11.056235355694199,target,2982126866.0,3
PEPE,1770090600000,1770090660000,4.23e-06,4.24e-06,10.858737843412952,target,2977035735.0,3
PEPE,1770092940000,1770093000000,4.24e-06,4.25e-06,10.810361490413433,target,2976011422.0,3
PEPE,1770094080000,1770094260000,4.2800000000000005e-06,4.2900000000000004e-06,10.613667084467545,target,2970935503.0,3
PEPE,1770095220000,1770095280000,4.24e-06,4.25e-06,10.812722481011756,target,2976661385.0,3
PEPE,1770097500000,1770097560000,4.23e-06,4.24e-06,10.863508868244608,target,2978343761.0,3
PEPE,1770099720000,1770100020000,4.22e-06,4.23e-06,10.914356985287656,target,2980029211.0,3
PEPE,1770100440000,1770100500000,4.22e-06,4.23e-06,10.91557081470027,target,2980360632.0,3
PEPE,1770101100000,1770101400000,4.23e-06,4.24e-06,10.867128300734693,target,2979336066.0,3
PEPE,1770101820000,1770101880000,4.23e-06,4.24e-06,10.868331381191851,target,2979665903.0,3
PEPE,1770103380000,1770103560000,4.22e-06,4.23e-06,10.91920207357505,target,2981352102.0,3
PEPE,1770104520000,1770104640000,4.23e-06,4.24e-06,10.87074344376032,target,2980327195.0,3
PEPE,1770105780000,1770105840000,4.22e-06,4.23e-06,10.921625421637511,target,2982013767.0,3
PEPE,1770107820000,1770107940000,4.23e-06,4.24e-06,10.873156038867686,target,2980988633.0,3
PEPE,1770108600000,1770108900000,4.23e-06,4.1900000000000005e-06,-147.44856728074507,stop,2981318653.0,3
PEPE,1770112680000,1770112740000,4.17e-06,4.18e-06,11.15640461373552,target,2984991201.0,3
PEPE,1770113880000,1770113940000,4.18e-06,4.19e-06,11.107826515864389,target,2983969514.0,3
PEPE,1770114600000,1770114720000,4.18e-06,4.19e-06,11.109084393283952,target,2984307426.0,3
PEPE,1770117780000,1770117840000,4.18e-06,4.19e-06,11.110342408437528,target,2984645375.0,3
PEPE,1770118320000,1770118380000,4.18e-06,4.19e-06,11.111600568766661,target,2984983363.0,3
PEPE,1770164520000,1770164580000,4.13e-06,4.14e-06,11.362663327312774,target,2992143075.0,3
PEPE,1770165120000,1770165180000,4.14e-06,4.15e-06,11.313921011331251,target,2991122541.0,3
PEPE,1770165720000,1770165780000,4.16e-06,4.17e-06,11.215234849503306,target,2988736802.0,3
PEPE,1770166320000,1770166620000,4.17e-06,4.13e-06,-147.36155981974477,stop,2987714731.0,3
PEPE,1770169500000,1770169800000,4.23e-06,4.1900000000000005e-06,-147.14035170168657,stop,2975086725.0,3
PEPE,1770170520000,1770171060000,4.2000000000000004e-06,4.21e-06,10.984008174579316,target,2974680616.0,3
PEPE,1770172020000,1770172920000,4.2000000000000004e-06,4.160000000000001e-06,-146.9359640312292,stop,2975014457.0,3
PEPE,1770175140000,1770176040000,4.24e-06,4.25e-06,10.770890690925572,target,2965145407.0,3
PEPE,1770177120000,1770177180000,4.26e-06,4.27e-06,10.673406491328972,target,2962777652.0,3
PEPE,1770178320000,1770178380000,4.26e-06,4.27e-06,10.674571957719301,target,2963101168.0,3
PEPE,1770178920000,1770178980000,4.26e-06,4.27e-06,10.675737550195713,target,2963424719.0,3
PEPE,1770180300000,1770182160000,4.27e-06,4.25e-06,-87.6204581099449,time,2962402438.0,3
PEPE,1770183720000,1770183840000,4.25e-06,4.26e-06,10.716620814328447,target,2962438373.0,3
PEPE,1770184320000,1770184440000,4.25e-06,4.21e-06,-146.6641925353631,stop,2962763346.0,3
PEPE,1770185820000,1770185820000,4.26e-06,4.25e-06,-57.86793926105684,risk_halt,2956971858.0,3
PEPE,1770941100000,1770941160000,3.71e-06,3.72e-06,13.763874575796665,target,3108723789.0,4
PEPE,1770945240000,1770945300000,3.6900000000000002e-06,3.7e-06,13.871971112459976,target,3112051848.0,4
PEPE,1770945840000,1770946320000,3.6900000000000002e-06,3.7e-06,13.873895161133582,target,3112483491.0,4
PEPE,1770947400000,1770947460000,3.7e-06,3.71e-06,13.822678939947094,target,3111464027.0,4
PEPE,1770948480000,1770948600000,3.6900000000000002e-06,3.7e-06,13.877736697035392,target,3113345305.0,4
PEPE,1770949020000,1770949080000,3.6900000000000002e-06,3.7e-06,13.879661543602497,target,3113777127.0,4
PEPE,1770949620000,1770949680000,3.6900000000000002e-06,3.7e-06,13.881586662073225,target,3114209010.0,4
PEPE,1770951600000,1770952080000,3.7200000000000004e-06,3.6800000000000003e-06,-150.25806617944883,stop,3110289095.0,4
PEPE,1770952920000,1770952980000,3.6800000000000003e-06,3.6900000000000002e-06,13.915810891090533,target,3111416633.0,4
PEPE,1770954360000,1770954420000,3.6900000000000002e-06,3.7e-06,13.864601291461657,target,3110398495.0,4
PEPE,1770955440000,1770955620000,3.6900000000000002e-06,3.7e-06,13.866524319367286,target,3110829909.0,4
PEPE,1770956220000,1770956280000,3.6800000000000003e-06,3.6900000000000002e-06,13.921609487342545,target,3112713133.0,4
PEPE,1770957120000,1770957360000,3.6800000000000003e-06,3.6900000000000002e-06,13.923547828588848,target,3113146524.0,4
PEPE,1770957900000,1770957960000,3.67e-06,3.68e-06,13.97871275945019,target,3115033484.0,4
PEPE,1770958620000,1770958680000,3.6800000000000003e-06,3.6900000000000002e-06,13.927432722595123,target,3114015142.0,4
PEPE,1770960120000,1770960180000,3.66e-06,3.67e-06,14.035903958256032,target,3117357903.0,4
PEPE,1770961980000,1770963840000,3.6800000000000003e-06,3.6400000000000003e-06,-150.19978662163922,stop,3114885662.0,4
PEPE,1770966480000,1770966540000,3.6800000000000003e-06,3.6900000000000002e-06,13.910413460202085,target,3110209829.0,4
PEPE,1770967620000,1770967680000,3.6900000000000002e-06,3.7e-06,13.859223723346187,target,3109192086.0,4
PEPE,1770968220000,1770970080000,3.7e-06,3.6900000000000002e-06,-56.91066046530873,time,3108173701.0,4
PEPE,1770970620000,1770970680000,3.6800000000000003e-06,3.6900000000000002e-06,13.906356088706797,target,3109302647.0,4
PEPE,1770971280000,1770971340000,3.6900000000000002e-06,3.7e-06,13.855181283458199,target,3108285201.0,4
PEPE,1770973020000,1770973080000,3.71e-06,3.72e-06,13.75101474265591,target,3105819253.0,4
PEPE,1770973620000,1770973680000,3.7e-06,3.71e-06,13.80593411790256,target,3107694793.0,4
PEPE,1771027920000,1771028400000,3.7700000000000003e-06,3.7800000000000002e-06,13.437638474974552,target,3098014634.0,4
PEPE,1771029240000,1771029300000,3.7700000000000003e-06,3.7800000000000002e-06,13.439445364698933,target,3098431208.0,4
PEPE,1771030920000,1771030980000,3.7800000000000002e-06,3.79e-06,13.388548660531624,target,3097408597.0,4
PEPE,1771031580000,1771031640000,3.79e-06,3.8e-06,13.337679929585072,target,3096385358.0,4
PEPE,1771032120000,1771033980000,3.81e-06,3.8e-06,-57.41552936963845,time,3093925872.0,4
PEPE,1771034640000,1771034700000,3.8e-06,3.81e-06,13.279209568964351,target,3093584058.0,4
PEPE,1771035360000,1771035420000,3.8e-06,3.81e-06,13.28097417278941,target,3093995148.0,4
PEPE,1771037520000,1771037580000,3.81e-06,3.82e-06,13.23018394013365,target,3092971114.0,4
PEPE,1771039380000,1771039500000,3.830000000000001e-06,3.8400000000000005e-06,13.12695714462962,target,3090513748.0,4
PEPE,1771039920000,1771039980000,3.8400000000000005e-06,3.85e-06,13.076257913442715,target,3089487989.0,4
PEPE,1771041720000,1771041840000,3.8400000000000005e-06,3.85e-06,13.077968084694678,target,3089892046.0,4
PEPE,1771044780000,1771045380000,3.82e-06,3.78e-06,-150.1265872870901,stop,3093161374.0,4
PEPE,1771046220000,1771046280000,3.81e-06,3.82e-06,13.217263691500266,target,3089950600.0,4
PEPE,1771049220000,1771050060000,3.7800000000000002e-06,3.79e-06,13.376691545944945,target,3094665482.0,4
PEPE,1771050660000,1771050720000,3.7800000000000002e-06,3.79e-06,13.378483187614775,target,3095079974.0,4
PEPE,1771051020000,1771051080000,3.7800000000000002e-06,3.79e-06,13.380275071346198,target,3095494522.0,4
PEPE,1771051740000,1771051800000,3.7800000000000002e-06,3.79e-06,13.382067197133752,target,3095909126.0,4
PEPE,1771052280000,1771052340000,3.7700000000000003e-06,3.7800000000000002e-06,13.436544939175436,target,3097762522.0,4
PEPE,1771052820000,1771052880000,3.79e-06,3.8e-06,13.333015673819757,target,3095302536.0,4
PEPE,1771053480000,1771053540000,3.7800000000000002e-06,3.79e-06,13.387445013897796,target,3097153271.0,4
PEPE,1771054740000,1771054920000,3.7800000000000002e-06,3.79e-06,13.389238094959909,target,3097568096.0,4
PEPE,1771057020000,1771057080000,3.8e-06,3.81e-06,13.285750952637752,target,3095107968.0,4
PEPE,1771057620000,1771057740000,3.81e-06,3.82e-06,13.234942449286017,target,3094083565.0,4
PEPE,1771060020000,1771060680000,3.830000000000001e-06,3.8400000000000005e-06,13.131678525460435,target,3091625315.0,4
PEPE,1771154040000,1771154100000,4.69e-06,4.7e-06,8.794235183595136,target,2973536833.0,4
PEPE,1771155420000,1771155480000,4.69e-06,4.7e-06,8.79500841901644,target,2973798282.0,4
PEPE,1771156980000,1771157340000,4.7e-06,4.66e-06,-150.16771216207815,stop,2972735072.0,4
PEPE,1771159080000,1771159320000,4.67e-06,4.68e-06,8.879579687911889,target,2972244247.0,4
PEPE,1771159620000,1771159800000,4.67e-06,4.6300000000000006e-06,-149.9556210403251,stop,2972508470.0,4
PEPE,1771164420000,1771164540000,4.6e-06,4.61e-06,9.207429501035595,target,2977341795.0,4
PEPE,1771165020000,1771165140000,4.6e-06,4.61e-06,9.20827943136577,target,2977616631.0,4
PEPE,1771165680000,1771165740000,4.6e-06,4.61e-06,9.209129442100558,target,2977891493.0,4
PEPE,1771166220000,1771166280000,4.6300000000000006e-06,4.6400000000000005e-06,9.063796477904868,target,2974174398.0,4
PEPE,1771166820000,1771166880000,4.66e-06,4.67e-06,8.918814938316663,target,2970462927.0,4
PEPE,1771167480000,1771167660000,4.65e-06,4.66e-06,8.968174719289076,target,2972054588.0,4
PEPE,1771168680000,1771169580000,4.66e-06,4.67e-06,8.920413727531926,target,2970995413.0,4
PEPE,1771170780000,1771171080000,4.66e-06,4.67e-06,8.921211059420934,target,2971260969.0,4
PEPE,1771172940000,1771173000000,4.6400000000000005e-06,4.65e-06,9.019203127405893,target,2974180751.0,4
PEPE,1771184220000,1771184340000,4.43e-06,4.39e-06,-149.8527651627887,stop,3002610132.0,4
PEPE,1771185180000,1771185300000,4.41e-06,4.42e-06,10.135230955307803,target,3000808573.0,4
PEPE,1771186920000,1771186980000,4.42e-06,4.43e-06,10.086693275723967,target,2999760082.0,4
PEPE,1771188120000,1771188240000,4.41e-06,4.42e-06,10.137287133400312,target,3001417360.0,4
PEPE,1771189980000,1771190040000,4.41e-06,4.42e-06,10.138317895736737,target,3001722545.0,4
PEPE,1771190520000,1771190580000,4.4e-06,4.41e-06,10.1889768682082,target,3003383012.0,4
PEPE,1771193280000,1771193340000,4.38e-06,4.39e-06,10.289418860495097,target,3006404342.0,4
PEPE,1771193820000,1771193880000,4.38e-06,4.39e-06,10.290480472079519,target,3006714528.0,4
PEPE,1771194420000,1771194540000,4.39e-06,4.4e-06,10.241809034911197,target,3005666628.0,4
PEPE,1771195020000,1771195080000,4.4e-06,4.41e-06,10.19316727064005,target,3004618208.0,4
PEPE,1771201020000,1771201200000,4.47e-06,4.430000000000001e-06,-149.7654727019291,stop,2995459227.0,4
PEPE,1771202220000,1771202700000,4.47e-06,4.430000000000001e-06,-149.54065599332674,stop,2990962668.0,4
PEPE,1771204320000,1771204380000,4.48e-06,4.440000000000001e-06,-149.31617678967623,stop,2985129484.0,4
PEPE,1771205640000,1771206120000,4.450000000000001e-06,4.410000000000001e-06,-149.09203453368212,stop,2984676133.0,4
PEPE,1771208340000,1771208940000,4.4600000000000005e-06,4.420000000000001e-06,-148.8682287499479,stop,2978854002.0,4
PEPE,1771209900000,1771209900000,4.450000000000001e-06,4.43e-06,-89.21958831298853,risk_halt,2975722115.0,4
PEPE,1771288740000,1771288800000,4.4600000000000005e-06,4.47e-06,9.814047291584885,target,2971702435.0,4
PEPE,1771291080000,1771291200000,4.44e-06,4.45e-06,9.91310701018916,target,2974675772.0,4
PEPE,1771291740000,1771291800000,4.44e-06,4.45e-06,9.914100205160794,target,2974973805.0,4
PEPE,1771292460000,1771292700000,4.4600000000000005e-06,4.47e-06,9.816987669159333,target,2972592784.0,4
PEPE,1771293120000,1771293180000,4.450000000000001e-06,4.4600000000000005e-06,9.866997190044366,target,2974226734.0,4
PEPE,1771295040000,1771295100000,4.4600000000000005e-06,4.47e-06,9.818940302007386,target,2973184043.0,4
PEPE,1771295700000,1771296060000,4.4600000000000005e-06,4.47e-06,9.819914328147624,target,2973478979.0,4
PEPE,1771298820000,1771298880000,4.4600000000000005e-06,4.47e-06,9.820888453362766,target,2973773945.0,4
PEPE,1771299600000,1771299660000,4.450000000000001e-06,4.4600000000000005e-06,9.870917844719319,target,2975408544.0,4
PEPE,1771300260000,1771300320000,4.44e-06,4.45e-06,9.92100619489896,target,2977046120.0,4
PEPE,1771303920000,1771305420000,4.42e-06,4.38e-06,-148.65880542952888,stop,2980030178.0,4
PEPE,1771308720000,1771309020000,4.42e-06,4.43e-06,10.00530967274861,target,2975556780.0,4
PEPE,1771309320000,1771309380000,4.42e-06,4.43e-06,10.006322044160761,target,2975857857.0,4
PEPE,1771309920000,1771309980000,4.42e-06,4.43e-06,10.007334519810728,target,2976158965.0,4
PEPE,1771310580000,1771310640000,4.42e-06,4.43e-06,10.008347092975306,target,2976460102.0,4
PEPE,1771311720000,1771313280000,4.41e-06,4.3700000000000005e-06,-148.49573598028633,stop,2978104507.0,4
PEPE,1771315680000,1771315740000,4.38e-06,4.39e-06,10.191058233193397,target,2977664933.0,4
PEPE,1771316280000,1771316400000,4.360000000000001e-06,4.3700000000000005e-06,10.29074866414121,target,2980665797.0,4
PEPE,1771320120000,1771320300000,4.33e-06,4.34e-06,10.440129620651502,target,2985026339.0,4
PEPE,1771321320000,1771321680000,4.33e-06,4.34e-06,10.441232879047625,target,2985341781.0,4
PEPE,1771322280000,1771322340000,4.33e-06,4.34e-06,10.442336252860525,target,2985657256.0,4
PEPE,1771322820000,1771322880000,4.35e-06,4.36e-06,10.34449102048446,target,2983270662.0,4
PEPE,1771323420000,1771323540000,4.33e-06,4.2900000000000004e-06,-148.36612026185006,stop,2986285317.0,4
PEPE,1771325520000,1771325580000,4.32e-06,4.33e-06,10.478326763585706,target,2983153527.0,4
PEPE,1771372920000,1771372980000,4.39e-06,4.4e-06,10.1340341681009,target,2974037907.0,4
PEPE,1771373640000,1771373700000,4.4e-06,4.41e-06,10.085904260705206,target,2973000519.0,4
PEPE,1771374360000,1771374600000,4.39e-06,4.4e-06,10.136110279477997,target,2974647184.0,4
PEPE,1771375140000,1771375320000,4.39e-06,4.4e-06,10.137151018575317,target,2974952610.0,4
PEPE,1771379220000,1771379280000,4.360000000000001e-06,4.3700000000000005e-06,10.28601546962594,target,2979294850.0,4
PEPE,1771379820000,1771380000000,4.360000000000001e-06,4.3700000000000005e-06,10.287087001335529,target,2979605214.0,4
PEPE,1771380420000,1771380480000,4.360000000000001e-06,4.3700000000000005e-06,10.288158643524262,target,2979915610.0,4
PEPE,1771381080000,1771382100000,4.38e-06,4.39e-06,10.190605980620429,target,2977532792.0,4
PEPE,1771383120000,1771383300000,4.4e-06,4.41e-06,10.093200920950906,target,2975151340.0,4
PEPE,1771383900000,1771383960000,4.4e-06,4.41e-06,10.094232223986099,target,2975455335.0,4
PEPE,1771384920000,1771385100000,4.4e-06,4.41e-06,10.095263635583649,target,2975759362.0,4
PEPE,1771385520000,1771385580000,4.4e-06,4.41e-06,10.096295152349674,target,2976063420.0,4
PEPE,1771387560000,1771387620000,4.39e-06,4.4e-06,10.146552897163382,target,2977711782.0,4
PEPE,1771388040000,1771388280000,4.4e-06,4.41e-06,10.098363532457217,target,2976673112.0,4
PEPE,1771389420000,1771390500000,4.4e-06,4.41e-06,10.099395368117088,target,2976977264.0,4
PEPE,1771390980000,1771391280000,4.39e-06,4.4e-06,10.149668541380688,target,2978626131.0,4
PEPE,1771391880000,1771391940000,4.4e-06,4.41e-06,10.101464382627542,target,2977587143.0,4
PEPE,1771392420000,1771393800000,4.41e-06,4.42e-06,10.05328965747767,target,2976547641.0,4
PEPE,1771394520000,1771396380000,4.41e-06,4.4e-06,-59.2616473273418,time,2976850299.0,4
PEPE,1771396920000,1771396980000,4.41e-06,4.42e-06,10.048286120895616,target,2975066209.0,4
PEPE,1771397580000,1771397700000,4.4e-06,4.41e-06,10.098495222524454,target,2976711930.0,4
PEPE,1771398480000,1771398540000,4.39e-06,4.4e-06,10.148763914874316,target,2978360650.0,4
PEPE,1771399080000,1771399920000,4.39e-06,4.350000000000001e-06,-148.38971627141427,stop,2978666458.0,4
PEPE,1771401540000,1771401660000,4.39e-06,4.4e-06,10.134569827101958,target,2974195107.0,4
PEPE,1771460100000,1771460220000,4.22e-06,4.23e-06,10.978400463812516,target,2997515485.0,4
PEPE,1771460760000,1771460940000,4.22e-06,4.23e-06,10.979621416786795,target,2997848851.0,4
PEPE,1771462020000,1771462920000,4.22e-06,4.23e-06,10.980842505273687,target,2998182254.0,4
PEPE,1771463940000,1771464000000,4.23e-06,4.24e-06,10.932110322393793,target,2997151562.0,4
PEPE,1771464600000,1771464660000,4.23e-06,4.24e-06,10.933320595722895,target,2997483371.0,4
PEPE,1771465080000,1771465200000,4.23e-06,4.24e-06,10.934531004005162,target,2997815217.0,4
PEPE,1771465620000,1771465680000,4.24e-06,4.25e-06,10.885816990038018,target,2996783755.0,4
PEPE,1771466340000,1771466400000,4.24e-06,4.25e-06,10.887016637691538,target,2997114009.0,4
PEPE,1771466880000,1771466940000,4.24e-06,4.25e-06,10.888216419749696,target,2997444300.0,4
PEPE,1771467540000,1771467660000,4.24e-06,4.25e-06,10.88941633257674,target,2997774627.0,4
PEPE,1771468320000,1771470180000,4.23e-06,4.21e-06,-88.4468402502988,time,2999468936.0,4
PEPE,1771471920000,1771472040000,4.23e-06,4.24e-06,10.930771150064412,target,2996784414.0,4
PEPE,1771472760000,1771472820000,4.22e-06,4.23e-06,10.981934095086624,target,2998480299.0,4
PEPE,1771474380000,1771474500000,4.23e-06,4.24e-06,10.933197065839696,target,2997449504.0,4
PEPE,1771474920000,1771474980000,4.23e-06,4.24e-06,10.9344074595344,target,2997781346.0,4
PEPE,1771476300000,1771476360000,4.24e-06,4.25e-06,10.885693997217922,target,2996749896.0,4
PEPE,1771476720000,1771478460000,4.24e-06,4.2000000000000004e-06,-148.29552562407974,stop,2997080146.0,4
PEPE,1771481280000,1771481340000,4.2000000000000004e-06,4.21e-06,11.070241759832768,target,2998034329.0,4
PEPE,1771481820000,1771481880000,4.2000000000000004e-06,4.21e-06,11.071484142073068,target,2998370790.0,4
PEPE,1771484880000,1771484940000,4.1900000000000005e-06,4.2000000000000004e-06,11.122774340167906,target,3000073996.0,4
PEPE,1771486800000,1771486860000,4.21e-06,4.22e-06,11.023967210752192,target,2997679731.0,4
PEPE,1771488480000,1771488540000,4.2000000000000004e-06,4.21e-06,11.075212134383282,target,2999380402.0,4
PEPE,1771489620000,1771489980000,4.2000000000000004e-06,4.160000000000001e-06,-148.1560233214578,stop,2999717014.0,4
PEPE,1771492020000,1771492080000,4.1900000000000005e-06,4.2000000000000004e-06,11.109817306142114,target,2996579179.0,4
PEPE,1771546320000,1771546380000,4.23e-06,4.24e-06,10.911362656664135,target,2991463374.0,4
PEPE,1771546920000,1771547160000,4.24e-06,4.25e-06,10.862751860983469,target,2990434098.0,4
PEPE,1771547700000,1771547760000,4.26e-06,4.27e-06,10.764436251771285,target,2988046149.0,4
PEPE,1771548360000,1771548540000,4.25e-06,4.26e-06,10.815350828954738,target,2989730706.0,4
PEPE,1771549020000,1771549260000,4.25e-06,4.26e-06,10.81653724957739,target,2990058673.0,4
PEPE,1771550280000,1771550340000,4.25e-06,4.26e-06,10.817723800427897,target,2990386676.0,4
PEPE,1771550820000,1771550880000,4.24e-06,4.25e-06,10.868711278731045,target,2992074681.0,4
PEPE,1771551540000,1771551600000,4.26e-06,4.27e-06,10.770341729151255,target,2989685421.0,4
PEPE,1771552080000,1771553040000,4.26e-06,4.27e-06,10.77151777968732,target,2990011875.0,4
PEPE,1771554180000,1771554300000,4.25e-06,4.26e-06,10.822465854565241,target,2991697541.0,4
PEPE,1771556040000,1771556520000,4.27e-06,4.23e-06,-148.1127533906274,stop,2989308308.0,4
PEPE,1771558860000,1771558920000,4.25e-06,4.26e-06,10.807405398983404,target,2987534319.0,4
PEPE,1771564320000,1771564440000,4.18e-06,4.19e-06,11.157816813371603,target,2997398741.0,4
PEPE,1771566720000,1771566840000,4.23e-06,4.24e-06,10.909378066504345,target,2990919278.0,4
PEPE,1771567320000,1771567740000,4.22e-06,4.23e-06,10.960440878649269,target,2992611844.0,4
PEPE,1771568220000,1771568280000,4.22e-06,4.23e-06,10.96165983556198,target,2992944665.0,4
PEPE,1771569420000,1771569480000,4.21e-06,4.22e-06,11.012790486557115,target,2994640513.0,4
PEPE,1771570080000,1771570140000,4.21e-06,4.22e-06,11.014020838313057,target,2994975075.0,4
PEPE,1771571460000,1771571520000,4.21e-06,4.22e-06,11.015251329812038,target,2995309675.0,4
PEPE,1771571820000,1771571940000,4.21e-06,4.22e-06,11.016481961055879,target,2995644313.0,4
PEPE,1771572660000,1771572780000,4.21e-06,4.22e-06,11.017712724691693,target,2995978987.0,4
PEPE,1771573380000,1771574160000,4.21e-06,4.170000000000001e-06,-148.05535065183554,stop,2996313699.0,4
PEPE,1771574520000,1771574580000,4.1900000000000005e-06,4.2000000000000004e-06,11.102268139131217,target,2994542991.0,4
PEPE,1771575660000,1771575720000,4.1900000000000005e-06,4.2000000000000004e-06,11.103519746641151,target,2994880579.0,4
PEPE,1771632120000,1771632420000,4.25e-06,4.26e-06,10.805652799818315,target,2987049841.0,4
PEPE,1771632900000,1771633020000,4.26e-06,4.27e-06,10.757138134351052,target,2986020301.0,4
PEPE,1771634040000,1771634100000,4.24e-06,4.25e-06,10.857768848338832,target,2989062312.0,4
PEPE,1771636080000,1771636200000,4.26e-06,4.27e-06,10.759498337444573,target,2986675458.0,4
PEPE,1771636680000,1771637820000,4.27e-06,4.28e-06,10.711002000737553,target,2985645157.0,4
PEPE,1771638720000,1771638900000,4.27e-06,4.28e-06,10.712166173185652,target,2985969665.0,4
PEPE,1771639380000,1771640400000,4.27e-06,4.28e-06,10.713330471200855,target,2986294208.0,4
PEPE,1771641600000,1771641660000,4.2800000000000005e-06,4.2900000000000004e-06,10.66485259980036,target,2985263149.0,4
PEPE,1771642620000,1771642980000,4.2800000000000005e-06,4.240000000000001e-06,-147.99550357183801,stop,2985586112.0,4
PEPE,1771645320000,1771646340000,4.27e-06,4.28e-06,10.699568516260905,target,2982458123.0,4
PEPE,1771647420000,1771647480000,4.26e-06,4.27e-06,10.750355019522921,target,2984137410.0,4
PEPE,1771648080000,1771648140000,4.27e-06,4.28e-06,10.701899892599206,target,2983107984.0,4
PEPE,1771648680000,1771648980000,4.2800000000000005e-06,4.2900000000000004e-06,10.653473747884538,target,2982078026.0,4
PEPE,1771651980000,1771652040000,4.2900000000000004e-06,4.3e-06,10.605076609319696,target,2981047536.0,4
PEPE,1771653180000,1771653240000,4.2900000000000004e-06,4.3e-06,10.606218591721618,target,2981368543.0,4
PEPE,1771654980000,1771655100000,4.3e-06,4.31e-06,10.557845285550563,target,2980337413.0,4
PEPE,1771655520000,1771656540000,4.32e-06,4.2800000000000005e-06,-147.88528939807875,stop,2977955888.0,4
PEPE,1771657020000,1771657200000,4.2900000000000004e-06,4.3e-06,10.592572914652386,target,2977532794.0,4
PEPE,1771657920000,1771658040000,4.2900000000000004e-06,4.3e-06,10.593713552321402,target,2977853423.0,4
PEPE,1771659420000,1771659480000,4.31e-06,4.32e-06,10.49598508176104,target,2975474155.0,4
PEPE,1771661340000,1771661940000,4.32e-06,4.33e-06,10.447732080712285,target,2974443297.0,4
PEPE,1771663620000,1771664040000,4.32e-06,4.33e-06,10.448841380899275,target,2974759112.0,4
PEPE,1771664580000,1771664640000,4.33e-06,4.34e-06,10.400612354446178,target,2973727621.0,4
PEPE,1771665300000,1771665360000,4.34e-06,4.35e-06,10.352412451375255,target,2972695607.0,4
PEPE,1771718880000,1771718940000,4.14e-06,4.15e-06,11.348143183863181,target,3000170042.0,4
PEPE,1771719540000,1771719600000,4.14e-06,4.15e-06,11.349451369053924,target,3000515894.0,4
PEPE,1771720980000,1771722840000,4.13e-06,4.1100000000000005e-06,-87.85284977582377,time,3002233226.0,4
PEPE,1771724040000,1771724340000,4.13e-06,4.14e-06,11.390808392230912,target,2999554547.0,4
PEPE,1771726020000,1771726200000,4.13e-06,4.14e-06,11.392127305755258,target,2999901858.0,4
PEPE,1771726800000,1771726860000,4.12e-06,4.13e-06,11.443680051060893,target,3001620997.0,4
PEPE,1771732380000,1771732440000,4.08e-06,4.09e-06,11.646429247919404,target,3007470432.0,4
PEPE,1771734180000,1771734300000,4.09e-06,4.1e-06,11.59737783529041,target,3006449212.0,4
PEPE,1771734900000,1771734960000,4.09e-06,4.1e-06,11.598744385525082,target,3006803470.0,4
PEPE,1771737120000,1771737900000,4.08e-06,4.09e-06,11.650552689791521,target,3008535233.0,4
PEPE,1771738380000,1771738500000,4.08e-06,4.09e-06,11.651931477925828,target,3008891279.0,4
PEPE,1771738920000,1771739160000,4.08e-06,4.09e-06,11.653310424833599,target,3009247366.0,4
PEPE,1771740300000,1771740360000,4.07e-06,4.08e-06,11.705195292899077,target,3010982712.0,4
PEPE,1771742520000,1771742580000,4.08e-06,4.09e-06,11.656074785723705,target,3009961210.0,4
PEPE,1771743180000,1771743240000,4.08e-06,4.09e-06,11.657454224438727,target,3010317424.0,4
PEPE,1771743840000,1771744020000,4.08e-06,4.09e-06,11.658833825797563,target,3010673680.0,4
PEPE,1771745040000,1771745100000,4.09e-06,4.1e-06,11.609730167490007,target,3009651372.0,4
PEPE,1771745640000,1771745820000,4.1000000000000006e-06,4.1100000000000005e-06,11.560655011249384,target,3008628500.0,4
PEPE,1771746120000,1771746240000,4.1000000000000006e-06,4.1100000000000005e-06,11.562011313844211,target,3008981474.0,4
PEPE,1771746780000,1771746900000,4.1000000000000006e-06,4.1100000000000005e-06,11.563367777825302,target,3009334490.0,4
PEPE,1771747320000,1771747440000,4.1000000000000006e-06,4.1100000000000005e-06,11.56472439934822,target,3009687547.0,4
PEPE,1771749780000,1771749900000,4.08e-06,4.09e-06,11.667061091460297,target,3012798216.0,4
PEPE,1771750440000,1771750500000,4.08e-06,4.09e-06,11.668441827460946,target,3013154765.0,4
PEPE,1771750980000,1771751040000,4.08e-06,4.09e-06,11.669822729983036,target,3013511357.0,4
PEPE,1771804980000,1771805040000,4.05e-06,4.06e-06,11.823074957336942,target,3018015305.0,4
PEPE,1771805700000,1771805820000,4.04e-06,4.05e-06,11.875215091381875,target,3019762261.0,4
PEPE,1771806180000,1771806240000,4.03e-06,4.04e-06,11.927420270052973,target,3021512418.0,4
PEPE,1771812780000,1771812840000,3.9e-06,3.91e-06,12.593291358693659,target,3040022054.0,4
PEPE,1771813380000,1771813920000,3.91e-06,3.92e-06,12.543499258580011,target,3039006483.0,4
PEPE,1771814340000,1771815660000,3.91e-06,3.92e-06,12.545093889315314,target,3039392826.0,4
PEPE,1771816140000,1771816200000,3.920000000000001e-06,3.9300000000000005e-06,12.49532347962642,target,3038376530.0,4
PEPE,1771816680000,1771817460000,3.91e-06,3.92e-06,12.548277223689377,target,3040164076.0,4
PEPE,1771819440000,1771819680000,3.91e-06,3.92e-06,12.549872457037312,target,3040550565.0,4
PEPE,1771820220000,1771820340000,3.91e-06,3.92e-06,12.551467896758785,target,3040937104.0,4
PEPE,1771820820000,1771820880000,3.9e-06,3.91e-06,12.604502347288312,target,3042728388.0,4
PEPE,1771821420000,1771823280000,3.9e-06,3.89e-06,-57.08887094287964,time,3043116788.0,4
PEPE,1771825740000,1771825800000,3.920000000000001e-06,3.9300000000000005e-06,12.49604014854898,target,3038550796.0,4
PEPE,1771826220000,1771826400000,3.920000000000001e-06,3.9300000000000005e-06,12.49762223963755,target,3038935499.0,4
PEPE,1771827600000,1771827840000,4.0100000000000006e-06,4.0200000000000005e-06,12.038898821062483,target,3026750175.0,4
PEPE,1771828920000,1771829220000,4.0100000000000006e-06,4.0200000000000005e-06,12.040366900402299,target,3027119271.0,4
PEPE,1771829520000,1771829700000,4e-06,4.01e-06,12.092804561816443,target,3028880291.0,4
PEPE,1771831320000,1771831380000,4.0200000000000005e-06,4.03e-06,11.992381007261304,target,3026468393.0,4
PEPE,1771832520000,1771832580000,4.04e-06,4.05e-06,11.892107487259544,target,3024057848.0,4
PEPE,1771833180000,1771833840000,4.03e-06,3.990000000000001e-06,-148.28740783371194,stop,3025810495.0,4
PEPE,1771834920000,1771834980000,4.0200000000000005e-06,4.03e-06,11.977274863612903,target,3022656117.0,4
PEPE,1771835640000,1771835760000,4.0200000000000005e-06,4.03e-06,11.978729255650093,target,3023023156.0,4
PEPE,1771836120000,1771836180000,4.0200000000000005e-06,4.03e-06,11.980183822036311,target,3023390239.0,4
PEPE,1771836720000,1771837080000,4.0200000000000005e-06,4.03e-06,11.981638566736024,target,3023757367.0,4
PEPE,1771891320000,1771891440000,3.97e-06,3.98e-06,12.238008901350874,target,3031085796.0,4
PEPE,1771891920000,1771891980000,3.97e-06,3.98e-06,12.239526565299157,target,3031461688.0,4
PEPE,1771892520000,1771894380000,3.98e-06,3.97e-06,-57.39658030603771,time,3030442466.0,4
PEPE,1771894920000,1771895460000,3.96e-06,3.920000000000001e-06,-148.08732493659807,stop,3031470316.0,4
PEPE,1771896480000,1771896540000,3.96e-06,3.97e-06,12.26659208425017,target,3026919700.0,4
PEPE,1771897200000,1771897380000,3.97e-06,3.98e-06,12.217083087947936,target,3025902932.0,4
PEPE,1771903620000,1771904220000,3.91e-06,3.87e-06,-147.90178039883614,stop,3034660793.0,4
PEPE,1771904820000,1771904940000,3.89e-06,3.9e-06,12.609305493480123,target,3032905711.0,4
PEPE,1771906380000,1771906740000,3.89e-06,3.85e-06,-147.69868951969772,stop,3033294440.0,4
PEPE,1771907220000,1771907520000,3.9e-06,3.86e-06,-147.47697532171443,stop,3027342201.0,4
PEPE,1771908240000,1771908300000,3.89e-06,3.9e-06,12.573088908144994,target,3024194566.0,4
PEPE,1771909380000,1771909440000,3.9e-06,3.91e-06,12.523544748994105,target,3023185214.0,4
PEPE,1771909920000,1771909980000,3.91e-06,3.92e-06,12.474028418670066,target,3022175268.0,4
PEPE,1771910640000,1771910820000,3.88e-06,3.89e-06,12.629120350019976,target,3026751432.0,4
PEPE,1771912320000,1771912380000,3.89e-06,3.9e-06,12.579523026041269,target,3025742159.0,4
PEPE,1771912920000,1771913280000,3.89e-06,3.9e-06,12.581135346115449,target,3026129969.0,4
PEPE,1771913820000,1771913880000,3.89e-06,3.9e-06,12.58274787406623,target,3026517829.0,4
PEPE,1771917480000,1771917540000,3.9e-06,3.91e-06,12.533165651391892,target,3025507701.0,4
PEPE,1771918020000,1771918080000,3.91e-06,3.92e-06,12.483611280822297,target,3024496979.0,4
PEPE,1771918800000,1771919820000,3.920000000000001e-06,3.9300000000000005e-06,12.43408479319878,target,3023485664.0,4
PEPE,1771920120000,1771920180000,3.91e-06,3.92e-06,12.486779013247183,target,3025264449.0,4
PEPE,1771920780000,1771920840000,3.91e-06,3.92e-06,12.488366429109812,target,3025649044.0,4
PEPE,1771923720000,1771923780000,3.920000000000001e-06,3.9300000000000005e-06,12.43882107719897,target,3024637344.0,4
PEPE,1771928220000,1771928280000,3.89e-06,3.9e-06,12.593956045058333,target,3029213721.0,4
PEPE,1771979220000,1771979580000,3.94e-06,3.95e-06,12.339839887443318,target,3022618466.0,4
PEPE,1771980120000,1771980180000,3.95e-06,3.96e-06,12.290378313094376,target,3021604994.0,4
PEPE,1771980840000,1771980900000,3.96e-06,3.97e-06,12.24094477219358,target,3020590937.0,4
PEPE,1771983120000,1771983480000,4.12e-06,4.080000000000001e-06,-147.57424246186656,stop,2998866947.0,4
PEPE,1771985520000,1771985580000,4.08e-06,4.09e-06,11.616925673397901,target,2999851691.0,4
PEPE,1771986120000,1771986180000,4.08e-06,4.09e-06,11.61830047672873,target,3000206708.0,4
PEPE,1771995420000,1771996200000,4e-06,4.01e-06,12.023804028850716,target,3011597753.0,4
PEPE,1772000820000,1772000880000,3.9300000000000005e-06,3.94e-06,12.381379044593912,target,3021691042.0,4
PEPE,1772002260000,1772003580000,3.9300000000000005e-06,3.94e-06,12.38294017980145,target,3022072039.0,4
PEPE,1772004180000,1772004420000,3.920000000000001e-06,3.9300000000000005e-06,12.435573982911444,target,3023847777.0,4
PEPE,1772005320000,1772006040000,3.91e-06,3.92e-06,12.488274513810982,target,3025626775.0,4
PEPE,1772006580000,1772006640000,3.920000000000001e-06,3.9300000000000005e-06,12.438729524724621,target,3024615082.0,4
PEPE,1772007180000,1772007480000,3.920000000000001e-06,3.9300000000000005e-06,12.440304361360782,target,3024998021.0,4
PEPE,1772008080000,1772008140000,3.9300000000000005e-06,3.94e-06,12.390781032874727,target,3023985609.0,4
PEPE,1772013780000,1772015640000,4.0100000000000006e-06,3.99e-06,-87.36160617949777,time,3013248467.0,4
PEPE,1772016720000,1772016840000,4e-06,4.01e-06,12.025227047679945,target,3011954176.0,4
PEPE,1772018940000,1772019120000,3.99e-06,4e-06,12.077437074236261,target,3013708565.0,4
PEPE,1772021220000,1772021280000,3.99e-06,4e-06,12.078922329878923,target,3014079184.0,4
PEPE,1772021820000,1772021880000,3.99e-06,4e-06,12.080407765858936,target,3014449848.0,4
PEPE,1772023080000,1772023260000,4.04e-06,4.05e-06,11.828578594689267,target,3007903012.0,4
PEPE,1772023620000,1772023680000,4.03e-06,4.04e-06,11.880578753459604,target,3009646296.0,4
PEPE,1772025000000,1772025060000,4.05e-06,4.06e-06,11.780897436473236,target,3007248867.0,4
PEPE,1772025540000,1772025840000,4.04e-06,4.05e-06,11.832851566607864,target,3008989591.0,4
PEPE,1772026920000,1772027460000,4.09e-06,4.1e-06,11.581999788098473,target,3002462680.0,4
PEPE,1772065320000,1772065380000,4.16e-06,4.17e-06,11.232070403230002,target,2993223292.0,4
PEPE,1772068320000,1772069100000,4.12e-06,4.13e-06,11.433840823499006,target,2999040216.0,4
PEPE,1772070300000,1772070780000,4.1100000000000005e-06,4.070000000000001e-06,-147.59993267124668,stop,3000761020.0,4
PEPE,1772075220000,1772075340000,4.1000000000000006e-06,4.1100000000000005e-06,11.518384502571953,target,2997627717.0,4
PEPE,1772075880000,1772075940000,4.09e-06,4.1e-06,11.570000463440278,target,2999352032.0,4
PEPE,1772077620000,1772077680000,4.1000000000000006e-06,4.1100000000000005e-06,11.521093249890853,target,2998332661.0,4
PEPE,1772078220000,1772078340000,4.09e-06,4.1e-06,11.572721347206917,target,3000057381.0,4
PEPE,1772078880000,1772078940000,4.09e-06,4.1e-06,11.574084992744883,target,3000410886.0,4
PEPE,1772081400000,1772081460000,4.12e-06,4.13e-06,11.424721895372915,target,2996648366.0,4
PEPE,1772082480000,1772082660000,4.1000000000000006e-06,4.060000000000001e-06,-147.48221606753233,stop,2999739979.0,4
PEPE,1772086320000,1772086500000,4.07e-06,4.08e-06,11.659992142649136,target,2999354892.0,4
PEPE,1772086980000,1772087040000,4.07e-06,4.08e-06,11.661378024737031,target,2999711389.0,4
PEPE,1772087520000,1772087700000,4.06e-06,4.07e-06,11.713132888012133,target,3001443405.0,4
PEPE,1772088420000,1772090220000,4.06e-06,4.0200000000000005e-06,-147.31341798582383,stop,3001801691.0,4
PEPE,1772092680000,1772092740000,4.03e-06,4.04e-06,11.8481208728819,target,3001423907.0,4
PEPE,1772093220000,1772093280000,4.0200000000000005e-06,4.03e-06,11.90004374943589,target,3003165615.0,4
PEPE,1772093820000,1772094120000,4.03e-06,4.04e-06,11.85099235543663,target,3002151325.0,4
PEPE,1772097420000,1772097480000,4.04e-06,4.05e-06,11.801969148611093,target,3001136465.0,4
PEPE,1772099940000,1772100000000,4.05e-06,4.06e-06,11.752974158530114,target,3000121036.0,4
PEPE,1772100780000,1772101740000,4.04e-06,4.000000000000001e-06,-147.1810797950191,stop,3001857634.0,4
PEPE,1772106180000,1772106240000,3.95e-06,3.96e-06,12.242289285605109,target,3009782246.0,4
PEPE,1772106720000,1772106780000,3.95e-06,3.96e-06,12.24382017058087,target,3010158616.0,4
PEPE,1772107320000,1772107500000,3.96e-06,3.97e-06,12.194573891000317,target,3009148400.0,4
PEPE,1772110320000,1772110920000,3.99e-06,3.95e-06,-147.01520492772178,stop,3005370367.0,4
PEPE,1772151300000,1772151660000,3.830000000000001e-06,3.8400000000000005e-06,13.130882841285624,target,3091437985.0,5
PEPE,1772152020000,1772152200000,3.82e-06,3.83e-06,13.185094256811174,target,3093277245.0,5
PEPE,1772153700000,1772153880000,3.830000000000001e-06,3.8400000000000005e-06,13.134338365178165,target,3092251528.0,5
PEPE,1772154480000,1772154540000,3.830000000000001e-06,3.8400000000000005e-06,13.136063015833365,target,3092657567.0,5
PEPE,1772155620000,1772155920000,3.85e-06,3.810000000000001e-06,-150.1914386956481,stop,3090199860.0,5
PEPE,1772157060000,1772157120000,3.830000000000001e-06,3.8400000000000005e-06,13.118066434787295,target,3088420585.0,5
PEPE,1772157420000,1772157540000,3.8400000000000005e-06,3.85e-06,13.067401546865081,target,3087395522.0,5
PEPE,1772158260000,1772158320000,3.8400000000000005e-06,3.85e-06,13.069110558409994,target,3087799305.0,5
PEPE,1772159460000,1772159520000,3.85e-06,3.86e-06,13.018467198291262,target,3086773491.0,5
PEPE,1772159940000,1772160000000,3.86e-06,3.87e-06,12.96785203225837,target,3085747063.0,5
PEPE,1772161020000,1772162580000,3.8400000000000005e-06,3.8000000000000005e-06,-150.0639173096009,stop,3089006120.0,5
PEPE,1772163720000,1772163900000,3.82e-06,3.83e-06,13.159313007225117,target,3087228858.0,5
PEPE,1772164320000,1772164380000,3.830000000000001e-06,3.8400000000000005e-06,13.108656357633734,target,3086205146.0,5
PEPE,1772165640000,1772165700000,3.89e-06,3.9e-06,12.79700435801522,target,3078052762.0,5
PEPE,1772167320000,1772168040000,3.88e-06,3.89e-06,12.85075938586564,target,3079870434.0,5
PEPE,1772168700000,1772168760000,3.88e-06,3.89e-06,12.852413177101852,target,3080266789.0,5
PEPE,1772169120000,1772169180000,3.89e-06,3.9e-06,12.801938936340381,target,3079239672.0,5
PEPE,1772169720000,1772170260000,3.89e-06,3.9e-06,12.803579760233724,target,3079634338.0,5
PEPE,1772171460000,1772171520000,3.88e-06,3.89e-06,12.857362408838316,target,3081452944.0,5
PEPE,1772171820000,1772172180000,3.88e-06,3.89e-06,12.859017051266907,target,3081849503.0,5
PEPE,1772172720000,1772172780000,3.88e-06,3.89e-06,12.860671902318172,target,3082246112.0,5
PEPE,1772173320000,1772173860000,3.87e-06,3.88e-06,12.914536965186514,target,3084068529.0,5
PEPE,1772174520000,1772174760000,3.87e-06,3.88e-06,12.916205709062027,target,3084467035.0,5
PEPE,1772175720000,1772176920000,3.89e-06,3.85e-06,-150.07099892943108,stop,3082014662.0,5
PEPE,1772236920000,1772237040000,3.6800000000000003e-06,3.6900000000000002e-06,13.898486080917463,target,3107543003.0,5
PEPE,1772238720000,1772238780000,3.67e-06,3.68e-06,13.95355171941207,target,3109426567.0,5
PEPE,1772240520000,1772240580000,3.6800000000000003e-06,3.6900000000000002e-06,13.90236398440669,target,3108410058.0,5
PEPE,1772243520000,1772243640000,3.65e-06,3.66e-06,14.063884677244445,target,3113200814.0,5
PEPE,1772244720000,1772244780000,3.65e-06,3.66e-06,14.06586529832123,target,3113639247.0,5
PEPE,1772245560000,1772245620000,3.66e-06,3.67e-06,14.014586498299291,target,3112623320.0,5
PEPE,1772247720000,1772248680000,3.66e-06,3.67e-06,14.016552708531684,target,3113060013.0,5
PEPE,1772249280000,1772249340000,3.65e-06,3.66e-06,14.07179383492907,target,3114951596.0,5
PEPE,1772250420000,1772250480000,3.6400000000000003e-06,3.65e-06,14.127107531773124,target,3116846670.0,5
PEPE,1772252220000,1772252340000,3.65e-06,3.66e-06,14.07576509238254,target,3115830679.0,5
PEPE,1772253060000,1772253240000,3.6400000000000003e-06,3.65e-06,14.131094400358583,target,3117726288.0,5
PEPE,1772254320000,1772254380000,3.6400000000000003e-06,3.65e-06,14.133092031747077,target,3118167023.0,5
PEPE,1772255040000,1772255100000,3.6400000000000003e-06,3.65e-06,14.135089939616801,target,3118607819.0,5
PEPE,1772255760000,1772255820000,3.6400000000000003e-06,3.65e-06,14.137088133034208,target,3119048678.0,5
PEPE,1772257920000,1772258100000,3.62e-06,3.63e-06,14.245990838936791,target,3122408951.0,5
PEPE,1772258520000,1772258640000,3.62e-06,3.63e-06,14.248019937812195,target,3122853685.0,5
PEPE,1772264820000,1772264880000,3.52e-06,3.53e-06,14.787739086411829,target,3137981769.0,5
PEPE,1772266140000,1772266200000,3.48e-06,3.49e-06,15.00645096034009,target,3144358504.0,5
PEPE,1772267820000,1772268060000,3.4700000000000002e-06,3.48e-06,15.06296870478761,target,3146312001.0,5
PEPE,1772269620000,1772270040000,3.4600000000000003e-06,3.4700000000000002e-06,15.11956244399532,target,3148269119.0,5
PEPE,1772271120000,1772271180000,3.4700000000000002e-06,3.48e-06,15.067511582687297,target,3147260905.0,5
PEPE,1772274300000,1772274360000,3.45e-06,3.46e-06,15.178516592261337,target,3150704015.0,5
PEPE,1772275320000,1772275380000,3.4600000000000003e-06,3.4700000000000002e-06,15.12641519368072,target,3149696032.0,5
PEPE,1772275920000,1772276100000,3.4600000000000003e-06,3.4700000000000002e-06,15.128700127130134,target,3150171812.0,5
PEPE,1772323500000,1772324820000,3.65e-06,3.61e-06,-150.36465979773945,stop,3122676077.0,5
PEPE,1772325420000,1772325480000,3.63e-06,3.64e-06,14.192316092318102,target,3120905133.0,5
PEPE,1772326380000,1772326440000,3.62e-06,3.63e-06,14.247813913561064,target,3122808529.0,5
PEPE,1772327280000,1772327340000,3.63e-06,3.64e-06,14.196351693883559,target,3121792566.0,5
PEPE,1772330100000,1772330460000,3.7e-06,3.71e-06,13.825268606472664,target,3112046957.0,5
PEPE,1772330940000,1772331240000,3.76e-06,3.77e-06,13.50926970047661,target,3103795451.0,5
PEPE,1772331780000,1772332080000,3.7300000000000003e-06,3.74e-06,13.66984735412196,target,3108549711.0,5
PEPE,1772332620000,1772332980000,3.75e-06,3.76e-06,13.56581468109367,target,3106082354.0,5
PEPE,1772333520000,1772334300000,3.75e-06,3.71e-06,-150.28486305710697,stop,3106503293.0,5
PEPE,1772339820000,1772339880000,3.67e-06,3.68e-06,13.971491452011762,target,3113424279.0,5
PEPE,1772340480000,1772340600000,3.67e-06,3.68e-06,13.973444169684681,target,3113859425.0,5
PEPE,1772341080000,1772341140000,3.66e-06,3.67e-06,14.028660570387252,target,3115749155.0,5
PEPE,1772341680000,1772341860000,3.66e-06,3.67e-06,14.030628748211692,target,3116186285.0,5
PEPE,1772342640000,1772342700000,3.66e-06,3.67e-06,14.032597205191083,target,3116623477.0,5
PEPE,1772343180000,1772343240000,3.66e-06,3.67e-06,14.034565941327248,target,3117060731.0,5
PEPE,1772344440000,1772344560000,3.66e-06,3.67e-06,14.03653495211287,target,3117498046.0,5
PEPE,1772345040000,1772345340000,3.65e-06,3.61e-06,-150.20653892956153,stop,3119392325.0,5
PEPE,1772349360000,1772349540000,3.61e-06,3.62e-06,14.284281984584256,target,3120542214.0,5
PEPE,1772350080000,1772350260000,3.61e-06,3.62e-06,14.286324181278394,target,3120988352.0,5
PEPE,1772351280000,1772351460000,3.63e-06,3.64e-06,14.181445811982753,target,3118514747.0,5
PEPE,1772351880000,1772351940000,3.63e-06,3.64e-06,14.18345813530079,target,3118957259.0,5
PEPE,1772354220000,1772354280000,3.62e-06,3.63e-06,14.23892131818606,target,3120859467.0,5
PEPE,1772354820000,1772355120000,3.61e-06,3.57e-06,-150.08790184824915,stop,3122765188.0,5
PEPE,1772357520000,1772357940000,3.5900000000000004e-06,3.5500000000000003e-06,-149.86260117404794,stop,3120999660.0,5
PEPE,1772410380000,1772410500000,3.4600000000000003e-06,3.4700000000000002e-06,15.057826292087295,target,3135414116.0,5
PEPE,1772410920000,1772410980000,3.4700000000000002e-06,3.48e-06,15.00598796117553,target,3134410018.0,5
PEPE,1772412840000,1772412900000,3.49e-06,3.5e-06,14.900157341326352,target,3131930077.0,5
PEPE,1772413380000,1772413440000,3.49e-06,3.5e-06,14.902383860840382,target,3132398079.0,5
PEPE,1772414520000,1772415600000,3.49e-06,3.5e-06,14.904610718138937,target,3132866152.0,5
PEPE,1772416680000,1772416860000,3.4700000000000002e-06,3.48e-06,15.014975587587294,target,3136287329.0,5
PEPE,1772417220000,1772417220000,3.48e-06,3.44e-06,-149.77241860818847,entry_bar_stop,3135281947.0,5
PEPE,1772419980000,1772420040000,3.45e-06,3.46e-06,15.102888148370802,target,3135005324.0,5
PEPE,1772420520000,1772421180000,3.45e-06,3.46e-06,15.10517773750748,target,3135480589.0,5
PEPE,1772422440000,1772422500000,3.48e-06,3.49e-06,14.945201893236824,target,3131524755.0,5
PEPE,1772423700000,1772424780000,3.48e-06,3.44e-06,-149.6153721536097,stop,3131994393.0,5
PEPE,1772425920000,1772426100000,3.4600000000000003e-06,3.4700000000000002e-06,15.032985327221882,target,3130241609.0,5
PEPE,1772426580000,1772426640000,3.45e-06,3.46e-06,15.08933074950554,target,3132191126.0,5
PEPE,1772429520000,1772429580000,3.44e-06,3.45e-06,15.145752121951691,target,3134144257.0,5
PEPE,1772430120000,1772430180000,3.44e-06,3.45e-06,15.148056441586006,target,3134621095.0,5
PEPE,1772430900000,1772430960000,3.45e-06,3.46e-06,15.096210804318726,target,3133619264.0,5
PEPE,1772431440000,1772431560000,3.43e-06,3.44e-06,15.206867558680234,target,3137053648.0,5
PEPE,1772432160000,1772432220000,3.44e-06,3.45e-06,15.154971521960956,target,3136052048.0,5
PEPE,1772433900000,1772433960000,3.44e-06,3.45e-06,15.15727724785294,target,3136529177.0,5
PEPE,1772434320000,1772434380000,3.43e-06,3.44e-06,15.213817758753189,target,3138487418.0,5
PEPE,1772435100000,1772435160000,3.4200000000000003e-06,3.43e-06,15.270434677486547,target,3140449291.0,5
PEPE,1772437320000,1772438520000,3.4200000000000003e-06,3.3800000000000002e-06,-149.6182247962143,stop,3140930509.0,5
PEPE,1772442420000,1772442480000,3.4200000000000003e-06,3.43e-06,15.249848257748384,target,3136215580.0,5
PEPE,1772443020000,1772443080000,3.44e-06,3.45e-06,15.143778065031995,target,3133735761.0,5
PEPE,1772496540000,1772496600000,3.5100000000000003e-06,3.52e-06,14.768206369967931,target,3123893468.0,5
PEPE,1772498880000,1772499060000,3.5100000000000003e-06,3.52e-06,14.770397197475756,target,3124356890.0,5
PEPE,1772499420000,1772499540000,3.52e-06,3.53e-06,14.718793170898698,target,3123351336.0,5
PEPE,1772500080000,1772500320000,3.53e-06,3.54e-06,14.667216149526556,target,3122345109.0,5
PEPE,1772500680000,1772500920000,3.52e-06,3.53e-06,14.723136630312355,target,3124273025.0,5
PEPE,1772501400000,1772501460000,3.5100000000000003e-06,3.52e-06,14.779131821025285,target,3126204510.0,5
PEPE,1772502420000,1772502480000,3.5100000000000003e-06,3.52e-06,14.781324270062777,target,3126668275.0,5
PEPE,1772505840000,1772505960000,3.5000000000000004e-06,3.5100000000000003e-06,14.837402677334318,target,3128603622.0,5
PEPE,1772506500000,1772507940000,3.49e-06,3.45e-06,-149.6164550120452,stop,3130542554.0,5
PEPE,1772509740000,1772509800000,3.49e-06,3.5e-06,14.871199109632583,target,3125843218.0,5
PEPE,1772510220000,1772510400000,3.49e-06,3.5e-06,14.873421304583221,target,3126310311.0,5
PEPE,1772510940000,1772512800000,3.49e-06,3.4700000000000002e-06,-86.99476624254213,time,3126777473.0,5
PEPE,1772514840000,1772514900000,3.48e-06,3.49e-06,14.916527410343912,target,3125516482.0,5
PEPE,1772515380000,1772515440000,3.5000000000000004e-06,3.5100000000000003e-06,14.811032707975729,target,3123043270.0,5
PEPE,1772515980000,1772516940000,3.49e-06,3.45e-06,-149.35054714833817,stop,3124978755.0,5
PEPE,1772518020000,1772518140000,3.4700000000000002e-06,3.48e-06,14.9524564964124,target,3123228511.0,5
PEPE,1772520480000,1772520660000,3.4700000000000002e-06,3.48e-06,14.954707037925115,target,3123698598.0,5
PEPE,1772521680000,1772521740000,3.49e-06,3.5e-06,14.849238080490885,target,3121227132.0,5
PEPE,1772523540000,1772523600000,3.53e-06,3.54e-06,14.636592616209482,target,3115825996.0,5
PEPE,1772529420000,1772530020000,3.43e-06,3.39e-06,-149.21550963896522,stop,3130997422.0,5
PEPE,1772530320000,1772530380000,3.4e-06,3.41e-06,15.317104524236033,target,3130731635.0,5
PEPE,1772530980000,1772531040000,3.41e-06,3.42e-06,15.26528283806835,target,3129735077.0,5
PEPE,1772533620000,1772533800000,3.39e-06,3.4e-06,15.376069175056603,target,3133177621.0,5
PEPE,1772535420000,1772535720000,3.39e-06,3.4e-06,15.37845046091189,target,3133662855.0,5
PEPE,1772584920000,1772585220000,3.43e-06,3.44e-06,15.164092040738982,target,3128229405.0,5
PEPE,1772586720000,1772586780000,3.4600000000000003e-06,3.4700000000000002e-06,15.004364064874263,target,3124281950.0,5
PEPE,1772587380000,1772587500000,3.45e-06,3.46e-06,15.060602209712648,target,3126227755.0,5
PEPE,1772588760000,1772589780000,3.48e-06,3.44e-06,-149.15148733314956,stop,3122283595.0,5
PEPE,1772591160000,1772591280000,3.4600000000000003e-06,3.4700000000000002e-06,14.986375316611047,target,3120536245.0,5
PEPE,1772592120000,1772592720000,3.4700000000000002e-06,3.48e-06,14.934782966199066,target,3119536912.0,5
PEPE,1772593020000,1772593080000,3.4600000000000003e-06,3.4700000000000002e-06,14.990895088634495,target,3121477374.0,5
PEPE,1772593680000,1772593740000,3.44e-06,3.45e-06,15.101056841696249,target,3124895363.0,5
PEPE,1772594280000,1772594340000,3.44e-06,3.45e-06,15.103354362003815,target,3125370794.0,5
PEPE,1772597280000,1772597460000,3.4200000000000003e-06,3.43e-06,15.213786275323871,target,3128799234.0,5
PEPE,1772597880000,1772597940000,3.4200000000000003e-06,3.43e-06,15.216117518286076,target,3129278667.0,5
PEPE,1772598540000,1772598780000,3.41e-06,3.42e-06,15.272609379593112,target,3131237187.0,5
PEPE,1772599680000,1772599860000,3.41e-06,3.42e-06,15.27495796900591,target,3131718702.0,5
PEPE,1772600220000,1772600280000,3.4200000000000003e-06,3.43e-06,15.223129992113664,target,3130720821.0,5
PEPE,1772600820000,1772600880000,3.41e-06,3.42e-06,15.279647890110605,target,3132680244.0,5
PEPE,1772602020000,1772602680000,3.41e-06,3.42e-06,15.28199755744905,target,3133161980.0,5
PEPE,1772604060000,1772604120000,3.4200000000000003e-06,3.43e-06,15.230145699500078,target,3132163640.0,5
PEPE,1772604480000,1772605200000,3.4200000000000003e-06,3.43e-06,15.232479446651014,target,3132643588.0,5
PEPE,1772605680000,1772605800000,3.41e-06,3.42e-06,15.289032058661796,target,3134604215.0,5
PEPE,1772606220000,1772606520000,3.45e-06,3.46e-06,15.074782737749967,target,3129171300.0,5
PEPE,1772606880000,1772607000000,3.45e-06,3.46e-06,15.077068063400045,target,3129645680.0,5
PEPE,1772608080000,1772608140000,3.44e-06,3.45e-06,15.133443584978949,target,3131597224.0,5
PEPE,1772609700000,1772609880000,3.4600000000000003e-06,3.4700000000000002e-06,15.027600893890257,target,3129120436.0,5
PEPE,1772611140000,1772611200000,3.4700000000000002e-06,3.48e-06,14.97586661977333,target,3128118354.0,5
PEPE,1772668920000,1772669040000,3.65e-06,3.66e-06,14.014528703887965,target,3102275308.0,5
PEPE,1772671680000,1772672520000,3.63e-06,3.59e-06,-149.4033493182127,stop,3105614495.0,5
PEPE,1772673720000,1772673960000,3.62e-06,3.63e-06,14.154716342874226,target,3102403582.0,5
PEPE,1772674320000,1772674380000,3.61e-06,3.62e-06,14.209924246056708,target,3104298033.0,5
PEPE,1772674920000,1772675760000,3.61e-06,3.57e-06,-149.2216551175615,stop,3104741849.0,5
PEPE,1772677200000,1772677260000,3.61e-06,3.62e-06,14.190621889832382,target,3100081243.0,5
PEPE,1772677740000,1772677800000,3.61e-06,3.62e-06,14.192650697339893,target,3100524456.0,5
PEPE,1772678220000,1772678400000,3.5900000000000004e-06,3.6000000000000003e-06,14.301098667115365,target,3103873829.0,5
PEPE,1772679120000,1772679180000,3.6000000000000003e-06,3.61e-06,14.249916568910074,target,3102866972.0,5
PEPE,1772679720000,1772679780000,3.6000000000000003e-06,3.61e-06,14.25196148516053,target,3103312245.0,5
PEPE,1772680320000,1772680500000,3.61e-06,3.62e-06,14.20079924699304,target,3102304587.0,5
PEPE,1772681640000,1772681700000,3.6000000000000003e-06,3.61e-06,14.256044557506483,target,3104201319.0,5
PEPE,1772682120000,1772682180000,3.6000000000000003e-06,3.61e-06,14.258090355518577,target,3104646784.0,5
PEPE,1772684520000,1772684580000,3.61e-06,3.62e-06,14.206906117206392,target,3103638693.0,5
PEPE,1772685120000,1772685780000,3.62e-06,3.63e-06,14.155749133186845,target,3102629947.0,5
PEPE,1772686500000,1772686560000,3.61e-06,3.62e-06,14.210961068116745,target,3104524537.0,5
PEPE,1772686920000,1772687160000,3.61e-06,3.62e-06,14.212992782337391,target,3104968385.0,5
PEPE,1772687520000,1772687580000,3.62e-06,3.63e-06,14.161813881937142,target,3103959207.0,5
PEPE,1772688180000,1772688240000,3.6000000000000003e-06,3.61e-06,14.270317799510202,target,3107309265.0,5
PEPE,1772690340000,1772690580000,3.5900000000000004e-06,3.6000000000000003e-06,14.325691548537359,target,3109211405.0,5
PEPE,1772692500000,1772692560000,3.58e-06,3.59e-06,14.381138609850012,target,3111117060.0,5
PEPE,1772693520000,1772695380000,3.6000000000000003e-06,3.58e-06,-87.25986694523036,time,3108652189.0,5
PEPE,1772695980000,1772697060000,3.57e-06,3.53e-06,-149.20866320268118,stop,3110295757.0,5
PEPE,1772699880000,1772699940000,3.5500000000000003e-06,3.5600000000000002e-06,14.5091232576209,target,3108542744.0,5
PEPE,1772755440000,1772755500000,3.4700000000000002e-06,3.48e-06,14.940435385522859,target,3120717574.0,5
PEPE,1772756760000,1772756820000,3.48e-06,3.49e-06,14.88885025586602,target,3119717183.0,5
PEPE,1772757180000,1772757420000,3.48e-06,3.49e-06,14.891083151124564,target,3120185050.0,5
PEPE,1772757780000,1772757960000,3.48e-06,3.49e-06,14.893316385229458,target,3120652988.0,5
PEPE,1772758440000,1772758500000,3.4700000000000002e-06,3.48e-06,14.949408041425249,target,3122591758.0,5
PEPE,1772759100000,1772759280000,3.4700000000000002e-06,3.48e-06,14.95165812812377,target,3123061750.0,5
PEPE,1772760180000,1772760240000,3.4600000000000003e-06,3.4700000000000002e-06,15.007833650209525,target,3125004404.0,5
PEPE,1772762520000,1772762640000,3.5000000000000004e-06,3.5100000000000003e-06,14.794672235400903,target,3119593513.0,5
PEPE,1772763240000,1772763300000,3.49e-06,3.5e-06,14.85066404120745,target,3121526861.0,5
PEPE,1772764020000,1772765880000,3.49e-06,3.4700000000000002e-06,-86.86165881182785,time,3121993308.0,5
PEPE,1772768280000,1772770140000,3.49e-06,3.48e-06,-55.63989036505065,time,3119265052.0,5
PEPE,1772771640000,1772771820000,3.49e-06,3.5e-06,14.831589249345368,target,3117517446.0,5
PEPE,1772772960000,1772773020000,3.48e-06,3.49e-06,14.887584130705742,target,3119451887.0,5
PEPE,1772773320000,1772773440000,3.48e-06,3.49e-06,14.88981683506409,target,3119919714.0,5
PEPE,1772773920000,1772773980000,3.48e-06,3.49e-06,14.892049878270605,target,3120387612.0,5
PEPE,1772774580000,1772775180000,3.48e-06,3.49e-06,14.89428325555019,target,3120855580.0,5
PEPE,1772776620000,1772776680000,3.48e-06,3.49e-06,14.896516966904665,target,3121323618.0,5
PEPE,1772778000000,1772778060000,3.48e-06,3.49e-06,14.89875101233585,target,3121791726.0,5
PEPE,1772778480000,1772778540000,3.49e-06,3.5e-06,14.847158382181584,target,3120789991.0,5
PEPE,1772779620000,1772779800000,3.49e-06,3.5e-06,14.84937698521625,target,3121256329.0,5
PEPE,1772780340000,1772780520000,3.48e-06,3.49e-06,14.90543901725248,target,3123193089.0,5
PEPE,1772780940000,1772781900000,3.48e-06,3.49e-06,14.90767440375468,target,3123661478.0,5
PEPE,1772784240000,1772784360000,3.49e-06,3.5e-06,14.856050872820816,target,3122659143.0,5
PEPE,1772785320000,1772785860000,3.49e-06,3.45e-06,-149.26198788479977,stop,3123125760.0,5
PEPE,1772841720000,1772841780000,3.3800000000000002e-06,3.39e-06,15.430417401878746,target,3134670879.0,5
PEPE,1772842320000,1772842440000,3.39e-06,3.4e-06,15.378510513989184,target,3133675092.0,5
PEPE,1772844480000,1772844540000,3.3800000000000002e-06,3.39e-06,15.435205625923661,target,3135643601.0,5
PEPE,1772846820000,1772846880000,3.3800000000000002e-06,3.39e-06,15.437604517691495,target,3136130933.0,5
PEPE,1772848020000,1772848080000,3.3800000000000002e-06,3.39e-06,15.440003778651747,target,3136618340.0,5
PEPE,1772849280000,1772849340000,3.3800000000000002e-06,3.39e-06,15.44240341371817,target,3137105823.0,5
PEPE,1772850420000,1772850480000,3.3800000000000002e-06,3.39e-06,15.44480341797155,target,3137593381.0,5
PEPE,1772851980000,1772852040000,3.3800000000000002e-06,3.39e-06,15.44720380125942,target,3138081016.0,5
PEPE,1772852700000,1772852880000,3.39e-06,3.4e-06,15.395240441586342,target,3137084145.0,5
PEPE,1772853480000,1772854320000,3.41e-06,3.37e-06,-149.24636027957575,stop,3134604574.0,5
PEPE,1772854680000,1772854740000,3.3800000000000002e-06,3.39e-06,15.428801852145343,target,3134342682.0,5
PEPE,1772855640000,1772857500000,3.3800000000000002e-06,3.37e-06,-55.1416563754916,time,3134829811.0,5
PEPE,1772858520000,1772860380000,3.3800000000000002e-06,3.36e-06,-86.3949247354267,time,3133088839.0,5
PEPE,1772860920000,1772861040000,3.3700000000000003e-06,3.3800000000000002e-06,15.463475883937038,target,3131843217.0,5
PEPE,1772861580000,1772861700000,3.36e-06,3.37e-06,15.520220808118241,target,3133815408.0,5
PEPE,1772862720000,1772862900000,3.36e-06,3.37e-06,15.522649910318972,target,3134305888.0,5
PEPE,1772864040000,1772864100000,3.35e-06,3.36e-06,15.579481093307619,target,3136282052.0,5
PEPE,1772864820000,1772864880000,3.35e-06,3.36e-06,15.58192801426498,target,3136774638.0,5
PEPE,1772865420000,1772865840000,3.35e-06,3.36e-06,15.584375317715551,target,3137267301.0,5
PEPE,1772866380000,1772866500000,3.35e-06,3.36e-06,15.586823008633791,target,3137760042.0,5
PEPE,1772866980000,1772867100000,3.34e-06,3.35e-06,15.643758585825179,target,3139740810.0,5
PEPE,1772867580000,1772867640000,3.34e-06,3.35e-06,15.646224190897039,target,3140235663.0,5
PEPE,1772868420000,1772868480000,3.34e-06,3.35e-06,15.648690184603645,target,3140730594.0,5
PEPE,1772869140000,1772869380000,3.34e-06,3.35e-06,15.651156566946817,target,3141225603.0,5
PEPE,1772928480000,1772928540000,3.2400000000000003e-06,3.2500000000000002e-06,16.201699101867206,target,3156687599.0,5
PEPE,1772929320000,1772929380000,3.2400000000000003e-06,3.2500000000000002e-06,16.204342051947542,target,3157202543.0,5
PEPE,1772930520000,1772930760000,3.2400000000000003e-06,3.2500000000000002e-06,16.206985428025646,target,3157717570.0,5
PEPE,1772931900000,1772932020000,3.23e-06,3.24e-06,16.26475112850992,target,3159737956.0,5
PEPE,1772933220000,1772933280000,3.23e-06,3.24e-06,16.26741337947743,target,3160255149.0,5
PEPE,1772933820000,1772933880000,3.22e-06,3.23e-06,16.325268595036203,target,3162279631.0,5
PEPE,1772934540000,1772934600000,3.23e-06,3.24e-06,16.272748233032775,target,3161291546.0,5
PEPE,1772935020000,1772935080000,3.2400000000000003e-06,3.2500000000000002e-06,16.22025377712214,target,3160302733.0,5
PEPE,1772937420000,1772937480000,3.22e-06,3.23e-06,16.333286396349653,target,3163832716.0,5
PEPE,1772938020000,1772938260000,3.22e-06,3.18e-06,-149.30996502134408,stop,3164352337.0,5
PEPE,1772942100000,1772942160000,3.2000000000000003e-06,3.21e-06,16.421896119887236,target,3162618415.0,5
PEPE,1772942640000,1772942700000,3.2000000000000003e-06,3.21e-06,16.42461148064368,target,3163141354.0,5
PEPE,1772943180000,1772943540000,3.2000000000000003e-06,3.21e-06,16.427327287957294,target,3163664379.0,5
PEPE,1772945280000,1772945340000,3.19e-06,3.2e-06,16.485374850222307,target,3165698483.0,5
PEPE,1772946120000,1772946180000,3.19e-06,3.2e-06,16.488109886503285,target,3166223694.0,5
PEPE,1772946720000,1772947140000,3.2000000000000003e-06,3.21e-06,16.43549570317205,target,3165237497.0,5
PEPE,1772947740000,1772947860000,3.2000000000000003e-06,3.21e-06,16.43821330709017,target,3165760868.0,5
PEPE,1772948940000,1772949000000,3.2000000000000003e-06,3.21e-06,16.44093136275428,target,3166284326.0,5
PEPE,1772949480000,1772951340000,3.2000000000000003e-06,3.18e-06,-86.04216985506986,time,3166807871.0,5
PEPE,1772952360000,1772952420000,3.19e-06,3.2e-06,16.484752028012505,target,3165578882.0,5
PEPE,1772952720000,1772952780000,3.19e-06,3.2e-06,16.48748696014691,target,3166104073.0,5
PEPE,1772956320000,1772956380000,3.22e-06,3.23e-06,16.324337961487963,target,3162099363.0,5
PEPE,1772957820000,1772957880000,3.21e-06,3.22e-06,16.38227014160366,target,3164127502.0,5
PEPE,1772958720000,1772958900000,3.21e-06,3.22e-06,16.384969835074997,target,3164648930.0,5
PEPE,1773014880000,1773014940000,3.2000000000000003e-06,3.21e-06,16.442992047919752,target,3166681184.0,5
PEPE,1773015420000,1773015780000,3.21e-06,3.22e-06,16.390379670209292,target,3165693804.0,5
PEPE,1773017520000,1773019140000,3.22e-06,3.23e-06,16.337793129787073,target,3164705691.0,5
PEPE,1773019800000,1773019860000,3.22e-06,3.23e-06,16.34047641143773,target,3165225455.0,5
PEPE,1773020400000,1773020460000,3.22e-06,3.23e-06,16.343160137062256,target,3165745305.0,5
PEPE,1773024420000,1773024600000,3.23e-06,3.24e-06,16.290582215207813,target,3164756137.0,5
PEPE,1773025620000,1773025740000,3.2500000000000002e-06,3.26e-06,16.18286434738716,target,3162259765.0,5
PEPE,1773026880000,1773026940000,3.2500000000000002e-06,3.26e-06,16.185495249018736,target,3162773864.0,5
PEPE,1773029700000,1773029760000,3.2500000000000002e-06,3.26e-06,16.188126585638827,target,3163288048.0,5
PEPE,1773030180000,1773030300000,3.26e-06,3.27e-06,16.135618090246766,target,3162296539.0,5
PEPE,1773031980000,1773033720000,3.26e-06,3.27e-06,16.138232381634566,target,3162808894.0,5
PEPE,1773034020000,1773034080000,3.26e-06,3.27e-06,16.140847096530944,target,3163321332.0,5
PEPE,1773034740000,1773034800000,3.26e-06,3.27e-06,16.143462234932265,target,3163833853.0,5
PEPE,1773035340000,1773035400000,3.2900000000000003e-06,3.3e-06,15.980864470654348,target,3159834794.0,5
PEPE,1773036420000,1773036480000,3.3e-06,3.31e-06,15.928451915242523,target,3158840241.0,5
PEPE,1773042720000,1773042840000,3.2500000000000002e-06,3.26e-06,16.206441406807865,target,3166866909.0,5
PEPE,1773043500000,1773043560000,3.2400000000000003e-06,3.2500000000000002e-06,16.264331384305624,target,3168890674.0,5
PEPE,1773044040000,1773044100000,3.2400000000000003e-06,3.2500000000000002e-06,16.26698454805841,target,3169407608.0,5
PEPE,1773045540000,1773045780000,3.26e-06,3.27e-06,16.159144227818253,target,3166907247.0,5
PEPE,1773046920000,1773048060000,3.26e-06,3.27e-06,16.161762330772355,target,3167420349.0,5
PEPE,1773048420000,1773048780000,3.26e-06,3.27e-06,16.164380857233215,target,3167933534.0,5
PEPE,1773049500000,1773049560000,3.27e-06,3.28e-06,16.111804874138095,target,3166939533.0,5
PEPE,1773052140000,1773052200000,3.2500000000000002e-06,3.26e-06,16.224866658507132,target,3170467349.0,5
PEPE,1773055320000,1773055380000,3.23e-06,3.24e-06,16.338193234037476,target,3174005485.0,5
PEPE,1773100980000,1773101100000,3.26e-06,3.27e-06,16.174886103643118,target,3169992377.0,5
PEPE,1773101640000,1773101760000,3.26e-06,3.27e-06,16.17750675784722,target,3170505979.0,5
PEPE,1773102120000,1773102180000,3.27e-06,3.28e-06,16.124888082462128,target,3169511171.0,5
PEPE,1773102840000,1773102960000,3.2900000000000003e-06,3.3e-06,16.01715191683371,target,3167009771.0,5
PEPE,1773103980000,1773104040000,3.2900000000000003e-06,3.3e-06,16.019720459241345,target,3167517639.0,5
PEPE,1773105120000,1773105180000,3.2900000000000003e-06,3.3e-06,16.022289416367936,target,3168025589.0,5
PEPE,1773107520000,1773109380000,3.2900000000000003e-06,3.26e-06,-118.3684947091495,time,3168533620.0,5
PEPE,1773111120000,1773111720000,3.3300000000000003e-06,3.34e-06,15.785980356352256,target,3158775459.0,5
PEPE,1773112080000,1773112140000,3.31e-06,3.32e-06,15.898338321651988,target,3162275151.0,5
PEPE,1773118020000,1773118680000,3.31e-06,3.32e-06,15.900870281257006,target,3162778773.0,5
PEPE,1773119220000,1773121020000,3.31e-06,3.27e-06,-149.90004828406046,stop,3163282475.0,5
PEPE,1773123240000,1773123300000,3.2800000000000004e-06,3.2900000000000003e-06,16.04451790940169,target,3163039509.0,5
PEPE,1773124320000,1773124380000,3.2900000000000003e-06,3.3e-06,15.99204248129235,target,3162044979.0,5
PEPE,1773125100000,1773125160000,3.2900000000000003e-06,3.3e-06,15.994606997932442,target,3162552051.0,5
PEPE,1773125520000,1773126480000,3.3e-06,3.31e-06,15.942149372325623,target,3161556643.0,5
PEPE,1773127380000,1773127440000,3.3e-06,3.31e-06,15.94469709040876,target,3162061892.0,5
PEPE,1773129300000,1773129360000,3.31e-06,3.32e-06,15.892257344217569,target,3161065608.0,5
PEPE,1773129900000,1773129960000,3.32e-06,3.33e-06,15.839843907624795,target,3160068610.0,5
PEPE,1773130920000,1773131580000,3.35e-06,3.36e-06,15.677810888028715,target,3156076676.0,5
PEPE,1773132720000,1773133260000,3.35e-06,3.36e-06,15.680273252942897,target,3156572371.0,5
PEPE,1773139020000,1773139200000,3.3700000000000003e-06,3.3800000000000002e-06,15.573263349187998,target,3154078653.0,5
PEPE,1773139620000,1773139740000,3.3700000000000003e-06,3.3800000000000002e-06,15.57569221899915,target,3154570576.0,5
PEPE,1773140220000,1773142080000,3.39e-06,3.37e-06,-86.98946736147413,time,3152077810.0,5
PEPE,1773142620000,1773142680000,3.3700000000000003e-06,3.3800000000000002e-06,15.564554231186385,target,3152314781.0,5
PEPE,1773188220000,1773188340000,3.2900000000000003e-06,3.3e-06,16.00594390004795,target,3164793653.0,5
PEPE,1773189420000,1773190080000,3.2800000000000004e-06,3.2900000000000003e-06,16.063624561093214,target,3166806222.0,5
PEPE,1773191220000,1773191280000,3.3e-06,3.31e-06,15.956016227155938,target,3164306639.0,5
PEPE,1773193620000,1773193680000,3.27e-06,3.28e-06,16.123961022949086,target,3169328948.0,5
PEPE,1773194280000,1773194460000,3.2800000000000004e-06,3.2900000000000003e-06,16.07137154686468,target,3168333474.0,5
PEPE,1773195120000,1773196740000,3.2900000000000003e-06,3.2500000000000002e-06,-149.94966513105774,stop,3167337279.0,5
PEPE,1773197280000,1773197340000,3.27e-06,3.28e-06,16.104947616038626,target,3165591669.0,5
PEPE,1773198120000,1773198180000,3.2900000000000003e-06,3.3e-06,15.997344678313084,target,3163093362.0,5
PEPE,1773198960000,1773199980000,3.2900000000000003e-06,3.3e-06,15.999910044614449,target,3163600602.0,5
PEPE,1773200520000,1773200580000,3.2900000000000003e-06,3.3e-06,16.002475825627492,target,3164107924.0,5
PEPE,1773201780000,1773201840000,3.2800000000000004e-06,3.2900000000000003e-06,16.060143989132914,target,3166120057.0,5
PEPE,1773205620000,1773205680000,3.3e-06,3.31e-06,15.952558968136323,target,3163621015.0,5
PEPE,1773211320000,1773211920000,3.2800000000000004e-06,3.2900000000000003e-06,16.065295285347588,target,3167135591.0,5
PEPE,1773214620000,1773215220000,3.27e-06,3.28e-06,16.123061385062627,target,3169152115.0,5
PEPE,1773215820000,1773216060000,3.27e-06,3.28e-06,16.125664724950468,target,3169663828.0,5
PEPE,1773216900000,1773216960000,3.27e-06,3.28e-06,16.128268482013265,target,3170175623.0,5
PEPE,1773218820000,1773218940000,3.27e-06,3.28e-06,16.13087266133641,target,3170687501.0,5
PEPE,1773219720000,1773219840000,3.26e-06,3.27e-06,16.188746437693997,target,3172708758.0,5
PEPE,1773220380000,1773220500000,3.26e-06,3.27e-06,16.191369336999763,target,3173222800.0,5
PEPE,1773220980000,1773221160000,3.27e-06,3.28e-06,16.13870557475036,target,3172227140.0,5
PEPE,1773221520000,1773221640000,3.27e-06,3.28e-06,16.14131143803678,target,3172739349.0,5
PEPE,1773222120000,1773223980000,3.27e-06,3.2500000000000002e-06,-86.71703421942479,time,3173251641.0,5
PEPE,1773224640000,1773224700000,3.27e-06,3.28e-06,16.129915804338246,target,3170499421.0,5
PEPE,1773225180000,1773225300000,3.27e-06,3.28e-06,16.13252025329813,target,3171011352.0,5
PEPE,1773274320000,1773274380000,3.3300000000000003e-06,3.34e-06,15.80457742816364,target,3162496734.0,5
PEPE,1773275220000,1773276060000,3.3300000000000003e-06,3.34e-06,15.807077062721405,target,3162996911.0,5
PEPE,1773277440000,1773277860000,3.32e-06,3.33e-06,15.864555031375495,target,3164998510.0,5
PEPE,1773280200000,1773280560000,3.31e-06,3.32e-06,15.92211176035137,target,3167003831.0,5
PEPE,1773281820000,1773282840000,3.32e-06,3.28e-06,-150.10029515359935,stop,3166004960.0,5
PEPE,1773285900000,1773285960000,3.2900000000000003e-06,3.3e-06,16.010829389414567,target,3165759642.0,5
PEPE,1773287220000,1773288720000,3.2900000000000003e-06,3.3e-06,16.013396915267272,target,3166267309.0,5
PEPE,1773289920000,1773289980000,3.2800000000000004e-06,3.2900000000000003e-06,16.071104439160063,target,3168280816.0,5
PEPE,1773290520000,1773290580000,3.2800000000000004e-06,3.2900000000000003e-06,16.073690506181922,target,3168790637.0,5
PEPE,1773291420000,1773291840000,3.2800000000000004e-06,3.2900000000000003e-06,16.076276989150738,target,3169300540.0,5
PEPE,1773294120000,1773294180000,3.27e-06,3.28e-06,16.134082578761856,target,3171318443.0,5
PEPE,1773294780000,1773294960000,3.27e-06,3.28e-06,16.136687694186406,target,3171830505.0,5
PEPE,1773295980000,1773296040000,3.27e-06,3.28e-06,16.139293236962157,target,3172342651.0,5
PEPE,1773297180000,1773297240000,3.27e-06,3.28e-06,16.141899191823832,target,3172854878.0,5
PEPE,1773297780000,1773297840000,3.27e-06,3.28e-06,16.14450557403852,target,3173367189.0,5
PEPE,1773299220000,1773299400000,3.27e-06,3.28e-06,16.147112373424527,target,3173879582.0,5
PEPE,1773300120000,1773300180000,3.27e-06,3.28e-06,16.149719595074515,target,3174392058.0,5
PEPE,1773301920000,1773301980000,3.3e-06,3.31e-06,15.986641407168161,target,3170380051.0,5
PEPE,1773302520000,1773302580000,3.2900000000000003e-06,3.3e-06,16.044381173153806,target,3172393707.0,5
PEPE,1773303840000,1773303900000,3.3e-06,3.31e-06,15.991760301040859,target,3171395201.0,5
PEPE,1773304620000,1773304740000,3.2900000000000003e-06,3.3e-06,16.049518551306033,target,3173409501.0,5
PEPE,1773305220000,1773305280000,3.2900000000000003e-06,3.3e-06,16.05209228776774,target,3173918396.0,5
PEPE,1773305820000,1773305940000,3.2900000000000003e-06,3.3e-06,16.054666433888922,target,3174427372.0,5
PEPE,1773308520000,1773308640000,3.2800000000000004e-06,3.2900000000000003e-06,16.11252267992985,target,3176446068.0,5
PEPE,1773361620000,1773361860000,3.4200000000000003e-06,3.43e-06,15.323229373348353,target,3151306812.0,6
PEPE,1773362220000,1773362520000,3.43e-06,3.39e-06,-150.13550207631212,stop,3150301675.0,6
PEPE,1773362820000,1773363060000,3.4e-06,3.41e-06,15.411542563230107,target,3150034249.0,6
PEPE,1773363780000,1773363960000,3.4200000000000003e-06,3.43e-06,15.304933322398945,target,3147544128.0,6
PEPE,1773364500000,1773364560000,3.43e-06,3.44e-06,15.25285357587241,target,3146540191.0,6
PEPE,1773364920000,1773365280000,3.44e-06,3.45e-06,15.200800603363913,target,3145535562.0,6
PEPE,1773366420000,1773366480000,3.44e-06,3.45e-06,15.203113302553849,target,3146014134.0,6
PEPE,1773367020000,1773368880000,3.45e-06,3.43e-06,-87.21895271891395,time,3145008662.0,6
PEPE,1773369900000,1773369960000,3.4200000000000003e-06,3.43e-06,15.30090986622444,target,3146716682.0,6
PEPE,1773371520000,1773371580000,3.44e-06,3.45e-06,15.194484511367444,target,3144228559.0,6
PEPE,1773372720000,1773372780000,3.43e-06,3.44e-06,15.251163819778226,target,3146191608.0,6
PEPE,1773373740000,1773373860000,3.4200000000000003e-06,3.43e-06,15.307919714298583,target,3148158296.0,6
PEPE,1773374220000,1773374280000,3.4600000000000003e-06,3.4700000000000002e-06,15.09283104223902,target,3142702976.0,6
PEPE,1773378180000,1773378240000,3.43e-06,3.44e-06,15.258134292098369,target,3147629560.0,6
PEPE,1773379320000,1773379800000,3.44e-06,3.45e-06,15.206063297346088,target,3146624583.0,6
PEPE,1773380280000,1773380340000,3.45e-06,3.46e-06,15.154019127828105,target,3145618916.0,6
PEPE,1773382560000,1773382680000,3.44e-06,3.45e-06,15.210682379648306,target,3147580420.0,6
PEPE,1773383340000,1773383940000,3.43e-06,3.44e-06,15.267422102101246,target,3149545560.0,6
PEPE,1773385620000,1773385680000,3.44e-06,3.45e-06,15.215319414690997,target,3148539972.0,6
PEPE,1773386460000,1773386640000,3.45e-06,3.46e-06,15.163243561210724,target,3147533692.0,6
PEPE,1773387960000,1773388020000,3.45e-06,3.46e-06,15.165542298779025,target,3148010856.0,6
PEPE,1773388920000,1773389220000,3.44e-06,3.45e-06,15.222248639789504,target,3149973852.0,6
PEPE,1773390420000,1773390660000,3.45e-06,3.46e-06,15.170149071694855,target,3148967114.0,6
PEPE,1773391620000,1773391800000,3.4600000000000003e-06,3.4700000000000002e-06,15.118076396817722,target,3147959687.0,6
PEPE,1773446520000,1773446760000,3.36e-06,3.37e-06,15.666485159814552,target,3163348846.0,6
PEPE,1773448320000,1773448560000,3.3800000000000002e-06,3.39e-06,15.55928146192705,target,3160849459.0,6
PEPE,1773448920000,1773448980000,3.3800000000000002e-06,3.39e-06,15.561699635128846,target,3161340708.0,6
PEPE,1773450120000,1773450180000,3.3700000000000003e-06,3.3800000000000002e-06,15.618937105373718,target,3163329034.0,6
PEPE,1773451920000,1773451980000,3.4e-06,3.41e-06,15.457046213519838,target,3159334944.0,6
PEPE,1773455040000,1773455100000,3.39e-06,3.4e-06,15.514163849827678,target,3161317137.0,6
PEPE,1773455580000,1773455700000,3.4e-06,3.41e-06,15.461825799512381,target,3160311865.0,6
PEPE,1773457380000,1773457500000,3.4e-06,3.41e-06,15.464211920687427,target,3160799575.0,6
PEPE,1773459120000,1773459180000,3.41e-06,3.42e-06,15.411892537741354,target,3159793447.0,6
PEPE,1773461580000,1773461700000,3.4e-06,3.41e-06,15.468976829179852,target,3161773496.0,6
PEPE,1773462240000,1773462360000,3.39e-06,3.4e-06,15.526138552243255,target,3163757219.0,6
PEPE,1773462720000,1773462840000,3.4e-06,3.41e-06,15.473760099223245,target,3162751170.0,6
PEPE,1773463920000,1773464160000,3.4200000000000003e-06,3.3800000000000002e-06,-150.53855624209382,stop,3160250997.0,6
PEPE,1773466020000,1773466620000,3.39e-06,3.35e-06,-150.31257906696985,stop,3159984844.0,6
PEPE,1773468240000,1773468420000,3.3700000000000003e-06,3.3800000000000002e-06,15.593756042997272,target,3158229072.0,6
PEPE,1773469020000,1773469500000,3.36e-06,3.32e-06,-150.1103492524986,stop,3160217879.0,6
PEPE,1773472320000,1773472500000,3.34e-06,3.35e-06,15.737057981008887,target,3158466228.0,6
PEPE,1773473100000,1773473340000,3.34e-06,3.35e-06,15.739538289439277,target,3158964032.0,6
PEPE,1773474000000,1773474180000,3.34e-06,3.35e-06,15.742018991488195,target,3159461915.0,6
PEPE,1773474720000,1773474780000,3.34e-06,3.35e-06,15.744500082170038,target,3159959876.0,6
PEPE,1773477240000,1773477360000,3.34e-06,3.35e-06,15.746981561486628,target,3160457915.0,6
PEPE,1773479520000,1773479640000,3.34e-06,3.35e-06,15.749463434421745,target,3160956033.0,6
PEPE,1773480780000,1773480960000,3.34e-06,3.35e-06,15.751945700975387,target,3161454230.0,6
PEPE,1773481440000,1773481500000,3.34e-06,3.35e-06,15.75442835616196,target,3161952505.0,6
PEPE,1773532980000,1773533160000,3.35e-06,3.36e-06,15.702029780286594,target,3160952145.0,6
PEPE,1773533640000,1773533700000,3.35e-06,3.36e-06,15.704495950304153,target,3161448606.0,6
PEPE,1773534780000,1773534840000,3.34e-06,3.35e-06,15.761861364259515,target,3163444328.0,6
PEPE,1773535320000,1773535380000,3.34e-06,3.35e-06,15.764345583950812,target,3163942917.0,6
PEPE,1773535980000,1773536040000,3.3300000000000003e-06,3.34e-06,15.821798458342133,target,3165942663.0,6
PEPE,1773536520000,1773536640000,3.3300000000000003e-06,3.34e-06,15.824300816535933,target,3166443385.0,6
PEPE,1773538980000,1773539040000,3.34e-06,3.35e-06,15.77181791891994,target,3165442633.0,6
PEPE,1773540780000,1773540900000,3.36e-06,3.37e-06,15.664471359405189,target,3162942223.0,6
PEPE,1773542040000,1773542400000,3.36e-06,3.37e-06,15.666923040054499,target,3163437262.0,6
PEPE,1773544140000,1773546000000,3.3800000000000002e-06,3.37e-06,-55.6008959899502,time,3160937805.0,6
PEPE,1773546660000,1773546720000,3.36e-06,3.37e-06,15.660672890958608,target,3162175243.0,6
PEPE,1773547080000,1773547140000,3.36e-06,3.37e-06,15.663123977304352,target,3162670162.0,6
PEPE,1773548820000,1773548940000,3.35e-06,3.36e-06,15.72046945820637,target,3164664209.0,6
PEPE,1773549780000,1773549840000,3.35e-06,3.36e-06,15.72293852427617,target,3165161253.0,6
PEPE,1773550320000,1773550380000,3.35e-06,3.36e-06,15.725407972844636,target,3165658374.0,6
PEPE,1773551100000,1773551160000,3.35e-06,3.36e-06,15.727877813844316,target,3166155574.0,6
PEPE,1773551520000,1773551580000,3.35e-06,3.36e-06,15.73034804230985,target,3166652852.0,6
PEPE,1773552180000,1773552240000,3.36e-06,3.37e-06,15.677881520998234,target,3165649979.0,6
PEPE,1773552960000,1773553080000,3.35e-06,3.36e-06,15.735281033087965,target,3167645905.0,6
PEPE,1773553860000,1773553920000,3.35e-06,3.36e-06,15.737752423945594,target,3168143417.0,6
PEPE,1773555420000,1773555540000,3.35e-06,3.36e-06,15.740224202270893,target,3168641007.0,6
PEPE,1773556380000,1773556440000,3.34e-06,3.35e-06,15.797720127773557,target,3170641270.0,6
PEPE,1773556920000,1773557340000,3.34e-06,3.35e-06,15.80020999762275,target,3171140993.0,6
PEPE,1773558060000,1773558180000,3.34e-06,3.35e-06,15.802700256103051,target,3171640794.0,6
PEPE,1773619920000,1773620160000,3.4700000000000002e-06,3.48e-06,15.093590603249936,target,3152708220.0,6
PEPE,1773622020000,1773622080000,3.4700000000000002e-06,3.48e-06,15.095862391684971,target,3153182745.0,6
PEPE,1773623340000,1773624060000,3.48e-06,3.49e-06,15.043740612283592,target,3152171946.0,6
PEPE,1773624420000,1773624540000,3.5000000000000004e-06,3.5100000000000003e-06,14.937346212441158,target,3149677641.0,6
PEPE,1773626220000,1773626460000,3.52e-06,3.48e-06,-150.62425921553879,stop,3147184689.0,6
PEPE,1773627480000,1773627540000,3.49e-06,3.5e-06,14.971370294072281,target,3146898643.0,6
PEPE,1773628380000,1773628620000,3.48e-06,3.49e-06,15.027892896062692,target,3148851314.0,6
PEPE,1773629220000,1773629280000,3.48e-06,3.49e-06,15.030146647146356,target,3149323551.0,6
PEPE,1773630000000,1773630300000,3.5000000000000004e-06,3.5100000000000003e-06,14.923848388750043,target,3146831500.0,6
PEPE,1773630840000,1773631260000,3.52e-06,3.53e-06,14.817706024712965,target,3144340801.0,6
PEPE,1773632940000,1773633120000,3.57e-06,3.58e-06,14.549834843423644,target,3137430694.0,6
PEPE,1773633480000,1773633540000,3.58e-06,3.59e-06,14.498078064770862,target,3136414941.0,6
PEPE,1773634020000,1773634080000,3.62e-06,3.63e-06,14.285174547062262,target,3130997161.0,6
PEPE,1773634620000,1773635520000,3.6400000000000003e-06,3.6000000000000003e-06,-150.57544235159904,stop,3128515320.0,6
PEPE,1773636060000,1773636120000,3.62e-06,3.63e-06,14.265762341438913,target,3126742431.0,6
PEPE,1773637080000,1773637140000,3.67e-06,3.68e-06,14.000499504637972,target,3119888469.0,6
PEPE,1773638280000,1773638340000,3.6900000000000002e-06,3.7e-06,13.895872543942247,target,3117413919.0,6
PEPE,1773638820000,1773639000000,3.7300000000000003e-06,3.74e-06,13.685198366995968,target,3112040561.0,6
PEPE,1773640080000,1773640320000,3.7700000000000003e-06,3.7300000000000003e-06,-150.4332435809365,stop,3106680646.0,6
PEPE,1773641340000,1773641520000,3.76e-06,3.77e-06,13.507806098359532,target,3103459184.0,6
PEPE,1773641880000,1773641940000,3.81e-06,3.82e-06,13.246049837814558,target,3096680266.0,6
PEPE,1773642420000,1773642480000,3.7800000000000002e-06,3.79e-06,13.405824910660725,target,3101405416.0,6
PEPE,1773644220000,1773644400000,3.88e-06,3.89e-06,12.882515236067801,target,3087481183.0,6
PEPE,1773645660000,1773645720000,3.95e-06,3.96e-06,12.519431989705959,target,3077918129.0,6
PEPE,1773706320000,1773706440000,3.99e-06,4e-06,12.313602627932795,target,3072639458.0,6
PEPE,1773707520000,1773707760000,4e-06,4.01e-06,12.263381026136555,target,3071604515.0,6
PEPE,1773709320000,1773709500000,3.99e-06,3.95e-06,-150.34273382495635,stop,3073393649.0,6
PEPE,1773710520000,1773710940000,3.99e-06,4e-06,12.298136254755905,target,3068780101.0,6
PEPE,1773711420000,1773711780000,3.99e-06,3.95e-06,-150.13551161490886,stop,3069157492.0,6
PEPE,1773714480000,1773714540000,3.96e-06,3.97e-06,12.436250564097959,target,3068784840.0,6
PEPE,1773715620000,1773716460000,3.96e-06,3.920000000000001e-06,-149.9288078034496,stop,3069166997.0,6
PEPE,1773718020000,1773718080000,3.94e-06,3.95e-06,12.522601022057543,target,3067385431.0,6
PEPE,1773721020000,1773721200000,3.9e-06,3.91e-06,12.731717913342045,target,3073438241.0,6
PEPE,1773728820000,1773728880000,3.81e-06,3.82e-06,13.20319366797571,target,3086661290.0,6
PEPE,1773730380000,1773731460000,3.8e-06,3.81e-06,13.257396028313503,target,3088502278.0,6
PEPE,1773731820000,1773731880000,3.8e-06,3.81e-06,13.259157734702624,target,3088912693.0,6
PEPE,1773732540000,1773732660000,3.79e-06,3.8e-06,13.313437130053607,target,3090757314.0,6
PEPE,1773733140000,1773733200000,3.79e-06,3.8e-06,13.315213288911673,target,3091169655.0,6
PEPE,1773734400000,1773734520000,3.81e-06,3.82e-06,13.211975469578611,target,3088714312.0,6
PEPE,1773734820000,1773734940000,3.81e-06,3.82e-06,13.213724192853794,target,3089123131.0,6
PEPE,1773735420000,1773735600000,3.8e-06,3.81e-06,13.26796978648852,target,3090965588.0,6
PEPE,1773736080000,1773736140000,3.8e-06,3.81e-06,13.269732896526406,target,3091376330.0,6
PEPE,1773736740000,1773736800000,3.8e-06,3.81e-06,13.27149623835371,target,3091787126.0,6
PEPE,1773738060000,1773738180000,3.79e-06,3.8e-06,13.325826146179672,target,3093633464.0,6
PEPE,1773739680000,1773739740000,3.79e-06,3.8e-06,13.327603959118534,target,3094046189.0,6
PEPE,1773740340000,1773740400000,3.79e-06,3.8e-06,13.329382008967213,target,3094458969.0,6
PEPE,1773745020000,1773745140000,3.75e-06,3.76e-06,13.541998935073726,target,3100629407.0,6
PEPE,1773745740000,1773745800000,3.75e-06,3.76e-06,13.543834158572436,target,3101049607.0,6
PEPE,1773792900000,1773792960000,3.66e-06,3.67e-06,14.023066236650127,target,3114506660.0,6
PEPE,1773794940000,1773795120000,3.67e-06,3.68e-06,13.971783996623634,target,3113489470.0,6
PEPE,1773796620000,1773796680000,3.6800000000000003e-06,3.6900000000000002e-06,13.920529378590967,target,3112471633.0,6
PEPE,1773797220000,1773797280000,3.6800000000000003e-06,3.6900000000000002e-06,13.922467563301248,target,3112904989.0,6
PEPE,1773798540000,1773798660000,3.6900000000000002e-06,3.7e-06,13.871233467529498,target,3111886364.0,6
PEPE,1773799020000,1773799740000,3.6900000000000002e-06,3.7e-06,13.873157418135714,target,3112317985.0,6
PEPE,1773800940000,1773801000000,3.71e-06,3.72e-06,13.768855725816865,target,3109848837.0,6
PEPE,1773801420000,1773801480000,3.7300000000000003e-06,3.74e-06,13.664708158578426,target,3107381048.0,6
PEPE,1773802020000,1773802080000,3.7200000000000004e-06,3.7300000000000003e-06,13.719578359474227,target,3109252886.0,6
PEPE,1773803280000,1773803640000,3.7300000000000003e-06,3.74e-06,13.668448271906355,target,3108231557.0,6
PEPE,1773804720000,1773804840000,3.7800000000000002e-06,3.79e-06,13.405961817201849,target,3101437089.0,6
PEPE,1773805440000,1773806880000,3.74e-06,3.7e-06,-150.26924381821976,stop,3107625764.0,6
PEPE,1773810960000,1773811020000,3.71e-06,3.72e-06,13.757563612869793,target,3107298388.0,6
PEPE,1773811560000,1773811860000,3.7e-06,3.71e-06,13.812509142291608,target,3109174821.0,6
PEPE,1773812400000,1773812580000,3.6900000000000002e-06,3.7e-06,13.867526387655278,target,3111054714.0,6
PEPE,1773814020000,1773814080000,3.6800000000000003e-06,3.6900000000000002e-06,13.922615535964205,target,3112938074.0,6
PEPE,1773814680000,1773814740000,3.6800000000000003e-06,3.6900000000000002e-06,13.924554011386842,target,3113371495.0,6
PEPE,1773815460000,1773815520000,3.6800000000000003e-06,3.6900000000000002e-06,13.926492759630806,target,3113804977.0,6
PEPE,1773816000000,1773816420000,3.6800000000000003e-06,3.6900000000000002e-06,13.928431776227434,target,3114238519.0,6
PEPE,1773817020000,1773817080000,3.67e-06,3.68e-06,13.98361606222559,target,3116126142.0,6
PEPE,1773818280000,1773818340000,3.66e-06,3.67e-06,14.038872654617288,target,3118017247.0,6
PEPE,1773819180000,1773819240000,3.65e-06,3.66e-06,14.094201746233539,target,3119911842.0,6
PEPE,1773820380000,1773820440000,3.66e-06,3.67e-06,14.042819645172756,target,3118893869.0,6
PEPE,1773821640000,1773821700000,3.66e-06,3.67e-06,14.04478981310215,target,3119331441.0,6
PEPE,1773878760000,1773880260000,3.52e-06,3.53e-06,14.798675286200782,target,3140302448.0,6
PEPE,1773880620000,1773880740000,3.5100000000000003e-06,3.52e-06,14.854957767781334,target,3142243843.0,6
PEPE,1773883140000,1773883200000,3.5100000000000003e-06,3.52e-06,14.857161458815217,target,3142709986.0,6
PEPE,1773883620000,1773883740000,3.5100000000000003e-06,3.52e-06,14.859365480771926,target,3143176199.0,6
PEPE,1773884340000,1773884400000,3.5100000000000003e-06,3.52e-06,14.861569828926148,target,3143642481.0,6
PEPE,1773884820000,1773884880000,3.5100000000000003e-06,3.52e-06,14.863774503279704,target,3144108832.0,6
PEPE,1773886320000,1773886380000,3.5100000000000003e-06,3.52e-06,14.865979508557903,target,3144575253.0,6
PEPE,1773886920000,1773886980000,3.5100000000000003e-06,3.52e-06,14.868184835304666,target,3145041742.0,6
PEPE,1773888120000,1773888180000,3.5100000000000003e-06,3.52e-06,14.870390492976075,target,3145508301.0,6
PEPE,1773888720000,1773888780000,3.5100000000000003e-06,3.52e-06,14.872596476846816,target,3145974929.0,6
PEPE,1773889380000,1773889440000,3.5100000000000003e-06,3.52e-06,14.87480278691507,target,3146441626.0,6
PEPE,1773891180000,1773891540000,3.5500000000000003e-06,3.5100000000000003e-06,-150.54023024348484,stop,3140999014.0,6
PEPE,1773893820000,1773894000000,3.5000000000000004e-06,3.5100000000000003e-06,14.90882219009602,target,3143663087.0,6
PEPE,1773897120000,1773898500000,3.49e-06,3.45e-06,-150.33663054045797,stop,3145611352.0,6
PEPE,1773899220000,1773899280000,3.4700000000000002e-06,3.48e-06,15.051179725412398,target,3143849551.0,6
PEPE,1773900780000,1773900840000,3.4700000000000002e-06,3.48e-06,15.053445132111852,target,3144322743.0,6
PEPE,1773901320000,1773901380000,3.4700000000000002e-06,3.48e-06,15.055710873936883,target,3144796005.0,6
PEPE,1773902640000,1773902700000,3.4700000000000002e-06,3.48e-06,15.05797696046178,target,3145269339.0,6
PEPE,1773903120000,1773904620000,3.48e-06,3.44e-06,-150.20135164828955,stop,3144261077.0,6
PEPE,1773907200000,1773907320000,3.4600000000000003e-06,3.4700000000000002e-06,15.091863107968823,target,3142501428.0,6
PEPE,1773908640000,1773908700000,3.45e-06,3.46e-06,15.148429209149164,target,3144458580.0,6
PEPE,1773909120000,1773909180000,3.44e-06,3.45e-06,15.205071562031751,target,3146419361.0,6
PEPE,1773910320000,1773910920000,3.4600000000000003e-06,3.4700000000000002e-06,15.098727907123171,target,3143930850.0,6
PEPE,1773911220000,1773911340000,3.45e-06,3.46e-06,15.155319742027725,target,3145888893.0,6
PEPE,1773964980000,1773965040000,3.41e-06,3.42e-06,15.375407911016271,target,3152313257.0,6
PEPE,1773966240000,1773966420000,3.41e-06,3.42e-06,15.37777230352961,target,3152798012.0,6
PEPE,1773966720000,1773966780000,3.41e-06,3.42e-06,15.380137061854386,target,3153282842.0,6
PEPE,1773968100000,1773968160000,3.4200000000000003e-06,3.43e-06,15.327952212624673,target,3152278090.0,6
PEPE,1773968520000,1773968640000,3.43e-06,3.44e-06,15.275794136940558,target,3151272643.0,6
PEPE,1773969120000,1773969180000,3.4200000000000003e-06,3.43e-06,15.332641695150212,target,3153242508.0,6
PEPE,1773970380000,1773970440000,3.43e-06,3.44e-06,15.280467660166032,target,3152236753.0,6
PEPE,1773971640000,1773971700000,3.44e-06,3.45e-06,15.228320453743821,target,3151230306.0,6
PEPE,1773972240000,1773972300000,3.43e-06,3.44e-06,15.285125971937202,target,3153197725.0,6
PEPE,1773975120000,1773975180000,3.4200000000000003e-06,3.43e-06,15.342008255964053,target,3155168793.0,6
PEPE,1773978240000,1773978300000,3.4200000000000003e-06,3.43e-06,15.34435914828695,target,3155652267.0,6
PEPE,1773979500000,1773979620000,3.4200000000000003e-06,3.43e-06,15.346710400436598,target,3156135815.0,6
PEPE,1773980640000,1773980700000,3.43e-06,3.44e-06,15.29448849160717,target,3155129137.0,6
PEPE,1773981120000,1773982440000,3.43e-06,3.44e-06,15.296823769883217,target,3155610886.0,6
PEPE,1773983520000,1773983580000,3.4600000000000003e-06,3.4700000000000002e-06,15.13569769139859,target,3151628879.0,6
PEPE,1773984180000,1773984420000,3.4700000000000002e-06,3.48e-06,15.08359128233742,target,3150619589.0,6
PEPE,1773984780000,1773984840000,3.45e-06,3.46e-06,15.194714756745848,target,3154066374.0,6
PEPE,1773985920000,1773985980000,3.4700000000000002e-06,3.48e-06,15.088148570611473,target,3151571503.0,6
PEPE,1773987120000,1773987180000,3.4700000000000002e-06,3.48e-06,15.09041954038569,target,3152045857.0,6
PEPE,1773988020000,1773988260000,3.4600000000000003e-06,3.4700000000000002e-06,15.14711641315152,target,3154006541.0,6
PEPE,1773988860000,1773988920000,3.45e-06,3.46e-06,15.20388960841487,target,3155970858.0,6
PEPE,1773989580000,1773989640000,3.45e-06,3.46e-06,15.206194512384071,target,3156449302.0,6
PEPE,1773992400000,1773992460000,3.45e-06,3.46e-06,15.208499758397831,target,3156927817.0,6
PEPE,1773992880000,1773994200000,3.45e-06,3.46e-06,15.210805360903509,target,3157406406.0,6
PEPE,1774051620000,1774051680000,3.41e-06,3.42e-06,15.431699299474094,target,3163854290.0,6
PEPE,1774052820000,1774052880000,3.4200000000000003e-06,3.43e-06,15.379339501622521,target,3162846170.0,6
PEPE,1774053480000,1774053540000,3.4200000000000003e-06,3.43e-06,15.381696112250697,target,3163330820.0,6
PEPE,1774054260000,1774054320000,3.4200000000000003e-06,3.43e-06,15.38405308269835,target,3163815544.0,6
PEPE,1774057200000,1774057380000,3.4200000000000003e-06,3.43e-06,15.386410417836506,target,3164300343.0,6
PEPE,1774058580000,1774058640000,3.41e-06,3.42e-06,15.443534519082327,target,3166280783.0,6
PEPE,1774059780000,1774059900000,3.4200000000000003e-06,3.43e-06,15.391134560262042,target,3165271889.0,6
PEPE,1774060500000,1774060560000,3.4200000000000003e-06,3.43e-06,15.393492979736932,target,3165756911.0,6
PEPE,1774061160000,1774061220000,3.4200000000000003e-06,3.43e-06,15.395851759038575,target,3166242007.0,6
PEPE,1774061520000,1774061580000,3.43e-06,3.44e-06,15.343462633834708,target,3165232106.0,6
PEPE,1774062180000,1774062360000,3.43e-06,3.44e-06,15.34580539180453,target,3165715398.0,6
PEPE,1774062840000,1774062900000,3.43e-06,3.44e-06,15.348148503640518,target,3166198763.0,6
PEPE,1774065120000,1774065180000,3.43e-06,3.44e-06,15.350491974193465,target,3166682202.0,6
PEPE,1774067100000,1774067280000,3.43e-06,3.44e-06,15.352835798614398,target,3167165714.0,6
PEPE,1774068240000,1774068360000,3.4200000000000003e-06,3.43e-06,15.409970061822527,target,3169145514.0,6
PEPE,1774069020000,1774069080000,3.43e-06,3.44e-06,15.357532895232518,target,3168134687.0,6
PEPE,1774069620000,1774069800000,3.44e-06,3.45e-06,15.305122685196341,target,3167123163.0,6
PEPE,1774070880000,1774070940000,3.44e-06,3.45e-06,15.307451259149818,target,3167605020.0,6
PEPE,1774071420000,1774071480000,3.45e-06,3.46e-06,15.255060076923407,target,3166592647.0,6
PEPE,1774072680000,1774072740000,3.44e-06,3.45e-06,15.31210113414387,target,3168567229.0,6
PEPE,1774074720000,1774074780000,3.44e-06,3.45e-06,15.31443076641079,target,3169049305.0,6
PEPE,1774075320000,1774075380000,3.44e-06,3.45e-06,15.31676075145432,target,3169531454.0,6
PEPE,1774076760000,1774076880000,3.43e-06,3.44e-06,15.373896179248892,target,3171510300.0,6
PEPE,1774077420000,1774077540000,3.43e-06,3.44e-06,15.376243581123283,target,3171994550.0,6
PEPE,1774141260000,1774141320000,3.32e-06,3.33e-06,15.98506569672438,target,3189040538.0,6
PEPE,1774141800000,1774141980000,3.32e-06,3.33e-06,15.987602668337143,target,3189546667.0,6
PEPE,1774142640000,1774142700000,3.32e-06,3.33e-06,15.990140045962438,target,3190052877.0,6
PEPE,1774143240000,1774143300000,3.31e-06,3.32e-06,16.048152396978182,target,3192074072.0,6
PEPE,1774145640000,1774145700000,3.32e-06,3.33e-06,15.995224806161543,target,3191067293.0,6
PEPE,1774146120000,1774146180000,3.32e-06,3.33e-06,15.99776339179959,target,3191573744.0,6
PEPE,1774146720000,1774147740000,3.34e-06,3.35e-06,15.889458221707287,target,3189053331.0,6
PEPE,1774148220000,1774149120000,3.34e-06,3.35e-06,15.891962550769849,target,3189555956.0,6
PEPE,1774149480000,1774149540000,3.34e-06,3.35e-06,15.894467273449116,target,3190058660.0,6
PEPE,1774150680000,1774150740000,3.36e-06,3.37e-06,15.786285936713963,target,3187538806.0,6
PEPE,1774151280000,1774151400000,3.35e-06,3.36e-06,15.84408233767697,target,3189548533.0,6
PEPE,1774152060000,1774152120000,3.34e-06,3.35e-06,15.901957635104512,target,3191561994.0,6
PEPE,1774152540000,1774152600000,3.35e-06,3.36e-06,15.84906838632072,target,3190552267.0,6
PEPE,1774153200000,1774154100000,3.35e-06,3.36e-06,15.851557650246606,target,3191053377.0,6
PEPE,1774155180000,1774155360000,3.36e-06,3.37e-06,15.798686848139031,target,3190042776.0,6
PEPE,1774156440000,1774156500000,3.36e-06,3.37e-06,15.801159532338286,target,3190542056.0,6
PEPE,1774157040000,1774157100000,3.35e-06,3.36e-06,15.859010390498664,target,3192553677.0,6
PEPE,1774158120000,1774158360000,3.35e-06,3.36e-06,15.861501214216867,target,3193055101.0,6
PEPE,1774159080000,1774159140000,3.35e-06,3.36e-06,15.863992430369924,target,3193556604.0,6
PEPE,1774159620000,1774161480000,3.34e-06,3.3300000000000003e-06,-55.922520412499665,time,3195572595.0,6
PEPE,1774163040000,1774163100000,3.34e-06,3.35e-06,15.913126536649708,target,3193803620.0,6
PEPE,1774164360000,1774165560000,3.34e-06,3.3e-06,-151.58583840026944,stop,3194306994.0,6
PEPE,1774166400000,1774167060000,3.32e-06,3.28e-06,-151.3582890663783,stop,3192539318.0,6
PEPE,1774170120000,1774170180000,3.31e-06,3.32e-06,16.03400710341925,target,3189260488.0,6
PEPE,1774224240000,1774224300000,3.2800000000000004e-06,3.2900000000000003e-06,16.203180484727085,target,3194318479.0,6
PEPE,1774225020000,1774225260000,3.2800000000000004e-06,3.2900000000000003e-06,16.205787805523126,target,3194832490.0,6
PEPE,1774226220000,1774226280000,3.27e-06,3.28e-06,16.264059076786623,target,3196866649.0,6
PEPE,1774226820000,1774226940000,3.2800000000000004e-06,3.2900000000000003e-06,16.21101266313415,target,3195862526.0,6
PEPE,1774230600000,1774230720000,3.3e-06,3.31e-06,16.102416990341403,target,3193340008.0,6
PEPE,1774231080000,1774231260000,3.3e-06,3.31e-06,16.104990324323083,target,3193850337.0,6
PEPE,1774232520000,1774232580000,3.3e-06,3.31e-06,16.107564071788445,target,3194360748.0,6
PEPE,1774233900000,1774234800000,3.32e-06,3.33e-06,15.999091854673463,target,3191838774.0,6
PEPE,1774235220000,1774235280000,3.3300000000000003e-06,3.34e-06,15.946178082418232,target,3190831032.0,6
PEPE,1774235820000,1774235940000,3.32e-06,3.33e-06,16.004161853060282,target,3192850245.0,6
PEPE,1774238940000,1774239000000,3.32e-06,3.33e-06,16.00670185723825,target,3193356979.0,6
PEPE,1774240080000,1774240140000,3.32e-06,3.33e-06,16.00924226241178,target,3193863793.0,6
PEPE,1774240920000,1774240980000,3.32e-06,3.33e-06,16.011783073599666,target,3194370688.0,6
PEPE,1774241640000,1774241700000,3.32e-06,3.33e-06,16.01432428578857,target,3194877663.0,6
PEPE,1774242120000,1774242180000,3.34e-06,3.35e-06,15.90590699878224,target,3192354641.0,6
PEPE,1774242780000,1774242840000,3.34e-06,3.35e-06,15.908413923726286,target,3192857787.0,6
PEPE,1774243380000,1774243440000,3.3300000000000003e-06,3.34e-06,15.966391850479232,target,3194875808.0,6
PEPE,1774244460000,1774244520000,3.3300000000000003e-06,3.34e-06,15.968917077232817,target,3195381106.0,6
PEPE,1774244940000,1774245000000,3.3300000000000003e-06,3.34e-06,15.97144270378897,target,3195886484.0,6
PEPE,1774246020000,1774246140000,3.32e-06,3.33e-06,16.029518346211844,target,3197908897.0,6
PEPE,1774247880000,1774248060000,3.32e-06,3.33e-06,16.03206237041212,target,3198416433.0,6
PEPE,1774252080000,1774252140000,3.2900000000000003e-06,3.3e-06,16.20162545324625,target,3203485013.0,6
PEPE,1774252800000,1774252920000,3.2800000000000004e-06,3.2900000000000003e-06,16.260011293556893,target,3205522187.0,6
PEPE,1774253820000,1774253880000,3.2900000000000003e-06,3.3e-06,16.20683106719131,target,3204514299.0,6
PEPE,1774310520000,1774311540000,3.4600000000000003e-06,3.4200000000000003e-06,-151.73404669557456,stop,3179340947.0,6
PEPE,1774312080000,1774312740000,3.44e-06,3.4e-06,-151.50627493087774,stop,3177564491.0,6
PEPE,1774313520000,1774313640000,3.4200000000000003e-06,3.43e-06,15.44228789979911,target,3175791856.0,6
PEPE,1774315920000,1774316160000,3.41e-06,3.42e-06,15.499619452719259,target,3177779488.0,6
PEPE,1774317660000,1774317720000,3.4e-06,3.41e-06,15.557028678138838,target,3179770808.0,6
PEPE,1774318140000,1774318200000,3.41e-06,3.42e-06,15.504395271477248,target,3178758641.0,6
PEPE,1774319220000,1774319400000,3.41e-06,3.42e-06,15.506779500781244,target,3179247463.0,6
PEPE,1774319940000,1774320240000,3.41e-06,3.42e-06,15.50916409589849,target,3179736360.0,6
PEPE,1774320780000,1774322640000,3.41e-06,3.42e-06,15.511549056828992,target,3180225332.0,6
PEPE,1774324320000,1774324380000,3.4200000000000003e-06,3.43e-06,15.45891832568762,target,3179211995.0,6
PEPE,1774324920000,1774325040000,3.43e-06,3.44e-06,15.40631460140459,target,3178197958.0,6
PEPE,1774325520000,1774325640000,3.4200000000000003e-06,3.43e-06,15.463647880072951,target,3180184654.0,6
PEPE,1774326120000,1774326180000,3.4200000000000003e-06,3.43e-06,15.466017410361546,target,3180671961.0,6
PEPE,1774327680000,1774327800000,3.41e-06,3.42e-06,15.523437060742403,target,3182662647.0,6
PEPE,1774328220000,1774328280000,3.41e-06,3.42e-06,15.525824216546969,target,3183152069.0,6
PEPE,1774329420000,1774329540000,3.4e-06,3.41e-06,15.583330498837759,target,3185146755.0,6
PEPE,1774330800000,1774330860000,3.41e-06,3.42e-06,15.530608107567353,target,3184132877.0,6
PEPE,1774331340000,1774331400000,3.41e-06,3.42e-06,15.532996370563279,target,3184622526.0,6
PEPE,1774333140000,1774333320000,3.41e-06,3.42e-06,15.53538499449575,target,3185112249.0,6
PEPE,1774333680000,1774333740000,3.41e-06,3.42e-06,15.537773989120003,target,3185602048.0,6
PEPE,1774334220000,1774334280000,3.4200000000000003e-06,3.43e-06,15.485054277774083,target,3184586998.0,6
PEPE,1774334820000,1774334880000,3.4200000000000003e-06,3.43e-06,15.487427090249936,target,3185074980.0,6
PEPE,1774337280000,1774337340000,3.45e-06,3.46e-06,15.324734389500186,target,3181055400.0,6
PEPE,1774339020000,1774339080000,3.4700000000000002e-06,3.48e-06,15.217256333824047,target,3178539182.0,6
PEPE,1774396920000,1774396980000,3.53e-06,3.54e-06,14.891331798231139,target,3170054667.0,6
PEPE,1774398120000,1774398240000,3.53e-06,3.54e-06,14.893524807317483,target,3170521513.0,6
PEPE,1774399740000,1774400760000,3.54e-06,3.5e-06,-151.83485337949276,stop,3169499079.0,6
PEPE,1774401240000,1774401300000,3.52e-06,3.53e-06,14.92786583469916,target,3167716888.0,6
PEPE,1774402080000,1774402200000,3.5100000000000003e-06,3.52e-06,14.98463965455117,target,3169675231.0,6
PEPE,1774403220000,1774403400000,3.52e-06,3.53e-06,14.932287121048587,target,3168655092.0,6
PEPE,1774403940000,1774405800000,3.52e-06,3.5e-06,-88.38685279737943,time,3169123442.0,6
PEPE,1774407000000,1774407060000,3.5000000000000004e-06,3.5100000000000003e-06,15.030552907736686,target,3169331135.0,6
PEPE,1774407720000,1774408140000,3.5000000000000004e-06,3.5100000000000003e-06,15.032790774924518,target,3169803010.0,6
PEPE,1774411020000,1774411080000,3.53e-06,3.54e-06,14.871372825356795,target,3165805817.0,6
PEPE,1774414320000,1774414380000,3.52e-06,3.53e-06,14.928071681411748,target,3167760569.0,6
PEPE,1774415760000,1774416420000,3.5600000000000002e-06,3.57e-06,14.712517763355695,target,3162282163.0,6
PEPE,1774417320000,1774417380000,3.5600000000000002e-06,3.57e-06,14.714660662983931,target,3162742754.0,6
PEPE,1774420800000,1774420860000,3.58e-06,3.59e-06,14.608198306000977,target,3160237600.0,6
PEPE,1774421280000,1774421520000,3.5900000000000004e-06,3.6000000000000003e-06,14.556076016949927,target,3159213460.0,6
PEPE,1774421940000,1774423080000,3.6000000000000003e-06,3.61e-06,14.503981384307398,target,3158188652.0,6
PEPE,1774424700000,1774424880000,3.5900000000000004e-06,3.5500000000000003e-06,-151.74115510989594,stop,3160121937.0,6
PEPE,1774426680000,1774426800000,3.58e-06,3.59e-06,14.592573502532158,target,3156857437.0,6
PEPE,1774427820000,1774428180000,3.58e-06,3.59e-06,14.594683243890053,target,3157313844.0,6
PEPE,1774428720000,1774428780000,3.58e-06,3.59e-06,14.596793294953956,target,3157770318.0,6
PEPE,1774433220000,1774433400000,3.54e-06,3.55e-06,14.816180492367788,target,3164160276.0,6
PEPE,1774434060000,1774434120000,3.54e-06,3.55e-06,14.818354441327502,target,3164624547.0,6
PEPE,1774434480000,1774434540000,3.53e-06,3.54e-06,14.874991525692254,target,3166576163.0,6
PEPE,1774436220000,1774436460000,3.5500000000000003e-06,3.5600000000000002e-06,14.768291604750186,target,3164068903.0,6
PEPE,1774483440000,1774483500000,3.54e-06,3.55e-06,14.8248782220716,target,3166017773.0,6
PEPE,1774485180000,1774485300000,3.53e-06,3.54e-06,14.881540239980133,target,3167970248.0,6
PEPE,1774486320000,1774488180000,3.53e-06,3.5e-06,-120.07583313533299,time,3168436787.0,6
PEPE,1774488720000,1774488780000,3.53e-06,3.54e-06,14.866048542628523,target,3164672388.0,6
PEPE,1774489380000,1774491240000,3.53e-06,3.5e-06,-119.95083410569464,time,3165138442.0,6
PEPE,1774494180000,1774494900000,3.49e-06,3.5e-06,15.068578569355335,target,3167331281.0,6
PEPE,1774495320000,1774496460000,3.49e-06,3.5e-06,15.070830256046396,target,3167804573.0,6
PEPE,1774497420000,1774497780000,3.49e-06,3.5e-06,15.073082280520161,target,3168277936.0,6
PEPE,1774498320000,1774500180000,3.49e-06,3.4700000000000002e-06,-88.16258499182436,time,3168751370.0,6
PEPE,1774500720000,1774500780000,3.48e-06,3.49e-06,15.116767044898756,target,3167473451.0,6
PEPE,1774501380000,1774503240000,3.48e-06,3.46e-06,-88.06896777179925,time,3167948481.0,6
PEPE,1774503840000,1774504860000,3.4600000000000003e-06,3.4200000000000003e-06,-151.2006963875999,stop,3168165456.0,6
PEPE,1774505880000,1774506000000,3.44e-06,3.45e-06,15.301605016629244,target,3166395244.0,6
PEPE,1774507680000,1774507800000,3.43e-06,3.44e-06,15.35868390986879,target,3168372132.0,6
PEPE,1774509660000,1774509720000,3.43e-06,3.44e-06,15.361028989790896,target,3168855903.0,6
PEPE,1774512000000,1774512060000,3.44e-06,3.45e-06,15.308606850041741,target,3167844149.0,6
PEPE,1774512480000,1774512540000,3.44e-06,3.45e-06,15.310935945903365,target,3168326114.0,6
PEPE,1774513740000,1774513920000,3.43e-06,3.44e-06,15.368049643431737,target,3170304207.0,6
PEPE,1774514400000,1774514580000,3.43e-06,3.44e-06,15.370396153367253,target,3170788273.0,6
PEPE,1774515780000,1774515840000,3.43e-06,3.44e-06,15.372743022017909,target,3171272413.0,6
PEPE,1774517520000,1774517520000,3.4200000000000003e-06,3.3800000000000002e-06,-151.15799144530075,entry_bar_stop,3173254780.0,6
PEPE,1774519860000,1774519920000,3.4e-06,3.41e-06,15.516502001755642,target,3171487379.0,6
PEPE,1774521840000,1774522080000,3.41e-06,3.42e-06,15.464005708496368,target,3170477849.0,6
PEPE,1774522860000,1774522920000,3.41e-06,3.42e-06,15.466383728743022,target,3170965398.0,6
PEPE,1774570440000,1774570680000,3.41e-06,3.42e-06,15.377762533895758,target,3152796009.0,7
PEPE,1774573680000,1774573740000,3.41e-06,3.42e-06,15.380127287343823,target,3153280838.0,7
PEPE,1774574280000,1774574340000,3.41e-06,3.42e-06,15.382492406603323,target,3153765742.0,7
PEPE,1774575540000,1774575660000,3.41e-06,3.42e-06,15.384857891677896,target,3154250721.0,7
PEPE,1774576020000,1774576080000,3.41e-06,3.42e-06,15.387223737685373,target,3154735774.0,7
PEPE,1774577820000,1774577880000,3.4200000000000003e-06,3.43e-06,15.33501484313769,target,3153730559.0,7
PEPE,1774579140000,1774579200000,3.4200000000000003e-06,3.43e-06,15.337364665713293,target,3154213813.0,7
PEPE,1774579740000,1774579860000,3.4200000000000003e-06,3.43e-06,15.339714843250077,target,3154697140.0,7
PEPE,1774580400000,1774580460000,3.41e-06,3.42e-06,15.396665582674643,target,3156671570.0,7
PEPE,1774582020000,1774582080000,3.4e-06,3.41e-06,15.453693471332992,target,3158649662.0,7
PEPE,1774582740000,1774582860000,3.4e-06,3.41e-06,15.456078340027595,target,3159137116.0,7
PEPE,1774583220000,1774584120000,3.4e-06,3.36e-06,-150.36653685555035,stop,3159624645.0,7
PEPE,1774587780000,1774587840000,3.39e-06,3.4e-06,15.489905159623856,target,3156373950.0,7
PEPE,1774589160000,1774589220000,3.3800000000000002e-06,3.39e-06,15.547010944356495,target,3158356718.0,7
PEPE,1774589520000,1774589640000,3.3800000000000002e-06,3.39e-06,15.549427212549226,target,3158847580.0,7
PEPE,1774590120000,1774590180000,3.3800000000000002e-06,3.39e-06,15.551843849930735,target,3159338517.0,7
PEPE,1774591500000,1774591560000,3.3800000000000002e-06,3.39e-06,15.554260866348551,target,3159829531.0,7
PEPE,1774593180000,1774593240000,3.3800000000000002e-06,3.39e-06,15.556678261793579,target,3160320622.0,7
PEPE,1774596660000,1774596720000,3.39e-06,3.4e-06,15.50434663654332,target,3159316686.0,7
PEPE,1774598220000,1774598340000,3.39e-06,3.4e-06,15.50674779286863,target,3159805969.0,7
PEPE,1774598940000,1774599060000,3.39e-06,3.4e-06,15.509149322158953,target,3160295328.0,7
PEPE,1774599420000,1774599600000,3.39e-06,3.4e-06,15.511551219515303,target,3160784762.0,7
PEPE,1774601820000,1774602000000,3.3700000000000003e-06,3.3800000000000002e-06,15.623571995874695,target,3164267746.0,7
PEPE,1774604100000,1774604160000,3.35e-06,3.36e-06,15.73585214159414,target,3167760874.0,7
PEPE,1774656120000,1774656180000,3.27e-06,3.28e-06,16.179856830913987,target,3180315839.0,7
PEPE,1774656720000,1774656780000,3.27e-06,3.28e-06,16.1824693384746,target,3180829354.0,7
PEPE,1774657920000,1774657980000,3.2800000000000004e-06,3.2900000000000003e-06,16.12968903442981,target,3179830268.0,7
PEPE,1774659120000,1774659240000,3.2800000000000004e-06,3.2900000000000003e-06,16.132284526156173,target,3180341947.0,7
PEPE,1774659960000,1774660020000,3.2800000000000004e-06,3.2900000000000003e-06,16.13488043890193,target,3180853709.0,7
PEPE,1774662420000,1774662480000,3.27e-06,3.28e-06,16.19289674969968,target,3182878968.0,7
PEPE,1774663020000,1774663440000,3.2800000000000004e-06,3.2900000000000003e-06,16.14008243475501,target,3181879238.0,7
PEPE,1774664100000,1774664160000,3.2800000000000004e-06,3.2900000000000003e-06,16.142679605479227,target,3182391248.0,7
PEPE,1774664520000,1774664820000,3.27e-06,3.28e-06,16.200723960024416,target,3184417486.0,7
PEPE,1774669020000,1774669200000,3.26e-06,3.27e-06,16.258848343236643,target,3186447495.0,7
PEPE,1774671120000,1774671240000,3.2500000000000002e-06,3.26e-06,16.317052975988712,target,3188481285.0,7
PEPE,1774676580000,1774676640000,3.27e-06,3.28e-06,16.20859976106156,target,3185965555.0,7
PEPE,1774677120000,1774677180000,3.2800000000000004e-06,3.2900000000000003e-06,16.155734232057885,target,3184964856.0,7
PEPE,1774677840000,1774677960000,3.2800000000000004e-06,3.2900000000000003e-06,16.15833391367205,target,3185477361.0,7
PEPE,1774678380000,1774678500000,3.2800000000000004e-06,3.2900000000000003e-06,16.160934021374402,target,3185989950.0,7
PEPE,1774679160000,1774679220000,3.2900000000000003e-06,3.3e-06,16.10807783667127,target,3184988203.0,7
PEPE,1774680180000,1774680240000,3.2900000000000003e-06,3.3e-06,16.110660959853703,target,3185498954.0,7
PEPE,1774681020000,1774681140000,3.2800000000000004e-06,3.2900000000000003e-06,16.168718995096334,target,3187524691.0,7
PEPE,1774681680000,1774681800000,3.2900000000000003e-06,3.3e-06,16.115837346506872,target,3186522461.0,7
PEPE,1774682220000,1774682280000,3.3e-06,3.31e-06,16.06298211908836,target,3185519508.0,7
PEPE,1774682880000,1774683540000,3.3e-06,3.31e-06,16.06554915499095,target,3186028588.0,7
PEPE,1774684020000,1774684080000,3.3e-06,3.31e-06,16.068116594287815,target,3186537748.0,7
PEPE,1774685220000,1774687080000,3.3300000000000003e-06,3.32e-06,-55.62234620935959,time,3182511584.0,7
PEPE,1774687620000,1774687740000,3.32e-06,3.33e-06,15.951082270024198,target,3182260802.0,7
PEPE,1774743540000,1774743600000,3.2800000000000004e-06,3.2900000000000003e-06,16.17528588910531,target,3188819298.0,7
PEPE,1774744620000,1774745460000,3.2800000000000004e-06,3.2900000000000003e-06,16.177888720738064,target,3189332424.0,7
PEPE,1774746420000,1774746480000,3.2900000000000003e-06,3.3e-06,16.12497708349406,target,3188329626.0,7
PEPE,1774747020000,1774747080000,3.2900000000000003e-06,3.3e-06,16.127562922553974,target,3188840914.0,7
PEPE,1774748340000,1774748460000,3.2900000000000003e-06,3.3e-06,16.130149171271544,target,3189352283.0,7
PEPE,1774748820000,1774748880000,3.2900000000000003e-06,3.3e-06,16.132735834704434,target,3189863734.0,7
PEPE,1774750620000,1774750800000,3.3e-06,3.31e-06,16.0798251834833,target,3188859729.0,7
PEPE,1774753380000,1774753500000,3.3e-06,3.31e-06,16.082394907033454,target,3189369342.0,7
PEPE,1774754580000,1774754640000,3.31e-06,3.32e-06,16.029502292486193,target,3188364454.0,7
PEPE,1774755180000,1774757040000,3.32e-06,3.31e-06,-55.63534863947528,time,3187358845.0,7
PEPE,1774758420000,1774758480000,3.31e-06,3.32e-06,16.02319469043354,target,3187109834.0,7
PEPE,1774759740000,1774759800000,3.31e-06,3.32e-06,16.025746533803478,target,3187617411.0,7
PEPE,1774760520000,1774760700000,3.31e-06,3.32e-06,16.02829878439735,target,3188125069.0,7
PEPE,1774765560000,1774765620000,3.3e-06,3.31e-06,16.08631885951279,target,3190147518.0,7
PEPE,1774765920000,1774766040000,3.3e-06,3.31e-06,16.088889621822307,target,3190657337.0,7
PEPE,1774767240000,1774767300000,3.31e-06,3.32e-06,16.035975646183243,target,3189652043.0,7
PEPE,1774769700000,1774769820000,3.3e-06,3.31e-06,16.094023512092786,target,3191675461.0,7
PEPE,1774770180000,1774770300000,3.3e-06,3.31e-06,16.0965955047694,target,3192185524.0,7
PEPE,1774770720000,1774770780000,3.3e-06,3.31e-06,16.09916791093151,target,3192695669.0,7
PEPE,1774773480000,1774773540000,3.3e-06,3.31e-06,16.101740725538058,target,3193205895.0,7
PEPE,1774774080000,1774774200000,3.3e-06,3.31e-06,16.104313953626466,target,3193716203.0,7
PEPE,1774775580000,1774775700000,3.3e-06,3.31e-06,16.10688759015931,target,3194226592.0,7
PEPE,1774776720000,1774776780000,3.3e-06,3.31e-06,16.109461640177656,target,3194737063.0,7
PEPE,1774777620000,1774777800000,3.2900000000000003e-06,3.3e-06,16.167645000867324,target,3196766189.0,7
PEPE,1774830120000,1774831080000,3.3300000000000003e-06,3.2900000000000003e-06,-151.3671729610944,stop,3191212206.0,7
PEPE,1774833060000,1774833120000,3.32e-06,3.33e-06,15.979519275248101,target,3187934020.0,7
PEPE,1774833480000,1774833540000,3.32e-06,3.33e-06,15.982055369675226,target,3188439974.0,7
PEPE,1774834140000,1774834200000,3.32e-06,3.33e-06,15.984591865099734,target,3188946008.0,7
PEPE,1774834620000,1774835340000,3.3300000000000003e-06,3.34e-06,15.931726047051548,target,3187939179.0,7
PEPE,1774835820000,1774836120000,3.3300000000000003e-06,3.34e-06,15.934245791550447,target,3188443380.0,7
PEPE,1774837140000,1774838700000,3.34e-06,3.35e-06,15.881398245703771,target,3187435674.0,7
PEPE,1774839960000,1774840020000,3.3300000000000003e-06,3.34e-06,15.939277719325645,target,3189450269.0,7
PEPE,1774841520000,1774841580000,3.34e-06,3.35e-06,15.886413480729646,target,3188442244.0,7
PEPE,1774843920000,1774843980000,3.36e-06,3.37e-06,15.778286960817606,target,3185923667.0,7
PEPE,1774844640000,1774844700000,3.35e-06,3.36e-06,15.83605407778066,target,3187932376.0,7
PEPE,1774845180000,1774846980000,3.36e-06,3.37e-06,15.783234988708578,target,3186922764.0,7
PEPE,1774849920000,1774850160000,3.3700000000000003e-06,3.3800000000000002e-06,15.730442667560919,target,3185912439.0,7
PEPE,1774854960000,1774856820000,3.3800000000000002e-06,3.37e-06,-56.022415696360355,time,3184901404.0,7
PEPE,1774858920000,1774858980000,3.4e-06,3.41e-06,15.558750441846662,target,3180122727.0,7
PEPE,1774859520000,1774859580000,3.39e-06,3.4e-06,15.616243908329967,target,3182117964.0,7
PEPE,1774860180000,1774861980000,3.39e-06,3.35e-06,-151.38883818251375,stop,3182610778.0,7
PEPE,1774865040000,1774865280000,3.35e-06,3.36e-06,15.815811098010103,target,3183857292.0,7
PEPE,1774865820000,1774865940000,3.35e-06,3.36e-06,15.818295136123277,target,3184357350.0,7
PEPE,1774866420000,1774866540000,3.35e-06,3.36e-06,15.820779566671305,target,3184857487.0,7
PEPE,1774869720000,1774869780000,3.36e-06,3.37e-06,15.768011424673233,target,3183848849.0,7
PEPE,1774870320000,1774870380000,3.36e-06,3.37e-06,15.770479304947141,target,3184347159.0,7
PEPE,1774871040000,1774871100000,3.3700000000000003e-06,3.3800000000000002e-06,15.7177296518117,target,3183337651.0,7
PEPE,1774871520000,1774872480000,3.3700000000000003e-06,3.3800000000000002e-06,15.720181056375552,target,3183834138.0,7
PEPE,1774915920000,1774915980000,3.31e-06,3.32e-06,16.054830515724326,target,3193402390.0,7
PEPE,1774916520000,1774916580000,3.31e-06,3.32e-06,16.057387401672827,target,3193910970.0,7
PEPE,1774917180000,1774917420000,3.32e-06,3.33e-06,16.00442935013637,target,3192903611.0,7
PEPE,1774918440000,1774918800000,3.3300000000000003e-06,3.34e-06,15.951497926165317,target,3191895533.0,7
PEPE,1774920420000,1774920600000,3.35e-06,3.36e-06,15.843218062220991,target,3189374547.0,7
PEPE,1774921140000,1774921200000,3.3700000000000003e-06,3.3800000000000002e-06,15.735096142812267,target,3186854915.0,7
PEPE,1774921620000,1774921860000,3.36e-06,3.37e-06,15.792837806969898,target,3188861748.0,7
PEPE,1774922280000,1774922340000,3.3700000000000003e-06,3.3800000000000002e-06,15.740013369437643,target,3187850809.0,7
PEPE,1774922820000,1774922940000,3.36e-06,3.37e-06,15.79777308217441,target,3189858270.0,7
PEPE,1774925220000,1774925400000,3.3700000000000003e-06,3.3800000000000002e-06,15.744932131624894,target,3188847014.0,7
PEPE,1774927020000,1774928880000,3.3700000000000003e-06,3.35e-06,-87.87441047890076,time,3189344360.0,7
PEPE,1774930080000,1774930140000,3.36e-06,3.37e-06,15.7889564881468,target,3188078039.0,7
PEPE,1774931280000,1774931520000,3.36e-06,3.37e-06,15.79142765192937,target,3188577012.0,7
PEPE,1774932660000,1774932720000,3.36e-06,3.37e-06,15.793899202007077,target,3189076063.0,7
PEPE,1774933260000,1774933320000,3.35e-06,3.36e-06,15.851723475332749,target,3191086759.0,7
PEPE,1774933800000,1774933860000,3.35e-06,3.36e-06,15.85421315155859,target,3191587952.0,7
PEPE,1774935300000,1774935360000,3.36e-06,3.37e-06,15.80133349385417,target,3190577182.0,7
PEPE,1774936920000,1774937040000,3.3800000000000002e-06,3.39e-06,15.693207048144792,target,3188056282.0,7
PEPE,1774937640000,1774937760000,3.3700000000000003e-06,3.3800000000000002e-06,15.7509282168124,target,3190061411.0,7
PEPE,1774938120000,1774938360000,3.3700000000000003e-06,3.3800000000000002e-06,15.753384795873242,target,3190558946.0,7
PEPE,1774939080000,1774939440000,3.3700000000000003e-06,3.3800000000000002e-06,15.755841760062147,target,3191056559.0,7
PEPE,1774941120000,1774942980000,3.3700000000000003e-06,3.36e-06,-56.06762926930648,time,3191554249.0,7
PEPE,1774944180000,1774944240000,3.35e-06,3.36e-06,15.860266467579395,target,3192806536.0,7
PEPE,1774944720000,1774945260000,3.36e-06,3.37e-06,15.807366619449452,target,3191795380.0,7
PEPE,1775001720000,1775001840000,3.4e-06,3.41e-06,15.588766354994636,target,3186257814.0,7
PEPE,1775003760000,1775003880000,3.39e-06,3.4e-06,15.64637073184317,target,3188256899.0,7
PEPE,1775005620000,1775005680000,3.4200000000000003e-06,3.43e-06,15.483328702949068,target,3184232124.0,7
PEPE,1775006220000,1775007240000,3.4200000000000003e-06,3.3800000000000002e-06,-151.70413962938463,stop,3184720051.0,7
PEPE,1775011320000,1775011380000,3.3700000000000003e-06,3.3800000000000002e-06,15.738119586374358,target,3187467258.0,7
PEPE,1775014500000,1775014560000,3.39e-06,3.4e-06,15.6301347490275,target,3184948497.0,7
PEPE,1775014980000,1775015040000,3.39e-06,3.4e-06,15.632555383216403,target,3185441749.0,7
PEPE,1775015640000,1775015760000,3.41e-06,3.42e-06,15.524711595390709,target,3182923956.0,7
PEPE,1775016360000,1775016420000,3.4e-06,3.41e-06,15.582213756357367,target,3184918499.0,7
PEPE,1775016720000,1775016840000,3.4e-06,3.41e-06,15.584618459247531,target,3185410007.0,7
PEPE,1775017500000,1775017800000,3.4e-06,3.41e-06,15.587023529073695,target,3185901590.0,7
PEPE,1775019420000,1775019540000,3.41e-06,3.42e-06,15.53428864467874,target,3184887472.0,7
PEPE,1775022540000,1775022600000,3.45e-06,3.46e-06,15.3166024735855,target,3179367405.0,7
PEPE,1775023080000,1775023380000,3.4700000000000002e-06,3.48e-06,15.209181449072911,target,3176852522.0,7
PEPE,1775024100000,1775024220000,3.5100000000000003e-06,3.52e-06,14.992571066396545,target,3171352949.0,7
PEPE,1775024580000,1775024760000,3.5000000000000004e-06,3.5100000000000003e-06,15.049450916586277,target,3173315955.0,7
PEPE,1775025720000,1775025780000,3.5000000000000004e-06,3.5100000000000003e-06,15.051691600819801,target,3173788424.0,7
PEPE,1775026980000,1775027340000,3.5100000000000003e-06,3.52e-06,14.999260597083635,target,3172767974.0,7
PEPE,1775027940000,1775028300000,3.5000000000000004e-06,3.5100000000000003e-06,15.056165831821742,target,3174731857.0,7
PEPE,1775028720000,1775028840000,3.5000000000000004e-06,3.5100000000000003e-06,15.058407516721351,target,3175204537.0,7
PEPE,1775029380000,1775030700000,3.49e-06,3.5e-06,15.115397450366208,target,3177172349.0,7
PEPE,1775033220000,1775033400000,3.4600000000000003e-06,3.4700000000000002e-06,15.282234203166913,target,3182141427.0,7
PEPE,1775037180000,1775037240000,3.43e-06,3.44e-06,15.449611875162374,target,3187129835.0,7
PEPE,1775037960000,1775038020000,3.4200000000000003e-06,3.43e-06,15.507106284187255,target,3189122115.0,7
PEPE,1775088240000,1775088360000,3.4e-06,3.41e-06,15.619926682602928,target,3192626813.0,7
PEPE,1775088780000,1775088840000,3.4e-06,3.41e-06,15.622337202675517,target,3193119510.0,7
PEPE,1775089320000,1775089440000,3.41e-06,3.42e-06,15.569482840982939,target,3192103094.0,7
PEPE,1775091180000,1775091240000,3.4200000000000003e-06,3.43e-06,15.51665554371221,target,3191085973.0,7
PEPE,1775091720000,1775091780000,3.4200000000000003e-06,3.43e-06,15.519033194374197,target,3191574950.0,7
PEPE,1775092440000,1775092680000,3.41e-06,3.37e-06,-152.05396875174858,stop,3193572460.0,7
PEPE,1775100420000,1775100540000,3.3e-06,3.31e-06,16.163436645899424,target,3205441080.0,7
PEPE,1775101080000,1775101140000,3.3e-06,3.31e-06,16.16601973207689,target,3205953343.0,7
PEPE,1775104020000,1775104080000,3.2900000000000003e-06,3.3e-06,16.22440736659802,target,3207989593.0,7
PEPE,1775104620000,1775105700000,3.2900000000000003e-06,3.2500000000000002e-06,-151.89860218230262,stop,3208504033.0,7
PEPE,1775107020000,1775107080000,3.2800000000000004e-06,3.2900000000000003e-06,16.258432675759956,target,3205210976.0,7
PEPE,1775107740000,1775107800000,3.2800000000000004e-06,3.2900000000000003e-06,16.26104888864936,target,3205726740.0,7
PEPE,1775108280000,1775108340000,3.2800000000000004e-06,3.2900000000000003e-06,16.2636655174839,target,3206242586.0,7
PEPE,1775110200000,1775110260000,3.3e-06,3.31e-06,16.154717129685,target,3203711875.0,7
PEPE,1775111460000,1775111520000,3.32e-06,3.33e-06,16.045927376484833,target,3201182519.0,7
PEPE,1775111820000,1775111880000,3.32e-06,3.33e-06,16.0484740071881,target,3201690575.0,7
PEPE,1775113020000,1775113080000,3.32e-06,3.33e-06,16.05102104389844,target,3202198712.0,7
PEPE,1775113620000,1775113680000,3.3300000000000003e-06,3.34e-06,15.997935525751348,target,3201187699.0,7
PEPE,1775115540000,1775115600000,3.32e-06,3.33e-06,16.0561074983234,target,3203213466.0,7
PEPE,1775116080000,1775116200000,3.3300000000000003e-06,3.34e-06,16.00300515966663,target,3202202133.0,7
PEPE,1775116620000,1775116680000,3.3300000000000003e-06,3.34e-06,16.005536173526746,target,3202708589.0,7
PEPE,1775117820000,1775119680000,3.32e-06,3.2900000000000003e-06,-119.93721931357183,time,3204735319.0,7
PEPE,1775120880000,1775120940000,3.3e-06,3.31e-06,16.156063613334933,target,3203978902.0,7
PEPE,1775121720000,1775121900000,3.2900000000000003e-06,3.3e-06,16.214415289134998,target,3206013898.0,7
PEPE,1775174580000,1775174760000,3.3300000000000003e-06,3.34e-06,15.994218135377974,target,3200443849.0,7
PEPE,1775175960000,1775176080000,3.32e-06,3.33e-06,16.05237658931019,target,3202469145.0,7
PEPE,1775176680000,1775176920000,3.32e-06,3.33e-06,16.05492424256387,target,3202977405.0,7
PEPE,1775177220000,1775177340000,3.32e-06,3.33e-06,16.057472306836143,target,3203485747.0,7
PEPE,1775178420000,1775178600000,3.32e-06,3.33e-06,16.060020767099736,target,3203994168.0,7
PEPE,1775179080000,1775179140000,3.32e-06,3.33e-06,16.06256963838556,target,3204502671.0,7
PEPE,1775180400000,1775180580000,3.32e-06,3.33e-06,16.06511891067422,target,3205011254.0,7
PEPE,1775183280000,1775183340000,3.3300000000000003e-06,3.34e-06,16.011986766616538,target,3203999353.0,7
PEPE,1775183880000,1775184840000,3.3300000000000003e-06,3.34e-06,16.01451920476479,target,3204506094.0,7
PEPE,1775185500000,1775185560000,3.3300000000000003e-06,3.34e-06,16.017052042710162,target,3205012915.0,7
PEPE,1775185920000,1775185980000,3.34e-06,3.35e-06,15.963929860489783,target,3203999972.0,7
PEPE,1775187720000,1775187900000,3.36e-06,3.37e-06,15.855275747464619,target,3201469106.0,7
PEPE,1775189040000,1775189640000,3.3700000000000003e-06,3.3800000000000002e-06,15.80224246437397,target,3200454170.0,7
PEPE,1775190120000,1775191620000,3.3700000000000003e-06,3.3800000000000002e-06,15.804707047124294,target,3200953326.0,7
PEPE,1775193120000,1775193180000,3.4e-06,3.41e-06,15.64089064391701,target,3196911731.0,7
PEPE,1775199360000,1775199420000,3.4600000000000003e-06,3.4700000000000002e-06,15.312101637424117,target,3188360570.0,7
PEPE,1775199900000,1775199960000,3.45e-06,3.46e-06,15.369493218351392,target,3190346283.0,7
PEPE,1775200320000,1775200560000,3.45e-06,3.46e-06,15.371823226313586,target,3190829938.0,7
PEPE,1775201520000,1775201640000,3.4600000000000003e-06,3.4700000000000002e-06,15.31905828919496,target,3189809118.0,7
PEPE,1775202120000,1775202180000,3.4600000000000003e-06,3.4700000000000002e-06,15.321372325794526,target,3190290958.0,7
PEPE,1775205720000,1775207040000,3.48e-06,3.49e-06,15.213618570654399,target,3187767118.0,7
PEPE,1775208300000,1775208420000,3.4600000000000003e-06,3.4700000000000002e-06,15.325984819684832,target,3191251394.0,7
PEPE,1775208720000,1775208780000,3.4600000000000003e-06,3.4700000000000002e-06,15.328299903228558,target,3191733452.0,7
PEPE,1775211360000,1775211420000,3.48e-06,3.49e-06,15.22049743261909,target,3189208472.0,7
PEPE,1775264220000,1775264280000,3.39e-06,3.4e-06,15.720025946719923,target,3203265603.0,7
PEPE,1775264820000,1775264880000,3.39e-06,3.4e-06,15.722460503489113,target,3203761692.0,7
PEPE,1775265720000,1775265840000,3.3700000000000003e-06,3.3800000000000002e-06,15.836004417875397,target,3207292034.0,7
PEPE,1775266500000,1775266560000,3.3700000000000003e-06,3.3800000000000002e-06,15.838474264000098,target,3207792256.0,7
PEPE,1775267520000,1775267640000,3.3700000000000003e-06,3.3800000000000002e-06,15.840944500186854,target,3208292557.0,7
PEPE,1775268120000,1775269980000,3.3800000000000002e-06,3.35e-06,-120.46522717763956,time,3207274419.0,7
PEPE,1775270520000,1775270640000,3.36e-06,3.37e-06,15.880220331078839,target,3206505872.0,7
PEPE,1775271240000,1775271300000,3.35e-06,3.36e-06,15.93836063939755,target,3208527557.0,7
PEPE,1775272080000,1775272140000,3.36e-06,3.37e-06,15.885200322407066,target,3207511423.0,7
PEPE,1775272680000,1775272800000,3.36e-06,3.37e-06,15.887686546740278,target,3208013437.0,7
PEPE,1775273220000,1775273280000,3.36e-06,3.37e-06,15.890173157372267,target,3208515529.0,7
PEPE,1775274000000,1775274120000,3.36e-06,3.37e-06,15.89266016420239,target,3209017701.0,7
PEPE,1775274660000,1775274780000,3.3700000000000003e-06,3.3800000000000002e-06,15.839501831810846,target,3208000371.0,7
PEPE,1775275380000,1775275440000,3.3700000000000003e-06,3.3800000000000002e-06,15.841972225998205,target,3208500704.0,7
PEPE,1775276580000,1775276700000,3.3800000000000002e-06,3.39e-06,15.788832611172731,target,3207482501.0,7
PEPE,1775277780000,1775277840000,3.39e-06,3.4e-06,15.735720038480103,target,3206463584.0,7
PEPE,1775278560000,1775278740000,3.3800000000000002e-06,3.39e-06,15.793732054182334,target,3208477817.0,7
PEPE,1775279220000,1775279280000,3.3700000000000003e-06,3.3800000000000002e-06,15.851822963124425,target,3210495790.0,7
PEPE,1775280300000,1775280480000,3.3700000000000003e-06,3.3800000000000002e-06,15.854295277999897,target,3210996512.0,7
PEPE,1775281020000,1775281560000,3.3800000000000002e-06,3.39e-06,15.801114322509642,target,3209977516.0,7
PEPE,1775283780000,1775283840000,3.3800000000000002e-06,3.39e-06,15.803570079000021,target,3210476400.0,7
PEPE,1775284320000,1775284380000,3.3800000000000002e-06,3.39e-06,15.80602621944411,target,3210975362.0,7
PEPE,1775287380000,1775289240000,3.39e-06,3.3800000000000002e-06,-56.5353383376868,time,3209955335.0,7
PEPE,1775289900000,1775290020000,3.3800000000000002e-06,3.39e-06,15.799696204407851,target,3209689427.0,7
PEPE,1775347380000,1775347440000,3.4e-06,3.41e-06,15.690995010396547,target,3207152787.0,7
PEPE,1775348520000,1775348700000,3.4e-06,3.41e-06,15.693416499453702,target,3207647726.0,7
PEPE,1775350380000,1775352240000,3.4e-06,3.3800000000000002e-06,-88.60890250641879,time,3208142741.0,7
PEPE,1775353980000,1775354040000,3.3800000000000002e-06,3.39e-06,15.793258096191623,target,3208381533.0,7
PEPE,1775357280000,1775357460000,3.3800000000000002e-06,3.39e-06,15.795712636823747,target,3208880170.0,7
PEPE,1775358480000,1775358600000,3.3800000000000002e-06,3.39e-06,15.798167551567502,target,3209378883.0,7
PEPE,1775359620000,1775359680000,3.3800000000000002e-06,3.39e-06,15.800622850264965,target,3209877674.0,7
PEPE,1775361060000,1775361240000,3.3800000000000002e-06,3.39e-06,15.803078532916135,target,3210376543.0,7
PEPE,1775361720000,1775361900000,3.3800000000000002e-06,3.39e-06,15.805534594601793,target,3210875489.0,7
PEPE,1775362680000,1775362740000,3.3700000000000003e-06,3.3800000000000002e-06,15.86366891437378,target,3212894970.0,7
PEPE,1775363280000,1775363400000,3.3700000000000003e-06,3.3800000000000002e-06,15.866143075874701,target,3213396066.0,7
PEPE,1775365920000,1775365980000,3.3700000000000003e-06,3.3800000000000002e-06,15.868617627437676,target,3213897241.0,7
PEPE,1775366580000,1775366640000,3.36e-06,3.37e-06,15.926849262605197,target,3215921103.0,7
PEPE,1775368740000,1775368860000,3.35e-06,3.36e-06,15.985160291436669,target,3217948725.0,7
PEPE,1775371320000,1775371380000,3.3300000000000003e-06,3.34e-06,16.099483926151954,target,3221507539.0,7
PEPE,1775372280000,1775372400000,3.3300000000000003e-06,3.34e-06,16.102030202376802,target,3222017049.0,7
PEPE,1775372940000,1775373120000,3.3300000000000003e-06,3.34e-06,16.10457687840241,target,3222526639.0,7
PEPE,1775373420000,1775373600000,3.3300000000000003e-06,3.34e-06,16.10712396422224,target,3223036311.0,7
PEPE,1775374980000,1775375160000,3.32e-06,3.33e-06,16.165692968800244,target,3225075904.0,7
PEPE,1775375520000,1775375640000,3.32e-06,3.33e-06,16.168258606899812,target,3225587752.0,7
PEPE,1775377080000,1775377200000,3.32e-06,3.33e-06,16.170824656023427,target,3226099682.0,7
PEPE,1775377680000,1775377740000,3.32e-06,3.33e-06,16.173391111161393,target,3226611693.0,7
PEPE,1775378820000,1775378880000,3.32e-06,3.33e-06,16.17595797231189,target,3227123785.0,7
PEPE,1775380260000,1775380380000,3.3300000000000003e-06,3.34e-06,16.12245924774566,target,3226104902.0,7
PEPE,1775434980000,1775435040000,3.57e-06,3.58e-06,14.79499264512438,target,3190294910.0,7
PEPE,1775435580000,1775435640000,3.61e-06,3.62e-06,14.578344068063299,target,3184782975.0,7
PEPE,1775438880000,1775438940000,3.5600000000000002e-06,3.57e-06,14.854090179310736,target,3192711484.0,7
PEPE,1775440920000,1775441040000,3.5500000000000003e-06,3.5600000000000002e-06,14.911148232310937,target,3194675572.0,7
PEPE,1775442120000,1775442300000,3.6000000000000003e-06,3.5600000000000002e-06,-153.13519696880059,stop,3187660220.0,7
PEPE,1775442780000,1775442840000,3.57e-06,3.58e-06,14.78135244984869,target,3187353628.0,7
PEPE,1775443320000,1775443440000,3.5600000000000002e-06,3.57e-06,14.838274093956121,target,3189312003.0,7
PEPE,1775444460000,1775444520000,3.57e-06,3.58e-06,14.785650661074378,target,3188280466.0,7
PEPE,1775444940000,1775445060000,3.5600000000000002e-06,3.57e-06,14.842588859675168,target,3190239411.0,7
PEPE,1775449020000,1775449140000,3.52e-06,3.53e-06,15.064468283311449,target,3196704145.0,7
PEPE,1775449680000,1775449740000,3.5100000000000003e-06,3.52e-06,15.12176162881849,target,3198680408.0,7
PEPE,1775451000000,1775452620000,3.54e-06,3.55e-06,14.958935471857522,target,3194647191.0,7
PEPE,1775453160000,1775453340000,3.52e-06,3.53e-06,15.071141060788028,target,3198120119.0,7
PEPE,1775454420000,1775455920000,3.52e-06,3.53e-06,15.073368683099558,target,3198592824.0,7
PEPE,1775456460000,1775458320000,3.5100000000000003e-06,3.5e-06,-57.23419758503833,time,3200570255.0,7
PEPE,1775458620000,1775458680000,3.5100000000000003e-06,3.52e-06,15.122205337787298,target,3198774265.0,7
PEPE,1775461020000,1775461980000,3.48e-06,3.49e-06,15.289989456727156,target,3203769399.0,7
PEPE,1775462820000,1775462880000,3.4700000000000002e-06,3.48e-06,15.347575076011623,target,3205759807.0,7
PEPE,1775464140000,1775464200000,3.4700000000000002e-06,3.48e-06,15.349885092635459,target,3206242317.0,7
PEPE,1775464680000,1775466540000,3.49e-06,3.46e-06,-121.12409727916562,time,3203705542.0,7
PEPE,1775468340000,1775468760000,3.5100000000000003e-06,3.52e-06,15.113302349051258,target,3196891031.0,7
PEPE,1775469300000,1775469360000,3.5000000000000004e-06,3.5100000000000003e-06,15.170640244655319,target,3198869846.0,7
PEPE,1775471640000,1775471700000,3.53e-06,3.54e-06,15.007742100602618,target,3194835998.0,7
PEPE,1775472120000,1775473980000,3.54e-06,3.5100000000000003e-06,-121.10911305407915,time,3193805724.0,7
PEPE,1775520780000,1775520840000,3.3300000000000003e-06,3.34e-06,16.100885949789763,target,3221788084.0,7
PEPE,1775523300000,1775523360000,3.34e-06,3.35e-06,16.047485722815786,target,3220769839.0,7
PEPE,1775524980000,1775525040000,3.36e-06,3.37e-06,15.938262908014579,target,3218225726.0,7
PEPE,1775527020000,1775528340000,3.35e-06,3.36e-06,15.996615723966228,target,3220254801.0,7
PEPE,1775528820000,1775529060000,3.36e-06,3.37e-06,15.943261099780447,target,3219234952.0,7
PEPE,1775530020000,1775530080000,3.35e-06,3.36e-06,16.00163221842056,target,3221264664.0,7
PEPE,1775531880000,1775531940000,3.34e-06,3.35e-06,16.060083012443886,target,3223298146.0,7
PEPE,1775533500000,1775533620000,3.34e-06,3.35e-06,16.062614232060668,target,3223806168.0,7
PEPE,1775534580000,1775534760000,3.35e-06,3.36e-06,16.009190647198743,target,3222786240.0,7
PEPE,1775535180000,1775535300000,3.35e-06,3.36e-06,16.011705056609276,target,3223292412.0,7
PEPE,1775536380000,1775536440000,3.35e-06,3.36e-06,16.014219863418205,target,3223798664.0,7
PEPE,1775538780000,1775538840000,3.35e-06,3.36e-06,16.016735062660175,target,3224304995.0,7
PEPE,1775539380000,1775539440000,3.35e-06,3.36e-06,16.019250659306,target,3224811406.0,7
PEPE,1775540580000,1775540640000,3.35e-06,3.36e-06,16.02176665334659,target,3225317897.0,7
PEPE,1775541240000,1775541300000,3.35e-06,3.36e-06,16.02428303982203,target,3225824467.0,7
PEPE,1775541720000,1775541840000,3.35e-06,3.36e-06,16.02679981872869,target,3226331116.0,7
PEPE,1775542320000,1775542440000,3.34e-06,3.35e-06,16.085342548551655,target,3228367797.0,7
PEPE,1775543820000,1775543880000,3.34e-06,3.35e-06,16.087877749184063,target,3228876618.0,7
PEPE,1775545020000,1775545200000,3.36e-06,3.37e-06,15.97838001520204,target,3226326101.0,7
PEPE,1775546220000,1775546280000,3.36e-06,3.37e-06,15.980880824649226,target,3226831060.0,7
PEPE,1775546880000,1775547060000,3.36e-06,3.37e-06,15.983382025343957,target,3227336098.0,7
PEPE,1775547420000,1775547480000,3.36e-06,3.37e-06,15.985883617288055,target,3227841215.0,7
PEPE,1775548020000,1775549880000,3.36e-06,3.34e-06,-88.87637669482703,time,3228346411.0,7
PEPE,1775551260000,1775551440000,3.36e-06,3.37e-06,15.974475380008766,target,3225537684.0,7
PEPE,1775606640000,1775606940000,3.7200000000000004e-06,3.7300000000000003e-06,13.996239894399102,target,3171952384.0,7
PEPE,1775607420000,1775607480000,3.76e-06,3.77e-06,13.782139968844685,target,3166488218.0,7
PEPE,1775608080000,1775608200000,3.7200000000000004e-06,3.6800000000000003e-06,-153.27871849584983,stop,3172815535.0,7
PEPE,1775612220000,1775612340000,3.66e-06,3.67e-06,14.304129679806605,target,3176930523.0,7
PEPE,1775613000000,1775613060000,3.66e-06,3.67e-06,14.306136511593696,target,3177376238.0,7
PEPE,1775613600000,1775613660000,3.66e-06,3.67e-06,14.30814362253574,target,3177822015.0,7
PEPE,1775614740000,1775614800000,3.6800000000000003e-06,3.6900000000000002e-06,14.201537398893379,target,3175301822.0,7
PEPE,1775615280000,1775616660000,3.6800000000000003e-06,3.6900000000000002e-06,14.203514713506205,target,3175743927.0,7
PEPE,1775617800000,1775617860000,3.7e-06,3.71e-06,14.097051027396786,target,3173224767.0,7
PEPE,1775619420000,1775619660000,3.7e-06,3.71e-06,14.098998810424074,target,3173663210.0,7
PEPE,1775620020000,1775620320000,3.7e-06,3.71e-06,14.100946860001809,target,3174101713.0,7
PEPE,1775621220000,1775623080000,3.7300000000000003e-06,3.71e-06,-89.91215385973761,time,3170106791.0,7
PEPE,1775623680000,1775625540000,3.7e-06,3.6900000000000002e-06,-58.07462996673819,time,3171743854.0,7
PEPE,1775626140000,1775626200000,3.7e-06,3.71e-06,14.082447930161202,target,3169937632.0,7
PEPE,1775627580000,1775627700000,3.6900000000000002e-06,3.7e-06,14.138540381778222,target,3171854264.0,7
PEPE,1775628720000,1775630400000,3.71e-06,3.67e-06,-153.0394030253602,stop,3169337883.0,7
PEPE,1775630880000,1775630940000,3.6800000000000003e-06,3.6900000000000002e-06,14.173398110554299,target,3169010198.0,7
PEPE,1775631840000,1775631900000,3.6900000000000002e-06,3.7e-06,14.12124060586214,target,3167973215.0,7
PEPE,1775632860000,1775632920000,3.6900000000000002e-06,3.7e-06,14.123199231362328,target,3168412615.0,7
PEPE,1775633400000,1775635020000,3.71e-06,3.67e-06,-152.87334622414906,stop,3165898964.0,7
PEPE,1775635380000,1775635440000,3.6900000000000002e-06,3.7e-06,14.103954496640466,target,3164095232.0,7
PEPE,1775635920000,1775635980000,3.6900000000000002e-06,3.7e-06,14.105910724004445,target,3164534094.0,7
PEPE,1775637120000,1775637240000,3.6800000000000003e-06,3.6900000000000002e-06,14.161946864674997,target,3166449830.0,7
PEPE,1775638020000,1775638080000,3.67e-06,3.68e-06,14.218056331761153,target,3168369099.0,7
PEPE,1775693100000,1775693160000,3.53e-06,3.54e-06,14.98341978439027,target,3189658283.0,7
PEPE,1775694240000,1775694420000,3.53e-06,3.54e-06,14.985626350461027,target,3190128015.0,7
PEPE,1775694780000,1775695020000,3.52e-06,3.53e-06,15.042760811811096,target,3192097785.0,7
PEPE,1775695920000,1775695980000,3.52e-06,3.53e-06,15.044984239999197,target,3192569600.0,7
PEPE,1775697120000,1775697180000,3.5100000000000003e-06,3.52e-06,15.10220348384209,target,3194543307.0,7
PEPE,1775699040000,1775699100000,3.5000000000000004e-06,3.5100000000000003e-06,15.159499267989025,target,3196520668.0,7
PEPE,1775700780000,1775700840000,3.5000000000000004e-06,3.5100000000000003e-06,15.161756337559705,target,3196996592.0,7
PEPE,1775701320000,1775701740000,3.5100000000000003e-06,3.52e-06,15.108941934698318,target,3195968680.0,7
PEPE,1775702460000,1775702520000,3.5100000000000003e-06,3.52e-06,15.111183308633901,target,3196442794.0,7
PEPE,1775702880000,1775704740000,3.5100000000000003e-06,3.48e-06,-121.0112999097442,time,3196916978.0,7
PEPE,1775705220000,1775707080000,3.5000000000000004e-06,3.49e-06,-57.055953367141655,time,3194622249.0,7
PEPE,1775707740000,1775707800000,3.48e-06,3.49e-06,15.252140200522094,target,3195838701.0,7
PEPE,1775708580000,1775708640000,3.48e-06,3.49e-06,15.254427578638218,target,3196317984.0,7
PEPE,1775709840000,1775710020000,3.48e-06,3.49e-06,15.256715300375786,target,3196797339.0,7
PEPE,1775710980000,1775711160000,3.4700000000000002e-06,3.48e-06,15.314175604099491,target,3198783416.0,7
PEPE,1775711760000,1775711880000,3.4700000000000002e-06,3.48e-06,15.316480589062525,target,3199264875.0,7
PEPE,1775713860000,1775714640000,3.48e-06,3.49e-06,15.26359708311185,target,3198239305.0,7
PEPE,1775715120000,1775715240000,3.48e-06,3.49e-06,15.265886179329744,target,3198718948.0,7
PEPE,1775715720000,1775717580000,3.48e-06,3.4700000000000002e-06,-56.99372419915861,time,3199198664.0,7
PEPE,1775718120000,1775718180000,3.48e-06,3.49e-06,15.259628210069017,target,3197407692.0,7
PEPE,1775718720000,1775718900000,3.48e-06,3.49e-06,15.261916714498666,target,3197887211.0,7
PEPE,1775719380000,1775719440000,3.4600000000000003e-06,3.4700000000000002e-06,15.374639686769125,target,3201382548.0,7
PEPE,1775720220000,1775720280000,3.4600000000000003e-06,3.4700000000000002e-06,15.376962118138746,target,3201866136.0,7
PEPE,1775720820000,1775720940000,3.4600000000000003e-06,3.4700000000000002e-06,15.37928490489595,target,3202349798.0,7
PEPE,1775781180000,1775781240000,3.49e-06,3.5e-06,14.942934949689064,target,3140921692.0,8
PEPE,1775781960000,1775782080000,3.49e-06,3.5e-06,14.945167863285594,target,3141391038.0,8
PEPE,1775782740000,1775782800000,3.49e-06,3.5e-06,14.947401109904504,target,3141860454.0,8
PEPE,1775784180000,1775784240000,3.48e-06,3.49e-06,15.003833220226195,target,3143809999.0,8
PEPE,1775785320000,1775785380000,3.5100000000000003e-06,3.52e-06,14.84361635818494,target,3139844814.0,8
PEPE,1775786100000,1775786160000,3.49e-06,3.5e-06,14.95409477443653,target,3143267425.0,8
PEPE,1775786520000,1775786580000,3.48e-06,3.49e-06,15.010552160488508,target,3145217844.0,8
PEPE,1775788980000,1775789040000,3.5000000000000004e-06,3.5100000000000003e-06,14.904392476941988,target,3142729041.0,8
PEPE,1775789760000,1775789820000,3.5000000000000004e-06,3.5100000000000003e-06,14.906611563829449,target,3143196956.0,8
PEPE,1775790780000,1775791080000,3.5000000000000004e-06,3.5100000000000003e-06,14.908830982692244,target,3143664941.0,8
PEPE,1775791620000,1775791680000,3.49e-06,3.5e-06,14.965254827542978,target,3145613206.0,8
PEPE,1775792340000,1775792400000,3.49e-06,3.5e-06,14.9674910761473,target,3146083253.0,8
PEPE,1775793060000,1775793120000,3.5000000000000004e-06,3.5100000000000003e-06,14.915507360372237,target,3145072717.0,8
PEPE,1775793420000,1775794380000,3.5000000000000004e-06,3.5100000000000003e-06,14.917728102392635,target,3145540981.0,8
PEPE,1775795160000,1775795220000,3.5000000000000004e-06,3.5100000000000003e-06,14.919949176386547,target,3146009315.0,8
PEPE,1775795520000,1775795640000,3.5000000000000004e-06,3.5100000000000003e-06,14.922170577613885,target,3146477718.0,8
PEPE,1775796360000,1775796420000,3.5000000000000004e-06,3.5100000000000003e-06,14.924392310818376,target,3146946191.0,8
PEPE,1775797380000,1775797500000,3.53e-06,3.54e-06,14.76413831414757,target,3142977821.0,8
PEPE,1775798040000,1775798280000,3.53e-06,3.54e-06,14.766312589602705,target,3143440679.0,8
PEPE,1775799420000,1775799600000,3.5500000000000003e-06,3.5600000000000002e-06,14.66039223711468,target,3140951738.0,8
PEPE,1775800620000,1775800920000,3.5500000000000003e-06,3.5600000000000002e-06,14.662535431760203,target,3141410912.0,8
PEPE,1775801220000,1775801280000,3.5500000000000003e-06,3.5600000000000002e-06,14.664678943795204,target,3141870154.0,8
PEPE,1775801820000,1775803080000,3.54e-06,3.5e-06,-150.60399529174978,stop,3143805350.0,8
PEPE,1775807580000,1775807640000,3.48e-06,3.49e-06,15.023626180841406,target,3147957293.0,8
PEPE,1775865900000,1775866680000,3.61e-06,3.62e-06,14.324227030232151,target,3129268603.0,8
PEPE,1775867220000,1775867400000,3.61e-06,3.62e-06,14.32627493506885,target,3129715988.0,8
PEPE,1775868420000,1775868600000,3.5900000000000004e-06,3.6000000000000003e-06,14.435743948319526,target,3133096896.0,8
PEPE,1775869500000,1775869620000,3.5900000000000004e-06,3.6000000000000003e-06,14.43782327160141,target,3133548187.0,8
PEPE,1775869920000,1775871120000,3.6000000000000003e-06,3.61e-06,14.386151850620616,target,3132531704.0,8
PEPE,1775875140000,1775875200000,3.62e-06,3.63e-06,14.280849725937653,target,3130049255.0,8
PEPE,1775875680000,1775877120000,3.61e-06,3.62e-06,14.336549596147442,target,3131960589.0,8
PEPE,1775879820000,1775879880000,3.5900000000000004e-06,3.6000000000000003e-06,14.446097116006623,target,3135343921.0,8
PEPE,1775881620000,1775881740000,3.5900000000000004e-06,3.6000000000000003e-06,14.448177932119505,target,3135795536.0,8
PEPE,1775882220000,1775882280000,3.58e-06,3.59e-06,14.5040990697899,target,3137717484.0,8
PEPE,1775882820000,1775883000000,3.5900000000000004e-06,3.6000000000000003e-06,14.45234821262252,target,3136700643.0,8
PEPE,1775883480000,1775883540000,3.5900000000000004e-06,3.6000000000000003e-06,14.454429927195353,target,3137152453.0,8
PEPE,1775884020000,1775884080000,3.5900000000000004e-06,3.6000000000000003e-06,14.45651194125908,target,3137604328.0,8
PEPE,1775886720000,1775886900000,3.58e-06,3.59e-06,14.512465337161755,target,3139527385.0,8
PEPE,1775888640000,1775888760000,3.57e-06,3.58e-06,14.568492911088336,target,3141453997.0,8
PEPE,1775890320000,1775890440000,3.57e-06,3.58e-06,14.570606998936848,target,3141909865.0,8
PEPE,1775891520000,1775891640000,3.57e-06,3.58e-06,14.572721392861068,target,3142365799.0,8
PEPE,1775892180000,1775892420000,3.57e-06,3.58e-06,14.574836097499475,target,3142821800.0,8
PEPE,1775892780000,1775892900000,3.57e-06,3.58e-06,14.576951103575118,target,3143277866.0,8
PEPE,1775893380000,1775893440000,3.57e-06,3.58e-06,14.579066420361308,target,3143733999.0,8
PEPE,1775893920000,1775894040000,3.57e-06,3.58e-06,14.581182043225029,target,3144190198.0,8
PEPE,1775896380000,1775896440000,3.5900000000000004e-06,3.6000000000000003e-06,14.47538012833184,target,3141699431.0,8
PEPE,1775897520000,1775898960000,3.5900000000000004e-06,3.6000000000000003e-06,14.477465160307299,target,3142151961.0,8
PEPE,1775899920000,1775899980000,3.5900000000000004e-06,3.6000000000000003e-06,14.479550491770011,target,3142604556.0,8
PEPE,1775952420000,1775952480000,3.62e-06,3.63e-06,14.320068291562709,target,3138645105.0,8
PEPE,1775955360000,1775955420000,3.63e-06,3.64e-06,14.268345094525131,target,3137623990.0,8
PEPE,1775955960000,1775956140000,3.6400000000000003e-06,3.65e-06,14.216649544017931,target,3136602216.0,8
PEPE,1775956620000,1775956740000,3.6400000000000003e-06,3.65e-06,14.218659268116308,target,3137045619.0,8
PEPE,1775957220000,1775957640000,3.6400000000000003e-06,3.6000000000000003e-06,-151.00734961291863,stop,3137489084.0,8
PEPE,1775962080000,1775962140000,3.5100000000000003e-06,3.52e-06,14.900770552032892,target,3151934543.0,8
PEPE,1775962740000,1775962800000,3.5100000000000003e-06,3.52e-06,14.902981045935974,target,3152402125.0,8
PEPE,1775963340000,1775963460000,3.5000000000000004e-06,3.5100000000000003e-06,14.959521004240774,target,3154353401.0,8
PEPE,1775964720000,1775964780000,3.5100000000000003e-06,3.52e-06,14.907411067999126,target,3153339200.0,8
PEPE,1775965740000,1775965860000,3.49e-06,3.5e-06,15.018364298655642,target,3156776521.0,8
PEPE,1775967420000,1775967660000,3.49e-06,3.5e-06,15.020608482769703,target,3157248236.0,8
PEPE,1775968740000,1775968800000,3.49e-06,3.5e-06,15.022852999907965,target,3157720021.0,8
PEPE,1775969220000,1775969280000,3.5000000000000004e-06,3.5100000000000003e-06,14.970677005147728,target,3156705747.0,8
PEPE,1775969940000,1775970000000,3.49e-06,3.5e-06,15.027334916962474,target,3158662095.0,8
PEPE,1775970420000,1775970540000,3.49e-06,3.5e-06,15.029580442688525,target,3159134092.0,8
PEPE,1775972520000,1775972580000,3.5000000000000004e-06,3.5100000000000003e-06,14.97738107902663,target,3158119363.0,8
PEPE,1775973780000,1775973840000,3.5100000000000003e-06,3.52e-06,14.92520892835223,target,3157103951.0,8
PEPE,1775974320000,1775974380000,3.52e-06,3.53e-06,14.873064030824358,target,3156087858.0,8
PEPE,1775976420000,1775976600000,3.5100000000000003e-06,3.52e-06,14.929629424500376,target,3158039011.0,8
PEPE,1775977200000,1775977260000,3.5100000000000003e-06,3.52e-06,14.93184419679364,target,3158507498.0,8
PEPE,1775977740000,1775977920000,3.5000000000000004e-06,3.5100000000000003e-06,14.988493662344544,target,3160462554.0,8
PEPE,1775978220000,1775978280000,3.5000000000000004e-06,3.5100000000000003e-06,14.990725269431039,target,3160933109.0,8
PEPE,1775978880000,1775978940000,3.5000000000000004e-06,3.5100000000000003e-06,14.992957208494685,target,3161403734.0,8
PEPE,1775980020000,1775980080000,3.5000000000000004e-06,3.5100000000000003e-06,14.995189484273753,target,3161874430.0,8
PEPE,1776039120000,1776039240000,3.4700000000000002e-06,3.48e-06,15.16113045099972,target,3166815760.0,8
PEPE,1776039840000,1776039900000,3.4700000000000002e-06,3.48e-06,15.163412403301855,target,3167292408.0,8
PEPE,1776041520000,1776041640000,3.49e-06,3.5e-06,15.05647154063205,target,3164786451.0,8
PEPE,1776043380000,1776043500000,3.49e-06,3.5e-06,15.058721419472507,target,3165259363.0,8
PEPE,1776044520000,1776044880000,3.5000000000000004e-06,3.5100000000000003e-06,15.00642084824673,target,3164242667.0,8
PEPE,1776046620000,1776046740000,3.48e-06,3.49e-06,15.117824335001359,target,3167694989.0,8
PEPE,1776047220000,1776047400000,3.49e-06,3.5e-06,15.06547307792978,target,3166678524.0,8
PEPE,1776049620000,1776051480000,3.48e-06,3.46e-06,-88.08828843820045,time,3168643469.0,8
PEPE,1776052020000,1776052140000,3.48e-06,3.49e-06,15.109140260593602,target,3165875382.0,8
PEPE,1776054420000,1776054480000,3.48e-06,3.49e-06,15.111406195867817,target,3166350172.0,8
PEPE,1776055080000,1776055140000,3.48e-06,3.49e-06,15.11367246999202,target,3166825033.0,8
PEPE,1776055860000,1776055920000,3.48e-06,3.49e-06,15.115939082962571,target,3167299965.0,8
PEPE,1776056460000,1776056580000,3.4700000000000002e-06,3.48e-06,15.172869185562252,target,3169267715.0,8
PEPE,1776057120000,1776057300000,3.4700000000000002e-06,3.48e-06,15.175152909236981,target,3169744733.0,8
PEPE,1776058440000,1776058500000,3.4700000000000002e-06,3.48e-06,15.177436968037291,target,3170221821.0,8
PEPE,1776060420000,1776060600000,3.49e-06,3.5e-06,15.07039719509521,target,3167713546.0,8
PEPE,1776061080000,1776061140000,3.49e-06,3.5e-06,15.072649152962677,target,3168186895.0,8
PEPE,1776061740000,1776061800000,3.49e-06,3.5e-06,15.074901453367714,target,3168660316.0,8
PEPE,1776063480000,1776063540000,3.48e-06,3.49e-06,15.13181492352317,target,3170626490.0,8
PEPE,1776064680000,1776065520000,3.4700000000000002e-06,3.48e-06,15.18880481976223,target,3172596307.0,8
PEPE,1776066000000,1776066060000,3.4700000000000002e-06,3.48e-06,15.191090937187449,target,3173073825.0,8
PEPE,1776067200000,1776067380000,3.4600000000000003e-06,3.4700000000000002e-06,15.248166046172933,target,3175047589.0,8
PEPE,1776068220000,1776068280000,3.4600000000000003e-06,3.4700000000000002e-06,15.250469377999515,target,3175527200.0,8
PEPE,1776068880000,1776068940000,3.4600000000000003e-06,3.4700000000000002e-06,15.252773055606202,target,3176006883.0,8
PEPE,1776125040000,1776125520000,3.75e-06,3.71e-06,-151.59782477879378,stop,3133643218.0,8
PEPE,1776125820000,1776126960000,3.7200000000000004e-06,3.7300000000000003e-06,13.825735069899508,target,3133311064.0,8
PEPE,1776127320000,1776127680000,3.75e-06,3.71e-06,-151.3910116435805,stop,3129368232.0,8
PEPE,1776128220000,1776128340000,3.7200000000000004e-06,3.7300000000000003e-06,13.80687369303691,target,3129036531.0,8
PEPE,1776129960000,1776130140000,3.7200000000000004e-06,3.7300000000000003e-06,13.808766734961653,target,3129465549.0,8
PEPE,1776131460000,1776131580000,3.74e-06,3.75e-06,13.703998137305865,target,3126981891.0,8
PEPE,1776133800000,1776134760000,3.71e-06,3.72e-06,13.865951735019978,target,3131779048.0,8
PEPE,1776136500000,1776136560000,3.6900000000000002e-06,3.7e-06,13.974849945009758,target,3135131788.0,8
PEPE,1776137760000,1776138180000,3.71e-06,3.72e-06,13.869783705275262,target,3132644541.0,8
PEPE,1776139740000,1776139860000,3.6900000000000002e-06,3.7e-06,13.978712016617024,target,3135998209.0,8
PEPE,1776140880000,1776141060000,3.71e-06,3.72e-06,13.873616738135167,target,3133510274.0,8
PEPE,1776141420000,1776141600000,3.71e-06,3.72e-06,13.875526287891095,target,3133941567.0,8
PEPE,1776142020000,1776143580000,3.7e-06,3.66e-06,-151.3510323055838,stop,3135834089.0,8
PEPE,1776147120000,1776147240000,3.65e-06,3.66e-06,14.177912399072266,target,3138442147.0,8
PEPE,1776148200000,1776148260000,3.6400000000000003e-06,3.65e-06,14.233643232672373,target,3140351513.0,8
PEPE,1776148740000,1776148860000,3.6400000000000003e-06,3.65e-06,14.235655354462804,target,3140795445.0,8
PEPE,1776150060000,1776150120000,3.6400000000000003e-06,3.65e-06,14.23766776633414,target,3141239441.0,8
PEPE,1776150480000,1776150540000,3.65e-06,3.66e-06,14.185923516731597,target,3140215499.0,8
PEPE,1776151020000,1776151080000,3.66e-06,3.67e-06,14.134207031752762,target,3139190901.0,8
PEPE,1776153300000,1776153720000,3.6400000000000003e-06,3.65e-06,14.243683903155988,target,3142566774.0,8
PEPE,1776156780000,1776156900000,3.67e-06,3.68e-06,14.084509108100672,target,3138609272.0,8
PEPE,1776157320000,1776157440000,3.67e-06,3.68e-06,14.086477621773653,target,3139047938.0,8
PEPE,1776160800000,1776160980000,3.6900000000000002e-06,3.7e-06,13.981208140839101,target,3136558192.0,8
PEPE,1776161580000,1776161640000,3.7e-06,3.71e-06,13.929595770024775,target,3135530843.0,8
PEPE,1776211320000,1776211380000,3.57e-06,3.58e-06,14.631705820285362,target,3155084813.0,8
PEPE,1776213120000,1776213240000,3.5900000000000004e-06,3.6000000000000003e-06,14.525537304220018,target,3152585416.0,8
PEPE,1776214380000,1776214620000,3.5900000000000004e-06,3.6000000000000003e-06,14.527629560755571,target,3153039514.0,8
PEPE,1776216240000,1776216300000,3.5900000000000004e-06,3.6000000000000003e-06,14.52972211677656,target,3153493677.0,8
PEPE,1776216720000,1776216780000,3.6000000000000003e-06,3.61e-06,14.47772179996914,target,3152470724.0,8
PEPE,1776217440000,1776217500000,3.61e-06,3.62e-06,14.425749118559843,target,3151447104.0,8
PEPE,1776218100000,1776218280000,3.61e-06,3.62e-06,14.427811538650182,target,3151897660.0,8
PEPE,1776219480000,1776219540000,3.6000000000000003e-06,3.61e-06,14.483939994452907,target,3153824713.0,8
PEPE,1776220080000,1776220200000,3.5900000000000004e-06,3.6000000000000003e-06,14.540142673759933,target,3155755328.0,8
PEPE,1776222420000,1776222720000,3.5900000000000004e-06,3.6000000000000003e-06,14.542237031315207,target,3156209882.0,8
PEPE,1776224280000,1776224340000,3.58e-06,3.59e-06,14.598522225517092,target,3158144343.0,8
PEPE,1776224820000,1776224940000,3.58e-06,3.59e-06,14.600632826659346,target,3158600936.0,8
PEPE,1776226020000,1776226140000,3.5900000000000004e-06,3.6000000000000003e-06,14.548537534150647,target,3157577327.0,8
PEPE,1776226860000,1776227040000,3.5900000000000004e-06,3.6000000000000003e-06,14.5506331034799,target,3158032144.0,8
PEPE,1776229500000,1776231120000,3.6000000000000003e-06,3.5600000000000002e-06,-151.66265082076055,stop,3157007719.0,8
PEPE,1776231480000,1776233340000,3.58e-06,3.5600000000000002e-06,-88.42515862537343,time,3155224215.0,8
PEPE,1776233880000,1776233940000,3.57e-06,3.58e-06,14.626383440374324,target,3153937130.0,8
PEPE,1776235020000,1776235380000,3.57e-06,3.58e-06,14.628505931375807,target,3154394810.0,8
PEPE,1776236040000,1776236100000,3.5600000000000002e-06,3.57e-06,14.684838980086942,target,3156332935.0,8
PEPE,1776237420000,1776238500000,3.5500000000000003e-06,3.5100000000000003e-06,-151.3682080003085,stop,3158274644.0,8
PEPE,1776240420000,1776240780000,3.5500000000000003e-06,3.5600000000000002e-06,14.719118446730201,target,3153533679.0,8
PEPE,1776243120000,1776243300000,3.57e-06,3.58e-06,14.612930043598633,target,3151036128.0,8
PEPE,1776243720000,1776245580000,3.58e-06,3.5600000000000002e-06,-88.27919755924843,time,3150015970.0,8
PEPE,1776246120000,1776246180000,3.57e-06,3.58e-06,14.602240058874319,target,3148731010.0,8
PEPE,1776297840000,1776298980000,3.71e-06,3.72e-06,13.852073235960095,target,3128644435.0,8
PEPE,1776300900000,1776300960000,3.7300000000000003e-06,3.74e-06,13.74729621207178,target,3126161731.0,8
PEPE,1776301320000,1776301620000,3.74e-06,3.7e-06,-151.1158482838515,stop,3125133870.0,8
PEPE,1776301920000,1776302100000,3.7200000000000004e-06,3.7300000000000003e-06,13.781778768599201,target,3123349296.0,8
PEPE,1776302580000,1776302820000,3.7300000000000003e-06,3.74e-06,13.730416870059925,target,3122323336.0,8
PEPE,1776303480000,1776303540000,3.74e-06,3.75e-06,13.679082949899966,target,3121296737.0,8
PEPE,1776304020000,1776304080000,3.75e-06,3.76e-06,13.627777041250267,target,3120269500.0,8
PEPE,1776307020000,1776307080000,3.920000000000001e-06,3.880000000000001e-06,-150.9712947307594,stop,3096211951.0,8
PEPE,1776307620000,1776307680000,3.91e-06,3.87e-06,-150.74466796759904,stop,3092991392.0,8
PEPE,1776308220000,1776308280000,3.85e-06,3.86e-06,13.061288479555987,target,3096926729.0,8
PEPE,1776309420000,1776309480000,3.91e-06,3.87e-06,-150.53798797231033,stop,3088750715.0,8
PEPE,1776310920000,1776311160000,3.9e-06,3.91e-06,12.781843542792279,target,3085538574.0,8
PEPE,1776312120000,1776312240000,3.97e-06,3.9300000000000005e-06,-150.3311988005147,stop,3075987494.0,8
PEPE,1776313380000,1776313440000,3.98e-06,3.99e-06,12.348900829772655,target,3069956701.0,8
PEPE,1776313920000,1776314160000,3.98e-06,3.99e-06,12.350425852040061,target,3070335824.0,8
PEPE,1776314700000,1776315000000,4.0100000000000006e-06,3.970000000000001e-06,-150.14260964869837,stop,3066481688.0,8
PEPE,1776385380000,1776385740000,3.97e-06,3.9300000000000005e-06,-149.91722683063335,stop,3067517046.0,8
PEPE,1776386220000,1776386280000,3.98e-06,3.99e-06,12.314895254348043,target,3061502860.0,8
PEPE,1776388740000,1776388920000,4e-06,3.96e-06,-149.71066855533886,stop,3059065561.0,8
PEPE,1776391020000,1776391080000,3.95e-06,3.96e-06,12.452696472465266,target,3061511118.0,8
PEPE,1776393720000,1776393780000,3.94e-06,3.95e-06,12.505944891544887,target,3063305546.0,8
PEPE,1776394380000,1776394440000,3.9300000000000005e-06,3.94e-06,12.559260636533436,target,3065103267.0,8
PEPE,1776398040000,1776398100000,3.9300000000000005e-06,3.94e-06,12.560844201454834,target,3065489738.0,8
PEPE,1776399360000,1776399420000,3.91e-06,3.92e-06,12.666088241561141,target,3068707024.0,8
PEPE,1776408420000,1776408540000,3.86e-06,3.87e-06,12.92772159490165,target,3076197881.0,8
PEPE,1776409140000,1776409200000,3.86e-06,3.87e-06,12.92939880004551,target,3076596978.0,8
PEPE,1776409620000,1776409680000,3.88e-06,3.89e-06,12.826895694236695,target,3074151155.0,8
PEPE,1776410220000,1776412020000,3.89e-06,3.85e-06,-149.6381915043208,stop,3073126077.0,8
PEPE,1776413220000,1776413580000,3.89e-06,3.9e-06,12.757342506474343,target,3068512930.0,8
PEPE,1776414180000,1776414300000,3.9e-06,3.91e-06,12.707072296003846,target,3067488786.0,8
PEPE,1776415380000,1776415560000,3.9e-06,3.91e-06,12.708694337446548,target,3067880347.0,8
PEPE,1776417240000,1776417300000,3.9e-06,3.91e-06,12.710316590157916,target,3068271959.0,8
PEPE,1776419520000,1776419640000,3.920000000000001e-06,3.9300000000000005e-06,12.608232405647557,target,3065831588.0,8
PEPE,1776420120000,1776420240000,3.9300000000000005e-06,3.94e-06,12.558040577225963,target,3064805510.0,8
PEPE,1776420780000,1776420840000,3.91e-06,3.92e-06,12.663261122814845,target,3068022077.0,8
PEPE,1776424320000,1776424380000,3.89e-06,3.9e-06,12.768712865697683,target,3071247833.0,8
PEPE,1776425580000,1776427020000,3.94e-06,3.900000000000001e-06,-149.5659025332981,stop,3064561060.0,8
PEPE,1776428820000,1776428880000,3.9300000000000005e-06,3.94e-06,12.543972257601766,target,3061372119.0,8
PEPE,1776430680000,1776430740000,3.97e-06,3.98e-06,12.3390837409502,target,3056119812.0,8
PEPE,1776432420000,1776432720000,4.04e-06,4.000000000000001e-06,-149.3787380017683,stop,3046680359.0,8
PEPE,1776472620000,1776472860000,3.95e-06,3.96e-06,12.425087014616423,target,3054723298.0,8
PEPE,1776474780000,1776474840000,3.97e-06,3.98e-06,12.323629995712192,target,3052292259.0,8
PEPE,1776475380000,1776475440000,3.96e-06,3.97e-06,12.376646321154826,target,3054076822.0,8
PEPE,1776477480000,1776477540000,3.94e-06,3.95e-06,12.481318937193318,target,3057273469.0,8
PEPE,1776478620000,1776478740000,3.94e-06,3.95e-06,12.482886188528518,target,3057657364.0,8
PEPE,1776479820000,1776479940000,3.94e-06,3.95e-06,12.484453639910912,target,3058041308.0,8
PEPE,1776480540000,1776480600000,3.94e-06,3.95e-06,12.48602128724873,target,3058425300.0,8
PEPE,1776481020000,1776481080000,3.94e-06,3.95e-06,12.487589130549255,target,3058809340.0,8
PEPE,1776482220000,1776482340000,3.9300000000000005e-06,3.94e-06,12.540826623242419,target,3060604423.0,8
PEPE,1776482820000,1776483720000,3.9300000000000005e-06,3.94e-06,12.542407864882854,target,3060990327.0,8
PEPE,1776484020000,1776484080000,3.9300000000000005e-06,3.94e-06,12.543989303202515,target,3061376279.0,8
PEPE,1776484920000,1776484980000,3.91e-06,3.92e-06,12.649092116991953,target,3064589247.0,8
PEPE,1776486420000,1776486600000,3.920000000000001e-06,3.9300000000000005e-06,12.598909113173734,target,3063564526.0,8
PEPE,1776487380000,1776487440000,3.920000000000001e-06,3.9300000000000005e-06,12.600504228549507,target,3063952396.0,8
PEPE,1776489300000,1776489360000,3.94e-06,3.95e-06,12.498634501680337,target,3061514881.0,8
PEPE,1776489840000,1776489900000,3.94e-06,3.95e-06,12.500203928991336,target,3061899309.0,8
PEPE,1776490380000,1776490920000,3.94e-06,3.95e-06,12.501773556345892,target,3062283786.0,8
PEPE,1776491820000,1776491880000,3.96e-06,3.97e-06,12.400030044496354,target,3059847019.0,8
PEPE,1776492480000,1776492540000,3.95e-06,3.96e-06,12.453213516795142,target,3061638234.0,8
PEPE,1776493020000,1776494220000,3.95e-06,3.96e-06,12.454770779506283,target,3062021089.0,8
PEPE,1776494520000,1776494580000,3.95e-06,3.96e-06,12.456328233390256,target,3062403991.0,8
PEPE,1776496680000,1776496920000,3.95e-06,3.96e-06,12.457885882516772,target,3062786941.0,8
PEPE,1776498420000,1776498660000,3.96e-06,3.97e-06,12.40777860280592,target,3061759063.0,8
PEPE,1776499620000,1776499680000,3.95e-06,3.96e-06,12.460995307298328,target,3063551397.0,8
PEPE,1776558780000,1776558840000,3.76e-06,3.77e-06,13.453565034441302,target,3090997136.0,8
PEPE,1776559320000,1776559440000,3.76e-06,3.77e-06,13.455381167295942,target,3091414398.0,8
PEPE,1776559920000,1776559980000,3.7700000000000003e-06,3.7800000000000002e-06,13.4045885987753,target,3090395066.0,8
PEPE,1776560700000,1776560760000,3.7800000000000002e-06,3.79e-06,13.353823895685581,target,3089375106.0,8
PEPE,1776561840000,1776562020000,3.7800000000000002e-06,3.79e-06,13.355612477023746,target,3089788890.0,8
PEPE,1776563820000,1776564900000,3.7700000000000003e-06,3.7800000000000002e-06,13.409982527261864,target,3091638623.0,8
PEPE,1776565320000,1776565560000,3.76e-06,3.72e-06,-149.72500128080003,stop,3093491762.0,8
PEPE,1776567900000,1776568260000,3.75e-06,3.76e-06,13.496818182669884,target,3090284644.0,8
PEPE,1776568620000,1776568680000,3.7700000000000003e-06,3.7800000000000002e-06,13.39346778228641,target,3087831189.0,8
PEPE,1776569220000,1776569340000,3.7700000000000003e-06,3.7800000000000002e-06,13.395268733976122,target,3088246394.0,8
PEPE,1776570540000,1776570600000,3.7700000000000003e-06,3.7800000000000002e-06,13.397069928562154,target,3088661655.0,8
PEPE,1776571320000,1776571380000,3.76e-06,3.77e-06,13.451457876024346,target,3090513010.0,8
PEPE,1776571920000,1776571980000,3.76e-06,3.77e-06,13.45327372161427,target,3090930206.0,8
PEPE,1776572520000,1776572700000,3.7700000000000003e-06,3.7800000000000002e-06,13.40248910997487,target,3089911034.0,8
PEPE,1776573180000,1776573360000,3.76e-06,3.77e-06,13.456899053790785,target,3091763137.0,8
PEPE,1776574980000,1776575160000,3.75e-06,3.76e-06,13.511379462608932,target,3093618652.0,8
PEPE,1776575700000,1776575820000,3.76e-06,3.77e-06,13.460539576193614,target,3092599558.0,8
PEPE,1776577620000,1776577680000,3.76e-06,3.77e-06,13.462356649188813,target,3093017036.0,8
PEPE,1776579780000,1776579840000,3.76e-06,3.77e-06,13.464173970278253,target,3093434571.0,8
PEPE,1776581580000,1776581640000,3.7800000000000002e-06,3.79e-06,13.360753783877698,target,3090978319.0,8
PEPE,1776582120000,1776582240000,3.7800000000000002e-06,3.79e-06,13.362543290231356,target,3091392317.0,8
PEPE,1776582780000,1776583380000,3.76e-06,3.72e-06,-149.78255967399917,stop,3094680985.0,8
PEPE,1776586020000,1776586440000,3.75e-06,3.76e-06,13.50200672462771,target,3091472633.0,8
PEPE,1776587100000,1776587160000,3.75e-06,3.76e-06,13.503836528059301,target,3091891592.0,8
PEPE,1776644100000,1776644160000,3.66e-06,3.67e-06,13.981653340260863,target,3105308904.0,8
PEPE,1776645240000,1776645300000,3.6900000000000002e-06,3.7e-06,13.824486358982153,target,3101399071.0,8
PEPE,1776647040000,1776647160000,3.6900000000000002e-06,3.7e-06,13.826403823926366,target,3101829237.0,8
PEPE,1776648120000,1776648660000,3.6900000000000002e-06,3.7e-06,13.82832155186461,target,3102259462.0,8
PEPE,1776649020000,1776649200000,3.7e-06,3.71e-06,13.777273569047107,target,3101243347.0,8
PEPE,1776649620000,1776649800000,3.71e-06,3.72e-06,13.726253236078323,target,3100226592.0,8
PEPE,1776650220000,1776651120000,3.71e-06,3.67e-06,-149.72279636861407,stop,3100653303.0,8
PEPE,1776653220000,1776653280000,3.6900000000000002e-06,3.7e-06,13.813287661379212,target,3098886744.0,8
PEPE,1776653820000,1776653880000,3.7e-06,3.71e-06,13.76229517829398,target,3097871734.0,8
PEPE,1776655080000,1776655500000,3.6900000000000002e-06,3.7e-06,13.817112410340307,target,3099744792.0,8
PEPE,1776655920000,1776656100000,3.6900000000000002e-06,3.7e-06,13.819028854516544,target,3100174729.0,8
PEPE,1776657120000,1776657180000,3.6900000000000002e-06,3.7e-06,13.82094556168681,target,3100604725.0,8
PEPE,1776657720000,1776658680000,3.7e-06,3.71e-06,13.769924807759,target,3099589152.0,8
PEPE,1776661620000,1776661920000,3.7200000000000004e-06,3.6800000000000003e-06,-149.6223407829302,stop,3097129803.0,8
PEPE,1776664020000,1776664140000,3.6900000000000002e-06,3.7e-06,13.804019720988174,target,3096807565.0,8
PEPE,1776665220000,1776665280000,3.7e-06,3.71e-06,13.753061450928628,target,3095793236.0,8
PEPE,1776666540000,1776666660000,3.7e-06,3.71e-06,13.7549617036499,target,3096220980.0,8
PEPE,1776667020000,1776667140000,3.71e-06,3.72e-06,13.704023993851088,target,3095205871.0,8
PEPE,1776669540000,1776669600000,3.7200000000000004e-06,3.7300000000000003e-06,13.653113926562384,target,3094190125.0,8
PEPE,1776670680000,1776671160000,3.74e-06,3.75e-06,13.54952628409744,target,3091734463.0,8
PEPE,1776672600000,1776672720000,3.7300000000000003e-06,3.74e-06,13.604082117177391,target,3093594569.0,8
PEPE,1776673020000,1776673140000,3.7300000000000003e-06,3.74e-06,13.605940148878208,target,3094017089.0,8
PEPE,1776674280000,1776674400000,3.7300000000000003e-06,3.74e-06,13.60779843123451,target,3094439666.0,8
PEPE,1776674880000,1776674940000,3.7200000000000004e-06,3.7300000000000003e-06,13.662440115962124,target,3096303709.0,8
PEPE,1776729720000,1776729780000,3.75e-06,3.76e-06,13.506089520406606,target,3092407446.0,8
PEPE,1776731640000,1776731700000,3.75e-06,3.76e-06,13.507919874141212,target,3092826531.0,8
PEPE,1776732180000,1776732240000,3.75e-06,3.76e-06,13.509750481193892,target,3093245674.0,8
PEPE,1776732780000,1776732840000,3.75e-06,3.76e-06,13.511581337195775,target,3093664874.0,8
PEPE,1776733320000,1776733620000,3.76e-06,3.77e-06,13.460740687810596,target,3092645764.0,8
PEPE,1776733920000,1776733980000,3.76e-06,3.77e-06,13.46255779127172,target,3093063249.0,8
PEPE,1776735240000,1776735660000,3.76e-06,3.77e-06,13.46437513847481,target,3093480790.0,8
PEPE,1776736260000,1776736860000,3.76e-06,3.72e-06,-149.74468193079903,stop,3093898387.0,8
PEPE,1776738960000,1776739080000,3.75e-06,3.76e-06,13.498592274272315,target,3090690847.0,8
PEPE,1776739620000,1776739740000,3.74e-06,3.75e-06,13.55309170203039,target,3092548021.0,8
PEPE,1776742020000,1776742080000,3.74e-06,3.75e-06,13.554935595080554,target,3092968761.0,8
PEPE,1776743820000,1776744180000,3.74e-06,3.75e-06,13.556779737934884,target,3093389558.0,8
PEPE,1776746460000,1776746580000,3.74e-06,3.75e-06,13.55862413058974,target,3093810412.0,8
PEPE,1776747180000,1776747360000,3.76e-06,3.77e-06,13.455120269737922,target,3091354456.0,8
PEPE,1776747720000,1776748080000,3.7700000000000003e-06,3.7800000000000002e-06,13.404328687099134,target,3090335144.0,8
PEPE,1776748680000,1776748860000,3.7800000000000002e-06,3.79e-06,13.353564969289318,target,3089315204.0,8
PEPE,1776749280000,1776749340000,3.7800000000000002e-06,3.79e-06,13.355353516049334,target,3089728980.0,8
PEPE,1776749880000,1776750000000,3.7800000000000002e-06,3.79e-06,13.357142300548219,target,3090142811.0,8
PEPE,1776751620000,1776751800000,3.7700000000000003e-06,3.7800000000000002e-06,13.41151857914944,target,3091992756.0,8
PEPE,1776752460000,1776752760000,3.76e-06,3.77e-06,13.465965180717149,target,3093846107.0,8
PEPE,1776754320000,1776754980000,3.79e-06,3.75e-06,-149.76236570594904,stop,3089954417.0,8
PEPE,1776755520000,1776755580000,3.7700000000000003e-06,3.7800000000000002e-06,13.394994868561195,target,3088183255.0,8
PEPE,1776757980000,1776758040000,3.7700000000000003e-06,3.7800000000000002e-06,13.396796024113375,target,3088598507.0,8
PEPE,1776758820000,1776758880000,3.7800000000000002e-06,3.79e-06,13.3460608369723,target,3087579141.0,8
PEPE,1776817380000,1776818760000,3.82e-06,3.83e-06,13.138161045760105,target,3082266521.0,8
PEPE,1776819120000,1776819540000,3.81e-06,3.82e-06,13.192248892887273,target,3084102605.0,8
PEPE,1776821700000,1776821760000,3.79e-06,3.8e-06,13.298866304873737,target,3087374650.0,8
PEPE,1776822720000,1776822780000,3.79e-06,3.8e-06,13.30064051674333,target,3087786539.0,8
PEPE,1776825300000,1776825360000,3.86e-06,3.87e-06,12.936116920744809,target,3078195579.0,8
PEPE,1776826320000,1776826380000,3.9e-06,3.91e-06,12.729518457108856,target,3072907292.0,8
PEPE,1776828120000,1776828180000,3.920000000000001e-06,3.880000000000001e-06,-149.71578733859965,stop,3070463235.0,8
PEPE,1776832980000,1776834540000,3.88e-06,3.89e-06,12.815931503329299,target,3071523428.0,8
PEPE,1776835680000,1776835740000,3.91e-06,3.92e-06,12.661783952478691,target,3067664192.0,8
PEPE,1776836340000,1776836460000,3.91e-06,3.92e-06,12.663393615566521,target,3068054177.0,8
PEPE,1776842280000,1776842460000,3.88e-06,3.89e-06,12.820839961396372,target,3072699811.0,8
PEPE,1776842820000,1776844020000,3.88e-06,3.89e-06,12.822489901416619,target,3073095243.0,8
PEPE,1776844560000,1776844620000,3.87e-06,3.88e-06,12.876195042686199,target,3074912249.0,8
PEPE,1776844920000,1776844980000,3.88e-06,3.89e-06,12.825797120883657,target,3073887866.0,8
PEPE,1776845520000,1776845580000,3.89e-06,3.9e-06,12.775427402811044,target,3072862875.0,8
PEPE,1776846120000,1776846180000,3.88e-06,3.89e-06,12.829091793643514,target,3074677482.0,8
PEPE,1776846720000,1776846780000,3.88e-06,3.89e-06,12.830742797651961,target,3075073169.0,8
PEPE,1776847620000,1776848160000,3.9e-06,3.91e-06,12.728361378151789,target,3072627973.0,8
PEPE,1776848520000,1776848580000,3.89e-06,3.9e-06,12.781985056663963,target,3074440182.0,8
PEPE,1776849120000,1776849480000,3.9e-06,3.91e-06,12.731617739406698,target,3073414059.0,8
PEPE,1776850140000,1776850200000,3.9e-06,3.91e-06,12.733242916723345,target,3073806377.0,8
PEPE,1776850680000,1776850740000,3.91e-06,3.92e-06,12.682897468798537,target,3072779520.0,8
PEPE,1776853620000,1776853740000,3.89e-06,3.9e-06,12.788512730784213,target,3076010278.0,8
PEPE,1776854820000,1776854880000,3.920000000000001e-06,3.9300000000000005e-06,12.63419946678769,target,3072145767.0,8
PEPE,1776902880000,1776903240000,3.8e-06,3.76e-06,-149.81679314315875,stop,3089643084.0,8
PEPE,1776904320000,1776904380000,3.7800000000000002e-06,3.79e-06,13.347321399002055,target,3087870769.0,8
PEPE,1776906780000,1776906840000,3.79e-06,3.8e-06,13.296609308407943,target,3086850681.0,8
PEPE,1776907980000,1776908160000,3.7800000000000002e-06,3.79e-06,13.350890024743697,target,3088696362.0,8
PEPE,1776909120000,1776909360000,3.8e-06,3.81e-06,13.247699275106074,target,3086243279.0,8
PEPE,1776909720000,1776909780000,3.79e-06,3.8e-06,13.301931767399973,target,3088086307.0,8
PEPE,1776914820000,1776914880000,3.75e-06,3.76e-06,13.514110835965633,target,3094244038.0,8
PEPE,1776915540000,1776915780000,3.74e-06,3.75e-06,13.568672913845583,target,3096103346.0,8
PEPE,1776916380000,1776916500000,3.74e-06,3.75e-06,13.570518928023862,target,3096524570.0,8
PEPE,1776916920000,1776916980000,3.74e-06,3.75e-06,13.572365192008123,target,3096945851.0,8
PEPE,1776918180000,1776918240000,3.76e-06,3.77e-06,13.468756434613564,target,3094487406.0,8
PEPE,1776919380000,1776919500000,3.76e-06,3.77e-06,13.470574617497153,target,3094905139.0,8
PEPE,1776921720000,1776921780000,3.7700000000000003e-06,3.7800000000000002e-06,13.41972469539931,target,3093884656.0,8
PEPE,1776922920000,1776923040000,3.76e-06,3.77e-06,13.474204611200532,target,3095739141.0,8
PEPE,1776925380000,1776925440000,3.81e-06,3.82e-06,13.21309948536399,target,3088977086.0,8
PEPE,1776926160000,1776928020000,3.82e-06,3.8e-06,-88.20739895444356,time,3087953753.0,8
PEPE,1776930720000,1776932580000,3.8e-06,3.79e-06,-57.23772559290268,time,3088088783.0,8
PEPE,1776933120000,1776934680000,3.7800000000000002e-06,3.79e-06,13.352996521636234,target,3089183695.0,8
PEPE,1776936420000,1776936540000,3.76e-06,3.77e-06,13.459975731582093,target,3092470013.0,8
PEPE,1776937140000,1776937200000,3.74e-06,3.75e-06,13.56719347825924,target,3095765768.0,8
PEPE,1776938820000,1776938880000,3.74e-06,3.75e-06,13.569039290844366,target,3096186946.0,8
PEPE,1776940920000,1776941160000,3.75e-06,3.76e-06,13.518146122077852,target,3095167973.0,8
PEPE,1776942780000,1776942840000,3.76e-06,3.77e-06,13.467280771717943,target,3094148368.0,8
PEPE,1776943380000,1776943440000,3.76e-06,3.77e-06,13.469098758738232,target,3094566056.0,8
PEPE,1776989520000,1776989700000,3.830000000000001e-06,3.8400000000000005e-06,13.130882841285624,target,3091437985.0,9
PEPE,1776990720000,1776990780000,3.8400000000000005e-06,3.85e-06,13.080168451397407,target,3090411920.0,9
PEPE,1776992760000,1776992880000,3.85e-06,3.86e-06,13.029482241264061,target,3089385238.0,9
PEPE,1776993540000,1776993840000,3.8400000000000005e-06,3.85e-06,13.083583190074993,target,3091218710.0,9
PEPE,1776994320000,1776994680000,3.8400000000000005e-06,3.85e-06,13.085294317871519,target,3091622993.0,9
PEPE,1776996540000,1776996720000,3.85e-06,3.86e-06,13.034588246206761,target,3090595909.0,9
PEPE,1776997020000,1776997140000,3.85e-06,3.86e-06,13.036286140009329,target,3090998492.0,9
PEPE,1776997620000,1776997800000,3.85e-06,3.86e-06,13.03798425733976,target,3091401128.0,9
PEPE,1777000080000,1777000320000,3.830000000000001e-06,3.8400000000000005e-06,13.14460701499115,target,3094669103.0,9
PEPE,1777003620000,1777003740000,3.81e-06,3.82e-06,13.251465897101063,target,3097946440.0,9
PEPE,1777004880000,1777005060000,3.81e-06,3.82e-06,13.25321984747679,target,3098356481.0,9
PEPE,1777006620000,1777007100000,3.82e-06,3.78e-06,-150.32891349139965,stop,3097330040.0,9
PEPE,1777007520000,1777007580000,3.8e-06,3.81e-06,13.287651165125698,target,3095550650.0,9
PEPE,1777008720000,1777009020000,3.81e-06,3.82e-06,13.236835392748116,target,3094526100.0,9
PEPE,1777009980000,1777010040000,3.82e-06,3.83e-06,13.186047709861722,target,3093500929.0,9
PEPE,1777012320000,1777012440000,3.830000000000001e-06,3.8400000000000005e-06,13.135288148654057,target,3092475138.0,9
PEPE,1777012920000,1777013040000,3.8400000000000005e-06,3.85e-06,13.084556741260844,target,3091448728.0,9
PEPE,1777013700000,1777014360000,3.8400000000000005e-06,3.85e-06,13.086268000262534,target,3091853042.0,9
PEPE,1777015320000,1777016400000,3.8400000000000005e-06,3.85e-06,13.087979479359339,target,3092257408.0,9
PEPE,1777018320000,1777018440000,3.82e-06,3.83e-06,13.194693376974984,target,3095529238.0,9
PEPE,1777019520000,1777019640000,3.830000000000001e-06,3.8400000000000005e-06,13.14390053256647,target,3094502774.0,9
PEPE,1777020120000,1777020600000,3.830000000000001e-06,3.8400000000000005e-06,13.145626444724375,target,3094909110.0,9
PEPE,1777021080000,1777021200000,3.830000000000001e-06,3.8400000000000005e-06,13.147352582001867,target,3095315499.0,9
PEPE,1777021620000,1777022580000,3.82e-06,3.78e-06,-150.3205181497743,stop,3097157065.0,9
PEPE,1777075920000,1777076220000,3.85e-06,3.86e-06,13.024537973229865,target,3088212916.0,9
PEPE,1777076820000,1777077300000,3.85e-06,3.86e-06,13.026234559608648,target,3088615189.0,9
PEPE,1777078320000,1777078380000,3.86e-06,3.87e-06,12.975589196170677,target,3087588149.0,9
PEPE,1777080180000,1777080420000,3.88e-06,3.89e-06,12.872719895930889,target,3085133588.0,9
PEPE,1777081380000,1777081440000,3.88e-06,3.89e-06,12.87437651194953,target,3085530620.0,9
PEPE,1777082040000,1777082280000,3.88e-06,3.89e-06,12.87603334076581,target,3085927703.0,9
PEPE,1777083720000,1777083780000,3.87e-06,3.88e-06,12.929962743686781,target,3087752297.0,9
PEPE,1777084320000,1777084380000,3.88e-06,3.89e-06,12.879354371210075,target,3086723636.0,9
PEPE,1777087920000,1777088040000,3.87e-06,3.88e-06,12.93329768124876,target,3088548700.0,9
PEPE,1777088580000,1777088760000,3.88e-06,3.89e-06,12.88267625284126,target,3087519773.0,9
PEPE,1777089780000,1777090080000,3.88e-06,3.89e-06,12.884334149818885,target,3087917112.0,9
PEPE,1777090740000,1777090800000,3.88e-06,3.89e-06,12.885992263765477,target,3088314503.0,9
PEPE,1777092420000,1777092540000,3.87e-06,3.88e-06,12.939963377249876,target,3090140508.0,9
PEPE,1777093140000,1777093260000,3.87e-06,3.88e-06,12.941635408312077,target,3090539799.0,9
PEPE,1777094520000,1777094580000,3.86e-06,3.87e-06,12.995682386690104,target,3092369396.0,9
PEPE,1777096320000,1777096380000,3.88e-06,3.89e-06,12.892653789365598,target,3089911034.0,9
PEPE,1777096920000,1777097040000,3.88e-06,3.89e-06,12.894312971471713,target,3090308681.0,9
PEPE,1777098240000,1777098420000,3.87e-06,3.88e-06,12.948318930499887,target,3092135864.0,9
PEPE,1777101120000,1777101360000,3.86e-06,3.87e-06,13.002393821215534,target,3093966406.0,9
PEPE,1777101720000,1777101840000,3.86e-06,3.87e-06,13.004080717321308,target,3094367809.0,9
PEPE,1777102320000,1777102380000,3.86e-06,3.87e-06,13.005767831960034,target,3094769264.0,9
PEPE,1777103520000,1777103880000,3.86e-06,3.87e-06,13.00745516512625,target,3095170771.0,9
PEPE,1777104420000,1777104600000,3.86e-06,3.87e-06,13.009142721028116,target,3095572331.0,9
PEPE,1777105020000,1777105680000,3.86e-06,3.87e-06,13.010830491254778,target,3095973942.0,9
PEPE,1777162980000,1777163100000,3.8400000000000005e-06,3.85e-06,13.11754938350122,target,3099243800.0,9
PEPE,1777163520000,1777163580000,3.830000000000001e-06,3.8400000000000005e-06,13.171860287469856,target,3101085412.0,9
PEPE,1777164180000,1777164240000,3.830000000000001e-06,3.8400000000000005e-06,13.173589869468044,target,3101492612.0,9
PEPE,1777164960000,1777166820000,3.830000000000001e-06,3.82e-06,-57.70309223866204,time,3101899865.0,9
PEPE,1777167720000,1777167780000,3.830000000000001e-06,3.8400000000000005e-06,13.167742752472531,target,3100116010.0,9
PEPE,1777170540000,1777170660000,3.8400000000000005e-06,3.85e-06,13.116885998379464,target,3099087064.0,9
PEPE,1777171020000,1777171260000,3.830000000000001e-06,3.8400000000000005e-06,13.17119415629108,target,3100928583.0,9
PEPE,1777171800000,1777171860000,3.82e-06,3.83e-06,13.225571996859895,target,3102773489.0,9
PEPE,1777173900000,1777173960000,3.85e-06,3.86e-06,13.069495970737668,target,3098872785.0,9
PEPE,1777174500000,1777175640000,3.830000000000001e-06,3.8400000000000005e-06,13.176376424854741,target,3102148658.0,9
PEPE,1777177320000,1777177380000,3.830000000000001e-06,3.8400000000000005e-06,13.17810659725664,target,3102555997.0,9
PEPE,1777179180000,1777180320000,3.85e-06,3.86e-06,13.07463136321869,target,3100090424.0,9
PEPE,1777182420000,1777182480000,3.86e-06,3.87e-06,13.023797834519588,target,3099059568.0,9
PEPE,1777184280000,1777184460000,3.88e-06,3.89e-06,12.920546338507553,target,3096595887.0,9
PEPE,1777186200000,1777186260000,3.89e-06,3.9e-06,12.869804523686007,target,3095563325.0,9
PEPE,1777186620000,1777186740000,3.89e-06,3.9e-06,12.871454049228035,target,3095960084.0,9
PEPE,1777187280000,1777187340000,3.88e-06,3.89e-06,12.925521806925417,target,3097788330.0,9
PEPE,1777188180000,1777188360000,3.88e-06,3.89e-06,12.92718521994728,target,3098186991.0,9
PEPE,1777189080000,1777189320000,3.88e-06,3.89e-06,12.928848845764962,target,3098585703.0,9
PEPE,1777190400000,1777190520000,3.89e-06,3.9e-06,12.87807442312655,target,3097552477.0,9
PEPE,1777190940000,1777191000000,3.89e-06,3.9e-06,12.879725008832521,target,3097949491.0,9
PEPE,1777191420000,1777191480000,3.88e-06,3.89e-06,12.933827514491897,target,3099778913.0,9
PEPE,1777192020000,1777192260000,3.88e-06,3.89e-06,12.935491995675102,target,3100177830.0,9
PEPE,1777193340000,1777193400000,3.87e-06,3.88e-06,12.989670430187259,target,3102010849.0,9
PEPE,1777249320000,1777249380000,3.89e-06,3.9e-06,12.886356371002336,target,3099544527.0,9
PEPE,1777250160000,1777250220000,3.88e-06,3.89e-06,12.940486728526354,target,3101374890.0,9
PEPE,1777251780000,1777251840000,3.95e-06,3.96e-06,12.575769602134693,target,3091768802.0,9
PEPE,1777254120000,1777254420000,3.95e-06,3.96e-06,12.57734219118812,target,3092155425.0,9
PEPE,1777254720000,1777254840000,3.96e-06,3.97e-06,12.526754438726226,target,3091117690.0,9
PEPE,1777255380000,1777255440000,3.97e-06,3.98e-06,12.476195403886427,target,3090079357.0,9
PEPE,1777257120000,1777257180000,3.97e-06,3.98e-06,12.477742606188452,target,3090462565.0,9
PEPE,1777258920000,1777259040000,3.99e-06,4e-06,12.375170026764396,target,3088002502.0,9
PEPE,1777259520000,1777259580000,4e-06,4.01e-06,12.324697314125997,target,3086962383.0,9
PEPE,1777260180000,1777260300000,4e-06,4.01e-06,12.326206610877872,target,3087340416.0,9
PEPE,1777260720000,1777260840000,4.0100000000000006e-06,4.0200000000000005e-06,12.27575657547245,target,3086299579.0,9
PEPE,1777270920000,1777270980000,3.85e-06,3.86e-06,13.114480846373036,target,3109539027.0,9
PEPE,1777273740000,1777273800000,3.82e-06,3.83e-06,13.274572592873776,target,3114269230.0,9
PEPE,1777275120000,1777275600000,3.82e-06,3.83e-06,13.276322626185713,target,3114679795.0,9
PEPE,1777276080000,1777276140000,3.830000000000001e-06,3.8400000000000005e-06,13.225215551795802,target,3113646981.0,9
PEPE,1777276680000,1777277040000,3.830000000000001e-06,3.8400000000000005e-06,13.226952137925057,target,3114055830.0,9
PEPE,1777277640000,1777277700000,3.830000000000001e-06,3.8400000000000005e-06,13.22868895341546,target,3114464733.0,9
PEPE,1777278120000,1777278180000,3.82e-06,3.83e-06,13.28330416215116,target,3116317692.0,9
PEPE,1777278720000,1777278780000,3.82e-06,3.83e-06,13.285055350598386,target,3116728528.0,9
PEPE,1777279440000,1777279500000,3.82e-06,3.83e-06,13.286806764962876,target,3117139417.0,9
PEPE,1777280160000,1777280220000,3.830000000000001e-06,3.8400000000000005e-06,13.23565933453091,target,3116105788.0,9
PEPE,1777281120000,1777281180000,3.8400000000000005e-06,3.85e-06,13.184540271887075,target,3115071535.0,9
PEPE,1777281960000,1777282200000,3.830000000000001e-06,3.8400000000000005e-06,13.23912853961922,target,3116922552.0,9
PEPE,1777283220000,1777283280000,3.8400000000000005e-06,3.85e-06,13.18799607850996,target,3115888028.0,9
PEPE,1777334580000,1777334640000,3.9e-06,3.91e-06,12.87347987642886,target,3107659596.0,9
PEPE,1777335120000,1777335300000,3.9e-06,3.91e-06,12.875123160611247,target,3108056285.0,9
PEPE,1777335720000,1777335900000,3.88e-06,3.89e-06,12.9820122496444,target,3111327082.0,9
PEPE,1777337820000,1777337880000,3.9e-06,3.91e-06,12.878423792764735,target,3108853058.0,9
PEPE,1777338480000,1777338780000,3.9e-06,3.91e-06,12.880067706605885,target,3109249899.0,9
PEPE,1777339860000,1777339920000,3.89e-06,3.9e-06,12.934330516008087,target,3111083708.0,9
PEPE,1777340760000,1777340820000,3.88e-06,3.89e-06,12.988662392661002,target,3112920885.0,9
PEPE,1777341420000,1777341480000,3.88e-06,3.89e-06,12.990333929542384,target,3113321493.0,9
PEPE,1777342080000,1777342140000,3.88e-06,3.89e-06,12.992005683392732,target,3113722153.0,9
PEPE,1777342620000,1777342740000,3.87e-06,3.88e-06,13.046420816249395,target,3115563180.0,9
PEPE,1777345080000,1777345260000,3.86e-06,3.87e-06,13.100905401178595,target,3117407591.0,9
PEPE,1777345620000,1777345860000,3.87e-06,3.88e-06,13.049799429435001,target,3116370013.0,9
PEPE,1777346280000,1777346340000,3.86e-06,3.87e-06,13.104298125654537,target,3118214902.0,9
PEPE,1777349220000,1777349280000,3.86e-06,3.87e-06,13.105998242825525,target,3118619451.0,9
PEPE,1777349940000,1777351800000,3.88e-06,3.86e-06,-89.43322434270033,time,3116140221.0,9
PEPE,1777352220000,1777352280000,3.87e-06,3.88e-06,13.043316337748948,target,3114821812.0,9
PEPE,1777354020000,1777354080000,3.88e-06,3.89e-06,12.992264294942178,target,3113784133.0,9
PEPE,1777354620000,1777354680000,3.88e-06,3.89e-06,12.993936294968046,target,3114184852.0,9
PEPE,1777355340000,1777355400000,3.87e-06,3.88e-06,13.04835951568722,target,3116026153.0,9
PEPE,1777355940000,1777356000000,3.88e-06,3.89e-06,12.99728773459089,target,3114988073.0,9
PEPE,1777356420000,1777356480000,3.89e-06,3.9e-06,12.946244534878302,target,3113949377.0,9
PEPE,1777358220000,1777358640000,3.88e-06,3.8400000000000005e-06,-151.64541398148788,stop,3115788247.0,9
PEPE,1777362240000,1777362300000,3.85e-06,3.86e-06,13.13933372193652,target,3115431825.0,9
PEPE,1777363440000,1777363920000,3.85e-06,3.86e-06,13.141045259352111,target,3115837643.0,9
PEPE,1777421640000,1777421820000,3.87e-06,3.88e-06,13.037198856686102,target,3113360921.0,9
PEPE,1777422180000,1777422300000,3.87e-06,3.88e-06,13.03888345024983,target,3113763212.0,9
PEPE,1777423980000,1777424100000,3.89e-06,3.9e-06,12.935177972493891,target,3111287546.0,9
PEPE,1777426380000,1777426500000,3.86e-06,3.87e-06,13.09501473171225,target,3116005885.0,9
PEPE,1777427640000,1777427820000,3.88e-06,3.89e-06,12.991198638442079,target,3113528733.0,9
PEPE,1777428300000,1777428360000,3.88e-06,3.89e-06,12.992870500776,target,3113929419.0,9
PEPE,1777428720000,1777428840000,3.88e-06,3.89e-06,12.994542580082523,target,3114330157.0,9
PEPE,1777430280000,1777430520000,3.87e-06,3.88e-06,13.048968340499654,target,3116171544.0,9
PEPE,1777432560000,1777432620000,3.87e-06,3.88e-06,13.050654454123979,target,3116574198.0,9
PEPE,1777434720000,1777434780000,3.9e-06,3.91e-06,12.894185723573626,target,3112657990.0,9
PEPE,1777435380000,1777435440000,3.9e-06,3.91e-06,12.895831650671562,target,3113055317.0,9
PEPE,1777435980000,1777436040000,3.9e-06,3.91e-06,12.897477789036342,target,3113452695.0,9
PEPE,1777437780000,1777437900000,3.9300000000000005e-06,3.94e-06,12.741346341322119,target,3109541511.0,9
PEPE,1777438380000,1777438560000,3.94e-06,3.95e-06,12.690450629457636,target,3108499848.0,9
PEPE,1777438920000,1777440780000,3.94e-06,3.92e-06,-89.64484822496175,time,3108890176.0,9
PEPE,1777442220000,1777442340000,3.920000000000001e-06,3.9300000000000005e-06,12.785760554786467,target,3108999527.0,9
PEPE,1777443420000,1777443840000,3.91e-06,3.92e-06,12.839945137304836,target,3110828622.0,9
PEPE,1777444620000,1777444800000,3.9e-06,3.91e-06,12.894198507330488,target,3112661076.0,9
PEPE,1777445340000,1777445400000,3.9e-06,3.91e-06,12.895844434426603,target,3113058403.0,9
PEPE,1777447020000,1777447080000,3.89e-06,3.9e-06,12.950173709134909,target,3114894458.0,9
PEPE,1777447620000,1777447680000,3.9e-06,3.91e-06,12.89914364984424,target,3113854834.0,9
PEPE,1777448220000,1777448340000,3.94e-06,3.95e-06,12.69048964182964,target,3108509404.0,9
PEPE,1777448820000,1777448880000,3.94e-06,3.95e-06,12.692083159972242,target,3108899733.0,9
PEPE,1777450140000,1777450200000,3.9300000000000005e-06,3.94e-06,12.74619245866839,target,3110724212.0,9
PEPE,1777507380000,1777507680000,3.85e-06,3.86e-06,13.169727856877739,target,3122638496.0,9
PEPE,1777508880000,1777509000000,3.86e-06,3.87e-06,13.118524596755345,target,3121600142.0,9
PEPE,1777511220000,1777511280000,3.91e-06,3.92e-06,12.856331448512472,target,3114798655.0,9
PEPE,1777511820000,1777512720000,3.91e-06,3.92e-06,12.857965847707176,target,3115194633.0,9
PEPE,1777513020000,1777513080000,3.91e-06,3.92e-06,12.85960045327724,target,3115590661.0,9
PEPE,1777514220000,1777515660000,3.920000000000001e-06,3.880000000000001e-06,-151.86540368135806,stop,3114548886.0,9
PEPE,1777519920000,1777519980000,3.85e-06,3.86e-06,13.158394755360957,target,3119951335.0,9
PEPE,1777521120000,1777521240000,3.86e-06,3.87e-06,13.10723555548365,target,3118913874.0,9
PEPE,1777521720000,1777521780000,3.8400000000000005e-06,3.85e-06,13.214745194930972,target,3122207961.0,9
PEPE,1777525920000,1777525980000,3.830000000000001e-06,3.8400000000000005e-06,13.269458518455037,target,3124063218.0,9
PEPE,1777526760000,1777527120000,3.82e-06,3.83e-06,13.324242047600976,target,3125921888.0,9
PEPE,1777527480000,1777527540000,3.830000000000001e-06,3.8400000000000005e-06,13.272950507133123,target,3124885346.0,9
PEPE,1777528620000,1777528680000,3.830000000000001e-06,3.8400000000000005e-06,13.274693362570886,target,3125295671.0,9
PEPE,1777529280000,1777529400000,3.830000000000001e-06,3.8400000000000005e-06,13.276436447375259,target,3125706050.0,9
PEPE,1777530480000,1777530540000,3.830000000000001e-06,3.8400000000000005e-06,13.278179761540784,target,3126116483.0,9
PEPE,1777531020000,1777531080000,3.85e-06,3.86e-06,13.173918744453356,target,3123632186.0,9
PEPE,1777532820000,1777532880000,3.88e-06,3.89e-06,13.016974828824457,target,3119706370.0,9
PEPE,1777533420000,1777533540000,3.89e-06,3.9e-06,12.965854314905304,target,3118666101.0,9
PEPE,1777534740000,1777534860000,3.91e-06,3.92e-06,12.862057487987611,target,3116185945.0,9
PEPE,1777536540000,1777536600000,3.91e-06,3.92e-06,12.863692613621252,target,3116582099.0,9
PEPE,1777537740000,1777537800000,3.89e-06,3.9e-06,12.97081342664054,target,3119858912.0,9
PEPE,1777540140000,1777540560000,3.9e-06,3.91e-06,12.919702036418041,target,3118817631.0,9
PEPE,1777541580000,1777541760000,3.91e-06,3.92e-06,12.868619354467974,target,3117775737.0,9
PEPE,1777542360000,1777542420000,3.920000000000001e-06,3.9300000000000005e-06,12.817565412486633,target,3116733231.0,9
PEPE,1777595700000,1777595760000,3.88e-06,3.89e-06,13.0302668282746,target,3122891990.0,9
PEPE,1777597320000,1777597380000,3.88e-06,3.89e-06,13.03194371847304,target,3123293881.0,9
PEPE,1777598520000,1777599540000,3.91e-06,3.92e-06,12.875198015743596,target,3119369598.0,9
PEPE,1777601220000,1777601340000,3.91e-06,3.92e-06,12.876834808889924,target,3119766156.0,9
PEPE,1777602060000,1777602120000,3.9e-06,3.91e-06,12.931244052187255,target,3121603875.0,9
PEPE,1777604280000,1777604340000,3.9300000000000005e-06,3.94e-06,12.774703847069762,target,3117682452.0,9
PEPE,1777604880000,1777605000000,3.920000000000001e-06,3.9300000000000005e-06,12.829002842509318,target,3119514369.0,9
PEPE,1777605420000,1777605480000,3.9300000000000005e-06,3.94e-06,12.777932152590191,target,3118470324.0,9
PEPE,1777606260000,1777606380000,3.96e-06,3.97e-06,12.621729829691459,target,3114553937.0,9
PEPE,1777607700000,1777608120000,3.95e-06,3.96e-06,12.675864167447374,target,3116377177.0,9
PEPE,1777610520000,1777610640000,3.94e-06,3.95e-06,12.730066866530715,target,3118203764.0,9
PEPE,1777613040000,1777614360000,3.96e-06,3.920000000000001e-06,-152.20304412499874,stop,3115722500.0,9
PEPE,1777615140000,1777615200000,3.94e-06,3.95e-06,12.71255353349352,target,3113913909.0,9
PEPE,1777615680000,1777615740000,3.94e-06,3.95e-06,12.714149819568147,target,3114304916.0,9
PEPE,1777617480000,1777619340000,3.9300000000000005e-06,3.91e-06,-89.78356961550122,time,3116132568.0,9
PEPE,1777620300000,1777621020000,3.920000000000001e-06,3.9300000000000005e-06,12.809641365235393,target,3114806411.0,9
PEPE,1777621920000,1777621980000,3.920000000000001e-06,3.9300000000000005e-06,12.811263162511407,target,3115200769.0,9
PEPE,1777623840000,1777623900000,3.9300000000000005e-06,3.94e-06,12.76026308928303,target,3114158167.0,9
PEPE,1777624440000,1777624560000,3.9300000000000005e-06,3.94e-06,12.761871997242386,target,3114550823.0,9
PEPE,1777624980000,1777625040000,3.9300000000000005e-06,3.94e-06,12.763481110075857,target,3114943529.0,9
PEPE,1777625580000,1777625640000,3.9300000000000005e-06,3.94e-06,12.765090423689639,target,3115336284.0,9
PEPE,1777626120000,1777626180000,3.9300000000000005e-06,3.94e-06,12.766699942177537,target,3115729089.0,9
PEPE,1777626840000,1777628700000,3.9300000000000005e-06,3.9e-06,-120.89774108354301,time,3116121943.0,9
PEPE,1777630020000,1777630620000,3.91e-06,3.92e-06,12.858299320813606,target,3115275426.0,9
PEPE,1777680240000,1777680300000,3.9300000000000005e-06,3.94e-06,12.754687248159664,target,3112797376.0,9
PEPE,1777684440000,1777684560000,3.94e-06,3.95e-06,12.703738248396048,target,3111754623.0,9
PEPE,1777684920000,1777685340000,3.9300000000000005e-06,3.94e-06,12.757897233755461,target,3113580777.0,9
PEPE,1777686720000,1777686780000,3.94e-06,3.95e-06,12.70693541336352,target,3112537762.0,9
PEPE,1777687320000,1777687380000,3.9300000000000005e-06,3.94e-06,12.761108030658292,target,3114364376.0,9
PEPE,1777688580000,1777688700000,3.9300000000000005e-06,3.94e-06,12.76271704515306,target,3114757058.0,9
PEPE,1777690320000,1777690380000,3.9300000000000005e-06,3.94e-06,12.764326264525586,target,3115149790.0,9
PEPE,1777690920000,1777692540000,3.9300000000000005e-06,3.94e-06,12.765935684671142,target,3115542571.0,9
PEPE,1777693680000,1777693740000,3.920000000000001e-06,3.9300000000000005e-06,12.820197412487424,target,3117373231.0,9
PEPE,1777694340000,1777694400000,3.9300000000000005e-06,3.94e-06,12.769161773446022,target,3116329902.0,9
PEPE,1777694820000,1777696680000,3.920000000000001e-06,3.91e-06,-58.63701807512586,time,3118161025.0,9
PEPE,1777697820000,1777698480000,3.91e-06,3.92e-06,12.86869685240608,target,3117794513.0,9
PEPE,1777699740000,1777699800000,3.9e-06,3.91e-06,12.923071707474143,target,3119631070.0,9
PEPE,1777701060000,1777701120000,3.91e-06,3.92e-06,12.871975705386493,target,3118588905.0,9
PEPE,1777703340000,1777703460000,3.920000000000001e-06,3.9300000000000005e-06,12.82090845139983,target,3117546128.0,9
PEPE,1777703820000,1777703940000,3.9300000000000005e-06,3.94e-06,12.769869981246982,target,3116502741.0,9
PEPE,1777704420000,1777704540000,3.9300000000000005e-06,3.94e-06,12.771480102066713,target,3116895693.0,9
PEPE,1777706280000,1777706520000,3.9300000000000005e-06,3.94e-06,12.773090423664932,target,3117288694.0,9
PEPE,1777706820000,1777706880000,3.9300000000000005e-06,3.94e-06,12.77470095013727,target,3117681745.0,9
PEPE,1777708620000,1777708740000,3.9300000000000005e-06,3.94e-06,12.776311681483723,target,3118074846.0,9
PEPE,1777709220000,1777709580000,3.920000000000001e-06,3.9300000000000005e-06,12.830617508710494,target,3119906993.0,9
PEPE,1777715520000,1777715580000,3.94e-06,3.95e-06,12.72688741552805,target,3117424964.0,9
PEPE,1777716120000,1777716180000,3.9300000000000005e-06,3.94e-06,12.781145092482724,target,3119254446.0,9
PEPE,1777716780000,1777717080000,3.9300000000000005e-06,3.94e-06,12.782756635136211,target,3119647745.0,9
PEPE,1777766700000,1777767060000,3.98e-06,3.94e-06,-152.2034046032486,stop,3112862350.0,9
PEPE,1777770720000,1777770780000,3.94e-06,3.95e-06,12.712583641929683,target,3113921284.0,9
PEPE,1777771680000,1777771800000,3.94e-06,3.95e-06,12.71417993617147,target,3114312293.0,9
PEPE,1777774080000,1777774140000,3.920000000000001e-06,3.9300000000000005e-06,12.821038998599937,target,3117577872.0,9
PEPE,1777774920000,1777775580000,3.920000000000001e-06,3.9300000000000005e-06,12.822662235250027,target,3117972580.0,9
PEPE,1777776780000,1777776840000,3.920000000000001e-06,3.9300000000000005e-06,12.824285681637987,target,3118367339.0,9
PEPE,1777777980000,1777778040000,3.920000000000001e-06,3.9300000000000005e-06,12.825909329537554,target,3118762147.0,9
PEPE,1777778520000,1777778580000,3.9300000000000005e-06,3.94e-06,12.774850955513658,target,3117718354.0,9
PEPE,1777779120000,1777779180000,3.9300000000000005e-06,3.94e-06,12.776461703253535,target,3118111459.0,9
PEPE,1777779720000,1777779780000,3.94e-06,3.95e-06,12.725425721311934,target,3117066925.0,9
PEPE,1777783380000,1777783500000,3.94e-06,3.95e-06,12.72702362814107,target,3117458329.0,9
PEPE,1777784640000,1777784760000,3.94e-06,3.95e-06,12.72862173501376,target,3117849782.0,9
PEPE,1777785180000,1777785360000,3.94e-06,3.95e-06,12.730220041930005,target,3118241284.0,9
PEPE,1777785720000,1777785780000,3.94e-06,3.95e-06,12.731818548886165,target,3118632835.0,9
PEPE,1777786320000,1777786380000,3.94e-06,3.95e-06,12.7334172558877,target,3119024435.0,9
PEPE,1777787100000,1777787160000,3.9300000000000005e-06,3.94e-06,12.787702772458951,target,3120854856.0,9
PEPE,1777787940000,1777788120000,3.9300000000000005e-06,3.94e-06,12.789315142807435,target,3121248357.0,9
PEPE,1777788420000,1777788480000,3.920000000000001e-06,3.9300000000000005e-06,12.84367624251164,target,3123082369.0,9
PEPE,1777789020000,1777789080000,3.920000000000001e-06,3.9300000000000005e-06,12.845302345575039,target,3123477774.0,9
PEPE,1777790100000,1777790160000,3.920000000000001e-06,3.9300000000000005e-06,12.846928658374487,target,3123873230.0,9
PEPE,1777792560000,1777792800000,3.9300000000000005e-06,3.94e-06,12.79578660728453,target,3122827726.0,9
PEPE,1777793280000,1777793400000,3.94e-06,3.95e-06,12.744673435071249,target,3121781613.0,9
PEPE,1777793820000,1777793880000,3.94e-06,3.95e-06,12.746273754660132,target,3122173608.0,9
PEPE,1777795260000,1777795380000,3.9300000000000005e-06,3.94e-06,12.800614081006119,target,3124005877.0,9
PEPE,1777855980000,1777856040000,3.9300000000000005e-06,3.94e-06,12.80222807806066,target,3124399775.0,9
PEPE,1777856520000,1777856580000,3.95e-06,3.96e-06,12.698384690629993,target,3121913876.0,9
PEPE,1777857120000,1777857300000,3.95e-06,3.96e-06,12.69997261008996,target,3122304268.0,9
PEPE,1777857720000,1777857780000,3.94e-06,3.95e-06,12.754278394059089,target,3124134328.0,9
PEPE,1777858920000,1777859040000,3.99e-06,4e-06,12.49274350446335,target,3117340862.0,9
PEPE,1777860120000,1777860240000,4.03e-06,4.04e-06,12.284614749826385,target,3111998670.0,9
PEPE,1777861500000,1777861680000,4.05e-06,4.06e-06,12.181543463924886,target,3109519710.0,9
PEPE,1777862280000,1777862340000,4.06e-06,4.07e-06,12.130791160162312,target,3108466665.0,9
PEPE,1777863600000,1777864680000,4.08e-06,4.09e-06,12.027944904133332,target,3105989646.0,9
PEPE,1777865940000,1777866300000,4.06e-06,4.07e-06,12.133675014002733,target,3109205641.0,9
PEPE,1777868520000,1777868820000,4.1000000000000006e-06,4.1100000000000005e-06,11.926676156666069,target,3103884491.0,9
PEPE,1777870560000,1777871340000,4.1000000000000006e-06,4.060000000000001e-06,-152.6203844347634,stop,3104248641.0,9
PEPE,1777877820000,1777877880000,4.03e-06,4.04e-06,12.274949473711908,target,3109550215.0,9
PEPE,1777878420000,1777878480000,4.03e-06,4.04e-06,12.276433686341916,target,3109926203.0,9
PEPE,1777879620000,1777879920000,4.04e-06,4.05e-06,12.225650587507426,target,3108874911.0,9
PEPE,1777880220000,1777880940000,4.03e-06,4.04e-06,12.279396332460665,target,3110676715.0,9
PEPE,1777882380000,1777882440000,4.03e-06,4.04e-06,12.280881081951526,target,3111052839.0,9
PEPE,1777884120000,1777885020000,4.03e-06,4.04e-06,12.282366013026094,target,3111429009.0,9
PEPE,1777885320000,1777885440000,4.0200000000000005e-06,4.03e-06,12.336191912299192,target,3113234552.0,9
PEPE,1777886580000,1777886760000,4.0200000000000005e-06,4.03e-06,12.337689883912718,target,3113612589.0,9
PEPE,1777888980000,1777889040000,4.04e-06,4.000000000000001e-06,-152.5388330940475,stop,3111132635.0,9
PEPE,1777892820000,1777892940000,3.97e-06,3.98e-06,12.582761929860546,target,3116473543.0,9
PEPE,1777894020000,1777894080000,3.98e-06,3.99e-06,12.53180003914994,target,3115425740.0,9
PEPE,1777895940000,1777896360000,3.99e-06,4e-06,12.480867174019728,target,3114377336.0,9
PEPE,1777939320000,1777939380000,3.98e-06,3.99e-06,12.534888969190723,target,3116193653.0,9
PEPE,1777939980000,1777940040000,3.99e-06,4e-06,12.483943551431919,target,3115144991.0,9
PEPE,1777940580000,1777941120000,3.99e-06,4e-06,12.485478796631112,target,3115528084.0,9
PEPE,1777941540000,1777941960000,4e-06,4.01e-06,12.43455618978863,target,3114478695.0,9
PEPE,1777947120000,1777947960000,4.03e-06,4.04e-06,12.27897458156204,target,3110569875.0,9
PEPE,1777948920000,1777950780000,4.03e-06,4.04e-06,12.280459283682129,target,3110945987.0,9
PEPE,1777952040000,1777952160000,4.04e-06,4.05e-06,12.229659527440585,target,3109894349.0,9
PEPE,1777952640000,1777952700000,4.04e-06,4.05e-06,12.23113196948494,target,3110268778.0,9
PEPE,1777953180000,1777953480000,4.04e-06,4.05e-06,12.232604588487483,target,3110643252.0,9
PEPE,1777954020000,1777954140000,4.03e-06,4.04e-06,12.286380904746741,target,3112446081.0,9
PEPE,1777954620000,1777954740000,4.0200000000000005e-06,4.03e-06,12.340224397975126,target,3114252214.0,9
PEPE,1777955460000,1777955520000,4.03e-06,4.04e-06,12.289358606631112,target,3113200407.0,9
PEPE,1777955820000,1777956120000,4.03e-06,4.04e-06,12.290844560108749,target,3113576836.0,9
PEPE,1777957020000,1777957200000,4.03e-06,4.04e-06,12.292330695173735,target,3113953311.0,9
PEPE,1777958340000,1777958400000,4.04e-06,4.05e-06,12.241481833651376,target,3112900657.0,9
PEPE,1777959000000,1777959060000,4.05e-06,4.06e-06,12.190662240425194,target,3111847413.0,9
PEPE,1777961220000,1777961760000,4.06e-06,4.07e-06,12.139871942046993,target,3110793579.0,9
PEPE,1777962600000,1777962660000,4.05e-06,4.06e-06,12.193579105154159,target,3112591986.0,9
PEPE,1777963020000,1777963200000,4.05e-06,4.06e-06,12.195040932031416,target,3112965139.0,9
PEPE,1777963680000,1777963740000,4.05e-06,4.06e-06,12.196502931279992,target,3113338336.0,9
PEPE,1777967220000,1777967280000,4.08e-06,4.09e-06,12.04127836697278,target,3109432761.0,9
PEPE,1777968000000,1777968120000,4.07e-06,4.08e-06,12.094890612385608,target,3111225881.0,9
PEPE,1777969020000,1777969560000,4.08e-06,4.09e-06,12.04413476169846,target,3110170371.0,9
PEPE,1777969920000,1777970040000,4.07e-06,4.08e-06,12.097759723450302,target,3111963916.0,9
PEPE,1778025960000,1778026080000,4.1100000000000005e-06,4.12e-06,11.89066099066817,target,3106639057.0,9
PEPE,1778026800000,1778028480000,4.13e-06,4.090000000000001e-06,-152.82565797892417,stop,3104162047.0,9
PEPE,1778029080000,1778029380000,4.13e-06,4.14e-06,11.770360029819912,target,3099502312.0,9
PEPE,1778030520000,1778030580000,4.16e-06,4.17e-06,11.61630266115987,target,3095616965.0,9
PEPE,1778033760000,1778033820000,4.1900000000000005e-06,4.2000000000000004e-06,11.462616996285444,target,3091737558.0,9
PEPE,1778034120000,1778034180000,4.18e-06,4.19e-06,11.515538904668697,target,3093496012.0,9
PEPE,1778037000000,1778037120000,4.2000000000000004e-06,4.21e-06,11.413618951437996,target,3091027475.0,9
PEPE,1778037420000,1778037600000,4.1900000000000005e-06,4.2000000000000004e-06,11.466494136653221,target,3092783314.0,9
PEPE,1778038020000,1778038200000,4.22e-06,4.23e-06,11.31312746915002,target,3088908524.0,9
PEPE,1778038800000,1778040240000,4.24e-06,4.2000000000000004e-06,-152.7171752958364,stop,3086442508.0,9
PEPE,1778041320000,1778041860000,4.21e-06,4.170000000000001e-06,-152.48792772240984,stop,3086019281.0,9
PEPE,1778043120000,1778043900000,4.2000000000000004e-06,4.21e-06,11.383204032024764,target,3082790530.0,9
PEPE,1778045520000,1778045580000,4.22e-06,4.23e-06,11.281708504137766,target,3080329967.0,9
PEPE,1778046720000,1778046840000,4.21e-06,4.22e-06,11.33433201872017,target,3082075328.0,9
PEPE,1778049780000,1778049840000,4.24e-06,4.25e-06,11.181614756081231,target,3078214661.0,9
PEPE,1778050320000,1778050440000,4.24e-06,4.25e-06,11.18284700179186,target,3078553889.0,9
PEPE,1778050980000,1778051040000,4.23e-06,4.24e-06,11.2353718288177,target,3080293853.0,9
PEPE,1778051700000,1778051760000,4.23e-06,4.24e-06,11.236615677381646,target,3080634867.0,9
PEPE,1778052660000,1778052780000,4.23e-06,4.24e-06,11.237859664552927,target,3080975919.0,9
PEPE,1778053440000,1778053740000,4.23e-06,4.24e-06,11.239103790326086,target,3081317009.0,9
PEPE,1778055120000,1778055300000,4.23e-06,4.24e-06,11.240348051059685,target,3081658136.0,9
PEPE,1778055780000,1778055960000,4.22e-06,4.23e-06,11.292960011787022,target,3083402051.0,9
PEPE,1778058120000,1778058480000,4.25e-06,4.26e-06,11.140236221311486,target,3079540075.0,9
PEPE,1778059020000,1778059260000,4.25e-06,4.26e-06,11.14145828154402,target,3079877894.0,9
PEPE,1778112240000,1778112300000,4.16e-06,4.17e-06,11.605986239379542,target,3092867752.0,9
PEPE,1778112720000,1778112960000,4.15e-06,4.16e-06,11.659031703713104,target,3094633498.0,9
PEPE,1778113440000,1778113500000,4.14e-06,4.15e-06,11.712142357904627,target,3096402474.0,9
PEPE,1778117640000,1778119500000,4.12e-06,4.080000000000001e-06,-152.53088526486886,stop,3099591247.0,9
PEPE,1778122020000,1778122140000,4.09e-06,4.1e-06,11.955123287943369,target,3099189446.0,9
PEPE,1778123220000,1778123280000,4.09e-06,4.1e-06,11.956531989080878,target,3099554631.0,9
PEPE,1778126820000,1778126940000,4.08e-06,4.09e-06,12.00993843358798,target,3101339815.0,9
PEPE,1778127420000,1778127480000,4.1000000000000006e-06,4.1100000000000005e-06,11.907399894221475,target,3098867897.0,9
PEPE,1778128740000,1778129340000,4.12e-06,4.13e-06,11.805014976935789,target,3096397371.0,9
PEPE,1778129820000,1778129880000,4.13e-06,4.14e-06,11.754562050069087,target,3095342212.0,9
PEPE,1778131020000,1778131080000,4.15e-06,4.16e-06,11.652401416094355,target,3092873634.0,9
PEPE,1778131620000,1778131740000,4.15e-06,4.16e-06,11.653738739196854,target,3093228597.0,9
PEPE,1778132820000,1778132940000,4.15e-06,4.16e-06,11.655076220535372,target,3093583602.0,9
PEPE,1778134020000,1778134080000,4.14e-06,4.15e-06,11.708168856783486,target,3095351978.0,9
PEPE,1778134740000,1778135400000,4.14e-06,4.15e-06,11.709518547346937,target,3095708803.0,9
PEPE,1778136000000,1778136060000,4.16e-06,4.17e-06,11.607381771615911,target,3093239646.0,9
PEPE,1778136420000,1778136540000,4.16e-06,4.17e-06,11.60870801768916,target,3093593076.0,9
PEPE,1778137020000,1778137080000,4.16e-06,4.17e-06,11.610034417618424,target,3093946547.0,9
PEPE,1778137800000,1778137860000,4.18e-06,4.19e-06,11.508027685117664,target,3091478223.0,9
PEPE,1778140260000,1778140320000,4.23e-06,4.24e-06,11.251791177728542,target,3084795388.0,9
PEPE,1778141460000,1778141760000,4.23e-06,4.24e-06,11.253036842748113,target,3085136900.0,9
PEPE,1778142120000,1778142180000,4.21e-06,4.22e-06,11.35718058364582,target,3088288398.0,9
PEPE,1778146620000,1778147760000,4.1900000000000005e-06,4.2000000000000004e-06,11.46154645195287,target,3091448807.0,9
PEPE,1778148120000,1778148180000,4.1900000000000005e-06,4.2000000000000004e-06,11.462838563899345,target,3091797320.0,9
PEPE,1778198640000,1778198700000,4.15e-06,4.16e-06,11.476816875148048,target,3046268580.0,10
PEPE,1778199720000,1778199780000,4.16e-06,4.17e-06,11.427217135626003,target,3045227751.0,10
PEPE,1778200380000,1778201520000,4.15e-06,4.1100000000000005e-06,-150.14688179897115,stop,3046966299.0,10
PEPE,1778204220000,1778204460000,4.12e-06,4.13e-06,11.615031300438087,target,3046565587.0,10
PEPE,1778204880000,1778205000000,4.12e-06,4.13e-06,11.616382111123158,target,3046919898.0,10
PEPE,1778207880000,1778208120000,4.1100000000000005e-06,4.12e-06,11.668777435984587,target,3048668174.0,10
PEPE,1778209020000,1778209200000,4.1100000000000005e-06,4.12e-06,11.670140458492517,target,3049024287.0,10
PEPE,1778209620000,1778209740000,4.1000000000000006e-06,4.1100000000000005e-06,11.722606657039782,target,3050775968.0,10
PEPE,1778212200000,1778212320000,4.13e-06,4.14e-06,11.570795066792115,target,3046950643.0,10
PEPE,1778212620000,1778212680000,4.13e-06,4.14e-06,11.572134824792828,target,3047303443.0,10
PEPE,1778213340000,1778213400000,4.13e-06,4.14e-06,11.573474734692352,target,3047656283.0,10
PEPE,1778214540000,1778214720000,4.14e-06,4.15e-06,11.523828102738172,target,3046616815.0,10
PEPE,1778215800000,1778215860000,4.12e-06,4.13e-06,11.627188329749234,target,3049754316.0,10
PEPE,1778216220000,1778216280000,4.13e-06,4.14e-06,11.57749540996839,target,3048715052.0,10
PEPE,1778216880000,1778217120000,4.13e-06,4.14e-06,11.578835938863485,target,3049068055.0,10
PEPE,1778218020000,1778218260000,4.13e-06,4.14e-06,11.580176627248509,target,3049421100.0,10
PEPE,1778219220000,1778219340000,4.14e-06,4.15e-06,11.530501245974028,target,3048381030.0,10
PEPE,1778219880000,1778219940000,4.13e-06,4.14e-06,11.582852562207536,target,3050125757.0,10
PEPE,1778221320000,1778221380000,4.13e-06,4.14e-06,11.58419371388921,target,3050478924.0,10
PEPE,1778222160000,1778222220000,4.1100000000000005e-06,4.12e-06,11.687742939615813,target,3053623237.0,10
PEPE,1778222760000,1778222820000,4.13e-06,4.14e-06,11.586888321154504,target,3051188498.0,10
PEPE,1778223120000,1778223180000,4.13e-06,4.14e-06,11.588229939929299,target,3051541788.0,10
PEPE,1778223720000,1778224200000,4.13e-06,4.14e-06,11.589571718199482,target,3051895120.0,10
PEPE,1778224620000,1778224920000,4.13e-06,4.14e-06,11.590913648368476,target,3052248492.0,10
PEPE,1778285100000,1778285400000,4.31e-06,4.32e-06,10.680195015538711,target,3027695256.0,10
PEPE,1778285820000,1778285940000,4.32e-06,4.33e-06,10.631095153335812,target,3026646307.0,10
PEPE,1778286660000,1778286720000,4.32e-06,4.33e-06,10.63222391979738,target,3026967664.0,10
PEPE,1778287680000,1778287920000,4.34e-06,4.35e-06,10.532989541811462,target,3024548325.0,10
PEPE,1778289420000,1778289600000,4.33e-06,4.34e-06,10.584261518706551,target,3026236317.0,10
PEPE,1778291880000,1778292180000,4.35e-06,4.36e-06,10.485086442672618,target,3023817287.0,10
PEPE,1778293320000,1778293440000,4.34e-06,4.35e-06,10.536313281601231,target,3025502737.0,10
PEPE,1778293920000,1778294100000,4.34e-06,4.35e-06,10.53742142703118,target,3025820941.0,10
PEPE,1778294820000,1778296440000,4.34e-06,4.35e-06,10.538529687384841,target,3026139178.0,10
PEPE,1778296980000,1778297040000,4.34e-06,4.35e-06,10.539638066142931,target,3026457449.0,10
PEPE,1778297520000,1778297700000,4.34e-06,4.35e-06,10.540746563303633,target,3026775754.0,10
PEPE,1778298120000,1778298900000,4.34e-06,4.35e-06,10.541855171905512,target,3027094091.0,10
PEPE,1778299980000,1778300280000,4.35e-06,4.36e-06,10.492802930484485,target,3026042662.0,10
PEPE,1778300820000,1778301000000,4.34e-06,4.35e-06,10.544067468341229,target,3027729352.0,10
PEPE,1778302380000,1778302560000,4.33e-06,4.34e-06,10.59539337219855,target,3029419120.0,10
PEPE,1778303520000,1778304000000,4.33e-06,4.34e-06,10.59651303736716,target,3029739253.0,10
PEPE,1778305680000,1778305860000,4.34e-06,4.35e-06,10.547405263498348,target,3028687800.0,10
PEPE,1778307480000,1778307540000,4.33e-06,4.34e-06,10.598747415242192,target,3030378103.0,10
PEPE,1778308080000,1778308200000,4.33e-06,4.34e-06,10.599867433655755,target,3030698337.0,10
PEPE,1778308740000,1778310000000,4.32e-06,4.33e-06,10.651276555774704,target,3032391902.0,10
PEPE,1778311020000,1778311080000,4.31e-06,4.32e-06,10.70274738481789,target,3034088557.0,10
PEPE,1778312220000,1778312400000,4.31e-06,4.32e-06,10.70388913074009,target,3034412227.0,10
PEPE,1778312880000,1778312940000,4.3e-06,4.31e-06,10.755427326800103,target,3036112160.0,10
PEPE,1778313540000,1778313600000,4.3e-06,4.31e-06,10.756580091723972,target,3036437570.0,10
PEPE,1778371440000,1778372040000,4.24e-06,4.25e-06,11.061138472829855,target,3045048444.0,10
PEPE,1778373120000,1778373420000,4.24e-06,4.25e-06,11.062357441752926,target,3045384017.0,10
PEPE,1778373720000,1778373780000,4.24e-06,4.25e-06,11.063576545076995,target,3045719627.0,10
PEPE,1778374620000,1778375820000,4.23e-06,4.19e-06,-150.7188149390562,stop,3047441034.0,10
PEPE,1778377020000,1778377200000,4.21e-06,4.22e-06,11.200332218835266,target,3045637585.0,10
PEPE,1778377620000,1778377680000,4.21e-06,4.22e-06,11.201583524987175,target,3045977845.0,10
PEPE,1778380920000,1778380980000,4.23e-06,4.24e-06,11.101335431991158,target,3043546383.0,10
PEPE,1778381520000,1778381940000,4.23e-06,4.24e-06,11.102564442527576,target,3043883329.0,10
PEPE,1778382540000,1778382900000,4.23e-06,4.24e-06,11.10379358801898,target,3044220312.0,10
PEPE,1778383380000,1778383440000,4.22e-06,4.23e-06,11.155766391324596,target,3045943042.0,10
PEPE,1778383920000,1778383980000,4.22e-06,4.23e-06,11.157007070526031,target,3046281794.0,10
PEPE,1778384580000,1778384760000,4.23e-06,4.24e-06,11.107493079484296,target,3045234566.0,10
PEPE,1778385780000,1778385840000,4.22e-06,4.23e-06,11.159483195211354,target,3046957869.0,10
PEPE,1778386320000,1778386500000,4.22e-06,4.23e-06,11.160724288273956,target,3047296734.0,10
PEPE,1778386920000,1778386980000,4.22e-06,4.23e-06,11.161965516849168,target,3047635636.0,10
PEPE,1778388180000,1778388240000,4.23e-06,4.24e-06,11.112429522090736,target,3046587943.0,10
PEPE,1778388720000,1778388780000,4.23e-06,4.24e-06,11.113659758188168,target,3046925225.0,10
PEPE,1778389380000,1778389440000,4.22e-06,4.23e-06,11.165678742473954,target,3048649486.0,10
PEPE,1778389980000,1778390040000,4.22e-06,4.23e-06,11.166920524086429,target,3048988539.0,10
PEPE,1778391720000,1778391780000,4.23e-06,4.24e-06,11.117362536050036,target,3047940380.0,10
PEPE,1778393760000,1778393820000,4.22e-06,4.23e-06,11.1693988499358,target,3049665215.0,10
PEPE,1778394720000,1778394780000,4.22e-06,4.23e-06,11.170641045411257,target,3050004381.0,10
PEPE,1778399160000,1778399220000,4.24e-06,4.25e-06,11.070295932679539,target,3047569424.0,10
PEPE,1778399580000,1778399700000,4.24e-06,4.25e-06,11.071515911436165,target,3047905275.0,10
PEPE,1778458020000,1778458080000,4.41e-06,4.3700000000000005e-06,-150.8269727007098,stop,3024857813.0,10
PEPE,1778462820000,1778463240000,4.3700000000000005e-06,4.38e-06,10.40111374499995,target,3025778544.0,10
PEPE,1778463960000,1778464080000,4.35e-06,4.36e-06,10.502470265005087,target,3028830646.0,10
PEPE,1778464980000,1778465040000,4.35e-06,4.36e-06,10.50356959427107,target,3029147684.0,10
PEPE,1778465580000,1778466180000,4.34e-06,4.3e-06,-150.6477086487273,stop,3030836106.0,10
PEPE,1778468220000,1778468280000,4.32e-06,4.33e-06,10.639463477347958,target,3029028748.0,10
PEPE,1778471220000,1778471280000,4.2900000000000004e-06,4.3e-06,10.791582278636865,target,3033473585.0,10
PEPE,1778472420000,1778472960000,4.2900000000000004e-06,4.3e-06,10.792744346682007,target,3033800238.0,10
PEPE,1778475780000,1778475840000,4.31e-06,4.32e-06,10.693179788898448,target,3031376269.0,10
PEPE,1778478720000,1778479800000,4.34e-06,4.35e-06,10.543556279128147,target,3027582564.0,10
PEPE,1778480220000,1778480280000,4.34e-06,4.35e-06,10.544665187226366,target,3027900987.0,10
PEPE,1778480880000,1778481240000,4.34e-06,4.35e-06,10.54577421024648,target,3028219443.0,10
PEPE,1778484120000,1778484180000,4.31e-06,4.32e-06,10.697695158216305,target,3032656317.0,10
PEPE,1778486520000,1778486760000,4.31e-06,4.32e-06,10.698836364433628,target,3032979834.0,10
PEPE,1778488320000,1778488380000,4.31e-06,4.32e-06,10.699977690587996,target,3033303385.0,10
PEPE,1778490120000,1778490180000,4.31e-06,4.32e-06,10.701119140202634,target,3033626971.0,10
PEPE,1778490720000,1778490900000,4.33e-06,4.34e-06,10.60163104803269,target,3031202587.0,10
PEPE,1778491920000,1778493780000,4.33e-06,4.32e-06,-59.80436816756786,time,3031522908.0,10
PEPE,1778495040000,1778495100000,4.35e-06,4.36e-06,10.496033284692244,target,3026974271.0,10
PEPE,1778495700000,1778497560000,4.34e-06,4.32e-06,-90.05724913753357,time,3028661481.0,10
PEPE,1778499240000,1778499300000,4.32e-06,4.33e-06,10.638251440050603,target,3028683684.0,10
PEPE,1778499720000,1778501220000,4.33e-06,4.2900000000000004e-06,-150.42040106565332,stop,3027633494.0,10
PEPE,1778503560000,1778503620000,4.31e-06,4.32e-06,10.673612809892095,target,3025829287.0,10
PEPE,1778503920000,1778503980000,4.3e-06,4.31e-06,10.725005225965697,target,3027524411.0,10
PEPE,1778544900000,1778544960000,4.34e-06,4.35e-06,10.52539108202662,target,3022366427.0,10
PEPE,1778545380000,1778545620000,4.34e-06,4.35e-06,10.526498078233994,target,3022684301.0,10
PEPE,1778546040000,1778546100000,4.34e-06,4.35e-06,10.5276051893578,target,3023002208.0,10
PEPE,1778546520000,1778546580000,4.34e-06,4.35e-06,10.528712418893317,target,3023320149.0,10
PEPE,1778547300000,1778547360000,4.34e-06,4.35e-06,10.529819763348906,target,3023638123.0,10
PEPE,1778547720000,1778547840000,4.34e-06,4.35e-06,10.530927226207108,target,3023956131.0,10
PEPE,1778551920000,1778552280000,4.3e-06,4.260000000000001e-06,-150.3215477584182,stop,3029760108.0,10
PEPE,1778553180000,1778553240000,4.2800000000000005e-06,4.2900000000000004e-06,10.81738126967973,target,3027958368.0,10
PEPE,1778554500000,1778554620000,4.2800000000000005e-06,4.2900000000000004e-06,10.818551556373887,target,3028285950.0,10
PEPE,1778554980000,1778556840000,4.3e-06,4.2900000000000004e-06,-59.48853861423966,time,3025866664.0,10
PEPE,1778557560000,1778559420000,4.2900000000000004e-06,4.3e-06,10.762998612822475,target,3025438823.0,10
PEPE,1778559780000,1778559840000,4.2900000000000004e-06,4.3e-06,10.764157600074116,target,3025764610.0,10
PEPE,1778560320000,1778560380000,4.2900000000000004e-06,4.3e-06,10.765316711838533,target,3026090432.0,10
PEPE,1778561580000,1778561820000,4.2900000000000004e-06,4.3e-06,10.766475951675785,target,3026416290.0,10
PEPE,1778562120000,1778562180000,4.2900000000000004e-06,4.3e-06,10.767635312463938,target,3026742182.0,10
PEPE,1778562900000,1778563020000,4.2900000000000004e-06,4.3e-06,10.768794801323105,target,3027068110.0,10
PEPE,1778563560000,1778563860000,4.2900000000000004e-06,4.3e-06,10.769954414696869,target,3027394073.0,10
PEPE,1778565480000,1778565540000,4.2900000000000004e-06,4.3e-06,10.771114152583412,target,3027720071.0,10
PEPE,1778566740000,1778566860000,4.2900000000000004e-06,4.3e-06,10.772274014979093,target,3028046104.0,10
PEPE,1778567280000,1778567340000,4.2900000000000004e-06,4.3e-06,10.77343400188937,target,3028372172.0,10
PEPE,1778568720000,1778568780000,4.2800000000000005e-06,4.2900000000000004e-06,10.824935835369038,target,3030073012.0,10
PEPE,1778569320000,1778569920000,4.27e-06,4.28e-06,10.87649983323709,target,3031776957.0,10
PEPE,1778570820000,1778570880000,4.27e-06,4.28e-06,10.877681993412612,target,3032106479.0,10
PEPE,1778571660000,1778571720000,4.27e-06,4.28e-06,10.878864279149777,target,3032436036.0,10
PEPE,1778630520000,1778631000000,4.14e-06,4.15e-06,11.539558926382446,target,3050775658.0,10
PEPE,1778632020000,1778632320000,4.15e-06,4.16e-06,11.489873624872224,target,3049734207.0,10
PEPE,1778633220000,1778633280000,4.16e-06,4.17e-06,11.440217454232107,target,3048692193.0,10
PEPE,1778634480000,1778634540000,4.17e-06,4.18e-06,11.39059044727359,target,3047649618.0,10
PEPE,1778636400000,1778636460000,4.1900000000000005e-06,4.2000000000000004e-06,11.29014553850176,target,3045217947.0,10
PEPE,1778637480000,1778638560000,4.1900000000000005e-06,4.2000000000000004e-06,11.291418326958267,target,3045561248.0,10
PEPE,1778639640000,1778639700000,4.18e-06,4.19e-06,11.343549826676684,target,3047293439.0,10
PEPE,1778640900000,1778641020000,4.18e-06,4.19e-06,11.344834394421175,target,3047638521.0,10
PEPE,1778641380000,1778641440000,4.18e-06,4.19e-06,11.34611911106745,target,3047983643.0,10
PEPE,1778641920000,1778642760000,4.1900000000000005e-06,4.2000000000000004e-06,11.296528122100137,target,3046939480.0,10
PEPE,1778643120000,1778643180000,4.1900000000000005e-06,4.2000000000000004e-06,11.297801633518546,target,3047282976.0,10
PEPE,1778643720000,1778643780000,4.1900000000000005e-06,4.2000000000000004e-06,11.299075285824797,target,3047626510.0,10
PEPE,1778644320000,1778645040000,4.2000000000000004e-06,4.21e-06,11.24950239553056,target,3046581556.0,10
PEPE,1778646240000,1778646780000,4.2000000000000004e-06,4.21e-06,11.250764894512233,target,3046923465.0,10
PEPE,1778647320000,1778647380000,4.21e-06,4.22e-06,11.201215756599124,target,3045877840.0,10
PEPE,1778648640000,1778648700000,4.2000000000000004e-06,4.21e-06,11.253284619586553,target,3047605855.0,10
PEPE,1778649540000,1778649600000,4.1900000000000005e-06,4.2000000000000004e-06,11.305417035016646,target,3049337029.0,10
PEPE,1778650320000,1778651280000,4.1900000000000005e-06,4.150000000000001e-06,-150.55511659779276,stop,3049680794.0,10
PEPE,1778652120000,1778652180000,4.18e-06,4.19e-06,11.340563968478241,target,3046491328.0,10
PEPE,1778653320000,1778653800000,4.1900000000000005e-06,4.2000000000000004e-06,11.29099725877003,target,3045447676.0,10
PEPE,1778654460000,1778654580000,4.18e-06,4.19e-06,11.34312681666724,target,3047179803.0,10
PEPE,1778656080000,1778656140000,4.18e-06,4.19e-06,11.34441133601806,target,3047524872.0,10
PEPE,1778657940000,1778658000000,4.18e-06,4.19e-06,11.345696004272485,target,3047869981.0,10
PEPE,1778659020000,1778659080000,4.18e-06,4.19e-06,11.346980813978051,target,3048215128.0,10
PEPE,1778716980000,1778717040000,4.05e-06,4.06e-06,12.013949546729323,target,3066738876.0,10
PEPE,1778718300000,1778718360000,4.07e-06,4.08e-06,11.912448348062428,target,3064295395.0,10
PEPE,1778718900000,1778718960000,4.08e-06,4.09e-06,11.862458112606424,target,3063255807.0,10
PEPE,1778719380000,1778719500000,4.08e-06,4.09e-06,11.86386197518075,target,3063618328.0,10
PEPE,1778720040000,1778720160000,4.08e-06,4.09e-06,11.865266004269243,target,3063980892.0,10
PEPE,1778721180000,1778721240000,4.08e-06,4.09e-06,11.866670199877356,target,3064343499.0,10
PEPE,1778722440000,1778722500000,4.07e-06,4.08e-06,11.919505023587243,target,3066110617.0,10
PEPE,1778722920000,1778723520000,4.08e-06,4.09e-06,11.869485174342298,target,3065070413.0,10
PEPE,1778723820000,1778723880000,4.08e-06,4.09e-06,11.870889869502,target,3065433149.0,10
PEPE,1778724480000,1778724600000,4.08e-06,4.09e-06,11.872294731181322,target,3065795928.0,10
PEPE,1778725020000,1778725140000,4.08e-06,4.09e-06,11.87369975550264,target,3066158749.0,10
PEPE,1778726280000,1778726340000,4.07e-06,4.08e-06,11.926565878174102,target,3067926914.0,10
PEPE,1778731920000,1778731980000,4.0200000000000005e-06,4.03e-06,12.186027875061345,target,3075338265.0,10
PEPE,1778732580000,1778732700000,4.03e-06,4.04e-06,12.135797674944476,target,3074299601.0,10
PEPE,1778733720000,1778733900000,4.03e-06,4.04e-06,12.137265063331618,target,3074671327.0,10
PEPE,1778734500000,1778734680000,4.04e-06,4.05e-06,12.087057651239439,target,3073631952.0,10
PEPE,1778736420000,1778736480000,4.06e-06,4.07e-06,11.985292695566269,target,3071183266.0,10
PEPE,1778738220000,1778738280000,4.07e-06,4.08e-06,11.935178082399135,target,3070142272.0,10
PEPE,1778739660000,1778739840000,4.06e-06,4.07e-06,11.988148107983108,target,3071914954.0,10
PEPE,1778740380000,1778742120000,4.06e-06,4.07e-06,11.989579150832881,target,3072281653.0,10
PEPE,1778744220000,1778744280000,4.04e-06,4.05e-06,12.094279829059396,target,3075468488.0,10
PEPE,1778745000000,1778745120000,4.04e-06,4.05e-06,12.09573597089174,target,3075838772.0,10
PEPE,1778746440000,1778746620000,4.03e-06,4.04e-06,12.148910590977243,target,3077621429.0,10
PEPE,1778747100000,1778747220000,4.03e-06,4.04e-06,12.150379566256099,target,3077993557.0,10
PEPE,1778804580000,1778804640000,4.1100000000000005e-06,4.12e-06,11.739327366606092,target,3067100553.0,10
PEPE,1778805720000,1778806500000,4.1000000000000006e-06,4.1100000000000005e-06,11.792104613507357,target,3068862619.0,10
PEPE,1778807520000,1778807580000,4.1000000000000006e-06,4.1100000000000005e-06,11.793488071050412,target,3069222660.0,10
PEPE,1778808120000,1778808240000,4.1000000000000006e-06,4.1100000000000005e-06,11.794871689976091,target,3069582743.0,10
PEPE,1778808720000,1778808960000,4.08e-06,4.09e-06,11.899244965082099,target,3072755317.0,10
PEPE,1778809320000,1778809440000,4.1000000000000006e-06,4.1100000000000005e-06,11.797651504335386,target,3070306182.0,10
PEPE,1778810220000,1778810700000,4.08e-06,4.09e-06,11.902049375367017,target,3073479503.0,10
PEPE,1778813220000,1778813520000,4.08e-06,4.09e-06,11.903457919791562,target,3073843233.0,10
PEPE,1778813820000,1778813880000,4.09e-06,4.1e-06,11.853323974811198,target,3072799475.0,10
PEPE,1778814480000,1778814540000,4.08e-06,4.09e-06,11.90626941675077,target,3074569249.0,10
PEPE,1778815020000,1778815680000,4.09e-06,4.1e-06,11.856123628729643,target,3073525244.0,10
PEPE,1778817720000,1778817960000,4.07e-06,4.08e-06,11.96068974672507,target,3076704758.0,10
PEPE,1778818380000,1778818560000,4.08e-06,4.09e-06,11.910497067600694,target,3075660960.0,10
PEPE,1778818920000,1778820780000,4.07e-06,4.05e-06,-89.63797642800877,time,3077434604.0,10
PEPE,1778827080000,1778827140000,4.0200000000000005e-06,4.03e-06,12.211455724949676,target,3081755388.0,10
PEPE,1778827680000,1778827740000,4.0200000000000005e-06,4.03e-06,12.21293855188783,target,3082129603.0,10
PEPE,1778828340000,1778828460000,4.0200000000000005e-06,4.03e-06,12.214421557137658,target,3082503863.0,10
PEPE,1778828820000,1778829060000,4.03e-06,4.04e-06,12.16407432010428,target,3081462779.0,10
PEPE,1778829420000,1778829480000,4.03e-06,4.04e-06,12.165545123074756,target,3081835370.0,10
PEPE,1778830200000,1778830260000,4.05e-06,4.06e-06,12.063472865863226,target,3079380438.0,10
PEPE,1778830620000,1778830680000,4.04e-06,4.05e-06,12.116673163236985,target,3081162915.0,10
PEPE,1778831220000,1778831280000,4.04e-06,4.05e-06,12.118131998829512,target,3081533884.0,10
PEPE,1778833020000,1778834280000,4.03e-06,4.04e-06,12.171405076293844,target,3083319842.0,10
PEPE,1778835060000,1778835960000,4.03e-06,4.04e-06,12.172876771402315,target,3083692659.0,10
PEPE,1778890320000,1778890380000,3.91e-06,3.92e-06,12.800000253071829,target,3101150879.0,10
PEPE,1778891520000,1778891640000,3.91e-06,3.92e-06,12.801627491053923,target,3101545122.0,10
PEPE,1778892840000,1778892900000,3.91e-06,3.92e-06,12.803254935413197,target,3101939415.0,10
PEPE,1778893320000,1778893380000,3.9e-06,3.91e-06,12.857353277201133,target,3103766633.0,10
PEPE,1778894760000,1778896620000,3.9e-06,3.89e-06,-58.234094596998766,time,3104162825.0,10
PEPE,1778897040000,1778897160000,3.9e-06,3.91e-06,12.85156098929451,target,3102368374.0,10
PEPE,1778897580000,1778897700000,3.9e-06,3.91e-06,12.853201477288433,target,3102764388.0,10
PEPE,1778898720000,1778898900000,3.89e-06,3.9e-06,12.907351097432409,target,3104594371.0,10
PEPE,1778899500000,1778899620000,3.9e-06,3.91e-06,12.856489781362034,target,3103558185.0,10
PEPE,1778899920000,1778900040000,3.89e-06,3.9e-06,12.910653254168567,target,3105388636.0,10
PEPE,1778901180000,1778901360000,3.89e-06,3.9e-06,12.912308014003676,target,3105786654.0,10
PEPE,1778901840000,1778901900000,3.89e-06,3.9e-06,12.913962990030308,target,3106184724.0,10
PEPE,1778902320000,1778902440000,3.89e-06,3.9e-06,12.915618173929904,target,3106582844.0,10
PEPE,1778902920000,1778902980000,3.89e-06,3.9e-06,12.91727356986083,target,3106981015.0,10
PEPE,1778904780000,1778904840000,3.88e-06,3.89e-06,12.97153380032465,target,3108815770.0,10
PEPE,1778905320000,1778906040000,3.88e-06,3.8400000000000005e-06,-151.32553541949773,stop,3109215850.0,10
PEPE,1778910300000,1778910360000,3.85e-06,3.86e-06,13.111617804932804,target,3108860179.0,10
PEPE,1778910900000,1778910960000,3.85e-06,3.86e-06,13.113325736382025,target,3109265142.0,10
PEPE,1778911440000,1778911500000,3.8400000000000005e-06,3.85e-06,13.167774818790104,target,3111110412.0,10
PEPE,1778918520000,1778919600000,3.79e-06,3.8e-06,13.433970710697135,target,3118739573.0,10
PEPE,1778920020000,1778920140000,3.79e-06,3.8e-06,13.435762949450991,target,3119155647.0,10
PEPE,1778921340000,1778921400000,3.7700000000000003e-06,3.7800000000000002e-06,13.54371734223771,target,3122470857.0,10
PEPE,1778922600000,1778922660000,3.7700000000000003e-06,3.7800000000000002e-06,13.545538498000797,target,3122890720.0,10
PEPE,1778923080000,1778923140000,3.76e-06,3.72e-06,-151.23850945279864,stop,3124762592.0,10
PEPE,1778976180000,1778976240000,3.76e-06,3.77e-06,13.580113088381463,target,3120071933.0,10
PEPE,1778976720000,1778976780000,3.76e-06,3.77e-06,13.581946304800361,target,3120493120.0,10
PEPE,1778977380000,1778977500000,3.75e-06,3.76e-06,13.63693296779804,target,3122365877.0,10
PEPE,1778978040000,1778978100000,3.75e-06,3.76e-06,13.638781053584868,target,3122789022.0,10
PEPE,1778978640000,1778978760000,3.75e-06,3.76e-06,13.640629397055,target,3123212226.0,10
PEPE,1778979720000,1778979960000,3.74e-06,3.75e-06,13.695702283931823,target,3125088941.0,10
PEPE,1778980560000,1778980740000,3.74e-06,3.75e-06,13.697565578310213,target,3125514108.0,10
PEPE,1778983020000,1778983440000,3.7200000000000004e-06,3.7300000000000003e-06,13.806055461099827,target,3128851096.0,10
PEPE,1778983920000,1778983980000,3.7300000000000003e-06,3.74e-06,13.754603093674698,target,3127823330.0,10
PEPE,1778984520000,1778984820000,3.7300000000000003e-06,3.74e-06,13.756481679289312,target,3128250524.0,10
PEPE,1778986380000,1778986440000,3.7200000000000004e-06,3.7300000000000003e-06,13.811720396273806,target,3130134934.0,10
PEPE,1778987580000,1778987640000,3.74e-06,3.75e-06,13.706929389960257,target,3127650745.0,10
PEPE,1778988120000,1778988240000,3.74e-06,3.75e-06,13.708794213832785,target,3128076261.0,10
PEPE,1778991840000,1778991900000,3.7700000000000003e-06,3.7800000000000002e-06,13.550960568186198,target,3124140765.0,10
PEPE,1778992380000,1778992500000,3.76e-06,3.77e-06,13.605973262564476,target,3126013386.0,10
PEPE,1778993580000,1778993640000,3.7800000000000002e-06,3.79e-06,13.501463892960702,target,3123531265.0,10
PEPE,1778994180000,1778994300000,3.7700000000000003e-06,3.7800000000000002e-06,13.556427700662335,target,3125401199.0,10
PEPE,1778995320000,1778995440000,3.7800000000000002e-06,3.79e-06,13.505087967733784,target,3124369686.0,10
PEPE,1778995920000,1778995980000,3.7800000000000002e-06,3.79e-06,13.506896808631971,target,3124788157.0,10
PEPE,1778997120000,1778997180000,3.7800000000000002e-06,3.79e-06,13.508705891588109,target,3125206684.0,10
PEPE,1778997720000,1778997900000,3.7700000000000003e-06,3.7800000000000002e-06,13.563699176748965,target,3127077620.0,10
PEPE,1778999220000,1778999280000,3.76e-06,3.77e-06,13.618763584350745,target,3128952001.0,10
PEPE,1779001560000,1779001620000,3.76e-06,3.77e-06,13.62060201941866,target,3129374387.0,10
PEPE,1779002520000,1779002580000,3.7700000000000003e-06,3.7800000000000002e-06,13.569185758575424,target,3128342538.0,10
PEPE,1779065160000,1779065220000,3.6400000000000003e-06,3.65e-06,14.267301944804577,target,3147777594.0,10
PEPE,1779065520000,1779065580000,3.6400000000000003e-06,3.65e-06,14.269318825720593,target,3148222576.0,10
PEPE,1779066180000,1779066300000,3.66e-06,3.67e-06,14.16363342667199,target,3145726469.0,10
PEPE,1779066780000,1779066840000,3.66e-06,3.67e-06,14.165620542012833,target,3146167805.0,10
PEPE,1779070680000,1779070740000,3.67e-06,3.68e-06,14.113816984061108,target,3145140275.0,10
PEPE,1779072540000,1779072600000,3.67e-06,3.68e-06,14.115789590336512,target,3145579853.0,10
PEPE,1779074220000,1779074280000,3.67e-06,3.68e-06,14.117762479325103,target,3146019494.0,10
PEPE,1779074820000,1779074880000,3.66e-06,3.67e-06,14.173549156352552,target,3147928741.0,10
PEPE,1779076020000,1779076080000,3.66e-06,3.67e-06,14.175537662964485,target,3148370386.0,10
PEPE,1779076980000,1779077040000,3.66e-06,3.67e-06,14.177526448733188,target,3148812093.0,10
PEPE,1779078120000,1779079500000,3.66e-06,3.67e-06,14.17951551815688,target,3149253863.0,10
PEPE,1779079980000,1779080040000,3.66e-06,3.67e-06,14.181504862233668,target,3149695694.0,10
PEPE,1779081360000,1779082920000,3.67e-06,3.63e-06,-151.75787826267404,stop,3148667011.0,10
PEPE,1779084420000,1779084480000,3.65e-06,3.61e-06,-151.53007072714416,stop,3146878578.0,10
PEPE,1779085020000,1779085260000,3.6400000000000003e-06,3.6000000000000003e-06,-151.3026051675091,stop,3143623627.0,10
PEPE,1779086820000,1779086940000,3.63e-06,3.64e-06,14.280844980579221,target,3140372728.0,10
PEPE,1779088440000,1779088500000,3.62e-06,3.63e-06,14.336688990872386,target,3142287998.0,10
PEPE,1779089940000,1779090000000,3.63e-06,3.64e-06,14.284905757107753,target,3141265697.0,10
PEPE,1779090420000,1779090480000,3.62e-06,3.63e-06,14.340765643937695,target,3143181511.0,10
PEPE,1779091020000,1779091080000,3.63e-06,3.64e-06,14.288967688699302,target,3142158920.0,10
PEPE,1779093060000,1779093240000,3.62e-06,3.63e-06,14.344843455873686,target,3144075278.0,10
PEPE,1779096420000,1779096540000,3.62e-06,3.63e-06,14.346886634624582,target,3144523098.0,10
PEPE,1779098280000,1779098340000,3.62e-06,3.63e-06,14.348930100812217,target,3144970981.0,10
PEPE,1779098820000,1779098880000,3.61e-06,3.62e-06,14.4048955025147,target,3146891426.0,10
PEPE,1779150720000,1779150780000,3.71e-06,3.72e-06,13.869923025419089,target,3132676008.0,10
PEPE,1779152640000,1779152700000,3.7e-06,3.71e-06,13.925317300454907,target,3134567766.0,10
PEPE,1779153120000,1779154020000,3.7e-06,3.66e-06,-151.31081684575412,stop,3135000867.0,10
PEPE,1779157440000,1779157500000,3.6800000000000003e-06,3.6900000000000002e-06,14.013309011722257,target,3133216101.0,10
PEPE,1779158640000,1779158700000,3.67e-06,3.68e-06,14.06882958116101,target,3135115227.0,10
PEPE,1779159180000,1779160140000,3.67e-06,3.68e-06,14.070795900449205,target,3135553404.0,10
PEPE,1779161940000,1779162180000,3.6800000000000003e-06,3.6900000000000002e-06,14.01917806326517,target,3134528354.0,10
PEPE,1779162720000,1779162780000,3.6800000000000003e-06,3.6900000000000002e-06,14.021129987494334,target,3134964782.0,10
PEPE,1779164520000,1779165480000,3.6900000000000002e-06,3.7e-06,13.969532816133409,target,3133938938.0,10
PEPE,1779166620000,1779166740000,3.6900000000000002e-06,3.7e-06,13.971470402234988,target,3134373618.0,10
PEPE,1779167820000,1779167940000,3.67e-06,3.68e-06,14.080586696536889,target,3137735197.0,10
PEPE,1779168720000,1779168900000,3.67e-06,3.68e-06,14.082554662737264,target,3138173741.0,10
PEPE,1779169380000,1779169440000,3.6900000000000002e-06,3.7e-06,13.977314496759526,target,3135684688.0,10
PEPE,1779169980000,1779170100000,3.6900000000000002e-06,3.7e-06,13.9792531615751,target,3136119610.0,10
PEPE,1779172440000,1779172500000,3.6900000000000002e-06,3.7e-06,13.981192089382883,target,3136554591.0,10
PEPE,1779173160000,1779173220000,3.6900000000000002e-06,3.7e-06,13.983131289096109,target,3136989633.0,10
PEPE,1779173580000,1779173700000,3.6900000000000002e-06,3.7e-06,13.985070760718417,target,3137424736.0,10
PEPE,1779174240000,1779174420000,3.6800000000000003e-06,3.6900000000000002e-06,14.040626858349775,target,3139324060.0,10
PEPE,1779177180000,1779178260000,3.71e-06,3.67e-06,-151.39928288627553,stop,3135372154.0,10
PEPE,1779180420000,1779180480000,3.6900000000000002e-06,3.7e-06,13.96795876590499,target,3133585814.0,10
PEPE,1779181200000,1779181260000,3.6800000000000003e-06,3.6900000000000002e-06,14.023446885612351,target,3135482814.0,10
PEPE,1779182520000,1779182580000,3.67e-06,3.68e-06,14.079007617086262,target,3137383313.0,10
PEPE,1779184080000,1779184200000,3.67e-06,3.68e-06,14.080975363399812,target,3137821808.0,10
PEPE,1779185220000,1779185280000,3.67e-06,3.68e-06,14.082943383450576,target,3138260364.0,10
PEPE,1779235380000,1779235500000,3.6400000000000003e-06,3.65e-06,14.246104625288025,target,3143100855.0,10
PEPE,1779235980000,1779236040000,3.63e-06,3.64e-06,14.301957622449596,target,3145015420.0,10
PEPE,1779237180000,1779237240000,3.63e-06,3.64e-06,14.303987044367407,target,3145461692.0,10
PEPE,1779238980000,1779239040000,3.63e-06,3.64e-06,14.306016757329976,target,3145908028.0,10
PEPE,1779239520000,1779239580000,3.6400000000000003e-06,3.65e-06,14.254184717568704,target,3144883556.0,10
PEPE,1779240120000,1779240360000,3.6400000000000003e-06,3.65e-06,14.256199744692315,target,3145328129.0,10
PEPE,1779240780000,1779240840000,3.62e-06,3.63e-06,14.366020007624268,target,3148716714.0,10
PEPE,1779242040000,1779242100000,3.6400000000000003e-06,3.65e-06,14.260245898377946,target,3146220827.0,10
PEPE,1779243180000,1779243240000,3.6400000000000003e-06,3.65e-06,14.262261782142781,target,3146665589.0,10
PEPE,1779244440000,1779244500000,3.6400000000000003e-06,3.65e-06,14.264277951453476,target,3147110414.0,10
PEPE,1779244980000,1779245400000,3.6400000000000003e-06,3.65e-06,14.266294410848717,target,3147555303.0,10
PEPE,1779245820000,1779245880000,3.63e-06,3.64e-06,14.322226562096999,target,3149472581.0,10
PEPE,1779248820000,1779248940000,3.65e-06,3.66e-06,14.216463122290142,target,3146975788.0,10
PEPE,1779249420000,1779249540000,3.65e-06,3.66e-06,14.218465233114623,target,3147418978.0,10
PEPE,1779250020000,1779250080000,3.65e-06,3.66e-06,14.22046762402654,target,3147862230.0,10
PEPE,1779250620000,1779250740000,3.65e-06,3.66e-06,14.22247029953524,target,3148305545.0,10
PEPE,1779255000000,1779255060000,3.67e-06,3.68e-06,14.116818183674686,target,3145809066.0,10
PEPE,1779256680000,1779256740000,3.6800000000000003e-06,3.6900000000000002e-06,14.065031515267775,target,3144780663.0,10
PEPE,1779257220000,1779257340000,3.6800000000000003e-06,3.6900000000000002e-06,14.06698982175365,target,3145218518.0,10
PEPE,1779258660000,1779258720000,3.6800000000000003e-06,3.6900000000000002e-06,14.06894840106267,target,3145656434.0,10
PEPE,1779259680000,1779259800000,3.6800000000000003e-06,3.6900000000000002e-06,14.070907253196657,target,3146094411.0,10
PEPE,1779262080000,1779263940000,3.6900000000000002e-06,3.67e-06,-88.91884812033537,time,3145064926.0,10
PEPE,1779264540000,1779265980000,3.6800000000000003e-06,3.6900000000000002e-06,14.06048600170369,target,3143764338.0,10
PEPE,1779266520000,1779266760000,3.6900000000000002e-06,3.7e-06,14.00874400386212,target,3142735615.0,10
PEPE,1779322440000,1779322500000,3.7200000000000004e-06,3.7300000000000003e-06,13.849865836612613,target,3138779793.0,10
PEPE,1779322980000,1779323040000,3.7200000000000004e-06,3.7300000000000003e-06,13.851764769223598,target,3139210146.0,10
PEPE,1779323640000,1779323700000,3.7300000000000003e-06,3.74e-06,13.800142051357211,target,3138178977.0,10
PEPE,1779324720000,1779324780000,3.74e-06,3.75e-06,13.748547446228878,target,3137147164.0,10
PEPE,1779325380000,1779325440000,3.74e-06,3.75e-06,13.75041793228972,target,3137573972.0,10
PEPE,1779325920000,1779326040000,3.74e-06,3.75e-06,13.752288672534734,target,3138000838.0,10
PEPE,1779326520000,1779326580000,3.74e-06,3.75e-06,13.754159666963918,target,3138427762.0,10
PEPE,1779327900000,1779327960000,3.74e-06,3.75e-06,13.756030915579098,target,3138854744.0,10
PEPE,1779328380000,1779329820000,3.75e-06,3.76e-06,13.704436397038526,target,3137821728.0,10
PEPE,1779331560000,1779331680000,3.76e-06,3.77e-06,13.652870087731705,target,3136788073.0,10
PEPE,1779332880000,1779332940000,3.76e-06,3.77e-06,13.654713123387355,target,3137211516.0,10
PEPE,1779333540000,1779333600000,3.76e-06,3.77e-06,13.656556411491342,target,3137635017.0,10
PEPE,1779334020000,1779334080000,3.7700000000000003e-06,3.7800000000000002e-06,13.605004430186284,target,3136600445.0,10
PEPE,1779334680000,1779334740000,3.7800000000000002e-06,3.79e-06,13.553480732609131,target,3135565236.0,10
PEPE,1779335220000,1779335280000,3.7700000000000003e-06,3.7800000000000002e-06,13.608656292887648,target,3137442373.0,10
PEPE,1779335820000,1779335940000,3.7700000000000003e-06,3.7800000000000002e-06,13.610486180036746,target,3137864249.0,10
PEPE,1779337740000,1779339360000,3.7800000000000002e-06,3.79e-06,13.558941722916698,target,3136828623.0,10
PEPE,1779342180000,1779342300000,3.76e-06,3.77e-06,13.667570887163315,target,3140165626.0,10
PEPE,1779342780000,1779342840000,3.75e-06,3.76e-06,13.72290420482275,target,3142050190.0,10
PEPE,1779346200000,1779346260000,3.74e-06,3.75e-06,13.778309266679315,target,3143938224.0,10
PEPE,1779346680000,1779346740000,3.74e-06,3.75e-06,13.780183802170521,target,3144365956.0,10
PEPE,1779347820000,1779347940000,3.75e-06,3.76e-06,13.728498697173606,target,3143331127.0,10
PEPE,1779348480000,1779348540000,3.75e-06,3.76e-06,13.730359195394987,target,3143757114.0,10
PEPE,1779349020000,1779349140000,3.76e-06,3.77e-06,13.678695341808023,target,3142721503.0,10
PEPE,1779408960000,1779409020000,3.7800000000000002e-06,3.79e-06,13.393771930628418,target,3098616988.0,11
PEPE,1779410220000,1779410280000,3.7800000000000002e-06,3.79e-06,13.395565863225185,target,3099032010.0,11
PEPE,1779412320000,1779412380000,3.7700000000000003e-06,3.7800000000000002e-06,13.450098559650007,target,3100887276.0,11
PEPE,1779413040000,1779413100000,3.7700000000000003e-06,3.7800000000000002e-06,13.451907127986601,target,3101304237.0,11
PEPE,1779413580000,1779413640000,3.7800000000000002e-06,3.79e-06,13.400963226330827,target,3100280677.0,11
PEPE,1779414720000,1779414960000,3.79e-06,3.8e-06,13.350047330674172,target,3099256490.0,11
PEPE,1779415980000,1779416040000,3.8e-06,3.81e-06,13.299159473521746,target,3098231677.0,11
PEPE,1779418440000,1779418560000,3.8e-06,3.81e-06,13.300926725820641,target,3098643384.0,11
PEPE,1779419580000,1779421440000,3.8e-06,3.7800000000000002e-06,-88.38505279243859,time,3099055147.0,11
PEPE,1779423120000,1779423180000,3.8e-06,3.81e-06,13.290949195893614,target,3096318974.0,11
PEPE,1779423780000,1779424140000,3.79e-06,3.8e-06,13.34535873753293,target,3098168018.0,11
PEPE,1779425580000,1779425640000,3.7800000000000002e-06,3.79e-06,13.39983846428506,target,3100020466.0,11
PEPE,1779426120000,1779426180000,3.7800000000000002e-06,3.79e-06,13.401633209508331,target,3100435676.0,11
PEPE,1779427320000,1779427860000,3.79e-06,3.8e-06,13.35071476487526,target,3099411437.0,11
PEPE,1779429600000,1779429900000,3.7800000000000002e-06,3.79e-06,13.405216354529943,target,3101264628.0,11
PEPE,1779431040000,1779432900000,3.7800000000000002e-06,3.77e-06,-57.350063292451274,time,3101680005.0,11
PEPE,1779433380000,1779433500000,3.7700000000000003e-06,3.7800000000000002e-06,13.452076767611786,target,3101343347.0,11
PEPE,1779435780000,1779435960000,3.8e-06,3.81e-06,13.295772343330613,target,3097442596.0,11
PEPE,1779436380000,1779436440000,3.8e-06,3.81e-06,13.297539144913815,target,3097854198.0,11
PEPE,1779437940000,1779438000000,3.8e-06,3.81e-06,13.299306186880056,target,3098265856.0,11
PEPE,1779438480000,1779438600000,3.8e-06,3.81e-06,13.301073460639353,target,3098677568.0,11
PEPE,1779440040000,1779440100000,3.79e-06,3.8e-06,13.3555244504576,target,3100528021.0,11
PEPE,1779440820000,1779440880000,3.79e-06,3.8e-06,13.357306221985342,target,3100941665.0,11
PEPE,1779442020000,1779442080000,3.8e-06,3.81e-06,13.306390696287352,target,3099916295.0,11
PEPE,1779496320000,1779496560000,3.6000000000000003e-06,3.61e-06,14.371629897185873,target,3129369602.0,11
PEPE,1779498540000,1779498660000,3.61e-06,3.62e-06,14.320038073009435,target,3128353484.0,11
PEPE,1779499080000,1779499200000,3.61e-06,3.62e-06,14.322085378195842,target,3128800738.0,11
PEPE,1779499740000,1779499860000,3.61e-06,3.62e-06,14.32413298091771,target,3129248057.0,11
PEPE,1779501480000,1779501600000,3.62e-06,3.63e-06,14.272553878186038,target,3128230987.0,11
PEPE,1779502260000,1779502320000,3.61e-06,3.62e-06,14.328221388774107,target,3130141210.0,11
PEPE,1779502680000,1779504540000,3.62e-06,3.61e-06,-56.731015418630086,time,3129123851.0,11
PEPE,1779505620000,1779505680000,3.62e-06,3.63e-06,14.268547209310986,target,3127352813.0,11
PEPE,1779506220000,1779506460000,3.62e-06,3.63e-06,14.270579520186487,target,3127798251.0,11
PEPE,1779506940000,1779507060000,3.62e-06,3.63e-06,14.272612118498726,target,3128243752.0,11
PEPE,1779508020000,1779508080000,3.62e-06,3.63e-06,14.274645008812294,target,3128689317.0,11
PEPE,1779508620000,1779508740000,3.62e-06,3.63e-06,14.27667818656078,target,3129134945.0,11
PEPE,1779509340000,1779509400000,3.61e-06,3.62e-06,14.332361783298312,target,3131045720.0,11
PEPE,1779510120000,1779510240000,3.6000000000000003e-06,3.61e-06,14.388118910220768,target,3132960024.0,11
PEPE,1779511020000,1779511140000,3.6000000000000003e-06,3.61e-06,14.390183661480247,target,3133409616.0,11
PEPE,1779511920000,1779511980000,3.5900000000000004e-06,3.6000000000000003e-06,14.446022529796515,target,3135327733.0,11
PEPE,1779513600000,1779513720000,3.58e-06,3.59e-06,14.501935323765135,target,3137249394.0,11
PEPE,1779514740000,1779514860000,3.58e-06,3.59e-06,14.504031964956738,target,3137702967.0,11
PEPE,1779515280000,1779515340000,3.58e-06,3.59e-06,14.506128906612405,target,3138156605.0,11
PEPE,1779515880000,1779515940000,3.58e-06,3.59e-06,14.508226153350378,target,3138610309.0,11
PEPE,1779516600000,1779516660000,3.58e-06,3.59e-06,14.510323700554238,target,3139064078.0,11
PEPE,1779517260000,1779517320000,3.58e-06,3.59e-06,14.512421552842223,target,3139517913.0,11
PEPE,1779517620000,1779517680000,3.58e-06,3.59e-06,14.514519710214335,target,3139971814.0,11
PEPE,1779518340000,1779518400000,3.57e-06,3.58e-06,14.570555216612851,target,3141898699.0,11
PEPE,1779580980000,1779581040000,3.6400000000000003e-06,3.65e-06,14.19611466297496,target,3132071630.0,11
PEPE,1779581520000,1779581580000,3.63e-06,3.64e-06,14.251771671656954,target,3133979477.0,11
PEPE,1779582780000,1779582960000,3.6400000000000003e-06,3.65e-06,14.200136168922844,target,3132958890.0,11
PEPE,1779583320000,1779583680000,3.6400000000000003e-06,3.65e-06,14.202143558785219,target,3133401778.0,11
PEPE,1779584940000,1779585000000,3.6400000000000003e-06,3.65e-06,14.20415122965841,target,3133844728.0,11
PEPE,1779586800000,1779586860000,3.6400000000000003e-06,3.65e-06,14.206159186082921,target,3134287741.0,11
PEPE,1779587460000,1779587520000,3.6400000000000003e-06,3.65e-06,14.208167423520067,target,3134730816.0,11
PEPE,1779588660000,1779588720000,3.6400000000000003e-06,3.65e-06,14.210175946504895,target,3135173954.0,11
PEPE,1779589140000,1779589200000,3.63e-06,3.64e-06,14.26588808482239,target,3137083691.0,11
PEPE,1779589980000,1779590040000,3.62e-06,3.63e-06,14.321673602624696,target,3138996954.0,11
PEPE,1779591780000,1779591900000,3.63e-06,3.64e-06,14.269944604889796,target,3137975724.0,11
PEPE,1779592440000,1779592500000,3.63e-06,3.64e-06,14.271969483857003,target,3138420997.0,11
PEPE,1779593520000,1779593580000,3.62e-06,3.63e-06,14.327778784249258,target,3140335076.0,11
PEPE,1779594720000,1779594780000,3.61e-06,3.62e-06,14.383661688474502,target,3142252690.0,11
PEPE,1779596700000,1779596760000,3.62e-06,3.63e-06,14.331868239685372,target,3141231395.0,11
PEPE,1779599040000,1779599160000,3.62e-06,3.63e-06,14.333909566059925,target,3141678809.0,11
PEPE,1779599520000,1779599580000,3.61e-06,3.62e-06,14.38981638440768,target,3143597244.0,11
PEPE,1779600720000,1779600840000,3.61e-06,3.62e-06,14.391873663966523,target,3144046677.0,11
PEPE,1779602280000,1779602400000,3.61e-06,3.62e-06,14.393931245640196,target,3144496176.0,11
PEPE,1779604620000,1779604680000,3.6000000000000003e-06,3.61e-06,14.449927898118666,target,3146418704.0,11
PEPE,1779605820000,1779607680000,3.63e-06,3.61e-06,-88.4208227509868,time,3142454829.0,11
PEPE,1779609600000,1779609660000,3.61e-06,3.62e-06,14.385413644205153,target,3142635422.0,11
PEPE,1779610860000,1779610920000,3.61e-06,3.62e-06,14.387470296644752,target,3143084718.0,11
PEPE,1779611460000,1779611520000,3.61e-06,3.62e-06,14.389527246619807,target,3143534079.0,11
PEPE,1779667980000,1779668040000,3.58e-06,3.59e-06,14.553502995397878,target,3148405191.0,11
PEPE,1779669120000,1779669540000,3.5900000000000004e-06,3.6000000000000003e-06,14.501575862243985,target,3147384886.0,11
PEPE,1779670020000,1779670080000,3.58e-06,3.59e-06,14.557703678404827,target,3149313938.0,11
PEPE,1779671220000,1779672060000,3.58e-06,3.59e-06,14.559808381238206,target,3149769255.0,11
PEPE,1779673080000,1779673140000,3.57e-06,3.58e-06,14.616018729901048,target,3151702152.0,11
PEPE,1779673620000,1779673860000,3.57e-06,3.58e-06,14.618139713712717,target,3152159507.0,11
PEPE,1779675180000,1779675240000,3.57e-06,3.58e-06,14.620261003600094,target,3152616928.0,11
PEPE,1779678120000,1779678180000,3.5500000000000003e-06,3.5600000000000002e-06,14.730792872412025,target,3156034895.0,11
PEPE,1779680700000,1779680760000,3.54e-06,3.55e-06,14.787235805918165,target,3157978816.0,11
PEPE,1779681600000,1779681720000,3.5500000000000003e-06,3.5600000000000002e-06,14.735108102184107,target,3156959422.0,11
PEPE,1779682620000,1779682680000,3.5500000000000003e-06,3.5600000000000002e-06,14.73726221877841,target,3157420936.0,11
PEPE,1779683820000,1779683880000,3.5600000000000002e-06,3.57e-06,14.685154335841116,target,3156400717.0,11
PEPE,1779685080000,1779685260000,3.58e-06,3.59e-06,14.5789054634065,target,3153900587.0,11
PEPE,1779689220000,1779689280000,3.6000000000000003e-06,3.61e-06,14.472812858348322,target,3151401820.0,11
PEPE,1779689940000,1779690000000,3.5900000000000004e-06,3.6000000000000003e-06,14.528972352123303,target,3153330950.0,11
PEPE,1779690540000,1779690600000,3.5900000000000004e-06,3.6000000000000003e-06,14.531065106267974,target,3153785156.0,11
PEPE,1779691140000,1779691260000,3.6000000000000003e-06,3.61e-06,14.479059980989907,target,3152762108.0,11
PEPE,1779692820000,1779694020000,3.61e-06,3.57e-06,-151.48042656162505,stop,3151738394.0,11
PEPE,1779695880000,1779696120000,3.6000000000000003e-06,3.61e-06,14.459399782409417,target,3148481172.0,11
PEPE,1779696540000,1779696660000,3.5900000000000004e-06,3.6000000000000003e-06,14.51550723286136,target,3150408515.0,11
PEPE,1779697140000,1779697260000,3.5900000000000004e-06,3.6000000000000003e-06,14.517598042642415,target,3150862299.0,11
PEPE,1779697920000,1779698100000,3.5900000000000004e-06,3.6000000000000003e-06,14.51968915651783,target,3151316149.0,11
PEPE,1779698580000,1779698640000,3.5900000000000004e-06,3.6000000000000003e-06,14.521780569878684,target,3151770064.0,11
PEPE,1779699720000,1779700260000,3.6000000000000003e-06,3.61e-06,14.46980867447612,target,3150747670.0,11
PEPE,1779754320000,1779754380000,3.5900000000000004e-06,3.6000000000000003e-06,14.525956513000589,target,3152676400.0,11
PEPE,1779754920000,1779755040000,3.58e-06,3.59e-06,14.582178692637125,target,3154608695.0,11
PEPE,1779755520000,1779756300000,3.58e-06,3.54e-06,-151.42733397211498,stop,3155064777.0,11
PEPE,1779761700000,1779761760000,3.53e-06,3.54e-06,14.833438234569138,target,3157730332.0,11
PEPE,1779762780000,1779762960000,3.53e-06,3.54e-06,14.835622717692916,target,3158195363.0,11
PEPE,1779763920000,1779763980000,3.54e-06,3.55e-06,14.783480852979551,target,3157176904.0,11
PEPE,1779764580000,1779764760000,3.53e-06,3.54e-06,14.839984647083224,target,3159123927.0,11
PEPE,1779765240000,1779765420000,3.52e-06,3.53e-06,14.896563831012418,target,3161074553.0,11
PEPE,1779767520000,1779767580000,3.53e-06,3.54e-06,14.844363877363092,target,3160056174.0,11
PEPE,1779768120000,1779769440000,3.54e-06,3.55e-06,14.792191290987391,target,3159037115.0,11
PEPE,1779769980000,1779770040000,3.5500000000000003e-06,3.5600000000000002e-06,14.740046111813616,target,3158017378.0,11
PEPE,1779771180000,1779771240000,3.5500000000000003e-06,3.5600000000000002e-06,14.742200956538323,target,3158479048.0,11
PEPE,1779771840000,1779771900000,3.5500000000000003e-06,3.5600000000000002e-06,14.74435610932009,target,3158940784.0,11
PEPE,1779773520000,1779773580000,3.57e-06,3.58e-06,14.637985635261794,target,3156438951.0,11
PEPE,1779774120000,1779774240000,3.57e-06,3.58e-06,14.640109805036658,target,3156896993.0,11
PEPE,1779774720000,1779774900000,3.57e-06,3.58e-06,14.642234285525713,target,3157355102.0,11
PEPE,1779775320000,1779775500000,3.5600000000000002e-06,3.57e-06,14.698620201514911,target,3159295046.0,11
PEPE,1779776820000,1779776880000,3.5600000000000002e-06,3.57e-06,14.700761077304415,target,3159755202.0,11
PEPE,1779777540000,1779777600000,3.5600000000000002e-06,3.57e-06,14.702902264812645,target,3160215425.0,11
PEPE,1779778260000,1779778320000,3.57e-06,3.58e-06,14.650758919473983,target,3159193298.0,11
PEPE,1779778620000,1779778680000,3.57e-06,3.58e-06,14.652884948886395,target,3159651741.0,11
PEPE,1779779340000,1779779460000,3.5600000000000002e-06,3.57e-06,14.70931187913991,target,3161593096.0,11
PEPE,1779781680000,1779781920000,3.5500000000000003e-06,3.5600000000000002e-06,14.765813806367904,target,3163538041.0,11
PEPE,1779782280000,1779782340000,3.5500000000000003e-06,3.5600000000000002e-06,14.767972413096967,target,3164000517.0,11
PEPE,1779840720000,1779841860000,3.52e-06,3.53e-06,14.933564269812011,target,3168926105.0,11
PEPE,1779842400000,1779842460000,3.52e-06,3.53e-06,14.935771557685253,target,3169394495.0,11
PEPE,1779842880000,1779843060000,3.53e-06,3.54e-06,14.883434206214293,target,3168373434.0,11
PEPE,1779843420000,1779843480000,3.54e-06,3.55e-06,14.83112430247209,target,3167351693.0,11
PEPE,1779844740000,1779844800000,3.53e-06,3.54e-06,14.887810195222713,target,3169304991.0,11
PEPE,1779845520000,1779845700000,3.52e-06,3.53e-06,14.94457171788701,target,3171261903.0,11
PEPE,1779846120000,1779846180000,3.52e-06,3.53e-06,14.946780636286073,target,3171730639.0,11
PEPE,1779847500000,1779847560000,3.5100000000000003e-06,3.52e-06,15.003626391330164,target,3173691463.0,11
PEPE,1779848280000,1779848700000,3.5100000000000003e-06,3.52e-06,15.00585214087865,target,3174162272.0,11
PEPE,1779849840000,1779850500000,3.5100000000000003e-06,3.52e-06,15.008078216624648,target,3174633150.0,11
PEPE,1779850920000,1779850980000,3.5100000000000003e-06,3.52e-06,15.010304628020602,target,3175104099.0,11
PEPE,1779851520000,1779851700000,3.52e-06,3.53e-06,14.957862424048514,target,3174082212.0,11
PEPE,1779852780000,1779854640000,3.52e-06,3.5e-06,-88.53823754195949,time,3174551364.0,11
PEPE,1779855240000,1779856260000,3.5100000000000003e-06,3.4700000000000002e-06,-151.80112131628752,stop,3173266189.0,11
PEPE,1779858840000,1779858960000,3.5000000000000004e-06,3.5100000000000003e-06,15.033695131733172,target,3169993702.0,11
PEPE,1779859920000,1779860280000,3.5100000000000003e-06,3.52e-06,14.981326821107746,target,3168974473.0,11
PEPE,1779862020000,1779862080000,3.53e-06,3.54e-06,14.874473734359654,target,3166465936.0,11
PEPE,1779862620000,1779862680000,3.52e-06,3.53e-06,14.931184410186484,target,3168421095.0,11
PEPE,1779863280000,1779863340000,3.53e-06,3.54e-06,14.878863139426928,target,3167400349.0,11
PEPE,1779863820000,1779863940000,3.53e-06,3.54e-06,14.881054311788905,target,3167866804.0,11
PEPE,1779864600000,1779864660000,3.53e-06,3.54e-06,14.88324580828021,target,3168333328.0,11
PEPE,1779865080000,1779865260000,3.54e-06,3.55e-06,14.830936562316552,target,3167311599.0,11
PEPE,1779865680000,1779865740000,3.54e-06,3.55e-06,14.833112683955093,target,3167776334.0,11
PEPE,1779867780000,1779867840000,3.53e-06,3.54e-06,14.889806172366265,target,3169729893.0,11
PEPE,1779926580000,1779926640000,3.4700000000000002e-06,3.48e-06,15.22022859574928,target,3179160020.0,11
PEPE,1779927960000,1779928020000,3.4600000000000003e-06,3.4700000000000002e-06,15.277413179923876,target,3181137570.0,11
PEPE,1779931080000,1779931140000,3.45e-06,3.46e-06,15.334674746736246,target,3183118785.0,11
PEPE,1779931620000,1779932220000,3.45e-06,3.46e-06,15.33699947471883,target,3183601344.0,11
PEPE,1779933000000,1779933180000,3.45e-06,3.46e-06,15.339324554379365,target,3184083976.0,11
PEPE,1779933720000,1779933780000,3.45e-06,3.46e-06,15.341649985717853,target,3184566681.0,11
PEPE,1779934920000,1779935040000,3.45e-06,3.46e-06,15.343975773550078,target,3185049460.0,11
PEPE,1779935520000,1779935700000,3.45e-06,3.46e-06,15.346301908240829,target,3185532311.0,11
PEPE,1779936840000,1779936900000,3.45e-06,3.46e-06,15.348628399428959,target,3186015236.0,11
PEPE,1779937320000,1779937380000,3.44e-06,3.45e-06,15.406019321891863,target,3188001929.0,11
PEPE,1779943980000,1779944100000,3.36e-06,3.37e-06,15.850821191624577,target,3200569650.0,11
PEPE,1779944520000,1779944580000,3.36e-06,3.37e-06,15.853302032591557,target,3201070577.0,11
PEPE,1779949440000,1779950760000,3.3300000000000003e-06,3.34e-06,16.022622975852887,target,3206127659.0,11
PEPE,1779953100000,1779953220000,3.35e-06,3.36e-06,15.913860313425271,target,3203595433.0,11
PEPE,1779953640000,1779953700000,3.35e-06,3.36e-06,15.916359750792425,target,3204098591.0,11
PEPE,1779954120000,1779954300000,3.36e-06,3.37e-06,15.863272811698565,target,3203083859.0,11
PEPE,1779954900000,1779955020000,3.35e-06,3.36e-06,15.921351074922553,target,3205103387.0,11
PEPE,1779955920000,1779956040000,3.36e-06,3.37e-06,15.86824748899246,target,3204088337.0,11
PEPE,1779957120000,1779957180000,3.34e-06,3.35e-06,15.982009604131804,target,3207628621.0,11
PEPE,1779958020000,1779958080000,3.35e-06,3.36e-06,15.928854106142078,target,3206613811.0,11
PEPE,1779958620000,1779958740000,3.34e-06,3.35e-06,15.987039059211481,target,3208638045.0,11
PEPE,1779959340000,1779959580000,3.35e-06,3.36e-06,15.933866830261502,target,3207622915.0,11
PEPE,1779960360000,1779960420000,3.35e-06,3.36e-06,15.93636941205467,target,3208126706.0,11
PEPE,1779960720000,1779960780000,3.35e-06,3.36e-06,15.938872386279051,target,3208630576.0,11
PEPE,1780012920000,1780013160000,3.39e-06,3.4e-06,15.719030141359724,target,3203062688.0,11
PEPE,1780014120000,1780014180000,3.39e-06,3.4e-06,15.721464545992967,target,3203558746.0,11
PEPE,1780014720000,1780015020000,3.39e-06,3.4e-06,15.723899323598499,target,3204054880.0,11
PEPE,1780015980000,1780016460000,3.4e-06,3.41e-06,15.670853713172704,target,3203036017.0,11
PEPE,1780017660000,1780018980000,3.39e-06,3.4e-06,15.728761424317344,target,3205045629.0,11
PEPE,1780020120000,1780020180000,3.39e-06,3.4e-06,15.731197335554889,target,3205541994.0,11
PEPE,1780020780000,1780020840000,3.39e-06,3.4e-06,15.733633624669164,target,3206038436.0,11
PEPE,1780021920000,1780021980000,3.3800000000000002e-06,3.39e-06,15.791637948843073,target,3208052402.0,11
PEPE,1780022640000,1780022700000,3.3800000000000002e-06,3.39e-06,15.794092233506666,target,3208550987.0,11
PEPE,1780023180000,1780024020000,3.3800000000000002e-06,3.39e-06,15.796546897202926,target,3209049649.0,11
PEPE,1780024320000,1780024440000,3.39e-06,3.4e-06,15.743408373354347,target,3208030234.0,11
PEPE,1780024980000,1780025040000,3.3800000000000002e-06,3.39e-06,15.801448737470869,target,3210045452.0,11
PEPE,1780026780000,1780027860000,3.3800000000000002e-06,3.34e-06,-152.64533093056966,stop,3210544346.0,11
PEPE,1780028940000,1780029000000,3.36e-06,3.37e-06,15.89139341375178,target,3208761921.0,11
PEPE,1780029600000,1780029720000,3.3700000000000003e-06,3.3800000000000002e-06,15.838239317999257,target,3207744672.0,11
PEPE,1780030620000,1780030740000,3.3800000000000002e-06,3.39e-06,15.785112225053124,target,3206726709.0,11
PEPE,1780033080000,1780033140000,3.39e-06,3.4e-06,15.73201216704006,target,3205708032.0,11
PEPE,1780033860000,1780033980000,3.39e-06,3.4e-06,15.734448578841796,target,3206204499.0,11
PEPE,1780035720000,1780035780000,3.4e-06,3.41e-06,15.681367377659186,target,3205184952.0,11
PEPE,1780036500000,1780036980000,3.4e-06,3.41e-06,15.683787384290598,target,3205679588.0,11
PEPE,1780038720000,1780038780000,3.41e-06,3.42e-06,15.630725121183586,target,3204659174.0,11
PEPE,1780039920000,1780040700000,3.4e-06,3.36e-06,-152.60529856782938,stop,3206667337.0,11
PEPE,1780043700000,1780043760000,3.39e-06,3.4e-06,15.72052965743038,target,3203368244.0,11
PEPE,1780044120000,1780044180000,3.39e-06,3.4e-06,15.722964292716126,target,3203864349.0,11
PEPE,1780099320000,1780099440000,3.3800000000000002e-06,3.39e-06,15.780929286373803,target,3205876950.0,11
PEPE,1780099920000,1780100400000,3.39e-06,3.4e-06,15.727843294863659,target,3204858542.0,11
PEPE,1780100820000,1780100940000,3.39e-06,3.4e-06,15.730279063783236,target,3205354878.0,11
PEPE,1780101420000,1780101480000,3.3800000000000002e-06,3.39e-06,15.78827102283791,target,3207368415.0,11
PEPE,1780102680000,1780102740000,3.39e-06,3.4e-06,15.735160338102876,target,3206349534.0,11
PEPE,1780105620000,1780105740000,3.4200000000000003e-06,3.43e-06,15.571193081135707,target,3202301919.0,11
PEPE,1780106220000,1780106400000,3.43e-06,3.44e-06,15.518207301310483,target,3201280516.0,11
PEPE,1780106880000,1780106940000,3.43e-06,3.44e-06,15.520576739919365,target,3201769312.0,11
PEPE,1780111680000,1780111800000,3.43e-06,3.44e-06,15.522946537245208,target,3202258182.0,11
PEPE,1780112220000,1780112280000,3.43e-06,3.44e-06,15.52531669813153,target,3202747127.0,11
PEPE,1780113420000,1780113480000,3.4200000000000003e-06,3.43e-06,15.583092829399401,target,3204749168.0,11
PEPE,1780114020000,1780114500000,3.4200000000000003e-06,3.43e-06,15.585480662136609,target,3205240239.0,11
PEPE,1780115220000,1780115700000,3.41e-06,3.37e-06,-152.70501455397462,stop,3207246302.0,11
PEPE,1780118820000,1780118880000,3.4200000000000003e-06,3.43e-06,15.564469522474317,target,3200919182.0,11
PEPE,1780120200000,1780120260000,3.43e-06,3.44e-06,15.511506626297376,target,3199898221.0,11
PEPE,1780121820000,1780121880000,3.4200000000000003e-06,3.43e-06,15.569231363861318,target,3201898481.0,11
PEPE,1780122420000,1780122480000,3.43e-06,3.44e-06,15.516252265780452,target,3200877208.0,11
PEPE,1780123620000,1780125480000,3.43e-06,3.4e-06,-120.60345841232248,time,3201365941.0,11
PEPE,1780126620000,1780126980000,3.4200000000000003e-06,3.43e-06,15.555514319437286,target,3199077495.0,11
PEPE,1780128120000,1780128540000,3.4200000000000003e-06,3.43e-06,15.557897926662951,target,3199567697.0,11
PEPE,1780129080000,1780129140000,3.41e-06,3.42e-06,15.615658699276347,target,3201570210.0,11
PEPE,1780131660000,1780131720000,3.4e-06,3.41e-06,15.673497722915217,target,3203576438.0,11
PEPE,1780133220000,1780133280000,3.41e-06,3.42e-06,15.620470270106223,target,3202556693.0,11
PEPE,1780135020000,1780135200000,3.41e-06,3.42e-06,15.622872351061703,target,3203049175.0,11
PEPE,1780185720000,1780186920000,3.41e-06,3.42e-06,15.625274797828618,target,3203541732.0,11
PEPE,1780187220000,1780187400000,3.41e-06,3.42e-06,15.627677615287315,target,3204034365.0,11
PEPE,1780188000000,1780188060000,3.4e-06,3.41e-06,15.68556115527203,target,3206042137.0,11
PEPE,1780189020000,1780189080000,3.4200000000000003e-06,3.43e-06,15.577056395475156,target,3203507742.0,11
PEPE,1780190460000,1780190640000,3.4200000000000003e-06,3.43e-06,15.579443304337634,target,3203998623.0,11
PEPE,1780191720000,1780191900000,3.4200000000000003e-06,3.43e-06,15.58183057788698,target,3204489579.0,11
PEPE,1780192440000,1780192560000,3.43e-06,3.44e-06,15.52880860445273,target,3203467479.0,11
PEPE,1780192920000,1780192980000,3.43e-06,3.44e-06,15.531179657279749,target,3203956608.0,11
PEPE,1780193580000,1780193640000,3.44e-06,3.45e-06,15.478176849128026,target,3202933647.0,11
PEPE,1780194120000,1780194240000,3.44e-06,3.45e-06,15.480531745705557,target,3203420951.0,11
PEPE,1780195920000,1780196220000,3.43e-06,3.44e-06,15.538278079362518,target,3205420955.0,11
PEPE,1780197840000,1780197900000,3.44e-06,3.45e-06,15.485251049228145,target,3204397527.0,11
PEPE,1780199760000,1780200000000,3.45e-06,3.46e-06,15.432251330413104,target,3203373395.0,11
PEPE,1780200420000,1780201200000,3.45e-06,3.46e-06,15.434590848118264,target,3203859024.0,11
PEPE,1780202820000,1780202880000,3.4600000000000003e-06,3.4700000000000002e-06,15.381610457890366,target,3202834036.0,11
PEPE,1780203540000,1780203660000,3.4600000000000003e-06,3.4700000000000002e-06,15.383933941006974,target,3203317843.0,11
PEPE,1780204140000,1780204260000,3.45e-06,3.46e-06,15.441594760858768,target,3205312872.0,11
PEPE,1780204800000,1780204860000,3.45e-06,3.46e-06,15.443935699728556,target,3205798796.0,11
PEPE,1780206420000,1780206720000,3.45e-06,3.46e-06,15.446276990278113,target,3206284793.0,11
PEPE,1780207080000,1780207200000,3.44e-06,3.45e-06,15.504033038895525,target,3208284126.0,11
PEPE,1780209180000,1780209300000,3.44e-06,3.45e-06,15.506391869128263,target,3208772244.0,11
PEPE,1780211040000,1780211160000,3.43e-06,3.44e-06,15.564234667676155,target,3210775589.0,11
PEPE,1780211580000,1780212000000,3.43e-06,3.44e-06,15.56661113031506,target,3211265834.0,11
PEPE,1780212780000,1780213020000,3.4200000000000003e-06,3.43e-06,15.624540939862433,target,3213273201.0,11
PEPE,1780272120000,1780272180000,3.4200000000000003e-06,3.43e-06,15.626935123023607,target,3213765578.0,11
PEPE,1780272840000,1780272900000,3.4200000000000003e-06,3.43e-06,15.629329675737221,target,3214258031.0,11
PEPE,1780273920000,1780274040000,3.43e-06,3.44e-06,15.576146070710859,target,3213232815.0,11
PEPE,1780274520000,1780274640000,3.43e-06,3.44e-06,15.578524351163079,target,3213723435.0,11
PEPE,1780275360000,1780275600000,3.43e-06,3.44e-06,15.580903000021117,target,3214214131.0,11
PEPE,1780276140000,1780276320000,3.4200000000000003e-06,3.43e-06,15.638885990750207,target,3216223340.0,11
PEPE,1780277880000,1780277940000,3.41e-06,3.42e-06,15.696947441066275,target,3218236277.0,11
PEPE,1780280580000,1780280760000,3.4e-06,3.41e-06,15.755087552983325,target,3220252949.0,11
PEPE,1780282980000,1780283040000,3.43e-06,3.44e-06,15.59047220254916,target,3216188180.0,11
PEPE,1780283580000,1780284360000,3.44e-06,3.45e-06,15.537267049903772,target,3215161314.0,11
PEPE,1780284840000,1780284900000,3.44e-06,3.45e-06,15.539630934935223,target,3215650478.0,11
PEPE,1780285320000,1780285380000,3.43e-06,3.44e-06,15.597597727004638,target,3217658118.0,11
PEPE,1780287420000,1780287480000,3.41e-06,3.42e-06,15.711359019583814,target,3221190983.0,11
PEPE,1780290420000,1780290480000,3.4e-06,3.41e-06,15.769552508104335,target,3223209506.0,11
PEPE,1780291020000,1780291080000,3.39e-06,3.4e-06,15.827824935810497,target,3225231775.0,11
PEPE,1780292280000,1780292460000,3.39e-06,3.4e-06,15.830276187892634,target,3225731266.0,11
PEPE,1780292820000,1780292880000,3.39e-06,3.4e-06,15.832727822761404,target,3226230835.0,11
PEPE,1780293480000,1780293600000,3.39e-06,3.4e-06,15.835179835505086,target,3226730481.0,11
PEPE,1780294200000,1780294320000,3.3800000000000002e-06,3.39e-06,15.893558523011801,target,3228757445.0,11
PEPE,1780298220000,1780298400000,3.3800000000000002e-06,3.39e-06,15.896028648280002,target,3229259248.0,11
PEPE,1780299000000,1780299180000,3.36e-06,3.37e-06,16.01054551715509,target,3232820902.0,11
PEPE,1780301580000,1780301700000,3.35e-06,3.36e-06,16.069162971681937,target,3234859179.0,11
PEPE,1780302600000,1780302840000,3.35e-06,3.36e-06,16.07168680443977,target,3235367248.0,11
PEPE,1780303380000,1780303500000,3.35e-06,3.36e-06,16.074211029628827,target,3235875396.0,11
PEPE,1780358520000,1780358640000,3.41e-06,3.42e-06,15.740703191163883,target,3227207215.0,11
PEPE,1780360020000,1780360140000,3.39e-06,3.4e-06,15.854939844996954,target,3230756973.0,11
PEPE,1780362300000,1780362360000,3.39e-06,3.4e-06,15.8573952929896,target,3231257319.0,11
PEPE,1780363800000,1780364340000,3.39e-06,3.35e-06,-153.72663648772084,stop,3231757744.0,11
PEPE,1780364940000,1780365000000,3.3700000000000003e-06,3.3800000000000002e-06,15.947937834185204,target,3229962093.0,11
PEPE,1780367760000,1780367820000,3.3700000000000003e-06,3.3800000000000002e-06,15.950425139310989,target,3230465851.0,11
PEPE,1780368120000,1780368420000,3.3700000000000003e-06,3.3800000000000002e-06,15.952912834498827,target,3230969688.0,11
PEPE,1780369920000,1780369980000,3.39e-06,3.4e-06,15.843454228937876,target,3228416552.0,11
PEPE,1780371900000,1780371960000,3.39e-06,3.4e-06,15.845907900419986,target,3228916536.0,11
PEPE,1780373040000,1780373520000,3.4e-06,3.36e-06,-153.6152740115312,stop,3227889767.0,11
PEPE,1780374120000,1780374240000,3.39e-06,3.4e-06,15.824571582299953,target,3224568840.0,11
PEPE,1780374720000,1780374840000,3.39e-06,3.4e-06,15.827022328909816,target,3225068228.0,11
PEPE,1780375380000,1780375440000,3.39e-06,3.4e-06,15.829473458304491,target,3225567694.0,11
PEPE,1780377540000,1780378860000,3.3700000000000003e-06,3.3300000000000003e-06,-153.45595328644066,stop,3229122064.0,11
PEPE,1780380180000,1780380360000,3.34e-06,3.35e-06,16.08779971825145,target,3228860957.0,11
PEPE,1780381920000,1780381980000,3.3300000000000003e-06,3.34e-06,16.146431420661614,target,3230901735.0,11
PEPE,1780382520000,1780382580000,3.3300000000000003e-06,3.34e-06,16.14898512317354,target,3231412731.0,11
PEPE,1780383720000,1780384140000,3.32e-06,3.33e-06,16.207706345313376,target,3233457625.0,11
PEPE,1780386360000,1780386660000,3.3300000000000003e-06,3.34e-06,16.15410261814511,target,3232436742.0,11
PEPE,1780387200000,1780387320000,3.3300000000000003e-06,3.34e-06,16.15665753504768,target,3232947981.0,11
PEPE,1780389660000,1780389720000,3.3300000000000003e-06,3.34e-06,16.159212856747747,target,3233459301.0,11
PEPE,1780390020000,1780390140000,3.3300000000000003e-06,3.34e-06,16.161768578244924,target,3233970701.0,11
PEPE,1780394220000,1780394280000,3.32e-06,3.33e-06,16.220536285176443,target,3236017214.0,11
PEPE,1780396140000,1780396200000,3.3300000000000003e-06,3.34e-06,16.166890126189944,target,3234995523.0,11
PEPE,1780445160000,1780445280000,3.1100000000000003e-06,3.12e-06,17.41894651034281,target,3269628627.0,11
PEPE,1780446480000,1780446540000,3.12e-06,3.13e-06,17.36453769906109,target,3268618861.0,11
PEPE,1780447080000,1780447140000,3.13e-06,3.14e-06,17.310155091092813,target,3267608323.0,11
PEPE,1780447800000,1780447920000,3.13e-06,3.14e-06,17.31308499001349,target,3268161395.0,11
PEPE,1780448820000,1780449420000,3.13e-06,3.14e-06,17.316015386897313,target,3268714561.0,11
PEPE,1780450320000,1780450620000,3.14e-06,3.1e-06,-153.59837533155266,stop,3267702911.0,11
PEPE,1780452060000,1780452240000,3.13e-06,3.14e-06,17.292948371399813,target,3264360240.0,11
PEPE,1780452720000,1780452780000,3.13e-06,3.14e-06,17.295875361990944,target,3264912763.0,11
PEPE,1780453320000,1780455180000,3.13e-06,3.12e-06,-55.60271172389431,time,3265465378.0,11
PEPE,1780457220000,1780457820000,3.1100000000000003e-06,3.0700000000000003e-06,-153.33626053443876,stop,3266817801.0,11
PEPE,1780461840000,1780462020000,3.1100000000000003e-06,3.12e-06,17.377846296921945,target,3261913899.0,11
PEPE,1780462380000,1780462440000,3.1100000000000003e-06,3.12e-06,17.38080714561456,target,3262469666.0,11
PEPE,1780462920000,1780462980000,3.13e-06,3.14e-06,17.269321261821716,target,3259900191.0,11
PEPE,1780463520000,1780464660000,3.18e-06,3.14e-06,-153.1841841416605,stop,3252663428.0,11
PEPE,1780466580000,1780466880000,3.18e-06,3.19e-06,16.96153508699147,target,3247780773.0,11
PEPE,1780467420000,1780467480000,3.17e-06,3.18e-06,17.021215410198607,target,3249874064.0,11
PEPE,1780468200000,1780468260000,3.18e-06,3.19e-06,16.96719199454207,target,3248863953.0,11
PEPE,1780468680000,1780468740000,3.2000000000000003e-06,3.21e-06,16.856427704400158,target,3246302880.0,11
PEPE,1780470480000,1780470660000,3.21e-06,3.22e-06,16.802492459455447,target,3245290673.0,11
PEPE,1780471740000,1780471800000,3.21e-06,3.22e-06,16.805261401989792,target,3245825476.0,11
PEPE,1780472400000,1780472460000,3.21e-06,3.22e-06,16.808030800142298,target,3246360367.0,11
PEPE,1780473420000,1780473480000,3.21e-06,3.22e-06,16.810800653914782,target,3246895346.0,11
PEPE,1780476120000,1780476180000,3.21e-06,3.22e-06,16.81357096330543,target,3247430413.0,11
PEPE,1780476960000,1780477020000,3.21e-06,3.22e-06,16.816341733495566,target,3247965569.0,11
PEPE,1780531560000,1780531620000,3.13e-06,3.14e-06,17.274864152617383,target,3260946513.0,11
PEPE,1780531920000,1780531980000,3.13e-06,3.14e-06,17.277788081256222,target,3261498458.0,11
PEPE,1780532520000,1780532760000,3.14e-06,3.1e-06,-153.25928741920904,stop,3260489042.0,11
PEPE,1780541220000,1780541340000,3e-06,3.01e-06,18.001992379085152,target,3277558922.0,11
PEPE,1780541880000,1780541940000,3e-06,3.01e-06,18.005171328233914,target,3278137702.0,11
PEPE,1780543620000,1780543920000,3.0700000000000003e-06,3.08e-06,17.604699431622983,target,3267693630.0,11
PEPE,1780546020000,1780546140000,3.1e-06,3.11e-06,17.435545018337066,target,3263555455.0,11
PEPE,1780546680000,1780546740000,3.1e-06,3.11e-06,17.438525492237172,target,3264113335.0,11
PEPE,1780548780000,1780548840000,3.08e-06,3.09e-06,17.556286279051072,target,3267805729.0,11
PEPE,1780553340000,1780553400000,3.04e-06,3.05e-06,17.789568839513777,target,3274656022.0,11
PEPE,1780554480000,1780554540000,3.0600000000000003e-06,3.0700000000000003e-06,17.677408396638782,target,3272079296.0,11
PEPE,1780555620000,1780556700000,3.0600000000000003e-06,3.0200000000000003e-06,-153.24164904364935,stop,3272646002.0,11
PEPE,1780561920000,1780562640000,3e-06,2.96e-06,-153.0116141799693,stop,3277181713.0,11
PEPE,1780568640000,1780568700000,2.9300000000000003e-06,2.9400000000000002e-06,18.378484354243596,target,3283337982.0,11
PEPE,1780569480000,1780569540000,2.9300000000000003e-06,2.9400000000000002e-06,18.38180302243293,target,3283930866.0,11
PEPE,1780570020000,1780570080000,2.92e-06,2.93e-06,18.44330810122316,target,3286112802.0,11
PEPE,1780572120000,1780572240000,2.9300000000000003e-06,2.9400000000000002e-06,18.38845267331259,target,3285118834.0,11
PEPE,1780572900000,1780573440000,2.9400000000000002e-06,2.9e-06,-152.89239547363422,stop,3284124057.0,11
PEPE,1780574520000,1780574580000,2.96e-06,2.97e-06,18.19014309908307,target,3276027573.0,11
PEPE,1780576020000,1780576080000,2.9700000000000004e-06,2.9800000000000003e-06,18.13549102346293,target,3275032239.0,11
PEPE,1780577220000,1780577280000,3e-06,3.01e-06,17.965311574664348,target,3270880578.0,11
PEPE,1780577820000,1780577940000,3.01e-06,3.02e-06,17.910780939117405,target,3269882417.0,11
PEPE,1780578420000,1780579080000,3e-06,2.96e-06,-152.77126872063107,stop,3272034027.0,11
PEPE,1780580520000,1780581060000,3e-06,2.96e-06,-152.54193995354862,stop,3267122295.0,11
PEPE,1780617720000,1780617960000,2.9400000000000002e-06,2.95e-06,18.00027990626005,target,3224411985.0,12
PEPE,1780618320000,1780618380000,2.9400000000000002e-06,2.95e-06,18.003520011592542,target,3224992389.0,12
PEPE,1780619940000,1780620000000,2.95e-06,2.96e-06,17.94970202040921,target,3224014732.0,12
PEPE,1780623480000,1780625340000,2.9400000000000002e-06,2.91e-06,-117.98036653532924,time,3226151669.0,12
PEPE,1780631520000,1780632300000,2.88e-06,2.84e-06,-150.01638767082005,stop,3231718821.0,12
PEPE,1780632720000,1780633500000,2.9e-06,2.91e-06,18.1899669377584,target,3223742479.0,12
PEPE,1780635840000,1780637280000,2.9e-06,2.91e-06,18.193282786736923,target,3224330135.0,12
PEPE,1780644720000,1780644780000,2.7500000000000004e-06,2.7600000000000003e-06,19.060653424781655,target,3248513579.0,12
PEPE,1780646520000,1780646580000,2.79e-06,2.8e-06,18.832600398080658,target,3242806784.0,12
PEPE,1780651920000,1780652820000,2.79e-06,2.8e-06,18.83615270063964,target,3243418459.0,12
PEPE,1780653360000,1780653420000,2.79e-06,2.8e-06,18.839705671066298,target,3244030249.0,12
PEPE,1780653720000,1780654080000,2.81e-06,2.77e-06,-149.95924880448877,stop,3241486059.0,12
PEPE,1780655340000,1780655400000,2.78e-06,2.79e-06,18.872757597665913,target,3241349523.0,12
PEPE,1780656120000,1780656360000,2.79e-06,2.8e-06,18.81853310570711,target,3240384521.0,12
PEPE,1780656840000,1780656900000,2.78e-06,2.79e-06,18.879888954909752,target,3242574316.0,12
PEPE,1780659120000,1780659960000,2.79e-06,2.75e-06,-149.81906164662456,stop,3241608950.0,12
PEPE,1780660440000,1780660620000,2.78e-06,2.79e-06,18.85511468320943,target,3238319396.0,12
PEPE,1780661520000,1780661880000,2.77e-06,2.78e-06,18.916479705175785,target,3240510442.0,12
PEPE,1780662480000,1780662720000,2.78e-06,2.74e-06,-149.6508643798035,stop,3239546799.0,12
PEPE,1780664580000,1780664640000,2.77e-06,2.78e-06,18.891668362937093,target,3236260105.0,12
PEPE,1780665180000,1780665240000,2.77e-06,2.78e-06,18.895253708735623,target,3236874297.0,12
PEPE,1780666920000,1780666980000,2.78e-06,2.79e-06,18.841096077036845,target,3235911735.0,12
PEPE,1780671180000,1780671360000,2.74e-06,2.7e-06,-149.5112254306581,stop,3242841892.0,12
PEPE,1780676220000,1780676340000,2.7100000000000003e-06,2.7200000000000002e-06,19.22123160826435,target,3242721486.0,12
PEPE,1780705020000,1780705080000,2.73e-06,2.74e-06,19.108967824939384,target,3240181064.0,12
PEPE,1780707060000,1780707180000,2.73e-06,2.74e-06,19.112638835866203,target,3240803533.0,12
PEPE,1780710120000,1780710420000,2.7200000000000002e-06,2.73e-06,19.174293887511592,target,3243009537.0,12
PEPE,1780714560000,1780715100000,2.69e-06,2.65e-06,-149.40180230027045,stop,3248394897.0,12
PEPE,1780723680000,1780724040000,2.61e-06,2.57e-06,-149.17753150781246,stop,3256262625.0,12
PEPE,1780724640000,1780724820000,2.61e-06,2.62e-06,19.7602289370206,target,3251374568.0,12
PEPE,1780725120000,1780725420000,2.6300000000000002e-06,2.64e-06,19.64730446861427,target,3248830834.0,12
PEPE,1780725720000,1780725840000,2.64e-06,2.65e-06,19.592838549194116,target,3247880406.0,12
PEPE,1780728240000,1780728480000,2.65e-06,2.66e-06,19.538396033759046,target,3246929129.0,12
PEPE,1780730520000,1780731120000,2.6700000000000003e-06,2.68e-06,19.4257700604512,target,3244387484.0,12
PEPE,1780731420000,1780731480000,2.6700000000000003e-06,2.68e-06,19.429570015349558,target,3245022132.0,12
PEPE,1780732200000,1780732260000,2.68e-06,2.69e-06,19.37519803522729,target,3244068319.0,12
PEPE,1780732620000,1780733340000,2.68e-06,2.69e-06,19.37897675833437,target,3244701006.0,12
PEPE,1780734840000,1780735860000,2.7100000000000003e-06,2.7200000000000002e-06,19.20851139479908,target,3240575520.0,12
PEPE,1780736460000,1780736520000,2.7100000000000003e-06,2.7200000000000002e-06,19.21222392438058,target,3241201843.0,12
PEPE,1780736820000,1780736880000,2.7e-06,2.71e-06,19.273984414739857,target,3243413448.0,12
PEPE,1780737480000,1780737540000,2.7100000000000003e-06,2.7200000000000002e-06,19.21966236784208,target,3242456747.0,12
PEPE,1780738320000,1780738380000,2.7200000000000002e-06,2.73e-06,19.165364079124352,target,3241499210.0,12
PEPE,1780744920000,1780745040000,2.64e-06,2.65e-06,19.634843866187182,target,3254843575.0,12
PEPE,1780746780000,1780746840000,2.6700000000000003e-06,2.68e-06,19.463587008662618,target,3250703467.0,12
PEPE,1780747320000,1780747380000,2.6700000000000003e-06,2.68e-06,19.467394364111875,target,3251339351.0,12
PEPE,1780747920000,1780748040000,2.66e-06,2.67e-06,19.52954550349036,target,3253568597.0,12
PEPE,1780751760000,1780752120000,2.7e-06,2.71e-06,19.300301661421535,target,3247842097.0,12
PEPE,1780752480000,1780752600000,2.69e-06,2.7e-06,19.362237853450647,target,3250060907.0,12
PEPE,1780790760000,1780792200000,2.68e-06,2.69e-06,19.42426566441976,target,3252283912.0,12
PEPE,1780792680000,1780792800000,2.68e-06,2.69e-06,19.428053949499922,target,3252918200.0,12
PEPE,1780793280000,1780793340000,2.6700000000000003e-06,2.68e-06,19.49018573496175,target,3255145843.0,12
PEPE,1780793820000,1780793880000,2.6700000000000003e-06,2.68e-06,19.493998293550256,target,3255782596.0,12
PEPE,1780796340000,1780796400000,2.7500000000000004e-06,2.7600000000000003e-06,19.03248123375097,target,3243712183.0,12
PEPE,1780798620000,1780800420000,2.73e-06,2.74e-06,19.152129345108303,target,3247499677.0,12
PEPE,1780800720000,1780800960000,2.73e-06,2.74e-06,19.15580865381655,target,3248123553.0,12
PEPE,1780801920000,1780801980000,2.73e-06,2.74e-06,19.15948866433024,target,3248747548.0,12
PEPE,1780802520000,1780802940000,2.73e-06,2.74e-06,19.163169382541756,target,3249371663.0,12
PEPE,1780803600000,1780803660000,2.7200000000000002e-06,2.73e-06,19.22498743783622,target,3251583499.0,12
PEPE,1780804200000,1780804260000,2.7200000000000002e-06,2.73e-06,19.228691944274264,target,3252210054.0,12
PEPE,1780804800000,1780804980000,2.7200000000000002e-06,2.73e-06,19.232397160210535,target,3252836729.0,12
PEPE,1780805820000,1780805940000,2.7200000000000002e-06,2.73e-06,19.23610309747392,target,3253463526.0,12
PEPE,1780808220000,1780808280000,2.74e-06,2.75e-06,19.123503622695964,target,3250914343.0,12
PEPE,1780809420000,1780809480000,2.74e-06,2.75e-06,19.127166296614394,target,3251536982.0,12
PEPE,1780810140000,1780810560000,2.7500000000000004e-06,2.7600000000000003e-06,19.072739465572436,target,3250573407.0,12
PEPE,1780812120000,1780812840000,2.74e-06,2.75e-06,19.13448262069354,target,3252780726.0,12
PEPE,1780813920000,1780813980000,2.7500000000000004e-06,2.7600000000000003e-06,19.080034974252705,target,3251816783.0,12
PEPE,1780815360000,1780815420000,2.7500000000000004e-06,2.7600000000000003e-06,19.08367822235075,target,3252437703.0,12
PEPE,1780816380000,1780816500000,2.7500000000000004e-06,2.7600000000000003e-06,19.0873221686848,target,3253058742.0,12
PEPE,1780817340000,1780817460000,2.7500000000000004e-06,2.7600000000000003e-06,19.09096681324941,target,3253679900.0,12
PEPE,1780819740000,1780819800000,2.74e-06,2.75e-06,19.152768977841426,target,3255889329.0,12
PEPE,1780820520000,1780820580000,2.74e-06,2.75e-06,19.156437257781455,target,3256512921.0,12
PEPE,1780824240000,1780824600000,2.79e-06,2.8e-06,18.86977717901989,target,3249208296.0,12
PEPE,1780877040000,1780878420000,2.81e-06,2.82e-06,18.7575784099866,target,3246660045.0,12
PEPE,1780878720000,1780879020000,2.82e-06,2.83e-06,18.7032893914123,target,3245690133.0,12
PEPE,1780879320000,1780879800000,2.83e-06,2.84e-06,18.649024768740453,target,3244719403.0,12
PEPE,1780880280000,1780880340000,2.82e-06,2.83e-06,18.71027018763632,target,3246901551.0,12
PEPE,1780885200000,1780885260000,2.79e-06,2.8e-06,18.887449459593377,target,3252251306.0,12
PEPE,1780888620000,1780890480000,2.81e-06,2.8000000000000003e-06,-52.994493643408575,time,3249700668.0,12
PEPE,1780891080000,1780891320000,2.81e-06,2.82e-06,18.76521082836028,target,3247981104.0,12
PEPE,1780899960000,1780900020000,2.77e-06,2.78e-06,19.000608272448392,target,3254922188.0,12
PEPE,1780900320000,1780900380000,2.78e-06,2.79e-06,18.946148678849745,target,3253954260.0,12
PEPE,1780900920000,1780900980000,2.77e-06,2.78e-06,19.007809972848513,target,3256155884.0,12
PEPE,1780901760000,1780901820000,2.77e-06,2.78e-06,19.011417361048863,target,3256773852.0,12
PEPE,1780904820000,1780904880000,2.79e-06,2.8e-06,18.898884700047798,target,3254220353.0,12
PEPE,1780907940000,1780909800000,2.78e-06,2.77e-06,-52.884252663759696,time,3256419499.0,12
PEPE,1780910820000,1780910880000,2.79e-06,2.8e-06,18.89247420732343,target,3253116523.0,12
PEPE,1780911720000,1780911780000,2.78e-06,2.79e-06,18.954071139166516,target,3255314923.0,12
PEPE,1780912380000,1780912620000,2.79e-06,2.8e-06,18.89961301862226,target,3254345763.0,12
PEPE,1780913520000,1780913580000,2.79e-06,2.8e-06,18.903177958306077,target,3254959614.0,12
PEPE,1780914240000,1780914900000,2.79e-06,2.8e-06,18.906743571657657,target,3255573581.0,12
PEPE,1780915440000,1780915500000,2.79e-06,2.8e-06,18.910309858680645,target,3256187664.0,12
PEPE,1780917300000,1780917360000,2.8000000000000003e-06,2.81e-06,18.85584523131795,target,3255217131.0,12
PEPE,1780919100000,1780919460000,2.82e-06,2.83e-06,18.743475285800606,target,3252663824.0,12
PEPE,1780919940000,1780920000000,2.82e-06,2.83e-06,18.746978269213688,target,3253271717.0,12
PEPE,1780921920000,1780922580000,2.82e-06,2.83e-06,18.750481903786977,target,3253879723.0,12
PEPE,1780923720000,1780924020000,2.8400000000000003e-06,2.8500000000000002e-06,18.638230772082174,target,3251326781.0,12
PEPE,1780964520000,1780964700000,2.81e-06,2.77e-06,-150.6619480981492,stop,3256675452.0,12
PEPE,1780969140000,1780969200000,2.77e-06,2.78e-06,19.019305837486236,target,3258125197.0,12
PEPE,1780969860000,1780970040000,2.77e-06,2.78e-06,19.02291540307347,target,3258743538.0,12
PEPE,1780970520000,1780971060000,2.78e-06,2.79e-06,18.968391869040566,target,3257774473.0,12
PEPE,1780972020000,1780972200000,2.77e-06,2.78e-06,19.030125562011598,target,3259978683.0,12
PEPE,1780973820000,1780973940000,2.77e-06,2.78e-06,19.033737182399413,target,3260597376.0,12
PEPE,1780975620000,1780975680000,2.77e-06,2.78e-06,19.037349485774516,target,3261216186.0,12
PEPE,1780977480000,1780977600000,2.77e-06,2.78e-06,19.04096247797382,target,3261835114.0,12
PEPE,1780979280000,1780979640000,2.78e-06,2.79e-06,18.98638721360214,target,3260865129.0,12
PEPE,1780980240000,1780980360000,2.82e-06,2.83e-06,18.757745581137993,target,3255140231.0,12
PEPE,1780980720000,1780981020000,2.82e-06,2.83e-06,18.76125122682597,target,3255748586.0,12
PEPE,1780982820000,1780983000000,2.82e-06,2.83e-06,18.764757529437194,target,3256357055.0,12
PEPE,1780983540000,1780983660000,2.83e-06,2.84e-06,18.710314568413125,target,3255383135.0,12
PEPE,1780984020000,1780984080000,2.83e-06,2.84e-06,18.713800553608927,target,3255989657.0,12
PEPE,1780984740000,1780984800000,2.82e-06,2.83e-06,18.77525870606252,target,3258179385.0,12
PEPE,1780986600000,1780988460000,2.83e-06,2.81e-06,-85.78663458049783,time,3257204920.0,12
PEPE,1780989240000,1780989540000,2.81e-06,2.82e-06,18.820724098879932,target,3257589632.0,12
PEPE,1780990920000,1780991040000,2.81e-06,2.82e-06,18.824252389243306,target,3258200327.0,12
PEPE,1780991580000,1780991640000,2.81e-06,2.82e-06,18.82778133823803,target,3258811136.0,12
PEPE,1780992120000,1780992180000,2.81e-06,2.82e-06,18.831310951649208,target,3259422060.0,12
PEPE,1780994520000,1780994580000,2.8000000000000003e-06,2.81e-06,18.89293039187536,target,3261619403.0,12
PEPE,1780995540000,1780995720000,2.8000000000000003e-06,2.81e-06,18.89648314065716,target,3262232739.0,12
PEPE,1780996080000,1780996140000,2.79e-06,2.8e-06,18.958204154377334,target,3264434637.0,12
PEPE,1780997340000,1780999200000,2.8000000000000003e-06,2.77e-06,-118.31680193947325,time,3263461645.0,12
PEPE,1781051700000,1781051760000,2.7600000000000003e-06,2.77e-06,19.11413287981146,target,3265977425.0,12
PEPE,1781052120000,1781052180000,2.7600000000000003e-06,2.77e-06,19.11777153707958,target,3266599152.0,12
PEPE,1781053320000,1781055180000,2.78e-06,2.75e-06,-118.19082662573946,time,3264038294.0,12
PEPE,1781056320000,1781056560000,2.7600000000000003e-06,2.77e-06,19.09891151638464,target,3263376594.0,12
PEPE,1781060820000,1781062080000,2.74e-06,2.75e-06,19.219207497586495,target,3267183595.0,12
PEPE,1781062980000,1781063040000,2.73e-06,2.74e-06,19.281315244414685,target,3269404874.0,12
PEPE,1781063580000,1781063700000,2.73e-06,2.74e-06,19.285019363906482,target,3270032957.0,12
PEPE,1781064780000,1781064960000,2.73e-06,2.74e-06,19.28872420289362,target,3270661162.0,12
PEPE,1781065800000,1781065860000,2.73e-06,2.74e-06,19.292429749582222,target,3271289487.0,12
PEPE,1781066280000,1781066820000,2.7200000000000002e-06,2.73e-06,19.354664780822628,target,3273516242.0,12
PEPE,1781067180000,1781067300000,2.7200000000000002e-06,2.73e-06,19.358394273486905,target,3274147023.0,12
PEPE,1781069880000,1781070060000,2.7200000000000002e-06,2.73e-06,19.362124487474652,target,3274777926.0,12
PEPE,1781070420000,1781070660000,2.7200000000000002e-06,2.73e-06,19.36585541687507,target,3275408950.0,12
PEPE,1781071680000,1781071740000,2.7200000000000002e-06,2.73e-06,19.369587061686342,target,3276040095.0,12
PEPE,1781072280000,1781072340000,2.73e-06,2.74e-06,19.314734242019,target,3275071512.0,12
PEPE,1781074380000,1781074500000,2.73e-06,2.74e-06,19.318444789786096,target,3275700685.0,12
PEPE,1781077200000,1781077260000,2.7500000000000004e-06,2.7600000000000003e-06,19.205112172509235,target,3273133732.0,12
PEPE,1781077620000,1781078040000,2.7500000000000004e-06,2.7600000000000003e-06,19.208779307202626,target,3273758723.0,12
PEPE,1781078700000,1781079060000,2.74e-06,2.75e-06,19.270962856144532,target,3275981786.0,12
PEPE,1781083620000,1781083680000,2.7100000000000003e-06,2.7200000000000002e-06,19.450577798093406,target,3281413378.0,12
PEPE,1781084220000,1781084460000,2.7200000000000002e-06,2.73e-06,19.39562713659871,target,3280444336.0,12
PEPE,1781084940000,1781085060000,2.7100000000000003e-06,2.7200000000000002e-06,19.45808581262142,target,3282680019.0,12
PEPE,1781087220000,1781087340000,2.7100000000000003e-06,2.7200000000000002e-06,19.461846586127145,target,3283314481.0,12
PEPE,1781088420000,1781088540000,2.7200000000000002e-06,2.73e-06,19.406864091174363,target,3282344878.0,12
PEPE,1781137380000,1781138760000,2.7100000000000003e-06,2.7200000000000002e-06,19.4693589514396,target,3284581856.0,12
PEPE,1781139120000,1781139900000,2.7100000000000003e-06,2.7200000000000002e-06,19.473121900336636,target,3285216685.0,12
PEPE,1781142900000,1781142960000,2.73e-06,2.74e-06,19.359386921472137,target,3282642971.0,12
PEPE,1781143440000,1781143560000,2.73e-06,2.74e-06,19.363106044204862,target,3283273598.0,12
PEPE,1781143920000,1781144160000,2.73e-06,2.74e-06,19.366825880535078,target,3283904346.0,12
PEPE,1781147100000,1781147160000,2.7200000000000002e-06,2.73e-06,19.42930091121208,target,3286139689.0,12
PEPE,1781148240000,1781148360000,2.7100000000000003e-06,2.7200000000000002e-06,19.491868022157114,target,3288379253.0,12
PEPE,1781149320000,1781149380000,2.73e-06,2.74e-06,19.378023558144022,target,3285803062.0,12
PEPE,1781149920000,1781149980000,2.73e-06,2.74e-06,19.38174626065991,target,3286434296.0,12
PEPE,1781150640000,1781151660000,2.77e-06,2.78e-06,19.150843771926166,target,3280658462.0,12
PEPE,1781152620000,1781152740000,2.7600000000000003e-06,2.77e-06,19.213060104394643,target,3282880838.0,12
PEPE,1781153220000,1781153340000,2.77e-06,2.78e-06,19.158124640499878,target,3281905720.0,12
PEPE,1781153820000,1781155680000,2.78e-06,2.75e-06,-118.80246689928079,time,3280929768.0,12
PEPE,1781156220000,1781156280000,2.7600000000000003e-06,2.77e-06,19.197748823157553,target,3280264643.0,12
PEPE,1781156880000,1781158740000,2.77e-06,2.75e-06,-85.92560413815549,time,3279290302.0,12
PEPE,1781159400000,1781159460000,2.7600000000000003e-06,2.77e-06,19.185046188450084,target,3278094180.0,12
PEPE,1781159820000,1781159940000,2.7600000000000003e-06,2.77e-06,19.18869834743373,target,3278718214.0,12
PEPE,1781160840000,1781161020000,2.7500000000000004e-06,2.7600000000000003e-06,19.250926944433555,target,3280941959.0,12
PEPE,1781162220000,1781162400000,2.7500000000000004e-06,2.7600000000000003e-06,19.25460282756702,target,3281568441.0,12
PEPE,1781162820000,1781163000000,2.7600000000000003e-06,2.77e-06,19.199681295247466,target,3280594839.0,12
PEPE,1781164080000,1781164140000,2.7500000000000004e-06,2.7600000000000003e-06,19.261945510946603,target,3282819857.0,12
PEPE,1781165280000,1781165460000,2.7600000000000003e-06,2.77e-06,19.207003030258875,target,3281845883.0,12
PEPE,1781167020000,1781167080000,2.78e-06,2.79e-06,19.093567473364295,target,3279273074.0,12
PEPE,1781167620000,1781167680000,2.77e-06,2.78e-06,19.15570855178724,target,3281491829.0,12
PEPE,1781222760000,1781222880000,2.78e-06,2.79e-06,19.100804404177428,target,3280515999.0,12
PEPE,1781224320000,1781224380000,2.79e-06,2.8e-06,19.045924693819835,target,3279539336.0,12
PEPE,1781225760000,1781225820000,2.79e-06,2.8e-06,19.0495172365491,target,3280157940.0,12
PEPE,1781227620000,1781227800000,2.78e-06,2.79e-06,19.11162619001484,target,3282374614.0,12
PEPE,1781229660000,1781229720000,2.78e-06,2.79e-06,19.115242195413348,target,3282995654.0,12
PEPE,1781233800000,1781233860000,2.8000000000000003e-06,2.81e-06,19.001840090625766,target,3280421250.0,12
PEPE,1781235480000,1781235540000,2.8000000000000003e-06,2.81e-06,19.00541331589264,target,3281038121.0,12
PEPE,1781236080000,1781236200000,2.8000000000000003e-06,2.81e-06,19.008987218882215,target,3281655109.0,12
PEPE,1781237580000,1781237700000,2.8000000000000003e-06,2.81e-06,19.012561788009307,target,3282272212.0,12
PEPE,1781239320000,1781239680000,2.81e-06,2.82e-06,18.957669048003332,target,3281292782.0,12
PEPE,1781240580000,1781242440000,2.81e-06,2.8000000000000003e-06,-53.519713405399926,time,3281907920.0,12
PEPE,1781248020000,1781248080000,2.77e-06,2.78e-06,19.185323555261615,target,3286565063.0,12
PEPE,1781249220000,1781249280000,2.77e-06,2.78e-06,19.188964631674562,target,3287188802.0,12
PEPE,1781249940000,1781250060000,2.77e-06,2.78e-06,19.192606396911714,target,3287812659.0,12
PEPE,1781250480000,1781250540000,2.77e-06,2.78e-06,19.19624885097489,target,3288436634.0,12
PEPE,1781254020000,1781254260000,2.8000000000000003e-06,2.81e-06,19.024072800407772,target,3284259439.0,12
PEPE,1781254620000,1781254680000,2.81e-06,2.82e-06,18.969146825939223,target,3283279416.0,12
PEPE,1781255820000,1781255880000,2.81e-06,2.82e-06,18.972702934964342,target,3283894926.0,12
PEPE,1781258460000,1781258520000,2.82e-06,2.83e-06,18.917791296886193,target,3282913891.0,12
PEPE,1781260440000,1781260500000,2.82e-06,2.83e-06,18.921326855711502,target,3283527437.0,12
PEPE,1781261220000,1781261280000,2.82e-06,2.83e-06,18.924863071463697,target,3284141097.0,12
PEPE,1781263020000,1781263080000,2.83e-06,2.84e-06,18.869955593829207,target,3283158868.0,12
PEPE,1781263740000,1781263800000,2.82e-06,2.83e-06,18.931926571088013,target,3285366867.0,12
PEPE,1781264400000,1781264460000,2.81e-06,2.82e-06,18.99398781116006,target,3287579024.0,12
PEPE,1781308920000,1781308980000,2.8000000000000003e-06,2.81e-06,19.056139564874982,target,3289795350.0,12
PEPE,1781311380000,1781311620000,2.81e-06,2.82e-06,19.00112100153299,target,3288813674.0,12
PEPE,1781311920000,1781311980000,2.8000000000000003e-06,2.81e-06,19.063296094358538,target,3291030832.0,12
PEPE,1781312640000,1781312700000,2.81e-06,2.82e-06,19.008256872670266,target,3290048788.0,12
PEPE,1781313120000,1781313180000,2.82e-06,2.83e-06,18.953242329425542,target,3289065914.0,12
PEPE,1781313720000,1781313960000,2.82e-06,2.83e-06,18.956784515124692,target,3289680610.0,12
PEPE,1781314380000,1781314440000,2.82e-06,2.83e-06,18.960327357748913,target,3290295420.0,12
PEPE,1781314920000,1781314980000,2.82e-06,2.83e-06,18.963870863061242,target,3290910345.0,12
PEPE,1781315580000,1781315640000,2.83e-06,2.84e-06,18.908850208020695,target,3289926091.0,12
PEPE,1781316240000,1781316300000,2.83e-06,2.84e-06,18.91237318412713,target,3290539049.0,12
PEPE,1781319120000,1781319180000,2.82e-06,2.83e-06,18.974483469150098,target,3292752012.0,12
PEPE,1781319780000,1781319840000,2.82e-06,2.83e-06,18.978029619448193,target,3293367396.0,12
PEPE,1781320500000,1781322360000,2.82e-06,2.8000000000000003e-06,-86.6811599082384,time,3293982896.0,12
PEPE,1781322780000,1781322840000,2.81e-06,2.82e-06,19.023992032579386,target,3292772312.0,12
PEPE,1781323320000,1781323440000,2.81e-06,2.82e-06,19.027558425554915,target,3293389602.0,12
PEPE,1781324220000,1781324280000,2.8000000000000003e-06,2.81e-06,19.089820021369448,target,3295609844.0,12
PEPE,1781325000000,1781325120000,2.81e-06,2.82e-06,19.03470422243237,target,3294626434.0,12
PEPE,1781325600000,1781325720000,2.81e-06,2.82e-06,19.038272625979797,target,3295244072.0,12
PEPE,1781326980000,1781327040000,2.8000000000000003e-06,2.81e-06,19.10056928526159,target,3297465565.0,12
PEPE,1781328180000,1781328240000,2.8000000000000003e-06,2.81e-06,19.104161075489916,target,3298085641.0,12
PEPE,1781330220000,1781330460000,2.79e-06,2.8e-06,19.166560424243013,target,3300311739.0,12
PEPE,1781332920000,1781332980000,2.8000000000000003e-06,2.81e-06,19.111357747002142,target,3299328053.0,12
PEPE,1781334240000,1781334780000,2.81e-06,2.82e-06,19.05617976768454,target,3298343534.0,12
PEPE,1781335440000,1781335500000,2.81e-06,2.82e-06,19.059752192370297,target,3298961868.0,12
PEPE,1781395320000,1781395380000,2.8500000000000002e-06,2.86e-06,18.828720698359426,target,3293173712.0,12
PEPE,1781398860000,1781398920000,2.8400000000000003e-06,2.8500000000000002e-06,18.890783586354946,target,3295383094.0,12
PEPE,1781399820000,1781400060000,2.8500000000000002e-06,2.86e-06,18.835704887614035,target,3294395258.0,12
PEPE,1781401200000,1781401320000,2.8400000000000003e-06,2.8500000000000002e-06,18.89779079944903,target,3296605460.0,12
PEPE,1781402520000,1781402640000,2.8400000000000003e-06,2.8500000000000002e-06,18.90130081493146,target,3297217761.0,12
PEPE,1781403720000,1781403780000,2.8400000000000003e-06,2.8500000000000002e-06,18.904811489650783,target,3297830177.0,12
PEPE,1781405880000,1781405940000,2.8400000000000003e-06,2.8500000000000002e-06,18.90832281214547,target,3298442706.0,12
PEPE,1781406780000,1781406840000,2.8400000000000003e-06,2.8500000000000002e-06,18.91183479387523,target,3299055350.0,12
PEPE,1781408520000,1781408580000,2.8400000000000003e-06,2.8500000000000002e-06,18.91534741764504,target,3299668106.0,12
PEPE,1781409120000,1781409180000,2.8400000000000003e-06,2.8500000000000002e-06,18.918860700651745,target,3300280977.0,12
PEPE,1781409780000,1781409840000,2.8500000000000002e-06,2.86e-06,18.863700134660156,target,3299291672.0,12
PEPE,1781410920000,1781410980000,2.8500000000000002e-06,2.86e-06,18.867192961127486,target,3299902573.0,12
PEPE,1781412120000,1781413980000,2.8400000000000003e-06,2.82e-06,-87.04379014920042,time,3302116470.0,12
PEPE,1781416620000,1781416740000,2.82e-06,2.83e-06,19.030678648835377,target,3302503887.0,12
PEPE,1781417880000,1781418120000,2.83e-06,2.84e-06,18.975464164084507,target,3301516166.0,12
PEPE,1781419920000,1781419980000,2.82e-06,2.83e-06,19.03778164463731,target,3303736511.0,12
PEPE,1781420940000,1781421060000,2.82e-06,2.83e-06,19.041339625349682,target,3304353948.0,12
PEPE,1781421480000,1781421660000,2.82e-06,2.83e-06,19.04489827451139,target,3304971501.0,12
PEPE,1781422920000,1781422980000,2.82e-06,2.83e-06,19.04845758636303,target,3305589169.0,12
PEPE,1781424120000,1781424300000,2.82e-06,2.83e-06,19.052017566660364,target,3306206953.0,12
PEPE,1781424840000,1781424960000,2.82e-06,2.83e-06,19.05557820964945,target,3306824852.0,12
PEPE,1781425320000,1781425560000,2.83e-06,2.84e-06,19.000291478904103,target,3305835838.0,12
PEPE,1781425920000,1781425980000,2.83e-06,2.84e-06,19.003831490598813,target,3306451760.0,12
PEPE,1781426520000,1781426580000,2.83e-06,2.84e-06,19.00737216325875,target,3307067797.0,12
PEPE,1781481900000,1781481960000,2.91e-06,2.92e-06,18.54191788641915,target,3294876568.0,12
PEPE,1781482320000,1781482440000,2.92e-06,2.93e-06,18.486907460475276,target,3293881062.0,12
PEPE,1781482980000,1781483280000,2.92e-06,2.93e-06,18.49025627646285,target,3294477733.0,12
PEPE,1781487420000,1781487480000,2.88e-06,2.89e-06,18.727549241884475,target,3301463066.0,12
PEPE,1781488740000,1781488860000,2.8900000000000003e-06,2.9e-06,18.67240292621372,target,3300468922.0,12
PEPE,1781490000000,1781490060000,2.91e-06,2.92e-06,18.558802879401554,target,3297877011.0,12
PEPE,1781490480000,1781490600000,2.9e-06,2.91e-06,18.62066489866774,target,3300073531.0,12
PEPE,1781491020000,1781491080000,2.9e-06,2.91e-06,18.624059257392233,target,3300675101.0,12
PEPE,1781494440000,1781494500000,2.9e-06,2.91e-06,18.627454231149127,target,3301276780.0,12
PEPE,1781494920000,1781494980000,2.91e-06,2.92e-06,18.572328271767148,target,3300280457.0,12
PEPE,1781496120000,1781496180000,2.91e-06,2.92e-06,18.575703184810912,target,3300880175.0,12
PEPE,1781496780000,1781496900000,2.91e-06,2.92e-06,18.579078711252855,target,3301480002.0,12
PEPE,1781497560000,1781497620000,2.91e-06,2.92e-06,18.582454851094795,target,3302079938.0,12
PEPE,1781499720000,1781499840000,2.9e-06,2.91e-06,18.64439570762358,target,3304279257.0,12
PEPE,1781501520000,1781501640000,2.92e-06,2.93e-06,18.530701500511626,target,3301684009.0,12
PEPE,1781503680000,1781503740000,2.92e-06,2.93e-06,18.534058246960353,target,3302282093.0,12
PEPE,1781504880000,1781504940000,2.92e-06,2.93e-06,18.53741560517303,target,3302880286.0,12
PEPE,1781506320000,1781506380000,2.92e-06,2.93e-06,18.540773569538022,target,3303478587.0,12
PEPE,1781507340000,1781507460000,2.91e-06,2.92e-06,18.602692663557328,target,3305676173.0,12
PEPE,1781507880000,1781508300000,2.92e-06,2.93e-06,18.54750192994919,target,3304677404.0,12
PEPE,1781508720000,1781510580000,2.91e-06,2.9e-06,-54.67092396511015,time,3306875788.0,12
PEPE,1781511420000,1781511480000,2.91e-06,2.92e-06,18.599508843528653,target,3305110412.0,12
PEPE,1781512320000,1781512440000,2.9e-06,2.91e-06,18.661506549373104,target,3307311750.0,12
PEPE,1781514480000,1781514720000,2.9e-06,2.91e-06,18.664908356199017,target,3307914640.0,12
PEPE,1781568720000,1781568780000,2.95e-06,2.96e-06,18.375681171831445,target,3300526479.0,12
PEPE,1781569320000,1781569980000,2.95e-06,2.96e-06,18.378978367817126,target,3301118701.0,12
PEPE,1781571420000,1781571780000,2.95e-06,2.96e-06,18.382276148391178,target,3301711028.0,12
PEPE,1781572320000,1781572440000,2.95e-06,2.96e-06,18.385574524684586,target,3302303462.0,12
PEPE,1781573040000,1781573160000,2.95e-06,2.96e-06,18.388873496702818,target,3302896003.0,12
PEPE,1781573520000,1781573580000,2.95e-06,2.96e-06,18.392173053305775,target,3303488649.0,12
PEPE,1781574600000,1781574660000,2.95e-06,2.96e-06,18.39547320563537,target,3304081402.0,12
PEPE,1781575020000,1781576100000,2.95e-06,2.91e-06,-153.92346543830524,stop,3304674262.0,12
PEPE,1781579880000,1781580180000,2.92e-06,2.93e-06,18.54651977051128,target,3304502409.0,12
PEPE,1781580900000,1781581020000,2.9400000000000002e-06,2.95e-06,18.432891908584168,target,3301906298.0,12
PEPE,1781583240000,1781583360000,2.9400000000000002e-06,2.95e-06,18.436209878623032,target,3302500650.0,12
PEPE,1781587320000,1781587380000,2.9300000000000003e-06,2.9400000000000002e-06,18.498014953337933,target,3304692265.0,12
PEPE,1781589720000,1781589780000,2.9400000000000002e-06,2.95e-06,18.442858144863905,target,3303691562.0,12
PEPE,1781592780000,1781592900000,2.95e-06,2.96e-06,18.387726842239026,target,3302690048.0,12
PEPE,1781593320000,1781593920000,2.96e-06,2.97e-06,18.332621093060343,target,3301687725.0,12
PEPE,1781594940000,1781595060000,2.95e-06,2.96e-06,18.394315661141682,target,3303873491.0,12
PEPE,1781595480000,1781595540000,2.96e-06,2.97e-06,18.339190166971928,target,3302870809.0,12
PEPE,1781599620000,1781599680000,2.9700000000000004e-06,2.9800000000000003e-06,18.284090284500053,target,3301867320.0,12
PEPE,1781600280000,1781600340000,3e-06,3.01e-06,18.112516413192118,target,3297681641.0,12
PEPE,1781600940000,1781601000000,2.99e-06,3e-06,18.173946901855402,target,3299854181.0,12
PEPE,1781601660000,1781601780000,2.9800000000000003e-06,2.99e-06,18.235465054340583,target,3302030793.0,12
PEPE,1781605320000,1781607180000,2.99e-06,2.97e-06,-88.12912401465101,time,3301025340.0,12
PEPE,1781608020000,1781608080000,2.9700000000000004e-06,2.9800000000000003e-06,18.28135827581224,target,3301373955.0,12
PEPE,1781611440000,1781611680000,2.96e-06,2.97e-06,18.34299948180823,target,3303556863.0,12
PEPE,1781654580000,1781654640000,2.95e-06,2.96e-06,18.404728979520556,target,3305743867.0,12
PEPE,1781655720000,1781655900000,2.95e-06,2.96e-06,18.408031386686574,target,3306337025.0,12
PEPE,1781656980000,1781657100000,2.96e-06,2.97e-06,18.352864786238435,target,3305333595.0,12
PEPE,1781657640000,1781657700000,2.95e-06,2.96e-06,18.41462748231172,target,3307521775.0,12
PEPE,1781659020000,1781659500000,2.96e-06,2.97e-06,18.35944111171312,target,3306517985.0,12
PEPE,1781659920000,1781659980000,2.96e-06,2.97e-06,18.36272493239558,target,3307109398.0,12
PEPE,1781660700000,1781660760000,2.9700000000000004e-06,2.9800000000000003e-06,18.307554338786716,target,3306104621.0,12
PEPE,1781661720000,1781661840000,2.99e-06,3e-06,18.19405673952045,target,3303505536.0,12
PEPE,1781663580000,1781663940000,3.01e-06,2.97e-06,-154.19365616805067,stop,3300907812.0,12
PEPE,1781664420000,1781664480000,2.99e-06,3e-06,18.16996354190107,target,3299130920.0,12
PEPE,1781665800000,1781665920000,2.99e-06,3e-06,18.173182466365432,target,3299715382.0,12
PEPE,1781666520000,1781666640000,2.99e-06,3e-06,18.17640196360946,target,3300299948.0,12
PEPE,1781667720000,1781668380000,2.9800000000000003e-06,2.99e-06,18.237928426214037,target,3302476854.0,12
PEPE,1781669400000,1781669460000,2.9800000000000003e-06,2.99e-06,18.241169752661754,target,3303063785.0,12
PEPE,1781670480000,1781670720000,2.9800000000000003e-06,2.99e-06,18.24441165897247,target,3303650821.0,12
PEPE,1781672220000,1781673120000,2.99e-06,3e-06,18.18931664906142,target,3302644875.0,12
PEPE,1781673600000,1781673960000,2.9800000000000003e-06,2.99e-06,18.25088682888065,target,3304823328.0,12
PEPE,1781674380000,1781674500000,2.9800000000000003e-06,2.99e-06,18.25413045820775,target,3305410676.0,12
PEPE,1781675220000,1781677080000,2.99e-06,2.9800000000000003e-06,-55.22485509222219,time,3304404194.0,12
PEPE,1781677800000,1781678100000,2.9700000000000004e-06,2.9800000000000003e-06,18.305953353398333,target,3305815504.0,12
PEPE,1781679720000,1781679780000,2.96e-06,2.97e-06,18.36767748476923,target,3308001348.0,12
PEPE,1781680380000,1781680500000,2.9700000000000004e-06,2.9800000000000003e-06,18.31249201124904,target,3306996300.0,12
PEPE,1781682720000,1781682780000,2.96e-06,2.97e-06,18.374238196614833,target,3309182926.0,12
PEPE,1781683440000,1781685120000,2.96e-06,2.92e-06,-154.23550637899834,stop,3309774815.0,12
PEPE,1781741520000,1781742120000,2.96e-06,2.97e-06,18.349937697022757,target,3304806429.0,12
PEPE,1781742540000,1781742660000,2.95e-06,2.96e-06,18.411690542549053,target,3306994260.0,12
PEPE,1781743680000,1781743920000,2.95e-06,2.96e-06,18.414994196832428,target,3307587642.0,12
PEPE,1781745180000,1781747040000,2.96e-06,2.93e-06,-121.07056704529276,time,3306583833.0,12
PEPE,1781747880000,1781748300000,2.9400000000000002e-06,2.95e-06,18.455053657617505,target,3305876159.0,12
PEPE,1781751120000,1781751240000,2.9400000000000002e-06,2.95e-06,18.458375619144356,target,3306471226.0,12
PEPE,1781760540000,1781760840000,2.86e-06,2.87e-06,18.931743738230864,target,3319902453.0,12
PEPE,1781761380000,1781761440000,2.86e-06,2.87e-06,18.935238264447797,target,3320515259.0,12
PEPE,1781762520000,1781762700000,2.87e-06,2.88e-06,18.8797565319991,target,3319517632.0,12
PEPE,1781763720000,1781763780000,2.87e-06,2.88e-06,18.88323061056321,target,3320128459.0,12
PEPE,1781764320000,1781764380000,2.87e-06,2.88e-06,18.886705331811786,target,3320739399.0,12
PEPE,1781764920000,1781765040000,2.88e-06,2.89e-06,18.831228423031984,target,3319740577.0,12
PEPE,1781765760000,1781765880000,2.88e-06,2.89e-06,18.834682759977884,target,3320349539.0,12
PEPE,1781766660000,1781766720000,2.87e-06,2.88e-06,18.897111631125117,target,3322569078.0,12
PEPE,1781767080000,1781767140000,2.88e-06,2.89e-06,18.84160415728411,target,3321569706.0,12
PEPE,1781770380000,1781770440000,2.9e-06,2.91e-06,18.727240658723716,target,3318961570.0,12
PEPE,1781771160000,1781771220000,2.9e-06,2.91e-06,18.730654444578533,target,3319566583.0,12
PEPE,1781771700000,1781772000000,2.91e-06,2.92e-06,18.67522307434855,target,3318564740.0,12
PEPE,1781775000000,1781775060000,2.9e-06,2.91e-06,18.737473157556323,target,3320775039.0,12
PEPE,1781777220000,1781779080000,2.9e-06,2.87e-06,-121.16395633536058,time,3321380382.0,12
PEPE,1781781540000,1781781720000,2.88e-06,2.89e-06,18.83656849751261,target,3320681974.0,12
PEPE,1781783820000,1781784780000,2.87e-06,2.88e-06,18.899003617810653,target,3322901735.0,12
PEPE,1781785980000,1781786100000,2.88e-06,2.89e-06,18.843490586866718,target,3321902263.0,12
PEPE,1781786520000,1781786580000,2.88e-06,2.89e-06,18.84694717012241,target,3322511621.0,12
PEPE,1781827920000,1781827980000,2.8400000000000003e-06,2.8500000000000002e-06,18.573708314510416,target,3240071228.0,13
PEPE,1781829300000,1781829420000,2.8500000000000002e-06,2.86e-06,18.51955408990854,target,3239099972.0,13
PEPE,1781830320000,1781830380000,2.8500000000000002e-06,2.86e-06,18.522983189121888,target,3239699727.0,13
PEPE,1781831220000,1781831280000,2.86e-06,2.87e-06,18.468843460402113,target,3238727481.0,13
PEPE,1781832600000,1781833080000,2.8500000000000002e-06,2.86e-06,18.52983263977146,target,3240897707.0,13
PEPE,1781834220000,1781834280000,2.86e-06,2.87e-06,18.475672888451097,target,3239925101.0,13
PEPE,1781835480000,1781835540000,2.8500000000000002e-06,2.86e-06,18.53668462327528,target,3242096130.0,13
PEPE,1781838120000,1781838180000,2.8500000000000002e-06,2.86e-06,18.540116895698922,target,3242696440.0,13
PEPE,1781838720000,1781838960000,2.8500000000000002e-06,2.81e-06,-150.33491774950213,stop,3243296861.0,13
PEPE,1781842860000,1781842920000,2.81e-06,2.82e-06,18.74641816345143,target,3244728371.0,13
PEPE,1781846820000,1781846880000,2.79e-06,2.8e-06,18.865643423748956,target,3248496500.0,13
PEPE,1781850000000,1781850120000,2.8000000000000003e-06,2.81e-06,18.811307434465117,target,3247528258.0,13
PEPE,1781850420000,1781850660000,2.81e-06,2.82e-06,18.75699575489152,target,3246559196.0,13
PEPE,1781851080000,1781851320000,2.8000000000000003e-06,2.81e-06,18.81837201959583,target,3248747867.0,13
PEPE,1781853120000,1781853180000,2.79e-06,2.8e-06,18.879837900373666,target,3250940663.0,13
PEPE,1781853720000,1781853780000,2.79e-06,2.8e-06,18.88339911744719,target,3251553873.0,13
PEPE,1781856120000,1781856240000,2.78e-06,2.79e-06,18.9449664609828,target,3253751217.0,13
PEPE,1781857320000,1781857380000,2.79e-06,2.8e-06,18.890534496513375,target,3252782522.0,13
PEPE,1781859120000,1781859180000,2.79e-06,2.8e-06,18.894097728791927,target,3253396079.0,13
PEPE,1781859720000,1781860080000,2.79e-06,2.8e-06,18.89766162893269,target,3254009751.0,13
PEPE,1781863620000,1781863800000,2.78e-06,2.79e-06,18.95927547598781,target,3256208755.0,13
PEPE,1781865600000,1781865660000,2.78e-06,2.79e-06,18.96286265418878,target,3256824844.0,13
PEPE,1781866080000,1781866140000,2.78e-06,2.79e-06,18.9664505136246,target,3257441050.0,13
PEPE,1781867460000,1781867520000,2.78e-06,2.79e-06,18.970039048471303,target,3258057372.0,13
PEPE,1781914500000,1781914560000,2.82e-06,2.83e-06,18.741594284787183,target,3252337403.0,13
PEPE,1781914980000,1781915100000,2.82e-06,2.83e-06,18.74509691092615,target,3252945234.0,13
PEPE,1781915580000,1781915640000,2.83e-06,2.84e-06,18.69071099541162,target,3251972335.0,13
PEPE,1781916840000,1781917080000,2.83e-06,2.84e-06,18.694193330945268,target,3252578222.0,13
PEPE,1781917980000,1781918100000,2.82e-06,2.83e-06,18.75558708693719,target,3254765655.0,13
PEPE,1781918640000,1781919540000,2.83e-06,2.84e-06,18.701170732723547,target,3253792211.0,13
PEPE,1781922420000,1781922540000,2.81e-06,2.82e-06,18.820576142882413,target,3257564023.0,13
PEPE,1781923620000,1781923680000,2.81e-06,2.82e-06,18.82410440435669,target,3258174713.0,13
PEPE,1781924280000,1781924340000,2.81e-06,2.82e-06,18.827633324467776,target,3258785517.0,13
PEPE,1781925720000,1781925900000,2.82e-06,2.83e-06,18.77314154627547,target,3257811982.0,13
PEPE,1781926320000,1781926380000,2.82e-06,2.83e-06,18.77665007321397,target,3258420837.0,13
PEPE,1781926980000,1781927100000,2.82e-06,2.83e-06,18.780159251314494,target,3259029805.0,13
PEPE,1781927940000,1781928060000,2.82e-06,2.83e-06,18.78366908633645,target,3259638887.0,13
PEPE,1781928420000,1781928480000,2.82e-06,2.83e-06,18.78717957828893,target,3260248083.0,13
PEPE,1781929200000,1781929320000,2.82e-06,2.83e-06,18.790690727161024,target,3260857393.0,13
PEPE,1781930820000,1781930880000,2.82e-06,2.83e-06,18.79420253296364,target,3261466817.0,13
PEPE,1781931660000,1781931720000,2.83e-06,2.84e-06,18.739674143327438,target,3260491369.0,13
PEPE,1781932620000,1781932680000,2.8500000000000002e-06,2.86e-06,18.627231344313845,target,3257932898.0,13
PEPE,1781933220000,1781933280000,2.8400000000000003e-06,2.8500000000000002e-06,18.688630086600927,target,3260118637.0,13
PEPE,1781934060000,1781934180000,2.8400000000000003e-06,2.8500000000000002e-06,18.692101258662753,target,3260724162.0,13
PEPE,1781935920000,1781935980000,2.8400000000000003e-06,2.8500000000000002e-06,18.695573078499944,target,3261329800.0,13
PEPE,1781936580000,1781936640000,2.8500000000000002e-06,2.86e-06,18.641063537692304,target,3260352171.0,13
PEPE,1781937240000,1781937360000,2.8500000000000002e-06,2.86e-06,18.644515135267973,target,3260955861.0,13
PEPE,1781937720000,1781937780000,2.8500000000000002e-06,2.86e-06,18.64796737892022,target,3261559664.0,13
PEPE,1782000120000,1782000180000,2.83e-06,2.84e-06,18.767505061414223,target,3265333634.0,13
PEPE,1782001440000,1782001500000,2.83e-06,2.84e-06,18.77100170247305,target,3265942010.0,13
PEPE,1782002040000,1782002100000,2.83e-06,2.84e-06,18.77449899300239,target,3266550499.0,13
PEPE,1782004140000,1782004320000,2.83e-06,2.84e-06,18.777996938745055,target,3267159102.0,13
PEPE,1782004620000,1782004740000,2.83e-06,2.84e-06,18.781495533954597,target,3267767818.0,13
PEPE,1782006600000,1782006660000,2.83e-06,2.84e-06,18.784994778631013,target,3268376647.0,13
PEPE,1782007260000,1782007380000,2.83e-06,2.84e-06,18.788494678522575,target,3268985590.0,13
PEPE,1782008220000,1782008400000,2.83e-06,2.84e-06,18.7919952336311,target,3269594647.0,13
PEPE,1782008820000,1782008940000,2.83e-06,2.84e-06,18.795496438208318,target,3270203817.0,13
PEPE,1782009420000,1782009600000,2.83e-06,2.84e-06,18.798998292248772,target,3270813100.0,13
PEPE,1782010620000,1782010680000,2.83e-06,2.84e-06,18.80250080150619,target,3271422497.0,13
PEPE,1782011820000,1782012000000,2.8400000000000003e-06,2.8500000000000002e-06,18.747814251001543,target,3270442957.0,13
PEPE,1782014820000,1782014880000,2.83e-06,2.84e-06,18.809496934386,target,3272639745.0,13
PEPE,1782016320000,1782016440000,2.83e-06,2.84e-06,18.813001397794135,target,3273249482.0,13
PEPE,1782021720000,1782021780000,2.81e-06,2.82e-06,18.9331208375964,target,3277043849.0,13
PEPE,1782025080000,1782025500000,2.82e-06,2.83e-06,18.878323755748788,target,3276064860.0,13
PEPE,1782026160000,1782026340000,2.82e-06,2.83e-06,18.881851938573778,target,3276677126.0,13
PEPE,1782027780000,1782027840000,2.83e-06,2.84e-06,18.827069248926914,target,3275697129.0,13
PEPE,1782028320000,1782028440000,2.82e-06,2.83e-06,18.888899383875213,target,3277900110.0,13
PEPE,1782029820000,1782030000000,2.82e-06,2.83e-06,18.892429537475408,target,3278512718.0,13
PEPE,1782030720000,1782031020000,2.82e-06,2.83e-06,18.895960359523116,target,3279125442.0,13
PEPE,1782032520000,1782032640000,2.82e-06,2.83e-06,18.89949183849953,target,3279738280.0,13
PEPE,1782036120000,1782036360000,2.8400000000000003e-06,2.8500000000000002e-06,18.786348649123894,target,3277165050.0,13
PEPE,1782036840000,1782036960000,2.8400000000000003e-06,2.8500000000000002e-06,18.789837970282896,target,3277773741.0,13
PEPE,1782086520000,1782086640000,2.79e-06,2.8e-06,19.08555078207741,target,3286362597.0,13
PEPE,1782088980000,1782089040000,2.82e-06,2.83e-06,18.913613518961412,target,3282188897.0,13
PEPE,1782092040000,1782092160000,2.8500000000000002e-06,2.86e-06,18.742089561455046,target,3278021786.0,13
PEPE,1782096720000,1782096840000,2.83e-06,2.84e-06,18.862230585989444,target,3281814804.0,13
PEPE,1782098580000,1782098700000,2.83e-06,2.84e-06,18.865744877621093,target,3282426251.0,13
PEPE,1782099960000,1782100080000,2.82e-06,2.83e-06,18.92770202471097,target,3284633757.0,13
PEPE,1782102060000,1782102120000,2.82e-06,2.83e-06,18.931239433298494,target,3285247624.0,13
PEPE,1782102840000,1782102900000,2.82e-06,2.83e-06,18.93477750457413,target,3285861606.0,13
PEPE,1782103320000,1782103440000,2.82e-06,2.83e-06,18.938316238537876,target,3286475703.0,13
PEPE,1782103920000,1782104100000,2.82e-06,2.83e-06,18.941855635187917,target,3287089915.0,13
PEPE,1782104580000,1782104820000,2.83e-06,2.84e-06,18.886898850241646,target,3286106803.0,13
PEPE,1782107760000,1782107820000,2.82e-06,2.83e-06,18.94892547356302,target,3288316785.0,13
PEPE,1782108180000,1782108240000,2.83e-06,2.84e-06,18.893948181982672,target,3287333307.0,13
PEPE,1782109020000,1782109080000,2.83e-06,2.84e-06,18.897468376297063,target,3287945781.0,13
PEPE,1782110520000,1782110580000,2.82e-06,2.83e-06,18.959529712499087,target,3290157000.0,13
PEPE,1782111720000,1782111840000,2.82e-06,2.83e-06,18.963073067986848,target,3290771899.0,13
PEPE,1782114720000,1782114840000,2.8400000000000003e-06,2.8500000000000002e-06,18.849549249521452,target,3288190013.0,13
PEPE,1782115320000,1782115380000,2.8400000000000003e-06,2.8500000000000002e-06,18.8530503108386,target,3288800752.0,13
PEPE,1782115920000,1782116100000,2.8400000000000003e-06,2.8500000000000002e-06,18.856552019929296,target,3289411604.0,13
PEPE,1782116520000,1782116640000,2.8400000000000003e-06,2.8500000000000002e-06,18.860054382523394,target,3290022570.0,13
PEPE,1782118800000,1782118980000,2.8400000000000003e-06,2.8500000000000002e-06,18.863557392891035,target,3290633649.0,13
PEPE,1782119580000,1782119640000,2.8400000000000003e-06,2.8500000000000002e-06,18.867061056765714,target,3291244842.0,13
PEPE,1782120180000,1782120540000,2.8400000000000003e-06,2.8500000000000002e-06,18.870565368410304,target,3291856148.0,13
PEPE,1782121020000,1782121080000,2.83e-06,2.84e-06,18.93265192170072,target,3294067320.0,13
PEPE,1782173160000,1782173280000,2.8000000000000003e-06,2.81e-06,19.112298964533267,target,3299490542.0,13
PEPE,1782174120000,1782174180000,2.8000000000000003e-06,2.81e-06,19.115892967498333,target,3300111000.0,13
PEPE,1782175080000,1782175140000,2.8000000000000003e-06,2.81e-06,19.11948764239351,target,3300731574.0,13
PEPE,1782175620000,1782175860000,2.81e-06,2.82e-06,19.06428618371282,target,3299746635.0,13
PEPE,1782179100000,1782180120000,2.81e-06,2.82e-06,19.0678601336555,target,3300365233.0,13
PEPE,1782180660000,1782180840000,2.8000000000000003e-06,2.81e-06,19.13025360606425,target,3302590178.0,13
PEPE,1782181320000,1782182160000,2.81e-06,2.82e-06,19.075021067587627,target,3301604685.0,13
PEPE,1782182520000,1782182580000,2.8000000000000003e-06,2.81e-06,19.13743797430474,target,3303830466.0,13
PEPE,1782183120000,1782183240000,2.81e-06,2.82e-06,19.08218468805464,target,3302844602.0,13
PEPE,1782183780000,1782184320000,2.8000000000000003e-06,2.81e-06,19.144625036056432,target,3305071219.0,13
PEPE,1782185220000,1782185280000,2.8000000000000003e-06,2.81e-06,19.14822511535545,target,3305692726.0,13
PEPE,1782185940000,1782186060000,2.8000000000000003e-06,2.81e-06,19.151825866580943,target,3306314349.0,13
PEPE,1782186480000,1782186540000,2.8000000000000003e-06,2.81e-06,19.15542730132355,target,3306936090.0,13
PEPE,1782188280000,1782188820000,2.81e-06,2.82e-06,19.100122080748353,target,3305949300.0,13
PEPE,1782189300000,1782189420000,2.8000000000000003e-06,2.81e-06,19.1626211229245,target,3308178010.0,13
PEPE,1782192120000,1782193980000,2.79e-06,2.77e-06,-86.89001059645106,time,3310410919.0,13
PEPE,1782194820000,1782194940000,2.78e-06,2.74e-06,-152.8684838832953,stop,3309199781.0,13
PEPE,1782199440000,1782199500000,2.74e-06,2.75e-06,19.47508885328446,target,3310682338.0,13
PEPE,1782199920000,1782200100000,2.73e-06,2.74e-06,19.5380234880236,target,3312933190.0,13
PEPE,1782200520000,1782200580000,2.74e-06,2.75e-06,19.482560928316687,target,3311952559.0,13
PEPE,1782201120000,1782202560000,2.74e-06,2.7e-06,-152.72681851734316,stop,3312586889.0,13
PEPE,1782207180000,1782207420000,2.7e-06,2.71e-06,19.69394173951565,target,3314083591.0,13
PEPE,1782208080000,1782208140000,2.69e-06,2.7e-06,19.757141154661717,target,3316347655.0,13
PEPE,1782210420000,1782210660000,2.7e-06,2.71e-06,19.701589701361726,target,3315370585.0,13
PEPE,1782260040000,1782260100000,2.69e-06,2.7e-06,19.764813658058014,target,3317635528.0,13
PEPE,1782260700000,1782260760000,2.69e-06,2.7e-06,19.768656799606774,target,3318280621.0,13
PEPE,1782261960000,1782262020000,2.7e-06,2.71e-06,19.7130729645918,target,3317302981.0,13
PEPE,1782262560000,1782262680000,2.7e-06,2.71e-06,19.7168945269174,target,3317946071.0,13
PEPE,1782263220000,1782263280000,2.7e-06,2.71e-06,19.72071683205472,target,3318589286.0,13
PEPE,1782263820000,1782264300000,2.7e-06,2.71e-06,19.724539874061577,target,3319232625.0,13
PEPE,1782265320000,1782265440000,2.7100000000000003e-06,2.7200000000000002e-06,19.66894797690028,target,3318253560.0,13
PEPE,1782266520000,1782266580000,2.7e-06,2.71e-06,19.732176669950483,target,3320517740.0,13
PEPE,1782269520000,1782269580000,2.69e-06,2.7e-06,19.795498780541962,target,3322786199.0,13
PEPE,1782270540000,1782270660000,2.68e-06,2.69e-06,19.85891456095768,target,3325058947.0,13
PEPE,1782271020000,1782271860000,2.68e-06,2.69e-06,19.862787619703596,target,3325707429.0,13
PEPE,1782273420000,1782273480000,2.68e-06,2.69e-06,19.866661430981516,target,3326356037.0,13
PEPE,1782279720000,1782279780000,2.68e-06,2.69e-06,19.870536000768624,target,3327004772.0,13
PEPE,1782280440000,1782280500000,2.6700000000000003e-06,2.68e-06,19.93408286062333,target,3329283150.0,13
PEPE,1782282540000,1782282720000,2.6700000000000003e-06,2.68e-06,19.93798224993699,target,3329934405.0,13
PEPE,1782283680000,1782283800000,2.6700000000000003e-06,2.68e-06,19.941882405648347,target,3330585788.0,13
PEPE,1782287040000,1782287100000,2.66e-06,2.67e-06,20.0055483814185,target,3332869368.0,13
PEPE,1782287880000,1782288000000,2.66e-06,2.67e-06,20.00947348219657,target,3333523279.0,13
PEPE,1782288480000,1782288540000,2.66e-06,2.67e-06,20.013399345291482,target,3334177317.0,13
PEPE,1782289020000,1782289080000,2.66e-06,2.67e-06,20.017325982709433,target,3334831484.0,13
PEPE,1782289680000,1782290040000,2.66e-06,2.67e-06,20.02125338844733,target,3335485779.0,13
PEPE,1782290520000,1782290640000,2.66e-06,2.67e-06,20.025181568506447,target,3336140203.0,13
PEPE,1782291480000,1782291540000,2.66e-06,2.67e-06,20.029110516887325,target,3336794755.0,13
PEPE,1782292320000,1782292380000,2.66e-06,2.67e-06,20.033040233588146,target,3337449435.0,13
PEPE,1782345720000,1782345900000,2.5300000000000003e-06,2.5400000000000002e-06,20.820508538257826,target,3359501176.0,13
PEPE,1782346440000,1782346500000,2.5300000000000003e-06,2.5400000000000002e-06,20.82475327418147,target,3360186087.0,13
PEPE,1782346980000,1782347040000,2.5300000000000003e-06,2.5400000000000002e-06,20.828998871557634,target,3360871137.0,13
PEPE,1782347580000,1782349260000,2.5300000000000003e-06,2.5400000000000002e-06,20.8332453365815,target,3361556327.0,13
PEPE,1782350400000,1782350460000,2.52e-06,2.53e-06,20.898230576475108,target,3363900294.0,13
PEPE,1782350940000,1782351000000,2.52e-06,2.53e-06,20.902503571250623,target,3364588100.0,13
PEPE,1782351480000,1782351600000,2.52e-06,2.53e-06,20.906777441986993,target,3365276047.0,13
PEPE,1782352740000,1782352800000,2.52e-06,2.53e-06,20.911052188686035,target,3365964135.0,13
PEPE,1782353400000,1782353460000,2.52e-06,2.53e-06,20.915327811347755,target,3366652364.0,13
PEPE,1782354480000,1782354600000,2.52e-06,2.53e-06,20.919604303762192,target,3367340733.0,13
PEPE,1782355260000,1782356520000,2.52e-06,2.53e-06,20.92388167213566,target,3368029243.0,13
PEPE,1782357120000,1782357180000,2.51e-06,2.52e-06,20.98904485021367,target,3370380546.0,13
PEPE,1782358080000,1782358140000,2.51e-06,2.52e-06,20.993348899655018,target,3371071682.0,13
PEPE,1782358800000,1782358860000,2.51e-06,2.52e-06,20.99765383339993,target,3371762960.0,13
PEPE,1782359400000,1782359700000,2.51e-06,2.52e-06,21.001959651448402,target,3372454380.0,13
PEPE,1782360180000,1782360300000,2.51e-06,2.52e-06,21.006266353804072,target,3373145942.0,13
PEPE,1782360780000,1782360900000,2.51e-06,2.52e-06,21.010573934238572,target,3373837645.0,13
PEPE,1782361380000,1782361440000,2.51e-06,2.52e-06,21.01488240520319,target,3374529491.0,13
PEPE,1782362100000,1782362220000,2.51e-06,2.52e-06,21.019191754244815,target,3375221478.0,13
PEPE,1782363840000,1782363900000,2.5400000000000002e-06,2.55e-06,20.840727657626893,target,3370922387.0,13
PEPE,1782364320000,1782364380000,2.55e-06,2.56e-06,20.78414704318891,target,3369946825.0,13
PEPE,1782366180000,1782367860000,2.55e-06,2.56e-06,20.788359698554842,target,3370629866.0,13
PEPE,1782368280000,1782368340000,2.55e-06,2.56e-06,20.792573205036284,target,3371313045.0,13
PEPE,1782369240000,1782369600000,2.5400000000000002e-06,2.55e-06,20.857641654571722,target,3373658173.0,13
PEPE,1782432120000,1782432180000,2.3600000000000003e-06,2.37e-06,21.96782839984288,target,3404545277.0,13
PEPE,1782433620000,1782433740000,2.35e-06,2.36e-06,22.034566257891797,target,3406968111.0,13
PEPE,1782434520000,1782434580000,2.35e-06,2.36e-06,22.039296199342115,target,3407699451.0,13
PEPE,1782437040000,1782438900000,2.34e-06,2.33e-06,-52.004443368498904,time,3410127434.0,13
PEPE,1782439380000,1782439440000,2.33e-06,2.34e-06,22.157110689409578,target,3410097836.0,13
PEPE,1782443820000,1782443940000,2.3e-06,2.31e-06,22.348769026319406,target,3415937184.0,13
PEPE,1782445020000,1782445140000,2.3e-06,2.31e-06,22.353634140542507,target,3416680801.0,13
PEPE,1782448020000,1782448080000,2.34e-06,2.35e-06,22.109348862777153,target,3410620727.0,13
PEPE,1782448680000,1782448740000,2.33e-06,2.34e-06,22.176316422246337,target,3413053701.0,13
PEPE,1782450420000,1782450540000,2.33e-06,2.34e-06,22.181103630804863,target,3413790478.0,13
PEPE,1782451020000,1782452220000,2.34e-06,2.35e-06,22.123656816372794,target,3412827893.0,13
PEPE,1782452520000,1782454380000,2.34e-06,2.3200000000000002e-06,-86.14125105018944,time,3413562554.0,13
PEPE,1782455340000,1782455580000,2.34e-06,2.35e-06,22.109876084501554,target,3410702057.0,13
PEPE,1782456120000,1782456180000,2.35e-06,2.36e-06,22.052487771534246,target,3409739122.0,13
PEPE,1782456900000,1782457020000,2.3600000000000003e-06,2.37e-06,21.99512224900401,target,3408775242.0,13
PEPE,1782459780000,1782459840000,2.38e-06,2.39e-06,21.875790350224484,target,3406117610.0,13
PEPE,1782460320000,1782460440000,2.37e-06,2.38e-06,21.942448987186502,target,3408535765.0,13
PEPE,1782462900000,1782463080000,2.3600000000000003e-06,2.37e-06,22.009209959992255,target,3410958537.0,13
PEPE,1782463680000,1782463800000,2.35e-06,2.36e-06,22.076073534611655,target,3413385935.0,13
PEPE,1782464820000,1782464880000,2.35e-06,2.36e-06,22.080812375342486,target,3414118651.0,13
PEPE,1782466200000,1782466260000,2.35e-06,2.36e-06,22.085552237937453,target,3414851525.0,13
PEPE,1782467340000,1782469200000,2.35e-06,2.33e-06,-86.26912694842648,time,3415584557.0,13
PEPE,1782472020000,1782472080000,2.33e-06,2.34e-06,22.196240837062337,target,3416120175.0,13
PEPE,1782472980000,1782473040000,2.3200000000000002e-06,2.33e-06,22.263371934874737,target,3418559990.0,13
PEPE,1782518580000,1782518640000,2.38e-06,2.39e-06,21.895002135036712,target,3409108935.0,13
PEPE,1782520320000,1782520800000,2.38e-06,2.39e-06,21.899662455177246,target,3409834559.0,13
PEPE,1782522420000,1782522480000,2.38e-06,2.39e-06,21.90432377080395,target,3410560338.0,13
PEPE,1782523740000,1782524100000,2.38e-06,2.39e-06,21.908986075497268,target,3411286271.0,13
PEPE,1782525840000,1782525960000,2.39e-06,2.4e-06,21.851614532879374,target,3410318304.0,13
PEPE,1782526320000,1782526440000,2.4000000000000003e-06,2.4100000000000002e-06,21.794266033106474,target,3409349399.0,13
PEPE,1782529320000,1782530460000,2.42e-06,2.43e-06,21.675064005200305,target,3406689824.0,13
PEPE,1782530820000,1782531000000,2.42e-06,2.43e-06,21.679625351438535,target,3407406735.0,13
PEPE,1782531600000,1782531720000,2.4100000000000002e-06,2.42e-06,21.746090315598934,target,3409814240.0,13
PEPE,1782533280000,1782533340000,2.4100000000000002e-06,2.42e-06,21.750679673017085,target,3410533857.0,13
PEPE,1782533880000,1782534120000,2.42e-06,2.43e-06,21.6933411962867,target,3409562467.0,13
PEPE,1782535920000,1782535980000,2.4100000000000002e-06,2.42e-06,21.75984821574158,target,3411971496.0,13
PEPE,1782538320000,1782538380000,2.4000000000000003e-06,2.4100000000000002e-06,21.826456866815175,target,3414385118.0,13
PEPE,1782540840000,1782540960000,2.4100000000000002e-06,2.42e-06,21.769046790109854,target,3413413844.0,13
PEPE,1782541980000,1782542100000,2.42e-06,2.43e-06,21.711659896324612,target,3412441634.0,13
PEPE,1782542580000,1782542640000,2.42e-06,2.43e-06,21.71622893482451,target,3413159754.0,13
PEPE,1782543180000,1782543300000,2.42e-06,2.43e-06,21.720798940425357,target,3413878026.0,13
PEPE,1782544020000,1782544080000,2.42e-06,2.43e-06,21.725369913123508,target,3414596450.0,13
PEPE,1782544980000,1782545040000,2.42e-06,2.43e-06,21.729941840199885,target,3415315024.0,13
PEPE,1782546120000,1782546360000,2.42e-06,2.43e-06,21.734514728010392,target,3416033749.0,13
PEPE,1782547020000,1782547080000,2.42e-06,2.43e-06,21.739088582925483,target,3416752626.0,13
PEPE,1782548220000,1782548280000,2.42e-06,2.43e-06,21.743663398574697,target,3417471654.0,13
PEPE,1782549000000,1782549180000,2.42e-06,2.43e-06,21.74823918132486,target,3418190834.0,13
PEPE,1782549960000,1782550080000,2.4100000000000002e-06,2.42e-06,21.814914503522797,target,3420605959.0,13
PEPE,1782605580000,1782605640000,2.37e-06,2.38e-06,22.068582510374547,target,3428129322.0,13
PEPE,1782606120000,1782606180000,2.37e-06,2.38e-06,22.073293086625142,target,3428861062.0,13
PEPE,1782607320000,1782607500000,2.37e-06,2.38e-06,22.078004667124702,target,3429592958.0,13
PEPE,1782608040000,1782608160000,2.37e-06,2.38e-06,22.08271725831211,target,3430325011.0,13
PEPE,1782610920000,1782611040000,2.37e-06,2.38e-06,22.08743084731143,target,3431057219.0,13
PEPE,1782611520000,1782611580000,2.37e-06,2.38e-06,22.092145447000423,target,3431789584.0,13
PEPE,1782613320000,1782613380000,2.37e-06,2.38e-06,22.09686105737544,target,3432522106.0,13
PEPE,1782613980000,1782614160000,2.37e-06,2.38e-06,22.101577665561457,target,3433254783.0,13
PEPE,1782614520000,1782614640000,2.37e-06,2.38e-06,22.106295284437145,target,3433987617.0,13
PEPE,1782617280000,1782617520000,2.38e-06,2.39e-06,22.048535195941163,target,3433014433.0,13
PEPE,1782618000000,1782618060000,2.37e-06,2.38e-06,22.115720209312432,target,3435451683.0,13
PEPE,1782618480000,1782618600000,2.37e-06,2.38e-06,22.120440847373906,target,3436184986.0,13
PEPE,1782619380000,1782619440000,2.38e-06,2.39e-06,22.062643797126626,target,3435211179.0,13
PEPE,1782622320000,1782622380000,2.38e-06,2.39e-06,22.067339794255055,target,3435942358.0,13
PEPE,1782622920000,1782624780000,2.38e-06,2.37e-06,-52.71857446595954,time,3436673694.0,13
PEPE,1782625680000,1782625740000,2.37e-06,2.38e-06,22.123329244187083,target,3436633669.0,13
PEPE,1782626880000,1782626940000,2.37e-06,2.38e-06,22.12805151093745,target,3437367225.0,13
PEPE,1782627840000,1782627960000,2.3600000000000003e-06,2.37e-06,22.19537718027151,target,3439810489.0,13
PEPE,1782628980000,1782629460000,2.3600000000000003e-06,2.37e-06,22.200128226999105,target,3440546800.0,13
PEPE,1782631440000,1782631500000,2.37e-06,2.38e-06,22.142251071624642,target,3439572982.0,13
PEPE,1782632700000,1782632760000,2.38e-06,2.39e-06,22.084397035835988,target,3438598215.0,13
PEPE,1782633120000,1782633180000,2.38e-06,2.39e-06,22.08909766358669,target,3439330115.0,13
PEPE,1782633900000,1782633960000,2.38e-06,2.39e-06,22.09379929966994,target,3440062172.0,13
PEPE,1782634680000,1782634740000,2.38e-06,2.39e-06,22.098501931238452,target,3440794384.0,13
PEPE,1782691320000,1782691380000,2.34e-06,2.35e-06,22.35411422263988,target,3448378592.0,13
PEPE,1782695820000,1782696960000,2.35e-06,2.36e-06,22.29609196684927,target,3447405020.0,13
PEPE,1782697440000,1782697500000,2.35e-06,2.36e-06,22.300878046199184,target,3448145040.0,13
PEPE,1782697980000,1782698160000,2.35e-06,2.36e-06,22.305665147414143,target,3448885218.0,13
PEPE,1782698700000,1782699780000,2.34e-06,2.35e-06,22.373328054444194,target,3451342546.0,13
PEPE,1782701580000,1782701700000,2.3600000000000003e-06,2.37e-06,22.252430159462627,target,3448652485.0,13
PEPE,1782702720000,1782702780000,2.38e-06,2.39e-06,22.13170226144529,target,3445963762.0,13
PEPE,1782703500000,1782703620000,2.38e-06,2.39e-06,22.136412966097396,target,3446697231.0,13
PEPE,1782703920000,1782704220000,2.39e-06,2.35e-06,-156.15138057107964,stop,3445719216.0,13
PEPE,1782706080000,1782707940000,2.37e-06,2.3600000000000003e-06,-52.7529583801817,time,3443966599.0,13
PEPE,1782708540000,1782708660000,2.35e-06,2.36e-06,22.284691853352076,target,3445642343.0,13
PEPE,1782711420000,1782711540000,2.34e-06,2.35e-06,22.352291136199124,target,3448097360.0,13
PEPE,1782712020000,1782712080000,2.35e-06,2.36e-06,22.294273616289097,target,3447123868.0,13
PEPE,1782714480000,1782714540000,2.37e-06,2.38e-06,22.173561365687544,target,3444436717.0,13
PEPE,1782715020000,1782715080000,2.35e-06,2.36e-06,22.30381907714921,target,3448599780.0,13
PEPE,1782720420000,1782720780000,2.35e-06,2.36e-06,22.308606805712465,target,3449340055.0,13
PEPE,1782723120000,1782724620000,2.34e-06,2.35e-06,22.376278635626754,target,3451797707.0,13
PEPE,1782725040000,1782725100000,2.34e-06,2.35e-06,22.381095463734532,target,3452540758.0,13
PEPE,1782726300000,1782726360000,2.34e-06,2.35e-06,22.385913322559716,target,3453283968.0,13
PEPE,1782726720000,1782726840000,2.35e-06,2.36e-06,22.32780853510994,target,3452309012.0,13
PEPE,1782728580000,1782728880000,2.3600000000000003e-06,2.37e-06,22.26972681484483,target,3451333098.0,13
PEPE,1782730080000,1782731880000,2.3600000000000003e-06,2.3200000000000002e-06,-156.20625229849995,stop,3452071874.0,13
PEPE,1782734280000,1782734340000,2.34e-06,2.35e-06,22.366706796532114,target,3450321141.0,13
PEPE,1782736080000,1782736620000,2.37e-06,2.38e-06,22.18309993818643,target,3445918437.0,13
PEPE,1782783120000,1782783180000,2.34e-06,2.35e-06,22.376296799592527,target,3451800509.0,13
PEPE,1782784440000,1782784500000,2.33e-06,2.34e-06,22.444072926351456,target,3454262859.0,13
PEPE,1782785220000,1782785280000,2.33e-06,2.34e-06,22.44891793666988,target,3455008532.0,13
PEPE,1782787440000,1782787500000,2.33e-06,2.34e-06,22.453763993084703,target,3455754366.0,13
PEPE,1782788160000,1782788220000,2.34e-06,2.35e-06,22.39561101290969,target,3454779948.0,13
PEPE,1782789180000,1782789360000,2.34e-06,2.35e-06,22.400431996299485,target,3455523640.0,13
PEPE,1782792480000,1782792780000,2.33e-06,2.34e-06,22.46828122738526,target,3457988646.0,13
PEPE,1782793440000,1782793620000,2.33e-06,2.34e-06,22.473131461692237,target,3458735123.0,13
PEPE,1782795900000,1782795960000,2.34e-06,2.35e-06,22.414928324861375,target,3457759865.0,13
PEPE,1782796920000,1782797100000,2.34e-06,2.35e-06,22.41975346353501,target,3458504198.0,13
PEPE,1782798180000,1782798300000,2.34e-06,2.35e-06,22.424579645889732,target,3459248692.0,13
PEPE,1782799020000,1782799080000,2.34e-06,2.35e-06,22.429406871927362,target,3459993347.0,13
PEPE,1782799620000,1782800100000,2.34e-06,2.35e-06,22.434235128682403,target,3460738161.0,13
PEPE,1782801540000,1782801600000,2.34e-06,2.35e-06,22.43906442911944,target,3461483136.0,13
PEPE,1782802620000,1782802740000,2.34e-06,2.35e-06,22.443894773239382,target,3462228272.0,13
PEPE,1782803220000,1782803280000,2.34e-06,2.35e-06,22.448726148076737,target,3462973567.0,13
PEPE,1782804420000,1782806280000,2.34e-06,2.3200000000000002e-06,-87.4069495454043,time,3463719023.0,13
PEPE,1782808620000,1782809640000,2.33e-06,2.34e-06,22.497853097712017,target,3462539915.0,13
PEPE,1782810120000,1782810240000,2.33e-06,2.34e-06,22.50270971256504,target,3463287374.0,13
PEPE,1782810780000,1782810840000,2.33e-06,2.34e-06,22.50756738001244,target,3464034995.0,13
PEPE,1782811320000,1782811380000,2.33e-06,2.34e-06,22.512426093557146,target,3464782777.0,13
PEPE,1782812280000,1782812340000,2.33e-06,2.34e-06,22.51728585969714,target,3465530721.0,13
PEPE,1782813360000,1782813480000,2.33e-06,2.34e-06,22.522146671934436,target,3466278826.0,13
PEPE,1782814020000,1782814140000,2.34e-06,2.35e-06,22.463816591281656,target,3465301441.0,13
PEPE,1782865140000,1782865200000,2.3200000000000002e-06,2.33e-06,22.59512633706182,target,3469501165.0,13
PEPE,1782865680000,1782865740000,2.3100000000000003e-06,2.3200000000000002e-06,22.663362968451683,target,3471982071.0,13
PEPE,1782867300000,1782867360000,2.3200000000000002e-06,2.33e-06,22.604923735549022,target,3471005564.0,13
PEPE,1782867840000,1782868380000,2.3200000000000002e-06,2.28e-06,-156.78454408779942,stop,3471756955.0,13
PEPE,1782870180000,1782870240000,2.3200000000000002e-06,2.33e-06,22.575877008675498,target,3466545414.0,13
PEPE,1782870720000,1782870780000,2.3100000000000003e-06,2.3200000000000002e-06,22.64405550466506,target,3469024206.0,13
PEPE,1782871500000,1782871620000,2.3100000000000003e-06,2.3200000000000002e-06,22.64897114950762,target,3469777273.0,13
PEPE,1782874320000,1782874500000,2.3200000000000002e-06,2.33e-06,22.590569026324957,target,3468801386.0,13
PEPE,1782876600000,1782876780000,2.3100000000000003e-06,2.3200000000000002e-06,22.65879189075195,target,3471281791.0,13
PEPE,1782879720000,1782880200000,2.34e-06,2.35e-06,22.47386104352209,target,3466850913.0,13
PEPE,1782880620000,1782880980000,2.33e-06,2.34e-06,22.541932689999342,target,3469324000.0,13
PEPE,1782882600000,1782882660000,2.33e-06,2.34e-06,22.54679882368942,target,3470072924.0,13
PEPE,1782883620000,1782883980000,2.33e-06,2.34e-06,22.55166600347681,target,3470822009.0,13
PEPE,1782884880000,1782885060000,2.33e-06,2.34e-06,22.55653424235655,target,3471571257.0,13
PEPE,1782885420000,1782885480000,2.33e-06,2.34e-06,22.561403527334505,target,3472320666.0,13
PEPE,1782886320000,1782886440000,2.3200000000000002e-06,2.33e-06,22.629639031237172,target,3474800619.0,13
PEPE,1782893880000,1782895500000,2.2700000000000003e-06,2.28e-06,22.952381936299027,target,3484232552.0,13
PEPE,1782896520000,1782896580000,2.28e-06,2.29e-06,22.89371060886176,target,3483257605.0,13
PEPE,1782897120000,1782897180000,2.28e-06,2.29e-06,22.898722205836712,target,3484020115.0,13
PEPE,1782897720000,1782897780000,2.28e-06,2.29e-06,22.903734900419394,target,3484782792.0,13
PEPE,1782903120000,1782904380000,2.28e-06,2.29e-06,22.90874869260981,target,3485545636.0,13
PEPE,1782905220000,1782907080000,2.2700000000000003e-06,2.25e-06,-87.4715729471328,time,3488049963.0,13
PEPE,1782907620000,1782907740000,2.25e-06,2.26e-06,23.085943346311943,target,3488620075.0,13
PEPE,1782909540000,1782909600000,2.25e-06,2.26e-06,23.091039258066772,target,3489390141.0,13
PEPE,1782952020000,1782953880000,2.3200000000000002e-06,2.31e-06,-52.882808984475616,time,3477988095.0,13
PEPE,1782954420000,1782954600000,2.3200000000000002e-06,2.33e-06,22.63894958778668,target,3476230263.0,13
PEPE,1782956340000,1782956460000,2.34e-06,2.35e-06,22.517103577524917,target,3473521570.0,13
PEPE,1782958020000,1782958200000,2.34e-06,2.35e-06,22.521950711319846,target,3474269296.0,13
PEPE,1782958620000,1782958800000,2.34e-06,2.35e-06,22.526798895279065,target,3475017184.0,13
PEPE,1782960660000,1782960900000,2.35e-06,2.36e-06,22.46832842500866,target,3474036092.0,13
PEPE,1782961500000,1782961620000,2.34e-06,2.35e-06,22.536484761549136,target,3476511340.0,13
PEPE,1782961980000,1782962040000,2.34e-06,2.35e-06,22.541336070074784,target,3477259710.0,13
PEPE,1782963420000,1782963480000,2.3600000000000003e-06,2.37e-06,22.419530319672955,target,3474549449.0,13
PEPE,1782965340000,1782965460000,2.38e-06,2.39e-06,22.29789584245903,target,3471840536.0,13
PEPE,1782967680000,1782967740000,2.38e-06,2.39e-06,22.302641915821404,target,3472579512.0,13
PEPE,1782968820000,1782968940000,2.37e-06,2.38e-06,22.37060123475026,target,3475044852.0,13
PEPE,1782969420000,1782969660000,2.38e-06,2.39e-06,22.3121505555201,target,3474060032.0,13
PEPE,1782970200000,1782972060000,2.38e-06,2.3600000000000003e-06,-87.99929683099822,time,3474799480.0,13
PEPE,1782975720000,1782975780000,2.3600000000000003e-06,2.37e-06,22.42460418497464,target,3475335790.0,13
PEPE,1782976320000,1782976560000,2.3600000000000003e-06,2.37e-06,22.42940429651126,target,3476079705.0,13
PEPE,1782976980000,1782977040000,2.3600000000000003e-06,2.37e-06,22.43420543399651,target,3476823779.0,13
PEPE,1782979320000,1782979440000,2.37e-06,2.38e-06,22.37571803012478,target,3475839694.0,13
PEPE,1782979920000,1782980580000,2.38e-06,2.39e-06,22.31725397677942,target,3474854648.0,13
PEPE,1782982620000,1782982680000,2.39e-06,2.4e-06,22.258813336429583,target,3473868644.0,13
PEPE,1782983220000,1782983280000,2.39e-06,2.4e-06,22.263537682292235,target,3474605959.0,13
PEPE,1782983820000,1782984000000,2.38e-06,2.39e-06,22.331480687740253,target,3477069784.0,13
PEPE,1782986340000,1782986880000,2.4100000000000002e-06,2.42e-06,22.14672873674166,target,3472634847.0,13
PEPE,1782987420000,1782987660000,2.4100000000000002e-06,2.42e-06,22.151402640676455,target,3473367721.0,13
PEPE,1783036920000,1783037040000,2.4400000000000004e-06,2.4500000000000003e-06,20.924222017249406,target,3304259300.0,14
PEPE,1783037520000,1783037580000,2.43e-06,2.44e-06,20.98856946275996,target,3306588336.0,14
PEPE,1783038480000,1783038600000,2.43e-06,2.44e-06,20.99297373910918,target,3307282196.0,14
PEPE,1783039560000,1783039680000,2.43e-06,2.44e-06,20.9973789421948,target,3307976202.0,14
PEPE,1783041480000,1783041540000,2.4400000000000004e-06,2.4500000000000003e-06,20.94177809460173,target,3307031677.0,14
PEPE,1783044000000,1783044060000,2.46e-06,2.47e-06,20.826299112384707,target,3304450474.0,14
PEPE,1783045620000,1783047360000,2.46e-06,2.47e-06,20.830631917269955,target,3305137948.0,14
PEPE,1783047780000,1783047840000,2.47e-06,2.48e-06,20.77509918972435,target,3304190726.0,14
PEPE,1783048380000,1783048500000,2.4500000000000003e-06,2.46e-06,20.899225912354556,target,3308148146.0,14
PEPE,1783049100000,1783049220000,2.46e-06,2.47e-06,20.843635752074746,target,3307201230.0,14
PEPE,1783050120000,1783050540000,2.46e-06,2.47e-06,20.84797216198908,target,3307889276.0,14
PEPE,1783051080000,1783051140000,2.46e-06,2.47e-06,20.852309479464306,target,3308577466.0,14
PEPE,1783051620000,1783053480000,2.46e-06,2.4500000000000003e-06,-51.35980518495941,time,3309265798.0,14
PEPE,1783054020000,1783054080000,2.46e-06,2.47e-06,20.845962553142257,target,3307570417.0,14
PEPE,1783054860000,1783054920000,2.4500000000000003e-06,2.46e-06,20.910269249816416,target,3309896201.0,14
PEPE,1783055280000,1783055340000,2.46e-06,2.47e-06,20.854649717462046,target,3308948785.0,14
PEPE,1783056240000,1783056300000,2.4500000000000003e-06,2.46e-06,20.918983217632,target,3311275539.0,14
PEPE,1783057440000,1783058700000,2.47e-06,2.48e-06,20.80339254361105,target,3308690663.0,14
PEPE,1783059180000,1783059240000,2.47e-06,2.48e-06,20.80770815157327,target,3309377042.0,14
PEPE,1783059720000,1783059780000,2.47e-06,2.48e-06,20.812024646073464,target,3310063562.0,14
PEPE,1783060320000,1783060380000,2.47e-06,2.48e-06,20.816342039686592,target,3310750225.0,14
PEPE,1783061340000,1783061400000,2.47e-06,2.48e-06,20.820660332412654,target,3311437031.0,14
PEPE,1783061880000,1783061940000,2.47e-06,2.48e-06,20.824979517962348,target,3312123979.0,14
PEPE,1783063020000,1783063140000,2.47e-06,2.48e-06,20.82929959633659,target,3312811069.0,14
PEPE,1783124520000,1783124700000,2.79e-06,2.8e-06,18.94336182790034,target,3261878920.0,14
PEPE,1783125180000,1783125780000,2.8000000000000003e-06,2.7600000000000003e-06,-150.78432534559929,stop,3260906690.0,14
PEPE,1783131480000,1783132140000,2.77e-06,2.78e-06,19.034754536061985,target,3260771655.0,14
PEPE,1783133220000,1783133460000,2.8000000000000003e-06,2.7600000000000003e-06,-150.58655279647874,stop,3256629602.0,14
PEPE,1783133820000,1783134060000,2.78e-06,2.79e-06,18.951705422480263,target,3254908617.0,14
PEPE,1783136580000,1783136760000,2.83e-06,2.84e-06,18.665669793129194,target,3247615449.0,14
PEPE,1783137780000,1783137840000,2.81e-06,2.82e-06,18.784848533526947,target,3251380101.0,14
PEPE,1783138380000,1783138560000,2.8500000000000002e-06,2.81e-06,-150.4451703227218,stop,3245675429.0,14
PEPE,1783139340000,1783139640000,2.81e-06,2.82e-06,18.760166406446118,target,3247107989.0,14
PEPE,1783141560000,1783141620000,2.82e-06,2.83e-06,18.705869896536143,target,3246137943.0,14
PEPE,1783142220000,1783142700000,2.81e-06,2.77e-06,-150.2755745235742,stop,3248323686.0,14
PEPE,1783150020000,1783151880000,2.74e-06,2.73e-06,-52.56061972254888,time,3254527537.0,14
PEPE,1783152420000,1783152480000,2.7200000000000002e-06,2.73e-06,19.251065601075233,target,3255994182.0,14
PEPE,1783153020000,1783153320000,2.7200000000000002e-06,2.73e-06,19.254775133136196,target,3256621587.0,14
PEPE,1783154280000,1783154340000,2.7200000000000002e-06,2.73e-06,19.258485380613468,target,3257249113.0,14
PEPE,1783154820000,1783154880000,2.7200000000000002e-06,2.73e-06,19.26219633758715,target,3257876759.0,14
PEPE,1783155420000,1783155480000,2.7200000000000002e-06,2.73e-06,19.265908009975323,target,3258504526.0,14
PEPE,1783156920000,1783158540000,2.7200000000000002e-06,2.68e-06,-150.11563903490108,stop,3259132415.0,14
PEPE,1783162020000,1783162200000,2.68e-06,2.69e-06,19.47400036810922,target,3260611196.0,14
PEPE,1783162920000,1783163220000,2.68e-06,2.69e-06,19.477798358502067,target,3261247109.0,14
PEPE,1783164120000,1783164180000,2.68e-06,2.69e-06,19.48159708948346,target,3261883146.0,14
PEPE,1783164720000,1783164780000,2.68e-06,2.69e-06,19.48539655508532,target,3262519306.0,14
PEPE,1783165380000,1783165440000,2.7e-06,2.71e-06,19.372338530195364,target,3259964414.0,14
PEPE,1783166520000,1783166580000,2.7e-06,2.71e-06,19.376094041630836,target,3260596389.0,14
PEPE,1783212420000,1783212480000,2.7200000000000002e-06,2.73e-06,19.263175151961512,target,3258042309.0,14
PEPE,1783214280000,1783214340000,2.7200000000000002e-06,2.73e-06,19.266887019462562,target,3258670109.0,14
PEPE,1783214820000,1783214880000,2.7200000000000002e-06,2.73e-06,19.27059959646366,target,3259298029.0,14
PEPE,1783216020000,1783216080000,2.7200000000000002e-06,2.73e-06,19.274312888873787,target,3259926070.0,14
PEPE,1783217220000,1783219080000,2.7200000000000002e-06,2.7e-06,-85.06785991288018,time,3260554232.0,14
PEPE,1783219920000,1783220160000,2.7e-06,2.71e-06,19.37830078306421,target,3260967738.0,14
PEPE,1783221120000,1783221180000,2.7100000000000003e-06,2.7200000000000002e-06,19.32368472329368,target,3260005858.0,14
PEPE,1783221780000,1783221900000,2.7e-06,2.71e-06,19.385803522094065,target,3262230294.0,14
PEPE,1783223820000,1783224360000,2.7e-06,2.71e-06,19.38956163634709,target,3262862707.0,14
PEPE,1783228680000,1783228740000,2.7e-06,2.71e-06,19.393320487469655,target,3263495244.0,14
PEPE,1783229400000,1783229460000,2.7e-06,2.71e-06,19.397080063577416,target,3264127903.0,14
PEPE,1783235520000,1783235640000,2.66e-06,2.67e-06,19.635130042727937,target,3271158691.0,14
PEPE,1783236420000,1783236540000,2.66e-06,2.67e-06,19.638982459233,target,3271800493.0,14
PEPE,1783239060000,1783239240000,2.6700000000000003e-06,2.68e-06,19.584154152725738,target,3270839942.0,14
PEPE,1783241580000,1783241640000,2.6700000000000003e-06,2.68e-06,19.587985092936904,target,3271479765.0,14
PEPE,1783242120000,1783242600000,2.6700000000000003e-06,2.68e-06,19.591816781586264,target,3272119713.0,14
PEPE,1783243080000,1783243140000,2.6700000000000003e-06,2.68e-06,19.595649218673817,target,3272759786.0,14
PEPE,1783243620000,1783244220000,2.6700000000000003e-06,2.68e-06,19.599482410186063,target,3273399985.0,14
PEPE,1783249680000,1783249740000,2.65e-06,2.66e-06,19.720851736598203,target,3277249977.0,14
PEPE,1783254060000,1783254120000,2.65e-06,2.66e-06,19.724732542695403,target,3277894897.0,14
PEPE,1783255020000,1783255080000,2.6700000000000003e-06,2.68e-06,19.611032465336717,target,3275329013.0,14
PEPE,1783255860000,1783255920000,2.66e-06,2.67e-06,19.67364217876477,target,3277574707.0,14
PEPE,1783257180000,1783259040000,2.68e-06,2.66e-06,-85.1502268240008,time,3275008724.0,14
PEPE,1783259520000,1783259580000,2.68e-06,2.69e-06,19.543382864775374,target,3272228190.0,14
PEPE,1783299300000,1783299360000,2.7600000000000003e-06,2.77e-06,19.07974183991187,target,3260101126.0,14
PEPE,1783299900000,1783299960000,2.7600000000000003e-06,2.77e-06,19.083373948234033,target,3260721734.0,14
PEPE,1783300320000,1783300380000,2.7600000000000003e-06,2.77e-06,19.087006753001123,target,3261342461.0,14
PEPE,1783301820000,1783301940000,2.7600000000000003e-06,2.77e-06,19.09064024251157,target,3261963305.0,14
PEPE,1783305720000,1783306080000,2.74e-06,2.75e-06,19.210884130684278,target,3265768658.0,14
PEPE,1783306920000,1783306980000,2.74e-06,2.75e-06,19.214563540315446,target,3266394142.0,14
PEPE,1783307520000,1783307580000,2.74e-06,2.75e-06,19.21824365584404,target,3267019746.0,14
PEPE,1783308240000,1783308300000,2.73e-06,2.74e-06,19.280348284416807,target,3269240913.0,14
PEPE,1783313280000,1783313400000,2.7100000000000003e-06,2.7200000000000002e-06,19.401093641059298,target,3273065144.0,14
PEPE,1783313880000,1783314540000,2.7100000000000003e-06,2.6700000000000003e-06,-150.71286002751307,stop,3273697747.0,14
PEPE,1783318320000,1783318440000,2.68e-06,2.69e-06,19.55147585909266,target,3273583233.0,14
PEPE,1783319520000,1783319580000,2.68e-06,2.69e-06,19.55528895393835,target,3274221675.0,14
PEPE,1783320480000,1783320540000,2.68e-06,2.69e-06,19.55910279534614,target,3274860242.0,14
PEPE,1783321380000,1783321500000,2.68e-06,2.69e-06,19.5629173833142,target,3275498934.0,14
PEPE,1783323780000,1783323900000,2.7e-06,2.71e-06,19.449409570014662,target,3272933878.0,14
PEPE,1783324320000,1783324500000,2.7e-06,2.71e-06,19.453180014954544,target,3273568366.0,14
PEPE,1783324920000,1783325040000,2.7e-06,2.71e-06,19.456951196763967,target,3274202978.0,14
PEPE,1783326480000,1783328340000,2.7e-06,2.68e-06,-85.29314823508393,time,3274837713.0,14
PEPE,1783329000000,1783329060000,2.69e-06,2.7e-06,19.502805375743343,target,3273655959.0,14
PEPE,1783329600000,1783329660000,2.69e-06,2.7e-06,19.50659756874841,target,3274292500.0,14
PEPE,1783330020000,1783331880000,2.69e-06,2.6700000000000003e-06,-85.2218442222341,time,3274929166.0,14
PEPE,1783332540000,1783332600000,2.69e-06,2.7e-06,19.49381965466072,target,3272147655.0,14
PEPE,1783333020000,1783333080000,2.69e-06,2.7e-06,19.49761010807827,target,3272783904.0,14
PEPE,1783334940000,1783335000000,2.7e-06,2.71e-06,19.442788377089318,target,3271819668.0,14
PEPE,1783382580000,1783382700000,2.73e-06,2.74e-06,19.271028193881,target,3267660567.0,14
PEPE,1783384860000,1783384920000,2.73e-06,2.74e-06,19.274730343608745,target,3268288316.0,14
PEPE,1783386720000,1783388580000,2.7200000000000002e-06,2.7e-06,-85.3276849005187,time,3270513028.0,14
PEPE,1783390140000,1783390200000,2.7100000000000003e-06,2.7200000000000002e-06,19.378948773724424,target,3269329190.0,14
PEPE,1783395600000,1783397460000,2.68e-06,2.6700000000000003e-06,-52.44532167772325,time,3274762515.0,14
PEPE,1783397880000,1783397940000,2.6700000000000003e-06,2.68e-06,19.606983155012802,target,3274652719.0,14
PEPE,1783398720000,1783398780000,2.6700000000000003e-06,2.68e-06,19.610818561899844,target,3275293288.0,14
PEPE,1783399380000,1783399980000,2.6700000000000003e-06,2.68e-06,19.61465471722326,target,3275933982.0,14
PEPE,1783400520000,1783400580000,2.6700000000000003e-06,2.68e-06,19.618491620988507,target,3276574801.0,14
PEPE,1783401840000,1783401900000,2.66e-06,2.67e-06,19.681125153374726,target,3278821350.0,14
PEPE,1783403220000,1783403280000,2.68e-06,2.69e-06,19.567429344273563,target,3276254390.0,14
PEPE,1783403940000,1783404060000,2.69e-06,2.7e-06,19.512541747778215,target,3275290264.0,14
PEPE,1783404480000,1783404540000,2.68e-06,2.69e-06,19.57505106056229,target,3277530525.0,14
PEPE,1783405020000,1783405080000,2.68e-06,2.69e-06,19.578868760204976,target,3278169738.0,14
PEPE,1783405680000,1783405860000,2.69e-06,2.7e-06,19.523949073460383,target,3277205048.0,14
PEPE,1783406220000,1783406280000,2.7e-06,2.71e-06,19.469053288176028,target,3276239510.0,14
PEPE,1783406940000,1783407000000,2.7e-06,2.71e-06,19.472827548198715,target,3276874640.0,14
PEPE,1783407420000,1783407480000,2.7100000000000003e-06,2.7200000000000002e-06,19.417945073069962,target,3275908068.0,14
PEPE,1783413000000,1783413060000,2.68e-06,2.69e-06,19.59787677300634,target,3281352327.0,14
PEPE,1783413900000,1783414020000,2.68e-06,2.69e-06,19.60169891618942,target,3281992284.0,14
PEPE,1783417080000,1783417140000,2.69e-06,2.7e-06,19.546715195024454,target,3281026470.0,14
PEPE,1783418940000,1783419000000,2.7e-06,2.71e-06,19.49175539715377,target,3280059806.0,14
PEPE,1783421280000,1783421340000,2.7e-06,2.71e-06,19.49553405462866,target,3280695676.0,14
PEPE,1783423920000,1783424100000,2.69e-06,2.7e-06,19.55809676047391,target,3282936930.0,14
PEPE,1783469880000,1783470060000,2.66e-06,2.67e-06,19.738629613587655,target,3288401435.0,14
PEPE,1783470660000,1783470720000,2.6700000000000003e-06,2.68e-06,19.683523109874393,target,3287436010.0,14
PEPE,1783471200000,1783471320000,2.6700000000000003e-06,2.68e-06,19.68737348551256,target,3288079079.0,14
PEPE,1783472220000,1783472280000,2.6700000000000003e-06,2.68e-06,19.691224615573603,target,3288722274.0,14
PEPE,1783479720000,1783479780000,2.61e-06,2.62e-06,20.050029115543435,target,3299058678.0,14
PEPE,1783480380000,1783480440000,2.6200000000000003e-06,2.6300000000000002e-06,19.994706090622707,target,3298095850.0,14
PEPE,1783480920000,1783481040000,2.6200000000000003e-06,2.6300000000000002e-06,19.998676052060503,target,3298750689.0,14
PEPE,1783481580000,1783481820000,2.6200000000000003e-06,2.6300000000000002e-06,20.002646807686546,target,3299405659.0,14
PEPE,1783483980000,1783484040000,2.61e-06,2.62e-06,20.065969462108846,target,3301681524.0,14
PEPE,1783484520000,1783484640000,2.61e-06,2.62e-06,20.069965394049635,target,3302339020.0,14
PEPE,1783485240000,1783485300000,2.61e-06,2.62e-06,20.07396212214161,target,3302996647.0,14
PEPE,1783485720000,1783485780000,2.61e-06,2.62e-06,20.07795964638659,target,3303654405.0,14
PEPE,1783486680000,1783486800000,2.61e-06,2.62e-06,20.081957960705772,target,3304312293.0,14
PEPE,1783487640000,1783487760000,2.6200000000000003e-06,2.6300000000000002e-06,20.02654683774947,target,3303347932.0,14
PEPE,1783488180000,1783488240000,2.61e-06,2.62e-06,20.089945157067636,target,3305626517.0,14
PEPE,1783488780000,1783488900000,2.61e-06,2.62e-06,20.093945865922805,target,3306284799.0,14
PEPE,1783490340000,1783490820000,2.61e-06,2.62e-06,20.097947364852185,target,3306943211.0,14
PEPE,1783495200000,1783495260000,2.6e-06,2.61e-06,20.161465637626716,target,3309227023.0,14
PEPE,1783495680000,1783495740000,2.61e-06,2.62e-06,20.105964614447938,target,3308262380.0,14
PEPE,1783496220000,1783496280000,2.6200000000000003e-06,2.6300000000000002e-06,20.050487250125432,target,3307296866.0,14
PEPE,1783498260000,1783498320000,2.6200000000000003e-06,2.6300000000000002e-06,20.054468287748755,target,3307953532.0,14
PEPE,1783498620000,1783498980000,2.61e-06,2.57e-06,-151.65015440637475,stop,3310235294.0,14
PEPE,1783503120000,1783503180000,2.56e-06,2.57e-06,20.385710806981955,target,3313402813.0,14
PEPE,1783506120000,1783506360000,2.57e-06,2.58e-06,20.330110184976334,target,3312441578.0,14
PEPE,1783555320000,1783557180000,2.6e-06,2.5800000000000003e-06,-85.41837252093876,time,3308225117.0,14
PEPE,1783558320000,1783558560000,2.5800000000000003e-06,2.59e-06,20.257371595736025,target,3308676455.0,14
PEPE,1783560420000,1783560540000,2.6e-06,2.61e-06,20.14234696442832,target,3306088956.0,14
PEPE,1783561140000,1783561200000,2.59e-06,2.6e-06,20.205899866651993,target,3308374927.0,14
PEPE,1783563120000,1783563240000,2.59e-06,2.6e-06,20.209947502342178,target,3309037659.0,14
PEPE,1783564140000,1783566000000,2.59e-06,2.56e-06,-118.42935896424721,time,3309700523.0,14
PEPE,1783566420000,1783566480000,2.57e-06,2.58e-06,20.309415559935857,target,3309069745.0,14
PEPE,1783568340000,1783568400000,2.5800000000000003e-06,2.59e-06,20.25389497084716,target,3308108611.0,14
PEPE,1783569420000,1783569480000,2.5800000000000003e-06,2.59e-06,20.257964186390524,target,3308773244.0,14
PEPE,1783574340000,1783574460000,2.6e-06,2.61e-06,20.142936188380958,target,3306185669.0,14
PEPE,1783574880000,1783574940000,2.6e-06,2.61e-06,20.14695932201684,target,3306846011.0,14
PEPE,1783575480000,1783575540000,2.6e-06,2.61e-06,20.15098325986223,target,3307506485.0,14
PEPE,1783577460000,1783577520000,2.6200000000000003e-06,2.6300000000000002e-06,20.03607258937445,target,3304919190.0,14
PEPE,1783580820000,1783580880000,2.6200000000000003e-06,2.6300000000000002e-06,20.0400507654992,target,3305575384.0,14
PEPE,1783583340000,1783583400000,2.6200000000000003e-06,2.6300000000000002e-06,20.044029729748182,target,3306231708.0,14
PEPE,1783585920000,1783586040000,2.6200000000000003e-06,2.6300000000000002e-06,20.04800948818723,target,3306888163.0,14
PEPE,1783586520000,1783586580000,2.6200000000000003e-06,2.6300000000000002e-06,20.051990034748687,target,3307544748.0,14
PEPE,1783587120000,1783587180000,2.6200000000000003e-06,2.6300000000000002e-06,20.055971369438012,target,3308201463.0,14
PEPE,1783588080000,1783589940000,2.6200000000000003e-06,2.6e-06,-85.58362016228617,time,3308858309.0,14
PEPE,1783591200000,1783591320000,2.6200000000000003e-06,2.6300000000000002e-06,20.042960814000306,target,3306055392.0,14
PEPE,1783591620000,1783591740000,2.6200000000000003e-06,2.6300000000000002e-06,20.046940354187413,target,3306711811.0,14
PEPE,1783593120000,1783593360000,2.6200000000000003e-06,2.6300000000000002e-06,20.05092068856095,target,3307368361.0,14
PEPE,1783594620000,1783594680000,2.61e-06,2.62e-06,20.114396167221336,target,3309649719.0,14
PEPE,1783595820000,1783595880000,2.61e-06,2.62e-06,20.118401744154625,target,3310308802.0,14
PEPE,1783641780000,1783641840000,2.6e-06,2.61e-06,20.18198465976485,target,3312594938.0,14
PEPE,1783642320000,1783642380000,2.6e-06,2.61e-06,20.186015591800274,target,3313256560.0,14
PEPE,1783642980000,1783643220000,2.6e-06,2.61e-06,20.19004733413696,target,3313918315.0,14
PEPE,1783644300000,1783644360000,2.6e-06,2.61e-06,20.194079874591406,target,3314580201.0,14
PEPE,1783644780000,1783644840000,2.6e-06,2.61e-06,20.19811322534893,target,3315242220.0,14
PEPE,1783645380000,1783645800000,2.61e-06,2.62e-06,20.142511314281077,target,3314275823.0,14
PEPE,1783646820000,1783646880000,2.6200000000000003e-06,2.6300000000000002e-06,20.08693310862352,target,3313308554.0,14
PEPE,1783649880000,1783649940000,2.64e-06,2.65e-06,19.97189433635669,target,3310716011.0,14
PEPE,1783651920000,1783652100000,2.65e-06,2.66e-06,19.91639853475744,target,3309746329.0,14
PEPE,1783652520000,1783652580000,2.65e-06,2.66e-06,19.92031782878705,target,3310397645.0,14
PEPE,1783657800000,1783657920000,2.65e-06,2.66e-06,19.924237887040974,target,3311049088.0,14
PEPE,1783658220000,1783658280000,2.66e-06,2.67e-06,19.868744161400663,target,3310078161.0,14
PEPE,1783660080000,1783660140000,2.66e-06,2.67e-06,19.872642418998232,target,3310727600.0,14
PEPE,1783660680000,1783660800000,2.66e-06,2.67e-06,19.876541438914472,target,3311377166.0,14
PEPE,1783661220000,1783661280000,2.66e-06,2.67e-06,19.880441221145738,target,3312026859.0,14
PEPE,1783661940000,1783662000000,2.6700000000000003e-06,2.68e-06,19.824938806774362,target,3311054498.0,14
PEPE,1783662540000,1783662600000,2.66e-06,2.67e-06,19.88823143371539,target,3313324687.0,14
PEPE,1783663140000,1783663200000,2.66e-06,2.67e-06,19.892133514908842,target,3313974763.0,14
PEPE,1783664340000,1783666200000,2.66e-06,2.64e-06,-86.03109099252842,time,3314624966.0,14
PEPE,1783667580000,1783667640000,2.64e-06,2.65e-06,19.99810672519512,target,3315061206.0,14
PEPE,1783668120000,1783668240000,2.64e-06,2.65e-06,20.002053838203437,target,3315715514.0,14
PEPE,1783668720000,1783668780000,2.65e-06,2.66e-06,19.94647423443939,target,3314744368.0,14
PEPE,1783670340000,1783670580000,2.64e-06,2.65e-06,20.009938653525158,target,3317022570.0,14
PEPE,1783671720000,1783671900000,2.66e-06,2.67e-06,19.894844532028184,target,3314426411.0,14
PEPE,1783732380000,1783732500000,2.78e-06,2.79e-06,19.189217797373036,target,3295700781.0,14
PEPE,1783732920000,1783732980000,2.79e-06,2.8e-06,19.134084065383636,target,3294719598.0,14
PEPE,1783733700000,1783733760000,2.79e-06,2.8e-06,19.137693234987086,target,3295341065.0,14
PEPE,1783734480000,1783734540000,2.78e-06,2.79e-06,19.200089674176443,target,3297567999.0,14
PEPE,1783735920000,1783735980000,2.78e-06,2.79e-06,19.20372241926239,target,3298191914.0,14
PEPE,1783738020000,1783738080000,2.77e-06,2.78e-06,19.266222006123837,target,3300423470.0,14
PEPE,1783738620000,1783738680000,2.77e-06,2.78e-06,19.26987842932411,target,3301049838.0,14
PEPE,1783739220000,1783739340000,2.77e-06,2.78e-06,19.273535553024256,target,3301676326.0,14
PEPE,1783740720000,1783740780000,2.7600000000000003e-06,2.77e-06,19.33615047549805,target,3303912939.0,14
PEPE,1783741620000,1783741680000,2.7600000000000003e-06,2.77e-06,19.339831399519667,target,3304541888.0,14
PEPE,1783743540000,1783743600000,2.77e-06,2.78e-06,19.284533461399153,target,3303560336.0,14
PEPE,1783744080000,1783744140000,2.77e-06,2.78e-06,19.288193363747443,target,3304187300.0,14
PEPE,1783744740000,1783744800000,2.77e-06,2.78e-06,19.291853960762317,target,3304814383.0,14
PEPE,1783747620000,1783747680000,2.7600000000000003e-06,2.77e-06,19.354528396503447,target,3307053122.0,14
PEPE,1783748880000,1783749300000,2.7500000000000004e-06,2.7600000000000003e-06,19.4172947787357,target,3309296085.0,14
PEPE,1783750620000,1783750860000,2.7600000000000003e-06,2.77e-06,19.361909189091566,target,3308314257.0,14
PEPE,1783751220000,1783751340000,2.7600000000000003e-06,2.77e-06,19.365595011656332,target,3308944043.0,14
PEPE,1783754460000,1783754520000,2.7500000000000004e-06,2.7600000000000003e-06,19.42839727984106,target,3311188288.0,14
PEPE,1783755000000,1783755480000,2.7500000000000004e-06,2.7600000000000003e-06,19.432107053653837,target,3311820546.0,14
PEPE,1783756020000,1783756140000,2.7500000000000004e-06,2.7600000000000003e-06,19.435817531567285,target,3312452924.0,14
PEPE,1783756620000,1783756680000,2.7500000000000004e-06,2.7600000000000003e-06,19.439528719453335,target,3313085423.0,14
PEPE,1783757880000,1783758000000,2.7500000000000004e-06,2.7600000000000003e-06,19.44324061143277,target,3313718042.0,14
PEPE,1783758420000,1783758480000,2.7500000000000004e-06,2.7600000000000003e-06,19.446953219253107,target,3314350783.0,14
PEPE,1783759140000,1783759200000,2.7600000000000003e-06,2.77e-06,19.391483030388518,target,3313367455.0,14
PEPE,1783818480000,1783818540000,2.69e-06,2.7e-06,19.81075412696204,target,3325346895.0,14
PEPE,1783820040000,1783820100000,2.7100000000000003e-06,2.7200000000000002e-06,19.695555866447496,target,3322742449.0,14
PEPE,1783821180000,1783821300000,2.7200000000000002e-06,2.73e-06,19.639913106824558,target,3321761202.0,14
PEPE,1783821780000,1783822200000,2.7200000000000002e-06,2.73e-06,19.64369756799929,target,3322401280.0,14
PEPE,1783824660000,1783824780000,2.7100000000000003e-06,2.7200000000000002e-06,19.70695508911617,target,3324665557.0,14
PEPE,1783826520000,1783826580000,2.7200000000000002e-06,2.73e-06,19.651280130485013,target,3323683743.0,14
PEPE,1783827900000,1783828020000,2.73e-06,2.74e-06,19.595629583915315,target,3322701074.0,14
PEPE,1783828320000,1783828380000,2.73e-06,2.74e-06,19.59939408790963,target,3323339396.0,14
PEPE,1783829580000,1783829640000,2.73e-06,2.74e-06,19.603159317297134,target,3323977841.0,14
PEPE,1783830540000,1783832400000,2.73e-06,2.71e-06,-86.81404598001184,time,3324616409.0,14
PEPE,1783834320000,1783834380000,2.7100000000000003e-06,2.7200000000000002e-06,19.709147292006477,target,3325035393.0,14
PEPE,1783835280000,1783835340000,2.7100000000000003e-06,2.7200000000000002e-06,19.712956588025936,target,3325678041.0,14
PEPE,1783835880000,1783835940000,2.7200000000000002e-06,2.73e-06,19.65726466838691,target,3324695927.0,14
PEPE,1783840080000,1783840140000,2.7e-06,2.71e-06,19.780137499972746,target,3328588557.0,14
PEPE,1783841400000,1783841520000,2.7e-06,2.71e-06,19.78397205854321,target,3329233834.0,14
PEPE,1783842660000,1783842720000,2.69e-06,2.7e-06,19.84746038745863,target,3331508248.0,14
PEPE,1783843200000,1783843380000,2.7e-06,2.71e-06,19.791654980117354,target,3330526711.0,14
PEPE,1783844520000,1783844580000,2.7100000000000003e-06,2.7200000000000002e-06,19.735873921234834,target,3329544314.0,14
PEPE,1783845180000,1783845240000,2.7100000000000003e-06,2.7200000000000002e-06,19.739688386034157,target,3330187834.0,14
PEPE,1783846680000,1783846740000,2.7100000000000003e-06,2.7200000000000002e-06,19.74350357991794,target,3330831477.0,14
PEPE,1783847340000,1783847400000,2.7100000000000003e-06,2.7200000000000002e-06,19.74731951473734,target,3331475245.0,14
PEPE,1783848720000,1783848840000,2.7100000000000003e-06,2.7200000000000002e-06,19.751136184566782,target,3332119137.0,14
PEPE,1783849440000,1783849500000,2.7200000000000002e-06,2.73e-06,19.695336408822794,target,3331135122.0,14
PEPE,1783849980000,1783850040000,2.7200000000000002e-06,2.73e-06,19.69913154797399,target,3331777006.0,14
PEPE,1783900920000,1783900980000,2.7600000000000003e-06,2.77e-06,19.464948286533012,target,3325920254.0,14
PEPE,1783902240000,1783902360000,2.79e-06,2.8e-06,19.290743758958364,target,3321695008.0,14
PEPE,1783902960000,1783903020000,2.78e-06,2.79e-06,19.353639211843024,target,3323939753.0,14
PEPE,1783905000000,1783905180000,2.77e-06,2.78e-06,19.416626705537325,target,3326188729.0,14
PEPE,1783907040000,1783907100000,2.7600000000000003e-06,2.77e-06,19.47970650067051,target,3328441948.0,14
PEPE,1783907580000,1783908540000,2.7600000000000003e-06,2.7200000000000002e-06,-153.63683737089858,stop,3329075566.0,14
PEPE,1783909200000,1783909800000,2.7600000000000003e-06,2.77e-06,19.454167706467228,target,3324078207.0,14
PEPE,1783910280000,1783910340000,2.7600000000000003e-06,2.77e-06,19.45787109823665,target,3324710995.0,14
PEPE,1783911780000,1783912200000,2.7500000000000004e-06,2.7100000000000003e-06,-153.46462112058566,stop,3326965934.0,14
PEPE,1783916580000,1783916640000,2.73e-06,2.74e-06,19.610459466901826,target,3325215679.0,14
PEPE,1783917240000,1783917300000,2.73e-06,2.74e-06,19.614226819390094,target,3325854484.0,14
PEPE,1783917840000,1783917900000,2.73e-06,2.74e-06,19.61799489727155,target,3326493412.0,14
PEPE,1783918440000,1783918500000,2.73e-06,2.74e-06,19.621763700540733,target,3327132463.0,14
PEPE,1783920480000,1783920540000,2.73e-06,2.74e-06,19.625533229208557,target,3327771637.0,14
PEPE,1783922580000,1783922700000,2.7200000000000002e-06,2.73e-06,19.688842816499353,target,3330036840.0,14
PEPE,1783924500000,1783924560000,2.7200000000000002e-06,2.73e-06,19.6926367021984,target,3330678512.0,14
PEPE,1783925040000,1783925160000,2.7200000000000002e-06,2.73e-06,19.69643131513718,target,3331320307.0,14
PEPE,1783926120000,1783926180000,2.7200000000000002e-06,2.73e-06,19.700226667137294,target,3331962227.0,14
PEPE,1783927680000,1783927740000,2.7200000000000002e-06,2.73e-06,19.704022746375326,target,3332604270.0,14
PEPE,1783929600000,1783929660000,2.7200000000000002e-06,2.73e-06,19.707819558762075,target,3333246437.0,14
PEPE,1783930800000,1783930860000,2.7100000000000003e-06,2.7200000000000002e-06,19.77128356738681,target,3335518105.0,14
PEPE,1783931760000,1783932000000,2.7200000000000002e-06,2.73e-06,19.715426870974618,target,3334533086.0,14
PEPE,1783935420000,1783935540000,2.74e-06,2.75e-06,19.600021652996467,target,3331920383.0,14
PEPE,1783937820000,1783937880000,2.73e-06,2.74e-06,19.663360012414742,target,3334185674.0,14
PEPE,1783987380000,1783987440000,2.7200000000000002e-06,2.73e-06,19.72679162423564,target,3336455243.0,14
PEPE,1783991100000,1783992960000,2.7500000000000004e-06,2.7200000000000002e-06,-120.43457550526509,time,3332214858.0,14
PEPE,1783994100000,1783994160000,2.73e-06,2.74e-06,19.647790612414994,target,3331545674.0,14
PEPE,1783994820000,1783994880000,2.73e-06,2.74e-06,19.65156514215949,target,3332185696.0,14
PEPE,1783995480000,1783995600000,2.7200000000000002e-06,2.73e-06,19.714958701486104,target,3334453903.0,14
PEPE,1783997220000,1783997280000,2.7200000000000002e-06,2.73e-06,19.718757618724332,target,3335096426.0,14
PEPE,1783998420000,1783998480000,2.7200000000000002e-06,2.73e-06,19.722557269111277,target,3335739073.0,14
PEPE,1784000520000,1784000580000,2.7200000000000002e-06,2.73e-06,19.72635765264875,target,3336381844.0,14
PEPE,1784002980000,1784003040000,2.73e-06,2.74e-06,19.67049449534705,target,3335395421.0,14
PEPE,1784003520000,1784003580000,2.73e-06,2.74e-06,19.67427338334669,target,3336036182.0,14
PEPE,1784004300000,1784004360000,2.73e-06,2.74e-06,19.67805299673588,target,3336677066.0,14
PEPE,1784004780000,1784004840000,2.73e-06,2.74e-06,19.681833335516433,target,3337318073.0,14
PEPE,1784005500000,1784005560000,2.73e-06,2.74e-06,19.685614399691996,target,3337959203.0,14
PEPE,1784007480000,1784009100000,2.74e-06,2.75e-06,19.62973287811261,target,3336971165.0,14
PEPE,1784009700000,1784009820000,2.74e-06,2.75e-06,19.63349250739533,target,3337610286.0,14
PEPE,1784010720000,1784010780000,2.74e-06,2.75e-06,19.637252860222873,target,3338249530.0,14
PEPE,1784012820000,1784012880000,2.73e-06,2.74e-06,19.70071153378978,target,3340519124.0,14
PEPE,1784013420000,1784013780000,2.74e-06,2.75e-06,19.644787154459426,target,3339530328.0,14
PEPE,1784016120000,1784017740000,2.74e-06,2.75e-06,19.648549666168023,target,3340169939.0,14
PEPE,1784018880000,1784020740000,2.74e-06,2.73e-06,-53.954076218948856,time,3340809673.0,14
PEPE,1784021280000,1784021340000,2.73e-06,2.74e-06,19.701679761748085,target,3340683300.0,14
PEPE,1784021880000,1784023740000,2.73e-06,2.7200000000000002e-06,-53.88722017931585,time,3341325077.0,14
PEPE,1784024280000,1784024340000,2.7200000000000002e-06,2.73e-06,19.754851338199533,target,3341201072.0,14
PEPE,1784024880000,1784025600000,2.7200000000000002e-06,2.73e-06,19.758657947598486,target,3341844896.0,14
PEPE,1784074320000,1784076180000,2.81e-06,2.79e-06,-87.49770951493021,time,3327858116.0,14
PEPE,1784078280000,1784078340000,2.79e-06,2.8e-06,19.328849159148213,target,3328256420.0,14
PEPE,1784079000000,1784079060000,2.8000000000000003e-06,2.81e-06,19.2731790717529,target,3327264406.0,14
PEPE,1784081640000,1784081700000,2.79e-06,2.8e-06,19.33613047488482,target,3329510198.0,14
PEPE,1784083260000,1784083320000,2.78e-06,2.79e-06,19.39917390424002,target,3331760224.0,14
PEPE,1784084340000,1784084400000,2.78e-06,2.79e-06,19.402844315079157,target,3332390608.0,14
PEPE,1784085660000,1784086260000,2.79e-06,2.8e-06,19.347096794557693,target,3331398501.0,14
PEPE,1784086620000,1784086740000,2.79e-06,2.8e-06,19.350746140444883,target,3332026886.0,14
PEPE,1784087820000,1784088120000,2.8000000000000003e-06,2.81e-06,19.29501298528833,target,3331033748.0,14
PEPE,1784088540000,1784088660000,2.79e-06,2.8e-06,19.358035702830183,target,3333282084.0,14
PEPE,1784089380000,1784091240000,2.79e-06,2.78e-06,-54.21772479156217,time,3333910825.0,14
PEPE,1784093640000,1784093700000,2.77e-06,2.78e-06,19.47038226412565,target,3335397390.0,14
PEPE,1784094180000,1784094300000,2.78e-06,2.79e-06,19.414576198422385,target,3334405530.0,14
PEPE,1784094960000,1784095020000,2.78e-06,2.79e-06,19.418249526337217,target,3335036415.0,14
PEPE,1784095320000,1784095560000,2.79e-06,2.8e-06,19.362457742399386,target,3334043520.0,14
PEPE,1784096520000,1784096580000,2.8000000000000003e-06,2.81e-06,19.30669085644324,target,3333049781.0,14
PEPE,1784097180000,1784097240000,2.8000000000000003e-06,2.81e-06,19.31032141008081,target,3333676549.0,14
PEPE,1784098320000,1784100120000,2.8000000000000003e-06,2.7600000000000003e-06,-154.17819083439963,stop,3334303435.0,14
PEPE,1784104080000,1784104140000,2.7600000000000003e-06,2.77e-06,19.522716248103023,target,3335790901.0,14
PEPE,1784104620000,1784104680000,2.7600000000000003e-06,2.77e-06,19.526432685095436,target,3336425918.0,14
PEPE,1784105220000,1784105340000,2.7600000000000003e-06,2.77e-06,19.530149830239818,target,3337061056.0,14
PEPE,1784105880000,1784105940000,2.7600000000000003e-06,2.77e-06,19.533867683537984,target,3337696315.0,14
PEPE,1784107620000,1784107680000,2.78e-06,2.79e-06,19.418501675521085,target,3335079721.0,14
PEPE,1784108340000,1784108400000,2.78e-06,2.79e-06,19.422175742890413,target,3335710733.0,14
PEPE,1784160420000,1784160540000,2.79e-06,2.8e-06,19.366372682686208,target,3334717638.0,14
PEPE,1784161200000,1784161320000,2.79e-06,2.8e-06,19.37002566406585,target,3335346649.0,14
PEPE,1784161620000,1784163480000,2.79e-06,2.77e-06,-87.56102428554956,time,3335975780.0,14
PEPE,1784164200000,1784166000000,2.78e-06,2.79e-06,19.41661267020237,target,3334755289.0,14
PEPE,1784166840000,1784166900000,2.78e-06,2.79e-06,19.42028637657676,target,3335386239.0,14
PEPE,1784167500000,1784167740000,2.78e-06,2.79e-06,19.42396078165062,target,3336017309.0,14
PEPE,1784169600000,1784169780000,2.78e-06,2.79e-06,19.427635885427588,target,3336648499.0,14
PEPE,1784170380000,1784170440000,2.78e-06,2.79e-06,19.431311676256094,target,3337279807.0,14
PEPE,1784171220000,1784171580000,2.79e-06,2.8e-06,19.375482367837165,target,3336286245.0,14
PEPE,1784172420000,1784172480000,2.78e-06,2.79e-06,19.43865409912482,target,3338540850.0,14
PEPE,1784175480000,1784175960000,2.77e-06,2.78e-06,19.501918277938405,target,3340799705.0,14
PEPE,1784177520000,1784177760000,2.77e-06,2.78e-06,19.50561943973771,target,3341433737.0,14
PEPE,1784180640000,1784180700000,2.78e-06,2.79e-06,19.449712377445294,target,3340440082.0,14
PEPE,1784181180000,1784181240000,2.78e-06,2.79e-06,19.453392348829958,target,3341072108.0,14
PEPE,1784181840000,1784181960000,2.78e-06,2.79e-06,19.45707301891591,target,3341704254.0,14
PEPE,1784183280000,1784183340000,2.77e-06,2.78e-06,19.52039714687641,target,3343965250.0,14
PEPE,1784186160000,1784186220000,2.7600000000000003e-06,2.77e-06,19.58381406562595,target,3346230511.0,14
PEPE,1784186820000,1784186940000,2.7600000000000003e-06,2.77e-06,19.58754213153742,target,3346867515.0,14
PEPE,1784191440000,1784192520000,2.7200000000000002e-06,2.73e-06,19.830794462186162,target,3354045575.0,14
PEPE,1784192880000,1784192940000,2.7200000000000002e-06,2.73e-06,19.834615699112817,target,3354691873.0,14
PEPE,1784193600000,1784193720000,2.7200000000000002e-06,2.73e-06,19.838437675100806,target,3355338296.0,14
PEPE,1784194140000,1784194200000,2.7200000000000002e-06,2.73e-06,19.842260384237516,target,3355984843.0,14
PEPE,1784194740000,1784194800000,2.7200000000000002e-06,2.73e-06,19.846083832437383,target,3356631515.0,14
PEPE,1784195220000,1784195280000,2.7200000000000002e-06,2.73e-06,19.849908019700404,target,3357278312.0,14
PEPE,1784247720000,1784247780000,2.7200000000000002e-06,2.73e-06,19.26921746090015,target,3259064264.0,15
PEPE,1784248920000,1784249100000,2.7200000000000002e-06,2.73e-06,19.27293048724958,target,3259692260.0,15
PEPE,1784249520000,1784249640000,2.73e-06,2.74e-06,19.218351387725715,target,3258728510.0,15
PEPE,1784250120000,1784250180000,2.74e-06,2.75e-06,19.163796282927585,target,3257763924.0,15
PEPE,1784250900000,1784250960000,2.74e-06,2.75e-06,19.16746667468775,target,3258387875.0,15
PEPE,1784254980000,1784255040000,2.7200000000000002e-06,2.73e-06,19.287733589850248,target,3262195956.0,15
PEPE,1784258880000,1784259060000,2.7500000000000004e-06,2.7600000000000003e-06,19.116608075757505,target,3258049949.0,15
PEPE,1784260260000,1784260320000,2.74e-06,2.75e-06,19.1784932503442,target,3260262346.0,15
PEPE,1784260620000,1784260680000,2.7500000000000004e-06,2.7600000000000003e-06,19.12392036548612,target,3259296185.0,15
PEPE,1784263680000,1784263740000,2.7600000000000003e-06,2.77e-06,19.06937159032642,target,3258329191.0,15
PEPE,1784264220000,1784264280000,2.7600000000000003e-06,2.77e-06,19.07300172635322,target,3258949462.0,15
PEPE,1784265780000,1784265840000,2.7600000000000003e-06,2.77e-06,19.07663255297689,target,3259569851.0,15
PEPE,1784269860000,1784269920000,2.74e-06,2.75e-06,19.196788207706973,target,3263372411.0,15
PEPE,1784270400000,1784272260000,2.74e-06,2.7200000000000002e-06,-85.30457301599273,time,3263997437.0,15
PEPE,1784275080000,1784275140000,2.7100000000000003e-06,2.7200000000000002e-06,19.35922452549291,target,3266001607.0,15
PEPE,1784275680000,1784275740000,2.7100000000000003e-06,2.7200000000000002e-06,19.3629661887358,target,3266632845.0,15
PEPE,1784276220000,1784276460000,2.7100000000000003e-06,2.7200000000000002e-06,19.366708575137576,target,3267264205.0,15
PEPE,1784276820000,1784276880000,2.7100000000000003e-06,2.7200000000000002e-06,19.370451684692775,target,3267895687.0,15
PEPE,1784277420000,1784277480000,2.7100000000000003e-06,2.7200000000000002e-06,19.3741955174014,target,3268527291.0,15
PEPE,1784279880000,1784279940000,2.74e-06,2.75e-06,19.202673031294452,target,3264372806.0,15
PEPE,1784280420000,1784280480000,2.74e-06,2.75e-06,19.206350870296973,target,3264998023.0,15
PEPE,1784282520000,1784282700000,2.74e-06,2.75e-06,19.21002940931749,target,3265623359.0,15
PEPE,1784283120000,1784283300000,2.74e-06,2.75e-06,19.213708660120325,target,3266248816.0,15
PEPE,1784284080000,1784284260000,2.73e-06,2.74e-06,19.275798628553027,target,3268469458.0,15
PEPE,1784334720000,1784335020000,2.7500000000000004e-06,2.7600000000000003e-06,19.16271619921009,target,3265908172.0,15
PEPE,1784335380000,1784335440000,2.7500000000000004e-06,2.7600000000000003e-06,19.16637523675307,target,3266531783.0,15
PEPE,1784336520000,1784336580000,2.7500000000000004e-06,2.7600000000000003e-06,19.17003497839672,target,3267155514.0,15
PEPE,1784338020000,1784338320000,2.74e-06,2.75e-06,19.23209310207094,target,3269374093.0,15
PEPE,1784340540000,1784340600000,2.73e-06,2.74e-06,19.29424248774739,target,3271596861.0,15
PEPE,1784341080000,1784341200000,2.74e-06,2.75e-06,19.239471951244937,target,3270628466.0,15
PEPE,1784341680000,1784341740000,2.74e-06,2.75e-06,19.243156837482903,target,3271254881.0,15
PEPE,1784342280000,1784342460000,2.74e-06,2.75e-06,19.24684242962012,target,3271881416.0,15
PEPE,1784344860000,1784345160000,2.74e-06,2.75e-06,19.250528721775332,target,3272508070.0,15
PEPE,1784346180000,1784346300000,2.74e-06,2.75e-06,19.25421572571105,target,3273134845.0,15
PEPE,1784346780000,1784346900000,2.74e-06,2.75e-06,19.25790343554965,target,3273761740.0,15
PEPE,1784348100000,1784348160000,2.74e-06,2.75e-06,19.261591851285683,target,3274388755.0,15
PEPE,1784349480000,1784349600000,2.74e-06,2.75e-06,19.26528097292278,target,3275015890.0,15
PEPE,1784350140000,1784350200000,2.74e-06,2.75e-06,19.268970800460952,target,3275643145.0,15
PEPE,1784352300000,1784352360000,2.73e-06,2.74e-06,19.331239357061754,target,3277870175.0,15
PEPE,1784353440000,1784353500000,2.73e-06,2.74e-06,19.334953065888612,target,3278499884.0,15
PEPE,1784353980000,1784355660000,2.73e-06,2.74e-06,19.338667494210817,target,3279129715.0,15
PEPE,1784356020000,1784357880000,2.73e-06,2.71e-06,-85.64272430453812,time,3279759667.0,15
PEPE,1784358420000,1784359560000,2.7200000000000002e-06,2.73e-06,19.38454900359951,target,3278570656.0,15
PEPE,1784361180000,1784361240000,2.7200000000000002e-06,2.73e-06,19.38828425503724,target,3279202411.0,15
PEPE,1784361720000,1784362260000,2.7200000000000002e-06,2.73e-06,19.392020227800263,target,3279834288.0,15
PEPE,1784363220000,1784363520000,2.7200000000000002e-06,2.73e-06,19.39575691597596,target,3280466286.0,15
PEPE,1784363820000,1784363940000,2.7200000000000002e-06,2.73e-06,19.399494325473306,target,3281098406.0,15
PEPE,1784364540000,1784364600000,2.7100000000000003e-06,2.7200000000000002e-06,19.461965456212855,target,3283334535.0,15
PEPE,1784420580000,1784420760000,2.7500000000000004e-06,2.7600000000000003e-06,19.231093427302937,target,3277561726.0,15
PEPE,1784421120000,1784421360000,2.7500000000000004e-06,2.7600000000000003e-06,19.23476552003338,target,3278187562.0,15
PEPE,1784421780000,1784421900000,2.7500000000000004e-06,2.7600000000000003e-06,19.238438316862673,target,3278813518.0,15
PEPE,1784422980000,1784423040000,2.7500000000000004e-06,2.7600000000000003e-06,19.242111817794456,target,3279439594.0,15
PEPE,1784423520000,1784423640000,2.7500000000000004e-06,2.7600000000000003e-06,19.245786016956796,target,3280065789.0,15
PEPE,1784424180000,1784424300000,2.7500000000000004e-06,2.7600000000000003e-06,19.2494609202198,target,3280692104.0,15
PEPE,1784428920000,1784429100000,2.7600000000000003e-06,2.77e-06,19.194554054603937,target,3279718762.0,15
PEPE,1784430120000,1784430180000,2.7500000000000004e-06,2.7600000000000003e-06,19.25680164385483,target,3281943186.0,15
PEPE,1784431320000,1784431500000,2.74e-06,2.75e-06,19.319140654676794,target,3284171807.0,15
PEPE,1784432880000,1784432940000,2.74e-06,2.75e-06,19.322840800118872,target,3284800816.0,15
PEPE,1784433720000,1784433780000,2.74e-06,2.75e-06,19.32654165146202,target,3285429945.0,15
PEPE,1784434620000,1784434860000,2.74e-06,2.75e-06,19.330243208704417,target,3286059194.0,15
PEPE,1784437740000,1784437800000,2.7600000000000003e-06,2.77e-06,19.21658879903907,target,3283483776.0,15
PEPE,1784438280000,1784438460000,2.7600000000000003e-06,2.77e-06,19.220246962687924,target,3284108836.0,15
PEPE,1784438880000,1784439180000,2.7600000000000003e-06,2.77e-06,19.223905816933645,target,3284734014.0,15
PEPE,1784440080000,1784440140000,2.7600000000000003e-06,2.77e-06,19.227565373477816,target,3285359312.0,15
PEPE,1784440620000,1784440980000,2.7600000000000003e-06,2.77e-06,19.23122562647238,target,3285984729.0,15
PEPE,1784442420000,1784442480000,2.7600000000000003e-06,2.77e-06,19.234886570060176,target,3286610264.0,15
PEPE,1784444220000,1784444280000,2.78e-06,2.79e-06,19.121286328878263,target,3284033719.0,15
PEPE,1784446680000,1784446800000,2.82e-06,2.83e-06,18.89102018556172,target,3278268145.0,15
PEPE,1784447400000,1784447640000,2.81e-06,2.82e-06,18.95294733413201,target,3280475523.0,15
PEPE,1784448180000,1784448240000,2.8000000000000003e-06,2.81e-06,19.014964795049668,target,3282687060.0,15
PEPE,1784449020000,1784449860000,2.8400000000000003e-06,2.8500000000000002e-06,18.784979768252335,target,3276926257.0,15
PEPE,1784450820000,1784451840000,2.8400000000000003e-06,2.8500000000000002e-06,18.788468831447886,target,3277534903.0,15
PEPE,1784505720000,1784505900000,2.83e-06,2.84e-06,18.850285280858976,target,3279736456.0,15
PEPE,1784506980000,1784507100000,2.86e-06,2.87e-06,18.678954376713662,target,3275572885.0,15
PEPE,1784509020000,1784509080000,2.86e-06,2.87e-06,18.682402245071934,target,3276177509.0,15
PEPE,1784510040000,1784510880000,2.88e-06,2.89e-06,18.569528338922158,target,3273605701.0,15
PEPE,1784511420000,1784511540000,2.88e-06,2.89e-06,18.572934669498547,target,3274206200.0,15
PEPE,1784512380000,1784512980000,2.86e-06,2.87e-06,18.69270672530013,target,3277984520.0,15
PEPE,1784513520000,1784513580000,2.87e-06,2.88e-06,18.637935623123525,target,3276999670.0,15
PEPE,1784514420000,1784514600000,2.86e-06,2.87e-06,18.699597426711588,target,3279192885.0,15
PEPE,1784516820000,1784517120000,2.92e-06,2.88e-06,-152.1006404773011,stop,3270278230.0,15
PEPE,1784517480000,1784519340000,2.9e-06,2.88e-06,-86.59974339075515,time,3268531549.0,15
PEPE,1784523000000,1784523120000,2.87e-06,2.88e-06,18.600882652625373,target,3270484862.0,15
PEPE,1784523480000,1784523540000,2.86e-06,2.87e-06,18.662421871189714,target,3272673717.0,15
PEPE,1784528040000,1784528100000,2.83e-06,2.84e-06,18.84058714477276,target,3278049090.0,15
PEPE,1784528580000,1784528940000,2.83e-06,2.84e-06,18.844097407407556,target,3278659836.0,15
PEPE,1784529420000,1784529600000,2.82e-06,2.83e-06,18.90598346186136,target,3280864809.0,15
PEPE,1784530020000,1784530080000,2.82e-06,2.83e-06,18.909516813648526,target,3281477972.0,15
PEPE,1784530740000,1784530860000,2.82e-06,2.83e-06,18.91305082236076,target,3282091249.0,15
PEPE,1784531220000,1784531280000,2.82e-06,2.83e-06,18.916585493762923,target,3282704641.0,15
PEPE,1784534400000,1784534580000,2.82e-06,2.83e-06,18.92012082784956,target,3283318148.0,15
PEPE,1784536440000,1784536500000,2.82e-06,2.83e-06,18.923656818863087,target,3283931769.0,15
PEPE,1784537520000,1784537640000,2.82e-06,2.83e-06,18.927193478324128,target,3284545506.0,15
PEPE,1784538480000,1784538540000,2.82e-06,2.83e-06,18.930730788949013,target,3285159356.0,15
PEPE,1784539680000,1784539740000,2.8400000000000003e-06,2.8500000000000002e-06,18.81740059270293,target,3282581874.0,15
PEPE,1784540880000,1784540940000,2.8500000000000002e-06,2.86e-06,18.762535844594503,target,3281597874.0,15
PEPE,1784595720000,1784595780000,2.9400000000000002e-06,2.95e-06,18.24321314007537,target,3267928910.0,15
PEPE,1784596320000,1784596440000,2.9400000000000002e-06,2.95e-06,18.24649696754481,target,3268517146.0,15
PEPE,1784597040000,1784597100000,2.9300000000000003e-06,2.9400000000000002e-06,18.30766605487713,target,3270686209.0,15
PEPE,1784600820000,1784601120000,2.92e-06,2.93e-06,18.368923068200004,target,3272859344.0,15
PEPE,1784602020000,1784602260000,2.92e-06,2.93e-06,18.372250511787147,target,3273452207.0,15
PEPE,1784602680000,1784602740000,2.92e-06,2.93e-06,18.37557855591131,target,3274045177.0,15
PEPE,1784605620000,1784605680000,2.9300000000000003e-06,2.9400000000000002e-06,18.320924573251638,target,3273054859.0,15
PEPE,1784606220000,1784606280000,2.9300000000000003e-06,2.9400000000000002e-06,18.324232852483213,target,3273645887.0,15
PEPE,1784606820000,1784606940000,2.9400000000000002e-06,2.95e-06,18.269594220761267,target,3272654585.0,15
PEPE,1784610840000,1784611620000,2.91e-06,2.92e-06,18.44692492107873,target,3277996432.0,15
PEPE,1784612340000,1784612400000,2.91e-06,2.92e-06,18.45027704837623,target,3278592101.0,15
PEPE,1784614140000,1784614200000,2.91e-06,2.92e-06,18.45362977781724,target,3279187877.0,15
PEPE,1784614680000,1784614740000,2.91e-06,2.92e-06,18.456983120652797,target,3279783762.0,15
PEPE,1784617080000,1784617140000,2.91e-06,2.92e-06,18.46033707689017,target,3280379756.0,15
PEPE,1784618400000,1784618460000,2.91e-06,2.92e-06,18.463691635267423,target,3280975857.0,15
PEPE,1784619120000,1784619180000,2.91e-06,2.92e-06,18.467046807041033,target,3281572067.0,15
PEPE,1784619840000,1784620320000,2.92e-06,2.93e-06,18.41225851086186,target,3280580581.0,15
PEPE,1784620740000,1784622240000,2.92e-06,2.93e-06,18.415593800724558,target,3281174842.0,15
PEPE,1784622720000,1784622840000,2.91e-06,2.92e-06,18.477094843351537,target,3283357591.0,15
PEPE,1784623860000,1784623980000,2.91e-06,2.92e-06,18.480452451834957,target,3283954234.0,15
PEPE,1784624520000,1784624880000,2.92e-06,2.93e-06,18.42562438214969,target,3282962028.0,15
PEPE,1784626080000,1784626500000,2.9300000000000003e-06,2.9400000000000002e-06,18.370821550267134,target,3281969013.0,15
PEPE,1784627220000,1784627340000,2.9300000000000003e-06,2.9400000000000002e-06,18.374138835875062,target,3282561650.0,15
PEPE,1784628120000,1784628240000,2.9300000000000003e-06,2.9400000000000002e-06,18.37745672601221,target,3283154395.0,15
PEPE,1784679780000,1784679840000,2.88e-06,2.89e-06,18.672199380679235,target,3291705488.0,15
PEPE,1784680320000,1784680380000,2.88e-06,2.89e-06,18.675624543957063,target,3292309307.0,15
PEPE,1784681580000,1784681640000,2.88e-06,2.89e-06,18.679050342555275,target,3292913238.0,15
PEPE,1784682420000,1784682480000,2.88e-06,2.89e-06,18.68247676512691,target,3293517279.0,15
PEPE,1784683080000,1784683140000,2.88e-06,2.89e-06,18.685903817346357,target,3294121431.0,15
PEPE,1784683980000,1784684100000,2.87e-06,2.88e-06,18.74783954793599,target,3296323437.0,15
PEPE,1784686020000,1784686080000,2.87e-06,2.88e-06,18.751289357937914,target,3296929997.0,15
PEPE,1784686620000,1784686680000,2.88e-06,2.89e-06,18.69621021096126,target,3295938336.0,15
PEPE,1784687820000,1784687880000,2.87e-06,2.88e-06,18.758180105435414,target,3298141557.0,15
PEPE,1784691240000,1784691420000,2.87e-06,2.88e-06,18.761631820748626,target,3298748452.0,15
PEPE,1784692320000,1784692560000,2.87e-06,2.88e-06,18.76508416737525,target,3299355458.0,15
PEPE,1784693280000,1784694060000,2.87e-06,2.88e-06,18.768537145313463,target,3299962575.0,15
PEPE,1784694840000,1784694960000,2.86e-06,2.87e-06,18.83063103419861,target,3302171159.0,15
PEPE,1784696220000,1784696400000,2.87e-06,2.88e-06,18.775455807062727,target,3301179043.0,15
PEPE,1784697420000,1784697480000,2.86e-06,2.87e-06,18.837572584803624,target,3303388441.0,15
PEPE,1784702220000,1784702280000,2.8400000000000003e-06,2.8500000000000002e-06,18.958566128142223,target,3307207349.0,15
PEPE,1784704320000,1784704380000,2.8400000000000003e-06,2.8500000000000002e-06,18.962087436648705,target,3307821620.0,15
PEPE,1784704980000,1784705040000,2.8400000000000003e-06,2.8500000000000002e-06,18.965609398662227,target,3308436005.0,15
PEPE,1784705520000,1784705580000,2.8400000000000003e-06,2.8500000000000002e-06,18.96913201991264,target,3309050505.0,15
PEPE,1784706540000,1784706660000,2.8400000000000003e-06,2.8500000000000002e-06,18.972655288934778,target,3309665118.0,15
PEPE,1784707680000,1784707740000,2.8400000000000003e-06,2.8500000000000002e-06,18.976179217193806,target,3310279846.0,15
PEPE,1784710680000,1784710740000,2.83e-06,2.84e-06,19.03861325126659,target,3312503393.0,15
PEPE,1784711820000,1784711880000,2.8400000000000003e-06,2.8500000000000002e-06,18.983239971838785,target,3311511552.0,15
PEPE,1784713920000,1784714100000,2.8400000000000003e-06,2.8500000000000002e-06,18.98676586061347,target,3312126622.0,15
PEPE,1784764920000,1784765100000,2.88e-06,2.89e-06,18.75509452182781,target,3306318999.0,15
PEPE,1784765580000,1784765700000,2.88e-06,2.89e-06,18.758534893077726,target,3306925499.0,15
PEPE,1784768880000,1784768940000,2.88e-06,2.89e-06,18.761975899648025,target,3307532111.0,15
PEPE,1784774820000,1784774940000,2.8500000000000002e-06,2.86e-06,18.941827365090898,target,3312956251.0,15
PEPE,1784775420000,1784775480000,2.8500000000000002e-06,2.86e-06,18.945334656833676,target,3313569682.0,15
PEPE,1784777040000,1784777100000,2.8400000000000003e-06,2.8500000000000002e-06,19.007781927908177,target,3315792748.0,15
PEPE,1784777640000,1784777700000,2.8400000000000003e-06,2.8500000000000002e-06,19.011312379754226,target,3316408614.0,15
PEPE,1784778420000,1784778480000,2.8400000000000003e-06,2.8500000000000002e-06,19.014843485103675,target,3317024594.0,15
PEPE,1784779320000,1784779800000,2.8400000000000003e-06,2.8500000000000002e-06,19.018375243960165,target,3317640688.0,15
PEPE,1784780220000,1784780580000,2.8500000000000002e-06,2.86e-06,18.962924534149877,target,3316646180.0,15
PEPE,1784781120000,1784781180000,2.8500000000000002e-06,2.86e-06,18.966435730942063,target,3317260294.0,15
PEPE,1784781720000,1784782140000,2.8500000000000002e-06,2.86e-06,18.969947573816288,target,3317874521.0,15
PEPE,1784782620000,1784782680000,2.8400000000000003e-06,2.8500000000000002e-06,19.032475972937057,target,3320100475.0,15
PEPE,1784783820000,1784783880000,2.8400000000000003e-06,2.8500000000000002e-06,19.036011010782982,target,3320717141.0,15
PEPE,1784786820000,1784786880000,2.8400000000000003e-06,2.8500000000000002e-06,19.039546702132306,target,3321333921.0,15
PEPE,1784789880000,1784791740000,2.8500000000000002e-06,2.83e-06,-87.59882535804421,time,3320338306.0,15
PEPE,1784792400000,1784792460000,2.8400000000000003e-06,2.8500000000000002e-06,19.02681270433885,target,3319112552.0,15
PEPE,1784793780000,1784793900000,2.8400000000000003e-06,2.8500000000000002e-06,19.030346687402478,target,3319729034.0,15
PEPE,1784795580000,1784795640000,2.8500000000000002e-06,2.86e-06,18.974861067531098,target,3318733899.0,15
PEPE,1784796180000,1784796240000,2.8500000000000002e-06,2.86e-06,18.9783744769986,target,3319348400.0,15
PEPE,1784797740000,1784798220000,2.86e-06,2.87e-06,18.92290371132745,target,3318352251.0,15
PEPE,1784798520000,1784798580000,2.86e-06,2.87e-06,18.92639660662702,target,3318964771.0,15
PEPE,1784799120000,1784799180000,2.86e-06,2.87e-06,18.92989015201014,target,3319577405.0,15
PEPE,1784799720000,1784799900000,2.8500000000000002e-06,2.86e-06,18.992401837237693,target,3321801808.0,15
PEPE,1784851320000,1784851440000,2.78e-06,2.79e-06,19.410727485167335,target,3333744523.0,15
PEPE,1784853420000,1784854020000,2.77e-06,2.78e-06,19.473900782224312,target,3336000134.0,15
PEPE,1784854500000,1784854620000,2.77e-06,2.78e-06,19.47759662022425,target,3336633254.0,15
PEPE,1784855220000,1784855340000,2.78e-06,2.79e-06,19.4217698797069,target,3335641027.0,15
PEPE,1784856000000,1784856060000,2.77e-06,2.78e-06,19.484979113836737,target,3337897921.0,15
PEPE,1784856540000,1784856900000,2.77e-06,2.78e-06,19.488677059173202,target,3338531402.0,15
PEPE,1784858640000,1784859180000,2.78e-06,2.79e-06,19.432818556725,target,3337538610.0,15
PEPE,1784860320000,1784860380000,2.78e-06,2.79e-06,19.436495331556365,target,3338170087.0,15
PEPE,1784860980000,1784861040000,2.77e-06,2.78e-06,19.499752489549365,target,3340428692.0,15
PEPE,1784864400000,1784864460000,2.78e-06,2.79e-06,19.443862243861222,target,3339435336.0,15
PEPE,1784865480000,1784865540000,2.78e-06,2.79e-06,19.447541108970665,target,3340067172.0,15
PEPE,1784867520000,1784867640000,2.78e-06,2.79e-06,19.451220672779577,target,3340699128.0,15
PEPE,1784868480000,1784868540000,2.77e-06,2.78e-06,19.514525754349545,target,3342959444.0,15
PEPE,1784869920000,1784870160000,2.78e-06,2.79e-06,19.458593163037712,target,3341965335.0,15
PEPE,1784872560000,1784872620000,2.77e-06,2.78e-06,19.52192224044864,target,3344226508.0,15
PEPE,1784872920000,1784873040000,2.77e-06,2.78e-06,19.525627196624356,target,3344861190.0,15
PEPE,1784873760000,1784873820000,2.78e-06,2.79e-06,19.469662789410144,target,3343866516.0,15
PEPE,1784874180000,1784874300000,2.78e-06,2.79e-06,19.473346533775217,target,3344499190.0,15
PEPE,1784875740000,1784875800000,2.78e-06,2.79e-06,19.47703097683794,target,3345131984.0,15
PEPE,1784876280000,1784876340000,2.78e-06,2.79e-06,19.48071611860559,target,3345764898.0,15
PEPE,1784876820000,1784876880000,2.79e-06,2.8e-06,19.42474486407299,target,3344768810.0,15
PEPE,1784877480000,1784878980000,2.81e-06,2.77e-06,-154.61601142141225,stop,3342145613.0,15
PEPE,1784881500000,1784881680000,2.79e-06,2.8e-06,19.399244387103465,target,3340377854.0,15
PEPE,1784883600000,1784883720000,2.79e-06,2.8e-06,19.402903576704563,target,3341007934.0,15
PEPE,1784937780000,1784937900000,2.7100000000000003e-06,2.7200000000000002e-06,19.885004735438024,target,3354703456.0,15
PEPE,1784941440000,1784941620000,2.7100000000000003e-06,2.7200000000000002e-06,19.88884801974303,target,3355351838.0,15
PEPE,1784942520000,1784942580000,2.7100000000000003e-06,2.7200000000000002e-06,19.89269204498547,target,3356000345.0,15
PEPE,1784943120000,1784943240000,2.7100000000000003e-06,2.7200000000000002e-06,19.896536811165348,target,3356648977.0,15
PEPE,1784943840000,1784944080000,2.7100000000000003e-06,2.7200000000000002e-06,19.90038232421188,target,3357297735.0,15
PEPE,1784945040000,1784945340000,2.7100000000000003e-06,2.7200000000000002e-06,19.904228578194026,target,3357946618.0,15
PEPE,1784946480000,1784946780000,2.7100000000000003e-06,2.7200000000000002e-06,19.90807557904283,target,3358595627.0,15
PEPE,1784947320000,1784947440000,2.7100000000000003e-06,2.7200000000000002e-06,19.91192332082543,target,3359244761.0,15
PEPE,1784949480000,1784949540000,2.7e-06,2.71e-06,19.975933093615367,target,3361536911.0,15
PEPE,1784951280000,1784951400000,2.7e-06,2.71e-06,19.979805618822898,target,3362188577.0,15
PEPE,1784952840000,1784952900000,2.7e-06,2.71e-06,19.983678886838508,target,3362840368.0,15
PEPE,1784953920000,1784953980000,2.7e-06,2.71e-06,19.98755290955382,target,3363492286.0,15
PEPE,1784954520000,1784954580000,2.7e-06,2.71e-06,19.991427681024838,target,3364144330.0,15
PEPE,1784955240000,1784955420000,2.7e-06,2.71e-06,19.995303207191924,target,3364796501.0,15
PEPE,1784956500000,1784956620000,2.7e-06,2.71e-06,19.999179482114716,target,3365448798.0,15
PEPE,1784957220000,1784957640000,2.7e-06,2.71e-06,20.003056505791395,target,3366101221.0,15
PEPE,1784958420000,1784958480000,2.69e-06,2.7e-06,20.06724789706508,target,3368400822.0,15
PEPE,1784960520000,1784961240000,2.69e-06,2.65e-06,-154.95129823760394,stop,3369055786.0,15
PEPE,1784963460000,1784963520000,2.6700000000000003e-06,2.68e-06,20.16166707700048,target,3367293040.0,15
PEPE,1784964540000,1784964840000,2.6700000000000003e-06,2.68e-06,20.165610989362293,target,3367951731.0,15
PEPE,1784965320000,1784965380000,2.6700000000000003e-06,2.68e-06,20.16955566812362,target,3368610550.0,15
PEPE,1784965980000,1784966040000,2.6700000000000003e-06,2.68e-06,20.173501119274608,target,3369269498.0,15
PEPE,1784966520000,1784967240000,2.6700000000000003e-06,2.68e-06,20.17744734879993,target,3369928576.0,15
PEPE,1784967720000,1784968020000,2.6700000000000003e-06,2.68e-06,20.18139434472477,target,3370587782.0,15
PEPE,1785024420000,1785024480000,2.74e-06,2.75e-06,19.763614942725706,target,3359730547.0,15
PEPE,1785025080000,1785025200000,2.74e-06,2.75e-06,19.76740021970965,target,3360374028.0,15
PEPE,1785026460000,1785026520000,2.74e-06,2.75e-06,19.77118621435716,target,3361017631.0,15
PEPE,1785026940000,1785027000000,2.74e-06,2.75e-06,19.774972938436203,target,3361661358.0,15
PEPE,1785027720000,1785027780000,2.74e-06,2.75e-06,19.778760386060064,target,3362305208.0,15
PEPE,1785028920000,1785029040000,2.74e-06,2.75e-06,19.78254855723238,target,3362949181.0,15
PEPE,1785030000000,1785030060000,2.74e-06,2.75e-06,19.78633745783259,target,3363593278.0,15
PEPE,1785031200000,1785031260000,2.7600000000000003e-06,2.77e-06,19.67000138678293,target,3360957093.0,15
PEPE,1785031740000,1785031860000,2.7600000000000003e-06,2.77e-06,19.67374586310079,target,3361596901.0,15
PEPE,1785032220000,1785032340000,2.78e-06,2.79e-06,19.557553741324032,target,3358961570.0,15
PEPE,1785034140000,1785035280000,2.87e-06,2.83e-06,-155.19658807070917,stop,3344934276.0,15
PEPE,1785037920000,1785037980000,2.87e-06,2.88e-06,18.995755818811453,target,3339913111.0,15
PEPE,1785039120000,1785039720000,2.91e-06,2.92e-06,18.762424991039488,target,3334060416.0,15
PEPE,1785040140000,1785041040000,2.92e-06,2.88e-06,-155.02029833220897,stop,3333053071.0,15
PEPE,1785042420000,1785042480000,2.9e-06,2.91e-06,18.796707118192018,target,3331272861.0,15
PEPE,1785043200000,1785043860000,2.9300000000000003e-06,2.9400000000000002e-06,18.623145000358875,target,3327046896.0,15
PEPE,1785044220000,1785044280000,2.9300000000000003e-06,2.9400000000000002e-06,18.62650784961667,target,3327647673.0,15
PEPE,1785044820000,1785044940000,2.95e-06,2.96e-06,18.51212141122806,target,3325033033.0,15
PEPE,1785045420000,1785046320000,2.95e-06,2.91e-06,-154.8995150694531,stop,3325629651.0,15
PEPE,1785050220000,1785050280000,3e-06,3.01e-06,18.194655196313107,target,3312636358.0,15
PEPE,1785050940000,1785051000000,3.01e-06,3.02e-06,18.139428424285796,target,3311625454.0,15
PEPE,1785051420000,1785051780000,3.04e-06,3e-06,-154.72153357867796,stop,3307429106.0,15
PEPE,1785056280000,1785056460000,2.9800000000000003e-06,2.99e-06,18.290642798308923,target,3312022236.0,15
PEPE,1785056880000,1785057000000,2.9800000000000003e-06,2.99e-06,18.293893496439065,target,3312610864.0,15
PEPE,1785110520000,1785110580000,2.9700000000000004e-06,2.9800000000000003e-06,18.355696942936998,target,3314798545.0,15
PEPE,1785113340000,1785114000000,2.9700000000000004e-06,2.9800000000000003e-06,18.358969638662046,target,3315389551.0,15
PEPE,1785118320000,1785119940000,2.9400000000000002e-06,2.95e-06,18.538301784500607,target,3320788497.0,15
PEPE,1785121020000,1785121080000,2.9300000000000003e-06,2.9400000000000002e-06,18.600449108179504,target,3322992248.0,15
PEPE,1785122280000,1785122400000,2.9400000000000002e-06,2.95e-06,18.544986861746295,target,3321986003.0,15
PEPE,1785122820000,1785122880000,2.9400000000000002e-06,2.95e-06,18.548325012523396,target,3322583970.0,15
PEPE,1785124140000,1785125220000,2.9400000000000002e-06,2.95e-06,18.551663760629992,target,3323182044.0,15
PEPE,1785125520000,1785125640000,2.9300000000000003e-06,2.9400000000000002e-06,18.613855881940403,target,3325387384.0,15
PEPE,1785127500000,1785127620000,2.95e-06,2.96e-06,18.499547134532122,target,3322774519.0,15
PEPE,1785128100000,1785128160000,2.95e-06,2.96e-06,18.502866550410257,target,3323370732.0,15
PEPE,1785129120000,1785129180000,2.95e-06,2.96e-06,18.50618656757689,target,3323967053.0,15
PEPE,1785130440000,1785130500000,2.99e-06,3e-06,18.274721793026664,target,3318151937.0,15
PEPE,1785130920000,1785131100000,2.99e-06,3e-06,18.277959277765177,target,3318739769.0,15
PEPE,1785132360000,1785132420000,3.0300000000000002e-06,3.04e-06,18.047232914549344,target,3312938580.0,15
PEPE,1785132840000,1785132900000,3.0300000000000002e-06,3.04e-06,18.050389179706862,target,3313517977.0,15
PEPE,1785133560000,1785133620000,3.0300000000000002e-06,3.04e-06,18.0535459950626,target,3314097475.0,15
PEPE,1785134520000,1785134640000,3.0600000000000003e-06,3.0700000000000003e-06,17.88172849930679,target,3309898843.0,15
PEPE,1785136500000,1785136740000,3.0600000000000003e-06,3.0200000000000003e-06,-155.0128560356745,stop,3310472099.0,15
PEPE,1785145320000,1785145440000,2.96e-06,2.97e-06,18.442421708379822,target,3321462712.0,15
PEPE,1785146580000,1785146640000,2.96e-06,2.97e-06,18.4457203653428,target,3322056797.0,15
PEPE,1785147120000,1785147180000,2.96e-06,2.97e-06,18.44901961642047,target,3322650989.0,15
PEPE,1785148440000,1785148500000,2.96e-06,2.97e-06,18.452319456065737,target,3323245287.0,15
PEPE,1785149580000,1785149700000,2.96e-06,2.97e-06,18.455619884276793,target,3323839691.0,15
PEPE,1785153480000,1785153540000,2.95e-06,2.96e-06,18.517728379234477,target,3326040122.0,15
PEPE,1785197880000,1785198060000,2.82e-06,2.83e-06,19.290889269035837,target,3347659743.0,15
PEPE,1785202620000,1785202680000,2.79e-06,2.8e-06,19.473566785939852,target,3353175512.0,15
PEPE,1785203280000,1785203340000,2.79e-06,2.8e-06,19.477239994843725,target,3353808006.0,15
PEPE,1785204900000,1785205080000,2.79e-06,2.8e-06,19.480913889035563,target,3354440618.0,15
PEPE,1785205620000,1785206820000,2.8000000000000003e-06,2.81e-06,19.42480582820665,target,3353440799.0,15
PEPE,1785207180000,1785207240000,2.8000000000000003e-06,2.81e-06,19.428458596085967,target,3354071402.0,15
PEPE,1785207720000,1785207780000,2.8000000000000003e-06,2.81e-06,19.43211204747513,target,3354702123.0,15
PEPE,1785208320000,1785208380000,2.8000000000000003e-06,2.81e-06,19.43576618817764,target,3355332963.0,15
PEPE,1785209280000,1785209340000,2.8000000000000003e-06,2.81e-06,19.43942101239181,target,3355963921.0,15
PEPE,1785211320000,1785211380000,2.8000000000000003e-06,2.81e-06,19.44307652591388,target,3356594998.0,15
PEPE,1785211980000,1785212040000,2.81e-06,2.82e-06,19.386940810724035,target,3355593390.0,15
PEPE,1785214020000,1785214200000,2.81e-06,2.82e-06,19.390575245316654,target,3356222457.0,15
PEPE,1785215220000,1785215400000,2.82e-06,2.83e-06,19.334454178174237,target,3355219814.0,15
PEPE,1785216360000,1785216480000,2.81e-06,2.82e-06,19.397834957164356,target,3357479006.0,15
PEPE,1785218100000,1785218160000,2.82e-06,2.83e-06,19.34169288084838,target,3356475988.0,15
PEPE,1785218700000,1785218760000,2.81e-06,2.82e-06,19.405097390215676,target,3358736026.0,15
PEPE,1785220020000,1785220140000,2.82e-06,2.83e-06,19.34893429189995,target,3357732632.0,15
PEPE,1785222480000,1785222540000,2.82e-06,2.83e-06,19.35255042776274,target,3358360161.0,15
PEPE,1785224520000,1785226380000,2.82e-06,2.8000000000000003e-06,-88.39176414120298,time,3358987807.0,15
PEPE,1785226920000,1785227100000,2.81e-06,2.82e-06,19.399419881408694,target,3357753333.0,15
PEPE,1785227640000,1785227820000,2.81e-06,2.82e-06,19.403056655887067,target,3358382805.0,15
PEPE,1785228360000,1785228420000,2.81e-06,2.82e-06,19.40669411211171,target,3359012395.0,15
PEPE,1785229020000,1785229080000,2.81e-06,2.82e-06,19.41033225008262,target,3359642103.0,15
PEPE,1785230880000,1785230940000,2.81e-06,2.82e-06,19.413971075575805,target,3360271930.0,15
PEPE,1785283980000,1785284040000,2.81e-06,2.82e-06,19.4176105770338,target,3360901874.0,15
PEPE,1785284700000,1785284760000,2.81e-06,2.82e-06,19.421250760239886,target,3361531936.0,15
PEPE,1785285240000,1785285540000,2.8000000000000003e-06,2.81e-06,19.484800592721257,target,3363798117.0,15
PEPE,1785286020000,1785287520000,2.81e-06,2.77e-06,-155.57127403323705,stop,3362794359.0,15
PEPE,1785289320000,1785291180000,2.79e-06,2.77e-06,-88.21825900830434,time,3361015678.0,15
PEPE,1785292020000,1785292080000,2.78e-06,2.79e-06,19.562354136384897,target,3359786026.0,15
PEPE,1785292620000,1785292680000,2.8000000000000003e-06,2.81e-06,19.446299519255945,target,3357151406.0,15
PEPE,1785293220000,1785295080000,2.8000000000000003e-06,2.78e-06,-88.2089516866195,time,3357782706.0,15
PEPE,1785300300000,1785301140000,2.74e-06,2.75e-06,19.79309861509513,target,3364742646.0,15
PEPE,1785301620000,1785301680000,2.74e-06,2.75e-06,19.79688953339545,target,3365387086.0,15
PEPE,1785302220000,1785302340000,2.74e-06,2.75e-06,19.800681181123664,target,3366031650.0,15
PEPE,1785304680000,1785305040000,2.7600000000000003e-06,2.77e-06,19.68426077478363,target,3363393554.0,15
PEPE,1785305760000,1785305880000,2.7500000000000004e-06,2.7600000000000003e-06,19.748096466539764,target,3365674728.0,15
PEPE,1785309480000,1785309600000,2.7600000000000003e-06,2.77e-06,19.691767302482994,target,3364676173.0,15
PEPE,1785310620000,1785310980000,2.7500000000000004e-06,2.7600000000000003e-06,19.755627344114277,target,3366958218.0,15
PEPE,1785311580000,1785311640000,2.7500000000000004e-06,2.7600000000000003e-06,19.759399595068405,target,3367601124.0,15
PEPE,1785312120000,1785312240000,2.7600000000000003e-06,2.77e-06,19.70303819329413,target,3366601998.0,15
PEPE,1785312780000,1785313080000,2.74e-06,2.75e-06,19.827139313149015,target,3370529420.0,15
PEPE,1785314580000,1785314640000,2.74e-06,2.75e-06,19.83093675514069,target,3371174969.0,15
PEPE,1785315120000,1785315240000,2.74e-06,2.75e-06,19.834734920682642,target,3371820641.0,15
PEPE,1785316440000,1785316500000,2.74e-06,2.75e-06,19.83853381565249,target,3372466437.0,15
PEPE,1785316920000,1785317400000,2.74e-06,2.75e-06,19.84233343416897,target,3373112356.0,15
PEPE,1785317820000,1785318000000,2.74e-06,2.75e-06,19.846133788000053,target,3373758400.0,15
PEPE,1785319620000,1785319800000,2.74e-06,2.75e-06,19.849934859494702,target,3374404566.0,15
PEPE,1785370020000,1785370080000,2.7200000000000002e-06,2.73e-06,19.974483945351114,target,3378348236.0,15
PEPE,1785370620000,1785370740000,2.73e-06,2.74e-06,19.917918115987,target,3377349405.0,15
PEPE,1785375120000,1785375180000,2.73e-06,2.74e-06,19.92174453783459,target,3377998226.0,15
PEPE,1785375720000,1785375960000,2.74e-06,2.75e-06,19.865192711520578,target,3376998336.0,15
PEPE,1785376920000,1785377100000,2.7500000000000004e-06,2.7600000000000003e-06,19.808665806516164,target,3375997581.0,15
PEPE,1785377760000,1785377820000,2.7500000000000004e-06,2.7600000000000003e-06,19.812448184777512,target,3376642213.0,15
PEPE,1785378420000,1785378720000,2.7500000000000004e-06,2.7600000000000003e-06,19.81623129060725,target,3377286969.0,15
PEPE,1785379320000,1785379620000,2.7500000000000004e-06,2.7600000000000003e-06,19.820015118140716,target,3377931848.0,15
PEPE,1785382800000,1785382860000,2.7500000000000004e-06,2.7600000000000003e-06,19.82379966150598,target,3378576849.0,15
PEPE,1785385020000,1785385260000,2.7500000000000004e-06,2.7600000000000003e-06,19.82758493244327,target,3379221974.0,15
PEPE,1785385860000,1785385920000,2.7500000000000004e-06,2.7600000000000003e-06,19.831370930950765,target,3379867223.0,15
PEPE,1785386220000,1785386460000,2.7500000000000004e-06,2.7600000000000003e-06,19.835157645295517,target,3380512594.0,15
PEPE,1785390120000,1785390180000,2.74e-06,2.75e-06,19.89936893649277,target,3382808149.0,15
PEPE,1785391320000,1785391440000,2.74e-06,2.75e-06,19.903180214123918,target,3383456050.0,15
PEPE,1785393300000,1785393360000,2.74e-06,2.75e-06,19.906992215305348,target,3384104074.0,15
PEPE,1785393780000,1785393840000,2.74e-06,2.75e-06,19.910804945914663,target,3384752222.0,15
PEPE,1785395100000,1785395400000,2.74e-06,2.75e-06,19.91461841183676,target,3385400495.0,15
PEPE,1785397020000,1785397140000,2.73e-06,2.74e-06,19.978973406036467,target,3387702146.0,15
PEPE,1785398340000,1785398580000,2.73e-06,2.74e-06,19.982811558007967,target,3388352956.0,15
PEPE,1785399720000,1785399840000,2.73e-06,2.74e-06,19.986650447171982,target,3389003891.0,15
PEPE,1785400320000,1785402180000,2.7500000000000004e-06,2.73e-06,-88.57840170746901,time,3386348149.0,15
PEPE,1785402720000,1785402840000,2.74e-06,2.75e-06,19.91294918187177,target,3385116733.0,15
PEPE,1785403320000,1785403380000,2.74e-06,2.75e-06,19.91676305956873,target,3385765076.0,15
PEPE,1785403920000,1785404100000,2.74e-06,2.75e-06,19.920577660815972,target,3386413542.0,15
PEPE,1785458640000,1785458700000,2.77e-06,2.78e-06,18.978433454601642,target,3251123504.0,16
PEPE,1785459120000,1785459240000,2.77e-06,2.78e-06,18.982035262148912,target,3251740516.0,16
PEPE,1785459720000,1785459840000,2.78e-06,2.79e-06,18.927628901715785,target,3250773534.0,16
PEPE,1785460320000,1785460380000,2.79e-06,2.8e-06,18.873246753743906,target,3249805726.0,16
PEPE,1785461520000,1785461700000,2.79e-06,2.8e-06,18.876806722207206,target,3250418721.0,16
PEPE,1785468300000,1785468360000,2.74e-06,2.75e-06,19.17085935950151,target,3258964617.0,16
PEPE,1785469440000,1785469500000,2.74e-06,2.75e-06,19.17453110423311,target,3259588798.0,16
PEPE,1785469920000,1785470040000,2.74e-06,2.75e-06,19.178203548984534,target,3260213098.0,16
PEPE,1785470580000,1785470640000,2.74e-06,2.75e-06,19.181876699635204,target,3260837518.0,16
PEPE,1785471300000,1785472260000,2.74e-06,2.75e-06,19.18555055618512,target,3261462058.0,16
PEPE,1785472680000,1785473220000,2.74e-06,2.75e-06,19.18922511275122,target,3262086717.0,16
PEPE,1785474120000,1785474180000,2.74e-06,2.75e-06,19.192900375220205,target,3262711496.0,16
PEPE,1785475500000,1785477360000,2.7500000000000004e-06,2.73e-06,-85.3190846099181,time,3261744609.0,16
PEPE,1785477780000,1785477900000,2.74e-06,2.75e-06,19.180235399778763,target,3260558504.0,16
PEPE,1785481440000,1785481500000,2.73e-06,2.74e-06,19.242217202004447,target,3262775278.0,16
PEPE,1785484620000,1785485040000,2.74e-06,2.75e-06,19.18759434845408,target,3261809494.0,16
PEPE,1785486120000,1785486480000,2.73e-06,2.74e-06,19.249599934300534,target,3264027119.0,16
PEPE,1785487020000,1785487080000,2.73e-06,2.74e-06,19.253297967573893,target,3264654170.0,16
PEPE,1785488100000,1785488220000,2.73e-06,2.74e-06,19.2569967085469,target,3265281341.0,16
PEPE,1785488520000,1785488640000,2.73e-06,2.74e-06,19.26069615721956,target,3265908632.0,16
PEPE,1785490080000,1785490140000,2.7200000000000002e-06,2.73e-06,19.3228288240626,target,3268131725.0,16
PEPE,1785491040000,1785491100000,2.7200000000000002e-06,2.73e-06,19.32655217954927,target,3268761468.0,16
PEPE,1785491580000,1785491640000,2.7200000000000002e-06,2.73e-06,19.330276256363053,target,3269391333.0,16
PEPE,1785494820000,1785494880000,2.73e-06,2.74e-06,19.275534762610565,target,3268424716.0,16
PEPE,1785543300000,1785543360000,2.7600000000000003e-06,2.77e-06,19.10414733260642,target,3264271223.0,16
PEPE,1785544320000,1785544680000,2.77e-06,2.78e-06,19.04952328263819,target,3263301633.0,16
PEPE,1785545340000,1785545460000,2.77e-06,2.78e-06,19.053138586486334,target,3263920957.0,16
PEPE,1785545880000,1785545940000,2.77e-06,2.78e-06,19.05675457332358,target,3264540398.0,16
PEPE,1785546480000,1785546540000,2.78e-06,2.79e-06,19.002134048402098,target,3263569609.0,16
PEPE,1785547440000,1785547560000,2.77e-06,2.78e-06,19.063977551412222,target,3265777739.0,16
PEPE,1785548700000,1785548760000,2.78e-06,2.79e-06,19.009336329517872,target,3264806583.0,16
PEPE,1785549720000,1785549780000,2.78e-06,2.79e-06,19.012932980926713,target,3265424299.0,16
PEPE,1785551760000,1785553620000,2.78e-06,2.77e-06,-53.040524223678005,time,3266042132.0,16
PEPE,1785555120000,1785555180000,2.77e-06,2.78e-06,19.06474536946085,target,3265909271.0,16
PEPE,1785555780000,1785555900000,2.77e-06,2.78e-06,19.068363557036307,target,3266529089.0,16
PEPE,1785562140000,1785562200000,2.78e-06,2.79e-06,19.013709760652336,target,3265557709.0,16
PEPE,1785564120000,1785564180000,2.79e-06,2.8e-06,18.959080291248615,target,3264585500.0,16
PEPE,1785566580000,1785566640000,2.78e-06,2.79e-06,19.020894382125064,target,3266791650.0,16
PEPE,1785567840000,1785568020000,2.79e-06,2.8e-06,18.966244266446147,target,3265819073.0,16
PEPE,1785568380000,1785568440000,2.78e-06,2.79e-06,19.028081716881974,target,3268026057.0,16
PEPE,1785568920000,1785569040000,2.78e-06,2.79e-06,19.031681920016908,target,3268644383.0,16
PEPE,1785570540000,1785570660000,2.78e-06,2.79e-06,19.0352827985609,target,3269262825.0,16
PEPE,1785571620000,1785571680000,2.77e-06,2.78e-06,19.09723418586179,target,3271474807.0,16
PEPE,1785573720000,1785574500000,2.78e-06,2.79e-06,19.042497638809778,target,3270501956.0,16
PEPE,1785574980000,1785575040000,2.77e-06,2.78e-06,19.104472510737757,target,3272714777.0,16
PEPE,1785578040000,1785578220000,2.7600000000000003e-06,2.77e-06,19.166538189778088,target,3274931771.0,16
PEPE,1785578520000,1785580380000,2.7600000000000003e-06,2.74e-06,-85.75403521454227,time,3275555203.0,16
PEPE,1785583320000,1785583380000,2.7500000000000004e-06,2.7600000000000003e-06,19.212320548813636,target,3274362258.0,16
PEPE,1785628920000,1785628980000,2.77e-06,2.78e-06,19.09910717108795,target,3271795661.0,16
PEPE,1785629760000,1785629820000,2.78e-06,2.79e-06,19.044365258087673,target,3270822715.0,16
PEPE,1785630360000,1785630420000,2.78e-06,2.79e-06,19.047968535503543,target,3271441569.0,16
PEPE,1785631680000,1785631920000,2.78e-06,2.79e-06,19.05157249997095,target,3272060541.0,16
PEPE,1785633540000,1785633600000,2.81e-06,2.82e-06,18.880318687838965,target,3267904576.0,16
PEPE,1785634260000,1785634320000,2.81e-06,2.82e-06,18.88385815188777,target,3268517205.0,16
PEPE,1785637020000,1785637080000,2.86e-06,2.87e-06,18.59698982941011,target,3261199444.0,16
PEPE,1785638220000,1785638460000,2.8500000000000002e-06,2.86e-06,18.65840218233702,target,3263384728.0,16
PEPE,1785639420000,1785639480000,2.8500000000000002e-06,2.86e-06,18.661856993148533,target,3263988980.0,16
PEPE,1785641880000,1785642180000,2.88e-06,2.89e-06,18.491477858798277,target,3259846251.0,16
PEPE,1785643500000,1785643560000,2.87e-06,2.88e-06,18.552769155375078,target,3262025346.0,16
PEPE,1785646440000,1785646560000,2.88e-06,2.89e-06,18.49827313373818,target,3261044184.0,16
PEPE,1785648240000,1785648300000,2.88e-06,2.89e-06,18.50166640054968,target,3261642380.0,16
PEPE,1785651180000,1785651240000,2.92e-06,2.93e-06,18.273896057150303,target,3255928028.0,16
PEPE,1785655080000,1785655200000,2.92e-06,2.93e-06,18.277206287199373,target,3256517824.0,16
PEPE,1785655680000,1785655740000,2.92e-06,2.93e-06,18.28051711217382,target,3257107726.0,16
PEPE,1785656280000,1785656340000,2.92e-06,2.93e-06,18.283828543298753,target,3257697736.0,16
PEPE,1785658080000,1785658320000,2.9300000000000003e-06,2.9400000000000002e-06,18.229447446294216,target,3256712362.0,16
PEPE,1785661980000,1785662100000,2.91e-06,2.92e-06,18.348202144406404,target,3260453513.0,16
PEPE,1785662880000,1785664140000,2.91e-06,2.92e-06,18.351536325607817,target,3261045993.0,16
PEPE,1785665520000,1785665580000,2.9e-06,2.91e-06,18.41270746907609,target,3263217983.0,16
PEPE,1785667080000,1785667200000,2.9e-06,2.91e-06,18.416063915843644,target,3263812834.0,16
PEPE,1785667620000,1785667740000,2.9e-06,2.91e-06,18.41942097764542,target,3264407794.0,16
PEPE,1785668220000,1785668280000,2.8900000000000003e-06,2.9e-06,18.480702708291872,target,3266584659.0,16
PEPE,1785715380000,1785715440000,2.9e-06,2.91e-06,18.42614749781744,target,3265599911.0,16
PEPE,1785715980000,1785716100000,2.8900000000000003e-06,2.9e-06,18.487451602274355,target,3267777570.0,16
PEPE,1785717900000,1785719760000,2.8900000000000003e-06,2.87e-06,-86.52206052303274,time,3268375126.0,16
PEPE,1785721620000,1785721740000,2.87e-06,2.88e-06,18.590991504312814,target,3268745759.0,16
PEPE,1785723720000,1785723780000,2.87e-06,2.88e-06,18.59441245024919,target,3269347244.0,16
PEPE,1785725100000,1785725220000,2.87e-06,2.88e-06,18.59783402749898,target,3269948840.0,16
PEPE,1785725640000,1785725700000,2.87e-06,2.88e-06,18.601256230374837,target,3270550546.0,16
PEPE,1785727020000,1785727080000,2.86e-06,2.87e-06,18.662796685113925,target,3272739445.0,16
PEPE,1785727800000,1785727920000,2.86e-06,2.87e-06,18.666241576767135,target,3273343547.0,16
PEPE,1785728220000,1785728280000,2.86e-06,2.87e-06,18.66968709569724,target,3273947759.0,16
PEPE,1785728820000,1785730620000,2.86e-06,2.87e-06,18.67313325330665,target,3274552083.0,16
PEPE,1785730920000,1785730980000,2.86e-06,2.87e-06,18.676580049597185,target,3275156519.0,16
PEPE,1785731700000,1785731820000,2.86e-06,2.87e-06,18.68002747886491,target,3275761066.0,16
PEPE,1785732120000,1785732180000,2.86e-06,2.87e-06,18.683475546811948,target,3276365725.0,16
PEPE,1785732720000,1785732960000,2.86e-06,2.87e-06,18.68692425344011,target,3276970496.0,16
PEPE,1785733320000,1785733440000,2.86e-06,2.87e-06,18.690373593043642,target,3277575378.0,16
PEPE,1785734340000,1785734400000,2.86e-06,2.87e-06,18.69382357133012,target,3278180372.0,16
PEPE,1785737040000,1785737400000,2.8500000000000002e-06,2.86e-06,18.755555697611182,target,3280377035.0,16
PEPE,1785742860000,1785742920000,2.83e-06,2.84e-06,18.875783047302786,target,3284172779.0,16
PEPE,1785743280000,1785743340000,2.83e-06,2.84e-06,18.879299856338932,target,3284784664.0,16
PEPE,1785743880000,1785743940000,2.83e-06,2.84e-06,18.88281732634031,target,3285396664.0,16
PEPE,1785744720000,1785744840000,2.83e-06,2.84e-06,18.886335451553194,target,3286008778.0,16
PEPE,1785745560000,1785745680000,2.82e-06,2.83e-06,18.948360224174376,target,3288218694.0,16
PEPE,1785747420000,1785747480000,2.83e-06,2.84e-06,18.893384570637437,target,3287235245.0,16
PEPE,1785802440000,1785802500000,2.9e-06,2.91e-06,18.48879698783633,target,3276703055.0,16
PEPE,1785802920000,1785802980000,2.9e-06,2.91e-06,18.492167309511693,target,3277300365.0,16
PEPE,1785804480000,1785804600000,2.8900000000000003e-06,2.9e-06,18.553691066250735,target,3279485827.0,16
PEPE,1785805620000,1785805680000,2.8900000000000003e-06,2.9e-06,18.557083846372418,target,3280085523.0,16
PEPE,1785806220000,1785806280000,2.9e-06,2.91e-06,18.502303157961165,target,3279096705.0,16
PEPE,1785806820000,1785806940000,2.91e-06,2.92e-06,18.447547570187744,target,3278107076.0,16
PEPE,1785807420000,1785807480000,2.9300000000000003e-06,2.9400000000000002e-06,18.334790605093282,target,3275532042.0,16
PEPE,1785812580000,1785812700000,2.9400000000000002e-06,2.95e-06,18.280120493441817,target,3274540169.0,16
PEPE,1785814620000,1785814680000,2.9400000000000002e-06,2.95e-06,18.28341096408654,target,3275129595.0,16
PEPE,1785815280000,1785815340000,2.9400000000000002e-06,2.95e-06,18.286702032058933,target,3275719128.0,16
PEPE,1785816780000,1785816840000,2.9300000000000003e-06,2.9400000000000002e-06,18.348005899574986,target,3277892970.0,16
PEPE,1785818220000,1785818280000,2.9400000000000002e-06,2.95e-06,18.293296382514093,target,3276900382.0,16
PEPE,1785819420000,1785820500000,2.96e-06,2.92e-06,-152.58355781499907,stop,3274325275.0,16
PEPE,1785822000000,1785822180000,2.9300000000000003e-06,2.9400000000000002e-06,18.327069771834104,target,3274152706.0,16
PEPE,1785823320000,1785823380000,2.9300000000000003e-06,2.9400000000000002e-06,18.33037915936955,target,3274743932.0,16
PEPE,1785829020000,1785829560000,2.92e-06,2.93e-06,18.391712175449996,target,3276919764.0,16
PEPE,1785830520000,1785830760000,2.92e-06,2.93e-06,18.395043744224168,target,3277513362.0,16
PEPE,1785831180000,1785831240000,2.91e-06,2.92e-06,18.456476156060596,target,3279693675.0,16
PEPE,1785831780000,1785831840000,2.91e-06,2.92e-06,18.459830016628796,target,3280289652.0,16
PEPE,1785832920000,1785832980000,2.91e-06,2.92e-06,18.46318449059517,target,3280885738.0,16
PEPE,1785833580000,1785833700000,2.91e-06,2.92e-06,18.466539566703247,target,3281481931.0,16
PEPE,1785834480000,1785836340000,2.91e-06,2.88e-06,-119.80406070008291,time,3282078233.0,16
PEPE,1785839100000,1785839220000,2.8900000000000003e-06,2.9e-06,18.564441498669357,target,3281386036.0,16
PEPE,1785839520000,1785839580000,2.8900000000000003e-06,2.9e-06,18.56783624759912,target,3281986080.0,16
PEPE,1785896640000,1785896700000,2.8900000000000003e-06,2.9e-06,18.571231618855126,target,3282586234.0,16
PEPE,1785897120000,1785897240000,2.8900000000000003e-06,2.9e-06,18.574627612435552,target,3283186498.0,16
PEPE,1785898020000,1785898140000,2.8900000000000003e-06,2.9e-06,18.578024222682615,target,3283786871.0,16
PEPE,1785898860000,1785898920000,2.8900000000000003e-06,2.9e-06,18.581421455254095,target,3284387354.0,16
PEPE,1785899220000,1785899280000,2.88e-06,2.89e-06,18.643126167481707,target,3286580197.0,16
PEPE,1785903720000,1785905580000,2.86e-06,2.84e-06,-86.88229367838088,time,3290372796.0,16
PEPE,1785906660000,1785906720000,2.86e-06,2.87e-06,18.747313631498503,target,3287560479.0,16
PEPE,1785907020000,1785907080000,2.86e-06,2.87e-06,18.750774119487524,target,3288167316.0,16
PEPE,1785908580000,1785908700000,2.86e-06,2.87e-06,18.754235246163134,target,3288774265.0,16
PEPE,1785909120000,1785909240000,2.86e-06,2.87e-06,18.75769701151441,target,3289381326.0,16
PEPE,1785910740000,1785912120000,2.86e-06,2.87e-06,18.761159415546818,target,3289988499.0,16
PEPE,1785912840000,1785912960000,2.8500000000000002e-06,2.86e-06,18.82311390059532,target,3292193074.0,16
PEPE,1785913980000,1785914040000,2.8500000000000002e-06,2.86e-06,18.82659920854919,target,3292802660.0,16
PEPE,1785914880000,1785914940000,2.8500000000000002e-06,2.86e-06,18.830085168300172,target,3293412360.0,16
PEPE,1785916020000,1785916140000,2.8500000000000002e-06,2.86e-06,18.833571768410838,target,3294022172.0,16
PEPE,1785916620000,1785916680000,2.8500000000000002e-06,2.86e-06,18.837059014598083,target,3294632097.0,16
PEPE,1785917220000,1785919020000,2.86e-06,2.87e-06,18.78200128891291,target,3293643365.0,16
PEPE,1785921120000,1785921240000,2.86e-06,2.87e-06,18.785468175108356,target,3294251324.0,16
PEPE,1785921720000,1785921900000,2.87e-06,2.88e-06,18.730425276062483,target,3293261587.0,16
PEPE,1785923820000,1785923880000,2.87e-06,2.88e-06,18.733871883998606,target,3293867584.0,16
PEPE,1785924660000,1785924840000,2.87e-06,2.88e-06,18.737319117562613,target,3294473691.0,16
PEPE,1785925500000,1785925620000,2.87e-06,2.88e-06,18.7407669938129,target,3295079911.0,16
PEPE,1785926760000,1785926880000,2.87e-06,2.88e-06,18.744215495687435,target,3295686241.0,16
PEPE,1785929280000,1785929400000,2.86e-06,2.87e-06,18.806228919006728,target,3297891963.0,16
PEPE,1785976020000,1785976080000,2.88e-06,2.89e-06,18.692606885800604,target,3295303109.0,16
PEPE,1785976740000,1785976800000,2.87e-06,2.88e-06,18.754564834688434,target,3297505905.0,16
PEPE,1785977220000,1785977280000,2.88e-06,2.89e-06,18.699476067746154,target,3296514071.0,16
PEPE,1785977820000,1785977880000,2.8900000000000003e-06,2.9e-06,18.644412422334508,target,3295521418.0,16
PEPE,1785979020000,1785980880000,2.88e-06,2.86e-06,-87.22473880629866,time,3297721694.0,16
PEPE,1785984600000,1785984720000,2.8400000000000003e-06,2.8500000000000002e-06,18.924711754485443,target,3301301658.0,16
PEPE,1785985080000,1785985140000,2.8400000000000003e-06,2.8500000000000002e-06,18.928226774439842,target,3301914832.0,16
PEPE,1785986220000,1785986280000,2.8400000000000003e-06,2.8500000000000002e-06,18.931742447899467,target,3302528120.0,16
PEPE,1785986820000,1785986880000,2.8400000000000003e-06,2.8500000000000002e-06,18.9352587748643,target,3303141522.0,16
PEPE,1785987840000,1785988020000,2.8400000000000003e-06,2.8500000000000002e-06,18.93877574960269,target,3303755037.0,16
PEPE,1785988620000,1785988800000,2.8400000000000003e-06,2.8500000000000002e-06,18.942293383577965,target,3304368667.0,16
PEPE,1785990120000,1785990180000,2.83e-06,2.84e-06,19.004615932389548,target,3306588244.0,16
PEPE,1785991620000,1785991680000,2.8400000000000003e-06,2.8500000000000002e-06,18.949341532454962,target,3305598174.0,16
PEPE,1785993180000,1785993240000,2.8500000000000002e-06,2.86e-06,18.89409210052992,target,3304607276.0,16
PEPE,1785993840000,1785994020000,2.8500000000000002e-06,2.86e-06,18.89759054729925,target,3305219160.0,16
PEPE,1785995040000,1785995100000,2.8500000000000002e-06,2.86e-06,18.901089651582588,target,3305831159.0,16
PEPE,1785996000000,1785996060000,2.8500000000000002e-06,2.86e-06,18.90458939622561,target,3306443270.0,16
PEPE,1785998100000,1785998160000,2.8500000000000002e-06,2.86e-06,18.908089792662103,target,3307055495.0,16
PEPE,1785999120000,1785999240000,2.8500000000000002e-06,2.86e-06,18.911590835176995,target,3307667833.0,16
PEPE,1785999720000,1785999960000,2.8500000000000002e-06,2.86e-06,18.91509252948718,target,3308280285.0,16
PEPE,1786000320000,1786000560000,2.8400000000000003e-06,2.8500000000000002e-06,18.977440114963716,target,3310499802.0,16
PEPE,1786002780000,1786002840000,2.8400000000000003e-06,2.8500000000000002e-06,18.980964926029415,target,3311114684.0,16
PEPE,1786004160000,1786004520000,2.83e-06,2.84e-06,19.043414707019274,target,3313338792.0,16
PEPE,1786005120000,1786005840000,2.83e-06,2.84e-06,19.046962753720074,target,3313956112.0,16
PEPE,1786061520000,1786061700000,2.81e-06,2.82e-06,19.168576015313675,target,3317797666.0,16
PEPE,1786063560000,1786063680000,2.81e-06,2.82e-06,19.17216951632105,target,3318419648.0,16
PEPE,1786064220000,1786064340000,2.81e-06,2.82e-06,19.17576369329141,target,3319041747.0,16
PEPE,1786068060000,1786068120000,2.8000000000000003e-06,2.81e-06,19.238510240984304,target,3321279282.0,16
PEPE,1786068660000,1786068780000,2.79e-06,2.8e-06,19.301348410761637,target,3323521035.0,16
PEPE,1786069320000,1786069500000,2.79e-06,2.8e-06,19.304989126704562,target,3324147934.0,16
PEPE,1786070220000,1786070520000,2.8000000000000003e-06,2.81e-06,19.24938776241267,target,3323157145.0,16
PEPE,1786071720000,1786071780000,2.8000000000000003e-06,2.81e-06,19.253007536209168,target,3323782052.0,16
PEPE,1786073280000,1786073340000,2.8000000000000003e-06,2.81e-06,19.256627999313555,target,3324407078.0,16
PEPE,1786074720000,1786076460000,2.8000000000000003e-06,2.81e-06,19.260249140140644,target,3325032221.0,16
PEPE,1786076820000,1786077000000,2.8000000000000003e-06,2.81e-06,19.26387095869226,target,3325657481.0,16
PEPE,1786077480000,1786079340000,2.8000000000000003e-06,2.78e-06,-87.38145070592986,time,3326282859.0,16
PEPE,1786080540000,1786080660000,2.79e-06,2.8e-06,19.310309621368305,target,3325064076.0,16
PEPE,1786082220000,1786082280000,2.8000000000000003e-06,2.81e-06,19.254692927802537,target,3324073013.0,16
PEPE,1786083480000,1786083540000,2.8000000000000003e-06,2.81e-06,19.2583137037016,target,3324698093.0,16
PEPE,1786086000000,1786086120000,2.8000000000000003e-06,2.81e-06,19.261935157323364,target,3325323290.0,16
PEPE,1786086720000,1786086780000,2.8000000000000003e-06,2.81e-06,19.265557294462248,target,3325948605.0,16
PEPE,1786088640000,1786088700000,2.8000000000000003e-06,2.81e-06,19.269180115114615,target,3326574038.0,16
PEPE,1786089180000,1786089240000,2.8000000000000003e-06,2.81e-06,19.27280361928228,target,3327199589.0,16
PEPE,1786089720000,1786089840000,2.8000000000000003e-06,2.81e-06,19.276427795380048,target,3327825256.0,16
PEPE,1786090920000,1786090980000,2.81e-06,2.82e-06,19.220773226155718,target,3326832233.0,16
PEPE,1786091520000,1786091580000,2.81e-06,2.82e-06,19.224376514246526,target,3327455909.0,16
PEPE,1786093740000,1786093800000,2.81e-06,2.82e-06,19.227980472527964,target,3328079701.0,16
PEPE,1786094220000,1786094400000,2.81e-06,2.82e-06,19.231585106774215,target,3328703610.0,16
PEPE,1786149120000,1786150620000,2.81e-06,2.82e-06,19.23519041699074,target,3329327636.0,16
PEPE,1786151580000,1786151640000,2.81e-06,2.82e-06,19.23879640894989,target,3329951780.0,16
PEPE,1786154040000,1786154100000,2.83e-06,2.84e-06,19.123883793493015,target,3327339503.0,16
PEPE,1786154760000,1786154880000,2.83e-06,2.84e-06,19.127446835418276,target,3327959432.0,16
PEPE,1786156380000,1786156500000,2.83e-06,2.84e-06,19.13101053831059,target,3328579476.0,16
PEPE,1786157940000,1786158000000,2.83e-06,2.84e-06,19.134574902160857,target,3329199635.0,16
PEPE,1786161840000,1786163280000,2.86e-06,2.87e-06,18.960660083578617,target,3324973272.0,16
PEPE,1786163940000,1786164000000,2.87e-06,2.88e-06,18.905103859686587,target,3323974305.0,16
PEPE,1786166880000,1786166940000,2.86e-06,2.87e-06,18.96764956369879,target,3326198959.0,16
PEPE,1786167480000,1786167540000,2.86e-06,2.87e-06,18.97115072191817,target,3326812928.0,16
PEPE,1786168080000,1786168440000,2.86e-06,2.87e-06,18.974652530226564,target,3327427011.0,16
PEPE,1786169040000,1786169280000,2.86e-06,2.87e-06,18.978154977214263,target,3328041206.0,16
PEPE,1786169880000,1786170060000,2.86e-06,2.87e-06,18.98165807998945,target,3328655516.0,16
PEPE,1786170480000,1786170780000,2.86e-06,2.87e-06,18.985161821445764,target,3329269938.0,16
PEPE,1786171380000,1786171560000,2.86e-06,2.87e-06,18.98866621298381,target,3329884474.0,16
PEPE,1786173180000,1786173240000,2.86e-06,2.87e-06,18.992171248906924,target,3330499123.0,16
PEPE,1786173720000,1786173840000,2.86e-06,2.87e-06,18.995676934913586,target,3331113886.0,16
PEPE,1786175100000,1786175280000,2.86e-06,2.87e-06,18.999183265303497,target,3331728762.0,16
PEPE,1786178280000,1786178400000,2.87e-06,2.88e-06,18.943514163436475,target,3330727765.0,16
PEPE,1786179540000,1786179600000,2.86e-06,2.87e-06,19.00618695035118,target,3332956940.0,16
PEPE,1786180440000,1786180500000,2.87e-06,2.88e-06,18.950497327124015,target,3331955574.0,16
PEPE,1786182540000,1786182660000,2.87e-06,2.88e-06,18.953984424374,target,3332568690.0,16
PEPE,1786183320000,1786183380000,2.87e-06,2.88e-06,18.957472164312087,target,3333181919.0,16
PEPE,1786184940000,1786185060000,2.86e-06,2.87e-06,19.02019112703908,target,3335412736.0,16
PEPE,1786236840000,1786236960000,2.8500000000000002e-06,2.86e-06,19.083001010624866,target,3337647750.0,16
PEPE,1786238580000,1786238760000,2.8500000000000002e-06,2.86e-06,19.08653444277668,target,3338265753.0,16
PEPE,1786239420000,1786239600000,2.8500000000000002e-06,2.86e-06,19.09006852672561,target,3338883870.0,16
PEPE,1786240080000,1786240740000,2.8500000000000002e-06,2.86e-06,19.093603262466196,target,3339502101.0,16
PEPE,1786242180000,1786242300000,2.8500000000000002e-06,2.86e-06,19.09713865572079,target,3340120447.0,16
PEPE,1786243320000,1786243680000,2.8400000000000003e-06,2.8500000000000002e-06,19.160086301292562,target,3342361326.0,16
PEPE,1786244520000,1786244580000,2.8400000000000003e-06,2.8500000000000002e-06,19.163645037292888,target,3342982126.0,16
PEPE,1786245120000,1786245180000,2.8400000000000003e-06,2.8500000000000002e-06,19.16720443826542,target,3343603042.0,16
PEPE,1786245720000,1786245780000,2.8400000000000003e-06,2.8500000000000002e-06,19.17076449847302,target,3344224073.0,16
PEPE,1786249080000,1786249140000,2.8500000000000002e-06,2.86e-06,19.114869475129282,target,3343221596.0,16
PEPE,1786250340000,1786250700000,2.8500000000000002e-06,2.86e-06,19.118408807740117,target,3343840631.0,16
PEPE,1786251240000,1786251300000,2.8500000000000002e-06,2.86e-06,19.121948792148068,target,3344459780.0,16
PEPE,1786252080000,1786252200000,2.8500000000000002e-06,2.86e-06,19.125489434070026,target,3345079044.0,16
PEPE,1786252620000,1786252680000,2.8500000000000002e-06,2.86e-06,19.129030733502354,target,3345698423.0,16
PEPE,1786253580000,1786254060000,2.8500000000000002e-06,2.86e-06,19.132572684729972,target,3346317916.0,16
PEPE,1786255440000,1786255560000,2.8500000000000002e-06,2.86e-06,19.136115293469782,target,3346937524.0,16
PEPE,1786256040000,1786256100000,2.8500000000000002e-06,2.86e-06,19.139658559721784,target,3347557247.0,16
PEPE,1786256760000,1786257060000,2.8500000000000002e-06,2.86e-06,19.1432024777709,target,3348177084.0,16
PEPE,1786258620000,1786258740000,2.87e-06,2.88e-06,19.027810540375004,target,3345549106.0,16
PEPE,1786259220000,1786261080000,2.87e-06,2.86e-06,-55.019313474369255,time,3346164724.0,16
PEPE,1786261620000,1786261800000,2.87e-06,2.88e-06,19.021187708248185,target,3344384652.0,16
PEPE,1786263660000,1786263720000,2.87e-06,2.88e-06,19.024687818498517,target,3345000056.0,16
PEPE,1786267020000,1786267080000,2.87e-06,2.88e-06,19.028188565749605,target,3345615572.0,16
PEPE,1786267740000,1786267980000,2.87e-06,2.88e-06,19.031689961374315,target,3346231202.0,16
PEPE,1786321440000,1786321500000,2.8900000000000003e-06,2.9e-06,18.916439918530997,target,3343604051.0,16
PEPE,1786323480000,1786323840000,2.9e-06,2.91e-06,18.86059840961127,target,3342596085.0,16
PEPE,1786325640000,1786325700000,2.8900000000000003e-06,2.9e-06,18.92334794101706,target,3344825089.0,16
PEPE,1786326900000,1786326960000,2.92e-06,2.93e-06,18.74901366313707,target,3340581499.0,16
PEPE,1786330920000,1786330980000,2.9e-06,2.91e-06,18.870903792619032,target,3344422471.0,16
PEPE,1786331520000,1786331820000,2.91e-06,2.87e-06,-155.42691769492404,stop,3343413126.0,16
PEPE,1786332120000,1786332180000,2.9e-06,2.91e-06,18.846011017993973,target,3340010814.0,16
PEPE,1786333620000,1786333740000,2.8900000000000003e-06,2.9e-06,18.90871201680308,target,3342238094.0,16
PEPE,1786334520000,1786334700000,2.8900000000000003e-06,2.9e-06,18.912169722394474,target,3342849266.0,16
PEPE,1786335480000,1786335540000,2.9e-06,2.91e-06,18.856340816096584,target,3341841527.0,16
PEPE,1786336320000,1786336440000,2.8900000000000003e-06,2.9e-06,18.919076183408045,target,3344070028.0,16
PEPE,1786337820000,1786337880000,2.88e-06,2.89e-06,18.981902173527743,target,3346302719.0,16
PEPE,1786338540000,1786338600000,2.8900000000000003e-06,2.9e-06,18.926006869839085,target,3345295072.0,16
PEPE,1786340640000,1786340700000,2.9e-06,2.91e-06,18.870137117927346,target,3344286596.0,16
PEPE,1786341720000,1786341780000,2.9e-06,2.91e-06,18.87357695520445,target,3344896226.0,16
PEPE,1786342620000,1786342800000,2.9e-06,2.91e-06,18.87701741879635,target,3345505967.0,16
PEPE,1786343520000,1786343580000,2.9e-06,2.91e-06,18.880458503065494,target,3346115818.0,16
PEPE,1786344120000,1786344240000,2.9e-06,2.91e-06,18.88390021929245,target,3346725781.0,16
PEPE,1786344720000,1786344840000,2.8900000000000003e-06,2.9e-06,18.946727276892936,target,3348957539.0,16
PEPE,1786345320000,1786345500000,2.9e-06,2.91e-06,18.890796358657095,target,3347947959.0,16
PEPE,1786346520000,1786346580000,2.9e-06,2.91e-06,18.894239959478746,target,3348558256.0,16
PEPE,1786347300000,1786347360000,2.9e-06,2.91e-06,18.897684186617017,target,3349168664.0,16
PEPE,1786347960000,1786348080000,2.8900000000000003e-06,2.9e-06,18.960557109190308,target,3351402052.0,16
PEPE,1786349880000,1786350060000,2.8900000000000003e-06,2.9e-06,18.964024291091047,target,3352014899.0,16
PEPE,1786407480000,1786407540000,2.87e-06,2.88e-06,19.086564684688128,target,3355879505.0,16
PEPE,1786409280000,1786409340000,2.87e-06,2.88e-06,19.09007681831179,target,3356497023.0,16
PEPE,1786410480000,1786410540000,2.87e-06,2.88e-06,19.093589600310896,target,3357114655.0,16
PEPE,1786411260000,1786411380000,2.87e-06,2.88e-06,19.097103030685446,target,3357732401.0,16
PEPE,1786412340000,1786412400000,2.87e-06,2.88e-06,19.10061710943726,target,3358350261.0,16
PEPE,1786412820000,1786412880000,2.87e-06,2.88e-06,19.104131830875353,target,3358968234.0,16
PEPE,1786415400000,1786415460000,2.88e-06,2.89e-06,19.048016261491277,target,3357957913.0,16
PEPE,1786417020000,1786417080000,2.88e-06,2.89e-06,19.051510368333815,target,3358573886.0,16
PEPE,1786421040000,1786421160000,2.86e-06,2.87e-06,19.174368633007052,target,3362449563.0,16
PEPE,1786423020000,1786423080000,2.86e-06,2.87e-06,19.177907946658042,target,3363070223.0,16
PEPE,1786423620000,1786423740000,2.86e-06,2.87e-06,19.1814479160947,target,3363690998.0,16
PEPE,1786424220000,1786424340000,2.86e-06,2.87e-06,19.184988541318848,target,3364311888.0,16
PEPE,1786425120000,1786425180000,2.86e-06,2.87e-06,19.188529816630187,target,3364932892.0,16
PEPE,1786425720000,1786425840000,2.8500000000000002e-06,2.86e-06,19.25189560042332,target,3367187687.0,16
PEPE,1786426380000,1786426440000,2.8500000000000002e-06,2.86e-06,19.255460301582165,target,3367811159.0,16
PEPE,1786427520000,1786427700000,2.86e-06,2.87e-06,19.1991796573668,target,3366800466.0,16
PEPE,1786428180000,1786428360000,2.86e-06,2.87e-06,19.20272355012233,target,3367421929.0,16
PEPE,1786429440000,1786429500000,2.87e-06,2.88e-06,19.146458063686424,target,3366410209.0,16
PEPE,1786430640000,1786430700000,2.87e-06,2.88e-06,19.14998121968717,target,3367029665.0,16
PEPE,1786431840000,1786431900000,2.86e-06,2.87e-06,19.213337077335883,target,3369283135.0,16
PEPE,1786434960000,1786435080000,2.8500000000000002e-06,2.86e-06,19.2767847812867,target,3371540845.0,16
PEPE,1786435920000,1786436100000,2.8500000000000002e-06,2.86e-06,19.280354090753228,target,3372165123.0,16
PEPE,1786436700000,1786436940000,2.8500000000000002e-06,2.86e-06,19.283924063448836,target,3372789517.0,16
PEPE,1786437420000,1786437780000,2.8500000000000002e-06,2.86e-06,19.287494699371717,target,3373414027.0,16
PEPE,1786493100000,1786493220000,2.83e-06,2.84e-06,19.411131894441187,target,3377317424.0,16
PEPE,1786494180000,1786494240000,2.83e-06,2.84e-06,19.414748451338706,target,3377946664.0,16
PEPE,1786495320000,1786495380000,2.8400000000000003e-06,2.8500000000000002e-06,19.358281194509793,target,3376935228.0,16
PEPE,1786496520000,1786496760000,2.8400000000000003e-06,2.8500000000000002e-06,19.36187674462409,target,3377562450.0,16
PEPE,1786499520000,1786499580000,2.8500000000000002e-06,2.86e-06,19.30542450493317,target,3376549979.0,16
PEPE,1786501320000,1786501800000,2.8500000000000002e-06,2.86e-06,19.308999120236024,target,3377175185.0,16
PEPE,1786502640000,1786502760000,2.8400000000000003e-06,2.8500000000000002e-06,19.372645096829956,target,3379440924.0,16
PEPE,1786504020000,1786504080000,2.8400000000000003e-06,2.8500000000000002e-06,19.376243312555633,target,3380068611.0,16
PEPE,1786506780000,1786508220000,2.8500000000000002e-06,2.86e-06,19.31974918660653,target,3379055389.0,16
PEPE,1786508520000,1786508580000,2.8500000000000002e-06,2.86e-06,19.323326454833,target,3379681059.0,16
PEPE,1786509240000,1786509300000,2.8400000000000003e-06,2.8500000000000002e-06,19.38701965586761,target,3381948479.0,16
PEPE,1786509720000,1786510020000,2.8500000000000002e-06,2.86e-06,19.330494107226542,target,3380934693.0,16
PEPE,1786511220000,1786511340000,2.8400000000000003e-06,2.8500000000000002e-06,19.394210933805326,target,3383202954.0,16
PEPE,1786512420000,1786512480000,2.8500000000000002e-06,2.86e-06,19.33766441825878,target,3382188792.0,16
PEPE,1786513080000,1786513140000,2.8500000000000002e-06,2.86e-06,19.341245002634317,target,3382815042.0,16
PEPE,1786514640000,1786514940000,2.8400000000000003e-06,2.8500000000000002e-06,19.404997263129097,target,3385084564.0,16
PEPE,1786515480000,1786515540000,2.8400000000000003e-06,2.8500000000000002e-06,19.408601492248394,target,3385713300.0,16
PEPE,1786517520000,1786517820000,2.83e-06,2.84e-06,19.47245824820894,target,3387987516.0,16
PEPE,1786518240000,1786518300000,2.83e-06,2.84e-06,19.476086236887326,target,3388618745.0,16
PEPE,1786518900000,1786519020000,2.83e-06,2.84e-06,19.479714892273748,target,3389250090.0,16
PEPE,1786520280000,1786520640000,2.83e-06,2.84e-06,19.483344225866567,target,3389881553.0,16
PEPE,1786521420000,1786521480000,2.83e-06,2.84e-06,19.486974237663958,target,3390513134.0,16
PEPE,1786522080000,1786522140000,2.83e-06,2.84e-06,19.490604927667743,target,3391144833.0,16
PEPE,1786522620000,1786522680000,2.82e-06,2.83e-06,19.554614184435252,target,3393425455.0,16
PEPE,1786579320000,1786579440000,2.6700000000000003e-06,2.68e-06,20.47120367879849,target,3418990176.0,16
PEPE,1786579980000,1786580040000,2.6700000000000003e-06,2.68e-06,20.475208136762095,target,3419658979.0,16
PEPE,1786581360000,1786581480000,2.68e-06,2.69e-06,20.417910029538447,target,3418653835.0,16
PEPE,1786582260000,1786582320000,2.68e-06,2.69e-06,20.421892110295243,target,3419320571.0,16
PEPE,1786582680000,1786582740000,2.68e-06,2.69e-06,20.42587496151013,target,3419987436.0,16
PEPE,1786585200000,1786585260000,2.68e-06,2.69e-06,20.42985859511928,target,3420654432.0,16
PEPE,1786585920000,1786585980000,2.68e-06,2.69e-06,20.433843005154614,target,3421321558.0,16
PEPE,1786586760000,1786586880000,2.68e-06,2.69e-06,20.437828191614308,target,3421988814.0,16
PEPE,1786588320000,1786588500000,2.68e-06,2.69e-06,20.44181415450018,target,3422656200.0,16
PEPE,1786591620000,1786591680000,2.7100000000000003e-06,2.7200000000000002e-06,20.261999639228506,target,3418304452.0,16
PEPE,1786592820000,1786592880000,2.7100000000000003e-06,2.7200000000000002e-06,20.265915784363916,target,3418965126.0,16
PEPE,1786593420000,1786593540000,2.7200000000000002e-06,2.73e-06,20.20866168089872,target,3417955464.0,16
PEPE,1786594620000,1786594740000,2.7100000000000003e-06,2.7200000000000002e-06,20.27373853135903,target,3420284864.0,16
PEPE,1786595940000,1786596000000,2.7100000000000003e-06,2.7200000000000002e-06,20.27765694672775,target,3420945921.0,16
PEPE,1786596420000,1786596480000,2.7100000000000003e-06,2.7200000000000002e-06,20.28157611488688,target,3421607105.0,16
PEPE,1786598220000,1786598280000,2.7100000000000003e-06,2.7200000000000002e-06,20.285496047693044,target,3422268418.0,16
PEPE,1786598820000,1786598880000,2.7100000000000003e-06,2.7200000000000002e-06,20.289416739222474,target,3422929859.0,16
PEPE,1786599420000,1786599540000,2.7200000000000002e-06,2.73e-06,20.23209624122351,target,3421919026.0,16
PEPE,1786600140000,1786600260000,2.7200000000000002e-06,2.73e-06,20.235994807737402,target,3422578403.0,16
PEPE,1786604100000,1786604160000,2.7200000000000002e-06,2.73e-06,20.239894125136054,target,3423237907.0,16
PEPE,1786605180000,1786605240000,2.7200000000000002e-06,2.73e-06,20.243794193424925,target,3423897538.0,16
PEPE,1786605720000,1786605840000,2.7200000000000002e-06,2.73e-06,20.24769501259856,target,3424557296.0,16
PEPE,1786606320000,1786606380000,2.7200000000000002e-06,2.73e-06,20.251596582662415,target,3425217181.0,16
PEPE,1786606920000,1786606980000,2.7200000000000002e-06,2.73e-06,20.25549890952547,target,3425877194.0,16
PEPE,1786665960000,1786666020000,2.68e-06,2.69e-06,19.502869396487796,target,3265444855.0,17
PEPE,1786667640000,1786667820000,2.68e-06,2.69e-06,19.506673012975483,target,3266081710.0,17
PEPE,1786668180000,1786668240000,2.68e-06,2.69e-06,19.510477376023438,target,3266718690.0,17
PEPE,1786671120000,1786671180000,2.69e-06,2.7e-06,19.455749531774913,target,3265757370.0,17
PEPE,1786672380000,1786672500000,2.7e-06,2.71e-06,19.401045505711608,target,3264795205.0,17
PEPE,1786672980000,1786673040000,2.7e-06,2.71e-06,19.40480657932897,target,3265428116.0,17
PEPE,1786673760000,1786673820000,2.7e-06,2.71e-06,19.408568377931523,target,3266061149.0,17
PEPE,1786674180000,1786674240000,2.7e-06,2.71e-06,19.412330913403622,target,3266694306.0,17
PEPE,1786674840000,1786674900000,2.7e-06,2.71e-06,19.416094173862735,target,3267327585.0,17
PEPE,1786675380000,1786675500000,2.7e-06,2.71e-06,19.419858165247398,target,3267960987.0,17
PEPE,1786676400000,1786678260000,2.7e-06,2.68e-06,-85.130544038995,time,3268594511.0,17
PEPE,1786681620000,1786681740000,2.69e-06,2.7e-06,19.465624922074944,target,3267415010.0,17
PEPE,1786682220000,1786682340000,2.68e-06,2.69e-06,19.52798393218923,target,3269649884.0,17
PEPE,1786683720000,1786683840000,2.68e-06,2.69e-06,19.5317924521002,target,3270287560.0,17
PEPE,1786685040000,1786686900000,2.68e-06,2.6700000000000003e-06,-52.383869640399894,time,3270925360.0,17
PEPE,1786689420000,1786689540000,2.66e-06,2.67e-06,19.642690011401207,target,3272418161.0,17
PEPE,1786690320000,1786690500000,2.66e-06,2.67e-06,19.646543916528657,target,3273060211.0,17
PEPE,1786690920000,1786691160000,2.66e-06,2.67e-06,19.65039857196494,target,3273702386.0,17
PEPE,1786693320000,1786693380000,2.65e-06,2.66e-06,19.713027151258498,target,3275949672.0,17
PEPE,1786694340000,1786694460000,2.65e-06,2.66e-06,19.71690641688042,target,3276594336.0,17
PEPE,1786694940000,1786695000000,2.65e-06,2.66e-06,19.72078645273907,target,3277239128.0,17
PEPE,1786696260000,1786696320000,2.65e-06,2.66e-06,19.724667246804163,target,3277884046.0,17
PEPE,1786696860000,1786696980000,2.66e-06,2.67e-06,19.66972937110942,target,3276922844.0,17
PEPE,1786697580000,1786697820000,2.66e-06,2.67e-06,19.67358858244477,target,3277565778.0,17
PEPE,1786752120000,1786752360000,2.66e-06,2.67e-06,19.677448544092588,target,3278208837.0,17
PEPE,1786755240000,1786755300000,2.66e-06,2.67e-06,19.681309268057255,target,3278852023.0,17
PEPE,1786755780000,1786757640000,2.66e-06,2.64e-06,-85.1193014199243,time,3279495335.0,17
PEPE,1786758300000,1786758420000,2.65e-06,2.66e-06,19.72728597856071,target,3278319232.0,17
PEPE,1786761120000,1786761180000,2.66e-06,2.67e-06,19.67234081275594,target,3277357903.0,17
PEPE,1786766340000,1786766400000,2.66e-06,2.67e-06,19.676200534303554,target,3278000922.0,17
PEPE,1786767300000,1786767360000,2.66e-06,2.67e-06,19.680061012166732,target,3278644067.0,17
PEPE,1786768440000,1786768560000,2.66e-06,2.67e-06,19.683922246345478,target,3279287338.0,17
PEPE,1786768920000,1786768980000,2.66e-06,2.67e-06,19.687784236837977,target,3279930735.0,17
PEPE,1786770060000,1786770360000,2.66e-06,2.67e-06,19.69164698964732,target,3280574259.0,17
PEPE,1786770840000,1786770900000,2.66e-06,2.67e-06,19.695510498772233,target,3281217909.0,17
PEPE,1786772820000,1786774680000,2.66e-06,2.65e-06,-52.41133110944886,time,3281861685.0,17
PEPE,1786775340000,1786775520000,2.65e-06,2.66e-06,19.747968980543423,target,3281756374.0,17
PEPE,1786777080000,1786777380000,2.65e-06,2.66e-06,19.751855124167815,target,3282402181.0,17
PEPE,1786777920000,1786777980000,2.65e-06,2.66e-06,19.755742032011064,target,3283048115.0,17
PEPE,1786778520000,1786778580000,2.64e-06,2.65e-06,19.818599589289082,target,3285304532.0,17
PEPE,1786780080000,1786780140000,2.64e-06,2.65e-06,19.822511273426915,target,3285952967.0,17
PEPE,1786781640000,1786781760000,2.64e-06,2.65e-06,19.82642372972554,target,3286601530.0,17
PEPE,1786782120000,1786782180000,2.64e-06,2.65e-06,19.830336958183146,target,3287250221.0,17
PEPE,1786783560000,1786783620000,2.64e-06,2.65e-06,19.834250958799725,target,3287899040.0,17
PEPE,1786783980000,1786784100000,2.64e-06,2.65e-06,19.8381657315771,target,3288547987.0,17
PEPE,1786785120000,1786785180000,2.64e-06,2.65e-06,19.842081276513454,target,3289197062.0,17
PEPE,1786785960000,1786786140000,2.64e-06,2.65e-06,19.845997599646886,target,3289846266.0,17
PEPE,1786786800000,1786786860000,2.64e-06,2.65e-06,19.849914688901194,target,3290495597.0,17
PEPE,1786839540000,1786839600000,2.6200000000000003e-06,2.6300000000000002e-06,19.97215598531016,target,3294376245.0,17
PEPE,1786840380000,1786840440000,2.6200000000000003e-06,2.6300000000000002e-06,19.97612147262408,target,3295030346.0,17
PEPE,1786840980000,1786841340000,2.6200000000000003e-06,2.6300000000000002e-06,19.98008774200003,target,3295684576.0,17
PEPE,1786843260000,1786843380000,2.61e-06,2.62e-06,20.043338985311454,target,3297957875.0,17
PEPE,1786844340000,1786844460000,2.61e-06,2.62e-06,20.04733041382362,target,3298614630.0,17
PEPE,1786845000000,1786845060000,2.61e-06,2.62e-06,20.05132263241181,target,3299271515.0,17
PEPE,1786845480000,1786845660000,2.61e-06,2.62e-06,20.055315647151186,target,3299928531.0,17
PEPE,1786846020000,1786846200000,2.61e-06,2.62e-06,20.059309451966588,target,3300585677.0,17
PEPE,1786847520000,1786847760000,2.61e-06,2.62e-06,20.06330405901197,target,3301242955.0,17
PEPE,1786848180000,1786848240000,2.61e-06,2.62e-06,20.06729945613338,target,3301900363.0,17
PEPE,1786849380000,1786849440000,2.61e-06,2.62e-06,20.07129565548295,target,3302557903.0,17
PEPE,1786853520000,1786853580000,2.61e-06,2.62e-06,20.075292644906725,target,3303215573.0,17
PEPE,1786854240000,1786854300000,2.61e-06,2.62e-06,20.079290436562303,target,3303873375.0,17
PEPE,1786855800000,1786855920000,2.61e-06,2.62e-06,20.08328901829209,target,3304531307.0,17
PEPE,1786856880000,1786856940000,2.61e-06,2.62e-06,20.087288396174873,target,3305189370.0,17
PEPE,1786857420000,1786857660000,2.61e-06,2.62e-06,20.091288576285823,target,3305847565.0,17
PEPE,1786859040000,1786859100000,2.6e-06,2.61e-06,20.15478580234861,target,3308130620.0,17
PEPE,1786860840000,1786860960000,2.6e-06,2.61e-06,20.158811305967117,target,3308791351.0,17
PEPE,1786861320000,1786862340000,2.6e-06,2.61e-06,20.16283760770338,target,3309452213.0,17
PEPE,1786862820000,1786862880000,2.6e-06,2.61e-06,20.16686471973909,target,3310113208.0,17
PEPE,1786863540000,1786864380000,2.6e-06,2.61e-06,20.17089262989437,target,3310774334.0,17
PEPE,1786864980000,1786865040000,2.6e-06,2.61e-06,20.174921350352736,target,3311435593.0,17
PEPE,1786865640000,1786865760000,2.6e-06,2.61e-06,20.178950868928858,target,3312096983.0,17
PEPE,1786867140000,1786867200000,2.6e-06,2.61e-06,20.182981197804423,target,3312758506.0,17
PEPE,1786925520000,1786925640000,2.56e-06,2.57e-06,20.425964664138196,target,3319945496.0,17
PEPE,1786927320000,1786927380000,2.56e-06,2.57e-06,20.43009262248878,target,3320616436.0,17
PEPE,1786927920000,1786928100000,2.56e-06,2.57e-06,20.434221405274165,target,3321287510.0,17
PEPE,1786930320000,1786930380000,2.59e-06,2.6e-06,20.258939943480183,target,3317059344.0,17
PEPE,1786931700000,1786931820000,2.59e-06,2.6e-06,20.26299820621912,target,3317723816.0,17
PEPE,1786932360000,1786932480000,2.59e-06,2.6e-06,20.267057281257262,target,3318388421.0,17
PEPE,1786933620000,1786933680000,2.59e-06,2.6e-06,20.271117162484444,target,3319053158.0,17
PEPE,1786935540000,1786935600000,2.61e-06,2.62e-06,20.1557685600688,target,3316457188.0,17
PEPE,1786936800000,1786936860000,2.61e-06,2.62e-06,20.159782372014238,target,3317117626.0,17
PEPE,1786937220000,1786937460000,2.61e-06,2.62e-06,20.16379698619148,target,3317778196.0,17
PEPE,1786938600000,1786938660000,2.61e-06,2.62e-06,20.16781239651626,target,3318438897.0,17
PEPE,1786939140000,1786939200000,2.61e-06,2.62e-06,20.171828609072847,target,3319099730.0,17
PEPE,1786939800000,1786939920000,2.61e-06,2.62e-06,20.17584561778607,target,3319760694.0,17
PEPE,1786940280000,1786940340000,2.61e-06,2.62e-06,20.179863434802613,target,3320421791.0,17
PEPE,1786941120000,1786941180000,2.61e-06,2.62e-06,20.18388204189518,target,3321083018.0,17
PEPE,1786943580000,1786943640000,2.6e-06,2.61e-06,20.24767191112895,target,3323376596.0,17
PEPE,1786945020000,1786945080000,2.6e-06,2.61e-06,20.251715960316567,target,3324040371.0,17
PEPE,1786945920000,1786945980000,2.6e-06,2.61e-06,20.255760819807264,target,3324704279.0,17
PEPE,1786947180000,1786947240000,2.6e-06,2.61e-06,20.259806489601043,target,3325368320.0,17
PEPE,1786947720000,1786947780000,2.6e-06,2.61e-06,20.263852969694263,target,3326032494.0,17
PEPE,1786950120000,1786950240000,2.6e-06,2.61e-06,20.267900253996995,target,3326696800.0,17
PEPE,1786950780000,1786950900000,2.6e-06,2.61e-06,20.271948348606443,target,3327361239.0,17
PEPE,1786951680000,1786951920000,2.6e-06,2.61e-06,20.275997247423582,target,3328025810.0,17
PEPE,1786952520000,1786952760000,2.6e-06,2.61e-06,20.280046956543806,target,3328690514.0,17
PEPE,1787011320000,1787011500000,2.5800000000000003e-06,2.59e-06,20.404030144411486,target,3332630485.0,17
PEPE,1787011920000,1787012040000,2.5800000000000003e-06,2.59e-06,20.408129519388577,target,3333300044.0,17
PEPE,1787012580000,1787012640000,2.5800000000000003e-06,2.59e-06,20.412229720903607,target,3333969738.0,17
PEPE,1787013240000,1787013300000,2.5800000000000003e-06,2.59e-06,20.416330748956575,target,3334639567.0,17
PEPE,1787014020000,1787014140000,2.5800000000000003e-06,2.59e-06,20.42043259742436,target,3335309530.0,17
PEPE,1787014800000,1787014860000,2.5800000000000003e-06,2.59e-06,20.424535272431903,target,3335979628.0,17
PEPE,1787015460000,1787015700000,2.5800000000000003e-06,2.59e-06,20.428638767850625,target,3336649860.0,17
PEPE,1787016360000,1787018220000,2.5800000000000003e-06,2.55e-06,-119.34257131751944,time,3337320227.0,17
PEPE,1787022540000,1787022660000,2.55e-06,2.56e-06,20.589149886447036,target,3338329937.0,17
PEPE,1787023620000,1787023740000,2.55e-06,2.56e-06,20.59332301430527,target,3339006569.0,17
PEPE,1787024640000,1787024760000,2.55e-06,2.56e-06,20.597496993280828,target,3339683339.0,17
PEPE,1787025180000,1787025300000,2.55e-06,2.56e-06,20.60167181720444,target,3340360246.0,17
PEPE,1787025780000,1787025900000,2.55e-06,2.56e-06,20.60584748607429,target,3341037290.0,17
PEPE,1787026920000,1787026980000,2.55e-06,2.56e-06,20.61002400605964,target,3341714472.0,17
PEPE,1787028240000,1787028300000,2.56e-06,2.57e-06,20.553940952432043,target,3340746193.0,17
PEPE,1787029440000,1787029500000,2.56e-06,2.57e-06,20.558094769738847,target,3341421336.0,17
PEPE,1787029920000,1787030040000,2.56e-06,2.57e-06,20.56224942378762,target,3342096615.0,17
PEPE,1787030700000,1787030760000,2.56e-06,2.57e-06,20.5664049207274,target,3342772031.0,17
PEPE,1787031120000,1787032980000,2.56e-06,2.5400000000000002e-06,-86.02690631059039,time,3343447583.0,17
PEPE,1787033640000,1787033700000,2.55e-06,2.56e-06,20.613433955133036,target,3342267362.0,17
PEPE,1787035500000,1787035560000,2.56e-06,2.57e-06,20.55734161760513,target,3341298922.0,17
PEPE,1787037900000,1787038140000,2.55e-06,2.56e-06,20.621778693649304,target,3343620380.0,17
PEPE,1787039280000,1787039340000,2.55e-06,2.56e-06,20.625958439236957,target,3344298085.0,17
PEPE,1787040420000,1787040540000,2.5400000000000002e-06,2.55e-06,20.690505476649143,target,3346624420.0,17
PEPE,1787098500000,1787098800000,2.57e-06,2.58e-06,20.513753538524924,target,3342363102.0,17
PEPE,1787099220000,1787099280000,2.57e-06,2.58e-06,20.517887095674695,target,3343036594.0,17
PEPE,1787101380000,1787101440000,2.5800000000000003e-06,2.59e-06,20.461796593142843,target,3342065593.0,17
PEPE,1787103720000,1787103900000,2.59e-06,2.6e-06,20.40572982161035,target,3341093708.0,17
PEPE,1787104320000,1787104380000,2.59e-06,2.6e-06,20.409817485854052,target,3341762994.0,17
PEPE,1787108040000,1787108160000,2.5800000000000003e-06,2.59e-06,20.474107838593508,target,3344076413.0,17
PEPE,1787108520000,1787108580000,2.5800000000000003e-06,2.59e-06,20.478221295318445,target,3344748272.0,17
PEPE,1787109720000,1787109780000,2.59e-06,2.6e-06,20.422109519752016,target,3343775607.0,17
PEPE,1787110320000,1787110380000,2.59e-06,2.6e-06,20.42620046372518,target,3344445430.0,17
PEPE,1787110920000,1787110980000,2.59e-06,2.6e-06,20.430292232208792,target,3345115388.0,17
PEPE,1787111520000,1787111580000,2.59e-06,2.6e-06,20.43438481299161,target,3345785479.0,17
PEPE,1787112120000,1787112180000,2.59e-06,2.6e-06,20.438478218286686,target,3346455705.0,17
PEPE,1787112720000,1787112780000,2.59e-06,2.6e-06,20.442572441987497,target,3347126065.0,17
PEPE,1787114100000,1787114340000,2.59e-06,2.6e-06,20.446667490198752,target,3347796560.0,17
PEPE,1787115840000,1787115900000,2.59e-06,2.6e-06,20.45076335681574,target,3348467189.0,17
PEPE,1787117220000,1787117280000,2.59e-06,2.6e-06,20.454860041840284,target,3349137952.0,17
PEPE,1787118780000,1787118900000,2.59e-06,2.6e-06,20.458957545266923,target,3349808849.0,17
PEPE,1787119320000,1787120340000,2.59e-06,2.6e-06,20.463055873207644,target,3350479881.0,17
PEPE,1787121600000,1787121660000,2.59e-06,2.6e-06,20.467155025658805,target,3351151048.0,17
PEPE,1787123340000,1787123940000,2.59e-06,2.6e-06,20.47125499040917,target,3351822348.0,17
PEPE,1787124420000,1787124600000,2.59e-06,2.6e-06,20.475355785778333,target,3352493784.0,17
PEPE,1787125320000,1787125380000,2.59e-06,2.6e-06,20.479457393448516,target,3353165353.0,17
PEPE,1787126820000,1787127300000,2.5800000000000003e-06,2.59e-06,20.543967112584856,target,3355486666.0,17
PEPE,1787127720000,1787127780000,2.5800000000000003e-06,2.59e-06,20.54809460820306,target,3356160818.0,17
PEPE,1787184420000,1787184600000,2.88e-06,2.89e-06,18.76475975843748,target,3308022875.0,17
PEPE,1787185020000,1787185080000,2.8900000000000003e-06,2.9e-06,18.709503872069273,target,3307026756.0,17
PEPE,1787186280000,1787186400000,2.9e-06,2.91e-06,18.654273236778067,target,3306029816.0,17
PEPE,1787186820000,1787186880000,2.91e-06,2.92e-06,18.599067906394733,target,3305032058.0,17
PEPE,1787187420000,1787187660000,2.91e-06,2.92e-06,18.602447681599823,target,3305632640.0,17
PEPE,1787188080000,1787188440000,2.9e-06,2.91e-06,18.664455178810734,target,3307834325.0,17
PEPE,1787192160000,1787192220000,2.91e-06,2.92e-06,18.609219719431305,target,3306836023.0,17
PEPE,1787194020000,1787194080000,2.91e-06,2.92e-06,18.61260133482911,target,3307436932.0,17
PEPE,1787198340000,1787198400000,2.91e-06,2.92e-06,18.615983563623278,target,3308037950.0,17
PEPE,1787200620000,1787200680000,2.9400000000000002e-06,2.95e-06,18.443697345341135,target,3303841889.0,17
PEPE,1787201220000,1787201640000,2.95e-06,2.96e-06,18.38856353170658,target,3302840329.0,17
PEPE,1787202300000,1787202360000,2.9400000000000002e-06,2.95e-06,18.450327256321174,target,3305029513.0,17
PEPE,1787206920000,1787206980000,2.8900000000000003e-06,2.9e-06,18.74687194810129,target,3313631807.0,17
PEPE,1787207640000,1787207700000,2.91e-06,2.92e-06,18.6328188432702,target,3311029559.0,17
PEPE,1787210820000,1787211000000,2.9400000000000002e-06,2.95e-06,18.460376811414772,target,3306829702.0,17
PEPE,1787211420000,1787211540000,2.9400000000000002e-06,2.95e-06,18.46369973313267,target,3307424941.0,17
PEPE,1787215620000,1787215680000,3.1500000000000003e-06,3.1600000000000002e-06,17.249922465509112,target,3274783572.0,17
PEPE,1787216820000,1787217060000,3.2000000000000003e-06,3.21e-06,16.966585034148018,target,3267517580.0,17
PEPE,1787217480000,1787217540000,3.19e-06,3.2e-06,17.026538120033667,target,3269618458.0,17
PEPE,1787223420000,1787223480000,3.1e-06,3.11e-06,17.546244316300495,target,3284275960.0,17
PEPE,1787224620000,1787224800000,3.12e-06,3.13e-06,17.43397624437593,target,3281689646.0,17
PEPE,1787225220000,1787225280000,3.12e-06,3.13e-06,17.43693687406049,target,3282246941.0,17
PEPE,1787228940000,1787229000000,3.12e-06,3.13e-06,17.439898008438725,target,3282804331.0,17
PEPE,1787230680000,1787232120000,3.13e-06,3.14e-06,17.385279388878143,target,3281789408.0,17
PEPE,1787274780000,1787274900000,3.2000000000000003e-06,3.21e-06,16.98663129830658,target,3271378199.0,17
PEPE,1787276520000,1787276580000,3.22e-06,3.23e-06,16.875173366188193,target,3268798715.0,17
PEPE,1787277240000,1787277300000,3.2400000000000003e-06,3.2500000000000002e-06,16.76387725003014,target,3266220604.0,17
PEPE,1787277780000,1787277900000,3.23e-06,3.24e-06,16.823627845770414,target,3268310412.0,17
PEPE,1787278320000,1787278680000,3.22e-06,3.23e-06,16.883461243686646,target,3270404115.0,17
PEPE,1787280360000,1787280480000,3.23e-06,3.24e-06,16.829145106135854,target,3269382245.0,17
PEPE,1787282220000,1787282640000,3.22e-06,3.23e-06,16.888998128187538,target,3271476635.0,17
PEPE,1787284680000,1787284860000,3.2400000000000003e-06,3.2500000000000002e-06,16.777610829458304,target,3268896411.0,17
PEPE,1787285280000,1787285640000,3.23e-06,3.24e-06,16.83741037996844,target,3270987932.0,17
PEPE,1787287080000,1787287560000,3.2500000000000002e-06,3.26e-06,16.72607673226918,target,3268407764.0,17
PEPE,1787288520000,1787288820000,3.31e-06,3.32e-06,16.387771700861073,target,3259626395.0,17
PEPE,1787289300000,1787289420000,3.32e-06,3.33e-06,16.333724028875082,target,3258598310.0,17
PEPE,1787289780000,1787289840000,3.32e-06,3.33e-06,16.336316333475146,target,3259115478.0,17
PEPE,1787291520000,1787291820000,3.36e-06,3.37e-06,16.11274372730837,target,3253456583.0,17
PEPE,1787292780000,1787292900000,3.4e-06,3.41e-06,15.889920400806643,target,3247812039.0,17
PEPE,1787293380000,1787293500000,3.4200000000000003e-06,3.43e-06,15.780001984200549,target,3245244624.0,17
PEPE,1787294580000,1787294700000,3.4e-06,3.36e-06,-154.61091544241026,stop,3248810999.0,17
PEPE,1787296860000,1787296920000,3.4e-06,3.41e-06,15.870947721237581,target,3243934128.0,17
PEPE,1787298540000,1787298780000,3.48e-06,3.44e-06,-154.4026493914102,stop,3232209533.0,17
PEPE,1787300640000,1787300700000,3.48e-06,3.49e-06,15.40256406486713,target,3227357583.0,17
PEPE,1787301120000,1787301420000,3.54e-06,3.5e-06,-154.19399292582824,stop,3218745286.0,17
PEPE,1787301900000,1787301960000,3.52e-06,3.53e-06,15.15980809134996,target,3216935404.0,17
PEPE,1787305980000,1787306040000,3.52e-06,3.53e-06,15.16204881912503,target,3217410890.0,17
PEPE,1787307720000,1787307780000,3.66e-06,3.67e-06,14.39379811544509,target,3196845778.0,17
PEPE,1787360820000,1787361180000,4.1100000000000005e-06,4.070000000000001e-06,-154.0296522347484,stop,3131479588.0,17
PEPE,1787362080000,1787362200000,4.1000000000000006e-06,4.1100000000000005e-06,12.020146129600805,target,3128209793.0,17
PEPE,1787362800000,1787362860000,4.12e-06,4.13e-06,11.916791773436314,target,3125715875.0,17
PEPE,1787363220000,1787363280000,4.13e-06,4.14e-06,11.865861128186173,target,3124650725.0,17
PEPE,1787364420000,1787364540000,4.23e-06,4.1900000000000005e-06,-153.85217892623783,stop,3110795712.0,17
PEPE,1787365020000,1787365080000,4.23e-06,4.24e-06,11.329594654302971,target,3106126019.0,17
PEPE,1787365620000,1787365800000,4.2800000000000005e-06,4.240000000000001e-06,-153.63823472727782,stop,3099419704.0,17
PEPE,1787369760000,1787369880000,4.31e-06,4.270000000000001e-06,-153.4076045426375,stop,3090558641.0,17
PEPE,1787370420000,1787371020000,4.27e-06,4.23e-06,-153.1773205687235,stop,3091524710.0,17
PEPE,1787372220000,1787372220000,4.360000000000001e-06,4.34e-06,-91.553226996981,risk_halt,3074319241.0,17
PEPE,1787443320000,1787443560000,4.07e-06,4.08e-06,12.099367142499082,target,3112377400.0,17
PEPE,1787443980000,1787444040000,4.05e-06,4.06e-06,12.205374427348024,target,3115602917.0,17
PEPE,1787446860000,1787447160000,4.13e-06,4.14e-06,11.789657899494019,target,3104584042.0,17
PEPE,1787447520000,1787448180000,4.13e-06,4.14e-06,11.79102299821011,target,3104943515.0,17
PEPE,1787448720000,1787448840000,4.13e-06,4.090000000000001e-06,-152.88183142447207,stop,3105303030.0,17
PEPE,1787449800000,1787449860000,4.1000000000000006e-06,4.1100000000000005e-06,11.930572636107367,target,3104898539.0,17
PEPE,1787452740000,1787452800000,4.09e-06,4.1e-06,11.984035686341922,target,3106684559.0,17
PEPE,1787453220000,1787453280000,4.09e-06,4.1e-06,11.985447797510949,target,3107050628.0,17
PEPE,1787454000000,1787454060000,4.07e-06,4.08e-06,12.091154499411529,target,3110264823.0,17
PEPE,1787459520000,1787459700000,4.03e-06,3.990000000000001e-06,-152.7243774647826,stop,3116347038.0,17
PEPE,1787460180000,1787460240000,4e-06,4.01e-06,12.440473294375009,target,3115960750.0,17
PEPE,1787461620000,1787461680000,4e-06,4.01e-06,12.441996768494576,target,3116342334.0,17
PEPE,1787469300000,1787469360000,3.89e-06,3.9e-06,13.023643215676394,target,3132566017.0,17
PEPE,1787470020000,1787470080000,3.920000000000001e-06,3.9300000000000005e-06,12.866492737961808,target,3128630453.0,17
PEPE,1787474940000,1787475060000,3.96e-06,3.97e-06,12.657018128403909,target,3123261722.0,17
PEPE,1787476620000,1787476800000,3.98e-06,3.99e-06,12.553320832489613,target,3120775844.0,17
PEPE,1787477220000,1787477280000,3.98e-06,3.99e-06,12.554871099966253,target,3121161243.0,17
PEPE,1787478960000,1787479080000,3.97e-06,3.98e-06,12.609047064236709,target,3122983793.0,17
PEPE,1787479620000,1787480160000,3.98e-06,3.99e-06,12.557978714522434,target,3121933801.0,17
PEPE,1787482320000,1787482500000,4e-06,4.01e-06,12.454397701066316,target,3119448391.0,17
PEPE,1787483040000,1787483220000,4e-06,4.01e-06,12.45592287998423,target,3119830402.0,17
PEPE,1787483580000,1787483700000,4e-06,4.01e-06,12.457448246549873,target,3120212460.0,17
PEPE,1787486640000,1787487000000,4.07e-06,4.08e-06,12.092395303885644,target,3110584001.0,17
PEPE,1787488140000,1787488200000,4.06e-06,4.07e-06,12.146063082686464,target,3112380034.0,17
PEPE,1787533680000,1787534280000,4.05e-06,4.0100000000000006e-06,-152.75828290924213,stop,3114179357.0,17
PEPE,1787539020000,1787539260000,4.06e-06,4.07e-06,12.129278036033675,target,3108078933.0,17
PEPE,1787539680000,1787540220000,4.03e-06,4.04e-06,12.28750696859677,target,3112731341.0,17
PEPE,1787544600000,1787544660000,4e-06,4.01e-06,12.44622523322978,target,3117401436.0,17
PEPE,1787546220000,1787546280000,4.03e-06,4.04e-06,12.290497622229891,target,3113488948.0,17
PEPE,1787546820000,1787547780000,4.03e-06,4.04e-06,12.291983717816203,target,3113865413.0,17
PEPE,1787548680000,1787549460000,4.03e-06,3.990000000000001e-06,-152.6212109924115,stop,3114241922.0,17
PEPE,1787550300000,1787550360000,4.0100000000000006e-06,4.0200000000000005e-06,12.379670310220938,target,3112424968.0,17
PEPE,1787550840000,1787550900000,4e-06,4.01e-06,12.433585688896171,target,3114235614.0,17
PEPE,1787551320000,1787552040000,4.0100000000000006e-06,4.0200000000000005e-06,12.38269615754757,target,3113185709.0,17
PEPE,1787553180000,1787554140000,4e-06,4.01e-06,12.436624716014173,target,3114996798.0,17
PEPE,1787555820000,1787555880000,4.05e-06,4.06e-06,12.176503811719382,target,3108233264.0,17
PEPE,1787556660000,1787556900000,4.03e-06,4.04e-06,12.282489534250539,target,3111460300.0,17
PEPE,1787557320000,1787557680000,4.0200000000000005e-06,4.03e-06,12.336315974210633,target,3113265861.0,17
PEPE,1787558520000,1787558640000,4.0100000000000006e-06,4.0200000000000005e-06,12.390209746529933,target,3115074732.0,17
PEPE,1787559120000,1787559840000,4.0100000000000006e-06,3.970000000000001e-06,-152.5404458035343,stop,3115454599.0,17
PEPE,1787560920000,1787561880000,4.0200000000000005e-06,3.980000000000001e-06,-152.3114635571422,stop,3109349057.0,17
PEPE,1787563020000,1787563200000,4.0100000000000006e-06,4.0200000000000005e-06,12.35454554846382,target,3106108246.0,17
PEPE,1787563620000,1787563680000,4.0200000000000005e-06,4.03e-06,12.303800784936088,target,3105060135.0,17
PEPE,1787566680000,1787566800000,4.04e-06,4.05e-06,12.200923349972138,target,3102586993.0,17
PEPE,1787567460000,1787567520000,4.03e-06,4.04e-06,12.25456038751947,target,3104385152.0,17
PEPE,1787567880000,1787568240000,4.04e-06,4.000000000000001e-06,-152.15655098898839,stop,3103335733.0,17
PEPE,1787570640000,1787570700000,4.0100000000000006e-06,4.0200000000000005e-06,12.341980017406414,target,3102949093.0,17
PEPE,1787572500000,1787572560000,4.07e-06,4.08e-06,12.031013529336766,target,3094794477.0,17
PEPE,1787619180000,1787619240000,4.1000000000000006e-06,4.1100000000000005e-06,11.876832752927836,target,3090912883.0,17
PEPE,1787619780000,1787619840000,4.13e-06,4.14e-06,11.723023888519897,target,3087037232.0,17
PEPE,1787620320000,1787620740000,4.09e-06,4.1e-06,11.93143634005454,target,3093048954.0,17
PEPE,1787622120000,1787622180000,4.1000000000000006e-06,4.1100000000000005e-06,11.881001308266262,target,3091997738.0,17
PEPE,1787622780000,1787622840000,4.08e-06,4.09e-06,11.9861367474264,target,3095193479.0,17
PEPE,1787624520000,1787624940000,4.17e-06,4.18e-06,11.522153938098212,target,3082850552.0,17
PEPE,1787626020000,1787626080000,4.2000000000000004e-06,4.21e-06,11.369161340057458,target,3078987499.0,17
PEPE,1787626620000,1787626740000,4.18e-06,4.19e-06,11.473270736119195,target,3082141232.0,17
PEPE,1787628420000,1787628480000,4.24e-06,4.25e-06,11.166595857907732,target,3074080071.0,17
PEPE,1787629080000,1787629200000,4.27e-06,4.28e-06,11.0144518218869,target,3070230473.0,17
PEPE,1787629620000,1787629740000,4.24e-06,4.2000000000000004e-06,-152.13877843999805,stop,3074753000.0,17
PEPE,1787635260000,1787635380000,4.23e-06,4.24e-06,11.203420728231935,target,3071534127.0,17
PEPE,1787636160000,1787636820000,4.23e-06,4.24e-06,11.204661042370704,target,3071874172.0,17
PEPE,1787649420000,1787649480000,4.08e-06,4.09e-06,11.978894157833068,target,3093323217.0,17
PEPE,1787650080000,1787650200000,4.08e-06,4.09e-06,11.980311802634208,target,3093689297.0,17
PEPE,1787651460000,1787651520000,4.08e-06,4.04e-06,-151.98000218127706,stop,3094055419.0,17
PEPE,1787655420000,1787655480000,4.04e-06,4.05e-06,12.171409225689425,target,3095081812.0,17
PEPE,1787657280000,1787657400000,4.04e-06,4.05e-06,12.17287465215003,target,3095454457.0,17
PEPE,1787658060000,1787658420000,4.04e-06,4.05e-06,12.174340255576103,target,3095827147.0,17
PEPE,1787658720000,1787659440000,4.04e-06,4.000000000000001e-06,-151.80668021445888,stop,3096199882.0,17
PEPE,1787662020000,1787662140000,4.0100000000000006e-06,4.0200000000000005e-06,12.313600710030597,target,3095814132.0,17
PEPE,1787662680000,1787663160000,4.0200000000000005e-06,4.03e-06,12.2630241239381,target,3094769495.0,17
PEPE,1787663520000,1787663760000,4e-06,3.96e-06,-151.6156920196996,stop,3097991255.0,17
PEPE,1787667540000,1787667780000,3.96e-06,3.97e-06,12.558859093437762,target,3099039875.0,17
PEPE,1787705280000,1787705340000,3.81e-06,3.82e-06,13.350027932329933,target,3120988412.0,17
PEPE,1787705880000,1787705940000,3.830000000000001e-06,3.8400000000000005e-06,13.245866068535218,target,3118508786.0,17
PEPE,1787706600000,1787708100000,3.8400000000000005e-06,3.85e-06,13.194707587619021,target,3117473736.0,17
PEPE,1787709900000,1787709960000,3.85e-06,3.86e-06,13.143577534919714,target,3116438064.0,17
PEPE,1787710500000,1787710620000,3.8400000000000005e-06,3.85e-06,13.198152228908073,target,3118287591.0,17
PEPE,1787710920000,1787711160000,3.86e-06,3.87e-06,13.09418823864502,target,3115809218.0,17
PEPE,1787711520000,1787711640000,3.87e-06,3.88e-06,13.043108470249463,target,3114772172.0,17
PEPE,1787713440000,1787715180000,3.87e-06,3.830000000000001e-06,-151.54545859128442,stop,3115174646.0,17
PEPE,1787716020000,1787716080000,3.85e-06,3.86e-06,13.130673073033982,target,3113378322.0,17
PEPE,1787716680000,1787716800000,3.85e-06,3.86e-06,13.13238348437893,target,3113783873.0,17
PEPE,1787719620000,1787719680000,3.8400000000000005e-06,3.85e-06,13.186911695078368,target,3115631824.0,17
PEPE,1787720220000,1787721660000,3.830000000000001e-06,3.7900000000000006e-06,-151.37718922150265,stop,3117483174.0,17
PEPE,1787722020000,1787722140000,3.830000000000001e-06,3.8400000000000005e-06,13.221632619894718,target,3112803442.0,17
PEPE,1787723820000,1787723880000,3.8400000000000005e-06,3.85e-06,13.170567735493417,target,3111770286.0,17
PEPE,1787726820000,1787727000000,3.82e-06,3.83e-06,13.277955023024806,target,3115062762.0,17
PEPE,1787727660000,1787727780000,3.82e-06,3.83e-06,13.279705503900376,target,3115473432.0,17
PEPE,1787728740000,1787730600000,3.830000000000001e-06,3.81e-06,-89.03406361997676,time,3114440354.0,17
PEPE,1787731440000,1787731500000,3.8e-06,3.81e-06,13.375513763842925,target,3116019514.0,17
PEPE,1787731920000,1787731980000,3.82e-06,3.83e-06,13.271481875438207,target,3113544135.0,17
PEPE,1787734080000,1787734200000,3.81e-06,3.82e-06,13.326118580874935,target,3115398850.0,17
PEPE,1787734620000,1787734860000,3.79e-06,3.8e-06,13.433817906441872,target,3118704099.0,17
PEPE,1787735460000,1787735580000,3.8e-06,3.81e-06,13.38261073008545,target,3117672855.0,17
PEPE,1787739720000,1787739780000,3.7800000000000002e-06,3.79e-06,13.490451183070974,target,3120983501.0,17
PEPE,1787740320000,1787740380000,3.7800000000000002e-06,3.79e-06,13.492258061554644,target,3121401518.0,17
PEPE,1787788920000,1787788980000,3.8400000000000005e-06,3.85e-06,13.176383253982772,target,3113144301.0,17
PEPE,1787789760000,1787789940000,3.830000000000001e-06,3.8400000000000005e-06,13.230937745570426,target,3114994172.0,17
PEPE,1787790420000,1787790600000,3.830000000000001e-06,3.8400000000000005e-06,13.232675087751899,target,3115403199.0,17
PEPE,1787791320000,1787791380000,3.82e-06,3.83e-06,13.287306751948716,target,3117256716.0,17
PEPE,1787791980000,1787792100000,3.82e-06,3.83e-06,13.28905846468835,target,3117667675.0,17
PEPE,1787792820000,1787792880000,3.82e-06,3.83e-06,13.290810411861573,target,3118078689.0,17
PEPE,1787793420000,1787793480000,3.81e-06,3.82e-06,13.34552669341407,target,3119936106.0,17
PEPE,1787794620000,1787794680000,3.830000000000001e-06,3.8400000000000005e-06,13.241399949709995,target,3117457316.0,17
PEPE,1787795940000,1787796000000,3.830000000000001e-06,3.8400000000000005e-06,13.243138663835005,target,3117866666.0,17
PEPE,1787797080000,1787797200000,3.830000000000001e-06,3.8400000000000005e-06,13.244877603077779,target,3118276069.0,17
PEPE,1787802180000,1787802360000,3.8e-06,3.81e-06,13.405592796550723,target,3123026860.0,17
PEPE,1787802720000,1787803260000,3.8e-06,3.81e-06,13.407374196926984,target,3123441863.0,17
PEPE,1787804520000,1787804640000,3.8e-06,3.81e-06,13.409155829098118,target,3123856920.0,17
PEPE,1787808540000,1787809260000,3.7800000000000002e-06,3.79e-06,13.517210189892728,target,3127174133.0,17
PEPE,1787810460000,1787810520000,3.7800000000000002e-06,3.79e-06,13.519020656047564,target,3127592980.0,17
PEPE,1787811780000,1787811900000,3.7700000000000003e-06,3.7800000000000002e-06,13.574055933937142,target,3129465345.0,17
PEPE,1787812320000,1787812560000,3.7800000000000002e-06,3.79e-06,13.522649442347122,target,3128432491.0,17
PEPE,1787813640000,1787813700000,3.79e-06,3.8e-06,13.471271205421571,target,3127399003.0,17
PEPE,1787818320000,1787818500000,3.91e-06,3.87e-06,-151.59743326874758,stop,3110488500.0,17
PEPE,1787819760000,1787820660000,3.9300000000000005e-06,3.89e-06,-151.3698665787106,stop,3102954268.0,17
PEPE,1787821020000,1787821080000,3.91e-06,3.92e-06,12.800025703234828,target,3101157045.0,17
PEPE,1787823540000,1787823600000,3.94e-06,3.95e-06,12.644570775940789,target,3097261672.0,17
PEPE,1787824080000,1787824140000,3.96e-06,3.97e-06,12.541665134280972,target,3094797072.0,17
PEPE,1787824620000,1787824680000,3.97e-06,3.9300000000000005e-06,-151.19966361423712,stop,3093757504.0,17
PEPE,1787875320000,1787875680000,3.89e-06,3.85e-06,-150.11249998541587,stop,3082866971.0,18
PEPE,1787876520000,1787876880000,3.88e-06,3.89e-06,12.849890792366642,target,3079662263.0,18
PEPE,1787877420000,1787877540000,3.88e-06,3.89e-06,12.851544470947955,target,3080058591.0,18
PEPE,1787878080000,1787878140000,3.87e-06,3.88e-06,12.905371306561728,target,3081879715.0,18
PEPE,1787878860000,1787878920000,3.88e-06,3.89e-06,12.854859184226065,target,3080853010.0,18
PEPE,1787881020000,1787881080000,3.95e-06,3.910000000000001e-06,-149.9644127551647,stop,3071310486.0,18
PEPE,1787881680000,1787881920000,3.91e-06,3.87e-06,-149.73929741478437,stop,3072363117.0,18
PEPE,1787887380000,1787887560000,3.830000000000001e-06,3.8400000000000005e-06,13.078575375743844,target,3079123102.0,18
PEPE,1787889900000,1787890380000,3.81e-06,3.82e-06,13.184897453063371,target,3082383975.0,18
PEPE,1787891640000,1787892180000,3.81e-06,3.82e-06,13.186642591788967,target,3082791956.0,18
PEPE,1787893320000,1787893440000,3.82e-06,3.83e-06,13.136047489398372,target,3081770672.0,18
PEPE,1787894580000,1787894640000,3.81e-06,3.82e-06,13.190126632649296,target,3083606460.0,18
PEPE,1787895720000,1787895840000,3.82e-06,3.83e-06,13.139518166085779,target,3082584907.0,18
PEPE,1787896380000,1787896440000,3.81e-06,3.82e-06,13.193611597450225,target,3084421180.0,18
PEPE,1787898720000,1787898780000,3.81e-06,3.82e-06,13.195357891102482,target,3084829431.0,18
PEPE,1787899920000,1787900040000,3.82e-06,3.83e-06,13.144729349398535,target,3083807472.0,18
PEPE,1787900760000,1787900940000,3.81e-06,3.77e-06,-149.6923275449235,stop,3085644474.0,18
PEPE,1787903820000,1787904060000,3.79e-06,3.8e-06,13.283783481631025,target,3083873124.0,18
PEPE,1787904420000,1787904480000,3.79e-06,3.8e-06,13.285555681894753,target,3084284546.0,18
PEPE,1787913240000,1787913420000,3.79e-06,3.8e-06,13.287328123379886,target,3084696024.0,18
PEPE,1787914920000,1787914980000,3.81e-06,3.82e-06,13.184306507883742,target,3082245823.0,18
PEPE,1787915640000,1787915700000,3.81e-06,3.82e-06,13.186051565338015,target,3082653785.0,18
PEPE,1787916720000,1787916780000,3.81e-06,3.82e-06,13.187796858054924,target,3083061802.0,18
PEPE,1787917680000,1787917740000,3.8e-06,3.81e-06,13.241936014371039,target,3084900644.0,18
PEPE,1787962380000,1787962440000,3.6900000000000002e-06,3.7e-06,13.823328184586911,target,3101139245.0,18
PEPE,1787964180000,1787964780000,3.6900000000000002e-06,3.7e-06,13.825245489062011,target,3101569375.0,18
PEPE,1787965560000,1787965620000,3.67e-06,3.68e-06,13.933219776850954,target,3104895772.0,18
PEPE,1787966520000,1787966700000,3.67e-06,3.68e-06,13.935167145423245,target,3105329726.0,18
PEPE,1787967120000,1787968980000,3.6800000000000003e-06,3.67e-06,-56.70030536534047,time,3104314556.0,18
PEPE,1787970720000,1787970960000,3.66e-06,3.67e-06,13.982277400266067,target,3105447507.0,18
PEPE,1787971560000,1787971920000,3.66e-06,3.67e-06,13.984239076482321,target,3105883193.0,18
PEPE,1787973480000,1787973660000,3.67e-06,3.68e-06,13.933098825262709,target,3104868819.0,18
PEPE,1787974620000,1787975040000,3.67e-06,3.63e-06,-149.66783020887587,stop,3105302769.0,18
PEPE,1787978100000,1787978280000,3.6400000000000003e-06,3.65e-06,14.073366363682322,target,3104989821.0,18
PEPE,1787979420000,1787979540000,3.65e-06,3.66e-06,14.022219237161194,target,3103977695.0,18
PEPE,1787980200000,1787980260000,3.65e-06,3.66e-06,14.02419399452662,target,3104414830.0,18
PEPE,1787981220000,1787981280000,3.65e-06,3.66e-06,14.026169022937122,target,3104852025.0,18
PEPE,1787982600000,1787984040000,3.66e-06,3.62e-06,-149.5274421870482,stop,3103838966.0,18
PEPE,1787986680000,1787986740000,3.62e-06,3.63e-06,14.166473102374724,target,3104980406.0,18
PEPE,1787987220000,1787989080000,3.63e-06,3.61e-06,-87.33796271241039,time,3103970243.0,18
PEPE,1787989800000,1787989860000,3.62e-06,3.63e-06,14.15605107943616,target,3102696127.0,18
PEPE,1787990820000,1787991000000,3.61e-06,3.62e-06,14.211264190165801,target,3104590757.0,18
PEPE,1787991720000,1787991780000,3.61e-06,3.62e-06,14.21329594558442,target,3105034614.0,18
PEPE,1787992320000,1787993700000,3.62e-06,3.58e-06,-149.25706208027378,stop,3104025415.0,18
PEPE,1787994720000,1787994780000,3.61e-06,3.62e-06,14.193989007280912,target,3100816823.0,18
PEPE,1787997300000,1787997480000,3.62e-06,3.63e-06,14.14287853968783,target,3099808995.0,18
PEPE,1787999220000,1787999280000,3.63e-06,3.64e-06,14.09179533741677,target,3098800514.0,18
PEPE,1787999880000,1788000060000,3.63e-06,3.64e-06,14.0937949368278,target,3099240228.0,18
PEPE,1788048240000,1788048360000,3.65e-06,3.66e-06,13.989718368015055,target,3096783258.0,18
PEPE,1788049920000,1788050040000,3.65e-06,3.66e-06,13.991688544632074,target,3097219379.0,18
PEPE,1788051120000,1788051480000,3.65e-06,3.66e-06,13.993659001332889,target,3097655562.0,18
PEPE,1788052140000,1788052260000,3.6400000000000003e-06,3.65e-06,14.048665562171236,target,3099540113.0,18
PEPE,1788053220000,1788053820000,3.63e-06,3.64e-06,14.103744484841002,target,3101428144.0,18
PEPE,1788054120000,1788054240000,3.6400000000000003e-06,3.65e-06,14.052645301134767,target,3100418158.0,18
PEPE,1788055140000,1788055200000,3.63e-06,3.64e-06,14.107739827389617,target,3102306724.0,18
PEPE,1788055620000,1788055860000,3.63e-06,3.64e-06,14.109741691459407,target,3102746936.0,18
PEPE,1788056280000,1788056400000,3.63e-06,3.64e-06,14.111743837472494,target,3103187210.0,18
PEPE,1788056820000,1788056940000,3.63e-06,3.64e-06,14.113746265434338,target,3103627546.0,18
PEPE,1788058080000,1788058140000,3.63e-06,3.64e-06,14.11574897988748,target,3104067945.0,18
PEPE,1788058800000,1788059940000,3.6400000000000003e-06,3.65e-06,14.064606301218028,target,3103057099.0,18
PEPE,1788061080000,1788061140000,3.6400000000000003e-06,3.65e-06,14.066594532201004,target,3103495760.0,18
PEPE,1788061740000,1788062640000,3.6400000000000003e-06,3.65e-06,14.06858303966339,target,3103934482.0,18
PEPE,1788063300000,1788063360000,3.63e-06,3.64e-06,14.12374005152475,target,3105825190.0,18
PEPE,1788066960000,1788067020000,3.6400000000000003e-06,3.65e-06,14.07256842158944,target,3104813772.0,18
PEPE,1788069300000,1788069420000,3.6400000000000003e-06,3.65e-06,14.074557776632057,target,3105252681.0,18
PEPE,1788070440000,1788070500000,3.63e-06,3.64e-06,14.129738208573428,target,3107144191.0,18
PEPE,1788072300000,1788072360000,3.65e-06,3.66e-06,14.025396214212083,target,3104680955.0,18
PEPE,1788072720000,1788072840000,3.65e-06,3.66e-06,14.027371414290895,target,3105118188.0,18
PEPE,1788073320000,1788073380000,3.65e-06,3.66e-06,14.029346894451685,target,3105555483.0,18
PEPE,1788074640000,1788074880000,3.6400000000000003e-06,3.65e-06,14.084493741832302,target,3107444841.0,18
PEPE,1788075720000,1788075780000,3.6400000000000003e-06,3.65e-06,14.086484782965293,target,3107884122.0,18
PEPE,1788076560000,1788076680000,3.63e-06,3.64e-06,14.141711980709044,target,3109777236.0,18
PEPE,1788137340000,1788137460000,3.44e-06,3.45e-06,15.164891445998753,target,3138104800.0,18
PEPE,1788137820000,1788137940000,3.44e-06,3.45e-06,15.167198679632065,target,3138582241.0,18
PEPE,1788138480000,1788138660000,3.41e-06,3.42e-06,15.332469946958962,target,3143509984.0,18
PEPE,1788139680000,1788139740000,3.43e-06,3.44e-06,15.22611727687657,target,3141024709.0,18
PEPE,1788140820000,1788141960000,3.43e-06,3.44e-06,15.228442113639893,target,3141504304.0,18
PEPE,1788142920000,1788144240000,3.45e-06,3.41e-06,-149.73910116837854,stop,3139019992.0,18
PEPE,1788147180000,1788147360000,3.44e-06,3.45e-06,15.153690667834894,target,3135786998.0,18
PEPE,1788148500000,1788148620000,3.45e-06,3.46e-06,15.101825745093182,target,3134784794.0,18
PEPE,1788148920000,1788149280000,3.43e-06,3.44e-06,15.212523660458146,target,3138220456.0,18
PEPE,1788150720000,1788150780000,3.4200000000000003e-06,3.43e-06,15.269135757860843,target,3140182161.0,18
PEPE,1788152220000,1788152280000,3.43e-06,3.44e-06,15.217177827616556,target,3139180573.0,18
PEPE,1788153060000,1788153120000,3.43e-06,3.44e-06,15.219501297384982,target,3139659886.0,18
PEPE,1788154140000,1788154200000,3.4600000000000003e-06,3.4700000000000002e-06,15.059189678615509,target,3135698007.0,18
PEPE,1788154680000,1788154920000,3.4600000000000003e-06,3.4700000000000002e-06,15.061464464383828,target,3136171674.0,18
PEPE,1788156420000,1788156840000,3.4700000000000002e-06,3.48e-06,15.009613611524632,target,3135167334.0,18
PEPE,1788157920000,1788157980000,3.4700000000000002e-06,3.48e-06,15.011872756173481,target,3135639218.0,18
PEPE,1788158580000,1788158940000,3.48e-06,3.49e-06,14.960040974987969,target,3134634044.0,18
PEPE,1788160200000,1788160260000,3.48e-06,3.49e-06,14.962284546330421,target,3135104148.0,18
PEPE,1788160620000,1788160680000,3.49e-06,3.5e-06,14.910471905806352,target,3134098141.0,18
PEPE,1788161220000,1788161280000,3.5100000000000003e-06,3.52e-06,14.804723286597554,target,3131617829.0,18
PEPE,1788162480000,1788162540000,3.5100000000000003e-06,3.52e-06,14.806919531817835,target,3132082397.0,18
PEPE,1788163080000,1788163140000,3.5100000000000003e-06,3.52e-06,14.809116098506681,target,3132547033.0,18
PEPE,1788164460000,1788164580000,3.52e-06,3.53e-06,14.757376797638925,target,3131538843.0,18
PEPE,1788166980000,1788167160000,3.54e-06,3.55e-06,14.65182172683813,target,3129059632.0,18
PEPE,1788221700000,1788221760000,3.5600000000000002e-06,3.57e-06,14.546421689575586,target,3126581771.0,18
PEPE,1788222720000,1788223140000,3.5600000000000002e-06,3.57e-06,14.548540396204052,target,3127037162.0,18
PEPE,1788224580000,1788224700000,3.5600000000000002e-06,3.57e-06,14.550659409896172,target,3127492619.0,18
PEPE,1788225780000,1788225840000,3.5500000000000003e-06,3.5600000000000002e-06,14.606551915154096,target,3129416586.0,18
PEPE,1788226620000,1788226680000,3.5500000000000003e-06,3.5600000000000002e-06,14.608687240395085,target,3129874074.0,18
PEPE,1788227220000,1788227400000,3.5600000000000002e-06,3.57e-06,14.557033972288547,target,3128862756.0,18
PEPE,1788228420000,1788229380000,3.5500000000000003e-06,3.5600000000000002e-06,14.6129509643049,target,3130787566.0,18
PEPE,1788230160000,1788230460000,3.5500000000000003e-06,3.5600000000000002e-06,14.615087227710235,target,3131245255.0,18
PEPE,1788231180000,1788231300000,3.54e-06,3.55e-06,14.671086819527106,target,3133173907.0,18
PEPE,1788231840000,1788231960000,3.5500000000000003e-06,3.5600000000000002e-06,14.619368562098884,target,3132162520.0,18
PEPE,1788234000000,1788234060000,3.57e-06,3.58e-06,14.513899783424634,target,3129681894.0,18
PEPE,1788235020000,1788235260000,3.5600000000000002e-06,3.57e-06,14.569791494836815,target,3131604835.0,18
PEPE,1788236460000,1788236520000,3.5500000000000003e-06,3.5600000000000002e-06,14.625757492107015,target,3133531332.0,18
PEPE,1788236940000,1788238020000,3.5600000000000002e-06,3.52e-06,-150.20427799439872,stop,3132518832.0,18
PEPE,1788239220000,1788239340000,3.54e-06,3.55e-06,14.659758756322033,target,3130754673.0,18
PEPE,1788239940000,1788240000000,3.53e-06,3.54e-06,14.715789675893443,target,3132685402.0,18
PEPE,1788241980000,1788242100000,3.5600000000000002e-06,3.57e-06,14.556444993703535,target,3128736162.0,18
PEPE,1788242520000,1788243180000,3.5500000000000003e-06,3.5600000000000002e-06,14.612359727410723,target,3130660895.0,18
PEPE,1788244320000,1788244440000,3.5500000000000003e-06,3.5600000000000002e-06,14.614495897468245,target,3131118564.0,18
PEPE,1788245100000,1788245160000,3.54e-06,3.55e-06,14.670493228366738,target,3133047139.0,18
PEPE,1788245520000,1788247380000,3.54e-06,3.53e-06,-56.24644786774926,time,3133506845.0,18
PEPE,1788247980000,1788248100000,3.53e-06,3.54e-06,14.718281901636947,target,3133215945.0,18
PEPE,1788249960000,1788250680000,3.52e-06,3.48e-06,-150.0483064716389,stop,3135150574.0,18
PEPE,1788254820000,1788256680000,3.49e-06,3.48e-06,-55.91816551458749,time,3134865621.0,18
PEPE,1788307320000,1788307560000,3.4700000000000002e-06,3.48e-06,15.013897294175148,target,3136062098.0,18
PEPE,1788309540000,1788309840000,3.4600000000000003e-06,3.4700000000000002e-06,15.070306664099407,target,3138012840.0,18
PEPE,1788310920000,1788311100000,3.4600000000000003e-06,3.4700000000000002e-06,15.072583125938948,target,3138486856.0,18
PEPE,1788312120000,1788312180000,3.4700000000000002e-06,3.48e-06,15.020693993024334,target,3137481774.0,18
PEPE,1788312780000,1788313260000,3.4600000000000003e-06,3.4200000000000003e-06,-149.82945896727398,stop,3139433399.0,18
PEPE,1788316080000,1788316140000,3.4700000000000002e-06,3.48e-06,15.000403476473748,target,3133243546.0,18
PEPE,1788317880000,1788317940000,3.4700000000000002e-06,3.48e-06,15.002661237536897,target,3133715141.0,18
PEPE,1788319860000,1788321720000,3.49e-06,3.4700000000000002e-06,-87.11880665437377,time,3131235750.0,18
PEPE,1788324120000,1788324180000,3.4700000000000002e-06,3.48e-06,14.991806797310815,target,3131447895.0,18
PEPE,1788324720000,1788324780000,3.4700000000000002e-06,3.48e-06,14.99406326096232,target,3131919219.0,18
PEPE,1788325320000,1788326700000,3.4700000000000002e-06,3.48e-06,14.996320069313693,target,3132390615.0,18
PEPE,1788327120000,1788328080000,3.4700000000000002e-06,3.48e-06,14.99857721757506,target,3132862082.0,18
PEPE,1788328620000,1788328920000,3.4600000000000003e-06,3.4700000000000002e-06,15.05492902067972,target,3134810832.0,18
PEPE,1788329220000,1788329580000,3.4600000000000003e-06,3.4700000000000002e-06,15.057203162910671,target,3135284365.0,18
PEPE,1788330240000,1788330300000,3.44e-06,3.45e-06,15.167852183439532,target,3138717472.0,18
PEPE,1788331320000,1788331380000,3.4600000000000003e-06,3.4700000000000002e-06,15.061768842032864,target,3136235053.0,18
PEPE,1788333840000,1788335700000,3.4600000000000003e-06,3.44e-06,-87.05935274400167,time,3136708800.0,18
PEPE,1788336780000,1788336840000,3.45e-06,3.46e-06,15.10502400144708,target,3135448677.0,18
PEPE,1788337320000,1788337620000,3.45e-06,3.46e-06,15.107313913356075,target,3135924009.0,18
PEPE,1788339720000,1788339780000,3.4200000000000003e-06,3.43e-06,15.272352836485377,target,3140843771.0,18
PEPE,1788340320000,1788340380000,3.43e-06,3.44e-06,15.220383954421937,target,3139841971.0,18
PEPE,1788340980000,1788341280000,3.43e-06,3.44e-06,15.222707913787858,target,3140321385.0,18
PEPE,1788341820000,1788342600000,3.4200000000000003e-06,3.43e-06,15.279357919311487,target,3142284405.0,18
PEPE,1788343260000,1788343320000,3.41e-06,3.42e-06,15.336084569538102,target,3144251065.0,18
PEPE,1788393960000,1788394860000,3.43e-06,3.39e-06,-149.7286752096295,stop,3141765204.0,18
PEPE,1788395220000,1788396000000,3.41e-06,3.42e-06,15.315417997227694,target,3140013941.0,18
PEPE,1788396840000,1788397560000,3.41e-06,3.42e-06,15.317773166385978,target,3140496805.0,18
PEPE,1788399960000,1788400200000,3.44e-06,3.45e-06,15.157296186419314,target,3136533096.0,18
PEPE,1788400620000,1788402480000,3.45e-06,3.44e-06,-55.64783028186349,time,3135530654.0,18
PEPE,1788403020000,1788403680000,3.4700000000000002e-06,3.48e-06,14.988829700011344,target,3130826047.0,18
PEPE,1788406020000,1788406080000,3.4600000000000003e-06,3.4700000000000002e-06,15.045144882627788,target,3132773531.0,18
PEPE,1788406920000,1788407040000,3.45e-06,3.46e-06,15.101535880936181,target,3134724625.0,18
PEPE,1788409020000,1788409080000,3.44e-06,3.45e-06,15.158002886386427,target,3136679335.0,18
PEPE,1788409620000,1788409800000,3.44e-06,3.45e-06,15.16030907619798,target,3137156560.0,18
PEPE,1788412680000,1788412920000,3.45e-06,3.41e-06,-149.60238227339556,stop,3136153918.0,18
PEPE,1788414720000,1788414780000,3.44e-06,3.45e-06,15.139854630768639,target,3132923876.0,18
PEPE,1788415320000,1788415380000,3.45e-06,3.46e-06,15.088037062872175,target,3131922587.0,18
PEPE,1788417300000,1788417420000,3.45e-06,3.46e-06,15.090324402236028,target,3132397385.0,18
PEPE,1788417780000,1788417840000,3.45e-06,3.46e-06,15.09261208364262,target,3132872254.0,18
PEPE,1788419700000,1788420000000,3.4700000000000002e-06,3.48e-06,14.986761983549718,target,3130394148.0,18
PEPE,1788421020000,1788421080000,3.4700000000000002e-06,3.48e-06,14.989017695562245,target,3130865315.0,18
PEPE,1788421620000,1788422580000,3.4700000000000002e-06,3.48e-06,14.99127374270035,target,3131336552.0,18
PEPE,1788423300000,1788423360000,3.48e-06,3.49e-06,14.939513078008039,target,3130332756.0,18
PEPE,1788423780000,1788424140000,3.48e-06,3.49e-06,14.941753575861508,target,3130802216.0,18
PEPE,1788424740000,1788424860000,3.4700000000000002e-06,3.48e-06,14.998027655660886,target,3132747291.0,18
PEPE,1788425820000,1788425880000,3.4600000000000003e-06,3.4700000000000002e-06,15.05437740072728,target,3134695971.0,18
PEPE,1788427740000,1788427800000,3.4600000000000003e-06,3.4700000000000002e-06,15.056651456514567,target,3135169486.0,18
PEPE,1788428220000,1788428280000,3.4600000000000003e-06,3.4700000000000002e-06,15.05892585328095,target,3135643072.0,18
PEPE,1788480240000,1788480600000,3.7e-06,3.71e-06,13.776321910024139,target,3101029130.0,18
PEPE,1788481200000,1788481260000,3.6900000000000002e-06,3.7e-06,13.83119501683392,target,3102904098.0,18
PEPE,1788482220000,1788482340000,3.7e-06,3.71e-06,13.780136422666025,target,3101887771.0,18
PEPE,1788482820000,1788483420000,3.6900000000000002e-06,3.65e-06,-149.73329897406498,stop,3103763258.0,18
PEPE,1788486720000,1788486780000,3.65e-06,3.66e-06,14.026370114932444,target,3104896539.0,18
PEPE,1788487320000,1788489180000,3.66e-06,3.65e-06,-56.552756732299756,time,3103883465.0,18
PEPE,1788489960000,1788490020000,3.66e-06,3.67e-06,13.967301112726672,target,3102121291.0,18
PEPE,1788491160000,1788491220000,3.6800000000000003e-06,3.6900000000000002e-06,13.863234417341324,target,3099661133.0,18
PEPE,1788491520000,1788493380000,3.6800000000000003e-06,3.66e-06,-87.57761894450083,time,3100092706.0,18
PEPE,1788494520000,1788494580000,3.66e-06,3.67e-06,13.958918763452111,target,3100259581.0,18
PEPE,1788495300000,1788495360000,3.66e-06,3.67e-06,13.960877161845872,target,3100694539.0,18
PEPE,1788496440000,1788496500000,3.6800000000000003e-06,3.6900000000000002e-06,13.856858331891605,target,3098235513.0,18
PEPE,1788496920000,1788496980000,3.67e-06,3.68e-06,13.911759044050141,target,3100113436.0,18
PEPE,1788499680000,1788500880000,3.66e-06,3.62e-06,-149.43860059802415,stop,3101994823.0,18
PEPE,1788503820000,1788503940000,3.62e-06,3.63e-06,14.158056106562853,target,3103135585.0,18
PEPE,1788505740000,1788505860000,3.6400000000000003e-06,3.65e-06,14.05381319041004,target,3100675828.0,18
PEPE,1788506220000,1788506280000,3.6400000000000003e-06,3.65e-06,14.05579989393822,target,3101114152.0,18
PEPE,1788506880000,1788507060000,3.6400000000000003e-06,3.65e-06,14.057786878484496,target,3101552538.0,18
PEPE,1788507480000,1788507720000,3.6400000000000003e-06,3.65e-06,14.059774144043406,target,3101990986.0,18
PEPE,1788508620000,1788508860000,3.63e-06,3.64e-06,14.114896614676427,target,3103880509.0,18
PEPE,1788509280000,1788509580000,3.63e-06,3.64e-06,14.116899492837584,target,3104320944.0,18
PEPE,1788513720000,1788514080000,3.67e-06,3.68e-06,13.906600362135704,target,3098963869.0,18
PEPE,1788515820000,1788515880000,3.67e-06,3.68e-06,13.90854401057305,target,3099396994.0,18
PEPE,1788518760000,1788518940000,3.66e-06,3.67e-06,13.963503956367331,target,3101277947.0,18
PEPE,1788567180000,1788567300000,3.5100000000000003e-06,3.52e-06,14.766800326375588,target,3123596050.0,18
PEPE,1788567840000,1788568260000,3.5100000000000003e-06,3.52e-06,14.768990941140682,target,3124059427.0,18
PEPE,1788571680000,1788571800000,3.5000000000000004e-06,3.5100000000000003e-06,14.825022561299523,target,3125993160.0,18
PEPE,1788572220000,1788572280000,3.49e-06,3.5e-06,14.881129230056384,target,3127930474.0,18
PEPE,1788572820000,1788573060000,3.49e-06,3.5e-06,14.883352904582829,target,3128397878.0,18
PEPE,1788573420000,1788573600000,3.49e-06,3.5e-06,14.885576916897435,target,3128865353.0,18
PEPE,1788575040000,1788575100000,3.48e-06,3.49e-06,14.941775620036395,target,3130806835.0,18
PEPE,1788575520000,1788575640000,3.48e-06,3.44e-06,-149.58107195605126,stop,3131276365.0,18
PEPE,1788576240000,1788576360000,3.4600000000000003e-06,3.4700000000000002e-06,15.02953892835778,target,3129523983.0,18
PEPE,1788577980000,1788578040000,3.45e-06,3.46e-06,15.0858714328289,target,3131473053.0,18
PEPE,1788579000000,1788579060000,3.4600000000000003e-06,3.4700000000000002e-06,15.034088043654684,target,3130471222.0,18
PEPE,1788580620000,1788580740000,3.4600000000000003e-06,3.4700000000000002e-06,15.036359035447495,target,3130944099.0,18
PEPE,1788581280000,1788581940000,3.4600000000000003e-06,3.4700000000000002e-06,15.038630368215763,target,3131417047.0,18
PEPE,1788582480000,1788582540000,3.4700000000000002e-06,3.48e-06,14.986858126125952,target,3130414230.0,18
PEPE,1788583080000,1788583200000,3.4700000000000002e-06,3.48e-06,14.98911384771095,target,3130885399.0,18
PEPE,1788583680000,1788583740000,3.48e-06,3.49e-06,14.937360642328198,target,3129881748.0,18
PEPE,1788585000000,1788585060000,3.4700000000000002e-06,3.48e-06,14.993618181448475,target,3131826252.0,18
PEPE,1788587100000,1788587160000,3.4700000000000002e-06,3.48e-06,14.995874917986313,target,3132297633.0,18
PEPE,1788587520000,1788587580000,3.4700000000000002e-06,3.48e-06,14.99813199922402,target,3132769086.0,18
PEPE,1788589920000,1788590040000,3.5000000000000004e-06,3.5100000000000003e-06,14.8384167186852,target,3128817442.0,18
PEPE,1788591360000,1788591420000,3.5000000000000004e-06,3.5100000000000003e-06,14.840625983855274,target,3129283286.0,18
PEPE,1788593520000,1788593580000,3.5100000000000003e-06,3.52e-06,14.788930207714737,target,3128277146.0,18
PEPE,1788594180000,1788594240000,3.5100000000000003e-06,3.52e-06,14.791124108094262,target,3128741218.0,18
PEPE,1788595380000,1788595440000,3.5100000000000003e-06,3.52e-06,14.79331832994235,target,3129205358.0,18
PEPE,1788653220000,1788653280000,3.6000000000000003e-06,3.61e-06,14.312421853289315,target,3116477268.0,18
PEPE,1788654420000,1788654480000,3.61e-06,3.62e-06,14.261042570962463,target,3115465335.0,18
PEPE,1788655080000,1788655200000,3.62e-06,3.63e-06,14.209690653624692,target,3114452746.0,18
PEPE,1788656220000,1788656280000,3.61e-06,3.62e-06,14.265112975512002,target,3116354555.0,18
PEPE,1788657420000,1788657540000,3.63e-06,3.64e-06,14.160390323090793,target,3113884623.0,18
PEPE,1788658080000,1788658680000,3.63e-06,3.64e-06,14.16239965870346,target,3114326478.0,18
PEPE,1788659400000,1788659460000,3.63e-06,3.64e-06,14.164409276263065,target,3114768395.0,18
PEPE,1788661200000,1788661920000,3.6400000000000003e-06,3.65e-06,14.113090295077583,target,3113754064.0,18
PEPE,1788662220000,1788662280000,3.6400000000000003e-06,3.65e-06,14.115085379201256,target,3114194237.0,18
PEPE,1788664680000,1788665760000,3.66e-06,3.67e-06,14.010542303272658,target,3111725109.0,18
PEPE,1788666120000,1788666180000,3.6800000000000003e-06,3.6900000000000002e-06,13.90615343078782,target,3109257335.0,18
PEPE,1788667560000,1788667860000,3.65e-06,3.66e-06,14.067718150948112,target,3114049397.0,18
PEPE,1788671340000,1788671460000,3.63e-06,3.64e-06,14.176382216205512,target,3117401257.0,18
PEPE,1788672780000,1788672840000,3.63e-06,3.64e-06,14.178393821021302,target,3117843611.0,18
PEPE,1788673380000,1788673440000,3.65e-06,3.66e-06,14.073692522108862,target,3115371892.0,18
PEPE,1788673980000,1788674040000,3.65e-06,3.66e-06,14.07567452554174,target,3115810631.0,18
PEPE,1788674520000,1788674700000,3.65e-06,3.66e-06,14.077656809060228,target,3116249432.0,18
PEPE,1788675240000,1788675300000,3.6400000000000003e-06,3.65e-06,14.132993554121265,target,3118145296.0,18
PEPE,1788676680000,1788676980000,3.6400000000000003e-06,3.65e-06,14.134991448393135,target,3118586089.0,18
PEPE,1788678720000,1788678840000,3.63e-06,3.59e-06,-150.11876687111513,stop,3120485722.0,18
PEPE,1788679380000,1788679440000,3.62e-06,3.63e-06,14.222496163060844,target,3117259433.0,18
PEPE,1788680100000,1788680160000,3.62e-06,3.63e-06,14.224521913061949,target,3117703433.0,18
PEPE,1788681780000,1788682020000,3.62e-06,3.63e-06,14.226547955060747,target,3118147497.0,18
PEPE,1788682320000,1788682560000,3.63e-06,3.64e-06,14.175162544874055,target,3117133050.0,18
PEPE,1788741120000,1788741180000,3.66e-06,3.67e-06,14.01721542250136,target,3113207201.0,18
PEPE,1788747780000,1788747900000,3.5900000000000004e-06,3.6000000000000003e-06,14.393170648318387,target,3123856896.0,18
PEPE,1788749580000,1788749940000,3.6400000000000003e-06,3.6000000000000003e-06,-150.0214044452014,stop,3117004040.0,18
PEPE,1788750480000,1788751560000,3.61e-06,3.57e-06,-149.79620356668755,stop,3116696043.0,18
PEPE,1788751920000,1788752880000,3.58e-06,3.59e-06,14.40553229581857,target,3116394223.0,18
PEPE,1788753780000,1788753900000,3.57e-06,3.58e-06,14.461147038361648,target,3118306639.0,18
PEPE,1788754320000,1788754500000,3.58e-06,3.59e-06,14.409705738431589,target,3117297077.0,18
PEPE,1788754920000,1788755040000,3.58e-06,3.59e-06,14.411789043711892,target,3117747765.0,18
PEPE,1788755580000,1788755820000,3.58e-06,3.59e-06,14.41387264945444,target,3118198518.0,18
PEPE,1788760560000,1788760800000,3.6000000000000003e-06,3.61e-06,14.308981009920155,target,3115728037.0,18
PEPE,1788761340000,1788761400000,3.6000000000000003e-06,3.61e-06,14.3110344039292,target,3116175156.0,18
PEPE,1788761940000,1788762000000,3.61e-06,3.62e-06,14.259660101877566,target,3115163321.0,18
PEPE,1788764340000,1788764460000,3.5900000000000004e-06,3.6000000000000003e-06,14.368620105219227,target,3118528509.0,18
PEPE,1788766080000,1788766140000,3.58e-06,3.59e-06,14.42423331756401,target,3120439874.0,18
PEPE,1788769680000,1788769740000,3.58e-06,3.59e-06,14.426318721459971,target,3120891016.0,18
PEPE,1788770340000,1788770400000,3.58e-06,3.59e-06,14.428404430440063,target,3121342224.0,18
PEPE,1788771000000,1788771720000,3.5900000000000004e-06,3.6000000000000003e-06,14.376923649566479,target,3120330689.0,18
PEPE,1788772620000,1788772980000,3.6000000000000003e-06,3.61e-06,14.325470183693826,target,3119318494.0,18
PEPE,1788774720000,1788776580000,3.5900000000000004e-06,3.6000000000000003e-06,14.381057940887782,target,3121227985.0,18
PEPE,1788781320000,1788781380000,3.6000000000000003e-06,3.61e-06,14.329589674563719,target,3120215498.0,18
PEPE,1788782520000,1788782820000,3.6000000000000003e-06,3.61e-06,14.331646021550961,target,3120663260.0,18
PEPE,1788783180000,1788783240000,3.61e-06,3.62e-06,14.280197733098293,target,3119649969.0,18
PEPE,1788784380000,1788784440000,3.62e-06,3.63e-06,14.22877683668542,target,3118636019.0,18
PEPE,1788784920000,1788784980000,3.63e-06,3.64e-06,14.177383380165704,target,3117621414.0,18
PEPE,1788825780000,1788825960000,3.62e-06,3.63e-06,14.232822806937078,target,3119522807.0,18
PEPE,1788826380000,1788826440000,3.61e-06,3.62e-06,14.288335351679613,target,3121427712.0,18
PEPE,1788827040000,1788827100000,3.61e-06,3.62e-06,14.29037812971747,target,3121873977.0,18
PEPE,1788827940000,1788828000000,3.62e-06,3.63e-06,14.238920574500769,target,3120859304.0,18
PEPE,1788828420000,1788828600000,3.63e-06,3.64e-06,14.187490476311762,target,3119843975.0,18
PEPE,1788829020000,1788830580000,3.6400000000000003e-06,3.65e-06,14.136087873741637,target,3118827992.0,18
PEPE,1788832380000,1788832500000,3.6400000000000003e-06,3.65e-06,14.138086207663543,target,3119268882.0,18
PEPE,1788833520000,1788833580000,3.6400000000000003e-06,3.65e-06,14.14008482260354,target,3119709834.0,18
PEPE,1788835380000,1788835500000,3.63e-06,3.64e-06,14.195522161671725,target,3121610151.0,18
PEPE,1788839220000,1788840120000,3.61e-06,3.62e-06,14.304578651627292,target,3124976221.0,18
PEPE,1788840480000,1788840660000,3.6000000000000003e-06,3.61e-06,14.360227693296459,target,3126886814.0,18
PEPE,1788841380000,1788841620000,3.6000000000000003e-06,3.61e-06,14.362288439894492,target,3127335534.0,18
PEPE,1788844920000,1788844980000,3.62e-06,3.63e-06,14.25716099324965,target,3124857204.0,18
PEPE,1788845640000,1788847140000,3.62e-06,3.58e-06,-150.28016042230843,stop,3125302286.0,18
PEPE,1788847920000,1788848160000,3.5900000000000004e-06,3.6000000000000003e-06,14.398426331420142,target,3124997576.0,18
PEPE,1788850920000,1788850980000,3.58e-06,3.59e-06,14.454154912607086,target,3126912907.0,18
PEPE,1788853320000,1788853860000,3.62e-06,3.58e-06,-150.0978824489839,stop,3121511541.0,18
PEPE,1788854280000,1788854340000,3.6000000000000003e-06,3.61e-06,14.327430533650992,target,3119745353.0,18
PEPE,1788854940000,1788855120000,3.5900000000000004e-06,3.6000000000000003e-06,14.383025900895682,target,3121655106.0,18
PEPE,1788855660000,1788855720000,3.5900000000000004e-06,3.6000000000000003e-06,14.385097626409268,target,3122104748.0,18
PEPE,1788857280000,1788859140000,3.62e-06,3.61e-06,-56.53244251437893,time,3118171126.0,18
PEPE,1788859740000,1788859920000,3.61e-06,3.62e-06,14.272027966732768,target,3117865203.0,18
PEPE,1788861600000,1788861660000,3.63e-06,3.64e-06,14.16725455151471,target,3115394074.0,18
PEPE,1788862200000,1788862260000,3.62e-06,3.63e-06,14.22265437231264,target,3117294109.0,18
PEPE,1788913320000,1788913620000,3.7300000000000003e-06,3.6900000000000002e-06,-149.91643723927442,stop,3101772870.0,18
PEPE,1788913980000,1788914040000,3.6900000000000002e-06,3.7e-06,13.831152786479004,target,3102894624.0,18
PEPE,1788915660000,1788915780000,3.6900000000000002e-06,3.7e-06,13.83307117858315,target,3103324998.0,18
PEPE,1788919920000,1788920280000,3.65e-06,3.61e-06,-149.7329213886545,stop,3109556542.0,18
PEPE,1788922620000,1788922740000,3.6400000000000003e-06,3.65e-06,14.079486929302666,target,3106340194.0,18
PEPE,1788923280000,1788923520000,3.6400000000000003e-06,3.65e-06,14.081477263365382,target,3106779319.0,18
PEPE,1788925020000,1788925140000,3.6400000000000003e-06,3.65e-06,14.083467873911152,target,3107218505.0,18
PEPE,1788925620000,1788925680000,3.6400000000000003e-06,3.65e-06,14.0854587700046,target,3107657754.0,18
PEPE,1788926340000,1788926400000,3.6400000000000003e-06,3.65e-06,14.087449947112503,target,3108097065.0,18
PEPE,1788926880000,1788927840000,3.6800000000000003e-06,3.6900000000000002e-06,13.876980158589058,target,3102734524.0,18
PEPE,1788928440000,1788928500000,3.6800000000000003e-06,3.6900000000000002e-06,13.878912283062917,target,3103166525.0,18
PEPE,1788930120000,1788931020000,3.71e-06,3.72e-06,13.721974252140308,target,3099260136.0,18
PEPE,1788931320000,1788931980000,3.71e-06,3.67e-06,-149.67612225056175,stop,3099686715.0,18
PEPE,1788932760000,1788934320000,3.6800000000000003e-06,3.6900000000000002e-06,13.861915468147943,target,3099366231.0,18
PEPE,1788935940000,1788936060000,3.7e-06,3.71e-06,13.758012270666109,target,3096907658.0,18
PEPE,1788937260000,1788937320000,3.6900000000000002e-06,3.7e-06,13.812812447304898,target,3098780134.0,18
PEPE,1788937860000,1788937920000,3.71e-06,3.72e-06,13.708964446292617,target,3096321727.0,18
PEPE,1788938220000,1788938280000,3.7e-06,3.71e-06,13.763715876467115,target,3098191531.0,18
PEPE,1788938820000,1788938880000,3.7e-06,3.71e-06,13.765617604097699,target,3098619607.0,18
PEPE,1788940140000,1788940200000,3.7e-06,3.71e-06,13.767519589391407,target,3099047741.0,18
PEPE,1788940740000,1788940800000,3.7e-06,3.71e-06,13.76942184123738,target,3099475935.0,18
PEPE,1788941400000,1788941460000,3.71e-06,3.72e-06,13.718430582971473,target,3098459759.0,18
PEPE,1788941820000,1788941880000,3.71e-06,3.72e-06,13.72031877004116,target,3098886227.0,18
PEPE,1788943200000,1788943260000,3.7200000000000004e-06,3.7300000000000003e-06,13.669348171525181,target,3097869274.0,18
PEPE,1788998640000,1788998700000,3.4700000000000002e-06,3.48e-06,15.00782702663787,target,3134794157.0,18
PEPE,1788999900000,1788999960000,3.4600000000000003e-06,3.4700000000000002e-06,15.064213588273581,target,3136744110.0,18
PEPE,1789000380000,1789000440000,3.4600000000000003e-06,3.4700000000000002e-06,15.066489128035265,target,3137217934.0,18
PEPE,1789001880000,1789002060000,3.45e-06,3.46e-06,15.122960127228984,target,3139171796.0,18
PEPE,1789003080000,1789003200000,3.4700000000000002e-06,3.48e-06,15.016897184760104,target,3136688707.0,18
PEPE,1789003620000,1789003680000,3.4600000000000003e-06,3.4700000000000002e-06,15.073317821993676,target,3138639838.0,18
PEPE,1789005720000,1789005780000,3.44e-06,3.45e-06,15.184085261316532,target,3142076619.0,18
PEPE,1789006920000,1789006980000,3.44e-06,3.45e-06,15.186395418611784,target,3142554665.0,18
PEPE,1789008120000,1789008240000,3.4600000000000003e-06,3.4700000000000002e-06,15.080182385825731,target,3140069211.0,18
PEPE,1789008720000,1789008780000,3.4700000000000002e-06,3.48e-06,15.028267095109955,target,3139063623.0,18
PEPE,1789009920000,1789009980000,3.4700000000000002e-06,3.48e-06,15.03052905002451,target,3139536094.0,18
PEPE,1789010700000,1789010760000,3.4700000000000002e-06,3.48e-06,15.032791344849059,target,3140008636.0,18
PEPE,1789012500000,1789012560000,3.4600000000000003e-06,3.4700000000000002e-06,15.089271698179223,target,3141961832.0,18
PEPE,1789013760000,1789014060000,3.4700000000000002e-06,3.48e-06,15.037325116923334,target,3140955638.0,18
PEPE,1789015020000,1789016340000,3.4700000000000002e-06,3.48e-06,15.039588436273194,target,3141428394.0,18
PEPE,1789017720000,1789017780000,3.4600000000000003e-06,3.4700000000000002e-06,15.096094326581833,target,3143382473.0,18
PEPE,1789019520000,1789019580000,3.4700000000000002e-06,3.48e-06,15.04412425739991,target,3142375824.0,18
PEPE,1789020300000,1789021080000,3.4700000000000002e-06,3.43e-06,-150.06317279151497,stop,3142848794.0,18
PEPE,1789023240000,1789024920000,3.4700000000000002e-06,3.43e-06,-149.83790920628692,stop,3138130985.0,18
PEPE,1789025820000,1789025880000,3.43e-06,3.44e-06,15.217939229288714,target,3139337644.0,18
PEPE,1789027020000,1789027680000,3.44e-06,3.45e-06,15.166005404904487,target,3138335314.0,18
PEPE,1789028340000,1789028400000,3.43e-06,3.44e-06,15.222578475842292,target,3140294683.0,18
PEPE,1789029000000,1789029060000,3.44e-06,3.45e-06,15.170628821960518,target,3139292048.0,18
PEPE,1789029540000,1789029600000,3.44e-06,3.45e-06,15.172936930274945,target,3139769670.0,18
PEPE,1789086000000,1789086060000,3.2500000000000002e-06,3.26e-06,16.257356089814497,target,3176816041.0,19
PEPE,1789087140000,1789087260000,3.2500000000000002e-06,3.26e-06,16.259999104572124,target,3177332507.0,19
PEPE,1789087620000,1789087680000,3.2500000000000002e-06,3.26e-06,16.26264255431463,target,3177849058.0,19
PEPE,1789089060000,1789089120000,3.27e-06,3.28e-06,16.154550985235716,target,3175341717.0,19
PEPE,1789090740000,1789091040000,3.27e-06,3.28e-06,16.15715940753664,target,3175854429.0,19
PEPE,1789092420000,1789092540000,3.2800000000000004e-06,3.2900000000000003e-06,16.104461650611334,target,3174856905.0,19
PEPE,1789093020000,1789094580000,3.2800000000000004e-06,3.2900000000000003e-06,16.10705308941111,target,3175367785.0,19
PEPE,1789095240000,1789095300000,3.2800000000000004e-06,3.2900000000000003e-06,16.109644939083584,target,3175878746.0,19
PEPE,1789095900000,1789096440000,3.2800000000000004e-06,3.2900000000000003e-06,16.11223720977545,target,3176389790.0,19
PEPE,1789097520000,1789097880000,3.2800000000000004e-06,3.2900000000000003e-06,16.114829896408814,target,3176900916.0,19
PEPE,1789103280000,1789103340000,3.3e-06,3.31e-06,16.006878543011773,target,3174393365.0,19
PEPE,1789105620000,1789105680000,3.31e-06,3.32e-06,15.954234287860622,target,3173393195.0,19
PEPE,1789106460000,1789106520000,3.31e-06,3.32e-06,15.956775151168557,target,3173898588.0,19
PEPE,1789106940000,1789107000000,3.32e-06,3.33e-06,15.904148929276275,target,3172897542.0,19
PEPE,1789107480000,1789107600000,3.32e-06,3.33e-06,15.906673058862491,target,3173401109.0,19
PEPE,1789108920000,1789109400000,3.31e-06,3.32e-06,15.964382593235118,target,3175411754.0,19
PEPE,1789110900000,1789111020000,3.31e-06,3.32e-06,15.966925070370845,target,3175917468.0,19
PEPE,1789111560000,1789113420000,3.32e-06,3.31e-06,-55.418155027173725,time,3174915785.0,19
PEPE,1789115700000,1789115940000,3.31e-06,3.32e-06,15.960642087985335,target,3174667745.0,19
PEPE,1789116540000,1789116600000,3.31e-06,3.32e-06,15.963183971877166,target,3175173341.0,19
PEPE,1789118640000,1789119600000,3.3e-06,3.26e-06,-150.48748944250937,stop,3177187574.0,19
PEPE,1789121940000,1789122000000,3.2800000000000004e-06,3.2900000000000003e-06,16.10739454474861,target,3175435100.0,19
PEPE,1789127220000,1789127280000,3.2500000000000002e-06,3.26e-06,16.27612123051411,target,3180482898.0,19
PEPE,1789128420000,1789128660000,3.2500000000000002e-06,3.26e-06,16.278767295297218,target,3180999960.0,19
PEPE,1789174260000,1789174380000,3.3e-06,3.31e-06,16.004695609464044,target,3173960458.0,19
PEPE,1789176480000,1789176540000,3.3e-06,3.31e-06,16.007253326824237,target,3174467690.0,19
PEPE,1789177020000,1789177080000,3.3e-06,3.31e-06,16.009811452627048,target,3174975003.0,19
PEPE,1789178280000,1789178340000,3.3e-06,3.31e-06,16.01236998687248,target,3175482397.0,19
PEPE,1789180260000,1789180320000,3.31e-06,3.32e-06,15.95970767683702,target,3174481885.0,19
PEPE,1789182000000,1789182060000,3.31e-06,3.32e-06,15.962249409902004,target,3174987451.0,19
PEPE,1789183920000,1789183980000,3.32e-06,3.33e-06,15.909605130762042,target,3173986061.0,19
PEPE,1789184520000,1789184640000,3.32e-06,3.33e-06,15.91213012751269,target,3174489801.0,19
PEPE,1789185180000,1789185240000,3.32e-06,3.33e-06,15.914655525260718,target,3174993621.0,19
PEPE,1789188300000,1789188600000,3.3300000000000003e-06,3.34e-06,15.862021007006195,target,3173991197.0,19
PEPE,1789189500000,1789189560000,3.32e-06,3.33e-06,15.919698766923446,target,3175999754.0,19
PEPE,1789191000000,1789191060000,3.31e-06,3.32e-06,15.977455556236107,target,3178012045.0,19
PEPE,1789191540000,1789191600000,3.32e-06,3.33e-06,15.924761126261213,target,3177009701.0,19
PEPE,1789192620000,1789192680000,3.32e-06,3.33e-06,15.927288529012522,target,3177513921.0,19
PEPE,1789193280000,1789193640000,3.32e-06,3.33e-06,15.929816332761213,target,3178018221.0,19
PEPE,1789194180000,1789194240000,3.32e-06,3.33e-06,15.93234453751274,target,3178522601.0,19
PEPE,1789194720000,1789194780000,3.3300000000000003e-06,3.34e-06,15.879651517341808,target,3177519063.0,19
PEPE,1789195920000,1789195980000,3.32e-06,3.33e-06,15.937393383150345,target,3179529852.0,19
PEPE,1789197300000,1789197360000,3.3300000000000003e-06,3.34e-06,15.884683665007966,target,3178525996.0,19
PEPE,1789198500000,1789198560000,3.34e-06,3.35e-06,15.83200049507799,target,3177521424.0,19
PEPE,1789201320000,1789203180000,3.39e-06,3.37e-06,-87.49803983175549,time,3170506018.0,19
PEPE,1789204440000,1789204560000,3.3800000000000002e-06,3.39e-06,15.600602920539357,target,3169243864.0,19
PEPE,1789205040000,1789205100000,3.3700000000000003e-06,3.3800000000000002e-06,15.657983482437533,target,3171237161.0,19
PEPE,1789205580000,1789205640000,3.3700000000000003e-06,3.3800000000000002e-06,15.660425564998585,target,3171731760.0,19
PEPE,1789258380000,1789258680000,3.41e-06,3.42e-06,15.443287332259503,target,3166230104.0,19
PEPE,1789260660000,1789260720000,3.4200000000000003e-06,3.43e-06,15.390888211424143,target,3165221226.0,19
PEPE,1789261020000,1789261080000,3.4200000000000003e-06,3.43e-06,15.393246591999922,target,3165706240.0,19
PEPE,1789261800000,1789261860000,3.4200000000000003e-06,3.43e-06,15.395605337264392,target,3166191329.0,19
PEPE,1789262820000,1789262940000,3.43e-06,3.44e-06,15.3432170497888,target,3165181444.0,19
PEPE,1789263540000,1789263600000,3.43e-06,3.44e-06,15.345559768977722,target,3165664728.0,19
PEPE,1789265280000,1789265340000,3.43e-06,3.44e-06,15.347902842036447,target,3166148085.0,19
PEPE,1789266480000,1789266540000,3.43e-06,3.44e-06,15.350246273808494,target,3166631516.0,19
PEPE,1789267200000,1789267500000,3.44e-06,3.45e-06,15.297860935772139,target,3165620473.0,19
PEPE,1789268040000,1789268700000,3.44e-06,3.45e-06,15.300188398248691,target,3166102100.0,19
PEPE,1789269180000,1789269300000,3.43e-06,3.44e-06,15.357262007234947,target,3168078805.0,19
PEPE,1789271520000,1789271580000,3.44e-06,3.45e-06,15.304852722417268,target,3167067299.0,19
PEPE,1789272360000,1789272420000,3.44e-06,3.45e-06,15.307181248043287,target,3167549146.0,19
PEPE,1789272840000,1789272960000,3.45e-06,3.46e-06,15.254790990640284,target,3166536791.0,19
PEPE,1789274040000,1789275900000,3.45e-06,3.44e-06,-56.206631296907766,time,3167016836.0,19
PEPE,1789277700000,1789277760000,3.45e-06,3.46e-06,15.248582716933008,target,3165248099.0,19
PEPE,1789279320000,1789279380000,3.4700000000000002e-06,3.48e-06,15.141638738399744,target,3162744384.0,19
PEPE,1789280520000,1789280580000,3.4600000000000003e-06,3.4700000000000002e-06,15.198528049706907,target,3164711723.0,19
PEPE,1789281120000,1789281540000,3.4600000000000003e-06,3.4700000000000002e-06,15.200823880029771,target,3165189772.0,19
PEPE,1789282020000,1789282080000,3.45e-06,3.46e-06,15.257798382462132,target,3167161055.0,19
PEPE,1789284240000,1789284300000,3.4600000000000003e-06,3.4700000000000002e-06,15.205424843114919,target,3166147807.0,19
PEPE,1789284720000,1789285980000,3.4600000000000003e-06,3.4200000000000003e-06,-151.12722928619763,stop,3166626072.0,19
PEPE,1789286880000,1789286940000,3.44e-06,3.45e-06,15.294170104232697,target,3164856721.0,19
PEPE,1789291500000,1789291680000,3.39e-06,3.4e-06,15.570635978559666,target,3172824448.0,19
PEPE,1789346520000,1789346580000,3.36e-06,3.37e-06,15.738179654626588,target,3177825271.0,19
PEPE,1789347120000,1789347180000,3.3700000000000003e-06,3.3800000000000002e-06,15.685538040562621,target,3176817831.0,19
PEPE,1789347900000,1789347960000,3.3700000000000003e-06,3.3800000000000002e-06,15.687984418749362,target,3177313300.0,19
PEPE,1789348380000,1789348680000,3.3800000000000002e-06,3.34e-06,-151.0174209397303,stop,3176304994.0,19
PEPE,1789352940000,1789353060000,3.45e-06,3.46e-06,15.228432834278465,target,3161065456.0,19
PEPE,1789353480000,1789353540000,3.43e-06,3.44e-06,15.340058792047968,target,3164529921.0,19
PEPE,1789355880000,1789355940000,3.44e-06,3.45e-06,15.287708215711515,target,3163519548.0,19
PEPE,1789356420000,1789356480000,3.43e-06,3.44e-06,15.344735267399894,target,3165494640.0,19
PEPE,1789357140000,1789357500000,3.43e-06,3.44e-06,15.347078214421604,target,3165977971.0,19
PEPE,1789358640000,1789358700000,3.43e-06,3.44e-06,15.349421520160274,target,3166461376.0,19
PEPE,1789359120000,1789359180000,3.44e-06,3.45e-06,15.297038995176342,target,3165450387.0,19
PEPE,1789360380000,1789360440000,3.43e-06,3.44e-06,15.35410085068822,target,3167426684.0,19
PEPE,1789361100000,1789361160000,3.44e-06,3.45e-06,15.301702357677291,target,3166415387.0,19
PEPE,1789362240000,1789362300000,3.44e-06,3.45e-06,15.304030404884776,target,3166897135.0,19
PEPE,1789363740000,1789364280000,3.44e-06,3.45e-06,15.306358809701251,target,3167378957.0,19
PEPE,1789365000000,1789365240000,3.44e-06,3.45e-06,15.308687567290693,target,3167860852.0,19
PEPE,1789368840000,1789370280000,3.45e-06,3.46e-06,15.256292152546914,target,3166848397.0,19
PEPE,1789374480000,1789374540000,3.44e-06,3.45e-06,15.313337819215983,target,3168823139.0,19
PEPE,1789375020000,1789375140000,3.44e-06,3.45e-06,15.315667639954892,target,3169305254.0,19
PEPE,1789375680000,1789375740000,3.43e-06,3.44e-06,15.37279898640347,target,3171283958.0,19
PEPE,1789377720000,1789378200000,3.4200000000000003e-06,3.43e-06,15.430007539349017,target,3173266332.0,19
PEPE,1789379940000,1789381800000,3.4600000000000003e-06,3.44e-06,-87.92138707351805,time,3167767504.0,19
PEPE,1789388460000,1789388580000,3.45e-06,3.46e-06,15.254589195200639,target,3166494903.0,19
PEPE,1789389120000,1789389180000,3.45e-06,3.46e-06,15.256901783083842,target,3166974942.0,19
PEPE,1789431600000,1789431780000,3.45e-06,3.46e-06,15.259214717827392,target,3167455053.0,19
PEPE,1789432980000,1789433160000,3.45e-06,3.46e-06,15.261528009064678,target,3167935238.0,19
PEPE,1789438920000,1789438980000,3.4600000000000003e-06,3.4700000000000002e-06,15.209141665954395,target,3166921742.0,19
PEPE,1789439520000,1789439580000,3.4600000000000003e-06,3.4700000000000002e-06,15.211439100311487,target,3167400125.0,19
PEPE,1789441320000,1789442160000,3.4700000000000002e-06,3.43e-06,-151.18700522153782,stop,3166385784.0,19
PEPE,1789444080000,1789445100000,3.4600000000000003e-06,3.4700000000000002e-06,15.190899158395066,target,3163123198.0,19
PEPE,1789446300000,1789447380000,3.45e-06,3.46e-06,15.247836462093352,target,3165093194.0,19
PEPE,1789450920000,1789451460000,3.4200000000000003e-06,3.43e-06,15.414410511411695,target,3170058717.0,19
PEPE,1789453020000,1789453080000,3.41e-06,3.42e-06,15.471638561899459,target,3172042760.0,19
PEPE,1789454520000,1789454640000,3.4e-06,3.41e-06,15.528944147860654,target,3174030485.0,19
PEPE,1789456080000,1789456320000,3.4e-06,3.41e-06,15.531340631352352,target,3174520313.0,19
PEPE,1789456680000,1789456740000,3.41e-06,3.42e-06,15.478794132417988,target,3173509817.0,19
PEPE,1789457880000,1789458060000,3.4200000000000003e-06,3.43e-06,15.426274539748327,target,3172498620.0,19
PEPE,1789458420000,1789460100000,3.4200000000000003e-06,3.43e-06,15.428638342011414,target,3172984749.0,19
PEPE,1789461120000,1789461180000,3.41e-06,3.42e-06,15.485919218558745,target,3174970624.0,19
PEPE,1789462980000,1789463040000,3.4200000000000003e-06,3.43e-06,15.43337545272398,target,3173958962.0,19
PEPE,1789463700000,1789463820000,3.4200000000000003e-06,3.43e-06,15.435740344187552,target,3174445315.0,19
PEPE,1789465380000,1789465500000,3.43e-06,3.44e-06,15.38321548830399,target,3173432798.0,19
PEPE,1789467120000,1789467180000,3.44e-06,3.45e-06,15.33071763001621,target,3172419582.0,19
PEPE,1789467720000,1789467840000,3.44e-06,3.45e-06,15.333050094128,target,3172902244.0,19
PEPE,1789468320000,1789468380000,3.43e-06,3.44e-06,15.390246282911946,target,3174883194.0,19
PEPE,1789468980000,1789469340000,3.44e-06,3.45e-06,15.337724436069651,target,3173869516.0,19
PEPE,1789469820000,1789470600000,3.45e-06,3.46e-06,15.285229641767723,target,3172855141.0,19
PEPE,1789471140000,1789471200000,3.44e-06,3.45e-06,15.342383507308222,target,3174833628.0,19
PEPE,1789518540000,1789518660000,3.39e-06,3.4e-06,15.619720916244795,target,3182826473.0,19
PEPE,1789519980000,1789521840000,3.3800000000000002e-06,3.37e-06,-56.021086824628924,time,3184825857.0,19
PEPE,1789524480000,1789524840000,3.34e-06,3.35e-06,15.889660326854283,target,3189093894.0,19
PEPE,1789526700000,1789526760000,3.3700000000000003e-06,3.3800000000000002e-06,15.726263804562423,target,3185066087.0,19
PEPE,1789527120000,1789527240000,3.3700000000000003e-06,3.3800000000000002e-06,15.728716537313042,target,3185562843.0,19
PEPE,1789529040000,1789529100000,3.39e-06,3.4e-06,15.620796218202049,target,3183045587.0,19
PEPE,1789530180000,1789530300000,3.3800000000000002e-06,3.39e-06,15.678384549052476,target,3185045109.0,19
PEPE,1789532040000,1789532100000,3.39e-06,3.4e-06,15.62564351789968,target,3184033320.0,19
PEPE,1789534320000,1789535040000,3.4e-06,3.36e-06,-151.47996096657076,stop,3183020823.0,19
PEPE,1789537380000,1789537440000,3.3800000000000002e-06,3.39e-06,15.659707200829779,target,3181250828.0,19
PEPE,1789538520000,1789538580000,3.3800000000000002e-06,3.39e-06,15.662140983280116,target,3181745248.0,19
PEPE,1789539840000,1789539900000,3.3700000000000003e-06,3.3800000000000002e-06,15.71974788456097,target,3183746407.0,19
PEPE,1789540320000,1789540440000,3.3700000000000003e-06,3.3800000000000002e-06,15.722199600186576,target,3184242957.0,19
PEPE,1789542360000,1789542480000,3.3800000000000002e-06,3.39e-06,15.669461744969478,target,3183232452.0,19
PEPE,1789543800000,1789543920000,3.36e-06,3.37e-06,15.78234640125428,target,3186743342.0,19
PEPE,1789544940000,1789546080000,3.36e-06,3.32e-06,-151.39400003499972,stop,3187242106.0,19
PEPE,1789547220000,1789547940000,3.34e-06,3.35e-06,15.871631559169593,target,3185475476.0,19
PEPE,1789548480000,1789548600000,3.34e-06,3.35e-06,15.874133078102727,target,3185977537.0,19
PEPE,1789549620000,1789550460000,3.3700000000000003e-06,3.3800000000000002e-06,15.710896220935885,target,3181953665.0,19
PEPE,1789550880000,1789552140000,3.35e-06,3.36e-06,15.823803929698803,target,3185466317.0,19
PEPE,1789552620000,1789552740000,3.35e-06,3.36e-06,15.826289224591493,target,3185966628.0,19
PEPE,1789553280000,1789553340000,3.35e-06,3.36e-06,15.82877491191358,target,3186467018.0,19
PEPE,1789555320000,1789555440000,3.34e-06,3.35e-06,15.886594290671479,target,3188478533.0,19
PEPE,1789556040000,1789556100000,3.34e-06,3.35e-06,15.88909817131031,target,3188981068.0,19
PEPE,1789603320000,1789603380000,3.4e-06,3.41e-06,15.560283012579717,target,3180435976.0,19
PEPE,1789604040000,1789604160000,3.4e-06,3.41e-06,15.56268432985968,target,3180926792.0,19
PEPE,1789605180000,1789605300000,3.4e-06,3.41e-06,15.565086014075645,target,3181417683.0,19
PEPE,1789605720000,1789605840000,3.4e-06,3.41e-06,15.56748807501604,target,3181908651.0,19
PEPE,1789607880000,1789607940000,3.39e-06,3.4e-06,15.625013821850759,target,3183905007.0,19
PEPE,1789608420000,1789608480000,3.4200000000000003e-06,3.43e-06,15.462194342673996,target,3179885726.0,19
PEPE,1789609020000,1789609080000,3.43e-06,3.44e-06,15.409579465366232,target,3178871473.0,19
PEPE,1789610280000,1789610340000,3.44e-06,3.45e-06,15.356991637731262,target,3177856521.0,19
PEPE,1789610820000,1789611660000,3.44e-06,3.4e-06,-151.54325167679906,stop,3178340010.0,19
PEPE,1789613220000,1789613400000,3.4600000000000003e-06,3.4700000000000002e-06,15.226693929398508,target,3170576560.0,19
PEPE,1789614000000,1789614060000,3.44e-06,3.45e-06,15.338588467738822,target,3174048312.0,19
PEPE,1789615320000,1789615380000,3.43e-06,3.44e-06,15.395805313506878,target,3176029977.0,19
PEPE,1789615920000,1789615980000,3.4600000000000003e-06,3.4700000000000002e-06,15.233636634709914,target,3172022204.0,19
PEPE,1789617720000,1789619460000,3.4600000000000003e-06,3.4200000000000003e-06,-151.40762726282398,stop,3172501357.0,19
PEPE,1789621800000,1789621860000,3.45e-06,3.46e-06,15.267780815743745,target,3169233174.0,19
PEPE,1789622220000,1789622280000,3.45e-06,3.46e-06,15.270095402889723,target,3169713628.0,19
PEPE,1789623060000,1789623420000,3.4600000000000003e-06,3.4700000000000002e-06,15.217679651306241,target,3168699563.0,19
PEPE,1789624680000,1789624740000,3.45e-06,3.46e-06,15.274717331658898,target,3170673032.0,19
PEPE,1789625220000,1789627080000,3.4600000000000003e-06,3.44e-06,-87.97387610830135,time,3169658660.0,19
PEPE,1789627800000,1789627860000,3.4600000000000003e-06,3.4700000000000002e-06,15.208996721702203,target,3166891561.0,19
PEPE,1789630800000,1789630860000,3.48e-06,3.49e-06,15.102033301766305,target,3164386234.0,19
PEPE,1789632540000,1789632600000,3.48e-06,3.49e-06,15.104298168000875,target,3164860800.0,19
PEPE,1789633500000,1789633560000,3.48e-06,3.49e-06,15.10656337785507,target,3165335438.0,19
PEPE,1789634820000,1789634940000,3.48e-06,3.49e-06,15.108828921784156,target,3165810146.0,19
PEPE,1789689900000,1789689960000,3.61e-06,3.62e-06,14.405463304768418,target,3147015468.0,19
PEPE,1789690380000,1789691640000,3.61e-06,3.62e-06,14.40752282730255,target,3147465391.0,19
PEPE,1789692480000,1789692540000,3.6000000000000003e-06,3.61e-06,14.463572353395026,target,3149389734.0,19
PEPE,1789694220000,1789694460000,3.6400000000000003e-06,3.65e-06,14.249960998665289,target,3143951682.0,19
PEPE,1789695660000,1789695720000,3.6400000000000003e-06,3.65e-06,14.251975432029235,target,3144396124.0,19
PEPE,1789696620000,1789696800000,3.65e-06,3.66e-06,14.200179183675182,target,3143371153.0,19
PEPE,1789697460000,1789697520000,3.6400000000000003e-06,3.65e-06,14.255997540803238,target,3145283517.0,19
PEPE,1789698000000,1789698060000,3.6400000000000003e-06,3.65e-06,14.25801282627518,target,3145728147.0,19
PEPE,1789702680000,1789703160000,3.67e-06,3.68e-06,14.098677904700386,target,3141766664.0,19
PEPE,1789703520000,1789703580000,3.67e-06,3.68e-06,14.100648397362043,target,3142205771.0,19
PEPE,1789704300000,1789705800000,3.67e-06,3.63e-06,-151.46762949564857,stop,3142644940.0,19
PEPE,1789706460000,1789706520000,3.66e-06,3.67e-06,14.135116968991202,target,3139392997.0,19
PEPE,1789706820000,1789706940000,3.67e-06,3.68e-06,14.083424959513055,target,3138367679.0,19
PEPE,1789707540000,1789707600000,3.67e-06,3.68e-06,14.085393320612656,target,3138806311.0,19
PEPE,1789708680000,1789709460000,3.67e-06,3.68e-06,14.08736195993655,target,3139245005.0,19
PEPE,1789710000000,1789710060000,3.66e-06,3.67e-06,14.143028509853014,target,3141150141.0,19
PEPE,1789710900000,1789711020000,3.6400000000000003e-06,3.65e-06,14.25257370843141,target,3144528121.0,19
PEPE,1789711680000,1789711740000,3.65e-06,3.66e-06,14.20077528587069,target,3143503107.0,19
PEPE,1789712220000,1789712280000,3.65e-06,3.66e-06,14.202775187639407,target,3143945808.0,19
PEPE,1789714260000,1789714320000,3.66e-06,3.67e-06,14.15099726848181,target,3142919993.0,19
PEPE,1789716540000,1789716600000,3.67e-06,3.68e-06,14.099247184462834,target,3141893523.0,19
PEPE,1789717200000,1789717260000,3.67e-06,3.68e-06,14.101217757900988,target,3142332648.0,19
PEPE,1789717620000,1789717680000,3.67e-06,3.68e-06,14.103188605076355,target,3142771834.0,19
PEPE,1789718880000,1789719600000,3.6900000000000002e-06,3.7e-06,13.997794239803284,target,3140279134.0,19
PEPE,1789777200000,1789777260000,3.82e-06,3.83e-06,13.306616780600312,target,3121786928.0,19
PEPE,1789778340000,1789778400000,3.830000000000001e-06,3.8400000000000005e-06,13.255393092104486,target,3120751758.0,19
PEPE,1789779420000,1789780320000,3.82e-06,3.78e-06,-151.5558014604958,stop,3122608457.0,19
PEPE,1789784280000,1789784340000,3.7700000000000003e-06,3.7800000000000002e-06,13.55540274507494,target,3125164898.0,19
PEPE,1789784940000,1789785060000,3.7700000000000003e-06,3.7800000000000002e-06,13.55722547101276,target,3125585123.0,19
PEPE,1789786140000,1789786200000,3.7700000000000003e-06,3.7800000000000002e-06,13.559048444186217,target,3126005405.0,19
PEPE,1789787820000,1789789680000,3.7700000000000003e-06,3.76e-06,-57.73726740885331,time,3126425743.0,19
PEPE,1789791480000,1789791600000,3.8e-06,3.81e-06,13.393828676614493,target,3120286238.0,19
PEPE,1789792140000,1789792200000,3.79e-06,3.8e-06,13.44865938046232,target,3122149595.0,19
PEPE,1789796100000,1789796220000,3.7700000000000003e-06,3.7800000000000002e-06,13.556717393610242,target,3125467987.0,19
PEPE,1789797720000,1789797780000,3.76e-06,3.77e-06,13.611753460907707,target,3127341404.0,19
PEPE,1789799520000,1789799640000,3.76e-06,3.77e-06,13.613590947130511,target,3127763572.0,19
PEPE,1789800780000,1789800840000,3.7700000000000003e-06,3.7800000000000002e-06,13.562201151726502,target,3126732254.0,19
PEPE,1789802700000,1789803000000,3.76e-06,3.77e-06,13.617259482220923,target,3128606429.0,19
PEPE,1789803420000,1789803840000,3.75e-06,3.76e-06,13.672389110214121,target,3130484055.0,19
PEPE,1789804980000,1789805040000,3.74e-06,3.75e-06,13.72759022166631,target,3132365139.0,19
PEPE,1789805520000,1789805580000,3.76e-06,3.77e-06,13.62279650639123,target,3129878577.0,19
PEPE,1789806180000,1789808040000,3.7800000000000002e-06,3.77e-06,-57.82550374412125,time,3127393388.0,19
PEPE,1789809120000,1789809300000,3.7700000000000003e-06,3.7800000000000002e-06,13.563596460412604,target,3127053939.0,19
PEPE,1789810320000,1789810380000,3.7700000000000003e-06,3.7800000000000002e-06,13.565420288073417,target,3127474418.0,19
PEPE,1789811100000,1789811160000,3.76e-06,3.77e-06,13.620491683541166,target,3129349037.0,19
PEPE,1789811520000,1789811580000,3.7700000000000003e-06,3.7800000000000002e-06,13.569075841986653,target,3128317197.0,19
PEPE,1789814580000,1789814640000,3.8e-06,3.81e-06,13.41141196280603,target,3124382519.0,19
PEPE,1789815300000,1789815360000,3.8e-06,3.81e-06,13.413194135833088,target,3124797702.0,19
PEPE,1789862520000,1789862640000,4.12e-06,4.080000000000001e-06,-151.54157544609737,stop,3079487410.0,19
PEPE,1789865340000,1789865460000,4.12e-06,4.13e-06,11.722921722125943,target,3074864714.0,19
PEPE,1789865880000,1789865940000,4.12e-06,4.13e-06,11.72428507975004,target,3075222316.0,19
PEPE,1789870440000,1789870560000,4.06e-06,4.07e-06,12.035468230764659,target,3084040546.0,19
PEPE,1789870920000,1789871220000,4.04e-06,4.000000000000001e-06,-151.36735650933775,stop,3087239578.0,19
PEPE,1789877280000,1789877400000,4.0100000000000006e-06,4.0200000000000005e-06,12.277965539759956,target,3086854944.0,19
PEPE,1789877940000,1789878000000,4e-06,4.01e-06,12.331437975643954,target,3088650714.0,19
PEPE,1789879260000,1789880100000,4e-06,4.01e-06,12.332948094851718,target,3089028953.0,19
PEPE,1789880520000,1789880580000,4e-06,4.01e-06,12.334458401709032,target,3089407239.0,19
PEPE,1789881360000,1789881480000,4e-06,4.01e-06,12.335968892216421,target,3089785571.0,19
PEPE,1789882620000,1789882740000,4.0100000000000006e-06,4.0200000000000005e-06,12.285478902025783,target,3088743910.0,19
PEPE,1789883820000,1789883880000,4.0100000000000006e-06,4.0200000000000005e-06,12.28697705126312,target,3089120566.0,19
PEPE,1789884420000,1789884600000,4.0100000000000006e-06,4.0200000000000005e-06,12.288475383467205,target,3089497268.0,19
PEPE,1789885260000,1789885680000,4e-06,4.01e-06,12.341993594679808,target,3091294576.0,19
PEPE,1789887420000,1789887480000,3.99e-06,4e-06,12.395578929841848,target,3093095179.0,19
PEPE,1789888020000,1789888140000,4e-06,4.01e-06,12.345022979913185,target,3092053345.0,19
PEPE,1789888620000,1789889100000,4e-06,4.01e-06,12.346534763993706,target,3092432001.0,19
PEPE,1789889580000,1789889940000,4.0100000000000006e-06,3.970000000000001e-06,-151.36215584769755,stop,3091389448.0,19
PEPE,1789890480000,1789890540000,3.99e-06,4e-06,12.381525657268305,target,3089588436.0,19
PEPE,1789892400000,1789892460000,4e-06,4.01e-06,12.331027027620264,target,3088547784.0,19
PEPE,1789895340000,1789895400000,3.98e-06,3.99e-06,12.436640283594695,target,3091768871.0,19
PEPE,1789896600000,1789896660000,3.97e-06,3.98e-06,12.49030606667548,target,3093574258.0,19
PEPE,1789897980000,1789898280000,3.98e-06,3.94e-06,-151.20945741093414,stop,3092534153.0,19
PEPE,1789902120000,1789902240000,3.9300000000000005e-06,3.94e-06,12.681815890425222,target,3095013030.0,19
PEPE,1789949520000,1789949580000,4e-06,4.01e-06,12.31862544027575,target,3085441563.0,19
PEPE,1789950960000,1789951020000,4.06e-06,4.07e-06,12.009282881137656,target,3077330655.0,19
PEPE,1789952520000,1789952760000,4.05e-06,4.06e-06,12.062412312429002,target,3079109716.0,19
PEPE,1789953240000,1789953360000,4.07e-06,4.08e-06,11.960501669474622,target,3076656378.0,19
PEPE,1789954320000,1789954440000,4.06e-06,4.07e-06,12.013584087856463,target,3078432822.0,19
PEPE,1789960020000,1789960740000,4.0200000000000005e-06,4.03e-06,12.222160739661826,target,3084456969.0,19
PEPE,1789961280000,1789961340000,4.0200000000000005e-06,4.03e-06,12.223644866297885,target,3084831512.0,19
PEPE,1789961820000,1789961880000,4.0100000000000006e-06,4.0200000000000005e-06,12.277046411106411,target,3086623862.0,19
PEPE,1789962600000,1789962660000,4.0100000000000006e-06,4.0200000000000005e-06,12.27854353414956,target,3087000260.0,19
PEPE,1789966680000,1789966740000,4e-06,4.01e-06,12.332018489136768,target,3088796115.0,19
PEPE,1789967340000,1789967400000,3.99e-06,4e-06,12.385560516471159,target,3090595263.0,19
PEPE,1789969020000,1789970880000,4.0200000000000005e-06,4e-06,-89.56106639385678,time,3086716057.0,19
PEPE,1789972800000,1789973160000,4.0200000000000005e-06,4.03e-06,12.22023704893769,target,3083971495.0,19
PEPE,1789974660000,1789974780000,4.03e-06,3.990000000000001e-06,-151.08668776035464,stop,3082929914.0,19
PEPE,1789975620000,1789975680000,4.0100000000000006e-06,4.0200000000000005e-06,12.255199459370113,target,3081131228.0,19
PEPE,1789977120000,1789977180000,4.0100000000000006e-06,4.0200000000000005e-06,12.256693921465173,target,3081506957.0,19
PEPE,1789978500000,1789978620000,4.03e-06,4.04e-06,12.154561176690482,target,3079052863.0,19
PEPE,1789980360000,1789980420000,4.13e-06,4.14e-06,11.640673168093958,target,3065351723.0,19
PEPE,1789981500000,1789981560000,4.12e-06,4.13e-06,11.693350652999406,target,3067108368.0,19
PEPE,1789983720000,1789984200000,4.22e-06,4.180000000000001e-06,-150.9499560027177,stop,3053503712.0,19
PEPE,1789987800000,1789987860000,4.18e-06,4.19e-06,11.370305243312727,target,3054480925.0,19
PEPE,1789988280000,1789988520000,4.1900000000000005e-06,4.2000000000000004e-06,11.320608545926007,target,3053434537.0,19
PEPE,1789988940000,1789989000000,4.1900000000000005e-06,4.2000000000000004e-06,11.321884767529147,target,3053778764.0,19
PEPE,1789989420000,1789989480000,4.2000000000000004e-06,4.21e-06,11.272211805943508,target,3052731701.0,19
PEPE,1790167920000,1790168160000,4.74e-06,4.75e-06,8.58919151593202,target,2979771558.0,19
PEPE,1790171100000,1790171460000,4.74e-06,4.700000000000001e-06,-150.80423313811906,stop,2980026344.0,19
PEPE,1790172180000,1790172480000,4.7200000000000005e-06,4.680000000000001e-06,-150.5778571212792,stop,2978201288.0,19
PEPE,1790181360000,1790181540000,4.4e-06,4.41e-06,10.234120238097393,target,3016689827.0,19
PEPE,1790184900000,1790185080000,4.39e-06,4.4e-06,10.285064051175148,target,3018360690.0,19
PEPE,1790185800000,1790186640000,4.39e-06,4.350000000000001e-06,-150.3826228147668,stop,3018670604.0,19
PEPE,1790187720000,1790187840000,4.3700000000000005e-06,4.38e-06,10.370471124060254,target,3016864327.0,19
PEPE,1790188680000,1790188740000,4.3700000000000005e-06,4.38e-06,10.371546270936191,target,3017177097.0,19
PEPE,1790189820000,1790190120000,4.39e-06,4.350000000000001e-06,-150.18801608149084,stop,3014764211.0,19
PEPE,1790190780000,1790190840000,4.35e-06,4.36e-06,10.456893961662184,target,3015686795.0,19
PEPE,1790191920000,1790191980000,4.3700000000000005e-06,4.38e-06,10.358135039999267,target,3013275648.0,19
PEPE,1790192580000,1790192640000,4.3700000000000005e-06,4.38e-06,10.359208908125257,target,3013588046.0,19
PEPE,1790193420000,1790193840000,4.3700000000000005e-06,4.330000000000001e-06,-150.00936149148106,stop,3013900477.0,19
PEPE,1790195640000,1790195700000,4.35e-06,4.36e-06,10.444455071729175,target,3012099516.0,19
PEPE,1790196180000,1790196600000,4.360000000000001e-06,4.320000000000001e-06,-149.79985714874698,stop,3011052405.0,19
PEPE,1790208180000,1790208240000,4.32e-06,4.33e-06,10.579584137111992,target,3011981249.0,19
PEPE,1790209320000,1790209380000,4.34e-06,4.35e-06,10.480841064959925,target,3009573888.0,19
PEPE,1790210040000,1790210580000,4.35e-06,4.31e-06,-149.60660317175808,stop,3008528544.0,19
PEPE,1790211540000,1790211600000,4.32e-06,4.33e-06,10.565935615860319,target,3008095549.0,19
PEPE,1790212320000,1790212380000,4.32e-06,4.33e-06,10.567057462699585,target,3008414936.0,19
PEPE,1790212920000,1790213460000,4.32e-06,4.33e-06,10.568179432474686,target,3008734358.0,19
PEPE,1790213880000,1790214060000,4.34e-06,4.3e-06,-149.42961237035766,stop,3006329592.0,19
PEPE,1790214420000,1790214480000,4.31e-06,4.32e-06,10.603307886481295,target,3005898763.0,19
PEPE,1790216820000,1790217000000,4.360000000000001e-06,4.3700000000000005e-06,10.355502528503639,target,2999421442.0,19
PEPE,1790219220000,1790219580000,4.4e-06,4.360000000000001e-06,-149.23676162247693,stop,2994317047.0,19
PEPE,1790222220000,1790222400000,4.360000000000001e-06,4.3700000000000005e-06,10.34103477546498,target,2995230927.0,19
PEPE,1790223120000,1790223420000,4.360000000000001e-06,4.3700000000000005e-06,10.342112034874237,target,2995542950.0,19
PEPE,1790223720000,1790223780000,4.360000000000001e-06,4.3700000000000005e-06,10.343189411666787,target,2995855007.0,19
PEPE,1790224560000,1790224680000,4.3700000000000005e-06,4.38e-06,10.294668511874137,target,2994812658.0,19
PEPE,1790227020000,1790227080000,4.42e-06,4.43e-06,10.048389350248403,target,2988368580.0,19
PEPE,1790227680000,1790227740000,4.42e-06,4.43e-06,10.049406079460914,target,2988670953.0,19
PEPE,1790228640000,1790228700000,4.42e-06,4.43e-06,10.050422912913056,target,2988973357.0,19
PEPE,1790231340000,1790231400000,4.4e-06,4.41e-06,10.150274427579618,target,2991974776.0,19
PEPE,1790232000000,1790232060000,4.4e-06,4.41e-06,10.15131156571818,target,2992280491.0,19
PEPE,1790232420000,1790232480000,4.4e-06,4.41e-06,10.152348809023396,target,2992586237.0,19
PEPE,1790233020000,1790233080000,4.39e-06,4.4e-06,10.202885578124894,target,2994243750.0,19
PEPE,1790234520000,1790234580000,4.39e-06,4.4e-06,10.203933173109897,target,2994551188.0,19
PEPE,1790236320000,1790236380000,4.41e-06,4.42e-06,10.10600639013041,target,2992155852.0,19
PEPE,1790237760000,1790237820000,4.39e-06,4.4e-06,10.206018525626918,target,2995163177.0,19
