coin,entry_ts,exit_ts,entry,exit,pnl,reason,quantity,episode
PEPE,1767312180000,1767312420000,4.92e-06,4.880000000000001e-06,-144.32926825457886,stop,3048780487.0,1
PEPE,1767313620000,1767314040000,4.9000000000000005e-06,4.9100000000000004e-06,15.574427823371028,target,3056806246.0,1
PEPE,1767316020000,1767316080000,4.890000000000001e-06,4.9000000000000005e-06,15.63934682333566,target,3063535127.0,1
PEPE,1767316680000,1767316740000,4.9000000000000005e-06,4.9100000000000004e-06,15.579296218149818,target,3057761770.0,1
PEPE,1767317820000,1767318420000,4.92e-06,4.880000000000001e-06,-144.1884950008189,stop,3045806823.0,1
PEPE,1767320220000,1767320280000,4.88e-06,4.89e-06,15.684331294336005,target,3066340429.0,1
PEPE,1767322020000,1767322140000,4.9100000000000004e-06,4.92e-06,15.499508696010375,target,3048084306.0,1
PEPE,1767325860000,1767326220000,5.11e-06,5.12e-06,14.309339759455447,target,2929240483.0,1
PEPE,1767328020000,1767328200000,5.13e-06,5.09e-06,-139.06867211081803,stop,2918238844.0,1
PEPE,1767329220000,1767329340000,5.13e-06,5.14e-06,14.17744925628445,target,2914172509.0,1
PEPE,1767331020000,1767331140000,5.12e-06,5.13e-06,14.236363084125253,target,2920279607.0,1
PEPE,1767332280000,1767332520000,5.11e-06,5.12e-06,14.295524266245119,target,2926412337.0,1
PEPE,1767333600000,1767333660000,5.1600000000000006e-06,5.1700000000000005e-06,14.014108232659428,target,2898471196.0,1
PEPE,1767334020000,1767334080000,5.21e-06,5.22e-06,13.738013731037,target,2871058251.0,1
PEPE,1767334620000,1767334680000,5.21e-06,5.22e-06,13.739906332515663,target,2871453779.0,1
PEPE,1767340440000,1767340560000,5.09e-06,5.1e-06,14.418517490818493,target,2939555044.0,1
PEPE,1767341580000,1767341700000,5.12e-06,5.13e-06,14.248423341749564,target,2922753506.0,1
PEPE,1767343620000,1767343800000,5.1e-06,5.11e-06,14.3650351726201,target,2934634356.0,1
PEPE,1767344280000,1767344400000,5.09e-06,5.1e-06,14.42473768318527,target,2940823177.0,1
PEPE,1767345240000,1767345420000,5.1e-06,5.060000000000001e-06,-139.75825583753758,stop,2935481114.0,1
PEPE,1767346080000,1767346260000,5.0800000000000005e-06,5.09e-06,14.46440956049127,target,2942911406.0,1
PEPE,1767347220000,1767347280000,5.1600000000000006e-06,5.1700000000000005e-06,14.010405367251398,target,2897705350.0,1
PEPE,1767347820000,1767347880000,5.18e-06,5.19e-06,13.900534269075191,target,2886923005.0,1
PEPE,1767349080000,1767349140000,5.1700000000000005e-06,5.18e-06,13.958292192674884,target,2892910299.0,1
PEPE,1767399420000,1767399420000,6.11e-06,6.07e-06,-120.26732643037472,entry_bar_stop,2448189851.0,1
PEPE,1767401700000,1767401820000,6.220000000000001e-06,6.180000000000001e-06,-118.3942621287868,stop,2401993551.0,1
PEPE,1767402120000,1767402120000,6.16e-06,6.120000000000001e-06,-119.18732545799946,entry_bar_stop,2422506615.0,1
PEPE,1767408720000,1767408780000,6.2300000000000005e-06,6.24e-06,9.007452870163922,target,2392417761.0,1
PEPE,1767409320000,1767409380000,6.2e-06,6.21e-06,9.123984152911307,target,2404211898.0,1
PEPE,1767411120000,1767411180000,6.220000000000001e-06,6.2300000000000005e-06,9.047547577374313,target,2396701345.0,1
PEPE,1767411780000,1767411960000,6.24e-06,6.200000000000001e-06,-117.83717372267766,stop,2389237099.0,1
PEPE,1767417420000,1767417480000,6.1e-06,6.11e-06,9.50837434252944,target,2441174414.0,1
PEPE,1767418020000,1767418140000,6.09e-06,6.1e-06,9.549353802834558,target,2445417107.0,1
PEPE,1767419760000,1767419820000,6.08e-06,6.09e-06,9.590476712805568,target,2449674767.0,1
PEPE,1767420240000,1767420360000,6.07e-06,6.08e-06,9.631743827601799,target,2453947472.0,1
PEPE,1767421320000,1767421440000,6.1e-06,6.11e-06,9.512040744978144,target,2442115724.0,1
PEPE,1767421980000,1767422040000,6.1e-06,6.11e-06,9.51295179716574,target,2442349627.0,1
PEPE,1767430380000,1767430440000,6.09e-06,6.1e-06,9.553950983610072,target,2446594362.0,1
PEPE,1767430920000,1767430980000,6.09e-06,6.1e-06,9.554869904306601,target,2446829681.0,1
PEPE,1767431640000,1767432120000,6.08e-06,6.09e-06,9.596016570915804,target,2451089801.0,1
PEPE,1767433680000,1767433740000,6.18e-06,6.1400000000000005e-06,-118.72607427918041,stop,2411661066.0,1
PEPE,1767434220000,1767434340000,6.1400000000000005e-06,6.100000000000001e-06,-119.21127540663068,stop,2424471739.0,1
PEPE,1767439620000,1767439920000,6e-06,5.9600000000000005e-06,-121.32593828639826,stop,2478062465.0,1
PEPE,1767442140000,1767442140000,5.9700000000000004e-06,5.96e-06,-47.12505566530608,risk_halt,2487466649.0,1
PEPE,1767485820000,1767485880000,6.21e-06,6.22e-06,9.046885751010265,target,2390194386.0,1
PEPE,1767486540000,1767486660000,6.18e-06,6.1400000000000005e-06,-118.25128982087843,stop,2402016856.0,1
PEPE,1767487080000,1767487260000,6.21e-06,6.17e-06,-117.64685141572201,stop,2387556599.0,1
PEPE,1767489420000,1767489480000,6.21e-06,6.22e-06,9.02614584729624,target,2384714887.0,1
PEPE,1767491280000,1767491340000,6.2e-06,6.21e-06,9.065418490919864,target,2388779576.0,1
PEPE,1767492180000,1767492300000,6.24e-06,6.25e-06,8.91318644277558,target,2373684805.0,1
PEPE,1767874020000,1767874080000,6.2300000000000005e-06,6.190000000000001e-06,-117.23296670027926,stop,2377709496.0,1
PEPE,1767879180000,1767879180000,6.15e-06,6.110000000000001e-06,-118.3282750363484,entry_bar_stop,2405779710.0,1
PEPE,1767883320000,1767883440000,6.0600000000000004e-06,6.020000000000001e-06,-119.61235851569907,stop,2438580194.0,1
PEPE,1767883920000,1767883980000,6.08e-06,6.09e-06,9.50408369919019,target,2427607586.0,1
PEPE,1767884520000,1767884640000,6.08e-06,6.040000000000001e-06,-119.15848840295884,stop,2427842062.0,1
PEPE,1767885240000,1767885360000,6.09e-06,6.1e-06,9.453694626695036,target,2420920519.0,1
PEPE,1767885780000,1767885840000,6.1e-06,6.11e-06,9.414932712175608,target,2417184265.0,1
PEPE,1767886440000,1767886620000,6.130000000000001e-06,6.090000000000001e-06,-118.24653234626969,stop,2405585034.0,1
PEPE,1767888180000,1767888240000,6.220000000000001e-06,6.180000000000001e-06,-116.71506904040928,stop,2367925929.0,1
PEPE,1767888720000,1767888780000,6.16e-06,6.17e-06,9.158547790925452,target,2388148055.0,1
PEPE,1767892680000,1767892860000,6.16e-06,6.17e-06,9.159403057287253,target,2388371071.0,1
PEPE,1767893220000,1767893280000,6.17e-06,6.130000000000001e-06,-117.36413284807486,stop,2384722805.0,1
PEPE,1767919620000,1767919800000,6.1e-06,6.11e-06,9.383843636232445,target,2409202474.0,1
PEPE,1767920340000,1767920400000,6.09e-06,6.1e-06,9.424286387999997,target,2413389600.0,1
PEPE,1767925020000,1767925200000,6.12e-06,6.08e-06,-118.0239726884386,stop,2401790246.0,1
PEPE,1767925680000,1767925980000,6.09e-06,6.0500000000000005e-06,-118.35403971844563,stop,2410714731.0,1
PEPE,1767931620000,1767932040000,6.1400000000000005e-06,6.15e-06,9.206480614890772,target,2388192118.0,1
PEPE,1767932520000,1767932580000,6.130000000000001e-06,6.1400000000000005e-06,9.24629093542107,target,2392313308.0,1
PEPE,1767935280000,1767935340000,6.12e-06,6.13e-06,9.286239650251893,target,2396448942.0,1
PEPE,1767935940000,1767936240000,6.1e-06,6.11e-06,9.36566188139469,target,2404534501.0,1
PEPE,1767936780000,1767937260000,6.1e-06,6.11e-06,9.36655891158021,target,2404764804.0,1
PEPE,1767938820000,1767938880000,6.12e-06,6.13e-06,9.288900717374755,target,2397135669.0,1
PEPE,1767940080000,1767940140000,6.1400000000000005e-06,6.15e-06,9.21173196913551,target,2389554337.0,1
PEPE,1767941280000,1767941460000,6.16e-06,6.17e-06,9.135048061425026,target,2382020355.0,1
PEPE,1767942420000,1767942480000,6.15e-06,6.16e-06,9.174617423425738,target,2386116365.0,1
PEPE,1767943080000,1767943200000,6.15e-06,6.16e-06,9.175477822920833,target,2386340136.0,1
PEPE,1767943680000,1767944160000,6.16e-06,6.12e-06,-117.22833009120146,stop,2382689636.0,1
PEPE,1767945420000,1767945540000,6.15e-06,6.16e-06,9.16534457534501,target,2383704701.0,1
PEPE,1767946380000,1767946620000,6.1400000000000005e-06,6.15e-06,9.205010884576112,target,2387810865.0,1
PEPE,1767947280000,1767947400000,6.15e-06,6.110000000000001e-06,-117.26455340222837,stop,2384152758.0,1
PEPE,1767947820000,1767948240000,6.12e-06,6.08e-06,-117.59033204099913,stop,2392965650.0,1
PEPE,1767950220000,1767950220000,6.130000000000001e-06,6.12e-06,-45.77895039990079,risk_halt,2386184540.0,1
PEPE,1768522440000,1768522560000,5.91e-06,5.92e-06,10.368020300524286,target,2538071065.0,2
PEPE,1768523040000,1768524120000,5.92e-06,5.93e-06,10.326239434524709,target,2534046487.0,2
PEPE,1768525020000,1768525080000,5.9e-06,5.91e-06,10.413171429569733,target,2542899006.0,2
PEPE,1768525860000,1768525920000,5.89e-06,5.9e-06,10.457411610865293,target,2547481513.0,2
PEPE,1768528020000,1768528200000,5.92e-06,5.93e-06,10.32946055902681,target,2534836947.0,2
PEPE,1768531020000,1768531080000,5.89e-06,5.9e-06,10.459584703451032,target,2548010890.0,2
PEPE,1768532760000,1768532820000,5.9e-06,5.91e-06,10.417508620154894,target,2543958149.0,2
PEPE,1768533180000,1768533540000,5.9e-06,5.91e-06,10.418593189095903,target,2544223001.0,2
PEPE,1768534020000,1768534320000,5.89e-06,5.850000000000001e-06,-124.36908118772922,stop,2548807894.0,2
PEPE,1768542240000,1768542300000,5.85e-06,5.86e-06,10.62382852590489,target,2563046689.0,2
PEPE,1768542900000,1768542960000,5.85e-06,5.86e-06,10.624957648775942,target,2563319095.0,2
PEPE,1768546380000,1768546500000,5.8800000000000005e-06,5.89e-06,10.495356805930372,target,2550511982.0,2
PEPE,1768546980000,1768547040000,5.8800000000000005e-06,5.89e-06,10.496458547799632,target,2550779720.0,2
PEPE,1768548720000,1768548780000,5.9e-06,5.91e-06,10.41112745945939,target,2542399868.0,2
PEPE,1768549380000,1768549500000,5.8800000000000005e-06,5.89e-06,10.4986533118573,target,2551313077.0,2
PEPE,1768551720000,1768552380000,5.9700000000000004e-06,5.98e-06,10.115287295400599,target,2513114856.0,2
PEPE,1768552920000,1768553160000,5.98e-06,5.940000000000001e-06,-122.77349487542861,stop,2509166051.0,2
PEPE,1768553520000,1768553700000,5.9600000000000005e-06,5.9700000000000004e-06,10.145991900690404,target,2514496134.0,2
PEPE,1768556880000,1768557000000,5.94e-06,5.95e-06,10.231651678464878,target,2523218663.0,2
PEPE,1768557420000,1768557600000,5.94e-06,5.95e-06,10.232699389090143,target,2523477038.0,2
PEPE,1768559880000,1768559940000,5.92e-06,5.93e-06,10.318965909975141,target,2532261573.0,2
PEPE,1768561020000,1768561080000,5.92e-06,5.93e-06,10.320031359474918,target,2532523033.0,2
PEPE,1768562520000,1768562640000,5.91e-06,5.92e-06,10.36393140752201,target,2537070112.0,2
PEPE,1768563840000,1768564080000,5.93e-06,5.94e-06,10.279472570101182,target,2528775540.0,2
PEPE,1768608120000,1768608480000,5.92e-06,5.8800000000000005e-06,-123.72674220719956,stop,2533307580.0,2
PEPE,1768609620000,1768609680000,5.91e-06,5.92e-06,10.35324370355466,target,2534453783.0,2
PEPE,1768610820000,1768610940000,5.9e-06,5.91e-06,10.397256949169847,target,2539012686.0,2
PEPE,1768612500000,1768612560000,5.89e-06,5.9e-06,10.441429515846504,target,2543588189.0,2
PEPE,1768612920000,1768613040000,5.89e-06,5.9e-06,10.442521080500597,target,2543854100.0,2
PEPE,1768613520000,1768613640000,5.8800000000000005e-06,5.89e-06,10.486858470896305,target,2548446773.0,2
PEPE,1768616580000,1768617000000,5.86e-06,5.87e-06,10.574902668165329,target,2557412979.0,2
PEPE,1768617420000,1768617480000,5.86e-06,5.87e-06,10.576021967180534,target,2557683668.0,2
PEPE,1768620060000,1768620120000,5.8700000000000005e-06,5.8800000000000005e-06,10.533586432875861,target,2553596711.0,2
PEPE,1768620420000,1768620600000,5.8800000000000005e-06,5.89e-06,10.491285392010678,target,2549522574.0,2
PEPE,1768622880000,1768623900000,5.86e-06,5.87e-06,10.579366752140645,target,2558492564.0,2
PEPE,1768624980000,1768625220000,5.85e-06,5.86e-06,10.624204199689768,target,2563137322.0,2
PEPE,1768625700000,1768625760000,5.86e-06,5.87e-06,10.581611039930767,target,2559035318.0,2
PEPE,1768626180000,1768626300000,5.8700000000000005e-06,5.8800000000000005e-06,10.539153083251481,target,2554946202.0,2
PEPE,1768626720000,1768626780000,5.8700000000000005e-06,5.8800000000000005e-06,10.540264003499543,target,2555215516.0,2
PEPE,1768627920000,1768627980000,5.8700000000000005e-06,5.8800000000000005e-06,10.541375039249916,target,2555484858.0,2
PEPE,1768632120000,1768632480000,5.86e-06,5.82e-06,-124.8056347199977,stop,2560115584.0,2
PEPE,1768633140000,1768635000000,5.84e-06,5.82e-06,-73.7375707464597,time,2565677479.0,2
PEPE,1768635480000,1768635540000,5.82e-06,5.83e-06,10.740579060725565,target,2572593787.0,2
PEPE,1768636620000,1768636680000,5.83e-06,5.84e-06,10.69762527508541,target,2568457449.0,2
PEPE,1768637220000,1768637940000,5.84e-06,5.85e-06,10.654808488815242,target,2564334173.0,2
PEPE,1768639680000,1768639740000,5.84e-06,5.85e-06,10.655945579356004,target,2564607841.0,2
PEPE,1768640340000,1768640460000,5.84e-06,5.85e-06,10.657082794545545,target,2564881539.0,2
PEPE,1768640940000,1768641000000,5.84e-06,5.85e-06,10.658220126073942,target,2565155265.0,2
PEPE,1768696320000,1768696500000,5.82e-06,5.83e-06,10.747472574400462,target,2574244928.0,2
PEPE,1768699320000,1768699380000,5.8e-06,5.81e-06,10.837361263269264,target,2583399586.0,2
PEPE,1768699920000,1768701000000,5.7900000000000005e-06,5.750000000000001e-06,-125.90017620016472,stop,2588142177.0,2
PEPE,1768701480000,1768701540000,5.7800000000000006e-06,5.7900000000000005e-06,10.914121318589391,target,2589352626.0,2
PEPE,1768702620000,1768702680000,5.81e-06,5.82e-06,10.78166589043434,target,2576264251.0,2
PEPE,1768704420000,1768704780000,5.8e-06,5.760000000000001e-06,-125.59072630451851,stop,2580984922.0,2
PEPE,1768706520000,1768706580000,5.8e-06,5.81e-06,10.81360623677039,target,2577736886.0,2
PEPE,1768709340000,1768711200000,5.8e-06,5.78e-06,-73.93751459664085,time,2578016548.0,2
PEPE,1768712460000,1768712700000,5.7800000000000006e-06,5.7900000000000005e-06,10.895851826806151,target,2585018227.0,2
PEPE,1768714320000,1768715100000,5.7900000000000005e-06,5.8e-06,10.852414862785826,target,2580835877.0,2
PEPE,1768715580000,1768715760000,5.7900000000000005e-06,5.8e-06,10.853597102741745,target,2581117028.0,2
PEPE,1768716720000,1768716780000,5.81e-06,5.82e-06,10.765963377045157,target,2572512157.0,2
PEPE,1768717380000,1768717440000,5.8e-06,5.81e-06,10.811462872836463,target,2577225953.0,2
PEPE,1768718760000,1768718820000,5.8e-06,5.81e-06,10.812635824200566,target,2577505560.0,2
PEPE,1768719180000,1768720140000,5.8e-06,5.760000000000001e-06,-125.43502768601866,stop,2577785197.0,2
PEPE,1768721280000,1768721340000,5.7800000000000006e-06,5.7900000000000005e-06,10.889240207311811,target,2583449634.0,2
PEPE,1768722120000,1768722240000,5.7800000000000006e-06,5.7900000000000005e-06,10.890431336804639,target,2583732227.0,2
PEPE,1768722780000,1768724640000,5.7800000000000006e-06,5.7900000000000005e-06,10.891622596963439,target,2584014851.0,2
PEPE,1768729320000,1768729380000,5.7900000000000005e-06,5.8e-06,10.848202491421539,target,2579834124.0,2
PEPE,1768730520000,1768732380000,5.8e-06,5.78e-06,-73.87012072656317,time,2575666692.0,2
PEPE,1768732980000,1768733100000,5.7900000000000005e-06,5.8e-06,10.841337021561444,target,2578201432.0,2
PEPE,1768733520000,1768733580000,5.7800000000000006e-06,5.7900000000000005e-06,10.887106169669337,target,2582943338.0,2
PEPE,1768734780000,1768734840000,5.7900000000000005e-06,5.8e-06,10.843704070725192,target,2578764345.0,2
PEPE,1768735320000,1768735380000,5.8e-06,5.81e-06,10.800441298995988,target,2574598641.0,2
PEPE,1768785300000,1768785420000,5.21e-06,5.22e-06,13.716043776764476,target,2866466829.0,2
PEPE,1768785720000,1768786320000,5.21e-06,5.22e-06,13.717933354125929,target,2866861725.0,2
PEPE,1768786740000,1768786920000,5.23e-06,5.19e-06,-136.54504015951375,stop,2856292023.0,2
PEPE,1768787220000,1768787280000,5.19e-06,5.2e-06,13.81129713322591,target,2874359445.0,2
PEPE,1768789020000,1768789140000,5.18e-06,5.19e-06,13.868684671546731,target,2880308343.0,2
PEPE,1768789620000,1768789680000,5.19e-06,5.2e-06,13.815141133225517,target,2875159445.0,2
PEPE,1768792140000,1768792200000,5.23e-06,5.24e-06,13.597241637391429,target,2853565926.0,2
PEPE,1768792740000,1768792800000,5.23e-06,5.24e-06,13.599099882561104,target,2853955904.0,2
PEPE,1768793220000,1768793340000,5.23e-06,5.24e-06,13.60095838027489,target,2854345935.0,2
PEPE,1768795260000,1768795380000,5.24e-06,5.25e-06,13.548364682503946,target,2849288051.0,2
PEPE,1768795920000,1768796400000,5.2500000000000006e-06,5.2600000000000005e-06,13.495956432596024,target,2844247931.0,2
PEPE,1768796880000,1768796940000,5.24e-06,5.25e-06,13.552045856099802,target,2850062220.0,2
PEPE,1768797420000,1768797960000,5.2600000000000005e-06,5.220000000000001e-06,-135.875431663948,stop,2839611947.0,2
PEPE,1768800120000,1768800240000,5.22e-06,5.23e-06,13.644404729225924,target,2857466959.0,2
PEPE,1768800840000,1768801080000,5.23e-06,5.24e-06,13.591660659731051,target,2852394682.0,2
PEPE,1768801620000,1768801680000,5.22e-06,5.23e-06,13.648141863874706,target,2858249605.0,2
PEPE,1768802820000,1768803360000,5.21e-06,5.22e-06,13.704855489765208,target,2864128629.0,2
PEPE,1768803720000,1768803780000,5.22e-06,5.23e-06,13.65189503775046,target,2859035610.0,2
PEPE,1768804320000,1768804740000,5.22e-06,5.18e-06,-136.652059627738,stop,2859427906.0,2
PEPE,1768806120000,1768806180000,5.21e-06,5.22e-06,13.689798539837334,target,2860981931.0,2
PEPE,1768808160000,1768808280000,5.22e-06,5.23e-06,13.636896275700305,target,2855894508.0,2
PEPE,1768808820000,1768809060000,5.22e-06,5.23e-06,13.638767431075419,target,2856286373.0,2
PEPE,1768810080000,1768810260000,5.2e-06,5.21e-06,13.750456144423556,target,2867665515.0,2
PEPE,1768811280000,1768811340000,5.21e-06,5.22e-06,13.697336417327021,target,2862557245.0,2
PEPE,1768867920000,1768867980000,5.2600000000000005e-06,5.27e-06,13.427215802990826,target,2835737234.0,2
PEPE,1768870080000,1768870140000,5.23e-06,5.24e-06,13.591631273975125,target,2852388515.0,2
PEPE,1768872660000,1768873560000,5.2500000000000006e-06,5.210000000000001e-06,-135.9427937901744,stop,2841910605.0,2
PEPE,1768876380000,1768876440000,5.22e-06,5.23e-06,13.629459280049415,target,2854337022.0,2
PEPE,1768876980000,1768877160000,5.23e-06,5.24e-06,13.576772984264757,target,2849270301.0,2
PEPE,1768877580000,1768877700000,5.23e-06,5.24e-06,13.578628432381564,target,2849659692.0,2
PEPE,1768878360000,1768878420000,5.22e-06,5.23e-06,13.635055479776963,target,2855509001.0,2
PEPE,1768879680000,1768879920000,5.21e-06,5.22e-06,13.69171473136665,target,2861382389.0,2
PEPE,1768880580000,1768880640000,5.21e-06,5.22e-06,13.693600954440411,target,2861776584.0,2
PEPE,1768881240000,1768881360000,5.21e-06,5.22e-06,13.695487435904983,target,2862170833.0,2
PEPE,1768881840000,1768881900000,5.21e-06,5.22e-06,13.697374180544099,target,2862565137.0,2
PEPE,1768884780000,1768885260000,5.2e-06,5.1600000000000006e-06,-136.9978973311196,stop,2868465187.0,2
PEPE,1768885620000,1768885680000,5.22e-06,5.23e-06,13.625644795176285,target,2853538177.0,2
PEPE,1768886460000,1768886580000,5.2e-06,5.1600000000000006e-06,-136.8279283267177,stop,2864906372.0,2
PEPE,1768887720000,1768888020000,5.21e-06,5.22e-06,13.663414987694917,target,2855468127.0,2
PEPE,1768888440000,1768888620000,5.24e-06,5.25e-06,13.501875546780157,target,2839511156.0,2
PEPE,1768888920000,1768889460000,5.24e-06,5.2e-06,-135.80390610119983,stop,2839897660.0,2
PEPE,1768889820000,1768889880000,5.2e-06,5.1600000000000006e-06,-136.48975094256073,stop,2857825606.0,2
PEPE,1768891620000,1768892100000,5.2e-06,5.1600000000000006e-06,-136.30171007951918,stop,2853888402.0,2
PEPE,1768893420000,1768894260000,5.19e-06,5.16e-06,-107.80743421858713,risk_halt,2855447867.0,2
PEPE,1768953780000,1768953840000,4.980000000000001e-06,4.9900000000000005e-06,14.90764470662159,target,2972611108.0,2
PEPE,1768956720000,1768956840000,5.0800000000000005e-06,5.09e-06,14.324941137121783,target,2914535328.0,2
PEPE,1768958580000,1768958640000,5.09e-06,5.1e-06,14.269780379971735,target,2909231474.0,2
PEPE,1768959240000,1768959300000,5.09e-06,5.1e-06,14.271843050191002,target,2909651998.0,2
PEPE,1768959720000,1768959780000,5.0800000000000005e-06,5.09e-06,14.331162273795686,target,2915801073.0,2
PEPE,1768960320000,1768960380000,5.0800000000000005e-06,5.09e-06,14.333242124855513,target,2916224237.0,2
PEPE,1768962120000,1768962300000,5.12e-06,5.0800000000000005e-06,-137.86354537655845,stop,2893861154.0,2
PEPE,1768964220000,1768965060000,5.0800000000000005e-06,5.040000000000001e-06,-138.58039881503746,stop,2912576688.0,2
PEPE,1768967220000,1768967280000,5.04e-06,5.05e-06,14.52591924180012,target,2931567960.0,2
PEPE,1768968420000,1768969140000,5.04e-06,5.05e-06,14.528061382445685,target,2932000279.0,2
PEPE,1768969620000,1768969680000,5.05e-06,5.06e-06,14.47216489748152,target,2926625864.0,2
PEPE,1768970280000,1768970340000,5.05e-06,5.06e-06,14.474290589794899,target,2927055731.0,2
PEPE,1768970820000,1768971240000,5.06e-06,5.02e-06,-138.92684046824974,stop,2921700115.0,2
PEPE,1768974840000,1768974900000,5.04e-06,5.05e-06,14.513985005380789,target,2929159436.0,2
PEPE,1768975500000,1768975560000,5.03e-06,5.04e-06,14.57433863770617,target,2935415637.0,2
PEPE,1768976520000,1768976640000,5.05e-06,5.06e-06,14.460283377852203,target,2924223130.0,2
PEPE,1768977840000,1768978200000,5.05e-06,5.06e-06,14.462407319636092,target,2924652643.0,2
PEPE,1768978680000,1768978740000,5.05e-06,5.06e-06,14.464531577901326,target,2925082220.0,2
PEPE,1768980000000,1768980060000,5.070000000000001e-06,5.0800000000000005e-06,14.351309036649813,target,2913971378.0,2
PEPE,1768981020000,1768981080000,5.0800000000000005e-06,5.09e-06,14.296058852295403,target,2908658973.0,2
PEPE,1768984560000,1768984740000,5.070000000000001e-06,5.030000000000001e-06,-138.64336259570922,stop,2914818934.0,2
PEPE,1768986420000,1768986480000,5.06e-06,5.07e-06,14.392776804839974,target,2916469464.0,2
PEPE,1768987860000,1768988700000,5.06e-06,5.07e-06,14.39488239167849,target,2916896128.0,2
PEPE,1768989180000,1768989240000,5.05e-06,5.06e-06,14.454728164851247,target,2923099730.0,2
PEPE,1769041500000,1769041560000,5.1700000000000005e-06,5.18e-06,13.778615166025162,target,2855671537.0,2
PEPE,1769042760000,1769042820000,5.2e-06,5.21e-06,13.615853081354484,target,2839593969.0,2
PEPE,1769043720000,1769043780000,5.2e-06,5.21e-06,13.617736389528796,target,2839986734.0,2
PEPE,1769044980000,1769045040000,5.22e-06,5.23e-06,13.51084756857703,target,2829496873.0,2
PEPE,1769045520000,1769046360000,5.22e-06,5.18e-06,-135.24020969363931,stop,2829885116.0,2
PEPE,1769048940000,1769049600000,5.22e-06,5.23e-06,13.494144761826483,target,2825998903.0,2
PEPE,1769050260000,1769050500000,5.22e-06,5.18e-06,-135.07301876813972,stop,2826386666.0,2
PEPE,1769051100000,1769051220000,5.21e-06,5.22e-06,13.531610282189217,target,2827922734.0,2
PEPE,1769055240000,1769056020000,5.21e-06,5.22e-06,13.533474446414964,target,2828312319.0,2
PEPE,1769056380000,1769056440000,5.2e-06,5.21e-06,13.589709787149605,target,2834141770.0,2
PEPE,1769058480000,1769058540000,5.2e-06,5.21e-06,13.591589479895664,target,2834533781.0,2
PEPE,1769060880000,1769061060000,5.18e-06,5.19e-06,13.702871301388953,target,2845871506.0,2
PEPE,1769064420000,1769064480000,5.15e-06,5.16e-06,13.870501035796499,target,2862848511.0,2
PEPE,1769069520000,1769069880000,5.12e-06,5.13e-06,14.040143208001563,target,2880029376.0,2
PEPE,1769070420000,1769070480000,5.11e-06,5.12e-06,14.098488973417403,target,2886077579.0,2
PEPE,1769072640000,1769072700000,5.11e-06,5.12e-06,14.100510630665188,target,2886491429.0,2
PEPE,1769074980000,1769075040000,5.15e-06,5.16e-06,13.878419030340934,target,2864482772.0,2
PEPE,1769075520000,1769075580000,5.14e-06,5.15e-06,13.936086737340945,target,2870460708.0,2
PEPE,1769076120000,1769076300000,5.15e-06,5.16e-06,13.88234411988009,target,2865292904.0,2
PEPE,1769078280000,1769078340000,5.13e-06,5.14e-06,13.99597037534632,target,2876869553.0,2
PEPE,1769078820000,1769079720000,5.14e-06,5.1e-06,-136.89303198290767,stop,2871680973.0,2
PEPE,1769080380000,1769080920000,5.12e-06,5.0800000000000005e-06,-137.15022141395832,stop,2878887939.0,2
PEPE,1769084820000,1769084940000,5.06e-06,5.07e-06,14.355713809921173,target,2908959232.0,2
PEPE,1769085540000,1769085600000,5.05e-06,5.06e-06,14.41539674253083,target,2915145954.0,2
PEPE,1769126580000,1769126700000,4.94e-06,4.95e-06,15.066406400431024,target,2980495826.0,2
PEPE,1769127120000,1769127180000,4.94e-06,4.95e-06,15.068718971939024,target,2980953308.0,2
PEPE,1769127780000,1769127840000,4.93e-06,4.94e-06,15.131476527555954,target,2987458347.0,2
PEPE,1769130600000,1769130660000,4.94e-06,4.95e-06,15.073354457490527,target,2981870318.0,2
PEPE,1769131020000,1769131080000,4.95e-06,4.96e-06,15.015449169771053,target,2976303106.0,2
PEPE,1769132880000,1769133120000,4.97e-06,4.98e-06,14.898015545324629,target,2964779213.0,2
PEPE,1769133480000,1769133540000,4.980000000000001e-06,4.9900000000000005e-06,14.840762003654547,target,2959274577.0,2
PEPE,1769134680000,1769134740000,4.97e-06,4.98e-06,14.902525729050893,target,2965676762.0,2
PEPE,1769135340000,1769135400000,4.97e-06,4.98e-06,14.904785843401836,target,2966126536.0,2
PEPE,1769135820000,1769136120000,4.97e-06,4.98e-06,14.907046304474203,target,2966576379.0,2
PEPE,1769136420000,1769137080000,4.97e-06,4.98e-06,14.909307107249667,target,2967026290.0,2
PEPE,1769139420000,1769139600000,5e-06,5.01e-06,14.733608697946373,target,2949671411.0,2
PEPE,1769141820000,1769141880000,5.02e-06,5.03e-06,14.618340900500558,target,2938359980.0,2
PEPE,1769143080000,1769143140000,5.02e-06,5.03e-06,14.620513995425611,target,2938796783.0,2
PEPE,1769143620000,1769143680000,5.03e-06,5.04e-06,14.564282561459608,target,2933390244.0,2
PEPE,1769144340000,1769144400000,5.04e-06,5.05e-06,14.508257273132887,target,2928003486.0,2
PEPE,1769144820000,1769144880000,5.02e-06,5.03e-06,14.627009201200352,target,2940102352.0,2
PEPE,1769145420000,1769145480000,5.03e-06,5.04e-06,14.570752785617003,target,2934693411.0,2
PEPE,1769146320000,1769146560000,5.02e-06,5.03e-06,14.631349605126541,target,2940974795.0,2
PEPE,1769147220000,1769147340000,5.02e-06,5.03e-06,14.633524635325209,target,2941411987.0,2
PEPE,1769149380000,1769149620000,5.03e-06,4.9900000000000005e-06,-139.47471026068268,stop,2936000637.0,2
PEPE,1769151420000,1769153280000,5e-06,4.9900000000000005e-06,-51.58557265850814,time,2949432399.0,2
PEPE,1769153820000,1769153880000,5e-06,5.01e-06,14.72468473584263,target,2947884832.0,2
PEPE,1769154420000,1769154660000,4.9900000000000005e-06,5e-06,14.78594639021524,target,2954235043.0,2
PEPE,1769213520000,1769213580000,5.03e-06,5.04e-06,14.553323858144413,target,2931183053.0,2
PEPE,1769214120000,1769214180000,5.04e-06,5.05e-06,14.497340724339473,target,2925800348.0,2
PEPE,1769214720000,1769214780000,5.04e-06,5.05e-06,14.499478648280817,target,2926231816.0,2
PEPE,1769215380000,1769215500000,5.04e-06,5.05e-06,14.50161688934001,target,2926663348.0,2
PEPE,1769215920000,1769216820000,5.04e-06,5e-06,-139.09555173887884,stop,2927094944.0,2
PEPE,1769218080000,1769218740000,5.02e-06,4.980000000000001e-06,-139.36417465814986,stop,2934600435.0,2
PEPE,1769219280000,1769219940000,5.01e-06,5.02e-06,14.637382424886908,target,2936285341.0,2
PEPE,1769220420000,1769220540000,5e-06,5.01e-06,14.698272179835252,target,2942597033.0,2
PEPE,1769221260000,1769221560000,5.01e-06,5.02e-06,14.6417608151911,target,2937163654.0,2
PEPE,1769221920000,1769222220000,5.01e-06,5.02e-06,14.643946119550243,target,2937602030.0,2
PEPE,1769222580000,1769223480000,5.02e-06,5.03e-06,14.587634314950174,target,2932187802.0,2
PEPE,1769224680000,1769224740000,5.070000000000001e-06,5.0800000000000005e-06,14.300734068823319,target,2903702349.0,2
PEPE,1769226600000,1769227020000,5.0800000000000005e-06,5.040000000000001e-06,-137.90628428069985,stop,2898408665.0,2
PEPE,1769227620000,1769227800000,5.0800000000000005e-06,5.09e-06,14.225664531535525,target,2894336629.0,2
PEPE,1769228220000,1769228520000,5.12e-06,5.0800000000000005e-06,-136.82881591487887,stop,2872141392.0,2
PEPE,1769228880000,1769229300000,5.0800000000000005e-06,5.09e-06,14.207871386157102,target,2890716457.0,2
PEPE,1769231160000,1769231400000,5.06e-06,5.07e-06,14.324150359260551,target,2902563396.0,2
PEPE,1769232420000,1769233500000,5.070000000000001e-06,5.0800000000000005e-06,14.2690163891765,target,2897262211.0,2
PEPE,1769234580000,1769235660000,5.0800000000000005e-06,5.040000000000001e-06,-137.60042115143958,stop,2891980268.0,2
PEPE,1769236020000,1769236380000,5.05e-06,5.06e-06,14.365587008616366,target,2905073207.0,2
PEPE,1769237520000,1769237760000,5.05e-06,5.06e-06,14.367697045059732,target,2905499908.0,2
PEPE,1769239200000,1769239560000,5.03e-06,5.04e-06,14.485293423179659,target,2917481052.0,2
PEPE,1769240340000,1769240400000,5.02e-06,5.03e-06,14.545534830149768,target,2923725594.0,2
PEPE,1769240820000,1769240880000,5.02e-06,5.03e-06,14.547697104449693,target,2924160222.0,2
PEPE,1769299320000,1769299440000,5e-06,5.01e-06,14.666785003529881,target,2936293294.0,2
PEPE,1769299920000,1769300940000,5e-06,4.960000000000001e-06,-139.37736227562084,stop,2936733297.0,2
PEPE,1769302620000,1769302680000,5e-06,5.01e-06,14.648097120120187,target,2932551976.0,2
PEPE,1769303220000,1769303460000,5e-06,5.01e-06,14.65029213790483,target,2932991419.0,2
PEPE,1769303880000,1769304120000,5e-06,5.01e-06,14.65248748536182,target,2933430928.0,2
PEPE,1769305620000,1769305680000,5.01e-06,5.02e-06,14.5961521528908,target,2928014474.0,2
PEPE,1769306220000,1769306400000,4.9900000000000005e-06,5e-06,14.715644768826884,target,2940188765.0,2
PEPE,1769306880000,1769307000000,4.9900000000000005e-06,5e-06,14.717858750597385,target,2940631119.0,2
PEPE,1769309100000,1769309280000,4.980000000000001e-06,4.9900000000000005e-06,14.779101234635757,target,2946979309.0,2
PEPE,1769309820000,1769310120000,4.980000000000001e-06,4.9900000000000005e-06,14.781333681946094,target,2947424463.0,2
PEPE,1769310480000,1769310540000,4.980000000000001e-06,4.9900000000000005e-06,14.783566465260588,target,2947869684.0,2
PEPE,1769311020000,1769311320000,4.97e-06,4.93e-06,-140.07563075092406,stop,2954247195.0,2
PEPE,1769314440000,1769314620000,4.95e-06,4.96e-06,14.942981407439648,target,2961938832.0,2
PEPE,1769314980000,1769315040000,4.95e-06,4.96e-06,14.945265869205745,target,2962391649.0,2
PEPE,1769315520000,1769315580000,4.96e-06,4.97e-06,14.887845782064694,target,2956871059.0,2
PEPE,1769316720000,1769316900000,4.97e-06,4.98e-06,14.830639033799578,target,2951370952.0,2
PEPE,1769317560000,1769317620000,4.95e-06,4.96e-06,14.952094009319044,target,2963745096.0,2
PEPE,1769317920000,1769318220000,4.96e-06,4.97e-06,14.8946476894403,target,2958221984.0,2
PEPE,1769318520000,1769318760000,4.96e-06,4.97e-06,14.896915669946328,target,2958672427.0,2
PEPE,1769319780000,1769319900000,4.980000000000001e-06,4.9900000000000005e-06,14.780403138666628,target,2947238911.0,2
PEPE,1769320320000,1769320380000,4.97e-06,4.98e-06,14.841915661424313,target,2953615057.0,2
PEPE,1769325420000,1769326860000,4.95e-06,4.96e-06,14.96346299249684,target,2965998611.0,2
PEPE,1769327340000,1769327640000,4.95e-06,4.96e-06,14.965750587204898,target,2966452049.0,2
PEPE,1769328120000,1769328180000,4.95e-06,4.96e-06,14.968038535063936,target,2966905557.0,2
PEPE,1769385720000,1769385780000,4.7e-06,4.71e-06,16.547920153575227,target,3125197385.0,2
PEPE,1769386380000,1769386500000,4.7300000000000005e-06,4.74e-06,16.3525667274449,target,3105900613.0,2
PEPE,1769386980000,1769387100000,4.75e-06,4.76e-06,16.224565850586607,target,3093339533.0,2
PEPE,1769387520000,1769387760000,4.74e-06,4.700000000000001e-06,-145.9348396241379,stop,3100379002.0,2
PEPE,1769388240000,1769388480000,4.7200000000000005e-06,4.7300000000000005e-06,16.399333776275824,target,3108878441.0,2
PEPE,1769389200000,1769389260000,4.76e-06,4.77e-06,16.140919486530603,target,3083270198.0,2
PEPE,1769390400000,1769390460000,4.83e-06,4.84e-06,15.696881225011126,target,3039086394.0,2
PEPE,1769391420000,1769391480000,4.85e-06,4.86e-06,15.574118479605614,target,3027039549.0,2
PEPE,1769392140000,1769392380000,4.84e-06,4.85e-06,15.639117506960773,target,3033776432.0,2
PEPE,1769392920000,1769393340000,4.86e-06,4.8200000000000004e-06,-142.77884247899718,stop,3021774444.0,2
PEPE,1769395380000,1769397240000,4.85e-06,4.8200000000000004e-06,-112.61357476316897,time,3023589066.0,2
PEPE,1769399220000,1769399340000,4.8200000000000004e-06,4.8e-06,-82.68856461594346,risk_halt,3038903514.0,2
PEPE,1769731320000,1769731380000,4.74e-06,4.75e-06,16.629746835309533,target,3164556962.0,3
PEPE,1769731920000,1769732580000,4.74e-06,4.700000000000001e-06,-148.98046711832922,stop,3165083219.0,3
PEPE,1769733720000,1769733900000,4.74e-06,4.75e-06,16.607737245240717,target,3160368648.0,3
PEPE,1769734320000,1769734680000,4.74e-06,4.75e-06,16.610499068294473,target,3160894209.0,3
PEPE,1769735820000,1769736120000,4.77e-06,4.7300000000000005e-06,-148.0135022801094,stop,3141536714.0,3
PEPE,1769736420000,1769736960000,4.76e-06,4.7200000000000005e-06,-148.057544858998,stop,3143472290.0,3
PEPE,1769743320000,1769743500000,4.6400000000000005e-06,4.65e-06,17.060434042051337,target,3185888710.0,3
PEPE,1769748720000,1769748780000,4.62e-06,4.63e-06,17.138042692123655,target,3188473059.0,3
PEPE,1769749920000,1769750160000,4.61e-06,4.62e-06,17.178376503869522,target,3190042062.0,3
PEPE,1769750580000,1769750760000,4.61e-06,4.62e-06,17.181338162324046,target,3190592045.0,3
PEPE,1769751180000,1769751300000,4.6300000000000006e-06,4.6400000000000005e-06,17.109527390769703,target,3189101098.0,3
PEPE,1769751720000,1769751840000,4.61e-06,4.62e-06,17.187250116886478,target,3191689901.0,3
PEPE,1769753220000,1769753460000,4.6e-06,4.56e-06,-149.63625788231874,stop,3193262012.0,3
PEPE,1769757420000,1769757540000,4.6e-06,4.61e-06,17.20179416097891,target,3188469724.0,3
PEPE,1769758140000,1769758200000,4.6e-06,4.61e-06,17.204766315034718,target,3189020633.0,3
PEPE,1769758680000,1769758860000,4.58e-06,4.59e-06,17.282594813461365,target,3191614924.0,3
PEPE,1769759220000,1769759400000,4.59e-06,4.6e-06,17.24814751893509,target,3191146627.0,3
PEPE,1769761140000,1769761200000,4.59e-06,4.6e-06,17.25113416519057,target,3191699198.0,3
PEPE,1769761800000,1769762040000,4.59e-06,4.5500000000000005e-06,-149.54103856907952,stop,3192251864.0,3
PEPE,1769766540000,1769766780000,4.53e-06,4.54e-06,17.453006096660832,target,3193596724.0,3
PEPE,1769767380000,1769767440000,4.540000000000001e-06,4.5500000000000005e-06,17.418537836596105,target,3193132509.0,3
PEPE,1769768220000,1769768340000,4.540000000000001e-06,4.5500000000000005e-06,17.42158676701505,target,3193691433.0,3
PEPE,1769769600000,1769769660000,4.53e-06,4.54e-06,17.462179175670126,target,3195275238.0,3
PEPE,1769771820000,1769771880000,4.5500000000000005e-06,4.56e-06,17.39016734548465,target,3193786473.0,3
PEPE,1769817780000,1769818860000,4.6300000000000006e-06,4.590000000000001e-06,-149.44739841047908,stop,3186172016.0,3
PEPE,1769820120000,1769821320000,4.62e-06,4.58e-06,-149.22311524631817,stop,3182408088.0,3
PEPE,1769822820000,1769822880000,4.62e-06,4.63e-06,17.07977247837455,target,3177632089.0,3
PEPE,1769824020000,1769824500000,4.61e-06,4.62e-06,17.119969151445257,target,3179195757.0,3
PEPE,1769824920000,1769824980000,4.6e-06,4.61e-06,17.16020944703109,target,3180761714.0,3
PEPE,1769825580000,1769825820000,4.59e-06,4.6e-06,17.200493444610032,target,3182329962.0,3
PEPE,1769827020000,1769827080000,4.59e-06,4.6e-06,17.2034718374303,target,3182881006.0,3
PEPE,1769827740000,1769827800000,4.59e-06,4.6e-06,17.206450743726702,target,3183432145.0,3
PEPE,1769828280000,1769828520000,4.6e-06,4.61e-06,17.17209174570464,target,3182964179.0,3
PEPE,1769830380000,1769830440000,4.6e-06,4.61e-06,17.175058769115104,target,3183514137.0,3
PEPE,1769830920000,1769832420000,4.6e-06,4.61e-06,17.178026299657617,target,3184064189.0,3
PEPE,1769832780000,1769832900000,4.59e-06,4.6e-06,17.218352126729272,target,3185634066.0,3
PEPE,1769834400000,1769834460000,4.58e-06,4.59e-06,17.258721795016392,target,3187206241.0,3
PEPE,1769836620000,1769836680000,4.56e-06,4.57e-06,17.33657801690463,target,3189802763.0,3
PEPE,1769837400000,1769837460000,4.56e-06,4.57e-06,17.33959953449992,target,3190358700.0,3
PEPE,1769837880000,1769837940000,4.56e-06,4.57e-06,17.3426215792911,target,3190914734.0,3
PEPE,1769839020000,1769839140000,4.56e-06,4.57e-06,17.34564415670886,target,3191470866.0,3
PEPE,1769844780000,1769844840000,4.47e-06,4.430000000000001e-06,-149.38686799082868,stop,3201261502.0,3
PEPE,1769846940000,1769847120000,4.4600000000000005e-06,4.47e-06,17.698079519281215,target,3197485008.0,3
PEPE,1769847900000,1769848020000,4.450000000000001e-06,4.4600000000000005e-06,17.738915273814133,target,3199083007.0,3
PEPE,1769850180000,1769850240000,4.43e-06,4.44e-06,17.817535633066157,target,3201713501.0,3
PEPE,1769851020000,1769851080000,4.43e-06,4.44e-06,17.820728557380725,target,3202287252.0,3
PEPE,1769852220000,1769852880000,4.450000000000001e-06,4.410000000000001e-06,-149.26934185700762,stop,3200800726.0,3
PEPE,1769853660000,1769853780000,4.43e-06,4.44e-06,17.797172802779315,target,3198054412.0,3
PEPE,1769904120000,1769904180000,4.14e-06,4.15e-06,18.904413360521218,target,3228764024.0,3
PEPE,1769905440000,1769905560000,4.18e-06,4.19e-06,18.754463759895003,target,3225187233.0,3
PEPE,1769906160000,1769906700000,4.17e-06,4.13e-06,-149.12855155574962,stop,3226843050.0,3
PEPE,1769907720000,1769907960000,4.16e-06,4.12e-06,-148.90474686779817,stop,3223046469.0,3
PEPE,1769909520000,1769909700000,4.16e-06,4.17e-06,18.778252327468913,target,3218209482.0,3
PEPE,1769910180000,1769910240000,4.14e-06,4.15e-06,18.858433735205125,target,3220910971.0,3
PEPE,1769911440000,1769911500000,4.17e-06,4.18e-06,18.74710504389951,target,3218387132.0,3
PEPE,1769911920000,1769912520000,4.18e-06,4.14e-06,-148.76589604202806,stop,3217951461.0,3
PEPE,1769912820000,1769912940000,4.15e-06,4.16e-06,18.798997621845267,target,3216252801.0,3
PEPE,1769913720000,1769913780000,4.17e-06,4.18e-06,18.72606709527576,target,3214775467.0,3
PEPE,1769915160000,1769915220000,4.16e-06,4.17e-06,18.767854573365586,target,3216427519.0,3
PEPE,1769916900000,1769917080000,4.16e-06,4.17e-06,18.771411881115988,target,3217037169.0,3
PEPE,1769917620000,1769917680000,4.16e-06,4.17e-06,18.77496987156117,target,3217646936.0,3
PEPE,1769919420000,1769919480000,4.22e-06,4.23e-06,18.549298123124807,target,3211999675.0,3
PEPE,1769920020000,1769920140000,4.2000000000000004e-06,4.21e-06,18.629096405136004,target,3214684453.0,3
PEPE,1769922060000,1769922480000,4.22e-06,4.180000000000001e-06,-148.73926042208896,stop,3213205021.0,3
PEPE,1769923020000,1769923080000,4.2000000000000004e-06,4.21e-06,18.604635791264847,target,3210463467.0,3
PEPE,1769924220000,1769924640000,4.23e-06,4.1900000000000005e-06,-148.54396087660393,stop,3207946461.0,3
PEPE,1769925240000,1769925540000,4.1900000000000005e-06,4.2000000000000004e-06,18.618306840001082,target,3207288000.0,3
PEPE,1769926980000,1769927040000,4.23e-06,4.24e-06,18.46953548610641,target,3203735557.0,3
PEPE,1769927520000,1769927880000,4.22e-06,4.180000000000001e-06,-148.37669311757978,stop,3205372502.0,3
PEPE,1769929620000,1769929680000,4.2000000000000004e-06,4.21e-06,18.559285071645068,target,3202637631.0,3
PEPE,1769930280000,1769930460000,4.2000000000000004e-06,4.21e-06,18.56277420058071,target,3203239724.0,3
PEPE,1769930880000,1769930940000,4.2000000000000004e-06,4.21e-06,18.56626399014503,target,3203841931.0,3
PEPE,1769992020000,1769992080000,4.21e-06,4.22e-06,18.531701008404912,target,3203405533.0,3
PEPE,1769992620000,1769992740000,4.22e-06,4.23e-06,18.497141920951265,target,3202968298.0,3
PEPE,1769993400000,1769993460000,4.21e-06,4.22e-06,18.538648139699053,target,3204606420.0,3
PEPE,1769994420000,1769994480000,4.22e-06,4.180000000000001e-06,-148.320983982089,stop,3204169021.0,3
PEPE,1769995320000,1769995380000,4.2000000000000004e-06,4.21e-06,18.552316844921258,target,3201435176.0,3
PEPE,1769997120000,1769997180000,4.21e-06,4.22e-06,18.517779828211445,target,3200999106.0,3
PEPE,1770005520000,1770005580000,4.1000000000000006e-06,4.060000000000001e-06,-148.15402419470897,stop,3213056261.0,3
PEPE,1770006720000,1770006840000,4.1900000000000005e-06,4.2000000000000004e-06,18.569432681596155,target,3198868679.0,3
PEPE,1770007380000,1770007440000,4.17e-06,4.18e-06,18.649018270825874,target,3201548201.0,3
PEPE,1770008160000,1770008400000,4.13e-06,4.14e-06,18.805046219716246,target,3206316491.0,3
PEPE,1770013440000,1770013500000,4.07e-06,4.08e-06,19.03817158229988,target,3213193516.0,3
PEPE,1770014040000,1770014100000,4.04e-06,4.000000000000001e-06,-148.04433085884105,stop,3216956342.0,3
PEPE,1770015060000,1770015120000,4.08e-06,4.09e-06,18.975000797024,target,3207946035.0,3
PEPE,1770017340000,1770017460000,4.09e-06,4.1e-06,18.940405044930582,target,3207519906.0,3
PEPE,1770018660000,1770019500000,4.09e-06,4.1e-06,18.944046404515852,target,3208136563.0,3
PEPE,1770020520000,1770020580000,4.1000000000000006e-06,4.1100000000000005e-06,18.909447514288374,target,3207709502.0,3
PEPE,1770021240000,1770021300000,4.1000000000000006e-06,4.1100000000000005e-06,18.913075586145943,target,3208324951.0,3
PEPE,1770021720000,1770021780000,4.1100000000000005e-06,4.12e-06,18.878473609599435,target,3207896960.0,3
PEPE,1770022320000,1770022620000,4.13e-06,4.14e-06,18.805686853663556,target,3206425721.0,3
PEPE,1770022920000,1770023040000,4.1100000000000005e-06,4.12e-06,18.885689290489587,target,3209123074.0,3
PEPE,1770024780000,1770024840000,4.12e-06,4.13e-06,18.851077673001566,target,3208694072.0,3
PEPE,1770025320000,1770025500000,4.13e-06,4.14e-06,18.81646967375876,target,3208264224.0,3
PEPE,1770026160000,1770026280000,4.15e-06,4.16e-06,18.743697410514663,target,3206791687.0,3
PEPE,1770027000000,1770027060000,4.16e-06,4.17e-06,18.709107023146068,target,3206359387.0,3
PEPE,1770076920000,1770077280000,4.25e-06,4.21e-06,-148.16188135103943,stop,3197623424.0,3
PEPE,1770080940000,1770081060000,4.25e-06,4.26e-06,18.342777275294786,target,3192824591.0,3
PEPE,1770081540000,1770081780000,4.24e-06,4.25e-06,18.384076065425,target,3194452835.0,3
PEPE,1770082920000,1770082980000,4.24e-06,4.25e-06,18.38750395636042,target,3195048472.0,3
PEPE,1770088620000,1770088680000,4.1900000000000005e-06,4.2000000000000004e-06,18.580800189330276,target,3200826906.0,3
PEPE,1770090600000,1770090660000,4.23e-06,4.24e-06,18.43232853929986,target,3197281620.0,3
PEPE,1770092940000,1770093000000,4.24e-06,4.25e-06,18.397833945404905,target,3196843431.0,3
PEPE,1770094080000,1770094260000,4.2800000000000005e-06,4.2900000000000004e-06,18.249727279366525,target,3193303111.0,3
PEPE,1770095220000,1770095280000,4.24e-06,4.25e-06,18.40466724248842,target,3198030798.0,3
PEPE,1770097500000,1770097560000,4.23e-06,4.24e-06,18.446058711195693,target,3199663263.0,3
PEPE,1770099720000,1770100020000,4.22e-06,4.23e-06,18.487496683425338,target,3201298127.0,3
PEPE,1770100440000,1770100500000,4.22e-06,4.23e-06,18.490958079825415,target,3201897503.0,3
PEPE,1770101100000,1770101400000,4.23e-06,4.24e-06,18.45641446140435,target,3201459577.0,3
PEPE,1770101820000,1770101880000,4.23e-06,4.24e-06,18.459862934516845,target,3202057751.0,3
PEPE,1770103380000,1770103560000,4.22e-06,4.23e-06,18.50133192022504,target,3203693839.0,3
PEPE,1770104520000,1770104640000,4.23e-06,4.24e-06,18.466768926021473,target,3203255668.0,3
PEPE,1770105780000,1770105840000,4.22e-06,4.23e-06,18.508253419424662,target,3204892367.0,3
PEPE,1770107820000,1770107940000,4.23e-06,4.24e-06,18.47367749447948,target,3204454032.0,3
PEPE,1770108600000,1770108900000,4.23e-06,4.1900000000000005e-06,-148.40996832962838,stop,3205052766.0,3
PEPE,1770112680000,1770112740000,4.17e-06,4.18e-06,18.677716869176194,target,3206474999.0,3
PEPE,1770113880000,1770113940000,4.18e-06,4.19e-06,18.643128066099212,target,3206040940.0,3
PEPE,1770114600000,1770114720000,4.18e-06,4.19e-06,18.646647338991624,target,3206646146.0,3
PEPE,1770117780000,1770117840000,4.18e-06,4.19e-06,18.6501672747914,target,3207251466.0,3
PEPE,1770118320000,1770118380000,4.18e-06,4.19e-06,18.653687879315697,target,3207856901.0,3
PEPE,1770164520000,1770164580000,4.13e-06,4.14e-06,18.84821015641498,target,3213676071.0,3
PEPE,1770165120000,1770165180000,4.14e-06,4.15e-06,18.81354742575101,target,3213244650.0,3
PEPE,1770165720000,1770165780000,4.16e-06,4.17e-06,18.740673643770343,target,3211769262.0,3
PEPE,1770166320000,1770166620000,4.17e-06,4.13e-06,-148.41186500263404,stop,3211335389.0,3
PEPE,1770169500000,1770169800000,4.23e-06,4.1900000000000005e-06,-148.1891358950086,stop,3200283682.0,3
PEPE,1770170520000,1770171060000,4.2000000000000004e-06,4.21e-06,18.53582499350088,target,3198589300.0,3
PEPE,1770172020000,1770172920000,4.2000000000000004e-06,4.160000000000001e-06,-147.99455868258036,stop,3199190633.0,3
PEPE,1770175140000,1770176040000,4.24e-06,4.25e-06,18.359898170935242,target,3190251637.0,3
PEPE,1770177120000,1770177180000,4.26e-06,4.27e-06,18.287660285229645,target,3188781218.0,3
PEPE,1770178320000,1770178380000,4.26e-06,4.27e-06,18.291056150780083,target,3189373348.0,3
PEPE,1770178920000,1770178980000,4.26e-06,4.27e-06,18.294452641444767,target,3189965587.0,3
PEPE,1770180300000,1770182160000,4.27e-06,4.25e-06,-84.15563633327841,time,3189525728.0,3
PEPE,1770183720000,1770183840000,4.25e-06,4.26e-06,18.32002992481509,target,3188865087.0,3
PEPE,1770184320000,1770184440000,4.25e-06,4.21e-06,-147.78355755875785,stop,3189458456.0,3
PEPE,1770185820000,1770187080000,4.26e-06,4.27e-06,18.25818250566537,target,3183641239.0,3
PEPE,1770190320000,1770190380000,4.23e-06,4.24e-06,18.37493961309184,target,3187326906.0,3
PEPE,1770193620000,1770193920000,4.23e-06,4.24e-06,18.378372866600966,target,3187922440.0,3
PEPE,1770194280000,1770194340000,4.23e-06,4.24e-06,18.38180676002434,target,3188518085.0,3
PEPE,1770196680000,1770197460000,4.24e-06,4.25e-06,18.347406713235564,target,3188081097.0,3
PEPE,1770197820000,1770199020000,4.23e-06,4.24e-06,18.388669398729178,target,3189708482.0,3
PEPE,1770200280000,1770200340000,4.24e-06,4.25e-06,18.354256509906612,target,3189271331.0,3
PEPE,1770201480000,1770202500000,4.23e-06,4.24e-06,18.395534602861314,target,3190899324.0,3
PEPE,1770205320000,1770205440000,4.2000000000000004e-06,4.21e-06,18.51270753893517,target,3194600093.0,3
PEPE,1770206520000,1770206580000,4.1900000000000005e-06,4.2000000000000004e-06,18.55415618554497,target,3196237069.0,3
PEPE,1770253620000,1770253680000,4.17e-06,4.18e-06,18.633676304274545,target,3198914387.0,3
PEPE,1770254220000,1770254340000,4.16e-06,4.12e-06,-147.86579290559908,stop,3200558288.0,3
PEPE,1770255180000,1770255300000,4.17e-06,4.18e-06,18.609231208300386,target,3194717804.0,3
PEPE,1770258360000,1770258480000,4.1100000000000005e-06,4.12e-06,18.841162244685577,target,3201556881.0,3
PEPE,1770259140000,1770259380000,4.14e-06,4.15e-06,18.73043121582086,target,3199048884.0,3
PEPE,1770262380000,1770264240000,4.1000000000000006e-06,4.08e-06,-83.71584860925236,time,3203821225.0,3
PEPE,1770264840000,1770265080000,4.1000000000000006e-06,4.060000000000001e-06,-147.6025601222093,stop,3201096511.0,3
PEPE,1770265620000,1770265860000,4.1100000000000005e-06,4.070000000000001e-06,-147.3810455936227,stop,3195253021.0,3
PEPE,1770266940000,1770267420000,4.09e-06,4.05e-06,-147.15986348804822,stop,3192534190.0,3
PEPE,1770270420000,1770270960000,4.1000000000000006e-06,4.060000000000001e-06,-146.9390133372274,stop,3186705993.0,3
PEPE,1770338820000,1770338880000,3.44e-06,3.4e-06,-146.7184945871996,stop,3251739685.0,3
PEPE,1770339420000,1770339480000,3.4200000000000003e-06,3.3800000000000002e-06,-146.49830679500792,stop,3249019889.0,3
PEPE,1770941100000,1770941160000,3.71e-06,3.72e-06,20.718756175169545,target,3296540362.0,4
PEPE,1770945240000,1770945300000,3.6900000000000002e-06,3.7e-06,20.80270184278166,target,3299397596.0,4
PEPE,1770945840000,1770946320000,3.6900000000000002e-06,3.7e-06,20.807028472489726,target,3300083818.0,4
PEPE,1770947400000,1770947460000,3.7e-06,3.71e-06,20.77149980151938,target,3299682256.0,4
PEPE,1770948480000,1770948600000,3.6900000000000002e-06,3.7e-06,20.815676139374993,target,3301455375.0,4
PEPE,1770949020000,1770949080000,3.6900000000000002e-06,3.7e-06,20.820005467624465,target,3302142025.0,4
PEPE,1770949620000,1770949680000,3.6900000000000002e-06,3.7e-06,20.82433569118684,target,3302828817.0,4
PEPE,1770951600000,1770952080000,3.7200000000000004e-06,3.6800000000000003e-06,-150.2934491658617,stop,3300251409.0,4
PEPE,1770952920000,1770952980000,3.6800000000000003e-06,3.6900000000000002e-06,20.83726395954046,target,3299645916.0,4
PEPE,1770954360000,1770954420000,3.6900000000000002e-06,3.7e-06,20.801742013716744,target,3299245363.0,4
PEPE,1770955440000,1770955620000,3.6900000000000002e-06,3.7e-06,20.80606844166357,target,3299931553.0,4
PEPE,1770956220000,1770956280000,3.6800000000000003e-06,3.6900000000000002e-06,20.85027642120022,target,3301706480.0,4
PEPE,1770957120000,1770957360000,3.6800000000000003e-06,3.6900000000000002e-06,20.85462125486969,target,3302394498.0,4
PEPE,1770957900000,1770957960000,3.67e-06,3.68e-06,20.898890594451007,target,3304172426.0,4
PEPE,1770958620000,1770958680000,3.6800000000000003e-06,3.6900000000000002e-06,20.863321954515676,target,3303772281.0,4
PEPE,1770960120000,1770960180000,3.66e-06,3.67e-06,20.947576385821073,target,3306641892.0,4
PEPE,1770961980000,1770963840000,3.6800000000000003e-06,3.6400000000000003e-06,-150.3183110498405,stop,3305151958.0,4
PEPE,1770966480000,1770966540000,3.6800000000000003e-06,3.6900000000000002e-06,20.840710907563803,target,3300191751.0,4
PEPE,1770967620000,1770967680000,3.6900000000000002e-06,3.7e-06,20.80518308725913,target,3299791132.0,4
PEPE,1770968220000,1770970080000,3.7e-06,3.6900000000000002e-06,-51.27251446170013,time,3299389605.0,4
PEPE,1770970620000,1770970680000,3.6800000000000003e-06,3.6900000000000002e-06,20.838704890981337,target,3299874092.0,4
PEPE,1770971280000,1770971340000,3.6900000000000002e-06,3.7e-06,20.803180486853414,target,3299473511.0,4
PEPE,1770973020000,1770973080000,3.71e-06,3.72e-06,20.727835812990627,target,3297985014.0,4
PEPE,1770973620000,1770973680000,3.7e-06,3.71e-06,20.7719611809551,target,3299755549.0,4
PEPE,1771027920000,1771028400000,3.7700000000000003e-06,3.7800000000000002e-06,20.497949741700914,target,3292843332.0,4
PEPE,1771029240000,1771029300000,3.7700000000000003e-06,3.7800000000000002e-06,20.50214781945057,target,3293517722.0,4
PEPE,1771030920000,1771030980000,3.7800000000000002e-06,3.79e-06,20.466674585389676,target,3293109346.0,4
PEPE,1771031580000,1771031640000,3.79e-06,3.8e-06,20.431203952965625,target,3292700073.0,4
PEPE,1771032120000,1771033980000,3.81e-06,3.8e-06,-51.68843249215445,time,3291208691.0,4
PEPE,1771034640000,1771034700000,3.8e-06,3.81e-06,20.38521131314483,target,3290591011.0,4
PEPE,1771035360000,1771035420000,3.8e-06,3.81e-06,20.38936208085131,target,3291261030.0,4
PEPE,1771037520000,1771037580000,3.81e-06,3.82e-06,20.35390782520613,target,3290850093.0,4
PEPE,1771039380000,1771039500000,3.830000000000001e-06,3.8400000000000005e-06,20.27889432639068,target,3289358366.0,4
PEPE,1771039920000,1771039980000,3.8400000000000005e-06,3.85e-06,20.24345543480496,target,3288944831.0,4
PEPE,1771041720000,1771041840000,3.8400000000000005e-06,3.85e-06,20.247545352289258,target,3289609318.0,4
PEPE,1771044780000,1771045380000,3.82e-06,3.78e-06,-150.43132453770033,stop,3292434330.0,4
PEPE,1771046220000,1771046280000,3.81e-06,3.82e-06,20.339823052508006,target,3288572846.0,4
PEPE,1771049220000,1771050060000,3.7800000000000002e-06,3.79e-06,20.462794163130496,target,3292484982.0,4
PEPE,1771050660000,1771050720000,3.7800000000000002e-06,3.79e-06,20.46697693270902,target,3293157994.0,4
PEPE,1771051020000,1771051080000,3.7800000000000002e-06,3.79e-06,20.471160553745072,target,3293831143.0,4
PEPE,1771051740000,1771051800000,3.7800000000000002e-06,3.79e-06,20.475345032448615,target,3294504430.0,4
PEPE,1771052280000,1771052340000,3.7700000000000003e-06,3.7800000000000002e-06,20.519227457775074,target,3296261439.0,4
PEPE,1771052820000,1771052880000,3.79e-06,3.8e-06,20.44404555415122,target,3294769630.0,4
PEPE,1771053480000,1771053540000,3.7800000000000002e-06,3.79e-06,20.487903614584187,target,3296525119.0,4
PEPE,1771054740000,1771054920000,3.7800000000000002e-06,3.79e-06,20.492091511541403,target,3297198956.0,4
PEPE,1771057020000,1771057080000,3.8e-06,3.81e-06,20.4168994753504,target,3295706130.0,4
PEPE,1771057620000,1771057740000,3.81e-06,3.82e-06,20.381397329844283,target,3295294637.0,4
PEPE,1771060020000,1771060680000,3.830000000000001e-06,3.8400000000000005e-06,20.30628252384133,target,3293800896.0,4
PEPE,1771114080000,1771114140000,4.88e-06,4.84e-06,-145.8107404473602,stop,3083983512.0,4
PEPE,1771118040000,1771118160000,4.88e-06,4.84e-06,-145.59883682999853,stop,3079501625.0,4
PEPE,1771118940000,1771118940000,4.8100000000000005e-06,4.770000000000001e-06,-147.17548714559854,entry_bar_stop,3119777152.0,4
PEPE,1771120500000,1771120740000,4.8e-06,4.81e-06,16.217114373530393,target,3121677454.0,4
PEPE,1771121280000,1771121340000,4.85e-06,4.8100000000000005e-06,-145.95599752541733,stop,3089996772.0,4
PEPE,1771125120000,1771125240000,4.890000000000001e-06,4.850000000000001e-06,-144.73421855536435,stop,3060243547.0,4
PEPE,1771125720000,1771125720000,4.9000000000000005e-06,4.89e-06,-52.87950067542172,risk_halt,3049567513.0,4
PEPE,1771201020000,1771201200000,4.47e-06,4.430000000000001e-06,-149.42416363879394,stop,3202060723.0,4
PEPE,1771202220000,1771202700000,4.47e-06,4.430000000000001e-06,-149.1999153079488,stop,3197255230.0,4
PEPE,1771204320000,1771204380000,4.48e-06,4.440000000000001e-06,-148.97600356127924,stop,3191431096.0,4
PEPE,1771205640000,1771206120000,4.450000000000001e-06,4.410000000000001e-06,-148.7524278116233,stop,3189716475.0,4
PEPE,1771208340000,1771208940000,4.4600000000000005e-06,4.420000000000001e-06,-148.52918760975007,stop,3183905415.0,4
PEPE,1771209900000,1771209900000,4.450000000000001e-06,4.43e-06,-84.76689091987754,risk_halt,3180149725.0,4
PEPE,1771288740000,1771288800000,4.4600000000000005e-06,4.47e-06,17.5813750129049,target,3176400183.0,4
PEPE,1771291080000,1771291200000,4.44e-06,4.45e-06,17.659401449909378,target,3179010162.0,4
PEPE,1771291740000,1771291800000,4.44e-06,4.45e-06,17.662559334088314,target,3179578638.0,4
PEPE,1771292460000,1771292700000,4.4600000000000005e-06,4.47e-06,17.590795151174145,target,3178102105.0,4
PEPE,1771293120000,1771293180000,4.450000000000001e-06,4.4600000000000005e-06,17.631383362266018,target,3179690417.0,4
PEPE,1771295040000,1771295100000,4.4600000000000005e-06,4.47e-06,17.59706692609507,target,3179235217.0,4
PEPE,1771295700000,1771296060000,4.4600000000000005e-06,4.47e-06,17.60020031726982,target,3179801322.0,4
PEPE,1771298820000,1771298880000,4.4600000000000005e-06,4.47e-06,17.603334267480946,target,3180367528.0,4
PEPE,1771299600000,1771299660000,4.450000000000001e-06,4.4600000000000005e-06,17.643951409741813,target,3181956972.0,4
PEPE,1771300260000,1771300320000,4.44e-06,4.45e-06,17.684613284029616,target,3183548746.0,4
PEPE,1771303920000,1771305420000,4.42e-06,4.38e-06,-148.44358272764754,stop,3186168335.0,4
PEPE,1771308720000,1771309020000,4.42e-06,4.43e-06,17.73623081347451,target,3181386693.0,4
PEPE,1771309320000,1771309380000,4.42e-06,4.43e-06,17.73941590574863,target,3181958010.0,4
PEPE,1771309920000,1771309980000,4.42e-06,4.43e-06,17.742601566675294,target,3182529429.0,4
PEPE,1771310580000,1771310640000,4.42e-06,4.43e-06,17.745787801826147,target,3183100951.0,4
PEPE,1771311720000,1771313280000,4.41e-06,4.3700000000000005e-06,-148.32730529797473,stop,3184697913.0,4
PEPE,1771315680000,1771315740000,4.38e-06,4.39e-06,17.872510377909872,target,3182993834.0,4
PEPE,1771316280000,1771316400000,4.360000000000001e-06,4.3700000000000005e-06,17.950992361367085,target,3185624199.0,4
PEPE,1771320120000,1771320300000,4.33e-06,4.34e-06,18.067327640396105,target,3189289963.0,4
PEPE,1771321320000,1771321680000,4.33e-06,4.34e-06,18.070634147941107,target,3189873636.0,4
PEPE,1771322280000,1771322340000,4.33e-06,4.34e-06,18.07394126164126,target,3190457416.0,4
PEPE,1771322820000,1771322880000,4.35e-06,4.36e-06,18.001802836791022,target,3188981902.0,4
PEPE,1771323420000,1771323540000,4.33e-06,4.2900000000000004e-06,-148.26683991484467,stop,3191622859.0,4
PEPE,1771325520000,1771325580000,4.32e-06,4.33e-06,18.09111894974972,target,3187862370.0,4
PEPE,1771372920000,1771372980000,4.39e-06,4.4e-06,17.83093003201514,target,3181254243.0,4
PEPE,1771373640000,1771373700000,4.4e-06,4.41e-06,17.796598889146175,target,3180804091.0,4
PEPE,1771374360000,1771374600000,4.39e-06,4.4e-06,17.83736870850469,target,3182402981.0,4
PEPE,1771375140000,1771375320000,4.39e-06,4.4e-06,17.84059231215527,target,3182978111.0,4
PEPE,1771379220000,1771379280000,4.360000000000001e-06,4.3700000000000005e-06,17.95668373390571,target,3186634203.0,4
PEPE,1771379820000,1771380000000,4.360000000000001e-06,4.3700000000000005e-06,17.959949424899964,target,3187213740.0,4
PEPE,1771380420000,1771380480000,4.360000000000001e-06,4.3700000000000005e-06,17.963215713205642,target,3187793383.0,4
PEPE,1771381080000,1771382100000,4.38e-06,4.39e-06,17.891172442445946,target,3186317443.0,4
PEPE,1771383120000,1771383300000,4.4e-06,4.41e-06,17.81918585378941,target,3184841082.0,4
PEPE,1771383900000,1771383960000,4.4e-06,4.41e-06,17.822399392395916,target,3185415441.0,4
PEPE,1771384920000,1771385100000,4.4e-06,4.41e-06,17.825613507286157,target,3185989903.0,4
PEPE,1771385520000,1771385580000,4.4e-06,4.41e-06,17.828828204054496,target,3186564469.0,4
PEPE,1771387560000,1771387620000,4.39e-06,4.4e-06,17.86967185367072,target,3188166254.0,4
PEPE,1771388040000,1771388280000,4.4e-06,4.41e-06,17.835266124376325,target,3187715125.0,4
PEPE,1771389420000,1771390500000,4.4e-06,4.41e-06,17.83848256119188,target,3188290002.0,4
PEPE,1771390980000,1771391280000,4.39e-06,4.4e-06,17.879348325670083,target,3189892654.0,4
PEPE,1771391880000,1771391940000,4.4e-06,4.41e-06,17.84492396719523,target,3189441281.0,4
PEPE,1771392420000,1771393800000,4.41e-06,4.42e-06,17.81050406206407,target,3188989089.0,4
PEPE,1771394520000,1771396380000,4.41e-06,4.4e-06,-52.96269333271444,time,3189562983.0,4
PEPE,1771396920000,1771396980000,4.41e-06,4.42e-06,17.804178033094402,target,3187856407.0,4
PEPE,1771397580000,1771397700000,4.4e-06,4.41e-06,17.84501357671404,target,3189457297.0,4
PEPE,1771398480000,1771398540000,4.39e-06,4.4e-06,17.885894309885646,target,3191060537.0,4
PEPE,1771399080000,1771399920000,4.39e-06,4.350000000000001e-06,-148.5547549168936,stop,3191637231.0,4
PEPE,1771401540000,1771401660000,4.39e-06,4.4e-06,17.862279576109334,target,3186847382.0,4
PEPE,1771460100000,1771460220000,4.22e-06,4.23e-06,18.508771229026003,target,3204982031.0,4
PEPE,1771460760000,1771460940000,4.22e-06,4.23e-06,18.51223660440082,target,3205582096.0,4
PEPE,1771462020000,1771462920000,4.22e-06,4.23e-06,18.515702632350305,target,3206182274.0,4
PEPE,1771463940000,1771464000000,4.23e-06,4.24e-06,18.481112787929728,target,3205743762.0,4
PEPE,1771464600000,1771464660000,4.23e-06,4.24e-06,18.484565878805903,target,3206342737.0,4
PEPE,1771465080000,1771465200000,4.23e-06,4.24e-06,18.488019615361186,target,3206941824.0,4
PEPE,1771465620000,1771465680000,4.24e-06,4.25e-06,18.45342079980542,target,3206502311.0,4
PEPE,1771466340000,1771466400000,4.24e-06,4.25e-06,18.45686162222612,target,3207100195.0,4
PEPE,1771466880000,1771466940000,4.24e-06,4.25e-06,18.460303083451272,target,3207698190.0,4
PEPE,1771467540000,1771467660000,4.24e-06,4.25e-06,18.46374518923528,target,3208296297.0,4
PEPE,1771468320000,1771470180000,4.23e-06,4.21e-06,-84.5015125763264,time,3209934001.0,4
PEPE,1771471920000,1771472040000,4.23e-06,4.24e-06,18.48948089297167,target,3207195298.0,4
PEPE,1771472760000,1771472820000,4.22e-06,4.23e-06,18.531016413526288,target,3208834011.0,4
PEPE,1771474380000,1771474500000,4.23e-06,4.24e-06,18.496397959040134,target,3208395136.0,4
PEPE,1771474920000,1771474980000,4.23e-06,4.24e-06,18.499853909355213,target,3208994607.0,4
PEPE,1771476300000,1771476360000,4.24e-06,4.25e-06,18.465232948814158,target,3208554813.0,4
PEPE,1771476720000,1771478460000,4.24e-06,4.2000000000000004e-06,-148.6479706192787,stop,3209153079.0,4
PEPE,1771481280000,1771481340000,4.2000000000000004e-06,4.21e-06,18.593217056695668,target,3208493021.0,4
PEPE,1771481820000,1771481880000,4.2000000000000004e-06,4.21e-06,18.59671257172129,target,3209096216.0,4
PEPE,1771484880000,1771484940000,4.1900000000000005e-06,4.2000000000000004e-06,18.63834929910044,target,3210740620.0,4
PEPE,1771486800000,1771486860000,4.21e-06,4.22e-06,18.565589723524834,target,3209263565.0,4
PEPE,1771488480000,1771488540000,4.2000000000000004e-06,4.21e-06,18.607203051601807,target,3210906480.0,4
PEPE,1771489620000,1771489980000,4.2000000000000004e-06,4.160000000000001e-06,-148.564458521278,stop,3211510128.0,4
PEPE,1771492020000,1771492080000,4.1900000000000005e-06,4.2000000000000004e-06,18.620875987874776,target,3207730575.0,4
PEPE,1771546320000,1771546380000,4.23e-06,4.24e-06,18.47208410612962,target,3204177642.0,4
PEPE,1771546920000,1771547160000,4.24e-06,4.25e-06,18.43751511354145,target,3203738508.0,4
PEPE,1771547700000,1771547760000,4.26e-06,4.27e-06,18.36497183592138,target,3202261872.0,4
PEPE,1771548360000,1771548540000,4.25e-06,4.26e-06,18.406367376180448,target,3203893364.0,4
PEPE,1771549020000,1771549260000,4.25e-06,4.26e-06,18.409792349851998,target,3204489530.0,4
PEPE,1771550280000,1771550340000,4.25e-06,4.26e-06,18.413217961214567,target,3205085807.0,4
PEPE,1771550820000,1771550880000,4.24e-06,4.25e-06,18.454675349520052,target,3206720304.0,4
PEPE,1771551540000,1771551600000,4.26e-06,4.27e-06,18.382064561824503,target,3205242295.0,4
PEPE,1771552080000,1771553040000,4.26e-06,4.27e-06,18.385477953533343,target,3205837481.0,4
PEPE,1771554180000,1771554300000,4.25e-06,4.26e-06,18.426919711530715,target,3207470794.0,4
PEPE,1771556040000,1771556520000,4.27e-06,4.23e-06,-148.64581342346995,stop,3205991878.0,4
PEPE,1771558860000,1771558920000,4.25e-06,4.26e-06,18.402689162909795,target,3203253118.0,4
PEPE,1771564320000,1771564440000,4.18e-06,4.19e-06,18.672697201540128,target,3211125916.0,4
PEPE,1771566720000,1771566840000,4.23e-06,4.24e-06,18.485645755545775,target,3206530053.0,4
PEPE,1771567320000,1771567740000,4.22e-06,4.23e-06,18.527172660150203,target,3208168426.0,4
PEPE,1771568220000,1771568280000,4.22e-06,4.23e-06,18.530641488974823,target,3208769089.0,4
PEPE,1771569420000,1771569480000,4.21e-06,4.22e-06,18.5722228797311,target,3210410178.0,4
PEPE,1771570080000,1771570140000,4.21e-06,4.22e-06,18.575707289361063,target,3211012496.0,4
PEPE,1771571460000,1771571520000,4.21e-06,4.22e-06,18.579192352694587,target,3211614927.0,4
PEPE,1771571820000,1771571940000,4.21e-06,4.22e-06,18.58267806973531,target,3212217471.0,4
PEPE,1771572660000,1771572780000,4.21e-06,4.22e-06,18.586164440479592,target,3212820128.0,4
PEPE,1771573380000,1771574160000,4.21e-06,4.170000000000001e-06,-148.70114460494835,stop,3213422898.0,4
PEPE,1771574520000,1771574580000,4.1900000000000005e-06,4.2000000000000004e-06,18.638008040564976,target,3210681833.0,4
PEPE,1771575660000,1771575720000,4.1900000000000005e-06,4.2000000000000004e-06,18.641519154179356,target,3211286676.0,4
PEPE,1771632120000,1771632420000,4.25e-06,4.26e-06,18.41647609434132,target,3205652932.0,4
PEPE,1771632900000,1771633020000,4.26e-06,4.27e-06,18.38188969594234,target,3205211804.0,4
PEPE,1771634040000,1771634100000,4.24e-06,4.25e-06,18.461368305175494,target,3207883285.0,4
PEPE,1771636080000,1771636200000,4.26e-06,4.27e-06,18.388731178165113,target,3206404739.0,4
PEPE,1771636680000,1771637820000,4.27e-06,4.28e-06,18.354135959425165,target,3205962613.0,4
PEPE,1771638720000,1771638900000,4.27e-06,4.28e-06,18.35753711894963,target,3206556702.0,4
PEPE,1771639380000,1771640400000,4.27e-06,4.28e-06,18.36093891394917,target,3207150902.0,4
PEPE,1771641600000,1771641660000,4.2800000000000005e-06,4.2900000000000004e-06,18.326334951268848,target,3206707778.0,4
PEPE,1771642620000,1771642980000,4.2800000000000005e-06,4.240000000000001e-06,-148.75460999087787,stop,3207300776.0,4
PEPE,1771645320000,1771646340000,4.27e-06,4.28e-06,18.340171968801002,target,3203523488.0,4
PEPE,1771647420000,1771647480000,4.26e-06,4.27e-06,18.381558516895094,target,3205154057.0,4
PEPE,1771648080000,1771648140000,4.27e-06,4.28e-06,18.346976789676265,target,3204712103.0,4
PEPE,1771648680000,1771648980000,4.2800000000000005e-06,4.2900000000000004e-06,18.312399140940034,target,3204269316.0,4
PEPE,1771651980000,1771652040000,4.2900000000000004e-06,4.3e-06,18.27782560138543,target,3203825697.0,4
PEPE,1771653180000,1771653240000,4.2900000000000004e-06,4.3e-06,18.281198608471584,target,3204416934.0,4
PEPE,1771654980000,1771655100000,4.3e-06,4.31e-06,18.246622829390923,target,3203972402.0,4
PEPE,1771655520000,1771656540000,4.32e-06,4.2800000000000005e-06,-148.7237427835188,stop,3202492308.0,4
PEPE,1771657020000,1771657200000,4.2900000000000004e-06,4.3e-06,18.260493862730605,target,3200787706.0,4
PEPE,1771657920000,1771658040000,4.2900000000000004e-06,4.3e-06,18.26386367501596,target,3201378383.0,4
PEPE,1771659420000,1771659480000,4.31e-06,4.32e-06,18.191431755825167,target,3199900045.0,4
PEPE,1771661340000,1771661940000,4.32e-06,4.33e-06,18.1569034759743,target,3199454357.0,4
PEPE,1771663620000,1771664040000,4.32e-06,4.33e-06,18.160233321949626,target,3200041114.0,4
PEPE,1771664580000,1771664640000,4.33e-06,4.34e-06,18.125702938805905,target,3199594517.0,4
PEPE,1771665300000,1771665360000,4.34e-06,4.35e-06,18.09117681657081,target,3199147094.0,4
PEPE,1771718880000,1771718940000,4.14e-06,4.15e-06,18.856158218731377,target,3220522326.0,4
PEPE,1771719540000,1771719600000,4.14e-06,4.15e-06,18.859746847766132,target,3221135243.0,4
PEPE,1771720980000,1771722840000,4.13e-06,4.1100000000000005e-06,-84.35666747482355,time,3222795319.0,4
PEPE,1771724040000,1771724340000,4.13e-06,4.14e-06,18.88560747262596,target,3220052425.0,4
PEPE,1771726020000,1771726200000,4.13e-06,4.14e-06,18.889209010770816,target,3220666498.0,4
PEPE,1771726800000,1771726860000,4.12e-06,4.13e-06,18.931176529999593,target,3222327920.0,4
PEPE,1771732380000,1771732440000,4.08e-06,4.09e-06,19.08853438355588,target,3227140217.0,4
PEPE,1771734180000,1771734300000,4.09e-06,4.1e-06,19.053731625987524,target,3226711537.0,4
PEPE,1771734900000,1771734960000,4.09e-06,4.1e-06,19.057394775019738,target,3227331884.0,4
PEPE,1771737120000,1771737900000,4.08e-06,4.09e-06,19.09955343114002,target,3229003116.0,4
PEPE,1771738380000,1771738500000,4.08e-06,4.09e-06,19.103232803654507,target,3229625157.0,4
PEPE,1771738920000,1771739160000,4.08e-06,4.09e-06,19.106912885970992,target,3230247318.0,4
PEPE,1771740300000,1771740360000,4.07e-06,4.08e-06,19.149135811800726,target,3231921656.0,4
PEPE,1771742520000,1771742580000,4.08e-06,4.09e-06,19.11428259740977,target,3231493254.0,4
PEPE,1771743180000,1771743240000,4.08e-06,4.09e-06,19.117964809124985,target,3232115775.0,4
PEPE,1771743840000,1771744020000,4.08e-06,4.09e-06,19.121647730640376,target,3232738416.0,4
PEPE,1771745040000,1771745100000,4.09e-06,4.1e-06,19.08678460366587,target,3232308993.0,4
PEPE,1771745640000,1771745820000,4.1000000000000006e-06,4.1100000000000005e-06,19.051925019032087,target,3231878714.0,4
PEPE,1771746120000,1771746240000,4.1000000000000006e-06,4.1100000000000005e-06,19.055580431896914,target,3232498801.0,4
PEPE,1771746780000,1771746900000,4.1000000000000006e-06,4.1100000000000005e-06,19.059236540370698,target,3233119006.0,4
PEPE,1771747320000,1771747440000,4.1000000000000006e-06,4.1100000000000005e-06,19.062893350350603,target,3233739330.0,4
PEPE,1771749780000,1771749900000,4.08e-06,4.09e-06,19.143693290538543,target,3236465476.0,4
PEPE,1771750440000,1771750500000,4.08e-06,4.09e-06,19.14738116882633,target,3237088955.0,4
PEPE,1771750980000,1771751040000,4.08e-06,4.09e-06,19.151069756908843,target,3237712554.0,4
PEPE,1771804980000,1771805040000,4.05e-06,4.06e-06,19.270728212889836,target,3241501802.0,4
PEPE,1771805700000,1771805820000,4.04e-06,4.05e-06,19.313177322541282,target,3243186788.0,4
PEPE,1771806180000,1771806240000,4.03e-06,4.04e-06,19.355674948970616,target,3244874258.0,4
PEPE,1771812780000,1771812840000,3.9e-06,3.91e-06,19.865560599034993,target,3259320853.0,4
PEPE,1771813380000,1771813920000,3.91e-06,3.92e-06,19.83043425368391,target,3258904561.0,4
PEPE,1771814340000,1771815660000,3.91e-06,3.92e-06,19.83438608999934,target,3259554000.0,4
PEPE,1771816140000,1771816200000,3.920000000000001e-06,3.9300000000000005e-06,19.799255738026154,target,3259136747.0,4
PEPE,1771816680000,1771817460000,3.91e-06,3.92e-06,19.84228432872667,target,3260851985.0,4
PEPE,1771819440000,1771819680000,3.91e-06,3.92e-06,19.84623852601981,target,3261501812.0,4
PEPE,1771820220000,1771820340000,3.91e-06,3.92e-06,19.850193508280242,target,3262151768.0,4
PEPE,1771820820000,1771820880000,3.9e-06,3.91e-06,19.893289015281223,target,3263870224.0,4
PEPE,1771821420000,1771823280000,3.9e-06,3.89e-06,-51.71002743455888,time,3264521934.0,4
PEPE,1771825740000,1771825800000,3.920000000000001e-06,3.9300000000000005e-06,19.808707174424327,target,3260692539.0,4
PEPE,1771826220000,1771826400000,3.920000000000001e-06,3.9300000000000005e-06,19.8126468969742,target,3261341053.0,4
PEPE,1771827600000,1771827840000,4.0100000000000006e-06,4.0200000000000005e-06,19.46568139708406,target,3252411261.0,4
PEPE,1771828920000,1771829220000,4.0100000000000006e-06,4.0200000000000005e-06,19.469484343891153,target,3253046674.0,4
PEPE,1771829520000,1771829700000,4e-06,4.01e-06,19.512190987409593,target,3254744118.0,4
PEPE,1771831320000,1771831380000,4.0200000000000005e-06,4.03e-06,19.43821488297634,target,3253257721.0,4
PEPE,1771832520000,1771832580000,4.04e-06,4.05e-06,19.36429540579607,target,3251770849.0,4
PEPE,1771833180000,1771833840000,4.03e-06,3.990000000000001e-06,-149.67555546992767,stop,3253462786.0,4
PEPE,1771834920000,1771834980000,4.0200000000000005e-06,4.03e-06,19.41659721347481,target,3249639701.0,4
PEPE,1771835640000,1771835760000,4.0200000000000005e-06,4.03e-06,19.420383003351297,target,3250273306.0,4
PEPE,1771836120000,1771836180000,4.0200000000000005e-06,4.03e-06,19.424169522174836,target,3250907033.0,4
PEPE,1771836720000,1771837080000,4.0200000000000005e-06,4.03e-06,19.427956787873338,target,3251540885.0,4
PEPE,1771891320000,1771891440000,3.97e-06,3.98e-06,19.62635998837458,target,3257487135.0,4
PEPE,1771891920000,1771891980000,3.97e-06,3.98e-06,19.630224995750126,target,3258128630.0,4
PEPE,1771892520000,1771894380000,3.98e-06,3.97e-06,-51.992987600400966,time,3257705990.0,4
PEPE,1771894920000,1771895460000,3.96e-06,3.920000000000001e-06,-149.54840765369923,stop,3258135243.0,4
PEPE,1771896480000,1771896540000,3.96e-06,3.97e-06,19.63333717185936,target,3253245596.0,4
PEPE,1771897200000,1771897380000,3.97e-06,3.98e-06,19.59826770287482,target,3252824515.0,4
PEPE,1771903620000,1771904220000,3.91e-06,3.87e-06,-149.38284969269853,stop,3259854876.0,4
PEPE,1771904820000,1771904940000,3.89e-06,3.9e-06,19.884564688065097,target,3257094953.0,4
PEPE,1771906380000,1771906740000,3.89e-06,3.85e-06,-149.18850513484438,stop,3257746591.0,4
PEPE,1771907220000,1771907520000,3.9e-06,3.86e-06,-148.96461048533843,stop,3251792414.0,4
PEPE,1771908240000,1771908300000,3.89e-06,3.9e-06,19.828892271209693,target,3247975802.0,4
PEPE,1771909380000,1771909440000,3.9e-06,3.91e-06,19.793889707360496,target,3247561888.0,4
PEPE,1771909920000,1771909980000,3.91e-06,3.92e-06,19.758890091329306,target,3247147098.0,4
PEPE,1771910640000,1771910820000,3.88e-06,3.89e-06,19.879783370867727,target,3250986651.0,4
PEPE,1771912320000,1771912380000,3.89e-06,3.9e-06,19.844749892715114,target,3250573283.0,4
PEPE,1771912920000,1771913280000,3.89e-06,3.9e-06,19.848720175681766,target,3251223616.0,4
PEPE,1771913820000,1771913880000,3.89e-06,3.9e-06,19.852691252295763,target,3251874079.0,4
PEPE,1771917480000,1771917540000,3.9e-06,3.91e-06,19.81764667646089,target,3251459668.0,4
PEPE,1771918020000,1771918080000,3.91e-06,3.92e-06,19.782605052300397,target,3251044380.0,4
PEPE,1771918800000,1771919820000,3.920000000000001e-06,3.9300000000000005e-06,19.747566418276797,target,3250628217.0,4
PEPE,1771920120000,1771920180000,3.91e-06,3.92e-06,19.790482675044974,target,3252338977.0,4
PEPE,1771920780000,1771920840000,3.91e-06,3.92e-06,19.79442654609558,target,3252987107.0,4
PEPE,1771923720000,1771923780000,3.920000000000001e-06,3.9300000000000005e-06,19.759366972123377,target,3252570695.0,4
PEPE,1771928220000,1771928280000,3.89e-06,3.9e-06,19.880409527385737,target,3256414337.0,4
PEPE,1771979220000,1771979580000,3.94e-06,3.95e-06,19.68928784952642,target,3251740355.0,4
PEPE,1771980120000,1771980180000,3.95e-06,3.96e-06,19.654237379400342,target,3251321320.0,4
PEPE,1771980840000,1771980900000,3.96e-06,3.97e-06,19.619190027454426,target,3250901413.0,4
PEPE,1771983120000,1771983480000,4.12e-06,4.080000000000001e-06,-149.24581837217886,stop,3234629787.0,4
PEPE,1771985520000,1771985580000,4.08e-06,4.09e-06,19.12899674549587,target,3233980853.0,4
PEPE,1771986120000,1771986180000,4.08e-06,4.09e-06,19.13268179049373,target,3234603853.0,4
PEPE,1771995420000,1771996200000,4e-06,4.01e-06,19.445825875795588,target,3243674041.0,4
PEPE,1772000820000,1772000880000,3.9300000000000005e-06,3.94e-06,19.72179047266945,target,3251737918.0,4
PEPE,1772002260000,1772003580000,3.9300000000000005e-06,3.94e-06,19.725705175438343,target,3252383376.0,4
PEPE,1772004180000,1772004420000,3.920000000000001e-06,3.9300000000000005e-06,19.768617617624834,target,3254093435.0,4
PEPE,1772005320000,1772006040000,3.91e-06,3.92e-06,19.811579625615316,target,3255806019.0,4
PEPE,1772006580000,1772006640000,3.920000000000001e-06,3.9300000000000005e-06,19.776489669448587,target,3255389246.0,4
PEPE,1772007180000,1772007480000,3.920000000000001e-06,3.9300000000000005e-06,19.7804229889494,target,3256036706.0,4
PEPE,1772008080000,1772008140000,3.9300000000000005e-06,3.94e-06,19.745329083376745,target,3255618975.0,4
PEPE,1772013780000,1772015640000,4.0100000000000006e-06,3.99e-06,-84.42567662410933,time,3247765979.0,4
PEPE,1772016720000,1772016840000,4e-06,4.01e-06,19.46018467415126,target,3246069170.0,4
PEPE,1772018940000,1772019120000,3.99e-06,4e-06,19.502826344935958,target,3247764587.0,4
PEPE,1772021220000,1772021280000,3.99e-06,4e-06,19.506651776141904,target,3248401628.0,4
PEPE,1772021820000,1772021880000,3.99e-06,4e-06,19.510477957971368,target,3249038794.0,4
PEPE,1772023080000,1772023260000,4.04e-06,4.05e-06,19.320282917865082,target,3244380003.0,4
PEPE,1772023620000,1772023680000,4.03e-06,4.04e-06,19.362796180712447,target,3246068094.0,4
PEPE,1772025000000,1772025060000,4.05e-06,4.06e-06,19.28905148763024,target,3244583934.0,4
PEPE,1772025540000,1772025840000,4.04e-06,4.05e-06,19.331540958510377,target,3246270522.0,4
PEPE,1772026920000,1772027460000,4.09e-06,4.1e-06,19.141754230949747,target,3241617990.0,4
PEPE,1772065320000,1772065380000,4.16e-06,4.17e-06,18.875480874121507,target,3234872472.0,4
PEPE,1772068320000,1772069100000,4.12e-06,4.13e-06,19.03319645137579,target,3239693013.0,4
PEPE,1772070300000,1772070780000,4.1100000000000005e-06,4.070000000000001e-06,-149.50799969287337,stop,3241365847.0,4
PEPE,1772075220000,1772075340000,4.1000000000000006e-06,4.1100000000000005e-06,19.085382185850204,target,3237554230.0,4
PEPE,1772075880000,1772075940000,4.09e-06,4.1e-06,19.12764816618031,target,3239229156.0,4
PEPE,1772077620000,1772077680000,4.1000000000000006e-06,4.1100000000000005e-06,19.092713950621835,target,3238797956.0,4
PEPE,1772078220000,1772078340000,4.09e-06,4.1e-06,19.13499616512648,target,3240473525.0,4
PEPE,1772078880000,1772078940000,4.09e-06,4.1e-06,19.138674938789837,target,3241096518.0,4
PEPE,1772081400000,1772081460000,4.12e-06,4.13e-06,19.02652827937476,target,3238558005.0,4
PEPE,1772082480000,1772082660000,4.1000000000000006e-06,4.060000000000001e-06,-149.4556204101886,stop,3241284329.0,4
PEPE,1772086320000,1772086500000,4.07e-06,4.08e-06,19.194520784474502,target,3239581567.0,4
PEPE,1772086980000,1772087040000,4.07e-06,4.08e-06,19.198225912126112,target,3240206905.0,4
PEPE,1772087520000,1772087700000,4.06e-06,4.07e-06,19.240605333414837,target,3241888009.0,4
PEPE,1772088420000,1772090220000,4.06e-06,4.0200000000000005e-06,-149.3178181446008,stop,3242515052.0,4
PEPE,1772092680000,1772092740000,4.03e-06,4.04e-06,19.33146606208441,target,3240815769.0,4
PEPE,1772093220000,1772093280000,4.0200000000000005e-06,4.03e-06,19.37395908170005,target,3242503612.0,4
PEPE,1772093820000,1772094120000,4.03e-06,4.04e-06,19.33899763214033,target,3242078396.0,4
PEPE,1772097420000,1772097480000,4.04e-06,4.05e-06,19.304039541780202,target,3241652316.0,4
PEPE,1772099940000,1772100000000,4.05e-06,4.06e-06,19.269084854373766,target,3241225375.0,4
PEPE,1772100780000,1772101740000,4.04e-06,4.000000000000001e-06,-149.2387282323595,stop,3242910218.0,4
PEPE,1772106180000,1772106240000,3.95e-06,3.96e-06,19.631561804594757,target,3247570191.0,4
PEPE,1772106720000,1772106780000,3.95e-06,3.96e-06,19.635443202376074,target,3248212275.0,4
PEPE,1772107320000,1772107500000,3.96e-06,3.97e-06,19.600429366950983,target,3247792770.0,4
PEPE,1772110320000,1772110920000,3.99e-06,3.95e-06,-149.10310350755893,stop,3245252008.0,4
PEPE,1772151300000,1772151660000,3.830000000000001e-06,3.8400000000000005e-06,20.243132585505304,target,3283557597.0,5
PEPE,1772152020000,1772152200000,3.82e-06,3.83e-06,20.28673058750004,target,3285300500.0,5
PEPE,1772153700000,1772153880000,3.830000000000001e-06,3.8400000000000005e-06,20.25133710313432,target,3284888419.0,5
PEPE,1772154480000,1772154540000,3.830000000000001e-06,3.8400000000000005e-06,20.255436606195754,target,3285553383.0,5
PEPE,1772155620000,1772155920000,3.85e-06,3.810000000000001e-06,-150.19661572532996,stop,3284062878.0,5
PEPE,1772157060000,1772157120000,3.830000000000001e-06,3.8400000000000005e-06,20.2291324376844,target,3281286689.0,5
PEPE,1772157420000,1772157540000,3.8400000000000005e-06,3.85e-06,20.193780510195204,target,3280874169.0,5
PEPE,1772158260000,1772158320000,3.8400000000000005e-06,3.85e-06,20.19786039503034,target,3281537026.0,5
PEPE,1772159460000,1772159520000,3.85e-06,3.86e-06,20.162504110285937,target,3281123533.0,5
PEPE,1772159940000,1772160000000,3.86e-06,3.87e-06,20.127150641385047,target,3280709151.0,5
PEPE,1772161020000,1772162580000,3.8400000000000005e-06,3.8000000000000005e-06,-150.12264947724105,stop,3283522517.0,5
PEPE,1772163720000,1772163900000,3.82e-06,3.83e-06,20.258615763101886,target,3280747492.0,5
PEPE,1772164320000,1772164380000,3.830000000000001e-06,3.8400000000000005e-06,20.223271322865315,target,3280335981.0,5
PEPE,1772165640000,1772165700000,3.89e-06,3.9e-06,19.991139593700915,target,3274551940.0,5
PEPE,1772167320000,1772168040000,3.88e-06,3.89e-06,20.034453453575512,target,3276280205.0,5
PEPE,1772168700000,1772168760000,3.88e-06,3.89e-06,20.03846957154941,target,3276936970.0,5
PEPE,1772169120000,1772169180000,3.89e-06,3.9e-06,20.003156443712086,target,3276520302.0,5
PEPE,1772169720000,1772170260000,3.89e-06,3.9e-06,20.0071584177309,target,3277175826.0,5
PEPE,1772171460000,1772171520000,3.88e-06,3.89e-06,20.050506985740526,target,3278905476.0,5
PEPE,1772171820000,1772172180000,3.88e-06,3.89e-06,20.054526326320907,target,3279562768.0,5
PEPE,1772172720000,1772172780000,3.88e-06,3.89e-06,20.05854646796432,target,3280220191.0,5
PEPE,1772173320000,1772173860000,3.87e-06,3.88e-06,20.101962682375664,target,3281953091.0,5
PEPE,1772174520000,1772174760000,3.87e-06,3.88e-06,20.106000245625882,target,3282612285.0,5
PEPE,1772175720000,1772176920000,3.89e-06,3.85e-06,-150.2589252957886,stop,3281120762.0,5
PEPE,1772236920000,1772237040000,3.6800000000000003e-06,3.6900000000000002e-06,20.832477442139815,target,3298887956.0,5
PEPE,1772238720000,1772238780000,3.67e-06,3.68e-06,20.876699774699865,target,3300663996.0,5
PEPE,1772240520000,1772240580000,3.6800000000000003e-06,3.6900000000000002e-06,20.84116890294157,target,3300264276.0,5
PEPE,1772243520000,1772243640000,3.65e-06,3.66e-06,20.96528441499033,target,3304221342.0,5
PEPE,1772244720000,1772244780000,3.65e-06,3.66e-06,20.96967831480011,target,3304913840.0,5
PEPE,1772245560000,1772245620000,3.66e-06,3.67e-06,20.93410584453898,target,3304515524.0,5
PEPE,1772247720000,1772248680000,3.66e-06,3.67e-06,20.938484849939368,target,3305206764.0,5
PEPE,1772249280000,1772249340000,3.65e-06,3.66e-06,20.982848783579183,target,3306989564.0,5
PEPE,1772250420000,1772250480000,3.6400000000000003e-06,3.65e-06,21.027265175839656,target,3308775008.0,5
PEPE,1772252220000,1772252340000,3.65e-06,3.66e-06,20.991653257860317,target,3308377188.0,5
PEPE,1772253060000,1772253240000,3.6400000000000003e-06,3.65e-06,21.03608828625599,target,3310163381.0,5
PEPE,1772254320000,1772254380000,3.6400000000000003e-06,3.65e-06,21.0405054306863,target,3310858447.0,5
PEPE,1772255040000,1772255100000,3.6400000000000003e-06,3.65e-06,21.044923502944695,target,3311553659.0,5
PEPE,1772255760000,1772255820000,3.6400000000000003e-06,3.65e-06,21.049342503034815,target,3312249017.0,5
PEPE,1772257920000,1772258100000,3.62e-06,3.63e-06,21.13398035925042,target,3315134174.0,5
PEPE,1772258520000,1772258640000,3.62e-06,3.63e-06,21.13843496699948,target,3315832936.0,5
PEPE,1772264820000,1772264880000,3.52e-06,3.53e-06,21.545745768399605,target,3327528304.0,5
PEPE,1772266140000,1772266200000,3.48e-06,3.49e-06,21.712299575300314,target,3332663020.0,5
PEPE,1772267820000,1772268060000,3.4700000000000002e-06,3.48e-06,21.757555797751273,target,3334491310.0,5
PEPE,1772269620000,1772270040000,3.4600000000000003e-06,3.4700000000000002e-06,21.80286634812931,target,3336322318.0,5
PEPE,1772271120000,1772271180000,3.4700000000000002e-06,3.48e-06,21.7670002915503,target,3335938742.0,5
PEPE,1772274300000,1772274360000,3.45e-06,3.46e-06,21.852968343360487,target,3338879808.0,5
PEPE,1772275320000,1772275380000,3.4600000000000003e-06,3.4700000000000002e-06,21.817077378735483,target,3338496921.0,5
PEPE,1772275920000,1772276100000,3.4600000000000003e-06,3.4700000000000002e-06,21.821816443104606,target,3339222103.0,5
PEPE,1772323500000,1772324820000,3.65e-06,3.61e-06,-150.79862705934104,stop,3318996964.0,5
PEPE,1772325420000,1772325480000,3.63e-06,3.64e-06,21.107648745839604,target,3316205616.0,5
PEPE,1772326380000,1772326440000,3.62e-06,3.63e-06,21.152246251499715,target,3317999412.0,5
PEPE,1772327280000,1772327340000,3.63e-06,3.64e-06,21.11653935238242,target,3317602412.0,5
PEPE,1772330100000,1772330460000,3.7e-06,3.71e-06,20.840506712029715,target,3310644434.0,5
PEPE,1772330940000,1772331240000,3.76e-06,3.77e-06,20.605404013957525,target,3304796153.0,5
PEPE,1772331780000,1772332080000,3.7300000000000003e-06,3.74e-06,20.729252998824762,target,3308739505.0,5
PEPE,1772332620000,1772332980000,3.75e-06,3.76e-06,20.653741496575606,target,3307244435.0,5
PEPE,1772333520000,1772334300000,3.75e-06,3.71e-06,-150.79173368282886,stop,3307924398.0,5
PEPE,1772339820000,1772339880000,3.67e-06,3.68e-06,20.946362331675594,target,3311677839.0,5
PEPE,1772340480000,1772340600000,3.67e-06,3.68e-06,20.95073554420049,target,3312369256.0,5
PEPE,1772341080000,1772341140000,3.66e-06,3.67e-06,20.995167085059705,target,3314154236.0,5
PEPE,1772341680000,1772341860000,3.66e-06,3.67e-06,20.999558868154555,target,3314847493.0,5
PEPE,1772342640000,1772342700000,3.66e-06,3.67e-06,21.003951563489593,target,3315540894.0,5
PEPE,1772343180000,1772343240000,3.66e-06,3.67e-06,21.008345177400265,target,3316234440.0,5
PEPE,1772344440000,1772344560000,3.66e-06,3.67e-06,21.012739716220196,target,3316928132.0,5
PEPE,1772345040000,1772345340000,3.65e-06,3.61e-06,-150.78591843548998,stop,3318717254.0,5
PEPE,1772349360000,1772349540000,3.61e-06,3.62e-06,21.186186558649894,target,3318118490.0,5
PEPE,1772350080000,1772350260000,3.61e-06,3.62e-06,21.190660655851524,target,3318819210.0,5
PEPE,1772351280000,1772351460000,3.63e-06,3.64e-06,21.114785107460413,target,3317326804.0,5
PEPE,1772351880000,1772351940000,3.63e-06,3.64e-06,21.119227221867334,target,3318024701.0,5
PEPE,1772354220000,1772354280000,3.62e-06,3.63e-06,21.163849191375462,target,3319819481.0,5
PEPE,1772354820000,1772355120000,3.61e-06,3.57e-06,-150.71836788112537,stop,3321616923.0,5
PEPE,1772357520000,1772357940000,3.5900000000000004e-06,3.5500000000000003e-06,-150.4921773038416,stop,3318826272.0,5
PEPE,1772410380000,1772410500000,3.4600000000000003e-06,3.4700000000000002e-06,21.749511438655567,target,3328157833.0,5
PEPE,1772410920000,1772410980000,3.4700000000000002e-06,3.48e-06,21.713733153898758,target,3327775196.0,5
PEPE,1772412840000,1772412900000,3.49e-06,3.5e-06,21.63749875639993,target,3326287280.0,5
PEPE,1772413380000,1772413440000,3.49e-06,3.5e-06,21.642172579385218,target,3327005777.0,5
PEPE,1772414520000,1772415600000,3.49e-06,3.5e-06,21.646847410646874,target,3327724429.0,5
PEPE,1772416680000,1772416860000,3.4700000000000002e-06,3.48e-06,21.732517950302103,target,3330654092.0,5
PEPE,1772417220000,1772417220000,3.48e-06,3.44e-06,-150.46160718420012,entry_bar_stop,3330270190.0,5
PEPE,1772419980000,1772420040000,3.45e-06,3.46e-06,21.785605927085236,target,3328587613.0,5
PEPE,1772420520000,1772421180000,3.45e-06,3.46e-06,21.79034697455075,target,3329311990.0,5
PEPE,1772422440000,1772422500000,3.48e-06,3.49e-06,21.67357920382542,target,3326719755.0,5
PEPE,1772423700000,1772424780000,3.48e-06,3.44e-06,-150.3337251490204,stop,3327439689.0,5
PEPE,1772425920000,1772426100000,3.4600000000000003e-06,3.4700000000000002e-06,21.726611530864517,target,3324653639.0,5
PEPE,1772426580000,1772426640000,3.45e-06,3.46e-06,21.771817863566216,target,3326480957.0,5
PEPE,1772429520000,1772429580000,3.44e-06,3.45e-06,21.817078565671874,target,3328310994.0,5
PEPE,1772430120000,1772430180000,3.44e-06,3.45e-06,21.8218352997442,target,3329036659.0,5
PEPE,1772430900000,1772430960000,3.45e-06,3.46e-06,21.7860527411447,target,3328655881.0,5
PEPE,1772431440000,1772431560000,3.43e-06,3.44e-06,21.871919152980148,target,3331594692.0,5
PEPE,1772432160000,1772432220000,3.44e-06,3.45e-06,21.836111722665898,target,3331214603.0,5
PEPE,1772433900000,1772433960000,3.44e-06,3.45e-06,21.840872599500123,target,3331940900.0,5
PEPE,1772434320000,1772434380000,3.43e-06,3.44e-06,21.886237201335398,target,3333775659.0,5
PEPE,1772435100000,1772435160000,3.4200000000000003e-06,3.43e-06,21.931656454674783,target,3335613149.0,5
PEPE,1772437320000,1772438520000,3.4200000000000003e-06,3.3800000000000002e-06,-150.43571082990005,stop,3336343110.0,5
PEPE,1772442420000,1772442480000,3.4200000000000003e-06,3.43e-06,21.903534811475254,target,3331336093.0,5
PEPE,1772443020000,1772443080000,3.44e-06,3.45e-06,21.827164449193614,target,3329849649.0,5
PEPE,1772496540000,1772496600000,3.5100000000000003e-06,3.52e-06,21.5486366539657,target,3322842969.0,5
PEPE,1772498880000,1772499060000,3.5100000000000003e-06,3.52e-06,21.55327388940026,target,3323558040.0,5
PEPE,1772499420000,1772499540000,3.52e-06,3.53e-06,21.517532568174538,target,3323171053.0,5
PEPE,1772500080000,1772500320000,3.53e-06,3.54e-06,21.481792987169747,target,3322783138.0,5
PEPE,1772500680000,1772500920000,3.52e-06,3.53e-06,21.52676863767625,target,3324597473.0,5
PEPE,1772501400000,1772501460000,3.5100000000000003e-06,3.52e-06,21.571798064926785,target,3326414505.0,5
PEPE,1772502420000,1772502480000,3.5100000000000003e-06,3.52e-06,21.576440287325067,target,3327130345.0,5
PEPE,1772505840000,1772505960000,3.5000000000000004e-06,3.5100000000000003e-06,21.621533296155782,target,3328950469.0,5
PEPE,1772506500000,1772507940000,3.49e-06,3.45e-06,-150.53429924830553,stop,3330773299.0,5
PEPE,1772509740000,1772509800000,3.49e-06,3.5e-06,21.634164039705063,target,3325774641.0,5
PEPE,1772510220000,1772510400000,3.49e-06,3.5e-06,21.638837140635147,target,3326493027.0,5
PEPE,1772510940000,1772512800000,3.49e-06,3.4700000000000002e-06,-83.89563968712037,time,3327211568.0,5
PEPE,1772514840000,1772514900000,3.48e-06,3.49e-06,21.66582435372015,target,3325529448.0,5
PEPE,1772515380000,1772515440000,3.5000000000000004e-06,3.5100000000000003e-06,21.58965230287619,target,3324041925.0,5
PEPE,1772515980000,1772516940000,3.49e-06,3.45e-06,-150.31233611806476,stop,3325862067.0,5
PEPE,1772518020000,1772518140000,3.4700000000000002e-06,3.48e-06,21.683074847624997,target,3323076605.0,5
PEPE,1772520480000,1772520660000,3.4700000000000002e-06,3.48e-06,21.687776038349902,target,3323797094.0,5
PEPE,1772521680000,1772521740000,3.49e-06,3.5e-06,21.611632768780737,target,3322310956.0,5
PEPE,1772523540000,1772523600000,3.53e-06,3.54e-06,21.454896764040107,target,3318622856.0,5
PEPE,1772529420000,1772530020000,3.43e-06,3.39e-06,-150.21647578878213,stop,3330373036.0,5
PEPE,1772530320000,1772530380000,3.4e-06,3.41e-06,21.95274962537428,target,3328695925.0,5
PEPE,1772530980000,1772531040000,3.41e-06,3.42e-06,21.916981352519343,target,3328319112.0,5
PEPE,1772533620000,1772533800000,3.39e-06,3.4e-06,22.00301177147955,target,3331265976.0,5
PEPE,1772535420000,1772535720000,3.39e-06,3.4e-06,22.00785367901579,target,3331999043.0,5
PEPE,1772584920000,1772585220000,3.43e-06,3.44e-06,21.850282757745628,target,3328298973.0,5
PEPE,1772586720000,1772586780000,3.4600000000000003e-06,3.4700000000000002e-06,21.733501897630546,target,3325708018.0,5
PEPE,1772587380000,1772587500000,3.45e-06,3.46e-06,21.77872257021922,target,3327535916.0,5
PEPE,1772588760000,1772589780000,3.48e-06,3.44e-06,-150.22101799151903,stop,3324945064.0,5
PEPE,1772591160000,1772591280000,3.4600000000000003e-06,3.4700000000000002e-06,21.710322808105047,target,3322161103.0,5
PEPE,1772592120000,1772592720000,3.4700000000000002e-06,3.48e-06,21.674608986374672,target,3321779155.0,5
PEPE,1772593020000,1772593080000,3.4600000000000003e-06,3.4700000000000002e-06,21.719746800903742,target,3323603183.0,5
PEPE,1772593680000,1772593740000,3.44e-06,3.45e-06,21.80543989441496,target,3326535453.0,5
PEPE,1772594280000,1772594340000,3.44e-06,3.45e-06,21.81019408515091,target,3327260730.0,5
PEPE,1772597280000,1772597460000,3.4200000000000003e-06,3.43e-06,21.89606759712414,target,3330200395.0,5
PEPE,1772597880000,1772597940000,3.4200000000000003e-06,3.43e-06,21.900859299325166,target,3330929171.0,5
PEPE,1772598540000,1772598780000,3.41e-06,3.42e-06,21.94626945702092,target,3332766812.0,5
PEPE,1772599680000,1772599860000,3.41e-06,3.42e-06,21.951081050670673,target,3333497502.0,5
PEPE,1772600220000,1772600280000,3.4200000000000003e-06,3.43e-06,21.915258483574643,target,3333119161.0,5
PEPE,1772600820000,1772600880000,3.41e-06,3.42e-06,21.960698495849826,target,3334958010.0,5
PEPE,1772602020000,1772602680000,3.41e-06,3.42e-06,21.965513256886737,target,3335689181.0,5
PEPE,1772604060000,1772604120000,3.4200000000000003e-06,3.43e-06,21.92966714240005,target,3335310592.0,5
PEPE,1772604480000,1772605200000,3.4200000000000003e-06,3.43e-06,21.93446619545163,target,3336040486.0,5
PEPE,1772605680000,1772605800000,3.41e-06,3.42e-06,21.979946035995283,target,3337880947.0,5
PEPE,1772606220000,1772606520000,3.45e-06,3.46e-06,21.82217268500579,target,3334174589.0,5
PEPE,1772606880000,1772607000000,3.45e-06,3.46e-06,21.826921691192418,target,3334900182.0,5
PEPE,1772608080000,1772608140000,3.44e-06,3.45e-06,21.8722969417483,target,3336734850.0,5
PEPE,1772609700000,1772609880000,3.4600000000000003e-06,3.4700000000000002e-06,21.79582456541664,target,3335244769.0,5
PEPE,1772611140000,1772611200000,3.4700000000000002e-06,3.48e-06,21.759970093425753,target,3334861317.0,5
PEPE,1772668920000,1772669040000,3.65e-06,3.66e-06,21.038512846771336,target,3315762466.0,5
PEPE,1772671680000,1772672520000,3.63e-06,3.59e-06,-150.68324122677083,stop,3318648634.0,5
PEPE,1772673720000,1772673960000,3.62e-06,3.63e-06,21.131615635876457,target,3314763237.0,5
PEPE,1772674320000,1772674380000,3.61e-06,3.62e-06,21.176222459671024,target,3316557942.0,5
PEPE,1772674920000,1772675760000,3.61e-06,3.57e-06,-150.5205968145013,stop,3317258332.0,5
PEPE,1772677200000,1772677260000,3.61e-06,3.62e-06,21.1489075254472,target,3312279957.0,5
PEPE,1772677740000,1772677800000,3.61e-06,3.62e-06,21.15337374993954,target,3312979444.0,5
PEPE,1772678220000,1772678400000,3.5900000000000004e-06,3.6000000000000003e-06,21.238156252949004,target,3315871390.0,5
PEPE,1772679120000,1772679180000,3.6000000000000003e-06,3.61e-06,21.20247888748448,target,3315477543.0,5
PEPE,1772679720000,1772679780000,3.6000000000000003e-06,3.61e-06,21.206964922430444,target,3316179034.0,5
PEPE,1772680320000,1772680500000,3.61e-06,3.62e-06,21.171282008456128,target,3315784183.0,5
PEPE,1772681640000,1772681700000,3.6000000000000003e-06,3.61e-06,21.215931332746045,target,3317581131.0,5
PEPE,1772682120000,1772682180000,3.6000000000000003e-06,3.61e-06,21.22042021346563,target,3318283067.0,5
PEPE,1772684520000,1772684580000,3.61e-06,3.62e-06,21.18471466290931,target,3317887966.0,5
PEPE,1772685120000,1772685780000,3.62e-06,3.63e-06,21.1490111557512,target,3317491946.0,5
PEPE,1772686500000,1772686560000,3.61e-06,3.62e-06,21.193654697281026,target,3319288128.0,5
PEPE,1772686920000,1772687160000,3.61e-06,3.62e-06,21.198130371574877,target,3319989095.0,5
PEPE,1772687520000,1772687580000,3.62e-06,3.63e-06,21.162404253001768,target,3319592824.0,5
PEPE,1772688180000,1772688240000,3.6000000000000003e-06,3.61e-06,21.247313874365226,target,3322488487.0,5
PEPE,1772690340000,1772690580000,3.5900000000000004e-06,3.6000000000000003e-06,21.292082343419843,target,3324290764.0,5
PEPE,1772692500000,1772692560000,3.58e-06,3.59e-06,21.336904011725174,target,3326095715.0,5
PEPE,1772693520000,1772695380000,3.6000000000000003e-06,3.58e-06,-84.37839507990128,time,3324601855.0,5
PEPE,1772695980000,1772697060000,3.57e-06,3.53e-06,-150.67730925972094,stop,3325108888.0,5
PEPE,1772699880000,1772699940000,3.5500000000000003e-06,3.5600000000000002e-06,21.412340882784765,target,3322318213.0,5
PEPE,1772755440000,1772755500000,3.4700000000000002e-06,3.48e-06,21.740365978874646,target,3331856855.0,5
PEPE,1772756760000,1772756820000,3.48e-06,3.49e-06,21.70454537669609,target,3331472813.0,5
PEPE,1772757180000,1772757420000,3.48e-06,3.49e-06,21.709242450641085,target,3332193776.0,5
PEPE,1772757780000,1772757960000,3.48e-06,3.49e-06,21.713940540925098,target,3332914895.0,5
PEPE,1772758440000,1772758500000,3.4700000000000002e-06,3.48e-06,21.759200176050328,target,3334743322.0,5
PEPE,1772759100000,1772759280000,3.4700000000000002e-06,3.48e-06,21.76391786850193,target,3335466340.0,5
PEPE,1772760180000,1772760240000,3.4600000000000003e-06,3.4700000000000002e-06,21.809241671939418,target,3337297884.0,5
PEPE,1772762520000,1772762640000,3.5000000000000004e-06,3.5100000000000003e-06,21.651685119091322,target,3333592782.0,5
PEPE,1772763240000,1772763300000,3.49e-06,3.5e-06,21.69689508526604,target,3335418153.0,5
PEPE,1772764020000,1772765880000,3.49e-06,3.4700000000000002e-06,-84.1207353789447,time,3336138623.0,5
PEPE,1772768280000,1772770140000,3.49e-06,3.48e-06,-50.75018220772497,time,3333345301.0,5
PEPE,1772771640000,1772771820000,3.49e-06,3.5e-06,21.672448852925836,target,3331660085.0,5
PEPE,1772772960000,1772773020000,3.48e-06,3.49e-06,21.717662006651036,target,3333486110.0,5
PEPE,1772773320000,1772773440000,3.48e-06,3.49e-06,21.722361921135796,target,3334207509.0,5
PEPE,1772773920000,1772773980000,3.48e-06,3.49e-06,21.727062845444998,target,3334929063.0,5
PEPE,1772774580000,1772775180000,3.48e-06,3.49e-06,21.731764792609606,target,3335650774.0,5
PEPE,1772776620000,1772776680000,3.48e-06,3.49e-06,21.736467756115047,target,3336372641.0,5
PEPE,1772778000000,1772778060000,3.48e-06,3.49e-06,21.7411717359595,target,3337094664.0,5
PEPE,1772778480000,1772778540000,3.49e-06,3.5e-06,21.70529229218933,target,3336709038.0,5
PEPE,1772779620000,1772779800000,3.49e-06,3.5e-06,21.709980757931838,target,3337429786.0,5
PEPE,1772780340000,1772780520000,3.48e-06,3.49e-06,21.75527221561157,target,3339258974.0,5
PEPE,1772780940000,1772781900000,3.48e-06,3.49e-06,21.759980267330292,target,3339981622.0,5
PEPE,1772784240000,1772784360000,3.49e-06,3.5e-06,21.724069781309883,target,3339595662.0,5
PEPE,1772785320000,1772785860000,3.49e-06,3.45e-06,-150.9656283516292,stop,3340317034.0,5
PEPE,1772841720000,1772841780000,3.3800000000000002e-06,3.39e-06,22.143880216711686,target,3347525354.0,5
PEPE,1772842320000,1772842440000,3.39e-06,3.4e-06,22.107915102741032,target,3347148388.0,5
PEPE,1772844480000,1772844540000,3.3800000000000002e-06,3.39e-06,22.153636111321042,target,3349000168.0,5
PEPE,1772846820000,1772846880000,3.3800000000000002e-06,3.39e-06,22.15852017750094,target,3349738500.0,5
PEPE,1772848020000,1772848080000,3.3800000000000002e-06,3.39e-06,22.163405315309067,target,3350476994.0,5
PEPE,1772849280000,1772849340000,3.3800000000000002e-06,3.39e-06,22.16829153136458,target,3351215651.0,5
PEPE,1772850420000,1772850480000,3.3800000000000002e-06,3.39e-06,22.17317882566565,target,3351954471.0,5
PEPE,1772851980000,1772852040000,3.3800000000000002e-06,3.39e-06,22.178067198212283,target,3352693454.0,5
PEPE,1772852700000,1772852880000,3.39e-06,3.4e-06,22.142046559130797,target,3352315906.0,5
PEPE,1772853480000,1772854320000,3.41e-06,3.37e-06,-151.03829966670096,stop,3350821956.0,5
PEPE,1772854680000,1772854740000,3.3800000000000002e-06,3.39e-06,22.15453976001064,target,3349136774.0,5
PEPE,1772855640000,1772857500000,3.3800000000000002e-06,3.37e-06,-50.44911953310114,time,3349875135.0,5
PEPE,1772858520000,1772860380000,3.3800000000000002e-06,3.36e-06,-83.87225413890106,time,3348193778.0,5
PEPE,1772860920000,1772861040000,3.3700000000000003e-06,3.3800000000000002e-06,22.17065036737399,target,3346513263.0,5
PEPE,1772861580000,1772861700000,3.36e-06,3.37e-06,22.21642273496554,target,3348368159.0,5
PEPE,1772862720000,1772862900000,3.36e-06,3.37e-06,22.221338719260906,target,3349109076.0,5
PEPE,1772864040000,1772864100000,3.35e-06,3.36e-06,22.26717669181505,target,3350967147.0,5
PEPE,1772864820000,1772864880000,3.35e-06,3.36e-06,22.272112983227682,target,3351710005.0,5
PEPE,1772865420000,1772865840000,3.35e-06,3.36e-06,22.27705037106026,target,3352453028.0,5
PEPE,1772866380000,1772866500000,3.35e-06,3.36e-06,22.28198884867499,target,3353196215.0,5
PEPE,1772866980000,1772867100000,3.34e-06,3.35e-06,22.327912939915166,target,3355058293.0,5
PEPE,1772867580000,1772867640000,3.34e-06,3.35e-06,22.332871800030908,target,3355803426.0,5
PEPE,1772868420000,1772868480000,3.34e-06,3.35e-06,22.337831758221053,target,3356548724.0,5
PEPE,1772869140000,1772869380000,3.34e-06,3.35e-06,22.342792814485595,target,3357294187.0,5
PEPE,1772928480000,1772928540000,3.2400000000000003e-06,3.2500000000000002e-06,22.759474484177854,target,3369278236.0,5
PEPE,1772929320000,1772929380000,3.2400000000000003e-06,3.2500000000000002e-06,22.764622314316384,target,3370040313.0,5
PEPE,1772930520000,1772930760000,3.2400000000000003e-06,3.2500000000000002e-06,22.76977130631082,target,3370802562.0,5
PEPE,1772931900000,1772932020000,3.23e-06,3.24e-06,22.816273083448806,target,3372693730.0,5
PEPE,1772933220000,1772933280000,3.23e-06,3.24e-06,22.82144312645964,target,3373457964.0,5
PEPE,1772933820000,1772933880000,3.22e-06,3.23e-06,22.86801241515056,target,3375352386.0,5
PEPE,1772934540000,1772934600000,3.23e-06,3.24e-06,22.83179611333677,target,3374988339.0,5
PEPE,1772935020000,1772935080000,3.2400000000000003e-06,3.2500000000000002e-06,22.79558055361904,target,3374623324.0,5
PEPE,1772937420000,1772937480000,3.22e-06,3.23e-06,22.88356125694925,target,3377647418.0,5
PEPE,1772938020000,1772938260000,3.22e-06,3.18e-06,-151.31917031598005,stop,3378414162.0,5
PEPE,1772942100000,1772942160000,3.2000000000000003e-06,3.21e-06,22.937235716788763,target,3375604962.0,5
PEPE,1772942640000,1772942700000,3.2000000000000003e-06,3.21e-06,22.942461465900784,target,3376374020.0,5
PEPE,1772943180000,1772943540000,3.2000000000000003e-06,3.21e-06,22.94768841093242,target,3377143254.0,5
PEPE,1772945280000,1772945340000,3.19e-06,3.2e-06,22.99440157205595,target,3379045051.0,5
PEPE,1772946120000,1772946180000,3.19e-06,3.2e-06,22.99964981262069,target,3379816284.0,5
PEPE,1772946720000,1772947140000,3.2000000000000003e-06,3.21e-06,22.96339529125538,target,3379454789.0,5
PEPE,1772947740000,1772947860000,3.2000000000000003e-06,3.21e-06,22.968627006374398,target,3380224725.0,5
PEPE,1772948940000,1772949000000,3.2000000000000003e-06,3.21e-06,22.973859910620217,target,3380994836.0,5
PEPE,1772949480000,1772951340000,3.2000000000000003e-06,3.18e-06,-83.80013972316203,time,3381765122.0,5
PEPE,1772952360000,1772952420000,3.19e-06,3.2e-06,23.001499792698983,target,3380088140.0,5
PEPE,1772952720000,1772952780000,3.19e-06,3.2e-06,23.006749652854044,target,3380859611.0,5
PEPE,1772956320000,1772956380000,3.22e-06,3.23e-06,22.887533812074132,target,3378233773.0,5
PEPE,1772957820000,1772957880000,3.21e-06,3.22e-06,22.934199989539874,target,3380132644.0,5
PEPE,1772958720000,1772958900000,3.21e-06,3.22e-06,22.93941561225424,target,3380901343.0,5
PEPE,1773014880000,1773014940000,3.2000000000000003e-06,3.21e-06,22.986149680577107,target,3382803485.0,5
PEPE,1773015420000,1773015780000,3.21e-06,3.22e-06,22.949859864529614,target,3382440658.0,5
PEPE,1773017520000,1773019140000,3.22e-06,3.23e-06,22.913570712948946,target,3382076858.0,5
PEPE,1773019800000,1773019860000,3.22e-06,3.23e-06,22.91877221920085,target,3382844608.0,5
PEPE,1773020400000,1773020460000,3.22e-06,3.23e-06,22.92397491107605,target,3383612533.0,5
PEPE,1773024420000,1773024600000,3.23e-06,3.24e-06,22.887669980175346,target,3383247595.0,5
PEPE,1773025620000,1773025740000,3.2500000000000002e-06,3.26e-06,22.809903136206334,target,3381749909.0,5
PEPE,1773026880000,1773026940000,3.2500000000000002e-06,3.26e-06,22.815053011155545,target,3382513419.0,5
PEPE,1773029700000,1773029760000,3.2500000000000002e-06,3.26e-06,22.82020404624574,target,3383277101.0,5
PEPE,1773030180000,1773030300000,3.26e-06,3.27e-06,22.783893253216192,target,3382909169.0,5
PEPE,1773031980000,1773033720000,3.26e-06,3.27e-06,22.78902790945508,target,3383671553.0,5
PEPE,1773034020000,1773034080000,3.26e-06,3.27e-06,22.79416372411638,target,3384434109.0,5
PEPE,1773034740000,1773034800000,3.26e-06,3.27e-06,22.79930069719465,target,3385196837.0,5
PEPE,1773035340000,1773035400000,3.2900000000000003e-06,3.3e-06,22.680104077890906,target,3382565858.0,5
PEPE,1773036420000,1773036480000,3.3e-06,3.31e-06,22.643788655931154,target,3382193974.0,5
PEPE,1773042720000,1773042840000,3.2500000000000002e-06,3.26e-06,22.856172143210447,target,3388609658.0,5
PEPE,1773043500000,1773043560000,3.2400000000000003e-06,3.2500000000000002e-06,22.90288860573139,target,3390509046.0,5
PEPE,1773044040000,1773044100000,3.2400000000000003e-06,3.2500000000000002e-06,22.90806886662142,target,3391275924.0,5
PEPE,1773045540000,1773045780000,3.26e-06,3.27e-06,22.830128240221704,target,3389774052.0,5
PEPE,1773046920000,1773048060000,3.26e-06,3.27e-06,22.835273315505003,target,3390537983.0,5
PEPE,1773048420000,1773048780000,3.26e-06,3.27e-06,22.840419549210722,target,3391302086.0,5
PEPE,1773049500000,1773049560000,3.27e-06,3.28e-06,22.804019522474487,target,3390932271.0,5
PEPE,1773052140000,1773052200000,3.2500000000000002e-06,3.26e-06,22.892290721125192,target,3393964525.0,5
PEPE,1773055320000,1773055380000,3.23e-06,3.24e-06,22.980730679939864,target,3397003796.0,5
PEPE,1773100980000,1773101100000,3.26e-06,3.27e-06,22.861044240735538,target,3394364401.0,5
PEPE,1773101640000,1773101760000,3.26e-06,3.27e-06,22.8661962867454,target,3395129367.0,5
PEPE,1773102120000,1773102180000,3.27e-06,3.28e-06,22.829755176150258,target,3394759134.0,5
PEPE,1773102840000,1773102960000,3.2900000000000003e-06,3.3e-06,22.751766869805518,target,3393253821.0,5
PEPE,1773103980000,1773104040000,3.2900000000000003e-06,3.3e-06,22.75686633073613,target,3394014367.0,5
PEPE,1773105120000,1773105180000,3.2900000000000003e-06,3.3e-06,22.761966938220215,target,3394775084.0,5
PEPE,1773107520000,1773109380000,3.2900000000000003e-06,3.26e-06,-118.52118306775351,time,3395535971.0,5
PEPE,1773111120000,1773111720000,3.3300000000000003e-06,3.34e-06,22.57467105429929,target,3387047420.0,5
PEPE,1773112080000,1773112140000,3.31e-06,3.32e-06,22.662573447954856,target,3390063343.0,5
PEPE,1773118020000,1773118680000,3.31e-06,3.32e-06,22.66763438736962,target,3390820402.0,5
PEPE,1773119220000,1773121020000,3.31e-06,3.27e-06,-152.36662498282405,stop,3391577629.0,5
PEPE,1773123240000,1773123300000,3.2800000000000004e-06,3.2900000000000003e-06,22.763066104330875,target,3389883262.0,5
PEPE,1773124320000,1773124380000,3.2900000000000003e-06,3.3e-06,22.726675157310865,target,3389511582.0,5
PEPE,1773125100000,1773125160000,3.2900000000000003e-06,3.3e-06,22.731768992746144,target,3390271289.0,5
PEPE,1773125520000,1773126480000,3.3e-06,3.31e-06,22.6953708391154,target,3389898557.0,5
PEPE,1773127380000,1773127440000,3.3e-06,3.31e-06,22.70044838067556,target,3390656965.0,5
PEPE,1773129300000,1773129360000,3.31e-06,3.32e-06,22.66404307835456,target,3390283183.0,5
PEPE,1773129900000,1773129960000,3.32e-06,3.33e-06,22.62763880362562,target,3389908435.0,5
PEPE,1773130920000,1773131580000,3.35e-06,3.36e-06,22.508424293955265,target,3387272279.0,5
PEPE,1773132720000,1773133260000,3.35e-06,3.36e-06,22.513414064325254,target,3388023185.0,5
PEPE,1773139020000,1773139200000,3.3700000000000003e-06,3.3800000000000002e-06,22.435667360500798,target,3386515828.0,5
PEPE,1773139620000,1773139740000,3.3700000000000003e-06,3.3800000000000002e-06,22.440622728000772,target,3387263808.0,5
PEPE,1773140220000,1773142080000,3.39e-06,3.37e-06,-84.8639625098413,time,3385755536.0,5
PEPE,1773142620000,1773142680000,3.3700000000000003e-06,3.3800000000000002e-06,22.42683528149911,target,3385182684.0,5
PEPE,1773188220000,1773188340000,3.2900000000000003e-06,3.3e-06,22.763345150972036,target,3394980634.0,5
PEPE,1773189420000,1773190080000,3.2800000000000004e-06,3.2900000000000003e-06,22.81002575121891,target,3396876508.0,5
PEPE,1773191220000,1773191280000,3.3e-06,3.31e-06,22.73199963268057,target,3395369624.0,5
PEPE,1773193620000,1773193680000,3.27e-06,3.28e-06,22.861876936898906,target,3399535604.0,5
PEPE,1773194280000,1773194460000,3.2800000000000004e-06,3.2900000000000003e-06,22.825385440771658,target,3399163878.0,5
PEPE,1773195120000,1773196740000,3.2900000000000003e-06,3.2500000000000002e-06,-152.58873002609988,stop,3398791180.0,5
PEPE,1773197280000,1773197340000,3.27e-06,3.28e-06,22.837829063200264,target,3395959712.0,5
PEPE,1773198120000,1773198180000,3.2900000000000003e-06,3.3e-06,22.759813178234854,target,3394453867.0,5
PEPE,1773198960000,1773199980000,3.2900000000000003e-06,3.3e-06,22.764914442810426,target,3395214682.0,5
PEPE,1773200520000,1773200580000,3.2900000000000003e-06,3.3e-06,22.770016853941293,target,3395975668.0,5
PEPE,1773201780000,1773201840000,3.2800000000000004e-06,3.2900000000000003e-06,22.816711131356644,target,3397872097.0,5
PEPE,1773205620000,1773205680000,3.3e-06,3.31e-06,22.73866214184509,target,3396364771.0,5
PEPE,1773211320000,1773211920000,3.2800000000000004e-06,3.2900000000000003e-06,22.826940319167356,target,3399395431.0,5
PEPE,1773214620000,1773215220000,3.27e-06,3.28e-06,22.873712513224216,target,3401295541.0,5
PEPE,1773215820000,1773216060000,3.27e-06,3.28e-06,22.878858039374958,target,3402060675.0,5
PEPE,1773216900000,1773216960000,3.27e-06,3.28e-06,22.8840047222241,target,3402825981.0,5
PEPE,1773218820000,1773218940000,3.27e-06,3.28e-06,22.889152561773457,target,3403591459.0,5
PEPE,1773219720000,1773219840000,3.26e-06,3.27e-06,22.936013472151384,target,3405495690.0,5
PEPE,1773220380000,1773220500000,3.26e-06,3.27e-06,22.941182409539213,target,3406263164.0,5
PEPE,1773220980000,1773221160000,3.27e-06,3.28e-06,22.904621796825715,target,3405891717.0,5
PEPE,1773221520000,1773221640000,3.27e-06,3.28e-06,22.909774276624283,target,3406657885.0,5
PEPE,1773222120000,1773223980000,3.27e-06,3.2500000000000002e-06,-84.79375183912485,time,3407424225.0,5
PEPE,1773224640000,1773224700000,3.27e-06,3.28e-06,22.895853250900732,target,3404587844.0,5
PEPE,1773225180000,1773225300000,3.27e-06,3.28e-06,22.901003753550807,target,3405353718.0,5
PEPE,1773274320000,1773274380000,3.3300000000000003e-06,3.34e-06,22.656339205491633,target,3399300706.0,5
PEPE,1773275220000,1773276060000,3.3300000000000003e-06,3.34e-06,22.661380251581534,target,3400057052.0,5
PEPE,1773277440000,1773277860000,3.32e-06,3.33e-06,22.70800745902621,target,3401948683.0,5
PEPE,1773280200000,1773280560000,3.31e-06,3.32e-06,22.754691364162042,target,3403843136.0,5
PEPE,1773281820000,1773282840000,3.32e-06,3.28e-06,-152.95180194672042,stop,3403466888.0,5
PEPE,1773285900000,1773285960000,3.2900000000000003e-06,3.3e-06,22.808837295315563,target,3401765443.0,5
PEPE,1773287220000,1773288720000,3.2900000000000003e-06,3.3e-06,22.813949549384944,target,3402527897.0,5
PEPE,1773289920000,1773289980000,3.2800000000000004e-06,3.2900000000000003e-06,22.860733919274054,target,3404427985.0,5
PEPE,1773290520000,1773290580000,3.2800000000000004e-06,3.2900000000000003e-06,22.865867160734982,target,3405192429.0,5
PEPE,1773291420000,1773291840000,3.2800000000000004e-06,3.2900000000000003e-06,22.87100155045931,target,3405957044.0,5
PEPE,1773294120000,1773294180000,3.27e-06,3.28e-06,22.917864027950472,target,3407860822.0,5
PEPE,1773294780000,1773294960000,3.27e-06,3.28e-06,22.923019486926474,target,3408627433.0,5
PEPE,1773295980000,1773296040000,3.27e-06,3.28e-06,22.928176102600872,target,3409394216.0,5
PEPE,1773297180000,1773297240000,3.27e-06,3.28e-06,22.933333881700566,target,3410161172.0,5
PEPE,1773297780000,1773297840000,3.27e-06,3.28e-06,22.938492817500475,target,3410928300.0,5
PEPE,1773299220000,1773299400000,3.27e-06,3.28e-06,22.943652910000605,target,3411695600.0,5
PEPE,1773300120000,1773300180000,3.27e-06,3.28e-06,22.948814172651105,target,3412463074.0,5
PEPE,1773301920000,1773301980000,3.3e-06,3.31e-06,22.828682295055494,target,3409810649.0,5
PEPE,1773302520000,1773302580000,3.2900000000000003e-06,3.3e-06,22.8755358527407,target,3411713028.0,5
PEPE,1773303840000,1773303900000,3.3e-06,3.31e-06,22.8389075016053,target,3411337939.0,5
PEPE,1773304620000,1773304740000,3.2900000000000003e-06,3.3e-06,22.88578204484942,target,3413241170.0,5
PEPE,1773305220000,1773305280000,3.2900000000000003e-06,3.3e-06,22.890911544179147,target,3414006196.0,5
PEPE,1773305820000,1773305940000,3.2900000000000003e-06,3.3e-06,22.89604219006417,target,3414771393.0,5
PEPE,1773308520000,1773308640000,3.2800000000000004e-06,3.2900000000000003e-06,22.942994912084504,target,3416678319.0,5
PEPE,1773361620000,1773361860000,3.4200000000000003e-06,3.43e-06,21.883857282974958,target,3328343313.0,6
PEPE,1773362220000,1773362520000,3.43e-06,3.39e-06,-150.10784215537396,stop,3327964575.0,6
PEPE,1773362820000,1773363060000,3.4e-06,3.41e-06,21.936873831410484,target,3326288678.0,6
PEPE,1773363780000,1773363960000,3.4200000000000003e-06,3.43e-06,21.86059756297375,target,3324805713.0,6
PEPE,1773364500000,1773364560000,3.43e-06,3.44e-06,21.824865736570686,target,3324427378.0,6
PEPE,1773364920000,1773365280000,3.44e-06,3.45e-06,21.789135334829446,target,3324048106.0,6
PEPE,1773366420000,1773366480000,3.44e-06,3.45e-06,21.793885972755966,target,3324772841.0,6
PEPE,1773367020000,1773368880000,3.45e-06,3.43e-06,-83.62509462040528,time,3324392551.0,6
PEPE,1773369900000,1773369960000,3.4200000000000003e-06,3.43e-06,21.861394873775584,target,3324926977.0,6
PEPE,1773371520000,1773371580000,3.44e-06,3.45e-06,21.78517144111613,target,3323443393.0,6
PEPE,1773372720000,1773372780000,3.43e-06,3.44e-06,21.830420350246577,target,3325273473.0,6
PEPE,1773373740000,1773373860000,3.4200000000000003e-06,3.43e-06,21.875723764699117,target,3327106276.0,6
PEPE,1773374220000,1773374280000,3.4600000000000003e-06,3.4700000000000002e-06,21.718497446138983,target,3323412004.0,6
PEPE,1773378180000,1773378240000,3.43e-06,3.44e-06,21.844711252324288,target,3327450305.0,6
PEPE,1773379320000,1773379800000,3.44e-06,3.45e-06,21.808948366395526,target,3327070689.0,6
PEPE,1773380280000,1773380340000,3.45e-06,3.46e-06,21.773186933576323,target,3326690135.0,6
PEPE,1773382560000,1773382680000,3.44e-06,3.45e-06,21.8184504812861,target,3328520287.0,6
PEPE,1773383340000,1773383940000,3.43e-06,3.44e-06,21.863768515095014,target,3330353163.0,6
PEPE,1773385620000,1773385680000,3.44e-06,3.45e-06,21.82797442432527,target,3329973215.0,6
PEPE,1773386460000,1773386640000,3.45e-06,3.46e-06,21.79218179330474,target,3329592329.0,6
PEPE,1773387960000,1773388020000,3.45e-06,3.46e-06,21.796924274124805,target,3330316925.0,6
PEPE,1773388920000,1773389220000,3.44e-06,3.45e-06,21.84223716696137,target,3332149072.0,6
PEPE,1773390420000,1773390660000,3.45e-06,3.46e-06,21.806421154209684,target,3331767938.0,6
PEPE,1773391620000,1773391800000,3.4600000000000003e-06,3.4700000000000002e-06,21.770606634310006,target,3331385866.0,6
PEPE,1773446520000,1773446760000,3.36e-06,3.37e-06,22.182241716359933,target,3343216536.0,6
PEPE,1773448320000,1773448560000,3.3800000000000002e-06,3.39e-06,22.105533987811654,target,3341728494.0,6
PEPE,1773448920000,1773448980000,3.3800000000000002e-06,3.39e-06,22.110407450145495,target,3342465223.0,6
PEPE,1773450120000,1773450180000,3.3700000000000003e-06,3.3800000000000002e-06,22.156094447375008,target,3344316143.0,6
PEPE,1773451920000,1773451980000,3.4e-06,3.41e-06,22.038605162190436,target,3341714202.0,6
PEPE,1773455040000,1773455100000,3.39e-06,3.4e-06,22.084222036434003,target,3343561247.0,6
PEPE,1773455580000,1773455700000,3.4e-06,3.41e-06,22.04829675870347,target,3343183739.0,6
PEPE,1773457380000,1773457500000,3.4e-06,3.41e-06,22.05313967165059,target,3343918070.0,6
PEPE,1773459120000,1773459180000,3.41e-06,3.42e-06,22.017207831391005,target,3343539534.0,6
PEPE,1773461580000,1773461700000,3.4e-06,3.41e-06,22.06281974010432,target,3345385859.0,6
PEPE,1773462240000,1773462360000,3.39e-06,3.4e-06,22.108486739070393,target,3347234934.0,6
PEPE,1773462720000,1773462840000,3.4e-06,3.41e-06,22.072521987545024,target,3346857011.0,6
PEPE,1773463920000,1773464160000,3.4200000000000003e-06,3.3800000000000002e-06,-150.84250225884114,stop,3345364876.0,6
PEPE,1773466020000,1773466620000,3.39e-06,3.35e-06,-150.61612537471476,stop,3343681327.0,6
PEPE,1773468240000,1773468420000,3.3700000000000003e-06,3.3800000000000002e-06,22.13338519287656,target,3340888331.0,6
PEPE,1773469020000,1773469500000,3.36e-06,3.32e-06,-150.42330490500012,stop,3342740109.0,6
PEPE,1773472320000,1773472500000,3.34e-06,3.35e-06,22.227368081875188,target,3339950125.0,6
PEPE,1773473100000,1773473340000,3.34e-06,3.35e-06,22.23230460781049,target,3340691902.0,6
PEPE,1773474000000,1773474180000,3.34e-06,3.35e-06,22.237242231820193,target,3341433844.0,6
PEPE,1773474720000,1773474780000,3.34e-06,3.35e-06,22.242180953906114,target,3342175951.0,6
PEPE,1773477240000,1773477360000,3.34e-06,3.35e-06,22.2471207674091,target,3342918222.0,6
PEPE,1773479520000,1773479640000,3.34e-06,3.35e-06,22.252061685647462,target,3343660659.0,6
PEPE,1773480780000,1773480960000,3.34e-06,3.35e-06,22.25700369530107,target,3344403260.0,6
PEPE,1773481440000,1773481500000,3.34e-06,3.35e-06,22.26194680968641,target,3345146027.0,6
PEPE,1773532980000,1773533160000,3.35e-06,3.36e-06,22.22601851204985,target,3344773290.0,6
PEPE,1773533640000,1773533700000,3.35e-06,3.36e-06,22.230945673229833,target,3345514774.0,6
PEPE,1773534780000,1773534840000,3.34e-06,3.35e-06,22.276764566484808,target,3347372587.0,6
PEPE,1773535320000,1773535380000,3.34e-06,3.35e-06,22.28171205986036,target,3348116012.0,6
PEPE,1773535980000,1773536040000,3.3300000000000003e-06,3.34e-06,22.327596751654156,target,3349977007.0,6
PEPE,1773536520000,1773536640000,3.3300000000000003e-06,3.34e-06,22.33256464937011,target,3350722378.0,6
PEPE,1773538980000,1773539040000,3.34e-06,3.35e-06,22.296579336515002,target,3350350013.0,6
PEPE,1773540780000,1773540900000,3.36e-06,3.37e-06,22.219686345494253,target,3348860037.0,6
PEPE,1773542040000,1773542400000,3.36e-06,3.37e-06,22.22460305964115,target,3349601064.0,6
PEPE,1773544140000,1773546000000,3.3800000000000002e-06,3.37e-06,-50.42253932586132,time,3348110181.0,6
PEPE,1773546660000,1773546720000,3.36e-06,3.37e-06,22.218363499006127,target,3348660663.0,6
PEPE,1773547080000,1773547140000,3.36e-06,3.37e-06,22.223279914575993,target,3349401645.0,6
PEPE,1773548820000,1773548940000,3.35e-06,3.36e-06,22.26912188931119,target,3351259878.0,6
PEPE,1773549780000,1773549840000,3.35e-06,3.36e-06,22.27405861264529,target,3352002801.0,6
PEPE,1773550320000,1773550380000,3.35e-06,3.36e-06,22.278996432404785,target,3352745889.0,6
PEPE,1773551100000,1773551160000,3.35e-06,3.36e-06,22.28393534194462,target,3353489141.0,6
PEPE,1773551520000,1773551580000,3.35e-06,3.36e-06,22.288875347909855,target,3354232558.0,6
PEPE,1773552180000,1773552240000,3.36e-06,3.37e-06,22.252846595890635,target,3353857814.0,6
PEPE,1773552960000,1773553080000,3.35e-06,3.36e-06,22.29874956539927,target,3355718520.0,6
PEPE,1773553860000,1773553920000,3.35e-06,3.36e-06,22.30369285399564,target,3356462431.0,6
PEPE,1773555420000,1773555540000,3.35e-06,3.36e-06,22.30863723901559,target,3357206507.0,6
PEPE,1773556380000,1773556440000,3.34e-06,3.35e-06,22.354616253861114,target,3359070812.0,6
PEPE,1773556920000,1773557340000,3.34e-06,3.35e-06,22.35958104358007,target,3359816836.0,6
PEPE,1773558060000,1773558180000,3.34e-06,3.35e-06,22.36454693137525,target,3360563025.0,6
PEPE,1773619920000,1773620160000,3.4700000000000002e-06,3.48e-06,21.83784989647597,target,3346796919.0,6
PEPE,1773622020000,1773622080000,3.4700000000000002e-06,3.48e-06,21.84258463875141,target,3347522550.0,6
PEPE,1773623340000,1773624060000,3.48e-06,3.49e-06,21.806595620044824,target,3347136703.0,6
PEPE,1773624420000,1773624540000,3.5000000000000004e-06,3.5100000000000003e-06,21.72992864992341,target,3345639515.0,6
PEPE,1773626220000,1773626460000,3.52e-06,3.48e-06,-151.28897367480175,stop,3344141770.0,6
PEPE,1773627480000,1773627540000,3.49e-06,3.5e-06,21.74262271132311,target,3342447765.0,6
PEPE,1773628380000,1773628620000,3.48e-06,3.49e-06,21.787982265046814,target,3344279703.0,6
PEPE,1773629220000,1773629280000,3.48e-06,3.49e-06,21.792697398569405,target,3345003438.0,6
PEPE,1773630000000,1773630300000,3.5000000000000004e-06,3.5100000000000003e-06,21.716079289981334,target,3343507204.0,6
PEPE,1773630840000,1773631260000,3.52e-06,3.53e-06,21.639517430649892,target,3342010414.0,6
PEPE,1773632940000,1773633120000,3.57e-06,3.58e-06,21.441482867224305,target,3337195777.0,6
PEPE,1773633480000,1773633540000,3.58e-06,3.59e-06,21.40558062176134,target,3336801344.0,6
PEPE,1773634020000,1773634080000,3.62e-06,3.63e-06,21.248501311874794,target,3333098245.0,6
PEPE,1773634620000,1773635520000,3.6400000000000003e-06,3.6000000000000003e-06,-151.3212180410403,stop,3331598812.0,6
PEPE,1773636060000,1773636120000,3.62e-06,3.63e-06,21.22108464900037,target,3328797592.0,6
PEPE,1773637080000,1773637140000,3.67e-06,3.68e-06,21.024343161798782,target,3324006824.0,6
PEPE,1773638280000,1773638340000,3.6900000000000002e-06,3.7e-06,20.948415859215704,target,3322508463.0,6
PEPE,1773638820000,1773639000000,3.7300000000000003e-06,3.74e-06,20.79242321936607,target,3318822541.0,6
PEPE,1773640080000,1773640320000,3.7700000000000003e-06,3.7300000000000003e-06,-151.22016510816007,stop,3315141184.0,6
PEPE,1773641340000,1773641520000,3.76e-06,3.77e-06,20.6456740271594,target,3311254856.0,6
PEPE,1773641880000,1773641940000,3.81e-06,3.82e-06,20.450677846589194,target,3306496014.0,6
PEPE,1773642420000,1773642480000,3.7800000000000002e-06,3.79e-06,20.574319168478606,target,3310429472.0,6
PEPE,1773644220000,1773644400000,3.88e-06,3.89e-06,20.18107265570071,target,3300257180.0,6
PEPE,1773645660000,1773645720000,3.95e-06,3.96e-06,19.90839240428841,target,3293365162.0,6
PEPE,1773706320000,1773706440000,3.99e-06,4e-06,19.75473626307575,target,3289714615.0,6
PEPE,1773707520000,1773707760000,4e-06,4.01e-06,19.719269611966613,target,3289286007.0,6
PEPE,1773709320000,1773709500000,3.99e-06,3.95e-06,-151.20517859621873,stop,3291003996.0,6
PEPE,1773710520000,1773710940000,3.99e-06,4e-06,19.732820451105106,target,3286065021.0,6
PEPE,1773711420000,1773711780000,3.99e-06,3.95e-06,-151.00787142337526,stop,3286709575.0,6
PEPE,1773714480000,1773714540000,3.96e-06,3.97e-06,19.82494165059056,target,3284994474.0,6
PEPE,1773715620000,1773716460000,3.96e-06,3.920000000000001e-06,-150.8109986447984,stop,3285642672.0,6
PEPE,1773718020000,1773718080000,3.94e-06,3.95e-06,19.87770156911198,target,3282857402.0,6
PEPE,1773721020000,1773721200000,3.9e-06,3.91e-06,20.03919189325111,target,3287808350.0,6
PEPE,1773728820000,1773728880000,3.81e-06,3.82e-06,20.39927076758524,target,3298184441.0,6
PEPE,1773730380000,1773731460000,3.8e-06,3.81e-06,20.44311854906984,target,3299938426.0,6
PEPE,1773731820000,1773731880000,3.8e-06,3.81e-06,20.447281112055613,target,3300610349.0,6
PEPE,1773732540000,1773732660000,3.79e-06,3.8e-06,20.49118901583589,target,3302367287.0,6
PEPE,1773733140000,1773733200000,3.79e-06,3.8e-06,20.495369473255447,target,3303041011.0,6
PEPE,1773734400000,1773734520000,3.81e-06,3.82e-06,20.42005548482561,target,3301544945.0,6
PEPE,1773734820000,1773734940000,3.81e-06,3.82e-06,20.424205279649335,target,3302215890.0,6
PEPE,1773735420000,1773735600000,3.8e-06,3.81e-06,20.468106657704638,target,3303972019.0,6
PEPE,1773736080000,1773736140000,3.8e-06,3.81e-06,20.472274312979202,target,3304644764.0,6
PEPE,1773736740000,1773736800000,3.8e-06,3.81e-06,20.476442810777097,target,3305317645.0,6
PEPE,1773738060000,1773738180000,3.79e-06,3.8e-06,20.520413331040444,target,3307077088.0,6
PEPE,1773739680000,1773739740000,3.79e-06,3.8e-06,20.52459975766954,target,3307751774.0,6
PEPE,1773740340000,1773740400000,3.79e-06,3.8e-06,20.528787034387232,target,3308426597.0,6
PEPE,1773745020000,1773745140000,3.75e-06,3.76e-06,20.692539408395916,target,3313457071.0,6
PEPE,1773745740000,1773745800000,3.75e-06,3.76e-06,20.69679375219537,target,3314138311.0,6
PEPE,1773792900000,1773792960000,3.66e-06,3.67e-06,21.061757146149883,target,3324665690.0,6
PEPE,1773794940000,1773795120000,3.67e-06,3.68e-06,21.0259699834257,target,3324264029.0,6
PEPE,1773796620000,1773796680000,3.6800000000000003e-06,3.6900000000000002e-06,20.990185063065592,target,3323861451.0,6
PEPE,1773797220000,1773797280000,3.6800000000000003e-06,3.6900000000000002e-06,20.994559046775095,target,3324554085.0,6
PEPE,1773798540000,1773798660000,3.6900000000000002e-06,3.7e-06,20.958768959246342,target,3324150509.0,6
PEPE,1773799020000,1773799740000,3.6900000000000002e-06,3.7e-06,20.96312804079056,target,3324841878.0,6
PEPE,1773800940000,1773801000000,3.71e-06,3.72e-06,20.887204074046895,target,3323341937.0,6
PEPE,1773801420000,1773801480000,3.7300000000000003e-06,3.74e-06,20.811336809549704,target,3321841470.0,6
PEPE,1773802020000,1773802080000,3.7200000000000004e-06,3.7300000000000003e-06,20.85572458620011,target,3323621448.0,6
PEPE,1773803280000,1773803640000,3.7300000000000003e-06,3.74e-06,20.819936562041462,target,3323214136.0,6
PEPE,1773804720000,1773804840000,3.7800000000000002e-06,3.79e-06,20.624083941338867,target,3318436676.0,6
PEPE,1773805440000,1773806880000,3.74e-06,3.7e-06,-151.45121710067897,stop,3323485124.0,6
PEPE,1773810960000,1773811020000,3.71e-06,3.72e-06,20.87737241712032,target,3321777632.0,6
PEPE,1773811560000,1773811860000,3.7e-06,3.71e-06,20.921816123595324,target,3323560941.0,6
PEPE,1773812400000,1773812580000,3.6900000000000002e-06,3.7e-06,20.9663121477544,target,3325346891.0,6
PEPE,1773814020000,1773814080000,3.6800000000000003e-06,3.6900000000000002e-06,21.010860606719138,target,3327135488.0,6
PEPE,1773814680000,1773814740000,3.6800000000000003e-06,3.6900000000000002e-06,21.015238903576066,target,3327828805.0,6
PEPE,1773815460000,1773815520000,3.6800000000000003e-06,3.6900000000000002e-06,21.019618116105256,target,3328522267.0,6
PEPE,1773816000000,1773816420000,3.6800000000000003e-06,3.6900000000000002e-06,21.023998231681283,target,3329215872.0,6
PEPE,1773817020000,1773817080000,3.67e-06,3.68e-06,21.06862711800275,target,3331008240.0,6
PEPE,1773818280000,1773818340000,3.66e-06,3.67e-06,21.113308683776367,target,3332803265.0,6
PEPE,1773819180000,1773819240000,3.65e-06,3.66e-06,21.1580430277489,target,3334600950.0,6
PEPE,1773820380000,1773820440000,3.66e-06,3.67e-06,21.122151019758416,target,3334199056.0,6
PEPE,1773821640000,1773821700000,3.66e-06,3.67e-06,21.126569365508573,target,3334896506.0,6
PEPE,1773878760000,1773880260000,3.52e-06,3.53e-06,21.698227641299862,target,3351077628.0,6
PEPE,1773880620000,1773880740000,3.5100000000000003e-06,3.52e-06,21.74361572101894,target,3352909132.0,6
PEPE,1773883140000,1773883200000,3.5100000000000003e-06,3.52e-06,21.748294920890785,target,3353630674.0,6
PEPE,1773883620000,1773883740000,3.5100000000000003e-06,3.52e-06,21.7529751259374,target,3354352371.0,6
PEPE,1773884340000,1773884400000,3.5100000000000003e-06,3.52e-06,21.75765633615515,target,3355074223.0,6
PEPE,1773884820000,1773884880000,3.5100000000000003e-06,3.52e-06,21.76233855803633,target,3355796231.0,6
PEPE,1773886320000,1773886380000,3.5100000000000003e-06,3.52e-06,21.767021785090463,target,3356518394.0,6
PEPE,1773886920000,1773886980000,3.5100000000000003e-06,3.52e-06,21.77170602380621,target,3357240713.0,6
PEPE,1773888120000,1773888180000,3.5100000000000003e-06,3.52e-06,21.77639126769673,target,3357963187.0,6
PEPE,1773888720000,1773888780000,3.5100000000000003e-06,3.52e-06,21.781077523245223,target,3358685817.0,6
PEPE,1773889380000,1773889440000,3.5100000000000003e-06,3.52e-06,21.785764783970304,target,3359408602.0,6
PEPE,1773891180000,1773891540000,3.5500000000000003e-06,3.5100000000000003e-06,-151.9619490104529,stop,3355679563.0,6
PEPE,1773893820000,1773894000000,3.5000000000000004e-06,3.5100000000000003e-06,21.798531944534396,target,3356201993.0,6
PEPE,1773897120000,1773898500000,3.49e-06,3.45e-06,-151.76660623007874,stop,3358039744.0,6
PEPE,1773899220000,1773899280000,3.4700000000000002e-06,3.48e-06,21.892858347825136,target,3355227333.0,6
PEPE,1773900780000,1773900840000,3.4700000000000002e-06,3.48e-06,21.897605024325674,target,3355954793.0,6
PEPE,1773901320000,1773901380000,3.4700000000000002e-06,3.48e-06,21.902352725248782,target,3356682410.0,6
PEPE,1773902640000,1773902700000,3.4700000000000002e-06,3.48e-06,21.907101457124956,target,3357410185.0,6
PEPE,1773903120000,1773904620000,3.48e-06,3.44e-06,-151.67030808564024,stop,3357023198.0,6
PEPE,1773907200000,1773907320000,3.4600000000000003e-06,3.4700000000000002e-06,21.919777890229618,target,3354212378.0,6
PEPE,1773908640000,1773908700000,3.45e-06,3.46e-06,21.965386146934357,target,3356055943.0,6
PEPE,1773909120000,1773909180000,3.44e-06,3.45e-06,22.011049248751505,target,3357902250.0,6
PEPE,1773910320000,1773910920000,3.4600000000000003e-06,3.4700000000000002e-06,21.934091749059153,target,3356402716.0,6
PEPE,1773911220000,1773911340000,3.45e-06,3.46e-06,21.979729782781824,target,3358247484.0,6
PEPE,1773964980000,1773965040000,3.41e-06,3.42e-06,22.148314970669794,target,3363449502.0,6
PEPE,1773966240000,1773966420000,3.41e-06,3.42e-06,22.153170861616335,target,3364186919.0,6
PEPE,1773966720000,1773966780000,3.41e-06,3.42e-06,22.158027819329128,target,3364924498.0,6
PEPE,1773968100000,1773968160000,3.4200000000000003e-06,3.43e-06,22.12186752924944,target,3364542590.0,6
PEPE,1773968520000,1773968640000,3.43e-06,3.44e-06,22.085708653711283,target,3364159734.0,6
PEPE,1773969120000,1773969180000,3.4200000000000003e-06,3.43e-06,22.131541852749987,target,3366013970.0,6
PEPE,1773970380000,1773970440000,3.43e-06,3.44e-06,22.095367160491605,target,3365630946.0,6
PEPE,1773971640000,1773971700000,3.44e-06,3.45e-06,22.059193914570898,target,3365246974.0,6
PEPE,1773972240000,1773972300000,3.43e-06,3.44e-06,22.10501197924587,target,3367100073.0,6
PEPE,1773975120000,1773975180000,3.4200000000000003e-06,3.43e-06,22.150885239750238,target,3368955930.0,6
PEPE,1773978240000,1773978300000,3.4200000000000003e-06,3.43e-06,22.155732704526276,target,3369693187.0,6
PEPE,1773979500000,1773979620000,3.4200000000000003e-06,3.43e-06,22.16058123444911,target,3370430606.0,6
PEPE,1773980640000,1773980700000,3.43e-06,3.44e-06,22.124359080201856,target,3370047080.0,6
PEPE,1773981120000,1773982440000,3.43e-06,3.44e-06,22.129191767085985,target,3370783209.0,6
PEPE,1773983520000,1773983580000,3.4600000000000003e-06,3.4700000000000002e-06,22.010920254369523,target,3368159182.0,6
PEPE,1773984180000,1773984420000,3.4700000000000002e-06,3.48e-06,21.974711947650995,target,3367771946.0,6
PEPE,1773984780000,1773984840000,3.45e-06,3.46e-06,22.061500342421624,target,3370741076.0,6
PEPE,1773985920000,1773985980000,3.4700000000000002e-06,3.48e-06,21.98425960170077,target,3369235188.0,6
PEPE,1773987120000,1773987180000,3.4700000000000002e-06,3.48e-06,21.98902609462551,target,3369965685.0,6
PEPE,1773988020000,1773988260000,3.4600000000000003e-06,3.4700000000000002e-06,22.034818690555362,target,3371816173.0,6
PEPE,1773988860000,1773988920000,3.45e-06,3.46e-06,22.08066630808536,target,3373669413.0,6
PEPE,1773989580000,1773989640000,3.45e-06,3.46e-06,22.085471561999967,target,3374403600.0,6
PEPE,1773992400000,1773992460000,3.45e-06,3.46e-06,22.090277869660714,target,3375137948.0,6
PEPE,1773992880000,1773994200000,3.45e-06,3.46e-06,22.095085217973892,target,3375872455.0,6
PEPE,1774051620000,1774051680000,3.41e-06,3.42e-06,22.26455518179133,target,3381101774.0,6
PEPE,1774052820000,1774052880000,3.4200000000000003e-06,3.43e-06,22.22822104724853,target,3380718030.0,6
PEPE,1774053480000,1774053540000,3.4200000000000003e-06,3.43e-06,22.233085442651728,target,3381457862.0,6
PEPE,1774054260000,1774054320000,3.4200000000000003e-06,3.43e-06,22.237950896624405,target,3382197855.0,6
PEPE,1774057200000,1774057380000,3.4200000000000003e-06,3.43e-06,22.24281742232665,target,3382938011.0,6
PEPE,1774058580000,1774058640000,3.41e-06,3.42e-06,22.28893660524146,target,3384804344.0,6
PEPE,1774059780000,1774059900000,3.4200000000000003e-06,3.43e-06,22.25256268349907,target,3384420180.0,6
PEPE,1774060500000,1774060560000,3.4200000000000003e-06,3.43e-06,22.257432404650803,target,3385160822.0,6
PEPE,1774061160000,1774061220000,3.4200000000000003e-06,3.43e-06,22.262303190949336,target,3385901626.0,6
PEPE,1774061520000,1774061580000,3.43e-06,3.44e-06,22.225914765534277,target,3385516339.0,6
PEPE,1774062180000,1774062360000,3.43e-06,3.44e-06,22.23076963555499,target,3386255847.0,6
PEPE,1774062840000,1774062900000,3.43e-06,3.44e-06,22.235625575669903,target,3386995518.0,6
PEPE,1774065120000,1774065180000,3.43e-06,3.44e-06,22.240482572750764,target,3387735350.0,6
PEPE,1774067100000,1774067280000,3.43e-06,3.44e-06,22.245340626793933,target,3388475343.0,6
PEPE,1774068240000,1774068360000,3.4200000000000003e-06,3.43e-06,22.291505106651343,target,3390342982.0,6
PEPE,1774069020000,1774069080000,3.43e-06,3.44e-06,22.255068945786924,target,3389957189.0,6
PEPE,1774069620000,1774069800000,3.44e-06,3.45e-06,22.218634240754948,target,3389570441.0,6
PEPE,1774070880000,1774070940000,3.44e-06,3.45e-06,22.22347852341031,target,3390309462.0,6
PEPE,1774071420000,1774071480000,3.45e-06,3.46e-06,22.187037362875454,target,3389921675.0,6
PEPE,1774072680000,1774072740000,3.44e-06,3.45e-06,22.23316125477128,target,3391786614.0,6
PEPE,1774074720000,1774074780000,3.44e-06,3.45e-06,22.23800870349022,target,3392526118.0,6
PEPE,1774075320000,1774075380000,3.44e-06,3.45e-06,22.242857207566118,target,3393265783.0,6
PEPE,1774076760000,1774076880000,3.43e-06,3.44e-06,22.289056751713474,target,3395134311.0,6
PEPE,1774077420000,1774077540000,3.43e-06,3.44e-06,22.293925414799055,target,3395875920.0,6
PEPE,1774141260000,1774141320000,3.32e-06,3.33e-06,22.755666304875334,target,3409088585.0,6
PEPE,1774141800000,1774141980000,3.32e-06,3.33e-06,22.76073873082499,target,3409848499.0,6
PEPE,1774142640000,1774142700000,3.32e-06,3.33e-06,22.765812291525553,target,3410608583.0,6
PEPE,1774143240000,1774143300000,3.31e-06,3.32e-06,22.81261503073175,target,3412507858.0,6
PEPE,1774145640000,1774145700000,3.32e-06,3.33e-06,22.775972108775996,target,3412130653.0,6
PEPE,1774146120000,1774146180000,3.32e-06,3.33e-06,22.781049067049217,target,3412891246.0,6
PEPE,1774146720000,1774147740000,3.34e-06,3.35e-06,22.70269877490864,target,3411374722.0,6
PEPE,1774148220000,1774149120000,3.34e-06,3.35e-06,22.70774086911047,target,3412132362.0,6
PEPE,1774149480000,1774149540000,3.34e-06,3.35e-06,22.71278408800694,target,3412890171.0,6
PEPE,1774150680000,1774150740000,3.36e-06,3.37e-06,22.634455754569636,target,3411372382.0,6
PEPE,1774151280000,1774151400000,3.35e-06,3.36e-06,22.681145898420986,target,3413264996.0,6
PEPE,1774152060000,1774152120000,3.34e-06,3.35e-06,22.727892668306282,target,3415160431.0,6
PEPE,1774152540000,1774152600000,3.35e-06,3.36e-06,22.69121238898571,target,3414779893.0,6
PEPE,1774153200000,1774154100000,3.35e-06,3.36e-06,22.69624268056728,target,3415536897.0,6
PEPE,1774155180000,1774155360000,3.36e-06,3.37e-06,22.659555442039238,target,3415155304.0,6
PEPE,1774156440000,1774156500000,3.36e-06,3.37e-06,22.66456948499895,target,3415911000.0,6
PEPE,1774157040000,1774157100000,3.35e-06,3.36e-06,22.71132174713935,target,3417806132.0,6
PEPE,1774158120000,1774158360000,3.35e-06,3.36e-06,22.71635650416139,target,3418563808.0,6
PEPE,1774159080000,1774159140000,3.35e-06,3.36e-06,22.7213923708953,target,3419321651.0,6
PEPE,1774159620000,1774161480000,3.34e-06,3.3300000000000003e-06,-51.31830673499924,time,3421220449.0,6
PEPE,1774163040000,1774163100000,3.34e-06,3.35e-06,22.756824688510402,target,3419507842.0,6
PEPE,1774164360000,1774165560000,3.34e-06,3.3e-06,-153.8094199413596,stop,3420267288.0,6
PEPE,1774166400000,1774167060000,3.32e-06,3.28e-06,-153.57859046292015,stop,3417414118.0,6
PEPE,1774170120000,1774170180000,3.31e-06,3.32e-06,22.81874452728515,target,3413424761.0,6
PEPE,1774224240000,1774224300000,3.2800000000000004e-06,3.2900000000000003e-06,22.949253513679768,target,3417610352.0,6
PEPE,1774225020000,1774225260000,3.2800000000000004e-06,3.2900000000000003e-06,22.95440663154055,target,3418377756.0,6
PEPE,1774226220000,1774226280000,3.27e-06,3.28e-06,23.001440007825323,target,3420288477.0,6
PEPE,1774226820000,1774226940000,3.2800000000000004e-06,3.2900000000000003e-06,22.964725746631302,target,3419914482.0,6
PEPE,1774230600000,1774230720000,3.3e-06,3.31e-06,22.886170445710846,target,3418397378.0,6
PEPE,1774231080000,1774231260000,3.3e-06,3.31e-06,22.891290674590252,target,3419162162.0,6
PEPE,1774232520000,1774232580000,3.3e-06,3.31e-06,22.896412041619506,target,3419927116.0,6
PEPE,1774233900000,1774234800000,3.32e-06,3.33e-06,22.81787831280028,target,3418408736.0,6
PEPE,1774235220000,1774235280000,3.3300000000000003e-06,3.34e-06,22.781169036894344,target,3418029863.0,6
PEPE,1774235820000,1774235940000,3.32e-06,3.33e-06,22.82804272244941,target,3419931494.0,6
PEPE,1774238940000,1774239000000,3.32e-06,3.33e-06,22.833131288548763,target,3420693826.0,6
PEPE,1774240080000,1774240140000,3.32e-06,3.33e-06,22.838220982726234,target,3421456327.0,6
PEPE,1774240920000,1774240980000,3.32e-06,3.33e-06,22.84331181832559,target,3422218999.0,6
PEPE,1774241640000,1774241700000,3.32e-06,3.33e-06,22.84840378200124,target,3422981840.0,6
PEPE,1774242120000,1774242180000,3.34e-06,3.35e-06,22.769821843615944,target,3421460833.0,6
PEPE,1774242780000,1774242840000,3.34e-06,3.35e-06,22.774878845015195,target,3422220713.0,6
PEPE,1774243380000,1774243440000,3.3300000000000003e-06,3.34e-06,22.82177911516954,target,3424122898.0,6
PEPE,1774244460000,1774244520000,3.3300000000000003e-06,3.34e-06,22.826856965389688,target,3424884766.0,6
PEPE,1774244940000,1774245000000,3.3300000000000003e-06,3.34e-06,22.831935948659456,target,3425646804.0,6
PEPE,1774246020000,1774246140000,3.32e-06,3.33e-06,22.878914085600044,target,3427552672.0,6
PEPE,1774247880000,1774248060000,3.32e-06,3.33e-06,22.884013992526597,target,3428316703.0,6
PEPE,1774252080000,1774252140000,3.2900000000000003e-06,3.3e-06,23.015033216820278,target,3432518004.0,6
PEPE,1774252800000,1774252920000,3.2800000000000004e-06,3.2900000000000003e-06,23.062229950600184,target,3434434840.0,6
PEPE,1774253820000,1774253880000,3.2900000000000003e-06,3.3e-06,23.02536073387395,target,3434058275.0,6
PEPE,1774310520000,1774311540000,3.4600000000000003e-06,3.4200000000000003e-06,-154.20660156090062,stop,3415428606.0,6
PEPE,1774312080000,1774312740000,3.44e-06,3.4e-06,-153.97517599679816,stop,3412570390.0,6
PEPE,1774313520000,1774313640000,3.4200000000000003e-06,3.43e-06,22.418883186550445,target,3409716074.0,6
PEPE,1774315920000,1774316160000,3.41e-06,3.42e-06,22.46536743030104,target,3411597180.0,6
PEPE,1774317660000,1774317720000,3.4e-06,3.41e-06,22.511907768765983,target,3413481087.0,6
PEPE,1774318140000,1774318200000,3.41e-06,3.42e-06,22.475228441460036,target,3413094676.0,6
PEPE,1774319220000,1774319400000,3.41e-06,3.42e-06,22.48015601012983,target,3413842978.0,6
PEPE,1774319940000,1774320240000,3.41e-06,3.42e-06,22.485084658739595,target,3414591444.0,6
PEPE,1774320780000,1774322640000,3.41e-06,3.42e-06,22.49001438728933,target,3415340074.0,6
PEPE,1774324320000,1774324380000,3.4200000000000003e-06,3.43e-06,22.453312319302388,target,3414952444.0,6
PEPE,1774324920000,1774325040000,3.43e-06,3.44e-06,22.41661168838091,target,3414563852.0,6
PEPE,1774325520000,1774325640000,3.4200000000000003e-06,3.43e-06,22.463131588676283,target,3416445869.0,6
PEPE,1774326120000,1774326180000,3.4200000000000003e-06,3.43e-06,22.468047394001253,target,3417193520.0,6
PEPE,1774327680000,1774327800000,3.41e-06,3.42e-06,22.514633575334468,target,3419078751.0,6
PEPE,1774328220000,1774328280000,3.41e-06,3.42e-06,22.51956978352405,target,3419828365.0,6
PEPE,1774329420000,1774329540000,3.4e-06,3.41e-06,22.56622241470988,target,3421716818.0,6
PEPE,1774330800000,1774330860000,3.41e-06,3.42e-06,22.529454586288605,target,3421329474.0,6
PEPE,1774331340000,1774331400000,3.41e-06,3.42e-06,22.534394047470016,target,3422079582.0,6
PEPE,1774333140000,1774333320000,3.41e-06,3.42e-06,22.53933458200545,target,3422829853.0,6
PEPE,1774333680000,1774333740000,3.41e-06,3.42e-06,22.54427620306499,target,3423580289.0,6
PEPE,1774334220000,1774334280000,3.4200000000000003e-06,3.43e-06,22.507485591875245,target,3423191725.0,6
PEPE,1774334820000,1774334880000,3.4200000000000003e-06,3.43e-06,22.512411095324843,target,3423940851.0,6
PEPE,1774337280000,1774337340000,3.45e-06,3.46e-06,22.392249417230055,target,3421275694.0,6
PEPE,1774339020000,1774339080000,3.4700000000000002e-06,3.48e-06,22.313850675751386,target,3419747230.0,6
PEPE,1774396920000,1774396980000,3.53e-06,3.54e-06,22.069481593321033,target,3413686248.0,6
PEPE,1774398120000,1774398240000,3.53e-06,3.54e-06,22.074213132870653,target,3414418118.0,6
PEPE,1774399740000,1774400760000,3.54e-06,3.5e-06,-154.55261980376912,stop,3414018551.0,6
PEPE,1774401240000,1774401300000,3.52e-06,3.53e-06,22.087231881926492,target,3411155503.0,6
PEPE,1774402080000,1774402200000,3.5100000000000003e-06,3.52e-06,22.13343367536831,target,3413019842.0,6
PEPE,1774403220000,1774403400000,3.52e-06,3.53e-06,22.096730286049116,target,3412622438.0,6
PEPE,1774403940000,1774405800000,3.52e-06,3.5e-06,-86.22135879330112,time,3413355455.0,6
PEPE,1774407000000,1774407060000,3.5000000000000004e-06,3.5100000000000003e-06,22.165865353347993,target,3412758330.0,6
PEPE,1774407720000,1774408140000,3.5000000000000004e-06,3.5100000000000003e-06,22.170644354866656,target,3413494127.0,6
PEPE,1774411020000,1774411080000,3.53e-06,3.54e-06,22.05104886978011,target,3410835092.0,6
PEPE,1774414320000,1774414380000,3.52e-06,3.53e-06,22.097216357825843,target,3412697507.0,6
PEPE,1774415760000,1774416420000,3.5600000000000002e-06,3.57e-06,21.936332239965637,target,3408909439.0,6
PEPE,1774417320000,1774417380000,3.5600000000000002e-06,3.57e-06,21.941008760384424,target,3409636171.0,6
PEPE,1774420800000,1774420860000,3.58e-06,3.59e-06,21.863000208110844,target,3408106034.0,6
PEPE,1774421280000,1774421520000,3.5900000000000004e-06,3.6000000000000003e-06,21.826332757531546,target,3407702226.0,6
PEPE,1774421940000,1774423080000,3.6000000000000003e-06,3.61e-06,21.789667327044967,target,3407297471.0,6
PEPE,1774424700000,1774424880000,3.5900000000000004e-06,3.5500000000000003e-06,-154.58771412443943,stop,3409145752.0,6
PEPE,1774426680000,1774426800000,3.58e-06,3.59e-06,21.844075053596672,target,3405155893.0,6
PEPE,1774427820000,1774428180000,3.58e-06,3.59e-06,21.848714355935236,target,3405879089.0,6
PEPE,1774428720000,1774428780000,3.58e-06,3.59e-06,21.853354646185707,target,3406602439.0,6
PEPE,1774433220000,1774433400000,3.54e-06,3.55e-06,22.02343977434152,target,3411841948.0,6
PEPE,1774434060000,1774434120000,3.54e-06,3.55e-06,22.028152576295724,target,3412572049.0,6
PEPE,1774434480000,1774434540000,3.53e-06,3.54e-06,22.074313631294807,target,3414433663.0,6
PEPE,1774436220000,1774436460000,3.5500000000000003e-06,3.5600000000000002e-06,21.99616141402412,target,3412903245.0,6
PEPE,1774483440000,1774483500000,3.54e-06,3.55e-06,22.04229704340638,target,3414763291.0,6
PEPE,1774485180000,1774485300000,3.53e-06,3.54e-06,22.08848773650026,target,3416626100.0,6
PEPE,1774486320000,1774488180000,3.53e-06,3.5e-06,-120.51315106426672,time,3417358601.0,6
PEPE,1774488720000,1774488780000,3.53e-06,3.54e-06,22.067386196312395,target,3413362134.0,6
PEPE,1774489380000,1774491240000,3.53e-06,3.5e-06,-120.3980225825109,time,3414093934.0,6
PEPE,1774494180000,1774494900000,3.49e-06,3.5e-06,22.21215819084518,target,3414628469.0,6
PEPE,1774495320000,1774496460000,3.49e-06,3.5e-06,22.21695614223931,target,3415366048.0,6
PEPE,1774497420000,1774497780000,3.49e-06,3.5e-06,22.22175513443586,target,3416103787.0,6
PEPE,1774498320000,1774500180000,3.49e-06,3.4700000000000002e-06,-86.15566308727469,time,3416841685.0,6
PEPE,1774500720000,1774500780000,3.48e-06,3.49e-06,22.249469338749066,target,3415114250.0,6
PEPE,1774501380000,1774503240000,3.48e-06,3.46e-06,-86.07950351280226,time,3415853314.0,6
PEPE,1774503840000,1774504860000,3.4600000000000003e-06,3.4200000000000003e-06,-154.19906891550085,stop,3415261770.0,6
PEPE,1774505880000,1774506000000,3.44e-06,3.45e-06,22.368306214171486,target,3412403694.0,6
PEPE,1774507680000,1774507800000,3.43e-06,3.44e-06,22.414766319400993,target,3414282760.0,6
PEPE,1774509660000,1774509720000,3.43e-06,3.44e-06,22.41966244388056,target,3415028552.0,6
PEPE,1774512000000,1774512060000,3.44e-06,3.45e-06,22.38295827792009,target,3414638944.0,6
PEPE,1774512480000,1774512540000,3.44e-06,3.45e-06,22.387838390204212,target,3415383431.0,6
PEPE,1774513740000,1774513920000,3.43e-06,3.44e-06,22.43433906597086,target,3417264138.0,6
PEPE,1774514400000,1774514580000,3.43e-06,3.44e-06,22.439239464265853,target,3418010581.0,6
PEPE,1774515780000,1774515840000,3.43e-06,3.44e-06,22.444140939220087,target,3418757188.0,6
PEPE,1774517520000,1774517520000,3.4200000000000003e-06,3.3800000000000002e-06,-154.23672600153,entry_bar_stop,3420641517.0,6
PEPE,1774519860000,1774519920000,3.4e-06,3.41e-06,22.54027204598361,target,3417781963.0,6
PEPE,1774521840000,1774522080000,3.41e-06,3.42e-06,22.50354650302556,target,3417395065.0,6
PEPE,1774522860000,1774522920000,3.41e-06,3.42e-06,22.508480274766978,target,3418144309.0,6
PEPE,1774570440000,1774570680000,3.41e-06,3.42e-06,21.92443427527536,target,3329450915.0,7
PEPE,1774573680000,1774573740000,3.41e-06,3.42e-06,21.929241081631623,target,3330180878.0,7
PEPE,1774574280000,1774574340000,3.41e-06,3.42e-06,21.934048941584045,target,3330911001.0,7
PEPE,1774575540000,1774575660000,3.41e-06,3.42e-06,21.938857861725857,target,3331641285.0,7
PEPE,1774576020000,1774576080000,3.41e-06,3.42e-06,21.943667828881512,target,3332371728.0,7
PEPE,1774577820000,1774577880000,3.4200000000000003e-06,3.43e-06,21.907857361125387,target,3331993515.0,7
PEPE,1774579140000,1774579200000,3.4200000000000003e-06,3.43e-06,21.912651647300176,target,3332722684.0,7
PEPE,1774579740000,1774579860000,3.4200000000000003e-06,3.43e-06,21.917446978900728,target,3333452012.0,7
PEPE,1774580400000,1774580460000,3.41e-06,3.42e-06,21.962891531325198,target,3335291045.0,7
PEPE,1774582020000,1774582080000,3.4e-06,3.41e-06,22.008390914924252,target,3337132815.0,7
PEPE,1774582740000,1774582860000,3.4e-06,3.41e-06,22.013225069709748,target,3337865818.0,7
PEPE,1774583220000,1774584120000,3.4e-06,3.36e-06,-150.43727008385943,stop,3338598981.0,7
PEPE,1774587780000,1774587840000,3.39e-06,3.4e-06,22.02568468232517,target,3334698665.0,7
PEPE,1774589160000,1774589220000,3.3800000000000002e-06,3.39e-06,22.071235636169547,target,3336543558.0,7
PEPE,1774589520000,1774589640000,3.3800000000000002e-06,3.39e-06,22.076101530945223,target,3337279143.0,7
PEPE,1774590120000,1774590180000,3.3800000000000002e-06,3.39e-06,22.080968503966456,target,3338014891.0,7
PEPE,1774591500000,1774591560000,3.3800000000000002e-06,3.39e-06,22.085836542000422,target,3338750800.0,7
PEPE,1774593180000,1774593240000,3.3800000000000002e-06,3.39e-06,22.090705658279948,target,3339486872.0,7
PEPE,1774596660000,1774596720000,3.39e-06,3.4e-06,22.054826906654533,target,3339110811.0,7
PEPE,1774598220000,1774598340000,3.39e-06,3.4e-06,22.059680221024294,target,3339845605.0,7
PEPE,1774598940000,1774599060000,3.39e-06,3.4e-06,22.064534598799607,target,3340580560.0,7
PEPE,1774599420000,1774599600000,3.39e-06,3.4e-06,22.069390046585525,target,3341315677.0,7
PEPE,1774601820000,1774602000000,3.3700000000000003e-06,3.3800000000000002e-06,22.15584339300087,target,3344278248.0,7
PEPE,1774604100000,1774604160000,3.35e-06,3.36e-06,22.242460660830403,target,3347247654.0,7
PEPE,1774656120000,1774656180000,3.27e-06,3.28e-06,22.57545192390085,target,3356944524.0,7
PEPE,1774656720000,1774656780000,3.27e-06,3.28e-06,22.58053035472476,target,3357699681.0,7
PEPE,1774657920000,1774657980000,3.2800000000000004e-06,3.2900000000000003e-06,22.544487932237086,target,3357332529.0,7
PEPE,1774659120000,1774659240000,3.2800000000000004e-06,3.2900000000000003e-06,22.549550162571016,target,3358086398.0,7
PEPE,1774659960000,1774660020000,3.2800000000000004e-06,3.2900000000000003e-06,22.554613527740926,target,3358840436.0,7
PEPE,1774662420000,1774662480000,3.27e-06,3.28e-06,22.60082773627478,target,3360717879.0,7
PEPE,1774663020000,1774663440000,3.2800000000000004e-06,3.2900000000000003e-06,22.5647529158548,target,3360350397.0,7
PEPE,1774664100000,1774664160000,3.2800000000000004e-06,3.2900000000000003e-06,22.569819698960075,target,3361104944.0,7
PEPE,1774664520000,1774664820000,3.27e-06,3.28e-06,22.616065059701064,target,3362983652.0,7
PEPE,1774669020000,1774669200000,3.26e-06,3.27e-06,22.66236687953849,target,3364865164.0,7
PEPE,1774671120000,1774671240000,3.2500000000000002e-06,3.26e-06,22.708725269580437,target,3366749484.0,7
PEPE,1774676580000,1774676640000,3.27e-06,3.28e-06,22.631359014349787,target,3365257846.0,7
PEPE,1774677120000,1774677180000,3.2800000000000004e-06,3.2900000000000003e-06,22.595235463620423,target,3364889868.0,7
PEPE,1774677840000,1774677960000,3.2800000000000004e-06,3.2900000000000003e-06,22.60030908931104,target,3365645434.0,7
PEPE,1774678380000,1774678500000,3.2800000000000004e-06,3.2900000000000003e-06,22.605383849835818,target,3366401169.0,7
PEPE,1774679160000,1774679220000,3.2900000000000003e-06,3.3e-06,22.569244989120918,target,3366032064.0,7
PEPE,1774680180000,1774680240000,3.2900000000000003e-06,3.3e-06,22.574303542844422,target,3366786509.0,7
PEPE,1774681020000,1774681140000,3.2800000000000004e-06,3.2900000000000003e-06,22.620596467454178,target,3368666637.0,7
PEPE,1774681680000,1774681800000,3.2900000000000003e-06,3.3e-06,22.584433289221757,target,3368297284.0,7
PEPE,1774682220000,1774682280000,3.3e-06,3.31e-06,22.54827105076128,target,3367926968.0,7
PEPE,1774682880000,1774683540000,3.3e-06,3.31e-06,22.55331567970054,target,3368680460.0,7
PEPE,1774684020000,1774684080000,3.3e-06,3.31e-06,22.558361433398595,target,3369434120.0,7
PEPE,1774685220000,1774687080000,3.3300000000000003e-06,3.32e-06,-50.45171360417979,time,3366814388.0,7
PEPE,1774687620000,1774687740000,3.32e-06,3.33e-06,22.469741091224762,target,3366253347.0,7
PEPE,1774743540000,1774743600000,3.2800000000000004e-06,3.2900000000000003e-06,22.639656444325716,target,3371505055.0,7
PEPE,1774744620000,1774745460000,3.2800000000000004e-06,3.2900000000000003e-06,22.644740041790257,target,3372262106.0,7
PEPE,1774746420000,1774746480000,3.2900000000000003e-06,3.3e-06,22.6085382603911,target,3371892358.0,7
PEPE,1774747020000,1774747080000,3.2900000000000003e-06,3.3e-06,22.613605617780777,target,3372648116.0,7
PEPE,1774748340000,1774748460000,3.2900000000000003e-06,3.3e-06,22.61867411502159,target,3373404044.0,7
PEPE,1774748820000,1774748880000,3.2900000000000003e-06,3.3e-06,22.623743745405733,target,3374160141.0,7
PEPE,1774750620000,1774750800000,3.3e-06,3.31e-06,22.58751856679582,target,3373789181.0,7
PEPE,1774753380000,1774753500000,3.3e-06,3.31e-06,22.592571972878655,target,3374543984.0,7
PEPE,1774754580000,1774754640000,3.31e-06,3.32e-06,22.55633967293116,target,3374171978.0,7
PEPE,1774755180000,1774757040000,3.32e-06,3.31e-06,-50.505771194668604,time,3373799011.0,7
PEPE,1774758420000,1774758480000,3.31e-06,3.32e-06,22.55009809566564,target,3373238309.0,7
PEPE,1774759740000,1774759800000,3.31e-06,3.32e-06,22.555133912850017,target,3373991610.0,7
PEPE,1774760520000,1774760700000,3.31e-06,3.32e-06,22.560170853114634,target,3374745079.0,7
PEPE,1774765560000,1774765620000,3.3e-06,3.31e-06,22.606511993911628,target,3376626138.0,7
PEPE,1774765920000,1774766040000,3.3e-06,3.31e-06,22.611569651320757,target,3377381576.0,7
PEPE,1774767240000,1774767300000,3.31e-06,3.32e-06,22.575306889729816,target,3377009258.0,7
PEPE,1774769700000,1774769820000,3.3e-06,3.31e-06,22.621679121405485,target,3378891579.0,7
PEPE,1774770180000,1774770300000,3.3e-06,3.31e-06,22.6267401731794,target,3379647524.0,7
PEPE,1774770720000,1774770780000,3.3e-06,3.31e-06,22.63180235640945,target,3380403638.0,7
PEPE,1774773480000,1774773540000,3.3e-06,3.31e-06,22.63686567109564,target,3381159921.0,7
PEPE,1774774080000,1774774200000,3.3e-06,3.31e-06,22.641930117234338,target,3381916373.0,7
PEPE,1774775580000,1774775700000,3.3e-06,3.31e-06,22.646995701526514,target,3382672995.0,7
PEPE,1774776720000,1774776780000,3.3e-06,3.31e-06,22.652062417269377,target,3383429786.0,7
PEPE,1774777620000,1774777800000,3.2900000000000003e-06,3.3e-06,22.698553475429918,target,3385317446.0,7
PEPE,1774830120000,1774831080000,3.3300000000000003e-06,3.2900000000000003e-06,-152.017891608331,stop,3381556926.0,7
PEPE,1774833060000,1774833120000,3.32e-06,3.33e-06,22.545540415424608,target,3377609051.0,7
PEPE,1774833480000,1774833540000,3.32e-06,3.33e-06,22.550566009574982,target,3378361949.0,7
PEPE,1774834140000,1774834200000,3.32e-06,3.33e-06,22.55559271845062,target,3379115014.0,7
PEPE,1774834620000,1774835340000,3.3300000000000003e-06,3.34e-06,22.51930541250617,target,3378740497.0,7
PEPE,1774835820000,1774836120000,3.3300000000000003e-06,3.34e-06,22.524315966220392,target,3379492268.0,7
PEPE,1774837140000,1774838700000,3.34e-06,3.35e-06,22.488021678430634,target,3379116706.0,7
PEPE,1774839960000,1774840020000,3.3300000000000003e-06,3.34e-06,22.534331221780818,target,3380994932.0,7
PEPE,1774841520000,1774841580000,3.34e-06,3.35e-06,22.49802079596445,target,3380619203.0,7
PEPE,1774843920000,1774843980000,3.36e-06,3.37e-06,22.420433107408293,target,3379115766.0,7
PEPE,1774844640000,1774844700000,3.35e-06,3.36e-06,22.466681766181264,target,3380990484.0,7
PEPE,1774845180000,1774846980000,3.36e-06,3.37e-06,22.430365602885757,target,3380612751.0,7
PEPE,1774849920000,1774850160000,3.3700000000000003e-06,3.3800000000000002e-06,22.39405064087412,target,3380234059.0,7
PEPE,1774854960000,1774856820000,3.3800000000000002e-06,3.37e-06,-50.90060739954102,time,3379854409.0,7
PEPE,1774858920000,1774858980000,3.4e-06,3.41e-06,22.264119182309617,target,3375908898.0,7
PEPE,1774859520000,1774859580000,3.39e-06,3.4e-06,22.31020284461973,target,3377774844.0,7
PEPE,1774860180000,1774861980000,3.39e-06,3.35e-06,-152.18534988656918,stop,3378518146.0,7
PEPE,1774865040000,1774865280000,3.35e-06,3.36e-06,22.446459575925708,target,3377947265.0,7
PEPE,1774865820000,1774865940000,3.35e-06,3.36e-06,22.451435611081834,target,3378696104.0,7
PEPE,1774866420000,1774866540000,3.35e-06,3.36e-06,22.456412749304775,target,3379445109.0,7
PEPE,1774869720000,1774869780000,3.36e-06,3.37e-06,22.42011318761528,target,3379067549.0,7
PEPE,1774870320000,1774870380000,3.36e-06,3.37e-06,22.425074243464383,target,3379815259.0,7
PEPE,1774871040000,1774871100000,3.3700000000000003e-06,3.3800000000000002e-06,22.38876785262513,target,3379436657.0,7
PEPE,1774871520000,1774872480000,3.3700000000000003e-06,3.3800000000000002e-06,22.39371285862393,target,3380183073.0,7
PEPE,1774915920000,1774915980000,3.31e-06,3.32e-06,22.646793238055864,target,3387702803.0,7
PEPE,1774916520000,1774916580000,3.31e-06,3.32e-06,22.65185064779194,target,3388459334.0,7
PEPE,1774917180000,1774917420000,3.32e-06,3.33e-06,22.615465953224152,target,3388084787.0,7
PEPE,1774918440000,1774918800000,3.3300000000000003e-06,3.34e-06,22.579082324540455,target,3387709276.0,7
PEPE,1774920420000,1774920600000,3.35e-06,3.36e-06,22.501321021530796,target,3386203314.0,7
PEPE,1774921140000,1774921200000,3.3700000000000003e-06,3.3800000000000002e-06,22.4236160747504,target,3384696766.0,7
PEPE,1774921620000,1774921860000,3.36e-06,3.37e-06,22.469910700509587,target,3386572826.0,7
PEPE,1774922280000,1774922340000,3.3700000000000003e-06,3.3800000000000002e-06,22.433531712249618,target,3386193466.0,7
PEPE,1774922820000,1774922940000,3.36e-06,3.37e-06,22.479846812058994,target,3388070356.0,7
PEPE,1774925220000,1774925400000,3.3700000000000003e-06,3.3800000000000002e-06,22.443451735499423,target,3387690828.0,7
PEPE,1774927020000,1774928880000,3.3700000000000003e-06,3.35e-06,-84.82957206738216,time,3388439068.0,7
PEPE,1774930080000,1774930140000,3.36e-06,3.37e-06,22.471016456436068,target,3386739481.0,7
PEPE,1774931280000,1774931520000,3.36e-06,3.37e-06,22.475988785150015,target,3387488890.0,7
PEPE,1774932660000,1774932720000,3.36e-06,3.37e-06,22.480962208640356,target,3388238464.0,7
PEPE,1774933260000,1774933320000,3.35e-06,3.36e-06,22.527335731381115,target,3390118244.0,7
PEPE,1774933800000,1774933860000,3.35e-06,3.36e-06,22.532329694746025,target,3390869781.0,7
PEPE,1774935300000,1774935360000,3.36e-06,3.37e-06,22.495907413440964,target,3390490944.0,7
PEPE,1774936920000,1774937040000,3.3800000000000002e-06,3.39e-06,22.41811501051548,target,3388981861.0,7
PEPE,1774937640000,1774937760000,3.3700000000000003e-06,3.3800000000000002e-06,22.464437834124865,target,3390858541.0,7
PEPE,1774938120000,1774938360000,3.3700000000000003e-06,3.3800000000000002e-06,22.46939955500073,target,3391607480.0,7
PEPE,1774939080000,1774939440000,3.3700000000000003e-06,3.3800000000000002e-06,22.474362375626313,target,3392356585.0,7
PEPE,1774941120000,1774942980000,3.3700000000000003e-06,3.36e-06,-51.04927758847656,time,3393105855.0,7
PEPE,1774944180000,1774944240000,3.35e-06,3.36e-06,22.550908038256075,target,3393665619.0,7
PEPE,1774944720000,1774945260000,3.36e-06,3.37e-06,22.514455728450084,target,3393286470.0,7
PEPE,1775001720000,1775001840000,3.4e-06,3.41e-06,22.353871005553604,target,3389517969.0,7
PEPE,1775003760000,1775003880000,3.39e-06,3.4e-06,22.40014044138491,target,3391391437.0,7
PEPE,1775005620000,1775005680000,3.4200000000000003e-06,3.43e-06,22.281046819599606,target,3388752368.0,7
PEPE,1775006220000,1775007240000,3.4200000000000003e-06,3.3800000000000002e-06,-152.83228256622053,stop,3389493958.0,7
PEPE,1775011320000,1775011380000,3.3700000000000003e-06,3.3800000000000002e-06,22.459054577748844,target,3390045974.0,7
PEPE,1775014500000,1775014560000,3.39e-06,3.4e-06,22.381283331510758,target,3388536462.0,7
PEPE,1775014980000,1775015040000,3.39e-06,3.4e-06,22.386208481860287,target,3389282132.0,7
PEPE,1775015640000,1775015760000,3.41e-06,3.42e-06,22.308476697180474,target,3387771708.0,7
PEPE,1775016360000,1775016420000,3.4e-06,3.41e-06,22.354692017103527,target,3389642459.0,7
PEPE,1775016720000,1775016840000,3.4e-06,3.41e-06,22.359602232026052,target,3390386995.0,7
PEPE,1775017500000,1775017800000,3.4e-06,3.41e-06,22.364513528525276,target,3391131695.0,7
PEPE,1775019420000,1775019540000,3.41e-06,3.42e-06,22.328074355192133,target,3390747814.0,7
PEPE,1775022540000,1775022600000,3.45e-06,3.46e-06,22.167802118384806,target,3386982753.0,7
PEPE,1775023080000,1775023380000,3.4700000000000002e-06,3.48e-06,22.090189198726485,target,3385469609.0,7
PEPE,1775024100000,1775024220000,3.5100000000000003e-06,3.52e-06,21.93039680774897,target,3381711150.0,7
PEPE,1775024580000,1775024760000,3.5000000000000004e-06,3.5100000000000003e-06,21.97622955883456,target,3383561133.0,7
PEPE,1775025720000,1775025780000,3.5000000000000004e-06,3.5100000000000003e-06,21.980967674327196,target,3384290635.0,7
PEPE,1775026980000,1775027340000,3.5100000000000003e-06,3.52e-06,21.944575734965056,target,3383897569.0,7
PEPE,1775027940000,1775028300000,3.5000000000000004e-06,3.5100000000000003e-06,21.990438118260897,target,3385748748.0,7
PEPE,1775028720000,1775028840000,3.5000000000000004e-06,3.5100000000000003e-06,21.995179299390415,target,3386478722.0,7
PEPE,1775029380000,1775030700000,3.49e-06,3.5e-06,22.041106503259208,target,3388333052.0,7
PEPE,1775033220000,1775033400000,3.4600000000000003e-06,3.4700000000000002e-06,22.169613416995407,target,3392442757.0,7
PEPE,1775037180000,1775037240000,3.43e-06,3.44e-06,22.298448817970197,target,3396564938.0,7
PEPE,1775037960000,1775038020000,3.4200000000000003e-06,3.43e-06,22.344723511699435,target,3398437036.0,7
PEPE,1775088240000,1775088360000,3.4e-06,3.41e-06,22.432522177560404,target,3401443848.0,7
PEPE,1775088780000,1775088840000,3.4e-06,3.41e-06,22.437449486721395,target,3402190976.0,7
PEPE,1775089320000,1775089440000,3.41e-06,3.42e-06,22.400891476155905,target,3401805843.0,7
PEPE,1775091180000,1775091240000,3.4200000000000003e-06,3.43e-06,22.364334856251837,target,3401419750.0,7
PEPE,1775091720000,1775091780000,3.4200000000000003e-06,3.43e-06,22.369229036399684,target,3402164112.0,7
PEPE,1775092440000,1775092680000,3.41e-06,3.37e-06,-153.43715041890022,stop,3404041052.0,7
PEPE,1775100420000,1775100540000,3.3e-06,3.31e-06,22.839458004675556,target,3411420165.0,7
PEPE,1775101080000,1775101140000,3.3e-06,3.31e-06,22.84456778266151,target,3412183388.0,7
PEPE,1775104020000,1775104080000,3.2900000000000003e-06,3.3e-06,22.891453938451235,target,3414087090.0,7
PEPE,1775104620000,1775105700000,3.2900000000000003e-06,3.2500000000000002e-06,-153.30979427787025,stop,3414852306.0,7
PEPE,1775107020000,1775107080000,3.2800000000000004e-06,3.2900000000000003e-06,22.903972448914892,target,3410867081.0,7
PEPE,1775107740000,1775107800000,3.2800000000000004e-06,3.2900000000000003e-06,22.90911540026508,target,3411632971.0,7
PEPE,1775108280000,1775108340000,3.2800000000000004e-06,3.2900000000000003e-06,22.91425950659511,target,3412399033.0,7
PEPE,1775110200000,1775110260000,3.3e-06,3.31e-06,22.835876835785534,target,3410885263.0,7
PEPE,1775111460000,1775111520000,3.32e-06,3.33e-06,22.757550737475594,target,3409370897.0,7
PEPE,1775111820000,1775111880000,3.32e-06,3.33e-06,22.76262359062572,target,3410130875.0,7
PEPE,1775113020000,1775113080000,3.32e-06,3.33e-06,22.767697571848505,target,3410891022.0,7
PEPE,1775113620000,1775113680000,3.3300000000000003e-06,3.34e-06,22.731069031695334,target,3410512983.0,7
PEPE,1775115540000,1775115600000,3.32e-06,3.33e-06,22.777839626926383,target,3412410431.0,7
PEPE,1775116080000,1775116200000,3.3300000000000003e-06,3.34e-06,22.741194772959457,target,3412032224.0,7
PEPE,1775116620000,1775116680000,3.3300000000000003e-06,3.34e-06,22.74625469433024,target,3412791402.0,7
PEPE,1775117820000,1775119680000,3.32e-06,3.2900000000000003e-06,-119.34341962409785,time,3414690118.0,7
PEPE,1775120880000,1775120940000,3.3e-06,3.31e-06,22.849921593395408,target,3412983061.0,7
PEPE,1775121720000,1775121900000,3.2900000000000003e-06,3.3e-06,22.896818743051057,target,3414887210.0,7
PEPE,1775174580000,1775174760000,3.3300000000000003e-06,3.34e-06,22.734940463595485,target,3411093843.0,7
PEPE,1775175960000,1775176080000,3.32e-06,3.33e-06,22.78171903012403,target,3412991615.0,7
PEPE,1775176680000,1775176920000,3.32e-06,3.33e-06,22.786797263324054,target,3413752399.0,7
PEPE,1775177220000,1775177340000,3.32e-06,3.33e-06,22.791876637949596,target,3414513354.0,7
PEPE,1775178420000,1775178600000,3.32e-06,3.33e-06,22.79695714065144,target,3415274478.0,7
PEPE,1775179080000,1775179140000,3.32e-06,3.33e-06,22.80203877142594,target,3416035771.0,7
PEPE,1775180400000,1775180580000,3.32e-06,3.33e-06,22.807121536951353,target,3416797234.0,7
PEPE,1775183280000,1775183340000,3.3300000000000003e-06,3.34e-06,22.770429575765718,target,3416418541.0,7
PEPE,1775183880000,1775184840000,3.3300000000000003e-06,3.34e-06,22.77549600217696,target,3417178695.0,7
PEPE,1775185500000,1775185560000,3.3300000000000003e-06,3.34e-06,22.780563554970037,target,3417939018.0,7
PEPE,1775185920000,1775185980000,3.34e-06,3.35e-06,22.74385636286541,target,3417559183.0,7
PEPE,1775187720000,1775187900000,3.36e-06,3.37e-06,22.665420874931375,target,3416039318.0,7
PEPE,1775189040000,1775189640000,3.3700000000000003e-06,3.3800000000000002e-06,22.62872535924985,target,3415656658.0,7
PEPE,1775190120000,1775191620000,3.3700000000000003e-06,3.3800000000000002e-06,22.63372336525136,target,3416411074.0,7
PEPE,1775193120000,1775193180000,3.4e-06,3.41e-06,22.51370131199021,target,3413753042.0,7
PEPE,1775199360000,1775199420000,3.4600000000000003e-06,3.4700000000000002e-06,22.269296993459815,target,3407696556.0,7
PEPE,1775199900000,1775199960000,3.45e-06,3.46e-06,22.31563248876421,target,3409569517.0,7
PEPE,1775200320000,1775200560000,3.45e-06,3.46e-06,22.32048888531017,target,3410311518.0,7
PEPE,1775201520000,1775201640000,3.4600000000000003e-06,3.4700000000000002e-06,22.283830068865637,target,3409920439.0,7
PEPE,1775202120000,1775202180000,3.4600000000000003e-06,3.4700000000000002e-06,22.288670523759933,target,3410661136.0,7
PEPE,1775205720000,1775207040000,3.48e-06,3.49e-06,22.210526160788987,target,3409136786.0,7
PEPE,1775208300000,1775208420000,3.4600000000000003e-06,3.4700000000000002e-06,22.298336553355917,target,3412140253.0,7
PEPE,1775208720000,1775208780000,3.4600000000000003e-06,3.4700000000000002e-06,22.303180158120707,target,3412881432.0,7
PEPE,1775211360000,1775211420000,3.48e-06,3.49e-06,22.22498493286382,target,3411356091.0,7
PEPE,1775264220000,1775264280000,3.39e-06,3.4e-06,22.60442622879118,target,3422320398.0,7
PEPE,1775264820000,1775264880000,3.39e-06,3.4e-06,22.609400480712203,target,3423073502.0,7
PEPE,1775265720000,1775265840000,3.3700000000000003e-06,3.3800000000000002e-06,22.6979692298748,target,3426108563.0,7
PEPE,1775266500000,1775266560000,3.3700000000000003e-06,3.3800000000000002e-06,22.702982533001116,target,3426865288.0,7
PEPE,1775267520000,1775267640000,3.3700000000000003e-06,3.3800000000000002e-06,22.70799694249947,target,3427622180.0,7
PEPE,1775268120000,1775269980000,3.3800000000000002e-06,3.35e-06,-120.09039176832168,time,3427237208.0,7
PEPE,1775270520000,1775270640000,3.36e-06,3.37e-06,22.728305414428398,target,3425517018.0,7
PEPE,1775271240000,1775271300000,3.35e-06,3.36e-06,22.77518915460128,target,3427417480.0,7
PEPE,1775272080000,1775272140000,3.36e-06,3.37e-06,22.738374305600566,target,3427034560.0,7
PEPE,1775272680000,1775272800000,3.36e-06,3.37e-06,22.743405785340116,target,3427792884.0,7
PEPE,1775273220000,1775273280000,3.36e-06,3.37e-06,22.748438386396284,target,3428551377.0,7
PEPE,1775274000000,1775274120000,3.36e-06,3.37e-06,22.75347209549441,target,3429310037.0,7
PEPE,1775274660000,1775274780000,3.3700000000000003e-06,3.3800000000000002e-06,22.716634021251018,target,3428925890.0,7
PEPE,1775275380000,1775275440000,3.3700000000000003e-06,3.3800000000000002e-06,22.72165145174994,target,3429683238.0,7
PEPE,1775276580000,1775276700000,3.3800000000000002e-06,3.39e-06,22.684806494911648,target,3429298034.0,7
PEPE,1775277780000,1775277840000,3.39e-06,3.4e-06,22.647962828694073,target,3428911859.0,7
PEPE,1775278560000,1775278740000,3.3800000000000002e-06,3.39e-06,22.694800708126493,target,3430808875.0,7
PEPE,1775279220000,1775279280000,3.3700000000000003e-06,3.3800000000000002e-06,22.741695243500644,target,3432708716.0,7
PEPE,1775280300000,1775280480000,3.3700000000000003e-06,3.3800000000000002e-06,22.74671820587433,target,3433466899.0,7
PEPE,1775281020000,1775281560000,3.3800000000000002e-06,3.39e-06,22.70983260105109,target,3433081270.0,7
PEPE,1775283780000,1775283840000,3.3800000000000002e-06,3.39e-06,22.71483928286984,target,3433838138.0,7
PEPE,1775284320000,1775284380000,3.3800000000000002e-06,3.39e-06,22.719847069396174,target,3434595173.0,7
PEPE,1775287380000,1775289240000,3.39e-06,3.3800000000000002e-06,-51.77069166015057,time,3434208402.0,7
PEPE,1775289900000,1775290020000,3.3800000000000002e-06,3.39e-06,22.71344242639553,target,3433626973.0,7
PEPE,1775347380000,1775347440000,3.4e-06,3.41e-06,22.63468249149429,target,3432097421.0,7
PEPE,1775348520000,1775348700000,3.4e-06,3.41e-06,22.639654211385967,target,3432851283.0,7
PEPE,1775350380000,1775352240000,3.4e-06,3.3800000000000002e-06,-86.11482117479983,time,3433605310.0,7
PEPE,1775353980000,1775354040000,3.3800000000000002e-06,3.39e-06,22.709446079984613,target,3433022839.0,7
PEPE,1775357280000,1775357460000,3.3800000000000002e-06,3.39e-06,22.714452675810886,target,3433779694.0,7
PEPE,1775358480000,1775358600000,3.3800000000000002e-06,3.39e-06,22.71946038295479,target,3434536717.0,7
PEPE,1775359620000,1775359680000,3.3800000000000002e-06,3.39e-06,22.724469188190774,target,3435293906.0,7
PEPE,1775361060000,1775361240000,3.3800000000000002e-06,3.39e-06,22.7294790981307,target,3436051262.0,7
PEPE,1775361720000,1775361900000,3.3800000000000002e-06,3.39e-06,22.734490112776392,target,3436808785.0,7
PEPE,1775362680000,1775362740000,3.3700000000000003e-06,3.3800000000000002e-06,22.78146666212456,target,3438711949.0,7
PEPE,1775363280000,1775363400000,3.3700000000000003e-06,3.3800000000000002e-06,22.78649840924952,target,3439471458.0,7
PEPE,1775365920000,1775365980000,3.3700000000000003e-06,3.3800000000000002e-06,22.791531262750162,target,3440231134.0,7
PEPE,1775366580000,1775366640000,3.36e-06,3.37e-06,22.838585470761373,target,3442137976.0,7
PEPE,1775368740000,1775368860000,3.35e-06,3.36e-06,22.885696687409066,target,3444047658.0,7
PEPE,1775371320000,1775371380000,3.3300000000000003e-06,3.34e-06,22.974988083350304,target,3447109990.0,7
PEPE,1775372280000,1775372400000,3.3300000000000003e-06,3.34e-06,22.980100025045033,target,3447876973.0,7
PEPE,1775372940000,1775373120000,3.3300000000000003e-06,3.34e-06,22.985213106455355,target,3448644127.0,7
PEPE,1775373420000,1775373600000,3.3300000000000003e-06,3.34e-06,22.9903273209153,target,3449411451.0,7
PEPE,1775374980000,1775375160000,3.32e-06,3.33e-06,23.03763136117562,target,3451330541.0,7
PEPE,1775375520000,1775375640000,3.32e-06,3.33e-06,23.042766645600434,target,3452099872.0,7
PEPE,1775377080000,1775377200000,3.32e-06,3.33e-06,23.047903071450765,target,3452869374.0,7
PEPE,1775377680000,1775377740000,3.32e-06,3.33e-06,23.053040645401225,target,3453639048.0,7
PEPE,1775378820000,1775378880000,3.32e-06,3.33e-06,23.058179360775384,target,3454408893.0,7
PEPE,1775380260000,1775380380000,3.3300000000000003e-06,3.34e-06,23.02108349661563,target,3454026031.0,7
PEPE,1775434980000,1775435040000,3.57e-06,3.58e-06,22.020712956001088,target,3427348320.0,7
PEPE,1775435580000,1775435640000,3.61e-06,3.62e-06,21.859332334849334,target,3423544610.0,7
PEPE,1775438880000,1775438940000,3.5600000000000002e-06,3.57e-06,22.071644022284982,target,3429936911.0,7
PEPE,1775440920000,1775441040000,3.5500000000000003e-06,3.5600000000000002e-06,22.117979905823987,target,3431804485.0,7
PEPE,1775442120000,1775442300000,3.6000000000000003e-06,3.5600000000000002e-06,-155.44245968496125,stop,3426861986.0,7
PEPE,1775442780000,1775442840000,3.57e-06,3.58e-06,22.006377084801777,target,3425117056.0,7
PEPE,1775443320000,1775443440000,3.5600000000000002e-06,3.57e-06,22.052617928055604,target,3426980253.0,7
PEPE,1775444460000,1775444520000,3.57e-06,3.58e-06,22.015752142824432,target,3426576209.0,7
PEPE,1775444940000,1775445060000,3.5600000000000002e-06,3.57e-06,22.06201268700013,target,3428440200.0,7
PEPE,1775449020000,1775449140000,3.52e-06,3.53e-06,22.23333096530167,target,3433719068.0,7
PEPE,1775449680000,1775449740000,3.5100000000000003e-06,3.52e-06,22.27983836741518,target,3435595739.0,7
PEPE,1775451000000,1775452620000,3.54e-06,3.55e-06,22.15949366192567,target,3432919235.0,7
PEPE,1775453160000,1775453340000,3.52e-06,3.53e-06,22.247651962375127,target,3435930805.0,7
PEPE,1775454420000,1775455920000,3.52e-06,3.53e-06,22.25243066130104,target,3436668828.0,7
PEPE,1775456460000,1775458320000,3.5100000000000003e-06,3.5e-06,-52.45503619355966,time,3438547112.0,7
PEPE,1775458620000,1775458680000,3.5100000000000003e-06,3.52e-06,22.287689763399616,target,3436806440.0,7
PEPE,1775461020000,1775461980000,3.48e-06,3.49e-06,22.41791881380649,target,3440969887.0,7
PEPE,1775462820000,1775462880000,3.4700000000000002e-06,3.48e-06,22.46464579432497,target,3442857593.0,7
PEPE,1775464140000,1775464200000,3.4700000000000002e-06,3.48e-06,22.469516439299692,target,3443604052.0,7
PEPE,1775464680000,1775466540000,3.49e-06,3.46e-06,-121.1778753009325,time,3442064346.0,7
PEPE,1775468340000,1775468760000,3.5100000000000003e-06,3.52e-06,22.280902802347025,target,3435759877.0,7
PEPE,1775469300000,1775469360000,3.5000000000000004e-06,3.5100000000000003e-06,22.327468078365634,target,3437639427.0,7
PEPE,1775471640000,1775471700000,3.53e-06,3.54e-06,22.207026634095467,target,3434961583.0,7
PEPE,1775472120000,1775473980000,3.54e-06,3.5100000000000003e-06,-121.17126311135905,time,3434559612.0,7
PEPE,1775520780000,1775520840000,3.3300000000000003e-06,3.34e-06,23.02477895918483,target,3454580489.0,7
PEPE,1775523300000,1775523360000,3.34e-06,3.35e-06,22.987678253211648,target,3454196582.0,7
PEPE,1775524980000,1775525040000,3.36e-06,3.37e-06,22.908401913240574,target,3452660424.0,7
PEPE,1775527020000,1775528340000,3.35e-06,3.36e-06,22.95565714787977,target,3454575944.0,7
PEPE,1775528820000,1775529060000,3.36e-06,3.37e-06,22.91855058365023,target,3454189990.0,7
PEPE,1775530020000,1775530080000,3.35e-06,3.36e-06,22.965826755554144,target,3456106359.0,7
PEPE,1775531880000,1775531940000,3.34e-06,3.35e-06,23.01316026151956,target,3458025584.0,7
PEPE,1775533500000,1775533620000,3.34e-06,3.35e-06,23.018271308173848,target,3458793585.0,7
PEPE,1775534580000,1775534760000,3.35e-06,3.36e-06,22.981122389326316,target,3458408185.0,7
PEPE,1775535180000,1775535300000,3.35e-06,3.36e-06,22.986216951344083,target,3459174861.0,7
PEPE,1775536380000,1775536440000,3.35e-06,3.36e-06,22.99131264301436,target,3459941707.0,7
PEPE,1775538780000,1775538840000,3.35e-06,3.36e-06,22.996409464335322,target,3460708723.0,7
PEPE,1775539380000,1775539440000,3.35e-06,3.36e-06,23.00150741530515,target,3461475909.0,7
PEPE,1775540580000,1775540640000,3.35e-06,3.36e-06,23.006606495925666,target,3462243265.0,7
PEPE,1775541240000,1775541300000,3.35e-06,3.36e-06,23.011706706195046,target,3463010791.0,7
PEPE,1775541720000,1775541840000,3.35e-06,3.36e-06,23.016808046116928,target,3463778487.0,7
PEPE,1775542320000,1775542440000,3.34e-06,3.35e-06,23.064246630314354,target,3465701973.0,7
PEPE,1775543820000,1775543880000,3.34e-06,3.35e-06,23.069369023744112,target,3466471679.0,7
PEPE,1775545020000,1775545200000,3.36e-06,3.37e-06,22.98981095473739,target,3464930061.0,7
PEPE,1775546220000,1775546280000,3.36e-06,3.37e-06,22.994898075586025,target,3465696771.0,7
PEPE,1775546880000,1775547060000,3.36e-06,3.37e-06,22.99998632438588,target,3466463651.0,7
PEPE,1775547420000,1775547480000,3.36e-06,3.37e-06,23.005075701135134,target,3467230701.0,7
PEPE,1775548020000,1775549880000,3.36e-06,3.34e-06,-86.7693079583989,time,3467997920.0,7
PEPE,1775551260000,1775551440000,3.36e-06,3.37e-06,22.9909661281411,target,3465104164.0,7
PEPE,1775606640000,1775606940000,3.7200000000000004e-06,3.7300000000000003e-06,21.490454521974094,target,3424773629.0,7
PEPE,1775607420000,1775607480000,3.76e-06,3.77e-06,21.329776780640255,target,3420974624.0,7
PEPE,1775608080000,1775608200000,3.7200000000000004e-06,3.6800000000000003e-06,-156.02845351499934,stop,3426184750.0,7
PEPE,1775612220000,1775612340000,3.66e-06,3.67e-06,21.715222253409017,target,3427817246.0,7
PEPE,1775613000000,1775613060000,3.66e-06,3.67e-06,21.719764651130433,target,3428534278.0,7
PEPE,1775613600000,1775613660000,3.66e-06,3.67e-06,21.724307999101057,target,3429251460.0,7
PEPE,1775614740000,1775614800000,3.6800000000000003e-06,3.6900000000000002e-06,21.645965158200937,target,3427706280.0,7
PEPE,1775615280000,1775616660000,3.6800000000000003e-06,3.6900000000000002e-06,21.65047579850962,target,3428420554.0,7
PEPE,1775617800000,1775617860000,3.7e-06,3.71e-06,21.572175015268975,target,3426874506.0,7
PEPE,1775619420000,1775619660000,3.7e-06,3.71e-06,21.576653089421455,target,3427585876.0,7
PEPE,1775620020000,1775620320000,3.7e-06,3.71e-06,21.58113208893551,target,3428297393.0,7
PEPE,1775621220000,1775623080000,3.7300000000000003e-06,3.71e-06,-87.61027817437675,time,3425621825.0,7
PEPE,1775623680000,1775625540000,3.7e-06,3.6900000000000002e-06,-53.241904768918396,time,3426119998.0,7
PEPE,1775626140000,1775626200000,3.7e-06,3.71e-06,21.556373136304167,target,3424364279.0,7
PEPE,1775627580000,1775627700000,3.6900000000000002e-06,3.7e-06,21.602218723086928,target,3426204397.0,7
PEPE,1775628720000,1775630400000,3.71e-06,3.67e-06,-155.90758859219937,stop,3424658728.0,7
PEPE,1775630880000,1775630940000,3.6800000000000003e-06,3.6900000000000002e-06,21.615629925314938,target,3422902601.0,7
PEPE,1775631840000,1775631900000,3.6900000000000002e-06,3.7e-06,21.578781070926727,target,3422487085.0,7
PEPE,1775632860000,1775632920000,3.6900000000000002e-06,3.7e-06,21.5832691086366,target,3423198907.0,7
PEPE,1775633400000,1775635020000,3.71e-06,3.67e-06,-155.77082539184957,stop,3421654594.0,7
PEPE,1775635380000,1775635440000,3.6900000000000002e-06,3.7e-06,21.555360253115822,target,3418772443.0,7
PEPE,1775635920000,1775635980000,3.6900000000000002e-06,3.7e-06,21.55984342336502,target,3419483493.0,7
PEPE,1775637120000,1775637240000,3.6800000000000003e-06,3.6900000000000002e-06,21.60565299574459,target,3421322723.0,7
PEPE,1775638020000,1775638080000,3.67e-06,3.68e-06,21.651516594675723,target,3423164679.0,7
PEPE,1775693100000,1775693160000,3.53e-06,3.54e-06,22.238096518994972,target,3439767443.0,7
PEPE,1775694240000,1775694420000,3.53e-06,3.54e-06,22.24286421082454,target,3440504905.0,7
PEPE,1775694780000,1775695020000,3.52e-06,3.53e-06,22.289433292000577,target,3442383520.0,7
PEPE,1775695920000,1775695980000,3.52e-06,3.53e-06,22.29422096527571,target,3443122929.0,7
PEPE,1775697120000,1775697180000,3.5100000000000003e-06,3.52e-06,22.34085573890081,target,3445004740.0,7
PEPE,1775699040000,1775699100000,3.5000000000000004e-06,3.5100000000000003e-06,22.387546315261112,target,3446889348.0,7
PEPE,1775700780000,1775700840000,3.5000000000000004e-06,3.5100000000000003e-06,22.39237311348065,target,3447632504.0,7
PEPE,1775701320000,1775701740000,3.5100000000000003e-06,3.52e-06,22.355300045284878,target,3447232081.0,7
PEPE,1775702460000,1775702520000,3.5100000000000003e-06,3.52e-06,22.360110877683947,target,3447973921.0,7
PEPE,1775702880000,1775704740000,3.5100000000000003e-06,3.48e-06,-121.51550547643518,time,3448715921.0,7
PEPE,1775705220000,1775707080000,3.5000000000000004e-06,3.49e-06,-52.514394869401926,time,3445826435.0,7
PEPE,1775707740000,1775707800000,3.48e-06,3.49e-06,22.45310135134473,target,3446370123.0,7
PEPE,1775708580000,1775708640000,3.48e-06,3.49e-06,22.457960420765698,target,3447115951.0,7
PEPE,1775709840000,1775710020000,3.48e-06,3.49e-06,22.462820539102182,target,3447861940.0,7
PEPE,1775710980000,1775711160000,3.4700000000000002e-06,3.48e-06,22.509641111175952,target,3449753427.0,7
PEPE,1775711760000,1775711880000,3.4700000000000002e-06,3.48e-06,22.514521511024547,target,3450501381.0,7
PEPE,1775713860000,1775714640000,3.48e-06,3.49e-06,22.47742537095927,target,3450103664.0,7
PEPE,1775715120000,1775715240000,3.48e-06,3.49e-06,22.482289697985173,target,3450850299.0,7
PEPE,1775715720000,1775717580000,3.48e-06,3.4700000000000002e-06,-52.49879183016017,time,3451597096.0,7
PEPE,1775718120000,1775718180000,3.48e-06,3.49e-06,22.47579383905415,target,3449853237.0,7
PEPE,1775718720000,1775718900000,3.48e-06,3.49e-06,22.480657814271233,target,3450599818.0,7
PEPE,1775719380000,1775719440000,3.4600000000000003e-06,3.4700000000000002e-06,22.569536191024973,target,3453639815.0,7
PEPE,1775720220000,1775720280000,3.4600000000000003e-06,3.4700000000000002e-06,22.57443870228074,target,3454390008.0,7
PEPE,1775720820000,1775720940000,3.4600000000000003e-06,3.4700000000000002e-06,22.579342285274667,target,3455140365.0,7
PEPE,1775781180000,1775781240000,3.49e-06,3.5e-06,21.60057251893459,target,3320610687.0,8
PEPE,1775781960000,1775782080000,3.49e-06,3.5e-06,21.605238360286087,target,3321327957.0,8
PEPE,1775782740000,1775782800000,3.49e-06,3.5e-06,21.609905216414433,target,3322045383.0,8
PEPE,1775784180000,1775784240000,3.48e-06,3.49e-06,21.654987895586174,target,3323866139.0,8
PEPE,1775785320000,1775785380000,3.5100000000000003e-06,3.52e-06,21.538484003848545,target,3321277410.0,8
PEPE,1775786100000,1775786160000,3.49e-06,3.5e-06,21.623903117755006,target,3324197251.0,8
PEPE,1775786520000,1775786580000,3.48e-06,3.49e-06,21.669014996790125,target,3326019186.0,8
PEPE,1775788980000,1775789040000,3.5000000000000004e-06,3.5100000000000003e-06,21.592831735275663,target,3324531445.0,8
PEPE,1775789760000,1775789820000,3.5000000000000004e-06,3.5100000000000003e-06,21.59748719539477,target,3325248221.0,8
PEPE,1775790780000,1775791080000,3.5000000000000004e-06,3.5100000000000003e-06,21.602143655744882,target,3325965151.0,8
PEPE,1775791620000,1775791680000,3.49e-06,3.5e-06,21.647250180729127,target,3327786346.0,8
PEPE,1775792340000,1775792400000,3.49e-06,3.5e-06,21.651926111335705,target,3328505167.0,8
PEPE,1775793060000,1775793120000,3.5000000000000004e-06,3.5100000000000003e-06,21.616136516219992,target,3328119556.0,8
PEPE,1775793420000,1775794380000,3.5000000000000004e-06,3.5100000000000003e-06,21.620797003468745,target,3328837106.0,8
PEPE,1775795160000,1775795220000,3.5000000000000004e-06,3.5100000000000003e-06,21.62545849095032,target,3329554810.0,8
PEPE,1775795520000,1775795640000,3.5000000000000004e-06,3.5100000000000003e-06,21.630120985156555,target,3330272669.0,8
PEPE,1775796360000,1775796420000,3.5000000000000004e-06,3.5100000000000003e-06,21.634784486085632,target,3330990683.0,8
PEPE,1775797380000,1775797500000,3.53e-06,3.54e-06,21.51807959693949,target,3328395916.0,8
PEPE,1775798040000,1775798280000,3.53e-06,3.54e-06,21.522692917500038,target,3329109500.0,8
PEPE,1775799420000,1775799600000,3.5500000000000003e-06,3.5600000000000002e-06,21.44649366607115,target,3327617326.0,8
PEPE,1775800620000,1775800920000,3.5500000000000003e-06,3.5600000000000002e-06,21.451074385369914,target,3328328066.0,8
PEPE,1775801220000,1775801280000,3.5500000000000003e-06,3.5600000000000002e-06,21.45565607786566,target,3329038957.0,8
PEPE,1775801820000,1775803080000,3.54e-06,3.5e-06,-150.7877287099194,stop,3330853296.0,8
PEPE,1775807580000,1775807640000,3.48e-06,3.49e-06,21.71110541489114,target,3332479726.0,8
PEPE,1775865900000,1775866680000,3.61e-06,3.62e-06,21.191025858696303,target,3318876407.0,8
PEPE,1775867220000,1775867400000,3.61e-06,3.62e-06,21.195500977494262,target,3319577287.0,8
PEPE,1775868420000,1775868600000,3.5900000000000004e-06,3.6000000000000003e-06,21.28045233016539,target,3322474993.0,8
PEPE,1775869500000,1775869620000,3.5900000000000004e-06,3.6000000000000003e-06,21.28496339088274,target,3323179296.0,8
PEPE,1775869920000,1775871120000,3.6000000000000003e-06,3.61e-06,21.24920739549475,target,3322784581.0,8
PEPE,1775875140000,1775875200000,3.62e-06,3.63e-06,21.17323010587558,target,3321290997.0,8
PEPE,1775875680000,1775877120000,3.61e-06,3.62e-06,21.217924771859295,target,3323089236.0,8
PEPE,1775879820000,1775879880000,3.5900000000000004e-06,3.6000000000000003e-06,21.30296599483419,target,3325990007.0,8
PEPE,1775881620000,1775881740000,3.5900000000000004e-06,3.6000000000000003e-06,21.307481833679237,target,3326695056.0,8
PEPE,1775882220000,1775882280000,3.58e-06,3.59e-06,21.352335922895673,target,3328501313.0,8
PEPE,1775882820000,1775883000000,3.5900000000000004e-06,3.6000000000000003e-06,21.31652492508142,target,3328106936.0,8
PEPE,1775883480000,1775883540000,3.5900000000000004e-06,3.6000000000000003e-06,21.321043639771553,target,3328812434.0,8
PEPE,1775884020000,1775884080000,3.5900000000000004e-06,3.6000000000000003e-06,21.32556330240049,target,3329518080.0,8
PEPE,1775886720000,1775886900000,3.58e-06,3.59e-06,21.37045545605084,target,3331325870.0,8
PEPE,1775888640000,1775888760000,3.57e-06,3.58e-06,21.415401010201503,target,3333136344.0,8
PEPE,1775890320000,1775890440000,3.57e-06,3.58e-06,21.41995787077493,target,3333845583.0,8
PEPE,1775891520000,1775891640000,3.57e-06,3.58e-06,21.424515695099664,target,3334554972.0,8
PEPE,1775892180000,1775892420000,3.57e-06,3.58e-06,21.429074496025713,target,3335264513.0,8
PEPE,1775892780000,1775892900000,3.57e-06,3.58e-06,21.43363426712716,target,3335974205.0,8
PEPE,1775893380000,1775893440000,3.57e-06,3.58e-06,21.438195008400374,target,3336684048.0,8
PEPE,1775893920000,1775894040000,3.57e-06,3.58e-06,21.442756719850806,target,3337394042.0,8
PEPE,1775896380000,1775896440000,3.5900000000000004e-06,3.6000000000000003e-06,21.366412054575733,target,3335895715.0,8
PEPE,1775897520000,1775898960000,3.5900000000000004e-06,3.6000000000000003e-06,21.37094134392057,target,3336602864.0,8
PEPE,1775899920000,1775899980000,3.5900000000000004e-06,3.6000000000000003e-06,21.375471587611045,target,3337310162.0,8
PEPE,1775952420000,1775952480000,3.62e-06,3.63e-06,21.258765246750098,target,3334708274.0,8
PEPE,1775955360000,1775955420000,3.63e-06,3.64e-06,21.222878535374626,target,3334309275.0,8
PEPE,1775955960000,1775956140000,3.6400000000000003e-06,3.65e-06,21.18699394466876,target,3333909354.0,8
PEPE,1775956620000,1775956740000,3.6400000000000003e-06,3.65e-06,21.19144278148481,target,3334609407.0,8
PEPE,1775957220000,1775957640000,3.6400000000000003e-06,3.6000000000000003e-06,-151.48976230452044,stop,3335309606.0,8
PEPE,1775962080000,1775962140000,3.5100000000000003e-06,3.52e-06,21.690143835100518,target,3344663660.0,8
PEPE,1775962740000,1775962800000,3.5100000000000003e-06,3.52e-06,21.694811530581536,target,3345383428.0,8
PEPE,1775963340000,1775963460000,3.5000000000000004e-06,3.5100000000000003e-06,21.740151922816693,target,3347213537.0,8
PEPE,1775964720000,1775964780000,3.5100000000000003e-06,3.52e-06,21.7041586788448,target,3346824777.0,8
PEPE,1775965740000,1775965860000,3.49e-06,3.5e-06,21.790234835883663,target,3349767077.0,8
PEPE,1775967420000,1775967660000,3.49e-06,3.5e-06,21.794941652230268,target,3350490646.0,8
PEPE,1775968740000,1775968800000,3.49e-06,3.5e-06,21.799649483353722,target,3351214371.0,8
PEPE,1775969220000,1775969280000,3.5000000000000004e-06,3.5100000000000003e-06,21.763615714350045,target,3350826130.0,8
PEPE,1775969940000,1775970000000,3.49e-06,3.5e-06,21.809059401690476,target,3352660938.0,8
PEPE,1775970420000,1775970540000,3.49e-06,3.5e-06,21.813770283661327,target,3353385132.0,8
PEPE,1775972520000,1775972580000,3.5000000000000004e-06,3.5100000000000003e-06,21.777713170305915,target,3352996639.0,8
PEPE,1775973780000,1775973840000,3.5100000000000003e-06,3.52e-06,21.741657737396945,target,3352607207.0,8
PEPE,1775974320000,1775974380000,3.52e-06,3.53e-06,21.705604026049336,target,3352216838.0,8
PEPE,1775976420000,1775976600000,3.5100000000000003e-06,3.52e-06,21.75100753802693,target,3354048965.0,8
PEPE,1775977200000,1775977260000,3.5100000000000003e-06,3.52e-06,21.75568832672007,target,3354770752.0,8
PEPE,1775977740000,1775977920000,3.5000000000000004e-06,3.5100000000000003e-06,21.801155950516414,target,3356605997.0,8
PEPE,1775978220000,1775978280000,3.5000000000000004e-06,3.5100000000000003e-06,21.805856323558373,target,3357329688.0,8
PEPE,1775978880000,1775978940000,3.5000000000000004e-06,3.5100000000000003e-06,21.810557709825932,target,3358053535.0,8
PEPE,1775980020000,1775980080000,3.5000000000000004e-06,3.5100000000000003e-06,21.815260115805472,target,3358777539.0,8
PEPE,1776039120000,1776039240000,3.4700000000000002e-06,3.48e-06,21.94258924867691,target,3362848927.0,8
PEPE,1776039840000,1776039900000,3.4700000000000002e-06,3.48e-06,21.947346704473894,target,3363578039.0,8
PEPE,1776041520000,1776041640000,3.49e-06,3.5e-06,21.870292111571395,target,3362074114.0,8
PEPE,1776043380000,1776043500000,3.49e-06,3.5e-06,21.87501622471145,target,3362800342.0,8
PEPE,1776044520000,1776044880000,3.5000000000000004e-06,3.5100000000000003e-06,21.838857873210873,target,3362410758.0,8
PEPE,1776046620000,1776046740000,3.48e-06,3.49e-06,21.925378116385396,target,3365368859.0,8
PEPE,1776047220000,1776047400000,3.49e-06,3.5e-06,21.889194678829195,target,3364979966.0,8
PEPE,1776049620000,1776051480000,3.48e-06,3.46e-06,-84.84397117560187,time,3366824253.0,8
PEPE,1776052020000,1776052140000,3.48e-06,3.49e-06,21.916498959699933,target,3364005980.0,8
PEPE,1776054420000,1776054480000,3.48e-06,3.49e-06,21.92124189924661,target,3364733983.0,8
PEPE,1776055080000,1776055140000,3.48e-06,3.49e-06,21.925985868159636,target,3365462144.0,8
PEPE,1776055860000,1776055920000,3.48e-06,3.49e-06,21.930730859929884,target,3366190462.0,8
PEPE,1776056460000,1776056580000,3.4700000000000002e-06,3.48e-06,21.976442364599798,target,3368037144.0,8
PEPE,1776057120000,1776057300000,3.4700000000000002e-06,3.48e-06,21.981207161023782,target,3368767381.0,8
PEPE,1776058440000,1776058500000,3.4700000000000002e-06,3.48e-06,21.985972988399006,target,3369497776.0,8
PEPE,1776060420000,1776060600000,3.49e-06,3.5e-06,21.90878278852626,target,3367991205.0,8
PEPE,1776061080000,1776061140000,3.49e-06,3.5e-06,21.91351520855143,target,3368718710.0,8
PEPE,1776061740000,1776061800000,3.49e-06,3.5e-06,21.91824865636532,target,3369446373.0,8
PEPE,1776063480000,1776063540000,3.48e-06,3.49e-06,21.963974598619153,target,3371293108.0,8
PEPE,1776064680000,1776065520000,3.4700000000000002e-06,3.48e-06,22.009755399750908,target,3373142590.0,8
PEPE,1776066000000,1776066060000,3.4700000000000002e-06,3.48e-06,22.01452741935134,target,3373873934.0,8
PEPE,1776067200000,1776067380000,3.4600000000000003e-06,3.4700000000000002e-06,22.060373115344802,target,3375726567.0,8
PEPE,1776068220000,1776068280000,3.4600000000000003e-06,3.4700000000000002e-06,22.065165034796088,target,3376459837.0,8
PEPE,1776068880000,1776068940000,3.4600000000000003e-06,3.4700000000000002e-06,22.069957986776235,target,3377193265.0,8
PEPE,1776125040000,1776125520000,3.75e-06,3.71e-06,-152.51339739892424,stop,3345692605.0,8
PEPE,1776125820000,1776126960000,3.7200000000000004e-06,3.7300000000000003e-06,20.983428165399214,target,3343972616.0,8
PEPE,1776127320000,1776127680000,3.75e-06,3.71e-06,-152.31600381878994,stop,3341362374.0,8
PEPE,1776128220000,1776128340000,3.7200000000000004e-06,3.7300000000000003e-06,20.956269927750263,target,3339644610.0,8
PEPE,1776129960000,1776130140000,3.7200000000000004e-06,3.7300000000000003e-06,20.960603474126774,target,3340335215.0,8
PEPE,1776131460000,1776131580000,3.74e-06,3.75e-06,20.88435958236105,target,3338826472.0,8
PEPE,1776133800000,1776134760000,3.71e-06,3.72e-06,21.00959388395899,target,3342815256.0,8
PEPE,1776136500000,1776136560000,3.6900000000000002e-06,3.7e-06,21.09471793039014,target,3345712598.0,8
PEPE,1776137760000,1776138180000,3.71e-06,3.72e-06,21.018317369685843,target,3344203241.0,8
PEPE,1776139740000,1776139860000,3.6900000000000002e-06,3.7e-06,21.10347676703675,target,3347101787.0,8
PEPE,1776140880000,1776141060000,3.71e-06,3.72e-06,21.027044481855672,target,3345591803.0,8
PEPE,1776141420000,1776141600000,3.71e-06,3.72e-06,21.03140102388014,target,3346284968.0,8
PEPE,1776142020000,1776143580000,3.7e-06,3.66e-06,-152.37118606134055,stop,3348081434.0,8
PEPE,1776147120000,1776147240000,3.65e-06,3.66e-06,21.246709751865065,target,3348575217.0,8
PEPE,1776148200000,1776148260000,3.6400000000000003e-06,3.65e-06,21.291684683116646,target,3350383113.0,8
PEPE,1776148740000,1776148860000,3.6400000000000003e-06,3.65e-06,21.29615550187438,target,3351086625.0,8
PEPE,1776150060000,1776150120000,3.6400000000000003e-06,3.65e-06,21.3006272548202,target,3351790284.0,8
PEPE,1776150480000,1776150540000,3.65e-06,3.66e-06,21.26455236773939,target,3351387292.0,8
PEPE,1776151020000,1776151080000,3.66e-06,3.67e-06,21.228479680624595,target,3350983375.0,8
PEPE,1776153300000,1776153720000,3.6400000000000003e-06,3.65e-06,21.314022609797355,target,3353898129.0,8
PEPE,1776156780000,1776156900000,3.67e-06,3.68e-06,21.196859193950385,target,3351282086.0,8
PEPE,1776157320000,1776157440000,3.67e-06,3.68e-06,21.201284701574323,target,3351981771.0,8
PEPE,1776160800000,1776160980000,3.6900000000000002e-06,3.7e-06,21.12471839400159,target,3350470800.0,8
PEPE,1776161580000,1776161640000,3.7e-06,3.71e-06,21.08864725856592,target,3350063107.0,8
PEPE,1776211320000,1776211380000,3.57e-06,3.58e-06,21.62126577160118,target,3365177552.0,8
PEPE,1776213120000,1776213240000,3.5900000000000004e-06,3.6000000000000003e-06,21.544285546560225,target,3363666752.0,8
PEPE,1776214380000,1776214620000,3.5900000000000004e-06,3.6000000000000003e-06,21.548852542139507,target,3364379788.0,8
PEPE,1776216240000,1776216300000,3.5900000000000004e-06,3.6000000000000003e-06,21.553420498469425,target,3365092974.0,8
PEPE,1776216720000,1776216780000,3.6000000000000003e-06,3.61e-06,21.517213531994727,target,3364693281.0,8
PEPE,1776217440000,1776217500000,3.61e-06,3.62e-06,21.481008595789305,target,3364292654.0,8
PEPE,1776218100000,1776218280000,3.61e-06,3.62e-06,21.48554495312479,target,3365003125.0,8
PEPE,1776219480000,1776219540000,3.6000000000000003e-06,3.61e-06,21.530857047065417,target,3366826747.0,8
PEPE,1776220080000,1776220200000,3.5900000000000004e-06,3.6000000000000003e-06,21.576222938971632,target,3368653074.0,8
PEPE,1776222420000,1776222720000,3.5900000000000004e-06,3.6000000000000003e-06,21.580796704636754,target,3369367167.0,8
PEPE,1776224280000,1776224340000,3.58e-06,3.59e-06,21.626226144096126,target,3371196593.0,8
PEPE,1776224820000,1776224940000,3.58e-06,3.59e-06,21.630819181455454,target,3371912577.0,8
PEPE,1776226020000,1776226140000,3.5900000000000004e-06,3.6000000000000003e-06,21.594541130086014,target,3371513057.0,8
PEPE,1776226860000,1776227040000,3.5900000000000004e-06,3.6000000000000003e-06,21.599118770776872,target,3372227755.0,8
PEPE,1776229500000,1776231120000,3.6000000000000003e-06,3.5600000000000002e-06,-152.9460824724004,stop,3371827215.0,8
PEPE,1776231480000,1776233340000,3.58e-06,3.5600000000000002e-06,-85.4040261906002,time,3368995116.0,8
PEPE,1776233880000,1776233940000,3.57e-06,3.58e-06,21.63478609827419,target,3367281883.0,8
PEPE,1776235020000,1776235380000,3.57e-06,3.58e-06,21.639389636474696,target,3367998387.0,8
PEPE,1776236040000,1776236100000,3.5600000000000002e-06,3.57e-06,21.68485935115441,target,3369830513.0,8
PEPE,1776237420000,1776238500000,3.5500000000000003e-06,3.5100000000000003e-06,-152.68586578231617,stop,3371665359.0,8
PEPE,1776240420000,1776240780000,3.5500000000000003e-06,3.5600000000000002e-06,21.697771371184906,target,3366605333.0,8
PEPE,1776243120000,1776243300000,3.57e-06,3.58e-06,21.620736152423397,target,3365095121.0,8
PEPE,1776243720000,1776245580000,3.58e-06,3.5600000000000002e-06,-85.29507886184929,time,3364697391.0,8
PEPE,1776246120000,1776246180000,3.57e-06,3.58e-06,21.607187253775926,target,3362986343.0,8
PEPE,1776297840000,1776298980000,3.71e-06,3.72e-06,21.04334700508445,target,3348185681.0,8
PEPE,1776300900000,1776300960000,3.7300000000000003e-06,3.74e-06,20.966912591204384,target,3346673997.0,8
PEPE,1776301320000,1776301620000,3.74e-06,3.7e-06,-152.48920003400906,stop,3346262893.0,8
PEPE,1776301920000,1776302100000,3.7200000000000004e-06,3.7300000000000003e-06,20.980098989249697,target,3343442070.0,8
PEPE,1776302580000,1776302820000,3.7300000000000003e-06,3.74e-06,20.944097541184714,target,3343032329.0,8
PEPE,1776303480000,1776303540000,3.74e-06,3.75e-06,20.908098558360958,target,3342621672.0,8
PEPE,1776304020000,1776304080000,3.75e-06,3.76e-06,20.87210207450041,target,3342210100.0,8
PEPE,1776307020000,1776307080000,3.920000000000001e-06,3.880000000000001e-06,-152.38597122527804,stop,3324301292.0,8
PEPE,1776307620000,1776307680000,3.91e-06,3.87e-06,-152.1572779886228,stop,3320398865.0,8
PEPE,1776308220000,1776308280000,3.85e-06,3.86e-06,20.41332157652547,target,3321940045.0,8
PEPE,1776309420000,1776309480000,3.91e-06,3.87e-06,-151.95956323079824,stop,3316084304.0,8
PEPE,1776310920000,1776311160000,3.9e-06,3.91e-06,20.18780949641028,target,3312191878.0,8
PEPE,1776312120000,1776312240000,3.97e-06,3.9300000000000005e-06,-151.761806770349,stop,3305277290.0,8
PEPE,1776313380000,1776313440000,3.98e-06,3.99e-06,19.844922975976413,target,3299239065.0,8
PEPE,1776313920000,1776314160000,3.98e-06,3.99e-06,19.84882326437846,target,3299887492.0,8
PEPE,1776314700000,1776315000000,4.0100000000000006e-06,3.970000000000001e-06,-151.593620638349,stop,3297305506.0,8
PEPE,1776320820000,1776320880000,3.91e-06,3.92e-06,20.099570517785335,target,3303134021.0,8
PEPE,1776321480000,1776321480000,3.9e-06,3.88e-06,-85.36489712477994,risk_halt,3304874066.0,8
PEPE,1776385380000,1776385740000,3.97e-06,3.9300000000000005e-06,-151.2681696006126,stop,3294526181.0,8
PEPE,1776386220000,1776386280000,3.98e-06,3.99e-06,19.780373189941123,target,3288507596.0,8
PEPE,1776388740000,1776388920000,4e-06,3.96e-06,-151.07083928411882,stop,3287006947.0,8
PEPE,1776391020000,1776391080000,3.95e-06,3.96e-06,19.872566276549637,target,3287438590.0,8
PEPE,1776393720000,1776393780000,3.94e-06,3.95e-06,19.915886802945394,target,3289163799.0,8
PEPE,1776394380000,1776394440000,3.9300000000000005e-06,3.94e-06,19.959257275010156,target,3290891554.0,8
PEPE,1776398040000,1776398100000,3.9300000000000005e-06,3.94e-06,19.96321911495987,target,3291544784.0,8
PEPE,1776399360000,1776399420000,3.91e-06,3.92e-06,20.046140615465482,target,3294353429.0,8
PEPE,1776408420000,1776408540000,3.86e-06,3.87e-06,20.24802509238032,target,3300411588.0,8
PEPE,1776409140000,1776409200000,3.86e-06,3.87e-06,20.25209996551676,target,3301075789.0,8
PEPE,1776409620000,1776409680000,3.88e-06,3.89e-06,20.176910101819878,target,3299576468.0,8
PEPE,1776410220000,1776412020000,3.89e-06,3.85e-06,-151.08489119719252,stop,3299156921.0,8
PEPE,1776413220000,1776413580000,3.89e-06,3.9e-06,20.11112586565375,target,3294205711.0,8
PEPE,1776414180000,1776414300000,3.9e-06,3.91e-06,20.075625090975535,target,3293785905.0,8
PEPE,1776415380000,1776415560000,3.9e-06,3.91e-06,20.079633674956025,target,3294443589.0,8
PEPE,1776417240000,1776417300000,3.9e-06,3.91e-06,20.083643057379874,target,3295101404.0,8
PEPE,1776419520000,1776419640000,3.920000000000001e-06,3.9300000000000005e-06,20.00863482299905,target,3293602440.0,8
PEPE,1776420120000,1776420240000,3.9300000000000005e-06,3.94e-06,19.973136026784978,target,3293179889.0,8
PEPE,1776420780000,1776420840000,3.91e-06,3.92e-06,20.056098717965487,target,3295989929.0,8
PEPE,1776424320000,1776424380000,3.89e-06,3.9e-06,20.139212882745856,target,3298806369.0,8
PEPE,1776425580000,1776427020000,3.94e-06,3.900000000000001e-06,-151.0990615856675,stop,3294071541.0,8
PEPE,1776428820000,1776428880000,3.9300000000000005e-06,3.94e-06,19.955086635306426,target,3290203897.0,8
PEPE,1776430680000,1776430740000,3.97e-06,3.98e-06,19.801503647549975,target,3286556622.0,8
PEPE,1776432420000,1776432720000,4.04e-06,4.000000000000001e-06,-150.93196436603844,stop,3279703702.0,8
PEPE,1776472620000,1776472860000,3.95e-06,3.96e-06,19.85429802661598,target,3284416547.0,8
PEPE,1776474780000,1776474840000,3.97e-06,3.98e-06,19.7795900839009,target,3282919516.0,8
PEPE,1776475380000,1776475440000,3.96e-06,3.97e-06,19.822796853835996,target,3284639081.0,8
PEPE,1776477480000,1776477540000,3.94e-06,3.95e-06,19.905424126245254,target,3287435859.0,8
PEPE,1776478620000,1776478740000,3.94e-06,3.95e-06,19.909367475269974,target,3288087114.0,8
PEPE,1776479820000,1776479940000,3.94e-06,3.95e-06,19.913311605391584,target,3288738498.0,8
PEPE,1776480540000,1776480600000,3.94e-06,3.95e-06,19.917256516606443,target,3289390011.0,8
PEPE,1776481020000,1776481080000,3.94e-06,3.95e-06,19.921202208914547,target,3290041653.0,8
PEPE,1776482220000,1776482340000,3.9300000000000005e-06,3.94e-06,19.964584261551487,target,3291769870.0,8
PEPE,1776482820000,1776483720000,3.9300000000000005e-06,3.94e-06,19.96854715680971,target,3292423274.0,8
PEPE,1776484020000,1776484080000,3.9300000000000005e-06,3.94e-06,19.972510840519583,target,3293076808.0,8
PEPE,1776484920000,1776484980000,3.91e-06,3.92e-06,20.055470934600137,target,3295886760.0,8
PEPE,1776486420000,1776486600000,3.920000000000001e-06,3.9300000000000005e-06,20.019949000201123,target,3295464856.0,8
PEPE,1776487380000,1776487440000,3.920000000000001e-06,3.9300000000000005e-06,20.023930743524453,target,3296120287.0,8
PEPE,1776489300000,1776489360000,3.94e-06,3.95e-06,19.948922180563738,target,3294619683.0,8
PEPE,1776489840000,1776489900000,3.94e-06,3.95e-06,19.952874145855734,target,3295272361.0,8
PEPE,1776490380000,1776490920000,3.94e-06,3.95e-06,19.956826898294544,target,3295925169.0,8
PEPE,1776491820000,1776491880000,3.96e-06,3.97e-06,19.881845695765193,target,3294423479.0,8
PEPE,1776492480000,1776492540000,3.95e-06,3.96e-06,19.925231047995027,target,3296150711.0,8
PEPE,1776493020000,1776494220000,3.95e-06,3.96e-06,19.929170514046575,target,3296802401.0,8
PEPE,1776494520000,1776494580000,3.95e-06,3.96e-06,19.933110759900632,target,3297454220.0,8
PEPE,1776496680000,1776496920000,3.95e-06,3.96e-06,19.93705177951591,target,3298106167.0,8
PEPE,1776498420000,1776498660000,3.96e-06,3.97e-06,19.901500115629247,target,3297680218.0,8
PEPE,1776499620000,1776499680000,3.95e-06,3.96e-06,19.944928360110723,target,3299409158.0,8
PEPE,1776558780000,1776558840000,3.76e-06,3.77e-06,20.70448267186066,target,3320686876.0,8
PEPE,1776559320000,1776559440000,3.76e-06,3.77e-06,20.708731256976726,target,3321368285.0,8
PEPE,1776559920000,1776559980000,3.7700000000000003e-06,3.7800000000000002e-06,20.672959902151877,target,3320957414.0,8
PEPE,1776560700000,1776560760000,3.7800000000000002e-06,3.79e-06,20.63719112774016,target,3320545636.0,8
PEPE,1776561840000,1776562020000,3.7800000000000002e-06,3.79e-06,20.64140954656101,target,3321224384.0,8
PEPE,1776563820000,1776564900000,3.7700000000000003e-06,3.7800000000000002e-06,20.685647871451025,target,3322995642.0,8
PEPE,1776565320000,1776565560000,3.76e-06,3.72e-06,-151.60949020320075,stop,3324769522.0,8
PEPE,1776567900000,1776568260000,3.75e-06,3.76e-06,20.738847307415178,target,3320872267.0,8
PEPE,1776568620000,1776568680000,3.7700000000000003e-06,3.7800000000000002e-06,20.663081462101054,target,3319370516.0,8
PEPE,1776569220000,1776569340000,3.7700000000000003e-06,3.7800000000000002e-06,20.667313360273415,target,3320050339.0,8
PEPE,1776570540000,1776570600000,3.7700000000000003e-06,3.7800000000000002e-06,20.67154612372581,target,3320730301.0,8
PEPE,1776571320000,1776571380000,3.76e-06,3.77e-06,20.715806030422286,target,3322502972.0,8
PEPE,1776571920000,1776571980000,3.76e-06,3.77e-06,20.720056941191306,target,3323184754.0,8
PEPE,1776572520000,1776572700000,3.7700000000000003e-06,3.7800000000000002e-06,20.684266014825383,target,3322773657.0,8
PEPE,1776573180000,1776573360000,3.76e-06,3.77e-06,20.728553157464923,target,3324547419.0,8
PEPE,1776574980000,1776575160000,3.75e-06,3.76e-06,20.77289216847148,target,3326323806.0,8
PEPE,1776575700000,1776575820000,3.76e-06,3.77e-06,20.737069307035053,target,3325913281.0,8
PEPE,1776577620000,1776577680000,3.76e-06,3.77e-06,20.741324576069744,target,3326595762.0,8
PEPE,1776579780000,1776579840000,3.76e-06,3.77e-06,20.74558072423971,target,3327278384.0,8
PEPE,1776581580000,1776581640000,3.7800000000000002e-06,3.79e-06,20.669680046455408,target,3325773137.0,8
PEPE,1776582120000,1776582240000,3.7800000000000002e-06,3.79e-06,20.67390510289573,target,3326452953.0,8
PEPE,1776582780000,1776583380000,3.76e-06,3.72e-06,-151.8170746271992,stop,3329321812.0,8
PEPE,1776586020000,1776586440000,3.75e-06,3.76e-06,20.76724302890114,target,3325419220.0,8
PEPE,1776587100000,1776587160000,3.75e-06,3.76e-06,20.771512729155013,target,3326102919.0,8
PEPE,1776644100000,1776644160000,3.66e-06,3.67e-06,21.13779370584078,target,3336668304.0,8
PEPE,1776645240000,1776645300000,3.6900000000000002e-06,3.7e-06,21.021281180576533,target,3334065215.0,8
PEPE,1776647040000,1776647160000,3.6900000000000002e-06,3.7e-06,21.025653269335955,target,3334758647.0,8
PEPE,1776648120000,1776648660000,3.6900000000000002e-06,3.7e-06,21.030026266016424,target,3335452223.0,8
PEPE,1776649020000,1776649200000,3.7e-06,3.71e-06,20.994116817314577,target,3335046357.0,8
PEPE,1776649620000,1776649800000,3.71e-06,3.72e-06,20.958209728875197,target,3334639575.0,8
PEPE,1776650220000,1776651120000,3.71e-06,3.67e-06,-151.84091964674946,stop,3335330470.0,8
PEPE,1776653220000,1776653280000,3.6900000000000002e-06,3.7e-06,21.011545113065516,target,3332521033.0,8
PEPE,1776653820000,1776653880000,3.7e-06,3.71e-06,20.97566722357969,target,3332115524.0,8
PEPE,1776655080000,1776655500000,3.6900000000000002e-06,3.7e-06,21.02027777765626,target,3333906071.0,8
PEPE,1776655920000,1776656100000,3.6900000000000002e-06,3.7e-06,21.024649658350363,target,3334599470.0,8
PEPE,1776657120000,1776657180000,3.6900000000000002e-06,3.7e-06,21.02902244696552,target,3335293013.0,8
PEPE,1776657720000,1776658680000,3.7e-06,3.71e-06,20.99311470996944,target,3334887166.0,8
PEPE,1776661620000,1776661920000,3.7200000000000004e-06,3.6800000000000003e-06,-151.80222037859858,stop,3333382090.0,8
PEPE,1776664020000,1776664140000,3.6900000000000002e-06,3.7e-06,21.006189955010143,target,3331671682.0,8
PEPE,1776665220000,1776665280000,3.7e-06,3.71e-06,20.970321207419964,target,3331266276.0,8
PEPE,1776666540000,1776666660000,3.7e-06,3.71e-06,20.97467434470496,target,3331957799.0,8
PEPE,1776667020000,1776667140000,3.71e-06,3.72e-06,20.938800505005183,target,3331551393.0,8
PEPE,1776669540000,1776669600000,3.7200000000000004e-06,3.7300000000000003e-06,20.90292905807589,target,3331144073.0,8
PEPE,1776670680000,1776671160000,3.74e-06,3.75e-06,20.826894953656765,target,3329639481.0,8
PEPE,1776672600000,1776672720000,3.7300000000000003e-06,3.74e-06,20.87135854180945,target,3331421954.0,8
PEPE,1776673020000,1776673140000,3.7300000000000003e-06,3.74e-06,20.875666230510486,target,3332109534.0,8
PEPE,1776674280000,1776674400000,3.7300000000000003e-06,3.74e-06,20.87997480257546,target,3332797255.0,8
PEPE,1776674880000,1776674940000,3.7200000000000004e-06,3.7300000000000003e-06,20.924508983873974,target,3334583105.0,8
PEPE,1776729720000,1776729780000,3.75e-06,3.76e-06,20.808216299038847,target,3331980192.0,8
PEPE,1776731640000,1776731700000,3.75e-06,3.76e-06,20.812494423799148,target,3332665240.0,8
PEPE,1776732180000,1776732240000,3.75e-06,3.76e-06,20.816773429105492,target,3333350429.0,8
PEPE,1776732780000,1776732840000,3.75e-06,3.76e-06,20.821053314954245,target,3334035759.0,8
PEPE,1776733320000,1776733620000,3.76e-06,3.77e-06,20.785147404506944,target,3333624283.0,8
PEPE,1776733920000,1776733980000,3.76e-06,3.77e-06,20.78941253731044,target,3334308346.0,8
PEPE,1776735240000,1776735660000,3.76e-06,3.77e-06,20.793678555485542,target,3334992551.0,8
PEPE,1776736260000,1776736860000,3.76e-06,3.72e-06,-152.10686641200095,stop,3335676895.0,8
PEPE,1776738960000,1776739080000,3.75e-06,3.76e-06,20.806884003231183,target,3331766854.0,8
PEPE,1776739620000,1776739740000,3.74e-06,3.75e-06,20.851347625156286,target,3333548781.0,8
PEPE,1776742020000,1776742080000,3.74e-06,3.75e-06,20.85564290237943,target,3334235476.0,8
PEPE,1776743820000,1776744180000,3.74e-06,3.75e-06,20.859939061561207,target,3334922312.0,8
PEPE,1776746460000,1776746580000,3.74e-06,3.75e-06,20.864236102694335,target,3335609289.0,8
PEPE,1776747180000,1776747360000,3.76e-06,3.77e-06,20.788122702860534,target,3334101476.0,8
PEPE,1776747720000,1776748080000,3.7700000000000003e-06,3.7800000000000002e-06,20.752214205525465,target,3333689029.0,8
PEPE,1776748680000,1776748860000,3.7800000000000002e-06,3.79e-06,20.71630830769605,target,3333275673.0,8
PEPE,1776749280000,1776749340000,3.7800000000000002e-06,3.79e-06,20.720542897945435,target,3333957023.0,8
PEPE,1776749880000,1776750000000,3.7800000000000002e-06,3.79e-06,20.724778352079543,target,3334638512.0,8
PEPE,1776751620000,1776751800000,3.7700000000000003e-06,3.7800000000000002e-06,20.769195358123863,target,3336416925.0,8
PEPE,1776752460000,1776752760000,3.76e-06,3.77e-06,20.81366433671664,target,3338197969.0,8
PEPE,1776754320000,1776754980000,3.79e-06,3.75e-06,-152.2530635191493,stop,3335591270.0,8
PEPE,1776755520000,1776755580000,3.7700000000000003e-06,3.7800000000000002e-06,20.74652957287335,target,3332775835.0,8
PEPE,1776757980000,1776758040000,3.7700000000000003e-06,3.7800000000000002e-06,20.750778558677187,target,3333458403.0,8
PEPE,1776758820000,1776758880000,3.7800000000000002e-06,3.79e-06,20.71487514734045,target,3333045076.0,8
PEPE,1776817380000,1776818760000,3.82e-06,3.83e-06,20.558727215974173,target,3329348537.0,8
PEPE,1776819120000,1776819540000,3.81e-06,3.82e-06,20.602961242700488,target,3331117420.0,8
PEPE,1776821700000,1776821760000,3.79e-06,3.8e-06,20.687371855513984,target,3333984183.0,8
PEPE,1776822720000,1776822780000,3.79e-06,3.8e-06,20.69159234139124,target,3334664358.0,8
PEPE,1776825300000,1776825360000,3.86e-06,3.87e-06,20.41537681257165,target,3327689782.0,8
PEPE,1776826320000,1776826380000,3.9e-06,3.91e-06,20.2597807862561,target,3324000129.0,8
PEPE,1776828120000,1776828180000,3.920000000000001e-06,3.880000000000001e-06,-152.30285079095884,stop,3322488019.0,8
PEPE,1776832980000,1776834540000,3.88e-06,3.89e-06,20.313111319088918,target,3321849766.0,8
PEPE,1776835680000,1776835740000,3.91e-06,3.92e-06,20.197654298108468,target,3319252966.0,8
PEPE,1776836340000,1776836460000,3.91e-06,3.92e-06,20.20167931263593,target,3319914431.0,8
PEPE,1776842280000,1776842460000,3.88e-06,3.89e-06,20.325281771220567,target,3323840028.0,8
PEPE,1776842820000,1776844020000,3.88e-06,3.89e-06,20.32935618960648,target,3324506327.0,8
PEPE,1776844560000,1776844620000,3.87e-06,3.88e-06,20.373358565875826,target,3326262623.0,8
PEPE,1776844920000,1776844980000,3.88e-06,3.89e-06,20.337515476910053,target,3325840634.0,8
PEPE,1776845520000,1776845580000,3.89e-06,3.9e-06,20.301675351539657,target,3325417748.0,8
PEPE,1776846120000,1776846180000,3.88e-06,3.89e-06,20.34566203278613,target,3327172859.0,8
PEPE,1776846720000,1776846780000,3.88e-06,3.89e-06,20.349740535990044,target,3327839826.0,8
PEPE,1776847620000,1776848160000,3.9e-06,3.91e-06,20.27396402800897,target,3326327158.0,8
PEPE,1776848520000,1776848580000,3.89e-06,3.9e-06,20.317935023925116,target,3328081085.0,8
PEPE,1776849120000,1776849480000,3.9e-06,3.91e-06,20.282069183388487,target,3327656962.0,8
PEPE,1776850140000,1776850200000,3.9e-06,3.91e-06,20.286118987854902,target,3328321409.0,8
PEPE,1776850680000,1776850740000,3.91e-06,3.92e-06,20.250249009840523,target,3327896304.0,8
PEPE,1776853620000,1776853740000,3.89e-06,3.9e-06,20.33416775494534,target,3330740009.0,8
PEPE,1776854820000,1776854880000,3.920000000000001e-06,3.9300000000000005e-06,20.218426327574967,target,3328136021.0,8
PEPE,1776902880000,1776903240000,3.8e-06,3.76e-06,-152.59209797484002,stop,3341920674.0,8
PEPE,1776904320000,1776904380000,3.7800000000000002e-06,3.79e-06,20.752501378841316,target,3339099176.0,8
PEPE,1776906780000,1776906840000,3.79e-06,3.8e-06,20.71653538033434,target,3338684187.0,8
PEPE,1776907980000,1776908160000,3.7800000000000002e-06,3.79e-06,20.76097800491098,target,3340463074.0,8
PEPE,1776909120000,1776909360000,3.8e-06,3.81e-06,20.684799332504923,target,3338950659.0,8
PEPE,1776909720000,1776909780000,3.79e-06,3.8e-06,20.72921727722924,target,3340728006.0,8
PEPE,1776914820000,1776914880000,3.75e-06,3.76e-06,20.894568424529595,target,3345807594.0,8
PEPE,1776915540000,1776915780000,3.74e-06,3.75e-06,20.939219428905062,target,3347597031.0,8
PEPE,1776916380000,1776916500000,3.74e-06,3.75e-06,20.94353280184502,target,3348286619.0,8
PEPE,1776916920000,1776916980000,3.74e-06,3.75e-06,20.947847069250823,target,3348976350.0,8
PEPE,1776918180000,1776918240000,3.76e-06,3.77e-06,20.871428650090408,target,3347462494.0,8
PEPE,1776919380000,1776919500000,3.76e-06,3.77e-06,20.875711496531437,target,3348149398.0,8
PEPE,1776921720000,1776921780000,3.7700000000000003e-06,3.7800000000000002e-06,20.839651700926577,target,3347735213.0,8
PEPE,1776922920000,1776923040000,3.76e-06,3.77e-06,20.88427154050021,target,3349522300.0,8
PEPE,1776925380000,1776925440000,3.81e-06,3.82e-06,20.687021825101606,target,3344708460.0,8
PEPE,1776926160000,1776928020000,3.82e-06,3.8e-06,-85.98169302047746,time,3344289888.0,8
PEPE,1776930720000,1776932580000,3.8e-06,3.79e-06,-52.462043396429856,time,3343661147.0,8
PEPE,1776933120000,1776934680000,3.7800000000000002e-06,3.79e-06,20.78379296537465,target,3344134025.0,8
PEPE,1776936420000,1776936540000,3.76e-06,3.77e-06,20.868658053020333,target,3347018132.0,8
PEPE,1776937140000,1776937200000,3.74e-06,3.75e-06,20.953679744159235,target,3349908832.0,8
PEPE,1776938820000,1776938880000,3.74e-06,3.75e-06,20.957996094479903,target,3350598896.0,8
PEPE,1776940920000,1776941160000,3.75e-06,3.76e-06,20.92191370579165,target,3350186342.0,8
PEPE,1776942780000,1776942840000,3.76e-06,3.77e-06,20.88583385692027,target,3349772872.0,8
PEPE,1776943380000,1776943440000,3.76e-06,3.77e-06,20.89011965874905,target,3350460250.0,8
PEPE,1776989520000,1776989700000,3.830000000000001e-06,3.8400000000000005e-06,20.243132585505304,target,3283557597.0,9
PEPE,1776990720000,1776990780000,3.8400000000000005e-06,3.85e-06,20.207756188604186,target,3283144791.0,9
PEPE,1776992760000,1776992880000,3.85e-06,3.86e-06,20.17238257877524,target,3282731095.0,9
PEPE,1776993540000,1776993840000,3.8400000000000005e-06,3.85e-06,20.21591445645606,target,3284470261.0,9
PEPE,1776994320000,1776994680000,3.8400000000000005e-06,3.85e-06,20.21999881597574,target,3285133845.0,9
PEPE,1776996540000,1776996720000,3.85e-06,3.86e-06,20.18460377321159,target,3284719898.0,9
PEPE,1776997020000,1776997140000,3.85e-06,3.86e-06,20.188673846366157,target,3285382237.0,9
PEPE,1776997620000,1776997800000,3.85e-06,3.86e-06,20.192744736804972,target,3286044709.0,9
PEPE,1777000080000,1777000320000,3.830000000000001e-06,3.8400000000000005e-06,20.275850591911556,target,3288864654.0,9
PEPE,1777003620000,1777003740000,3.81e-06,3.82e-06,20.359109045288502,target,3291691034.0,9
PEPE,1777004880000,1777005060000,3.81e-06,3.82e-06,20.36324645156021,target,3292359976.0,9
PEPE,1777006620000,1777007100000,3.82e-06,3.78e-06,-150.40910206394966,stop,3291947955.0,9
PEPE,1777007520000,1777007580000,3.8e-06,3.81e-06,20.376390971265337,target,3289167227.0,9
PEPE,1777008720000,1777009020000,3.81e-06,3.82e-06,20.340959267933766,target,3288756551.0,9
PEPE,1777009980000,1777010040000,3.82e-06,3.83e-06,20.30553025767463,target,3288344981.0,9
PEPE,1777012320000,1777012440000,3.830000000000001e-06,3.8400000000000005e-06,20.270103967305698,target,3287932517.0,9
PEPE,1777012920000,1777013040000,3.8400000000000005e-06,3.85e-06,20.234680435955553,target,3287519161.0,9
PEPE,1777013700000,1777014360000,3.8400000000000005e-06,3.85e-06,20.238768586954563,target,3288183361.0,9
PEPE,1777015320000,1777016400000,3.8400000000000005e-06,3.85e-06,20.242857556570392,target,3288847694.0,9
PEPE,1777018320000,1777018440000,3.82e-06,3.83e-06,20.326074921099792,target,3291672052.0,9
PEPE,1777019520000,1777019640000,3.830000000000001e-06,3.8400000000000005e-06,20.290612789216546,target,3291259171.0,9
PEPE,1777020120000,1777020600000,3.830000000000001e-06,3.8400000000000005e-06,20.294720245126527,target,3291925425.0,9
PEPE,1777021080000,1777021200000,3.830000000000001e-06,3.8400000000000005e-06,20.29882853331034,target,3292591814.0,9
PEPE,1777021620000,1777022580000,3.82e-06,3.78e-06,-150.51837230327882,stop,3294339512.0,9
PEPE,1777075920000,1777076220000,3.85e-06,3.86e-06,20.19344705500048,target,3286159000.0,9
PEPE,1777076820000,1777077300000,3.85e-06,3.86e-06,20.19751890406004,target,3286821628.0,9
PEPE,1777078320000,1777078380000,3.86e-06,3.87e-06,20.16210404314697,target,3286406527.0,9
PEPE,1777080180000,1777080420000,3.88e-06,3.89e-06,20.08724830282085,target,3284913868.0,9
PEPE,1777081380000,1777081440000,3.88e-06,3.89e-06,20.09127500585972,target,3285572364.0,9
PEPE,1777082040000,1777082280000,3.88e-06,3.89e-06,20.095302516079748,target,3286230992.0,9
PEPE,1777083720000,1777083780000,3.87e-06,3.88e-06,20.13879828537585,target,3287967067.0,9
PEPE,1777084320000,1777084380000,3.88e-06,3.89e-06,20.103367864756393,target,3287549937.0,9
PEPE,1777087920000,1777088040000,3.87e-06,3.88e-06,20.146881092624554,target,3289286709.0,9
PEPE,1777088580000,1777088760000,3.88e-06,3.89e-06,20.111436454381163,target,3288869412.0,9
PEPE,1777089780000,1777090080000,3.88e-06,3.89e-06,20.115468006615977,target,3289528701.0,9
PEPE,1777090740000,1777090800000,3.88e-06,3.89e-06,20.119500366031943,target,3290188122.0,9
PEPE,1777092420000,1777092540000,3.87e-06,3.88e-06,20.16304851399988,target,3291926288.0,9
PEPE,1777093140000,1777093260000,3.87e-06,3.88e-06,20.167098345625433,target,3292587485.0,9
PEPE,1777094520000,1777094580000,3.86e-06,3.87e-06,20.210705770815157,target,3294328569.0,9
PEPE,1777096320000,1777096380000,3.88e-06,3.89e-06,20.13566958788085,target,3292832312.0,9
PEPE,1777096920000,1777097040000,3.88e-06,3.89e-06,20.13970599542609,target,3293492395.0,9
PEPE,1777098240000,1777098420000,3.87e-06,3.88e-06,20.183297880375683,target,3295232307.0,9
PEPE,1777101120000,1777101360000,3.86e-06,3.87e-06,20.226940330515973,target,3296974789.0,9
PEPE,1777101720000,1777101840000,3.86e-06,3.87e-06,20.23101096436636,target,3297638299.0,9
PEPE,1777102320000,1777102380000,3.86e-06,3.87e-06,20.235082414170243,target,3298301942.0,9
PEPE,1777103520000,1777103880000,3.86e-06,3.87e-06,20.239154686066666,target,3298965719.0,9
PEPE,1777104420000,1777104600000,3.86e-06,3.87e-06,20.24322778005017,target,3299629630.0,9
PEPE,1777105020000,1777105680000,3.86e-06,3.87e-06,20.247301689990806,target,3300293674.0,9
PEPE,1777162980000,1777163100000,3.8400000000000005e-06,3.85e-06,20.33072720442416,target,3303123835.0,9
PEPE,1777163520000,1777163580000,3.830000000000001e-06,3.8400000000000005e-06,20.37455723556146,target,3304875464.0,9
PEPE,1777164180000,1777164240000,3.830000000000001e-06,3.8400000000000005e-06,20.37868168220899,target,3305544474.0,9
PEPE,1777164960000,1777166820000,3.830000000000001e-06,3.82e-06,-52.023271310704466,time,3306213620.0,9
PEPE,1777167720000,1777167780000,3.830000000000001e-06,3.8400000000000005e-06,20.372275827991032,target,3304505406.0,9
PEPE,1777170540000,1777170660000,3.8400000000000005e-06,3.85e-06,20.33667374688386,target,3304089967.0,9
PEPE,1777171020000,1777171260000,3.830000000000001e-06,3.8400000000000005e-06,20.380516595818918,target,3305842108.0,9
PEPE,1777171800000,1777171860000,3.82e-06,3.83e-06,20.424410480825394,target,3307596839.0,9
PEPE,1777173900000,1777173960000,3.85e-06,3.86e-06,20.30930246387081,target,3305012606.0,9
PEPE,1777174500000,1777175640000,3.830000000000001e-06,3.8400000000000005e-06,20.392888030786217,target,3307848829.0,9
PEPE,1777177320000,1777177380000,3.830000000000001e-06,3.8400000000000005e-06,20.39701618876513,target,3308518441.0,9
PEPE,1777179180000,1777180320000,3.85e-06,3.86e-06,20.321622641965586,target,3307017517.0,9
PEPE,1777182420000,1777182480000,3.86e-06,3.87e-06,20.28599017177457,target,3306599865.0,9
PEPE,1777184280000,1777184460000,3.88e-06,3.89e-06,20.21067448402492,target,3305098035.0,9
PEPE,1777186200000,1777186260000,3.89e-06,3.9e-06,20.17505788352965,target,3304677786.0,9
PEPE,1777186620000,1777186740000,3.89e-06,3.9e-06,20.179094253119818,target,3305338944.0,9
PEPE,1777187280000,1777187340000,3.88e-06,3.89e-06,20.222815345669435,target,3307083458.0,9
PEPE,1777188180000,1777188360000,3.88e-06,3.89e-06,20.22686922377011,target,3307746398.0,9
PEPE,1777189080000,1777189320000,3.88e-06,3.89e-06,20.2309239151646,target,3308409471.0,9
PEPE,1777190400000,1777190520000,3.89e-06,3.9e-06,20.195271630105978,target,3307988801.0,9
PEPE,1777190940000,1777191000000,3.89e-06,3.9e-06,20.199312041206678,target,3308650621.0,9
PEPE,1777191420000,1777191480000,3.88e-06,3.89e-06,20.24307693954403,target,3310396883.0,9
PEPE,1777192020000,1777192260000,3.88e-06,3.89e-06,20.24713487800658,target,3311060487.0,9
PEPE,1777193340000,1777193400000,3.87e-06,3.88e-06,20.29095928387574,target,3312809679.0,9
PEPE,1777249320000,1777249380000,3.89e-06,3.9e-06,20.215513581779625,target,3311304436.0,9
PEPE,1777250160000,1777250220000,3.88e-06,3.89e-06,20.25931358538612,target,3313052099.0,9
PEPE,1777251780000,1777251840000,3.95e-06,3.96e-06,19.98557616119904,target,3306133360.0,9
PEPE,1777254120000,1777254420000,3.95e-06,3.96e-06,19.989527560080276,target,3306787024.0,9
PEPE,1777254720000,1777254840000,3.96e-06,3.97e-06,19.953882322389177,target,3306359954.0,9
PEPE,1777255380000,1777255440000,3.97e-06,3.98e-06,19.91824028192569,target,3305931997.0,9
PEPE,1777257120000,1777257180000,3.97e-06,3.98e-06,19.9221627738263,target,3306583033.0,9
PEPE,1777258920000,1777259040000,3.99e-06,4e-06,19.846973711614694,target,3305074723.0,9
PEPE,1777259520000,1777259580000,4e-06,4.01e-06,19.811341463430804,target,3304644114.0,9
PEPE,1777260180000,1777260300000,4e-06,4.01e-06,19.815219676890376,target,3305291022.0,9
PEPE,1777260720000,1777260840000,4.0100000000000006e-06,4.0200000000000005e-06,19.779583784311477,target,3304859446.0,9
PEPE,1777270920000,1777270980000,3.85e-06,3.86e-06,20.418920304459746,target,3322851148.0,9
PEPE,1777273740000,1777273800000,3.82e-06,3.83e-06,20.542956074549256,target,3326794506.0,9
PEPE,1777275120000,1777275600000,3.82e-06,3.83e-06,20.547122723725327,target,3327469267.0,9
PEPE,1777276080000,1777276140000,3.830000000000001e-06,3.8400000000000005e-06,20.511274938841098,target,3327051896.0,9
PEPE,1777276680000,1777277040000,3.830000000000001e-06,3.8400000000000005e-06,20.515427060173455,target,3327725395.0,9
PEPE,1777277640000,1777277700000,3.830000000000001e-06,3.8400000000000005e-06,20.519580026115,target,3328399031.0,9
PEPE,1777278120000,1777278180000,3.82e-06,3.83e-06,20.56377341980019,target,3330165736.0,9
PEPE,1777278720000,1777278780000,3.82e-06,3.83e-06,20.567944292675136,target,3330841181.0,9
PEPE,1777279440000,1777279500000,3.82e-06,3.83e-06,20.572116011526397,target,3331516763.0,9
PEPE,1777280160000,1777280220000,3.830000000000001e-06,3.8400000000000005e-06,20.536224619860338,target,3331098884.0,9
PEPE,1777281120000,1777281180000,3.8400000000000005e-06,3.85e-06,20.500336027811304,target,3330680102.0,9
PEPE,1777281960000,1777282200000,3.830000000000001e-06,3.8400000000000005e-06,20.54453170459471,target,3332446343.0,9
PEPE,1777283220000,1777283280000,3.8400000000000005e-06,3.85e-06,20.50862859160457,target,3332027391.0,9
PEPE,1777334580000,1777334640000,3.9e-06,3.91e-06,20.272902766609366,target,3326153038.0,9
PEPE,1777335120000,1777335300000,3.9e-06,3.91e-06,20.27695073647977,target,3326817184.0,9
PEPE,1777335720000,1777335900000,3.88e-06,3.89e-06,20.360883062735983,target,3329661989.0,9
PEPE,1777337820000,1777337880000,3.9e-06,3.91e-06,20.28506505874033,target,3328148492.0,9
PEPE,1777338480000,1777338780000,3.9e-06,3.91e-06,20.289115466608532,target,3328813038.0,9
PEPE,1777339860000,1777339920000,3.89e-06,3.9e-06,20.333119318876772,target,3330568275.0,9
PEPE,1777340760000,1777340820000,3.88e-06,3.89e-06,20.377174132073673,target,3332326105.0,9
PEPE,1777341420000,1777341480000,3.88e-06,3.89e-06,20.381258952075456,target,3332994105.0,9
PEPE,1777342080000,1777342140000,3.88e-06,3.89e-06,20.38534459148554,target,3333662239.0,9
PEPE,1777342620000,1777342740000,3.87e-06,3.88e-06,20.429468147374266,target,3335423371.0,9
PEPE,1777345080000,1777345260000,3.86e-06,3.87e-06,20.473642895310604,target,3337187106.0,9
PEPE,1777345620000,1777345860000,3.87e-06,3.88e-06,20.437683713998766,target,3336764688.0,9
PEPE,1777346280000,1777346340000,3.86e-06,3.87e-06,20.48187622482089,target,3338529132.0,9
PEPE,1777349220000,1777349280000,3.86e-06,3.87e-06,20.485998165675397,target,3339201005.0,9
PEPE,1777349940000,1777351800000,3.88e-06,3.86e-06,-86.11225666860045,time,3337684367.0,9
PEPE,1777352220000,1777352280000,3.87e-06,3.88e-06,20.43272126962515,target,3335954493.0,9
PEPE,1777354020000,1777354080000,3.88e-06,3.89e-06,20.396773746624937,target,3335531275.0,9
PEPE,1777354620000,1777354680000,3.88e-06,3.89e-06,20.400862498571684,target,3336199918.0,9
PEPE,1777355340000,1777355400000,3.87e-06,3.88e-06,20.445019644874236,target,3337962391.0,9
PEPE,1777355940000,1777356000000,3.88e-06,3.89e-06,20.40905048356935,target,3337538918.0,9
PEPE,1777356420000,1777356480000,3.89e-06,3.9e-06,20.373084297225255,target,3337114545.0,9
PEPE,1777358220000,1777358640000,3.88e-06,3.8400000000000005e-06,-152.85373545161957,stop,3338875829.0,9
PEPE,1777362240000,1777362300000,3.85e-06,3.86e-06,20.506757862356704,target,3337145299.0,9
PEPE,1777363440000,1777363920000,3.85e-06,3.86e-06,20.510892888159542,target,3337818208.0,9
PEPE,1777421640000,1777421820000,3.87e-06,3.88e-06,20.434854625500314,target,3336302796.0,9
PEPE,1777422180000,1777422300000,3.87e-06,3.88e-06,20.438959055375868,target,3336972907.0,9
PEPE,1777423980000,1777424100000,3.89e-06,3.9e-06,20.362963055818643,target,3335456684.0,9
PEPE,1777426380000,1777426500000,3.86e-06,3.87e-06,20.487252331454542,target,3339405433.0,9
PEPE,1777427640000,1777427820000,3.88e-06,3.89e-06,20.411189418845368,target,3337888703.0,9
PEPE,1777428300000,1777428360000,3.88e-06,3.89e-06,20.415281057070995,target,3338557818.0,9
PEPE,1777428720000,1777428840000,3.88e-06,3.89e-06,20.419373514704922,target,3339227067.0,9
PEPE,1777430280000,1777430520000,3.87e-06,3.88e-06,20.463570732499683,target,3340991140.0,9
PEPE,1777432560000,1777432620000,3.87e-06,3.88e-06,20.467680926000277,target,3341662192.0,9
PEPE,1777434720000,1777434780000,3.9e-06,3.91e-06,20.351510627679545,target,3339050144.0,9
PEPE,1777435380000,1777435440000,3.9e-06,3.91e-06,20.35557429827085,target,3339716866.0,9
PEPE,1777435980000,1777436040000,3.9e-06,3.91e-06,20.359638779496287,target,3340383721.0,9
PEPE,1777437780000,1777437900000,3.9300000000000005e-06,3.94e-06,20.24358690101037,target,3337771954.0,9
PEPE,1777438380000,1777438560000,3.94e-06,3.95e-06,20.20761056317476,target,3337342785.0,9
PEPE,1777438920000,1777440780000,3.94e-06,3.92e-06,-86.42092164414308,time,3338003926.0,9
PEPE,1777442220000,1777442340000,3.920000000000001e-06,3.9300000000000005e-06,20.27445689700098,target,3337359160.0,9
PEPE,1777443420000,1777443840000,3.91e-06,3.92e-06,20.31851821911099,target,3339115566.0,9
PEPE,1777444620000,1777444800000,3.9e-06,3.91e-06,20.36263047367607,target,3340874565.0,9
PEPE,1777445340000,1777445400000,3.9e-06,3.91e-06,20.36669636284568,target,3341541651.0,9
PEPE,1777447020000,1777447080000,3.89e-06,3.9e-06,20.41086847799986,target,3343303600.0,9
PEPE,1777447620000,1777447680000,3.9e-06,3.91e-06,20.37483858801601,target,3342877537.0,9
PEPE,1777448220000,1777448340000,3.94e-06,3.95e-06,20.218683535435545,target,3339171517.0,9
PEPE,1777448820000,1777448880000,3.94e-06,3.95e-06,20.222688942153674,target,3339833021.0,9
PEPE,1777450140000,1777450200000,3.9300000000000005e-06,3.94e-06,20.26672753854453,target,3341587393.0,9
PEPE,1777507380000,1777507680000,3.85e-06,3.86e-06,20.59201863739981,target,3351020120.0,9
PEPE,1777508880000,1777509000000,3.86e-06,3.87e-06,20.55591204284865,target,3350596910.0,9
PEPE,1777511220000,1777511280000,3.91e-06,3.92e-06,20.359109732859597,target,3345786316.0,9
PEPE,1777511820000,1777512720000,3.91e-06,3.92e-06,20.363166924866515,target,3346453069.0,9
PEPE,1777513020000,1777513080000,3.91e-06,3.92e-06,20.367224920090067,target,3347119954.0,9
PEPE,1777514220000,1777515660000,3.920000000000001e-06,3.880000000000001e-06,-153.41233799327955,stop,3346691492.0,9
PEPE,1777519920000,1777519980000,3.85e-06,3.86e-06,20.581699615422902,target,3349340865.0,9
PEPE,1777521120000,1777521240000,3.86e-06,3.87e-06,20.545611114046306,target,3348917867.0,9
PEPE,1777521720000,1777521780000,3.8400000000000005e-06,3.85e-06,20.630265763531046,target,3351789726.0,9
PEPE,1777525920000,1777525980000,3.830000000000001e-06,3.8400000000000005e-06,20.67474155372834,target,3353567162.0,9
PEPE,1777526760000,1777527120000,3.82e-06,3.83e-06,20.719269120548482,target,3355347226.0,9
PEPE,1777527480000,1777527540000,3.830000000000001e-06,3.8400000000000005e-06,20.683120997070223,target,3354926358.0,9
PEPE,1777528620000,1777528680000,3.830000000000001e-06,3.8400000000000005e-06,20.687307907500802,target,3355605500.0,9
PEPE,1777529280000,1777529400000,3.830000000000001e-06,3.8400000000000005e-06,20.69149566870007,target,3356284780.0,9
PEPE,1777530480000,1777530540000,3.830000000000001e-06,3.8400000000000005e-06,20.69568427450489,target,3356964197.0,9
PEPE,1777531020000,1777531080000,3.85e-06,3.86e-06,20.619186763920734,target,3355441296.0,9
PEPE,1777532820000,1777532880000,3.88e-06,3.89e-06,20.5024879281712,target,3352818958.0,9
PEPE,1777533420000,1777533540000,3.89e-06,3.9e-06,20.466357079408976,target,3352392642.0,9
PEPE,1777534740000,1777534860000,3.91e-06,3.92e-06,20.390033082188634,target,3350868214.0,9
PEPE,1777536540000,1777536600000,3.91e-06,3.92e-06,20.394096432215214,target,3351535979.0,9
PEPE,1777537740000,1777537800000,3.89e-06,3.9e-06,20.478611291820776,target,3354399884.0,9
PEPE,1777540140000,1777540560000,3.9e-06,3.91e-06,20.442461820666814,target,3353972407.0,9
PEPE,1777541580000,1777541760000,3.91e-06,3.92e-06,20.406315398212044,target,3353544026.0,9
PEPE,1777542360000,1777542420000,3.920000000000001e-06,3.9300000000000005e-06,20.370172057649686,target,3353114742.0,9
PEPE,1777595700000,1777595760000,3.88e-06,3.89e-06,20.53525332116955,target,3358177158.0,9
PEPE,1777597320000,1777597380000,3.88e-06,3.89e-06,20.53936982910147,target,3358850340.0,9
PEPE,1777598520000,1777599540000,3.91e-06,3.92e-06,20.422626788360795,target,3356224616.0,9
PEPE,1777601220000,1777601340000,3.91e-06,3.92e-06,20.42669663716512,target,3356893449.0,9
PEPE,1777602060000,1777602120000,3.9e-06,3.91e-06,20.471043750236817,target,3358661813.0,9
PEPE,1777604280000,1777604340000,3.9300000000000005e-06,3.94e-06,20.354356860141117,target,3356035756.0,9
PEPE,1777604880000,1777605000000,3.920000000000001e-06,3.9300000000000005e-06,20.398636907550014,target,3357800314.0,9
PEPE,1777605420000,1777605480000,3.9300000000000005e-06,3.94e-06,20.362446175190257,target,3357369526.0,9
PEPE,1777606260000,1777606380000,3.96e-06,3.97e-06,20.245878591601123,target,3354743760.0,9
PEPE,1777607700000,1777608120000,3.95e-06,3.96e-06,20.290058319767155,target,3356502617.0,9
PEPE,1777610520000,1777610640000,3.94e-06,3.95e-06,20.334288943848613,target,3358264070.0,9
PEPE,1777613040000,1777614360000,3.96e-06,3.920000000000001e-06,-154.07408959019844,stop,3356733978.0,9
PEPE,1777615140000,1777615200000,3.94e-06,3.95e-06,20.307794522365086,target,3353888443.0,9
PEPE,1777615680000,1777615740000,3.94e-06,3.95e-06,20.31181757940997,target,3354552862.0,9
PEPE,1777617480000,1777619340000,3.9300000000000005e-06,3.91e-06,-86.8446497452527,time,3356314966.0,9
PEPE,1777620300000,1777621020000,3.920000000000001e-06,3.9300000000000005e-06,20.379012993000977,target,3354570040.0,9
PEPE,1777621920000,1777621980000,3.920000000000001e-06,3.9300000000000005e-06,20.38306614794926,target,3355237226.0,9
PEPE,1777623840000,1777623900000,3.9300000000000005e-06,3.94e-06,20.34690304792027,target,3354806768.0,9
PEPE,1777624440000,1777624560000,3.9300000000000005e-06,3.94e-06,20.350941834525628,target,3355472685.0,9
PEPE,1777624980000,1777625040000,3.9300000000000005e-06,3.94e-06,20.35498142171067,target,3356138734.0,9
PEPE,1777625580000,1777625640000,3.9300000000000005e-06,3.94e-06,20.359021809477216,target,3356804915.0,9
PEPE,1777626120000,1777626180000,3.9300000000000005e-06,3.94e-06,20.36306299782163,target,3357471228.0,9
PEPE,1777626840000,1777628700000,3.9300000000000005e-06,3.9e-06,-120.43960767801313,time,3358137674.0,9
PEPE,1777630020000,1777630620000,3.91e-06,3.92e-06,20.4236439813004,target,3356391780.0,9
PEPE,1777680240000,1777680300000,3.9300000000000005e-06,3.94e-06,20.347252191774736,target,3354864335.0,9
PEPE,1777684440000,1777684560000,3.94e-06,3.95e-06,20.311091621239953,target,3354432968.0,9
PEPE,1777684920000,1777685340000,3.9300000000000005e-06,3.94e-06,20.35532272351862,target,3356195008.0,9
PEPE,1777686720000,1777686780000,3.94e-06,3.95e-06,20.31914780479573,target,3355763469.0,9
PEPE,1777687320000,1777687380000,3.9300000000000005e-06,3.94e-06,20.363396457584884,target,3357526209.0,9
PEPE,1777688580000,1777688700000,3.9300000000000005e-06,3.94e-06,20.367438513224112,target,3358192665.0,9
PEPE,1777690320000,1777690380000,3.9300000000000005e-06,3.94e-06,20.371481375510683,target,3358859254.0,9
PEPE,1777690920000,1777692540000,3.9300000000000005e-06,3.94e-06,20.375525044439136,target,3359525976.0,9
PEPE,1777693680000,1777693740000,3.920000000000001e-06,3.9300000000000005e-06,20.419851141674677,target,3361292369.0,9
PEPE,1777694340000,1777694400000,3.9300000000000005e-06,3.94e-06,20.38362277164537,target,3360861133.0,9
PEPE,1777694820000,1777696680000,3.920000000000001e-06,3.91e-06,-53.36490997836396,time,3362628228.0,9
PEPE,1777697820000,1777698480000,3.91e-06,3.92e-06,20.45765588190961,target,3361981246.0,9
PEPE,1777699740000,1777699800000,3.9e-06,3.91e-06,20.502070213644686,target,3363752291.0,9
PEPE,1777701060000,1777701120000,3.91e-06,3.92e-06,20.465818386102413,target,3363322660.0,9
PEPE,1777703340000,1777703460000,3.920000000000001e-06,3.9300000000000005e-06,20.42956965937453,target,3362892125.0,9
PEPE,1777703820000,1777703940000,3.9300000000000005e-06,3.94e-06,20.393324048460848,target,3362460684.0,9
PEPE,1777704420000,1777704540000,3.9300000000000005e-06,3.94e-06,20.397372047801163,target,3363128120.0,9
PEPE,1777706280000,1777706520000,3.9300000000000005e-06,3.94e-06,20.401420853785183,target,3363795689.0,9
PEPE,1777706820000,1777706880000,3.9300000000000005e-06,3.94e-06,20.405470460350706,target,3364463390.0,9
PEPE,1777708620000,1777708740000,3.9300000000000005e-06,3.94e-06,20.409520867495917,target,3365131223.0,9
PEPE,1777709220000,1777709580000,3.920000000000001e-06,3.9300000000000005e-06,20.453920926300448,target,3366900564.0,9
PEPE,1777715520000,1777715580000,3.94e-06,3.95e-06,20.377301641479644,target,3365367736.0,9
PEPE,1777716120000,1777716180000,3.9300000000000005e-06,3.94e-06,20.42167692879924,target,3367135520.0,9
PEPE,1777716780000,1777717080000,3.9300000000000005e-06,3.94e-06,20.425730556460714,target,3367803884.0,9
PEPE,1777766700000,1777767060000,3.98e-06,3.94e-06,-154.46130102047897,stop,3362971936.0,9
PEPE,1777770720000,1777770780000,3.94e-06,3.95e-06,20.358831075906856,target,3362317271.0,9
PEPE,1777771680000,1777771800000,3.94e-06,3.95e-06,20.362864250857157,target,3362983361.0,9
PEPE,1777774080000,1777774140000,3.920000000000001e-06,3.9300000000000005e-06,20.44754435722443,target,3365850923.0,9
PEPE,1777774920000,1777775580000,3.920000000000001e-06,3.9300000000000005e-06,20.451611144476004,target,3366520353.0,9
PEPE,1777776780000,1777776840000,3.920000000000001e-06,3.9300000000000005e-06,20.45567873970021,target,3367189916.0,9
PEPE,1777777980000,1777778040000,3.920000000000001e-06,3.9300000000000005e-06,20.4597471368244,target,3367859611.0,9
PEPE,1777778520000,1777778580000,3.9300000000000005e-06,3.94e-06,20.42344799370975,target,3367427534.0,9
PEPE,1777779120000,1777779180000,3.9300000000000005e-06,3.94e-06,20.427501973140725,target,3368095956.0,9
PEPE,1777779720000,1777779780000,3.94e-06,3.95e-06,20.39119878078618,target,3367662887.0,9
PEPE,1777783380000,1777783500000,3.94e-06,3.95e-06,20.395238361926026,target,3368330035.0,9
PEPE,1777784640000,1777784760000,3.94e-06,3.95e-06,20.399278748378833,target,3368997316.0,9
PEPE,1777785180000,1777785360000,3.94e-06,3.95e-06,20.403319928041103,target,3369664728.0,9
PEPE,1777785720000,1777785780000,3.94e-06,3.95e-06,20.407361913016334,target,3370332273.0,9
PEPE,1777786320000,1777786380000,3.94e-06,3.95e-06,20.411404697249136,target,3370999950.0,9
PEPE,1777787100000,1777787160000,3.9300000000000005e-06,3.94e-06,20.45585425304481,target,3372770693.0,9
PEPE,1777787940000,1777788120000,3.9300000000000005e-06,3.94e-06,20.459914667438827,target,3373440176.0,9
PEPE,1777788420000,1777788480000,3.920000000000001e-06,3.9300000000000005e-06,20.504424351375313,target,3375213885.0,9
PEPE,1777789020000,1777789080000,3.920000000000001e-06,3.9300000000000005e-06,20.508502444200246,target,3375885176.0,9
PEPE,1777790100000,1777790160000,3.920000000000001e-06,3.9300000000000005e-06,20.512581357150406,target,3376556602.0,9
PEPE,1777792560000,1777792800000,3.9300000000000005e-06,3.94e-06,20.47618846952093,target,3376123408.0,9
PEPE,1777793280000,1777793400000,3.94e-06,3.95e-06,20.43979875388591,target,3375689307.0,9
PEPE,1777793820000,1777793880000,3.94e-06,3.95e-06,20.4438479624744,target,3376358045.0,9
PEPE,1777795260000,1777795380000,3.9300000000000005e-06,3.94e-06,20.48836817219472,target,3378131603.0,9
PEPE,1777855980000,1777856040000,3.9300000000000005e-06,3.94e-06,20.492435039749296,target,3378802150.0,9
PEPE,1777856520000,1777856580000,3.95e-06,3.96e-06,20.415556654545483,target,3377263301.0,9
PEPE,1777857120000,1777857300000,3.95e-06,3.96e-06,20.41959306426098,target,3377931028.0,9
PEPE,1777857720000,1777857780000,3.94e-06,3.95e-06,20.46410606698506,target,3379703727.0,9
PEPE,1777858920000,1777859040000,3.99e-06,4e-06,20.266005379921005,target,3374855184.0,9
PEPE,1777860120000,1777860240000,4.03e-06,4.04e-06,20.10869968655898,target,3371114784.0,9
PEPE,1777861500000,1777861680000,4.05e-06,4.06e-06,20.032114160249336,target,3369573450.0,9
PEPE,1777862280000,1777862340000,4.06e-06,4.07e-06,19.99577887604623,target,3369128707.0,9
PEPE,1777863600000,1777864680000,4.08e-06,4.09e-06,19.91927411201086,target,3367586494.0,9
PEPE,1777865940000,1777866300000,4.06e-06,4.07e-06,20.003499213069365,target,3370429522.0,9
PEPE,1777868520000,1777868820000,4.1000000000000006e-06,4.1100000000000005e-06,19.846666170227238,target,3366694855.0,9
PEPE,1777870560000,1777871340000,4.1000000000000006e-06,4.060000000000001e-06,-155.26808461076988,stop,3367340807.0,9
PEPE,1777877820000,1777877880000,4.03e-06,4.04e-06,20.101818695195924,target,3369961223.0,9
PEPE,1777878420000,1777878480000,4.03e-06,4.04e-06,20.105730243945636,target,3370616973.0,9
PEPE,1777879620000,1777879920000,4.04e-06,4.05e-06,20.069386175955252,target,3370174001.0,9
PEPE,1777880220000,1777880940000,4.03e-06,4.04e-06,20.113547799961424,target,3371927544.0,9
PEPE,1777882380000,1777882440000,4.03e-06,4.04e-06,20.11746163330489,target,3372583677.0,9
PEPE,1777884120000,1777885020000,4.03e-06,4.04e-06,20.121376230170945,target,3373239938.0,9
PEPE,1777885320000,1777885440000,4.0200000000000005e-06,4.03e-06,20.16560557527399,target,3374996749.0,9
PEPE,1777886580000,1777886760000,4.0200000000000005e-06,4.03e-06,20.169537400127208,target,3375654795.0,9
PEPE,1777888980000,1777889040000,4.04e-06,4.000000000000001e-06,-155.27663345765924,stop,3374111983.0,9
PEPE,1777892820000,1777892940000,3.97e-06,3.98e-06,20.344935258502467,target,3376752740.0,9
PEPE,1777894020000,1777894080000,3.98e-06,3.99e-06,20.308532992678373,target,3376314712.0,9
PEPE,1777895940000,1777896360000,3.99e-06,4e-06,20.272134064905835,target,3375875781.0,9
PEPE,1777939320000,1777939380000,3.98e-06,3.99e-06,20.31650865411101,target,3377640674.0,9
PEPE,1777939980000,1777940040000,3.99e-06,4e-06,20.28009543385773,target,3377201571.0,9
PEPE,1777940580000,1777941120000,3.99e-06,4e-06,20.284073326005277,target,3377864001.0,9
PEPE,1777941540000,1777941960000,4e-06,4.01e-06,20.247656334456824,target,3377423909.0,9
PEPE,1777947120000,1777947960000,4.03e-06,4.04e-06,20.13056731691095,target,3374780774.0,9
PEPE,1777948920000,1777950780000,4.03e-06,4.04e-06,20.134484460830283,target,3375437462.0,9
PEPE,1777952040000,1777952160000,4.04e-06,4.05e-06,20.09808841843458,target,3374993857.0,9
PEPE,1777952640000,1777952700000,4.04e-06,4.05e-06,20.101991414761567,target,3375649272.0,9
PEPE,1777953180000,1777953480000,4.04e-06,4.05e-06,20.105895167369134,target,3376304814.0,9
PEPE,1777954020000,1777954140000,4.03e-06,4.04e-06,20.15013712785639,target,3378061547.0,9
PEPE,1777954620000,1777954740000,4.0200000000000005e-06,4.03e-06,20.194429698251366,target,3379820870.0,9
PEPE,1777955460000,1777955520000,4.03e-06,4.04e-06,20.157987658390155,target,3379377646.0,9
PEPE,1777955820000,1777956120000,4.03e-06,4.04e-06,20.161910135019582,target,3380035228.0,9
PEPE,1777957020000,1777957200000,4.03e-06,4.04e-06,20.16583338113651,target,3380692939.0,9
PEPE,1777958340000,1777958400000,4.04e-06,4.05e-06,20.129380669064503,target,3380248643.0,9
PEPE,1777959000000,1777959060000,4.05e-06,4.06e-06,20.092931498358965,target,3379803448.0,9
PEPE,1777961220000,1777961760000,4.06e-06,4.07e-06,20.056485901924425,target,3379357355.0,9
PEPE,1777962600000,1777962660000,4.05e-06,4.06e-06,20.100712784017222,target,3381112327.0,9
PEPE,1777963020000,1777963200000,4.05e-06,4.06e-06,20.104608465230438,target,3381767614.0,9
PEPE,1777963680000,1777963740000,4.05e-06,4.06e-06,20.10850490145986,target,3382423028.0,9
PEPE,1777967220000,1777967280000,4.08e-06,4.09e-06,19.99136782961604,target,3379774781.0,9
PEPE,1777968000000,1777968120000,4.07e-06,4.08e-06,20.035545253124816,target,3381526625.0,9
PEPE,1777969020000,1777969560000,4.08e-06,4.09e-06,19.99907868868158,target,3381078392.0,9
PEPE,1777969920000,1777970040000,4.07e-06,4.08e-06,20.043273147676047,target,3382830911.0,9
PEPE,1778025960000,1778026080000,4.1100000000000005e-06,4.12e-06,19.885901224586725,target,3379082621.0,9
PEPE,1778026800000,1778028480000,4.13e-06,4.090000000000001e-06,-155.8900296610029,stop,3377532871.0,9
PEPE,1778029080000,1778029380000,4.13e-06,4.14e-06,19.779501582871276,target,3372464038.0,9
PEPE,1778030520000,1778030580000,4.16e-06,4.17e-06,19.6629095203065,target,3369821683.0,9
PEPE,1778033760000,1778033820000,4.1900000000000005e-06,4.2000000000000004e-06,19.546483888034714,target,3367180687.0,9
PEPE,1778034120000,1778034180000,4.18e-06,4.19e-06,19.590198566251242,target,3368907750.0,9
PEPE,1778037000000,1778037120000,4.2000000000000004e-06,4.21e-06,19.513842640785562,target,3367358523.0,9
PEPE,1778037420000,1778037600000,4.1900000000000005e-06,4.2000000000000004e-06,19.55753275351639,target,3369084023.0,9
PEPE,1778038020000,1778038200000,4.22e-06,4.23e-06,19.441207718624895,target,3366442895.0,9
PEPE,1778038800000,1778040240000,4.24e-06,4.2000000000000004e-06,-155.86181800607886,stop,3364892444.0,9
PEPE,1778041320000,1778041860000,4.21e-06,4.170000000000001e-06,-155.62790840129952,stop,3363109852.0,9
PEPE,1778043120000,1778043900000,4.2000000000000004e-06,4.21e-06,19.46628312214515,target,3359151531.0,9
PEPE,1778045520000,1778045580000,4.22e-06,4.23e-06,19.39017241507584,target,3357605613.0,9
PEPE,1778046720000,1778046840000,4.21e-06,4.22e-06,19.433682531056107,target,3359322823.0,9
PEPE,1778049780000,1778049840000,4.24e-06,4.25e-06,19.317744481381574,target,3356688876.0,9
PEPE,1778050320000,1778050440000,4.24e-06,4.25e-06,19.321346461063737,target,3357314763.0,9
PEPE,1778050980000,1778051040000,4.23e-06,4.24e-06,19.364799510040413,target,3359028536.0,9
PEPE,1778051700000,1778051760000,4.23e-06,4.24e-06,19.36841771051605,target,3359656151.0,9
PEPE,1778052660000,1778052780000,4.23e-06,4.24e-06,19.3720365854951,target,3360283883.0,9
PEPE,1778053440000,1778053740000,4.23e-06,4.24e-06,19.37565614074607,target,3360911733.0,9
PEPE,1778055120000,1778055300000,4.23e-06,4.24e-06,19.379276370500456,target,3361539700.0,9
PEPE,1778055780000,1778055960000,4.22e-06,4.23e-06,19.42281076312559,target,3363257275.0,9
PEPE,1778058120000,1778058480000,4.25e-06,4.26e-06,19.306761945961686,target,3360620008.0,9
PEPE,1778059020000,1778059260000,4.25e-06,4.26e-06,19.310354461067035,target,3361245337.0,9
PEPE,1778112240000,1778112300000,4.16e-06,4.17e-06,19.673837004884685,target,3371694431.0,9
PEPE,1778112720000,1778112960000,4.15e-06,4.16e-06,19.717691219100992,target,3373428780.0,9
PEPE,1778113440000,1778113500000,4.14e-06,4.15e-06,19.761595068109187,target,3375165682.0,9
PEPE,1778117640000,1778119500000,4.12e-06,4.080000000000001e-06,-155.86105675895885,stop,3378002964.0,9
PEPE,1778122020000,1778122140000,4.09e-06,4.1e-06,19.93661591177116,target,3376226234.0,9
PEPE,1778123220000,1778123280000,4.09e-06,4.1e-06,19.940448800029436,target,3376875326.0,9
PEPE,1778126820000,1778126940000,4.08e-06,4.09e-06,19.98456094225509,target,3378623997.0,9
PEPE,1778127420000,1778127480000,4.1000000000000006e-06,4.1100000000000005e-06,19.907864458382022,target,3377076244.0,9
PEPE,1778128740000,1778129340000,4.12e-06,4.13e-06,19.831227052875978,target,3375528009.0,9
PEPE,1778129820000,1778129880000,4.13e-06,4.14e-06,19.794819631516177,target,3375075811.0,9
PEPE,1778131020000,1778131080000,4.15e-06,4.16e-06,19.718263619951202,target,3373526710.0,9
PEPE,1778131620000,1778131740000,4.15e-06,4.16e-06,19.7220086984916,target,3374167442.0,9
PEPE,1778132820000,1778132940000,4.15e-06,4.16e-06,19.725754484275193,target,3374808295.0,9
PEPE,1778134020000,1778134080000,4.14e-06,4.15e-06,19.76967628548615,target,3376545907.0,9
PEPE,1778134740000,1778135400000,4.14e-06,4.15e-06,19.773438772890152,target,3377188518.0,9
PEPE,1778136000000,1778136060000,4.16e-06,4.17e-06,19.696846878090263,target,3375637854.0,9
PEPE,1778136420000,1778136540000,4.16e-06,4.17e-06,19.700580274471605,target,3376277682.0,9
PEPE,1778137020000,1778137080000,4.16e-06,4.17e-06,19.70431437688542,target,3376917631.0,9
PEPE,1778137800000,1778137860000,4.18e-06,4.19e-06,19.62775273757554,target,3375365905.0,9
PEPE,1778140260000,1778140320000,4.23e-06,4.24e-06,19.431134148172376,target,3370534978.0,9
PEPE,1778141460000,1778141760000,4.23e-06,4.24e-06,19.434764743394375,target,3371164743.0,9
PEPE,1778142120000,1778142180000,4.21e-06,4.22e-06,19.51847750489051,target,3373980554.0,9
PEPE,1778146620000,1778147760000,4.1900000000000005e-06,4.2000000000000004e-06,19.60233987667449,target,3376802735.0,9
PEPE,1778148120000,1778148180000,4.1900000000000005e-06,4.2000000000000004e-06,19.606032663569202,target,3377438874.0,9
PEPE,1778198640000,1778198700000,4.15e-06,4.16e-06,18.99292789488544,target,3249431633.0,10
PEPE,1778199720000,1778199780000,4.16e-06,4.17e-06,18.957877568476366,target,3248993585.0,10
PEPE,1778200380000,1778201520000,4.15e-06,4.1100000000000005e-06,-150.13195466551468,stop,3250664819.0,10
PEPE,1778204220000,1778204460000,4.12e-06,4.13e-06,19.087592853125443,target,3248951975.0,10
PEPE,1778204880000,1778205000000,4.12e-06,4.13e-06,19.09124030575058,target,3249572818.0,10
PEPE,1778207880000,1778208120000,4.1100000000000005e-06,4.12e-06,19.133610681405486,target,3251250753.0,10
PEPE,1778209020000,1778209200000,4.1100000000000005e-06,4.12e-06,19.137274346960222,target,3251873296.0,10
PEPE,1778209620000,1778209740000,4.1000000000000006e-06,4.1100000000000005e-06,19.17970097147912,target,3253554024.0,10
PEPE,1778212200000,1778212320000,4.13e-06,4.14e-06,19.06714739826007,target,3251005524.0,10
PEPE,1778212620000,1778212680000,4.13e-06,4.14e-06,19.0707835633658,target,3251625501.0,10
PEPE,1778213340000,1778213400000,4.13e-06,4.14e-06,19.074420420540612,target,3252245596.0,10
PEPE,1778214540000,1778214720000,4.14e-06,4.15e-06,19.039341677435193,target,3251808997.0,10
PEPE,1778215800000,1778215860000,4.12e-06,4.13e-06,19.120437663374716,target,3254542581.0,10
PEPE,1778216220000,1778216280000,4.13e-06,4.14e-06,19.085335156214754,target,3254106591.0,10
PEPE,1778216880000,1778217120000,4.13e-06,4.14e-06,19.08897478753532,target,3254727159.0,10
PEPE,1778218020000,1778218260000,4.13e-06,4.14e-06,19.092615110924967,target,3255347845.0,10
PEPE,1778219220000,1778219340000,4.14e-06,4.15e-06,19.057502909649706,target,3254910830.0,10
PEPE,1778219880000,1778219940000,4.13e-06,4.14e-06,19.099890455746987,target,3256588313.0,10
PEPE,1778221320000,1778221380000,4.13e-06,4.14e-06,19.103532861211487,target,3257209354.0,10
PEPE,1778222160000,1778222220000,4.1100000000000005e-06,4.12e-06,19.184802383779182,target,3259949428.0,10
PEPE,1778222760000,1778222820000,4.13e-06,4.14e-06,19.110834563340163,target,3258454316.0,10
PEPE,1778223120000,1778223180000,4.13e-06,4.14e-06,19.114479056745317,target,3259075713.0,10
PEPE,1778223720000,1778224200000,4.13e-06,4.14e-06,19.11812424808534,target,3259697229.0,10
PEPE,1778224620000,1778224920000,4.13e-06,4.14e-06,19.12177013149445,target,3260318863.0,10
PEPE,1778285100000,1778285400000,4.31e-06,4.32e-06,18.430630905106312,target,3241975533.0,10
PEPE,1778285820000,1778285940000,4.32e-06,4.33e-06,18.395648620550578,target,3241523986.0,10
PEPE,1778286660000,1778286720000,4.32e-06,4.33e-06,18.39902224347574,target,3242118457.0,10
PEPE,1778287680000,1778287920000,4.34e-06,4.35e-06,18.32570392282421,target,3240619615.0,10
PEPE,1778289420000,1778289600000,4.33e-06,4.34e-06,18.367391620984826,target,3242258009.0,10
PEPE,1778291880000,1778292180000,4.35e-06,4.36e-06,18.29408194700942,target,3240758538.0,10
PEPE,1778293320000,1778293440000,4.34e-06,4.35e-06,18.335746139686055,target,3242395427.0,10
PEPE,1778293920000,1778294100000,4.34e-06,4.35e-06,18.33909477055515,target,3242987581.0,10
PEPE,1778294820000,1778296440000,4.34e-06,4.35e-06,18.34244400650961,target,3243579842.0,10
PEPE,1778296980000,1778297040000,4.34e-06,4.35e-06,18.34579385886002,target,3244172212.0,10
PEPE,1778297520000,1778297700000,4.34e-06,4.35e-06,18.349144321951087,target,3244764690.0,10
PEPE,1778298120000,1778298900000,4.34e-06,4.35e-06,18.35249539578099,target,3245357276.0,10
PEPE,1778299980000,1778300280000,4.35e-06,4.36e-06,18.317474906040175,target,3244902552.0,10
PEPE,1778300820000,1778301000000,4.34e-06,4.35e-06,18.35919237477093,target,3246541534.0,10
PEPE,1778302380000,1778302560000,4.33e-06,4.34e-06,18.400956253130563,target,3248182922.0,10
PEPE,1778303520000,1778304000000,4.33e-06,4.34e-06,18.404323818046095,target,3248777373.0,10
PEPE,1778305680000,1778305860000,4.34e-06,4.35e-06,18.369266972160027,target,3248323072.0,10
PEPE,1778307480000,1778307540000,4.33e-06,4.34e-06,18.411053770064346,target,3249965361.0,10
PEPE,1778308080000,1778308200000,4.33e-06,4.34e-06,18.414423181768612,target,3250560138.0,10
PEPE,1778308740000,1778310000000,4.32e-06,4.33e-06,18.45626416382614,target,3252205139.0,10
PEPE,1778311020000,1778311080000,4.31e-06,4.32e-06,18.49815178086113,target,3253852556.0,10
PEPE,1778312220000,1778312400000,4.31e-06,4.32e-06,18.501551280105403,target,3254450533.0,10
PEPE,1778312880000,1778312940000,4.3e-06,4.31e-06,18.54349333273473,target,3256100673.0,10
PEPE,1778313540000,1778313600000,4.3e-06,4.31e-06,18.54690825975607,target,3256700309.0,10
PEPE,1778371440000,1778372040000,4.24e-06,4.25e-06,18.782184941039965,target,3263629008.0,10
PEPE,1778373120000,1778373420000,4.24e-06,4.25e-06,18.785687059965223,target,3264237543.0,10
PEPE,1778373720000,1778373780000,4.24e-06,4.25e-06,18.789189834958147,target,3264846192.0,10
PEPE,1778374620000,1778375820000,4.23e-06,4.19e-06,-151.2558734907162,stop,3266512763.0,10
PEPE,1778377020000,1778377200000,4.21e-06,4.22e-06,18.880649356400255,target,3263725040.0,10
PEPE,1778377620000,1778377680000,4.21e-06,4.22e-06,18.88419163338442,target,3264337361.0,10
PEPE,1778380920000,1778380980000,4.23e-06,4.24e-06,18.81024093285541,target,3262834507.0,10
PEPE,1778381520000,1778381940000,4.23e-06,4.24e-06,18.81375551322045,target,3263444148.0,10
PEPE,1778382540000,1778382900000,4.23e-06,4.24e-06,18.817270756560998,target,3264053904.0,10
PEPE,1778383380000,1778383440000,4.22e-06,4.23e-06,18.85954263847716,target,3265721669.0,10
PEPE,1778383920000,1778383980000,4.22e-06,4.23e-06,18.86307369292499,target,3266333107.0,10
PEPE,1778384580000,1778384760000,4.23e-06,4.24e-06,18.827834911522096,target,3265886368.0,10
PEPE,1778385780000,1778385840000,4.22e-06,4.23e-06,18.870130523475517,target,3267555069.0,10
PEPE,1778386320000,1778386500000,4.22e-06,4.23e-06,18.873663558750465,target,3268166850.0,10
PEPE,1778386920000,1778386980000,4.22e-06,4.23e-06,18.877197258150726,target,3268778746.0,10
PEPE,1778388180000,1778388240000,4.23e-06,4.24e-06,18.84193209484532,target,3268331673.0,10
PEPE,1778388720000,1778388780000,4.23e-06,4.24e-06,18.845452601632292,target,3268942342.0,10
PEPE,1778389380000,1778389440000,4.22e-06,4.23e-06,18.88778778810152,target,3270612604.0,10
PEPE,1778389980000,1778390040000,4.22e-06,4.23e-06,18.89132413245057,target,3271224958.0,10
PEPE,1778391720000,1778391780000,4.23e-06,4.24e-06,18.856032575749694,target,3270777550.0,10
PEPE,1778393760000,1778393820000,4.22e-06,4.23e-06,18.898391531251093,target,3272448750.0,10
PEPE,1778394720000,1778394780000,4.22e-06,4.23e-06,18.901929856425447,target,3273061447.0,10
PEPE,1778399160000,1778399220000,4.24e-06,4.25e-06,18.827793293019862,target,3271554004.0,10
PEPE,1778399580000,1778399700000,4.24e-06,4.25e-06,18.831303917834468,target,3272164017.0,10
PEPE,1778458020000,1778458080000,4.41e-06,4.3700000000000005e-06,-151.5948983590494,stop,3254855574.0,10
PEPE,1778462820000,1778463240000,4.3700000000000005e-06,4.38e-06,18.304666919999057,target,3254163008.0,10
PEPE,1778463960000,1778464080000,4.35e-06,4.36e-06,18.38494141708123,target,3256854104.0,10
PEPE,1778464980000,1778465040000,4.35e-06,4.36e-06,18.38829201247376,target,3257447655.0,10
PEPE,1778465580000,1778466180000,4.34e-06,4.3e-06,-151.4500504553088,stop,3259092973.0,10
PEPE,1778468220000,1778468280000,4.32e-06,4.33e-06,18.479525693725932,target,3256304087.0,10
PEPE,1778471220000,1778471280000,4.2900000000000004e-06,4.3e-06,18.59864368631709,target,3260060243.0,10
PEPE,1778472420000,1778472960000,4.2900000000000004e-06,4.3e-06,18.602075894185997,target,3260661857.0,10
PEPE,1778475780000,1778475840000,4.31e-06,4.32e-06,18.52830267295676,target,3259156143.0,10
PEPE,1778478720000,1778479800000,4.34e-06,4.35e-06,18.416064274337742,target,3256598457.0,10
PEPE,1778480220000,1778480280000,4.34e-06,4.35e-06,18.419427568619728,target,3257193204.0,10
PEPE,1778480880000,1778481240000,4.34e-06,4.35e-06,18.422791479301303,target,3257788060.0,10
PEPE,1778484120000,1778484180000,4.31e-06,4.32e-06,18.541862819205306,target,3261541393.0,10
PEPE,1778486520000,1778486760000,4.31e-06,4.32e-06,18.545270351354716,target,3262140783.0,10
PEPE,1778488320000,1778488380000,4.31e-06,4.32e-06,18.548678514540036,target,3262740284.0,10
PEPE,1778490120000,1778490180000,4.31e-06,4.32e-06,18.552087297391576,target,3263339894.0,10
PEPE,1778490720000,1778490900000,4.33e-06,4.34e-06,18.478277192319865,target,3261831808.0,10
PEPE,1778491920000,1778493780000,4.33e-06,4.32e-06,-53.78113805914666,time,3262428757.0,10
PEPE,1778495040000,1778495100000,4.35e-06,4.36e-06,18.394723513391007,target,3258586982.0,10
PEPE,1778495700000,1778497560000,4.34e-06,4.32e-06,-86.3635688852378,time,3260232876.0,10
PEPE,1778499240000,1778499300000,4.32e-06,4.33e-06,18.497935206450997,target,3259548054.0,10
PEPE,1778499720000,1778501220000,4.33e-06,4.2900000000000004e-06,-151.40117242261343,stop,3259093153.0,10
PEPE,1778503560000,1778503620000,4.31e-06,4.32e-06,18.512093618011676,target,3256304946.0,10
PEPE,1778503920000,1778503980000,4.3e-06,4.31e-06,18.554059562375812,target,3257956025.0,10
PEPE,1778544900000,1778544960000,4.34e-06,4.35e-06,18.403341904154995,target,3254348701.0,10
PEPE,1778545380000,1778545620000,4.34e-06,4.35e-06,18.406702874235492,target,3254943037.0,10
PEPE,1778546040000,1778546100000,4.34e-06,4.35e-06,18.4100644607083,target,3255537482.0,10
PEPE,1778546520000,1778546580000,4.34e-06,4.35e-06,18.413426663578875,target,3256132036.0,10
PEPE,1778547300000,1778547360000,4.34e-06,4.35e-06,18.416789477191926,target,3256726698.0,10
PEPE,1778547720000,1778547840000,4.34e-06,4.35e-06,18.42015290719729,target,3257321469.0,10
PEPE,1778551920000,1778552280000,4.3e-06,4.260000000000001e-06,-151.39537268582922,stop,3262128263.0,10
PEPE,1778553180000,1778553240000,4.2800000000000005e-06,4.2900000000000004e-06,18.627125253930096,target,3259339502.0,10
PEPE,1778554500000,1778554620000,4.2800000000000005e-06,4.2900000000000004e-06,18.63056986159451,target,3259942233.0,10
PEPE,1778554980000,1778556840000,4.3e-06,4.2900000000000004e-06,-53.568711151919636,time,3258437418.0,10
PEPE,1778557560000,1778559420000,4.2900000000000004e-06,4.3e-06,18.585509994731936,target,3257758106.0,10
PEPE,1778559780000,1778559840000,4.2900000000000004e-06,4.3e-06,18.5889397836813,target,3258359296.0,10
PEPE,1778560320000,1778560380000,4.2900000000000004e-06,4.3e-06,18.592370205884343,target,3258960597.0,10
PEPE,1778561580000,1778561820000,4.2900000000000004e-06,4.3e-06,18.595801261346516,target,3259562009.0,10
PEPE,1778562120000,1778562180000,4.2900000000000004e-06,4.3e-06,18.599232944356608,target,3260163531.0,10
PEPE,1778562900000,1778563020000,4.2900000000000004e-06,4.3e-06,18.602665266326134,target,3260765165.0,10
PEPE,1778563560000,1778563860000,4.2900000000000004e-06,4.3e-06,18.60609822155115,target,3261366910.0,10
PEPE,1778565480000,1778565540000,4.2900000000000004e-06,4.3e-06,18.609531810029843,target,3261968766.0,10
PEPE,1778566740000,1778566860000,4.2900000000000004e-06,4.3e-06,18.61296603176585,target,3262570733.0,10
PEPE,1778567280000,1778567340000,4.2900000000000004e-06,4.3e-06,18.61640088675553,target,3263172811.0,10
PEPE,1778568720000,1778568780000,4.2800000000000005e-06,4.2900000000000004e-06,18.658506616111016,target,3264830554.0,10
PEPE,1778569320000,1778569920000,4.27e-06,4.28e-06,18.700659452151175,target,3266490734.0,10
PEPE,1778570820000,1778570880000,4.27e-06,4.28e-06,18.70412482900213,target,3267096040.0,10
PEPE,1778571660000,1778571720000,4.27e-06,4.28e-06,18.707590847051197,target,3267701458.0,10
PEPE,1778630520000,1778631000000,4.14e-06,4.15e-06,19.21675846467012,target,3282110754.0,10
PEPE,1778632020000,1778632320000,4.15e-06,4.16e-06,19.181356608436094,target,3281669223.0,10
PEPE,1778633220000,1778633280000,4.16e-06,4.17e-06,19.145958547216075,target,3281226829.0,10
PEPE,1778634480000,1778634540000,4.17e-06,4.18e-06,19.110564306900823,target,3280783572.0,10
PEPE,1778636400000,1778636460000,4.1900000000000005e-06,4.2000000000000004e-06,19.036193958226136,target,3279275445.0,10
PEPE,1778637480000,1778638560000,4.1900000000000005e-06,4.2000000000000004e-06,19.039780089854375,target,3279893211.0,10
PEPE,1778639640000,1778639700000,4.18e-06,4.19e-06,19.08236154994633,target,3281575503.0,10
PEPE,1778640900000,1778641020000,4.18e-06,4.19e-06,19.08596373310436,target,3282194967.0,10
PEPE,1778641380000,1778641440000,4.18e-06,4.19e-06,19.089566602434708,target,3282814549.0,10
PEPE,1778641920000,1778642760000,4.1900000000000005e-06,4.2000000000000004e-06,19.054153409174962,target,3282369235.0,10
PEPE,1778643120000,1778643180000,4.1900000000000005e-06,4.2000000000000004e-06,19.057742919314514,target,3282987583.0,10
PEPE,1778643720000,1778643780000,4.1900000000000005e-06,4.2000000000000004e-06,19.061333108638518,target,3283606048.0,10
PEPE,1778644320000,1778645040000,4.2000000000000004e-06,4.21e-06,19.025910496271052,target,3283159706.0,10
PEPE,1778646240000,1778646780000,4.2000000000000004e-06,4.21e-06,19.02948734991539,target,3283776937.0,10
PEPE,1778647320000,1778647380000,4.21e-06,4.22e-06,18.994062036821553,target,3283329652.0,10
PEPE,1778648640000,1778648700000,4.2000000000000004e-06,4.21e-06,19.036635748986043,target,3285010483.0,10
PEPE,1778649540000,1778649600000,4.1900000000000005e-06,4.2000000000000004e-06,19.079257433534522,target,3286693787.0,10
PEPE,1778650320000,1778651280000,4.1900000000000005e-06,4.150000000000001e-06,-152.02178737274724,stop,3287312950.0,10
PEPE,1778652120000,1778652180000,4.18e-06,4.19e-06,19.09322995358226,target,3283444532.0,10
PEPE,1778653320000,1778653800000,4.1900000000000005e-06,4.2000000000000004e-06,19.05780996125921,target,3282999132.0,10
PEPE,1778654460000,1778654580000,4.18e-06,4.19e-06,19.100431743855378,target,3284683017.0,10
PEPE,1778656080000,1778656140000,4.18e-06,4.19e-06,19.10403734042174,target,3285303068.0,10
PEPE,1778657940000,1778658000000,4.18e-06,4.19e-06,19.10764362315678,target,3285923237.0,10
PEPE,1778659020000,1778659080000,4.18e-06,4.19e-06,19.111250580429846,target,3286543522.0,10
PEPE,1778716980000,1778717040000,4.05e-06,4.06e-06,19.624968439415664,target,3301088047.0,10
PEPE,1778718300000,1778718360000,4.07e-06,4.08e-06,19.549997054848568,target,3299577562.0,10
PEPE,1778718900000,1778718960000,4.08e-06,4.09e-06,19.514414235681237,target,3299140192.0,10
PEPE,1778719380000,1778719500000,4.08e-06,4.09e-06,19.518173531674023,target,3299775745.0,10
PEPE,1778720040000,1778720160000,4.08e-06,4.09e-06,19.52193354929951,target,3300411420.0,10
PEPE,1778721180000,1778721240000,4.08e-06,4.09e-06,19.525694288555883,target,3301047217.0,10
PEPE,1778722440000,1778722500000,4.07e-06,4.08e-06,19.56884264902598,target,3302758253.0,10
PEPE,1778722920000,1778723520000,4.08e-06,4.09e-06,19.53322553273057,target,3302320462.0,10
PEPE,1778723820000,1778723880000,4.08e-06,4.09e-06,19.53698844870483,target,3302956627.0,10
PEPE,1778724480000,1778724600000,4.08e-06,4.09e-06,19.540752092224412,target,3303592915.0,10
PEPE,1778725020000,1778725140000,4.08e-06,4.09e-06,19.544516457376698,target,3304229325.0,10
PEPE,1778726280000,1778726340000,4.07e-06,4.08e-06,19.587706415177294,target,3305942011.0,10
PEPE,1778731920000,1778731980000,4.0200000000000005e-06,4.03e-06,19.78903564567662,target,3311972493.0,10
PEPE,1778732580000,1778732700000,4.03e-06,4.04e-06,19.75332516615558,target,3311538167.0,10
PEPE,1778733720000,1778733900000,4.03e-06,4.04e-06,19.75716890478576,target,3312182549.0,10
PEPE,1778734500000,1778734680000,4.04e-06,4.05e-06,19.721454915435896,target,3311747257.0,10
PEPE,1778736420000,1778736480000,4.06e-06,4.07e-06,19.646229768801618,target,3310232480.0,10
PEPE,1778738220000,1778738280000,4.07e-06,4.08e-06,19.61053320645042,target,3309794634.0,10
PEPE,1778739660000,1778739840000,4.06e-06,4.07e-06,19.65382278226957,target,3311511842.0,10
PEPE,1778740380000,1778742120000,4.06e-06,4.07e-06,19.65762420318703,target,3312152351.0,10
PEPE,1778744220000,1778744280000,4.04e-06,4.05e-06,19.740542512665712,target,3314952563.0,10
PEPE,1778745000000,1778745120000,4.04e-06,4.05e-06,19.74437607964624,target,3315596319.0,10
PEPE,1778746440000,1778746620000,4.03e-06,4.04e-06,19.78782253275959,target,3317321464.0,10
PEPE,1778747100000,1778747220000,4.03e-06,4.04e-06,19.791672987981826,target,3317966972.0,10
PEPE,1778804580000,1778804640000,4.1100000000000005e-06,4.12e-06,19.47922533216105,target,3309978816.0,10
PEPE,1778805720000,1778806500000,4.1000000000000006e-06,4.1100000000000005e-06,19.522410050521128,target,3311689576.0,10
PEPE,1778807520000,1778807580000,4.1000000000000006e-06,4.1100000000000005e-06,19.52615572762628,target,3312324975.0,10
PEPE,1778808120000,1778808240000,4.1000000000000006e-06,4.1100000000000005e-06,19.52990212391995,target,3312960496.0,10
PEPE,1778808720000,1778808960000,4.08e-06,4.09e-06,19.61268152662048,target,3315753428.0,10
PEPE,1778809320000,1778809440000,4.1000000000000006e-06,4.1100000000000005e-06,19.537412236019826,target,3314234476.0,10
PEPE,1778810220000,1778810700000,4.08e-06,4.09e-06,19.6202234710315,target,3317028482.0,10
PEPE,1778813220000,1778813520000,4.08e-06,4.09e-06,19.624003150114937,target,3317667481.0,10
PEPE,1778813820000,1778813880000,4.09e-06,4.1e-06,19.58822411227996,target,3317226776.0,10
PEPE,1778814480000,1778814540000,4.08e-06,4.09e-06,19.631557066485264,target,3318944559.0,10
PEPE,1778815020000,1778815680000,4.09e-06,4.1e-06,19.595764254022576,target,3318503684.0,10
PEPE,1778817720000,1778817960000,4.07e-06,4.08e-06,19.678721945850413,target,3321303282.0,10
PEPE,1778818380000,1778818560000,4.08e-06,4.09e-06,19.64290483427945,target,3320863032.0,10
PEPE,1778818920000,1778820780000,4.07e-06,4.05e-06,-86.6696125088986,time,3322584340.0,10
PEPE,1778827080000,1778827140000,4.0200000000000005e-06,4.03e-06,19.86791801990056,target,3325174564.0,10
PEPE,1778827680000,1778827740000,4.0200000000000005e-06,4.03e-06,19.871791797624574,target,3325822895.0,10
PEPE,1778828340000,1778828460000,4.0200000000000005e-06,4.03e-06,19.875666340151458,target,3326471354.0,10
PEPE,1778828820000,1778829060000,4.03e-06,4.04e-06,19.839799526591147,target,3326035126.0,10
PEPE,1778829420000,1778829480000,4.03e-06,4.04e-06,19.843660092484537,target,3326682329.0,10
PEPE,1778830200000,1778830260000,4.05e-06,4.06e-06,19.76808398795206,target,3325161310.0,10
PEPE,1778830620000,1778830680000,4.04e-06,4.05e-06,19.81162866372041,target,3326889784.0,10
PEPE,1778831220000,1778831280000,4.04e-06,4.05e-06,19.815476028437466,target,3327535857.0,10
PEPE,1778833020000,1778834280000,4.03e-06,4.04e-06,19.859078937474962,target,3329267215.0,10
PEPE,1778835060000,1778835960000,4.03e-06,4.04e-06,19.86294325535639,target,3329915047.0,10
PEPE,1778890320000,1778890380000,3.91e-06,3.92e-06,20.34608233810571,target,3343645413.0,10
PEPE,1778891520000,1778891640000,3.91e-06,3.92e-06,20.350136931815243,target,3344311739.0,10
PEPE,1778892840000,1778892900000,3.91e-06,3.92e-06,20.354192334829982,target,3344978198.0,10
PEPE,1778893320000,1778893380000,3.9e-06,3.91e-06,20.398382037075375,target,3346740285.0,10
PEPE,1778894760000,1778896620000,3.9e-06,3.89e-06,-53.02295132111901,time,3347408543.0,10
PEPE,1778897040000,1778897160000,3.9e-06,3.91e-06,20.391867755931507,target,3345671494.0,10
PEPE,1778897580000,1778897700000,3.9e-06,3.91e-06,20.39593948411015,target,3346339538.0,10
PEPE,1778898720000,1778898900000,3.89e-06,3.9e-06,20.440175023785883,target,3348104017.0,10
PEPE,1778899500000,1778899620000,3.9e-06,3.91e-06,20.404093399489334,target,3347677342.0,10
PEPE,1778899920000,1778900040000,3.89e-06,3.9e-06,20.44834662122949,target,3349442526.0,10
PEPE,1778901180000,1778901360000,3.89e-06,3.9e-06,20.452437667201103,target,3350112640.0,10
PEPE,1778901840000,1778901900000,3.89e-06,3.9e-06,20.456529531239806,target,3350782888.0,10
PEPE,1778902320000,1778902440000,3.89e-06,3.9e-06,20.460622207243397,target,3351453269.0,10
PEPE,1778902920000,1778902980000,3.89e-06,3.9e-06,20.46471570742539,target,3352123785.0,10
PEPE,1778904780000,1778904840000,3.88e-06,3.89e-06,20.50905564608033,target,3353892992.0,10
PEPE,1778905320000,1778906040000,3.88e-06,3.8400000000000005e-06,-153.57200012069964,stop,3354565315.0,10
PEPE,1778910300000,1778910360000,3.85e-06,3.86e-06,20.60311978268622,target,3352826653.0,10
PEPE,1778910900000,1778910960000,3.85e-06,3.86e-06,20.607274238979024,target,3353502724.0,10
PEPE,1778911440000,1778911500000,3.8400000000000005e-06,3.85e-06,20.65174460851942,target,3355279384.0,10
PEPE,1778918520000,1778919600000,3.79e-06,3.8e-06,20.85793065129702,target,3361471499.0,10
PEPE,1778920020000,1778920140000,3.79e-06,3.8e-06,20.862185928607687,target,3362157281.0,10
PEPE,1778921340000,1778921400000,3.7700000000000003e-06,3.7800000000000002e-06,20.947466584424284,target,3365054873.0,10
PEPE,1778922600000,1778922660000,3.7700000000000003e-06,3.7800000000000002e-06,20.951756723700555,target,3365744052.0,10
PEPE,1778923080000,1778923140000,3.76e-06,3.72e-06,-153.55985829119984,stop,3367540752.0,10
PEPE,1778976180000,1778976240000,3.76e-06,3.77e-06,20.965105915025703,target,3362486915.0,10
PEPE,1778976720000,1778976780000,3.76e-06,3.77e-06,20.969407983970697,target,3363176902.0,10
PEPE,1778977380000,1778977500000,3.75e-06,3.76e-06,21.014262186604483,target,3364973929.0,10
PEPE,1778978040000,1778978100000,3.75e-06,3.76e-06,21.01858267744525,target,3365665761.0,10
PEPE,1778978640000,1778978760000,3.75e-06,3.76e-06,21.02290405507339,target,3366357735.0,10
PEPE,1778979720000,1778979960000,3.74e-06,3.75e-06,21.06782930956672,target,3368158163.0,10
PEPE,1778980560000,1778980740000,3.74e-06,3.75e-06,21.072169172429934,target,3368851986.0,10
PEPE,1778983020000,1778983440000,3.7200000000000004e-06,3.7300000000000003e-06,21.157829642000564,target,3371765680.0,10
PEPE,1778983920000,1778983980000,3.7300000000000003e-06,3.74e-06,21.121523212018936,target,3371352468.0,10
PEPE,1778984520000,1778984820000,3.7300000000000003e-06,3.74e-06,21.125882530584615,target,3372048289.0,10
PEPE,1778986380000,1778986440000,3.7200000000000004e-06,3.7300000000000003e-06,21.17094119802747,target,3373855171.0,10
PEPE,1778987580000,1778987640000,3.74e-06,3.75e-06,21.093932200184465,target,3372331287.0,10
PEPE,1778988120000,1778988240000,3.74e-06,3.75e-06,21.09827744860538,target,3373025971.0,10
PEPE,1778991840000,1778991900000,3.7700000000000003e-06,3.7800000000000002e-06,20.980693698452086,target,3370392562.0,10
PEPE,1778992380000,1778992500000,3.76e-06,3.77e-06,21.02561551760556,target,3372191743.0,10
PEPE,1778993580000,1778993640000,3.7800000000000002e-06,3.79e-06,20.948690296269227,target,3370666178.0,10
PEPE,1778994180000,1778994300000,3.7700000000000003e-06,3.7800000000000002e-06,20.9935871799017,target,3372463804.0,10
PEPE,1778995320000,1778995440000,3.7800000000000002e-06,3.79e-06,20.957263652599178,target,3372045640.0,10
PEPE,1778995920000,1778995980000,3.7800000000000002e-06,3.79e-06,20.961547496723277,target,3372734915.0,10
PEPE,1778997120000,1778997180000,3.7800000000000002e-06,3.79e-06,20.96583221716657,target,3373424331.0,10
PEPE,1778997720000,1778997900000,3.7700000000000003e-06,3.7800000000000002e-06,21.010765845525107,target,3375223429.0,10
PEPE,1778999220000,1778999280000,3.76e-06,3.77e-06,21.055752053414714,target,3377025189.0,10
PEPE,1779001560000,1779001620000,3.76e-06,3.77e-06,21.06007271512887,target,3377718158.0,10
PEPE,1779002520000,1779002580000,3.7700000000000003e-06,3.7800000000000002e-06,21.02369446709894,target,3377300316.0,10
PEPE,1779065160000,1779065220000,3.6400000000000003e-06,3.65e-06,21.5593032529062,target,3392494611.0,10
PEPE,1779065520000,1779065580000,3.6400000000000003e-06,3.65e-06,21.56383026257592,target,3393206965.0,10
PEPE,1779066180000,1779066300000,3.66e-06,3.67e-06,21.48628809943007,target,3391679258.0,10
PEPE,1779066780000,1779066840000,3.66e-06,3.67e-06,21.490782610885155,target,3392388731.0,10
PEPE,1779070680000,1779070740000,3.67e-06,3.68e-06,21.454266460275083,target,3391978887.0,10
PEPE,1779072540000,1779072600000,3.67e-06,3.68e-06,21.458745711423603,target,3392687069.0,10
PEPE,1779074220000,1779074280000,3.67e-06,3.68e-06,21.463225898675578,target,3393395399.0,10
PEPE,1779074820000,1779074880000,3.66e-06,3.67e-06,21.50874431240377,target,3395224043.0,10
PEPE,1779076020000,1779076080000,3.66e-06,3.67e-06,21.51324351809502,target,3395934257.0,10
PEPE,1779076980000,1779077040000,3.66e-06,3.67e-06,21.517743674035483,target,3396644621.0,10
PEPE,1779078120000,1779079500000,3.66e-06,3.67e-06,21.522244761222467,target,3397355132.0,10
PEPE,1779079980000,1779080040000,3.66e-06,3.67e-06,21.52674679231958,target,3398065792.0,10
PEPE,1779081360000,1779082920000,3.67e-06,3.63e-06,-154.47439653229648,stop,3397655263.0,10
PEPE,1779084420000,1779084480000,3.65e-06,3.61e-06,-154.24256907266977,stop,3394796282.0,10
PEPE,1779085020000,1779085260000,3.6400000000000003e-06,3.6000000000000003e-06,-154.01108954748102,stop,3390820994.0,10
PEPE,1779086820000,1779086940000,3.63e-06,3.64e-06,21.557304896451033,target,3386850730.0,10
PEPE,1779088440000,1779088500000,3.62e-06,3.63e-06,21.602852461125142,target,3388682739.0,10
PEPE,1779089940000,1779090000000,3.63e-06,3.64e-06,21.56638489993002,target,3388277282.0,10
PEPE,1779090420000,1779090480000,3.62e-06,3.63e-06,21.611951651625386,target,3390110063.0,10
PEPE,1779091020000,1779091080000,3.63e-06,3.64e-06,21.57546873513985,target,3389704436.0,10
PEPE,1779093060000,1779093240000,3.62e-06,3.63e-06,21.621054673499625,target,3391537988.0,10
PEPE,1779096420000,1779096540000,3.62e-06,3.63e-06,21.625611950625,target,3392252855.0,10
PEPE,1779098280000,1779098340000,3.62e-06,3.63e-06,21.63017018400092,target,3392967872.0,10
PEPE,1779098820000,1779098880000,3.61e-06,3.62e-06,21.67582940781599,target,3394804919.0,10
PEPE,1779150720000,1779150780000,3.71e-06,3.72e-06,21.270538894605906,target,3384333953.0,10
PEPE,1779152640000,1779152700000,3.7e-06,3.71e-06,21.315819569275934,target,3386150845.0,10
PEPE,1779153120000,1779154020000,3.7e-06,3.66e-06,-154.13571466311015,stop,3386853761.0,10
PEPE,1779157440000,1779157500000,3.6800000000000003e-06,3.6900000000000002e-06,21.369970482900275,target,3384001660.0,10
PEPE,1779158640000,1779158700000,3.67e-06,3.68e-06,21.41533378297521,target,3385823523.0,10
PEPE,1779159180000,1779160140000,3.67e-06,3.68e-06,21.419804906499753,target,3386530420.0,10
PEPE,1779161940000,1779162180000,3.6800000000000003e-06,3.6900000000000002e-06,21.383349707130783,target,3386120302.0,10
PEPE,1779162720000,1779162780000,3.6800000000000003e-06,3.6900000000000002e-06,21.387805621650497,target,3386825910.0,10
PEPE,1779164520000,1779165480000,3.6900000000000002e-06,3.7e-06,21.35134515006973,target,3386414774.0,10
PEPE,1779166620000,1779166740000,3.6900000000000002e-06,3.7e-06,21.355785887669864,target,3387119094.0,10
PEPE,1779167820000,1779167940000,3.67e-06,3.68e-06,21.44212323192406,target,3390059009.0,10
PEPE,1779168720000,1779168900000,3.67e-06,3.68e-06,21.446599946749373,target,3390766790.0,10
PEPE,1779169380000,1779169440000,3.6900000000000002e-06,3.7e-06,21.369147708478287,target,3389238336.0,10
PEPE,1779169980000,1779170100000,3.6900000000000002e-06,3.7e-06,21.37359214711651,target,3389943243.0,10
PEPE,1779172440000,1779172500000,3.6900000000000002e-06,3.7e-06,21.378037512586182,target,3390648297.0,10
PEPE,1779173160000,1779173220000,3.6900000000000002e-06,3.7e-06,21.38248379858505,target,3391353497.0,10
PEPE,1779173580000,1779173700000,3.6900000000000002e-06,3.7e-06,21.386931011419,target,3392058844.0,10
PEPE,1779174240000,1779174420000,3.6800000000000003e-06,3.6900000000000002e-06,21.432373191059348,target,3393883324.0,10
PEPE,1779177180000,1779178260000,3.71e-06,3.67e-06,-154.38597820064825,stop,3391235106.0,10
PEPE,1779180420000,1779180480000,3.6900000000000002e-06,3.7e-06,21.363726940596273,target,3388378579.0,10
PEPE,1779181200000,1779181260000,3.6800000000000003e-06,3.6900000000000002e-06,21.409119813885805,target,3390201079.0,10
PEPE,1779182520000,1779182580000,3.67e-06,3.68e-06,21.4545662146757,target,3392026279.0,10
PEPE,1779184080000,1779184200000,3.67e-06,3.68e-06,21.45904552907409,target,3392734471.0,10
PEPE,1779185220000,1779185280000,3.67e-06,3.68e-06,21.463525779575928,target,3393442811.0,10
PEPE,1779235380000,1779235500000,3.6400000000000003e-06,3.65e-06,21.591201876720426,target,3397514064.0,10
PEPE,1779235980000,1779236040000,3.63e-06,3.64e-06,21.636863456517005,target,3399350111.0,10
PEPE,1779237180000,1779237240000,3.63e-06,3.64e-06,21.64141540536186,target,3400065264.0,10
PEPE,1779238980000,1779239040000,3.63e-06,3.64e-06,21.645968308956025,target,3400780567.0,10
PEPE,1779239520000,1779239580000,3.6400000000000003e-06,3.65e-06,21.60936834326887,target,3400372674.0,10
PEPE,1779240120000,1779240360000,3.6400000000000003e-06,3.65e-06,21.613905864110862,target,3401086682.0,10
PEPE,1779240780000,1779240840000,3.62e-06,3.63e-06,21.700813790249747,target,3404049222.0,10
PEPE,1779242040000,1779242100000,3.6400000000000003e-06,3.65e-06,21.62300106385124,target,3402517870.0,10
PEPE,1779243180000,1779243240000,3.6400000000000003e-06,3.65e-06,21.62754145079559,target,3403232329.0,10
PEPE,1779244440000,1779244500000,3.6400000000000003e-06,3.65e-06,21.632082790991635,target,3403946938.0,10
PEPE,1779244980000,1779245400000,3.6400000000000003e-06,3.65e-06,21.636625084435742,target,3404661697.0,10
PEPE,1779245820000,1779245880000,3.63e-06,3.64e-06,21.68238272219075,target,3406501606.0,10
PEPE,1779248820000,1779248940000,3.65e-06,3.66e-06,21.604525335538426,target,3404968532.0,10
PEPE,1779249420000,1779249540000,3.65e-06,3.66e-06,21.60905321002491,target,3405682145.0,10
PEPE,1779250020000,1779250080000,3.65e-06,3.66e-06,21.613582029914134,target,3406395907.0,10
PEPE,1779250620000,1779250740000,3.65e-06,3.66e-06,21.618111801557447,target,3407109819.0,10
PEPE,1779255000000,1779255060000,3.67e-06,3.68e-06,21.540263355050353,target,3405575234.0,10
PEPE,1779256680000,1779256740000,3.6800000000000003e-06,3.6900000000000002e-06,21.503603138834265,target,3405162809.0,10
PEPE,1779257220000,1779257340000,3.6800000000000003e-06,3.6900000000000002e-06,21.508084111275124,target,3405872385.0,10
PEPE,1779258660000,1779258720000,3.6800000000000003e-06,3.6900000000000002e-06,21.512566024649995,target,3406582110.0,10
PEPE,1779259680000,1779259800000,3.6800000000000003e-06,3.6900000000000002e-06,21.517048866329826,target,3407291982.0,10
PEPE,1779262080000,1779263940000,3.6900000000000002e-06,3.67e-06,-86.92650138091585,time,3406878361.0,10
PEPE,1779264540000,1779265980000,3.6800000000000003e-06,3.6900000000000002e-06,21.50341867768522,target,3405133599.0,10
PEPE,1779266520000,1779266760000,3.6900000000000002e-06,3.7e-06,21.466761119504987,target,3404720241.0,10
PEPE,1779322440000,1779322500000,3.7200000000000004e-06,3.7300000000000003e-06,21.347947333000214,target,3402063320.0,10
PEPE,1779322980000,1779323040000,3.7200000000000004e-06,3.7300000000000003e-06,21.352361870800653,target,3402766832.0,10
PEPE,1779323640000,1779323700000,3.7300000000000003e-06,3.74e-06,21.315721628564653,target,3402349821.0,10
PEPE,1779324720000,1779324780000,3.74e-06,3.75e-06,21.27908389063629,target,3401931877.0,10
PEPE,1779325380000,1779325440000,3.74e-06,3.75e-06,21.283467275791793,target,3402632658.0,10
PEPE,1779325920000,1779326040000,3.74e-06,3.75e-06,21.287851561664922,target,3403333583.0,10
PEPE,1779326520000,1779326580000,3.74e-06,3.75e-06,21.29223675451475,target,3404034653.0,10
PEPE,1779327900000,1779327960000,3.74e-06,3.75e-06,21.296622848084027,target,3404735867.0,10
PEPE,1779328380000,1779329820000,3.75e-06,3.76e-06,21.259957460514833,target,3404316647.0,10
PEPE,1779331560000,1779331680000,3.76e-06,3.77e-06,21.223294658796213,target,3403896497.0,10
PEPE,1779332880000,1779332940000,3.76e-06,3.77e-06,21.227649706536482,target,3404594981.0,10
PEPE,1779333540000,1779333600000,3.76e-06,3.77e-06,21.232005645879234,target,3405293608.0,10
PEPE,1779334020000,1779334080000,3.7700000000000003e-06,3.7800000000000002e-06,21.195330403650825,target,3404872354.0,10
PEPE,1779334680000,1779334740000,3.7800000000000002e-06,3.79e-06,21.158657818980622,target,3404450172.0,10
PEPE,1779335220000,1779335280000,3.7700000000000003e-06,3.7800000000000002e-06,21.2040047046019,target,3406265816.0,10
PEPE,1779335820000,1779335940000,3.7700000000000003e-06,3.7800000000000002e-06,21.208347382874802,target,3406963435.0,10
PEPE,1779337740000,1779339360000,3.7800000000000002e-06,3.79e-06,21.171652271494803,target,3406540993.0,10
PEPE,1779342180000,1779342300000,3.76e-06,3.77e-06,21.258101084904496,target,3409478923.0,10
PEPE,1779342780000,1779342840000,3.75e-06,3.76e-06,21.303572815295176,target,3411300691.0,10
PEPE,1779346200000,1779346260000,3.74e-06,3.75e-06,21.349097844524767,target,3413125155.0,10
PEPE,1779346680000,1779346740000,3.74e-06,3.75e-06,21.353495653711416,target,3413828242.0,10
PEPE,1779347820000,1779347940000,3.75e-06,3.76e-06,21.316732347989248,target,3413407902.0,10
PEPE,1779348480000,1779348540000,3.75e-06,3.76e-06,21.321115026539353,target,3414109692.0,10
PEPE,1779349020000,1779349140000,3.76e-06,3.77e-06,21.284346756255104,target,3413688333.0,10
PEPE,1779408960000,1779409020000,3.7800000000000002e-06,3.79e-06,20.440853056525693,target,3288954635.0,11
PEPE,1779410220000,1779410280000,3.7800000000000002e-06,3.79e-06,20.44503133887525,target,3289626925.0,11
PEPE,1779412320000,1779412380000,3.7700000000000003e-06,3.7800000000000002e-06,20.488848791699503,target,3291381332.0,11
PEPE,1779413040000,1779413100000,3.7700000000000003e-06,3.7800000000000002e-06,20.493045008176658,target,3292055423.0,11
PEPE,1779413580000,1779413640000,3.7800000000000002e-06,3.79e-06,20.457587528233613,target,3291647229.0,11
PEPE,1779414720000,1779414960000,3.79e-06,3.8e-06,20.42213264008528,target,3291238137.0,11
PEPE,1779415980000,1779416040000,3.8e-06,3.81e-06,20.38668038305483,target,3290828149.0,11
PEPE,1779418440000,1779418560000,3.8e-06,3.81e-06,20.390831454315595,target,3291498217.0,11
PEPE,1779419580000,1779421440000,3.8e-06,3.7800000000000002e-06,-84.54288507695794,time,3292168422.0,11
PEPE,1779423120000,1779423180000,3.8e-06,3.81e-06,20.377769018039963,target,3289389672.0,11
PEPE,1779423780000,1779424140000,3.79e-06,3.8e-06,20.421527646380355,target,3291140636.0,11
PEPE,1779425580000,1779425640000,3.7800000000000002e-06,3.79e-06,20.46533739706444,target,3292894191.0,11
PEPE,1779426120000,1779426180000,3.7800000000000002e-06,3.79e-06,20.469520688703412,target,3293567287.0,11
PEPE,1779427320000,1779427860000,3.79e-06,3.8e-06,20.434045123185992,target,3293157957.0,11
PEPE,1779429600000,1779429900000,3.7800000000000002e-06,3.79e-06,20.477881728206118,target,3294912587.0,11
PEPE,1779431040000,1779432900000,3.7800000000000002e-06,3.77e-06,-51.60887824770177,time,3295586095.0,11
PEPE,1779433380000,1779433500000,3.7700000000000003e-06,3.7800000000000002e-06,20.511199840950987,target,3294971862.0,11
PEPE,1779435780000,1779435960000,3.8e-06,3.81e-06,20.396409816404958,target,3292398679.0,11
PEPE,1779436380000,1779436440000,3.8e-06,3.81e-06,20.400562870066704,target,3293069067.0,11
PEPE,1779437940000,1779438000000,3.8e-06,3.81e-06,20.404716766246324,target,3293739591.0,11
PEPE,1779438480000,1779438600000,3.8e-06,3.81e-06,20.408871511140134,target,3294410252.0,11
PEPE,1779440040000,1779440100000,3.79e-06,3.8e-06,20.452696931245026,target,3296163889.0,11
PEPE,1779440820000,1779440880000,3.79e-06,3.8e-06,20.456869539339486,target,3296836348.0,11
PEPE,1779442020000,1779442080000,3.8e-06,3.81e-06,20.42135697609085,target,3296425662.0,11
PEPE,1779496320000,1779496560000,3.6000000000000003e-06,3.61e-06,21.22438511346602,target,3318903067.0,11
PEPE,1779498540000,1779498660000,3.61e-06,3.62e-06,21.188672890419763,target,3318507892.0,11
PEPE,1779499080000,1779499200000,3.61e-06,3.62e-06,21.193147511191377,target,3319208694.0,11
PEPE,1779499740000,1779499860000,3.61e-06,3.62e-06,21.197623076939323,target,3319909644.0,11
PEPE,1779501480000,1779501600000,3.62e-06,3.63e-06,21.161897816626652,target,3319513383.0,11
PEPE,1779502260000,1779502320000,3.61e-06,3.62e-06,21.206568557714945,target,3321310659.0,11
PEPE,1779502680000,1779504540000,3.62e-06,3.61e-06,-51.20849742660041,time,3320914230.0,11
PEPE,1779505620000,1779505680000,3.62e-06,3.63e-06,21.16003451887517,target,3319221101.0,11
PEPE,1779506220000,1779506460000,3.62e-06,3.63e-06,21.164494621874866,target,3319920725.0,11
PEPE,1779506940000,1779507060000,3.62e-06,3.63e-06,21.168955662000563,target,3320620496.0,11
PEPE,1779508020000,1779508080000,3.62e-06,3.63e-06,21.173417645624085,target,3321320415.0,11
PEPE,1779508620000,1779508740000,3.62e-06,3.63e-06,21.17788056637725,target,3322020481.0,11
PEPE,1779509340000,1779509400000,3.61e-06,3.62e-06,21.222585049276155,target,3323819115.0,11
PEPE,1779510120000,1779510240000,3.6000000000000003e-06,3.61e-06,21.26734256671681,target,3325620417.0,11
PEPE,1779511020000,1779511140000,3.6000000000000003e-06,3.61e-06,21.27184232533072,target,3326324054.0,11
PEPE,1779511920000,1779511980000,3.5900000000000004e-06,3.6000000000000003e-06,21.316662472456336,target,3328128411.0,11
PEPE,1779513600000,1779513720000,3.58e-06,3.59e-06,21.36153588609102,target,3329935446.0,11
PEPE,1779514740000,1779514860000,3.58e-06,3.59e-06,21.36607270880383,target,3330642667.0,11
PEPE,1779515280000,1779515340000,3.58e-06,3.59e-06,21.370610493770343,target,3331350038.0,11
PEPE,1779515880000,1779515940000,3.58e-06,3.59e-06,21.37514924739873,target,3332057560.0,11
PEPE,1779516600000,1779516660000,3.58e-06,3.59e-06,21.379688956867177,target,3332765231.0,11
PEPE,1779517260000,1779517320000,3.58e-06,3.59e-06,21.384229634995684,target,3333473053.0,11
PEPE,1779517620000,1779517680000,3.58e-06,3.59e-06,21.388771281789708,target,3334181026.0,11
PEPE,1779518340000,1779518400000,3.57e-06,3.58e-06,21.433755352675085,target,3335993051.0,11
PEPE,1779580980000,1779581040000,3.6400000000000003e-06,3.65e-06,21.155726690102902,target,3328989251.0,11
PEPE,1779581520000,1779581580000,3.63e-06,3.64e-06,21.20046731945525,target,3330788267.0,11
PEPE,1779582780000,1779582960000,3.6400000000000003e-06,3.65e-06,21.164620620640864,target,3330388768.0,11
PEPE,1779583320000,1779583680000,3.6400000000000003e-06,3.65e-06,21.169064761111077,target,3331088082.0,11
PEPE,1779584940000,1779585000000,3.6400000000000003e-06,3.65e-06,21.1735098294112,target,3331787542.0,11
PEPE,1779586800000,1779586860000,3.6400000000000003e-06,3.65e-06,21.177955825539406,target,3332487148.0,11
PEPE,1779587460000,1779587520000,3.6400000000000003e-06,3.65e-06,21.182402762212053,target,3333186902.0,11
PEPE,1779588660000,1779588720000,3.6400000000000003e-06,3.65e-06,21.186850633065507,target,3333886803.0,11
PEPE,1779589140000,1779589200000,3.63e-06,3.64e-06,21.23165707972568,target,3335688465.0,11
PEPE,1779589980000,1779590040000,3.62e-06,3.63e-06,21.27651659362555,target,3337492799.0,11
PEPE,1779591780000,1779591900000,3.63e-06,3.64e-06,21.240599923819875,target,3337093468.0,11
PEPE,1779592440000,1779592500000,3.63e-06,3.64e-06,21.24506850389564,target,3337795523.0,11
PEPE,1779593520000,1779593580000,3.62e-06,3.63e-06,21.289956355874693,target,3339600997.0,11
PEPE,1779594720000,1779594780000,3.61e-06,3.62e-06,21.334897422750394,target,3341409150.0,11
PEPE,1779596700000,1779596760000,3.62e-06,3.63e-06,21.2989408027505,target,3341010322.0,11
PEPE,1779599040000,1779599160000,3.62e-06,3.63e-06,21.30343017974994,target,3341714538.0,11
PEPE,1779599520000,1779599580000,3.61e-06,3.62e-06,21.34839968647492,target,3343523835.0,11
PEPE,1779600720000,1779600840000,3.61e-06,3.62e-06,21.35290803920133,target,3344229920.0,11
PEPE,1779602280000,1779602400000,3.61e-06,3.62e-06,21.357417343291804,target,3344936154.0,11
PEPE,1779604620000,1779604680000,3.6000000000000003e-06,3.61e-06,21.402459221894887,target,3346748901.0,11
PEPE,1779605820000,1779607680000,3.63e-06,3.61e-06,-85.02474449925025,time,3344139410.0,11
PEPE,1779609600000,1779609660000,3.61e-06,3.62e-06,21.34849185394961,target,3343538270.0,11
PEPE,1779610860000,1779610920000,3.61e-06,3.62e-06,21.35300022583011,target,3344244358.0,11
PEPE,1779611460000,1779611520000,3.61e-06,3.62e-06,21.35750955546058,target,3344950596.0,11
PEPE,1779667980000,1779668040000,3.58e-06,3.59e-06,21.483695685446246,target,3348978283.0,11
PEPE,1779669120000,1779669540000,3.5900000000000004e-06,3.6000000000000003e-06,21.44766437939999,target,3348581480.0,11
PEPE,1779670020000,1779670080000,3.58e-06,3.59e-06,21.49281356230089,target,3350399620.0,11
PEPE,1779671220000,1779672060000,3.58e-06,3.59e-06,21.497378271020825,target,3351111188.0,11
PEPE,1779673080000,1779673140000,3.57e-06,3.58e-06,21.542590759950148,target,3352932414.0,11
PEPE,1779673620000,1779673860000,3.57e-06,3.58e-06,21.54717468262555,target,3353645865.0,11
PEPE,1779675180000,1779675240000,3.57e-06,3.58e-06,21.55175958190045,target,3354359468.0,11
PEPE,1779678120000,1779678180000,3.5500000000000003e-06,3.5600000000000002e-06,21.637771830590264,target,3357295862.0,11
PEPE,1779680700000,1779680760000,3.54e-06,3.55e-06,21.683155754456134,target,3359125601.0,11
PEPE,1779681600000,1779681720000,3.5500000000000003e-06,3.5600000000000002e-06,21.647024659288228,target,3358731522.0,11
PEPE,1779682620000,1779682680000,3.5500000000000003e-06,3.5600000000000002e-06,21.65164820561547,target,3359448907.0,11
PEPE,1779683820000,1779683880000,3.5600000000000002e-06,3.57e-06,21.615511248045827,target,3359053807.0,11
PEPE,1779685080000,1779685260000,3.58e-06,3.59e-06,21.538659963549744,target,3357546370.0,11
PEPE,1779689220000,1779689280000,3.6000000000000003e-06,3.61e-06,21.461865465681477,target,3356038384.0,11
PEPE,1779689940000,1779690000000,3.5900000000000004e-06,3.6000000000000003e-06,21.507085991893682,target,3357858859.0,11
PEPE,1779690540000,1779690600000,3.5900000000000004e-06,3.6000000000000003e-06,21.51164509651503,target,3358570663.0,11
PEPE,1779691140000,1779691260000,3.6000000000000003e-06,3.61e-06,21.475508309275597,target,3358171745.0,11
PEPE,1779692820000,1779694020000,3.61e-06,3.57e-06,-152.3588996902497,stop,3357771894.0,11
PEPE,1779695880000,1779696120000,3.6000000000000003e-06,3.61e-06,21.447815919270475,target,3353841426.0,11
PEPE,1779696540000,1779696660000,3.5900000000000004e-06,3.6000000000000003e-06,21.49300684755022,target,3355660710.0,11
PEPE,1779697140000,1779697260000,3.5900000000000004e-06,3.6000000000000003e-06,21.497562967441414,target,3356372048.0,11
PEPE,1779697920000,1779698100000,3.5900000000000004e-06,3.6000000000000003e-06,21.50212005448461,target,3357083537.0,11
PEPE,1779698580000,1779698640000,3.5900000000000004e-06,3.6000000000000003e-06,21.506678108685264,target,3357795177.0,11
PEPE,1779699720000,1779700260000,3.6000000000000003e-06,3.61e-06,21.470549658252036,target,3357396350.0,11
PEPE,1779754320000,1779754380000,3.5900000000000004e-06,3.6000000000000003e-06,21.515788491016423,target,3359217563.0,11
PEPE,1779754920000,1779755040000,3.58e-06,3.59e-06,21.561081081370325,target,3361041478.0,11
PEPE,1779755520000,1779756300000,3.58e-06,3.54e-06,-152.38836797565222,stop,3361755305.0,11
PEPE,1779761700000,1779761760000,3.53e-06,3.54e-06,21.73709587596113,target,3362273144.0,11
PEPE,1779762780000,1779762960000,3.53e-06,3.54e-06,21.741756158280058,target,3362993992.0,11
PEPE,1779763920000,1779763980000,3.54e-06,3.55e-06,21.705585853110843,target,3362600442.0,11
PEPE,1779764580000,1779764760000,3.53e-06,3.54e-06,21.75107095614044,target,3364434796.0,11
PEPE,1779765240000,1779765420000,3.52e-06,3.53e-06,21.796610390626157,target,3366271875.0,11
PEPE,1779767520000,1779767580000,3.53e-06,3.54e-06,21.760407269521043,target,3365878928.0,11
PEPE,1779768120000,1779769440000,3.54e-06,3.55e-06,21.724205939654286,target,3365485041.0,11
PEPE,1779769980000,1779770040000,3.5500000000000003e-06,3.5600000000000002e-06,21.688006435673525,target,3365090215.0,11
PEPE,1779771180000,1779771240000,3.5500000000000003e-06,3.5600000000000002e-06,21.692638734310385,target,3365808958.0,11
PEPE,1779771840000,1779771900000,3.5500000000000003e-06,3.5600000000000002e-06,21.697272025477446,target,3366527855.0,11
PEPE,1779773520000,1779773580000,3.57e-06,3.58e-06,21.62023858115068,target,3365017678.0,11
PEPE,1779774120000,1779774240000,3.57e-06,3.58e-06,21.62483902892474,target,3365733701.0,11
PEPE,1779774720000,1779774900000,3.57e-06,3.58e-06,21.629440453300116,target,3366449876.0,11
PEPE,1779775320000,1779775500000,3.5600000000000002e-06,3.57e-06,21.674889258167248,target,3368281159.0,11
PEPE,1779776820000,1779776880000,3.5600000000000002e-06,3.57e-06,21.679510045048087,target,3368999230.0,11
PEPE,1779777540000,1779777600000,3.5600000000000002e-06,3.57e-06,21.684131810056037,target,3369717453.0,11
PEPE,1779778260000,1779778320000,3.57e-06,3.58e-06,21.647882034425045,target,3369320161.0,11
PEPE,1779778620000,1779778680000,3.57e-06,3.58e-06,21.652488361075672,target,3370037099.0,11
PEPE,1779779340000,1779779460000,3.5600000000000002e-06,3.57e-06,21.69798559929133,target,3371870334.0,11
PEPE,1779781680000,1779781920000,3.5500000000000003e-06,3.5600000000000002e-06,21.7435370454945,target,3373706291.0,11
PEPE,1779782280000,1779782340000,3.5500000000000003e-06,3.5600000000000002e-06,21.748181202930024,target,3374426874.0,11
PEPE,1779840720000,1779841860000,3.52e-06,3.53e-06,21.875818929651032,target,3378504854.0,11
PEPE,1779842400000,1779842460000,3.52e-06,3.53e-06,21.880517759451287,target,3379230542.0,11
PEPE,1779842880000,1779843060000,3.53e-06,3.54e-06,21.84417527013029,target,3378836082.0,11
PEPE,1779843420000,1779843480000,3.54e-06,3.55e-06,21.807834582947052,target,3378440679.0,11
PEPE,1779844740000,1779844800000,3.53e-06,3.54e-06,21.85353395241161,target,3380283674.0,11
PEPE,1779845520000,1779845700000,3.52e-06,3.53e-06,21.89928790384998,target,3382129406.0,11
PEPE,1779846120000,1779846180000,3.52e-06,3.53e-06,21.903991777674726,target,3382855873.0,11
PEPE,1779847500000,1779847560000,3.5100000000000003e-06,3.52e-06,21.949810277811228,target,3384704746.0,11
PEPE,1779848280000,1779848700000,3.5100000000000003e-06,3.52e-06,21.954533848048968,target,3385433130.0,11
PEPE,1779849840000,1779850500000,3.5100000000000003e-06,3.52e-06,21.959258436435164,target,3386161671.0,11
PEPE,1779850920000,1779850980000,3.5100000000000003e-06,3.52e-06,21.963984042964356,target,3386890369.0,11
PEPE,1779851520000,1779851700000,3.52e-06,3.53e-06,21.92756164532716,target,3386496007.0,11
PEPE,1779852780000,1779854640000,3.52e-06,3.5e-06,-85.56126338712203,time,3387223412.0,11
PEPE,1779855240000,1779856260000,3.5100000000000003e-06,3.4700000000000002e-06,-153.10958107432336,stop,3385507597.0,11
PEPE,1779858840000,1779858960000,3.5000000000000004e-06,3.5100000000000003e-06,21.9631566761393,target,3381548372.0,11
PEPE,1779859920000,1779860280000,3.5100000000000003e-06,3.52e-06,21.926794221640264,target,3381155624.0,11
PEPE,1779862020000,1779862080000,3.53e-06,3.54e-06,21.84938139239902,target,3379641360.0,11
PEPE,1779862620000,1779862680000,3.52e-06,3.53e-06,21.895126654450983,target,3381486742.0,11
PEPE,1779863280000,1779863340000,3.53e-06,3.54e-06,21.85875990283371,target,3381092019.0,11
PEPE,1779863820000,1779863940000,3.53e-06,3.54e-06,21.863446264964338,target,3381816901.0,11
PEPE,1779864600000,1779864660000,3.53e-06,3.54e-06,21.868133629169957,target,3382541938.0,11
PEPE,1779865080000,1779865260000,3.54e-06,3.55e-06,21.83175308195535,target,3382146101.0,11
PEPE,1779865680000,1779865740000,3.54e-06,3.55e-06,21.83642486884125,target,3382869848.0,11
PEPE,1779867780000,1779867840000,3.53e-06,3.54e-06,21.882184142972207,target,3384715258.0,11
PEPE,1779926580000,1779926640000,3.4700000000000002e-06,3.48e-06,22.134020586074907,target,3392187063.0,11
PEPE,1779927960000,1779928020000,3.4600000000000003e-06,3.4700000000000002e-06,22.18011513585442,target,3394049753.0,11
PEPE,1779931080000,1779931140000,3.45e-06,3.46e-06,22.226265069084345,target,3395915213.0,11
PEPE,1779931620000,1779932220000,3.45e-06,3.46e-06,22.231102013890823,target,3396654242.0,11
PEPE,1779933000000,1779933180000,3.45e-06,3.46e-06,22.2359400124398,target,3397393432.0,11
PEPE,1779933720000,1779933780000,3.45e-06,3.46e-06,22.240779058190792,target,3398132782.0,11
PEPE,1779934920000,1779935040000,3.45e-06,3.46e-06,22.245619164232053,target,3398872294.0,11
PEPE,1779935520000,1779935700000,3.45e-06,3.46e-06,22.250460317469866,target,3399611966.0,11
PEPE,1779936840000,1779936900000,3.45e-06,3.46e-06,22.25530252445564,target,3400351799.0,11
PEPE,1779937320000,1779937380000,3.44e-06,3.45e-06,22.301568330180356,target,3402222476.0,11
PEPE,1779943980000,1779944100000,3.36e-06,3.37e-06,22.63887761051129,target,3412038826.0,11
PEPE,1779944520000,1779944580000,3.36e-06,3.37e-06,22.64388708195473,target,3412793833.0,11
PEPE,1779949440000,1779950760000,3.3300000000000003e-06,3.34e-06,22.774078210046042,target,3416965973.0,11
PEPE,1779953100000,1779953220000,3.35e-06,3.36e-06,22.6956453482252,target,3415447005.0,11
PEPE,1779953640000,1779953700000,3.35e-06,3.36e-06,22.70067662326619,target,3416204157.0,11
PEPE,1779954120000,1779954300000,3.36e-06,3.37e-06,22.663982221149187,target,3415822490.0,11
PEPE,1779954900000,1779955020000,3.35e-06,3.36e-06,22.71073327258438,target,3417717573.0,11
PEPE,1779955920000,1779956040000,3.36e-06,3.37e-06,22.674022608362026,target,3417335736.0,11
PEPE,1779957120000,1779957180000,3.34e-06,3.35e-06,22.762576744764786,target,3420372163.0,11
PEPE,1779958020000,1779958080000,3.35e-06,3.36e-06,22.72584048738005,target,3419991044.0,11
PEPE,1779958620000,1779958740000,3.34e-06,3.35e-06,22.7726793741694,target,3421890214.0,11
PEPE,1779959340000,1779959580000,3.35e-06,3.36e-06,22.73592681327052,target,3421508926.0,11
PEPE,1779960360000,1779960420000,3.35e-06,3.36e-06,22.74096701254556,target,3422267421.0,11
PEPE,1779960720000,1779960780000,3.35e-06,3.36e-06,22.74600834147129,target,3423026086.0,11
PEPE,1780012920000,1780013160000,3.39e-06,3.4e-06,22.583977373359772,target,3419224432.0,11
PEPE,1780014120000,1780014180000,3.39e-06,3.4e-06,22.58894712727541,target,3419976855.0,11
PEPE,1780014720000,1780015020000,3.39e-06,3.4e-06,22.593917977621846,target,3420729444.0,11
PEPE,1780015980000,1780016460000,3.4e-06,3.41e-06,22.557163555685584,target,3420343223.0,11
PEPE,1780017660000,1780018980000,3.39e-06,3.4e-06,22.603853773441244,target,3422233728.0,11
PEPE,1780020120000,1780020180000,3.39e-06,3.4e-06,22.60882790646957,target,3422986814.0,11
PEPE,1780020780000,1780020840000,3.39e-06,3.4e-06,22.61380312932547,target,3423740065.0,11
PEPE,1780021920000,1780021980000,3.3800000000000002e-06,3.39e-06,22.660570358685273,target,3425634219.0,11
PEPE,1780022640000,1780022700000,3.3800000000000002e-06,3.39e-06,22.665566185290587,target,3426389446.0,11
PEPE,1780023180000,1780024020000,3.3800000000000002e-06,3.39e-06,22.67056310998616,target,3427144839.0,11
PEPE,1780024320000,1780024440000,3.39e-06,3.4e-06,22.63374257413063,target,3426758906.0,11
PEPE,1780024980000,1780025040000,3.3800000000000002e-06,3.39e-06,22.68055104556639,target,3428654731.0,11
PEPE,1780026780000,1780027860000,3.3800000000000002e-06,3.34e-06,-154.42636035369097,stop,3429410623.0,11
PEPE,1780028940000,1780029000000,3.36e-06,3.37e-06,22.735137872031036,target,3426546778.0,11
PEPE,1780029600000,1780029720000,3.3700000000000003e-06,3.3800000000000002e-06,22.698329477500856,target,3426162940.0,11
PEPE,1780030620000,1780030740000,3.3800000000000002e-06,3.39e-06,22.661522343180042,target,3425778132.0,11
PEPE,1780033080000,1780033140000,3.39e-06,3.4e-06,22.624716491565465,target,3425392353.0,11
PEPE,1780033860000,1780033980000,3.39e-06,3.4e-06,22.629695215069862,target,3426146134.0,11
PEPE,1780035720000,1780035780000,3.4e-06,3.41e-06,22.592882590096288,target,3425759301.0,11
PEPE,1780036500000,1780036980000,3.4e-06,3.41e-06,22.597845129745185,target,3426511771.0,11
PEPE,1780038720000,1780038780000,3.41e-06,3.42e-06,22.561025782726226,target,3426123885.0,11
PEPE,1780039920000,1780040700000,3.4e-06,3.36e-06,-154.46639253377992,stop,3428015813.0,11
PEPE,1780043700000,1780043760000,3.39e-06,3.4e-06,22.615592892780555,target,3424011036.0,11
PEPE,1780044120000,1780044180000,3.39e-06,3.4e-06,22.620569608364715,target,3424764513.0,11
PEPE,1780099320000,1780099440000,3.3800000000000002e-06,3.39e-06,22.667350832908404,target,3426659234.0,11
PEPE,1780099920000,1780100400000,3.39e-06,3.4e-06,22.630535516378984,target,3426273356.0,11
PEPE,1780100820000,1780100940000,3.39e-06,3.4e-06,22.635515514650496,target,3427027330.0,11
PEPE,1780101420000,1780101480000,3.3800000000000002e-06,3.39e-06,22.68232764934601,target,3428923303.0,11
PEPE,1780102680000,1780102740000,3.39e-06,3.4e-06,22.64548800785097,target,3428537170.0,11
PEPE,1780105620000,1780105740000,3.4200000000000003e-06,3.43e-06,22.52508996369837,target,3425869196.0,11
PEPE,1780106220000,1780106400000,3.43e-06,3.44e-06,22.48827200496595,target,3425479361.0,11
PEPE,1780106880000,1780106940000,3.43e-06,3.44e-06,22.49318418743638,target,3426227599.0,11
PEPE,1780111680000,1780111800000,3.43e-06,3.44e-06,22.498097446566057,target,3426976001.0,11
PEPE,1780112220000,1780112280000,3.43e-06,3.44e-06,22.503011775789936,target,3427724566.0,11
PEPE,1780113420000,1780113480000,3.4200000000000003e-06,3.43e-06,22.549710978274863,target,3429613837.0,11
PEPE,1780114020000,1780114500000,3.4200000000000003e-06,3.43e-06,22.554645726176197,target,3430364369.0,11
PEPE,1780115220000,1780115700000,3.41e-06,3.37e-06,-154.70897828002379,stop,3432256867.0,11
PEPE,1780118820000,1780118880000,3.4200000000000003e-06,3.43e-06,22.52572525992518,target,3425965819.0,11
PEPE,1780120200000,1780120260000,3.43e-06,3.44e-06,22.488906262744194,target,3425575973.0,11
PEPE,1780121820000,1780121880000,3.4200000000000003e-06,3.43e-06,22.53557620107487,target,3427464061.0,11
PEPE,1780122420000,1780122480000,3.43e-06,3.44e-06,22.498741098859817,target,3427074044.0,11
PEPE,1780123620000,1780125480000,3.43e-06,3.4e-06,-120.36799165245101,time,3427822630.0,11
PEPE,1780126620000,1780126980000,3.4200000000000003e-06,3.43e-06,22.5190902827752,target,3424956697.0,11
PEPE,1780128120000,1780128540000,3.4200000000000003e-06,3.43e-06,22.52401833075104,target,3425706210.0,11
PEPE,1780129080000,1780129140000,3.41e-06,3.42e-06,22.57072056873208,target,3427596138.0,11
PEPE,1780131660000,1780131720000,3.4e-06,3.41e-06,22.617479163599967,target,3429488880.0,11
PEPE,1780133220000,1780133280000,3.41e-06,3.42e-06,22.580627826344585,target,3429100657.0,11
PEPE,1780135020000,1780135200000,3.41e-06,3.42e-06,22.585578501778972,target,3429852468.0,11
PEPE,1780185720000,1780186920000,3.41e-06,3.42e-06,22.59053026374111,target,3430604444.0,11
PEPE,1780187220000,1780187400000,3.41e-06,3.42e-06,22.59548310563958,target,3431356584.0,11
PEPE,1780188000000,1780188060000,3.4e-06,3.41e-06,22.64229300278521,target,3433251403.0,11
PEPE,1780189020000,1780189080000,3.4200000000000003e-06,3.43e-06,22.563563931249654,target,3431720750.0,11
PEPE,1780190460000,1780190640000,3.4200000000000003e-06,3.43e-06,22.56850171022579,target,3432471743.0,11
PEPE,1780191720000,1780191900000,3.4200000000000003e-06,3.43e-06,22.573440567499716,target,3433222900.0,11
PEPE,1780192440000,1780192560000,3.43e-06,3.44e-06,22.536543583386134,target,3432832229.0,11
PEPE,1780192920000,1780192980000,3.43e-06,3.44e-06,22.54146630924676,target,3433582073.0,11
PEPE,1780193580000,1780193640000,3.44e-06,3.45e-06,22.504562731140823,target,3433190348.0,11
PEPE,1780194120000,1780194240000,3.44e-06,3.45e-06,22.509469351845798,target,3433938879.0,11
PEPE,1780195920000,1780196220000,3.43e-06,3.44e-06,22.556222663259334,target,3435829804.0,11
PEPE,1780197840000,1780197900000,3.44e-06,3.45e-06,22.51929492976456,target,3435437823.0,11
PEPE,1780199760000,1780200000000,3.45e-06,3.46e-06,22.482368700329545,target,3435044874.0,11
PEPE,1780200420000,1780201200000,3.45e-06,3.46e-06,22.487261375810753,target,3435792418.0,11
PEPE,1780202820000,1780202880000,3.4600000000000003e-06,3.4700000000000002e-06,22.45032866162974,target,3435398418.0,11
PEPE,1780203540000,1780203660000,3.4600000000000003e-06,3.4700000000000002e-06,22.455205281216237,target,3436144649.0,11
PEPE,1780204140000,1780204260000,3.45e-06,3.46e-06,22.501927595070697,target,3438033246.0,11
PEPE,1780204800000,1780204860000,3.45e-06,3.46e-06,22.506824524799402,target,3438781440.0,11
PEPE,1780206420000,1780206720000,3.45e-06,3.46e-06,22.511722527910262,target,3439529798.0,11
PEPE,1780207080000,1780207200000,3.44e-06,3.45e-06,22.558521393539927,target,3441422028.0,11
PEPE,1780209180000,1780209300000,3.44e-06,3.45e-06,22.563439780470446,target,3442172354.0,11
PEPE,1780211040000,1780211160000,3.43e-06,3.44e-06,22.61030518577961,target,3444067812.0,11
PEPE,1780211580000,1780212000000,3.43e-06,3.44e-06,22.615244028714635,target,3444820111.0,11
PEPE,1780212780000,1780213020000,3.4200000000000003e-06,3.43e-06,22.662176142874515,target,3446718805.0,11
PEPE,1780272120000,1780272180000,3.4200000000000003e-06,3.43e-06,22.667135501001116,target,3447473080.0,11
PEPE,1780272840000,1780272900000,3.4200000000000003e-06,3.43e-06,22.672095944001,target,3448227520.0,11
PEPE,1780273920000,1780274040000,3.43e-06,3.44e-06,22.635037700665716,target,3447835141.0,11
PEPE,1780274520000,1780274640000,3.43e-06,3.44e-06,22.639981940030687,target,3448588262.0,11
PEPE,1780275360000,1780275600000,3.43e-06,3.44e-06,22.64492726262176,target,3449341548.0,11
PEPE,1780276140000,1780276320000,3.4200000000000003e-06,3.43e-06,22.69192097605006,target,3451242734.0,11
PEPE,1780277880000,1780277940000,3.41e-06,3.42e-06,22.738971355334694,target,3453146751.0,11
PEPE,1780280580000,1780280760000,3.4e-06,3.41e-06,22.786078505188744,target,3455053602.0,11
PEPE,1780282980000,1780283040000,3.43e-06,3.44e-06,22.664774504969902,target,3452364738.0,11
PEPE,1780283580000,1780284360000,3.44e-06,3.45e-06,22.62766905285067,target,3451970870.0,11
PEPE,1780284840000,1780284900000,3.44e-06,3.45e-06,22.63260251627841,target,3452723496.0,11
PEPE,1780285320000,1780285380000,3.43e-06,3.44e-06,22.679611582225753,target,3454624765.0,11
PEPE,1780287420000,1780287480000,3.41e-06,3.42e-06,22.768817024955858,target,3457679123.0,11
PEPE,1780290420000,1780290480000,3.4e-06,3.41e-06,22.815986005814633,target,3459588477.0,11
PEPE,1780291020000,1780291080000,3.39e-06,3.4e-06,22.863211951770975,target,3461500674.0,11
PEPE,1780292280000,1780292460000,3.39e-06,3.4e-06,22.86824315199944,target,3462262400.0,11
PEPE,1780292820000,1780292880000,3.39e-06,3.4e-06,22.87327546187062,target,3463024294.0,11
PEPE,1780293480000,1780293600000,3.39e-06,3.4e-06,22.878308881380878,target,3463786356.0,11
PEPE,1780294200000,1780294320000,3.3800000000000002e-06,3.39e-06,22.925623128975353,target,3465702665.0,11
PEPE,1780298220000,1780298400000,3.3800000000000002e-06,3.39e-06,22.93067738587434,target,3466466725.0,11
PEPE,1780299000000,1780299180000,3.36e-06,3.37e-06,23.020414096035648,target,3469542441.0,11
PEPE,1780301580000,1780301700000,3.35e-06,3.36e-06,23.06790039456218,target,3471467328.0,11
PEPE,1780302600000,1780302840000,3.35e-06,3.36e-06,23.073014193854156,target,3472236899.0,11
PEPE,1780303380000,1780303500000,3.35e-06,3.36e-06,23.078129122800462,target,3473006640.0,11
PEPE,1780358520000,1780358640000,3.41e-06,3.42e-06,22.82914508760031,target,3466840560.0,11
PEPE,1780360020000,1780360140000,3.39e-06,3.4e-06,22.918756005744147,target,3469910069.0,11
PEPE,1780362300000,1780362360000,3.39e-06,3.4e-06,22.92379943183035,target,3470673646.0,11
PEPE,1780363800000,1780364340000,3.39e-06,3.35e-06,-156.37089727759576,stop,3471437391.0,11
PEPE,1780364940000,1780365000000,3.3700000000000003e-06,3.3800000000000002e-06,22.979062130001203,target,3468537680.0,11
PEPE,1780367760000,1780367820000,3.3700000000000003e-06,3.3800000000000002e-06,22.984137516000715,target,3469303776.0,11
PEPE,1780368120000,1780368420000,3.3700000000000003e-06,3.3800000000000002e-06,22.989214028251972,target,3470070042.0,11
PEPE,1780369920000,1780369980000,3.39e-06,3.4e-06,22.909606944685876,target,3468524897.0,11
PEPE,1780371900000,1780371960000,3.39e-06,3.4e-06,22.91464835624497,target,3469288169.0,11
PEPE,1780373040000,1780373520000,3.4e-06,3.36e-06,-156.30847475796028,stop,3468896466.0,11
PEPE,1780374120000,1780374240000,3.39e-06,3.4e-06,22.88529415104316,target,3464843929.0,11
PEPE,1780374720000,1780374840000,3.39e-06,3.4e-06,22.890330212554687,target,3465606391.0,11
PEPE,1780375380000,1780375440000,3.39e-06,3.4e-06,22.895367383705292,target,3466369021.0,11
PEPE,1780377540000,1780378860000,3.3700000000000003e-06,3.3300000000000003e-06,-156.17695278705045,stop,3469442470.0,11
PEPE,1780380180000,1780380360000,3.34e-06,3.35e-06,23.077558480405077,target,3467702251.0,11
PEPE,1780381920000,1780381980000,3.3300000000000003e-06,3.34e-06,23.125082057138687,target,3469629716.0,11
PEPE,1780382520000,1780382580000,3.3300000000000003e-06,3.34e-06,23.130227390486496,target,3470401709.0,11
PEPE,1780383720000,1780384140000,3.32e-06,3.33e-06,23.177819283976415,target,3472332477.0,11
PEPE,1780386360000,1780386660000,3.3300000000000003e-06,3.34e-06,23.14053094728464,target,3471947629.0,11
PEPE,1780387200000,1780387320000,3.3300000000000003e-06,3.34e-06,23.145679719769863,target,3472720138.0,11
PEPE,1780389660000,1780389720000,3.3300000000000003e-06,3.34e-06,23.150829638634832,target,3473492819.0,11
PEPE,1780390020000,1780390140000,3.3300000000000003e-06,3.34e-06,23.155980703881365,target,3474265672.0,11
PEPE,1780394220000,1780394280000,3.32e-06,3.33e-06,23.203625588249025,target,3476198590.0,11
PEPE,1780396140000,1780396200000,3.3300000000000003e-06,3.34e-06,23.166295724480598,target,3475813312.0,11
PEPE,1780445160000,1780445280000,3.1100000000000003e-06,3.12e-06,24.113307230192007,target,3502295894.0,11
PEPE,1780446480000,1780446540000,3.12e-06,3.13e-06,24.075766770000623,target,3501929712.0,11
PEPE,1780447080000,1780447140000,3.13e-06,3.14e-06,24.038226651744573,target,3501562513.0,11
PEPE,1780447800000,1780447920000,3.13e-06,3.14e-06,24.04377267242937,target,3502370382.0,11
PEPE,1780448820000,1780449420000,3.13e-06,3.14e-06,24.049319970005765,target,3503178437.0,11
PEPE,1780450320000,1780450620000,3.14e-06,3.1e-06,-156.4705251121795,stop,3502810054.0,11
PEPE,1780452060000,1780452240000,3.13e-06,3.14e-06,24.01876820054953,target,3498728070.0,11
PEPE,1780452720000,1780452780000,3.13e-06,3.14e-06,24.02430973152387,target,3499535285.0,11
PEPE,1780453320000,1780455180000,3.13e-06,3.12e-06,-51.40253232922581,time,3500342685.0,11
PEPE,1780457220000,1780457820000,3.1100000000000003e-06,3.0700000000000003e-06,-156.23066027362708,stop,3500967177.0,11
PEPE,1780461840000,1780462020000,3.1100000000000003e-06,3.12e-06,24.067984693500538,target,3495713100.0,11
PEPE,1780462380000,1780462440000,3.1100000000000003e-06,3.12e-06,24.073557502005848,target,3496522513.0,11
PEPE,1780462920000,1780462980000,3.13e-06,3.14e-06,23.99305516456174,target,3494982544.0,11
PEPE,1780463520000,1780464660000,3.18e-06,3.14e-06,-156.10445309402988,stop,3489927411.0,11
PEPE,1780466580000,1780466880000,3.18e-06,3.19e-06,23.748161688945427,target,3484689903.0,11
PEPE,1780467420000,1780467480000,3.17e-06,3.18e-06,23.796426640350926,target,3486655918.0,11
PEPE,1780468200000,1780468260000,3.18e-06,3.19e-06,23.75903286109088,target,3486285086.0,11
PEPE,1780468680000,1780468740000,3.2000000000000003e-06,3.21e-06,23.67884258757031,target,3484745046.0,11
PEPE,1780470480000,1780470660000,3.21e-06,3.22e-06,23.64145916872729,target,3484371285.0,11
PEPE,1780471740000,1780471800000,3.21e-06,3.22e-06,23.646835629865645,target,3485163689.0,11
PEPE,1780472400000,1780472460000,3.21e-06,3.22e-06,23.65221331908958,target,3485956274.0,11
PEPE,1780473420000,1780473480000,3.21e-06,3.22e-06,23.657592229614913,target,3486749039.0,11
PEPE,1780476120000,1780476180000,3.21e-06,3.22e-06,23.66297236822583,target,3487541985.0,11
PEPE,1780476960000,1780477020000,3.21e-06,3.22e-06,23.668353728136324,target,3488335111.0,11
PEPE,1780531560000,1780531620000,3.13e-06,3.14e-06,24.01723438106145,target,3498504644.0,11
PEPE,1780531920000,1780531980000,3.13e-06,3.14e-06,24.022775555053894,target,3499311807.0,11
PEPE,1780532520000,1780532760000,3.14e-06,3.1e-06,-156.29782088610003,stop,3498943830.0,11
PEPE,1780541220000,1780541340000,3e-06,3.01e-06,24.553812017435114,target,3510194713.0,11
PEPE,1780541880000,1780541940000,3e-06,3.01e-06,24.559609585356213,target,3511023529.0,11
PEPE,1780543620000,1780543920000,3.0700000000000003e-06,3.08e-06,24.26227925659981,target,3503578232.0,11
PEPE,1780546020000,1780546140000,3.1e-06,3.11e-06,24.138431389275716,target,3500860245.0,11
PEPE,1780546680000,1780546740000,3.1e-06,3.11e-06,24.144030508501373,target,3501672300.0,11
PEPE,1780548780000,1780548840000,3.08e-06,3.09e-06,24.235979186863936,target,3504841531.0,11
PEPE,1780553340000,1780553400000,3.04e-06,3.05e-06,24.414706956056328,target,3510382021.0,11
PEPE,1780554480000,1780554540000,3.0600000000000003e-06,3.0700000000000003e-06,24.3338094431057,target,3508840583.0,11
PEPE,1780555620000,1780556700000,3.0600000000000003e-06,3.0200000000000003e-06,-156.3553668996006,stop,3509660312.0,11
PEPE,1780561920000,1780562640000,3e-06,2.96e-06,-156.12071659937914,stop,3511487103.0,11
PEPE,1780568640000,1780568700000,2.9300000000000003e-06,2.9400000000000002e-06,24.83006529676416,target,3514517381.0,11
PEPE,1780569480000,1780569540000,2.9300000000000003e-06,2.9400000000000002e-06,24.83600077988951,target,3515357506.0,11
PEPE,1780570020000,1780570080000,2.92e-06,2.93e-06,24.885515451725844,target,3517387343.0,11
PEPE,1780572120000,1780572240000,2.9300000000000003e-06,2.9400000000000002e-06,24.847886406014364,target,3517039831.0,11
PEPE,1780572900000,1780573440000,2.9400000000000002e-06,2.9e-06,-156.03559218233977,stop,3516691282.0,11
PEPE,1780574520000,1780574580000,2.96e-06,2.97e-06,24.68610365308557,target,3509041031.0,11
PEPE,1780576020000,1780576080000,2.9700000000000004e-06,2.9800000000000003e-06,24.648547741750576,target,3508690070.0,11
PEPE,1780577220000,1780577280000,3e-06,3.01e-06,24.524265585116577,target,3505970777.0,11
PEPE,1780577820000,1780577940000,3.01e-06,3.02e-06,24.486726810039787,target,3505615864.0,11
PEPE,1780578420000,1780579080000,3e-06,2.96e-06,-155.9490139911611,stop,3507625146.0,11
PEPE,1780580520000,1780581060000,3e-06,2.96e-06,-155.71497352787867,stop,3502361078.0,11
PEPE,1780617720000,1780617960000,2.9400000000000002e-06,2.95e-06,23.86249999875543,target,3382352941.0,12
PEPE,1780618320000,1780618380000,2.9400000000000002e-06,2.95e-06,23.86819418802525,target,3383160055.0,12
PEPE,1780619940000,1780620000000,2.95e-06,2.96e-06,23.831993269435575,target,3382823743.0,12
PEPE,1780623480000,1780625340000,2.9400000000000002e-06,2.91e-06,-116.36851097034003,time,3384773443.0,12
PEPE,1780631520000,1780632300000,2.88e-06,2.84e-06,-150.00775761959957,stop,3387709070.0,12
PEPE,1780632720000,1780633500000,2.9e-06,2.91e-06,23.983475164769448,target,3380334766.0,12
PEPE,1780635840000,1780637280000,2.9e-06,2.91e-06,23.98923846874583,target,3381147071.0,12
PEPE,1780644720000,1780644780000,2.7500000000000004e-06,2.7600000000000003e-06,24.62735134156518,target,3399220337.0,12
PEPE,1780646520000,1780646580000,2.79e-06,2.8e-06,24.464127122655746,target,3395437491.0,12
PEPE,1780651920000,1780652820000,2.79e-06,2.8e-06,24.47011938425996,target,3396269172.0,12
PEPE,1780653360000,1780653420000,2.79e-06,2.8e-06,24.47611310848154,target,3397101056.0,12
PEPE,1780653720000,1780654080000,2.81e-06,2.77e-06,-150.00175862707488,stop,3395625549.0,12
PEPE,1780655340000,1780655400000,2.78e-06,2.79e-06,24.487615743240845,target,3393986936.0,12
PEPE,1780656120000,1780656360000,2.79e-06,2.8e-06,24.45136479087466,target,3393666175.0,12
PEPE,1780656840000,1780656900000,2.78e-06,2.79e-06,24.49962361001925,target,3395651228.0,12
PEPE,1780659120000,1780659960000,2.79e-06,2.75e-06,-149.88685649080585,stop,3395330309.0,12
PEPE,1780660440000,1780660620000,2.78e-06,2.79e-06,24.46885809966111,target,3391387124.0,12
PEPE,1780661520000,1780661880000,2.77e-06,2.78e-06,24.517117555200258,target,3393372672.0,12
PEPE,1780662480000,1780662720000,2.78e-06,2.74e-06,-149.7354295078196,stop,3393053014.0,12
PEPE,1780664580000,1780664640000,2.77e-06,2.78e-06,24.486340449626248,target,3389112865.0,12
PEPE,1780665180000,1780665240000,2.77e-06,2.78e-06,24.492358889073962,target,3389945867.0,12
PEPE,1780666920000,1780666980000,2.78e-06,2.79e-06,24.45615542116592,target,3389626531.0,12
PEPE,1780671180000,1780671360000,2.74e-06,2.7e-06,-149.62092140423914,stop,3395074232.0,12
PEPE,1780676220000,1780676340000,2.7100000000000003e-06,2.7200000000000002e-06,24.721240487050586,target,3393444130.0,12
PEPE,1780705020000,1780705080000,2.73e-06,2.74e-06,24.64270160065933,target,3391975444.0,12
PEPE,1780707060000,1780707180000,2.73e-06,2.74e-06,24.648800299355834,target,3392814907.0,12
PEPE,1780710120000,1780710420000,2.7200000000000002e-06,2.73e-06,24.697246060125938,target,3394810455.0,12
PEPE,1780714560000,1780715100000,2.69e-06,2.65e-06,-149.54451682558584,stop,3399125283.0,12
PEPE,1780723680000,1780724040000,2.61e-06,2.57e-06,-149.32008786825008,stop,3403306846.0,12
PEPE,1780724640000,1780724820000,2.61e-06,2.62e-06,25.095702081589547,target,3398199334.0,12
PEPE,1780725120000,1780725420000,2.6300000000000002e-06,2.64e-06,25.016954608064506,target,3396735181.0,12
PEPE,1780725720000,1780725840000,2.64e-06,2.65e-06,24.980742105730624,target,3396429926.0,12
PEPE,1780728240000,1780728480000,2.65e-06,2.66e-06,24.944528143145437,target,3396123641.0,12
PEPE,1780730520000,1780731120000,2.6700000000000003e-06,2.68e-06,24.865867967476312,target,3394657743.0,12
PEPE,1780731420000,1780731480000,2.6700000000000003e-06,2.68e-06,24.87208542014999,target,3395506542.0,12
PEPE,1780732200000,1780732260000,2.68e-06,2.69e-06,24.835867364385454,target,3395197179.0,12
PEPE,1780732620000,1780733340000,2.68e-06,2.69e-06,24.842066717159817,target,3396044664.0,12
PEPE,1780734840000,1780735860000,2.7100000000000003e-06,2.7200000000000002e-06,24.721066448399938,target,3393420240.0,12
PEPE,1780736460000,1780736520000,2.7100000000000003e-06,2.7200000000000002e-06,24.727205561610226,target,3394262946.0,12
PEPE,1780736820000,1780736880000,2.7e-06,2.71e-06,24.7757387381967,target,3396263021.0,12
PEPE,1780737480000,1780737540000,2.7100000000000003e-06,2.7200000000000002e-06,24.739498897122,target,3395950432.0,12
PEPE,1780738320000,1780738380000,2.7200000000000002e-06,2.73e-06,24.703257865499584,target,3395636820.0,12
PEPE,1780744920000,1780745040000,2.64e-06,2.65e-06,25.049354716294317,target,3405758629.0,12
PEPE,1780746780000,1780746840000,2.6700000000000003e-06,2.68e-06,24.927910812700663,target,3403127756.0,12
PEPE,1780747320000,1780747380000,2.6700000000000003e-06,2.68e-06,24.934143779725854,target,3403978673.0,12
PEPE,1780747920000,1780748040000,2.66e-06,2.67e-06,24.98295030043638,target,3405991861.0,12
PEPE,1780751760000,1780752120000,2.7e-06,2.71e-06,24.819051224976423,target,3402200305.0,12
PEPE,1780752480000,1780752600000,2.69e-06,2.7e-06,24.867731411805416,target,3404206901.0,12
PEPE,1780790760000,1780792200000,2.68e-06,2.69e-06,24.916473895004454,target,3406216527.0,12
PEPE,1780792680000,1780792800000,2.68e-06,2.69e-06,24.922693378659115,target,3407066764.0,12
PEPE,1780793280000,1780793340000,2.6700000000000003e-06,2.68e-06,24.97151046527512,target,3409079927.0,12
PEPE,1780793820000,1780793880000,2.6700000000000003e-06,2.68e-06,24.977754339224795,target,3409932333.0,12
PEPE,1780796340000,1780796400000,2.7500000000000004e-06,2.7600000000000003e-06,24.643872904768486,target,3401500746.0,12
PEPE,1780798620000,1780800420000,2.73e-06,2.74e-06,24.73482989386951,target,3404656558.0,12
PEPE,1780800720000,1780800960000,2.73e-06,2.74e-06,24.740951390133816,target,3405499159.0,12
PEPE,1780801920000,1780801980000,2.73e-06,2.74e-06,24.747074404784815,target,3406341969.0,12
PEPE,1780802520000,1780802940000,2.73e-06,2.74e-06,24.753198930556405,target,3407184987.0,12
PEPE,1780803600000,1780803660000,2.7200000000000002e-06,2.73e-06,24.801849880423433,target,3409188987.0,12
PEPE,1780804200000,1780804260000,2.7200000000000002e-06,2.73e-06,24.807998506725163,target,3410034159.0,12
PEPE,1780804800000,1780804980000,2.7200000000000002e-06,2.73e-06,24.814148653500865,target,3410879540.0,12
PEPE,1780805820000,1780805940000,2.7200000000000002e-06,2.73e-06,24.820300328025283,target,3411725131.0,12
PEPE,1780808220000,1780808280000,2.74e-06,2.75e-06,24.741348333125256,target,3410247875.0,12
PEPE,1780809420000,1780809480000,2.74e-06,2.75e-06,24.7474609318061,target,3411090411.0,12
PEPE,1780810140000,1780810560000,2.7500000000000004e-06,2.7600000000000003e-06,24.711044878800347,target,3410772240.0,12
PEPE,1780812120000,1780812840000,2.74e-06,2.75e-06,24.759680158300835,target,3412774660.0,12
PEPE,1780813920000,1780813980000,2.7500000000000004e-06,2.7600000000000003e-06,24.723246118094767,target,3412456331.0,12
PEPE,1780815360000,1780815420000,2.7500000000000004e-06,2.7600000000000003e-06,24.729343756425095,target,3413297965.0,12
PEPE,1780816380000,1780816500000,2.7500000000000004e-06,2.7600000000000003e-06,24.735442894469898,target,3414139806.0,12
PEPE,1780817340000,1780817460000,2.7500000000000004e-06,2.7600000000000003e-06,24.741543539476186,target,3414981855.0,12
PEPE,1780819740000,1780819800000,2.74e-06,2.75e-06,24.79023884948611,target,3416986747.0,12
PEPE,1780820520000,1780820580000,2.74e-06,2.75e-06,24.79636352773998,target,3417830948.0,12
PEPE,1780824240000,1780824600000,2.79e-06,2.8e-06,24.589708255255413,target,3412867211.0,12
PEPE,1780877040000,1780878420000,2.81e-06,2.82e-06,24.51080019035972,target,3411384856.0,12
PEPE,1780878720000,1780879020000,2.82e-06,2.83e-06,24.474350499025952,target,3411059303.0,12
PEPE,1780879320000,1780879800000,2.83e-06,2.84e-06,24.43790003911003,target,3410732734.0,12
PEPE,1780880280000,1780880340000,2.82e-06,2.83e-06,24.486269063725924,target,3412720427.0,12
PEPE,1780885200000,1780885260000,2.79e-06,2.8e-06,24.619713239988677,target,3417031678.0,12
PEPE,1780888620000,1780890480000,2.81e-06,2.8000000000000003e-06,-48.517852450573,time,3415547515.0,12
PEPE,1780891080000,1780891320000,2.81e-06,2.82e-06,24.528865938809126,target,3413899226.0,12
PEPE,1780899960000,1780900020000,2.77e-06,2.78e-06,24.70499778459962,target,3419376856.0,12
PEPE,1780900320000,1780900380000,2.78e-06,2.79e-06,24.668480006819706,target,3419054748.0,12
PEPE,1780900920000,1780900980000,2.77e-06,2.78e-06,24.717133169149967,target,3421056494.0,12
PEPE,1780901760000,1780901820000,2.77e-06,2.78e-06,24.723208339300186,target,3421897348.0,12
PEPE,1780904820000,1780904880000,2.79e-06,2.8e-06,24.64407125554032,target,3420412388.0,12
PEPE,1780907940000,1780909800000,2.78e-06,2.77e-06,-48.461369283599396,time,3422413085.0,12
PEPE,1780910820000,1780910880000,2.79e-06,2.8e-06,24.638237424680945,target,3419602696.0,12
PEPE,1780911720000,1780911780000,2.78e-06,2.79e-06,24.6868650677993,target,3421602920.0,12
PEPE,1780912380000,1780912620000,2.79e-06,2.8e-06,24.65031915054639,target,3421279549.0,12
PEPE,1780913520000,1780913580000,2.79e-06,2.8e-06,24.65635701259361,target,3422117559.0,12
PEPE,1780914240000,1780914900000,2.79e-06,2.8e-06,24.662396358873742,target,3422955775.0,12
PEPE,1780915440000,1780915500000,2.79e-06,2.8e-06,24.668437182179783,target,3423794196.0,12
PEPE,1780917300000,1780917360000,2.8000000000000003e-06,2.81e-06,24.63186351297979,target,3423469564.0,12
PEPE,1780919100000,1780919460000,2.82e-06,2.83e-06,24.552720462550653,target,3421981946.0,12
PEPE,1780919940000,1780920000000,2.82e-06,2.83e-06,24.558703278900616,target,3422815788.0,12
PEPE,1780921920000,1780922580000,2.82e-06,2.83e-06,24.56468755894995,target,3423649834.0,12
PEPE,1780923720000,1780924020000,2.8400000000000003e-06,2.8500000000000002e-06,24.48556069572019,target,3422160824.0,12
PEPE,1780964520000,1780964700000,2.81e-06,2.77e-06,-151.36469833950008,stop,3426478740.0,12
PEPE,1780969140000,1780969200000,2.77e-06,2.78e-06,24.752775929300874,target,3425989748.0,12
PEPE,1780969860000,1780970040000,2.77e-06,2.78e-06,24.75885985615139,target,3426831814.0,12
PEPE,1780970520000,1780971060000,2.78e-06,2.79e-06,24.722262463861394,target,3426509004.0,12
PEPE,1780972020000,1780972200000,2.77e-06,2.78e-06,24.77102170587445,target,3428515115.0,12
PEPE,1780973820000,1780973940000,2.77e-06,2.78e-06,24.7771101122259,target,3429357801.0,12
PEPE,1780975620000,1780975680000,2.77e-06,2.78e-06,24.783200014149994,target,3430200694.0,12
PEPE,1780977480000,1780977600000,2.77e-06,2.78e-06,24.78929141887465,target,3431043795.0,12
PEPE,1780979280000,1780979640000,2.78e-06,2.79e-06,24.752649042421076,target,3430720588.0,12
PEPE,1780980240000,1780980360000,2.82e-06,2.83e-06,24.588029598999896,target,3426903080.0,12
PEPE,1780980720000,1780981020000,2.82e-06,2.83e-06,24.59402101817533,target,3427738121.0,12
PEPE,1780982820000,1780983000000,2.82e-06,2.83e-06,24.600013901051952,target,3428573366.0,12
PEPE,1780983540000,1780983660000,2.83e-06,2.84e-06,24.56337628479973,target,3428245120.0,12
PEPE,1780984020000,1780984080000,2.83e-06,2.84e-06,24.569351328764604,target,3429079041.0,12
PEPE,1780984740000,1780984800000,2.82e-06,2.83e-06,24.61798053155115,target,3431077426.0,12
PEPE,1780986600000,1780988460000,2.83e-06,2.81e-06,-83.10989307150058,time,3430748940.0,12
PEPE,1780989240000,1780989540000,2.81e-06,2.82e-06,24.64638463227176,target,3430255342.0,12
PEPE,1780990920000,1780991040000,2.81e-06,2.82e-06,24.652400683065096,target,3431092649.0,12
PEPE,1780991580000,1780991640000,2.81e-06,2.82e-06,24.65841820678434,target,3431930161.0,12
PEPE,1780992120000,1780992180000,2.81e-06,2.82e-06,24.66443720342949,target,3432767878.0,12
PEPE,1780994520000,1780994580000,2.8000000000000003e-06,2.81e-06,24.713185295474062,target,3434772105.0,12
PEPE,1780995540000,1780995720000,2.8000000000000003e-06,2.81e-06,24.71922810256544,target,3435611967.0,12
PEPE,1780996080000,1780996140000,2.79e-06,2.8e-06,24.76804996732085,target,3437619704.0,12
PEPE,1780997340000,1780999200000,2.8000000000000003e-06,2.77e-06,-117.45232781336922,time,3437293761.0,12
PEPE,1781051700000,1781051760000,2.7600000000000003e-06,2.77e-06,24.873737382594996,target,3437973377.0,12
PEPE,1781052120000,1781052180000,2.7600000000000003e-06,2.77e-06,24.879861578576293,target,3438819845.0,12
PEPE,1781053320000,1781055180000,2.78e-06,2.75e-06,-117.35038488456189,time,3437328204.0,12
PEPE,1781056320000,1781056560000,2.7600000000000003e-06,2.77e-06,24.857094277994932,target,3435673017.0,12
PEPE,1781060820000,1781062080000,2.74e-06,2.75e-06,24.948916806889784,target,3438858278.0,12
PEPE,1781062980000,1781063040000,2.73e-06,2.74e-06,24.997986276453897,target,3440879047.0,12
PEPE,1781063580000,1781063700000,2.73e-06,2.74e-06,25.004172903446257,target,3441730613.0,12
PEPE,1781064780000,1781064960000,2.73e-06,2.74e-06,25.01036105608596,target,3442582389.0,12
PEPE,1781065800000,1781065860000,2.73e-06,2.74e-06,25.016550741640923,target,3443434376.0,12
PEPE,1781066280000,1781066820000,2.7200000000000002e-06,2.73e-06,25.06571929567535,target,3445459697.0,12
PEPE,1781067180000,1781067300000,2.7200000000000002e-06,2.73e-06,25.071933338777182,target,3446313861.0,12
PEPE,1781069880000,1781070060000,2.7200000000000002e-06,2.73e-06,25.078148916900652,target,3447168236.0,12
PEPE,1781070420000,1781070660000,2.7200000000000002e-06,2.73e-06,25.084366044600706,target,3448022824.0,12
PEPE,1781071680000,1781071740000,2.7200000000000002e-06,2.73e-06,25.09058470732422,target,3448877623.0,12
PEPE,1781072280000,1781072340000,2.73e-06,2.74e-06,25.053774284104904,target,3448558057.0,12
PEPE,1781074380000,1781074500000,2.73e-06,2.74e-06,25.0599747145953,target,3449411523.0,12
PEPE,1781077200000,1781077260000,2.7500000000000004e-06,2.7600000000000003e-06,24.98016071533406,target,3447917283.0,12
PEPE,1781077620000,1781078040000,2.7500000000000004e-06,2.7600000000000003e-06,24.986321711189778,target,3448767662.0,12
PEPE,1781078700000,1781079060000,2.74e-06,2.75e-06,25.03549878944893,target,3450792390.0,12
PEPE,1781083620000,1781083680000,2.7100000000000003e-06,2.7200000000000002e-06,25.17093552354944,target,3455173030.0,12
PEPE,1781084220000,1781084460000,2.7200000000000002e-06,2.73e-06,25.13406247897462,target,3454853949.0,12
PEPE,1781084940000,1781085060000,2.7100000000000003e-06,2.7200000000000002e-06,25.1834280309595,target,3456887856.0,12
PEPE,1781087220000,1781087340000,2.7100000000000003e-06,2.7200000000000002e-06,25.189681970340086,target,3457746324.0,12
PEPE,1781088420000,1781088540000,2.7200000000000002e-06,2.73e-06,25.152781461375906,target,3457427005.0,12
PEPE,1781137380000,1781138760000,2.7100000000000003e-06,2.7200000000000002e-06,25.202183780695464,target,3459462427.0,12
PEPE,1781139120000,1781139900000,2.7100000000000003e-06,2.7200000000000002e-06,25.208442375189488,target,3460321534.0,12
PEPE,1781142900000,1781142960000,2.73e-06,2.74e-06,25.128355662558626,target,3458823904.0,12
PEPE,1781143440000,1781143560000,2.73e-06,2.74e-06,25.134574553414417,target,3459679911.0,12
PEPE,1781143920000,1781144160000,2.73e-06,2.74e-06,25.140794984451574,target,3460536130.0,12
PEPE,1781147100000,1781147160000,2.7200000000000002e-06,2.73e-06,25.190207727973856,target,3462571509.0,12
PEPE,1781148240000,1781148360000,2.7100000000000003e-06,2.7200000000000002e-06,25.23968355131607,target,3464609959.0,12
PEPE,1781149320000,1781149380000,2.73e-06,2.74e-06,25.159497586344415,target,3463110473.0,12
PEPE,1781149920000,1781149980000,2.73e-06,2.74e-06,25.165724185364063,target,3463967541.0,12
PEPE,1781150640000,1781151660000,2.77e-06,2.78e-06,24.999311916600394,target,3460112376.0,12
PEPE,1781152620000,1781152740000,2.7600000000000003e-06,2.77e-06,25.048583095345933,target,3462140027.0,12
PEPE,1781153220000,1781153340000,2.77e-06,2.78e-06,25.011613071549718,target,3461814958.0,12
PEPE,1781153820000,1781155680000,2.78e-06,2.75e-06,-118.17522940728257,time,3461488852.0,12
PEPE,1781156220000,1781156280000,2.7600000000000003e-06,2.77e-06,25.03181239428549,target,3459822031.0,12
PEPE,1781156880000,1781158740000,2.77e-06,2.75e-06,-83.49496441516544,time,3459497179.0,12
PEPE,1781159400000,1781159460000,2.7600000000000003e-06,2.77e-06,25.01741809408898,target,3457832494.0,12
PEPE,1781159820000,1781159940000,2.7600000000000003e-06,2.77e-06,25.023577669219215,target,3458683852.0,12
PEPE,1781160840000,1781161020000,2.7500000000000004e-06,2.7600000000000003e-06,25.072862301585246,target,3460712533.0,12
PEPE,1781162220000,1781162400000,2.7500000000000004e-06,2.7600000000000003e-06,25.07904616266099,target,3461566068.0,12
PEPE,1781162820000,1781163000000,2.7600000000000003e-06,2.77e-06,25.042086738200382,target,3461242120.0,12
PEPE,1781164080000,1781164140000,2.7500000000000004e-06,2.7600000000000003e-06,25.091407820744223,target,3463272301.0,12
PEPE,1781165280000,1781165460000,2.7600000000000003e-06,2.77e-06,25.054430176353566,target,3462948193.0,12
PEPE,1781167020000,1781167080000,2.78e-06,2.79e-06,24.974333510489807,target,3461446086.0,12
PEPE,1781167620000,1781167680000,2.77e-06,2.78e-06,25.02358990347761,target,3463472651.0,12
PEPE,1781222760000,1781222880000,2.78e-06,2.79e-06,24.986601196634734,target,3463146389.0,12
PEPE,1781224320000,1781224380000,2.79e-06,2.8e-06,24.949611550655654,target,3462819091.0,12
PEPE,1781225760000,1781225820000,2.79e-06,2.8e-06,24.955722723580614,target,3463667276.0,12
PEPE,1781227620000,1781227800000,2.78e-06,2.79e-06,25.004976979124926,target,3465693275.0,12
PEPE,1781229660000,1781229720000,2.78e-06,2.79e-06,25.01111229766548,target,3466543631.0,12
PEPE,1781233800000,1781233860000,2.8000000000000003e-06,2.81e-06,24.930952935654282,target,3465038629.0,12
PEPE,1781235480000,1781235540000,2.8000000000000003e-06,2.81e-06,24.937048992940333,target,3465885892.0,12
PEPE,1781236080000,1781236200000,2.8000000000000003e-06,2.81e-06,24.943146539589016,target,3466733362.0,12
PEPE,1781237580000,1781237700000,2.8000000000000003e-06,2.81e-06,24.949245575603967,target,3467581039.0,12
PEPE,1781239320000,1781239680000,2.81e-06,2.82e-06,24.912199792965517,target,3467251189.0,12
PEPE,1781240580000,1781242440000,2.81e-06,2.8000000000000003e-06,-49.26432537103461,time,3468097527.0,12
PEPE,1781248020000,1781248080000,2.77e-06,2.78e-06,25.07897564805161,target,3471138498.0,12
PEPE,1781249220000,1781249280000,2.77e-06,2.78e-06,25.08513974349976,target,3471991660.0,12
PEPE,1781249940000,1781250060000,2.77e-06,2.78e-06,25.091305363424944,target,3472845033.0,12
PEPE,1781250480000,1781250540000,2.77e-06,2.78e-06,25.097472493376777,target,3473698615.0,12
PEPE,1781254020000,1781254260000,2.8000000000000003e-06,2.81e-06,24.973929627590437,target,3471011762.0,12
PEPE,1781254620000,1781254680000,2.81e-06,2.82e-06,24.93684719540975,target,3470681586.0,12
PEPE,1781255820000,1781255880000,2.81e-06,2.82e-06,24.942934147784374,target,3471528761.0,12
PEPE,1781258460000,1781258520000,2.82e-06,2.83e-06,24.905841840076672,target,3471197469.0,12
PEPE,1781260440000,1781260500000,2.82e-06,2.83e-06,24.91191069902533,target,3472043303.0,12
PEPE,1781261220000,1781261280000,2.82e-06,2.83e-06,24.91798104319843,target,3472889344.0,12
PEPE,1781263020000,1781263080000,2.83e-06,2.84e-06,24.880869866075187,target,3472556855.0,12
PEPE,1781263740000,1781263800000,2.82e-06,2.83e-06,24.93011564715064,target,3474580578.0,12
PEPE,1781264400000,1781264460000,2.81e-06,2.82e-06,24.9794238025652,target,3476607349.0,12
PEPE,1781308920000,1781308980000,2.8000000000000003e-06,2.81e-06,25.028794445345163,target,3478637171.0,12
PEPE,1781311380000,1781311620000,2.81e-06,2.82e-06,24.99163054995025,target,3478306270.0,12
PEPE,1781311920000,1781311980000,2.8000000000000003e-06,2.81e-06,25.041025319381127,target,3480337084.0,12
PEPE,1781312640000,1781312700000,2.81e-06,2.82e-06,25.003843260883436,target,3480006021.0,12
PEPE,1781313120000,1781313180000,2.82e-06,2.83e-06,24.966660368826314,target,3479673919.0,12
PEPE,1781313720000,1781313960000,2.82e-06,2.83e-06,24.972744051325943,target,3480521819.0,12
PEPE,1781314380000,1781314440000,2.82e-06,2.83e-06,24.978829219050013,target,3481369926.0,12
PEPE,1781314920000,1781314980000,2.82e-06,2.83e-06,24.984915872000343,target,3482218240.0,12
PEPE,1781315580000,1781315640000,2.83e-06,2.84e-06,24.94770500757051,target,3481884858.0,12
PEPE,1781316240000,1781316300000,2.83e-06,2.84e-06,24.953773540455536,target,3482731827.0,12
PEPE,1781319120000,1781319180000,2.82e-06,2.83e-06,25.003163611824846,target,3484761479.0,12
PEPE,1781319780000,1781319840000,2.82e-06,2.83e-06,25.00925619132349,target,3485610619.0,12
PEPE,1781320500000,1781322360000,2.82e-06,2.8000000000000003e-06,-84.40719577686055,time,3486459966.0,12
PEPE,1781322780000,1781322840000,2.81e-06,2.82e-06,25.038117514322067,target,3484776272.0,12
PEPE,1781323320000,1781323440000,2.81e-06,2.82e-06,25.044229190280234,target,3485626888.0,12
PEPE,1781324220000,1781324280000,2.8000000000000003e-06,2.81e-06,25.09372792451429,target,3487661977.0,12
PEPE,1781325000000,1781325120000,2.81e-06,2.82e-06,25.056467601961085,target,3487330216.0,12
PEPE,1781325600000,1781325720000,2.81e-06,2.82e-06,25.062583761360848,target,3488181456.0,12
PEPE,1781326980000,1781327040000,2.8000000000000003e-06,2.81e-06,25.112118769018963,target,3490218036.0,12
PEPE,1781328180000,1781328240000,2.8000000000000003e-06,2.81e-06,25.1182591259199,target,3491071456.0,12
PEPE,1781330220000,1781330460000,2.79e-06,2.8e-06,25.167869099616127,target,3493111603.0,12
PEPE,1781332920000,1781332980000,2.8000000000000003e-06,2.81e-06,25.130554963610194,target,3492780398.0,12
PEPE,1781334240000,1781334780000,2.81e-06,2.82e-06,25.09323996493535,target,3492448151.0,12
PEPE,1781335440000,1781335500000,2.81e-06,2.82e-06,25.099365098398934,target,3493300640.0,12
PEPE,1781395320000,1781395380000,2.8500000000000002e-06,2.86e-06,24.93186227977477,target,3489413895.0,12
PEPE,1781398860000,1781398920000,2.8400000000000003e-06,2.8500000000000002e-06,24.981279623414842,target,3491443693.0,12
PEPE,1781399820000,1781400060000,2.8500000000000002e-06,2.86e-06,24.943961558470633,target,3491107286.0,12
PEPE,1781401200000,1781401320000,2.8400000000000003e-06,2.8500000000000002e-06,24.99340288369662,target,3493138069.0,12
PEPE,1781402520000,1781402640000,2.8400000000000003e-06,2.8500000000000002e-06,24.999471990812275,target,3493986302.0,12
PEPE,1781403720000,1781403780000,2.8400000000000003e-06,2.8500000000000002e-06,25.005542571855823,target,3494834741.0,12
PEPE,1781405880000,1781405940000,2.8400000000000003e-06,2.8500000000000002e-06,25.011614619674372,target,3495683385.0,12
PEPE,1781406780000,1781406840000,2.8400000000000003e-06,2.8500000000000002e-06,25.017688148580987,target,3496532236.0,12
PEPE,1781408520000,1781408580000,2.8400000000000003e-06,2.8500000000000002e-06,25.023763151415494,target,3497381293.0,12
PEPE,1781409120000,1781409180000,2.8400000000000003e-06,2.8500000000000002e-06,25.029839628179715,target,3498230556.0,12
PEPE,1781409780000,1781409840000,2.8500000000000002e-06,2.86e-06,24.99244901463007,target,3497893494.0,12
PEPE,1781410920000,1781410980000,2.8500000000000002e-06,2.86e-06,24.998507353014745,target,3498741407.0,12
PEPE,1781412120000,1781413980000,2.8400000000000003e-06,2.82e-06,-84.85882555968175,time,3500776632.0,12
PEPE,1781416620000,1781416740000,2.82e-06,2.83e-06,25.114446907551255,target,3500271346.0,12
PEPE,1781417880000,1781418120000,2.83e-06,2.84e-06,25.077043123775425,target,3499936235.0,12
PEPE,1781419920000,1781419980000,2.82e-06,2.83e-06,25.126677182949948,target,3501975914.0,12
PEPE,1781420940000,1781421060000,2.82e-06,2.83e-06,25.132799861575208,target,3502829249.0,12
PEPE,1781421480000,1781421660000,2.82e-06,2.83e-06,25.138924032600535,target,3503682792.0,12
PEPE,1781422920000,1781422980000,2.82e-06,2.83e-06,25.145049688850303,target,3504536542.0,12
PEPE,1781424120000,1781424300000,2.82e-06,2.83e-06,25.15117684467577,target,3505390501.0,12
PEPE,1781424840000,1781424960000,2.82e-06,2.83e-06,25.15730549290131,target,3506244668.0,12
PEPE,1781425320000,1781425560000,2.83e-06,2.84e-06,25.11983787752563,target,3505908985.0,12
PEPE,1781425920000,1781425980000,2.83e-06,2.84e-06,25.125948282670407,target,3506761798.0,12
PEPE,1781426520000,1781426580000,2.83e-06,2.84e-06,25.132060170971442,target,3507614818.0,12
PEPE,1781481900000,1781481960000,2.91e-06,2.92e-06,24.790200012760803,target,3498969656.0,12
PEPE,1781482320000,1781482440000,2.92e-06,2.93e-06,24.752772094324886,target,3498625031.0,12
PEPE,1781482980000,1781483280000,2.92e-06,2.93e-06,24.758699479799866,target,3499462824.0,12
PEPE,1781487420000,1781487480000,2.88e-06,2.89e-06,24.93838643777953,target,3505043772.0,12
PEPE,1781488740000,1781488860000,2.8900000000000003e-06,2.9e-06,24.900906011906113,target,3504701761.0,12
PEPE,1781490000000,1781490060000,2.91e-06,2.92e-06,24.81997931633925,target,3503172804.0,12
PEPE,1781490480000,1781490600000,2.9e-06,2.91e-06,24.869389374061633,target,3505199348.0,12
PEPE,1781491020000,1781491080000,2.9e-06,2.91e-06,24.875365563510815,target,3506041658.0,12
PEPE,1781494440000,1781494500000,2.9e-06,2.91e-06,24.881343186149977,target,3506884170.0,12
PEPE,1781494920000,1781494980000,2.91e-06,2.92e-06,24.84383473805952,target,3506539836.0,12
PEPE,1781496120000,1781496180000,2.91e-06,2.92e-06,24.84979434957709,target,3507380995.0,12
PEPE,1781496780000,1781496900000,2.91e-06,2.92e-06,24.855755399344794,target,3508222357.0,12
PEPE,1781497560000,1781497620000,2.91e-06,2.92e-06,24.861717866114446,target,3509063919.0,12
PEPE,1781499720000,1781499840000,2.9e-06,2.91e-06,24.911211021839577,target,3511093872.0,12
PEPE,1781501520000,1781501640000,2.92e-06,2.93e-06,24.83014730120063,target,3509561456.0,12
PEPE,1781503680000,1781503740000,2.92e-06,2.93e-06,24.83609320902515,target,3510401867.0,12
PEPE,1781504880000,1781504940000,2.92e-06,2.93e-06,24.842040546000575,target,3511242480.0,12
PEPE,1781506320000,1781506380000,2.92e-06,2.93e-06,24.847989305050376,target,3512083294.0,12
PEPE,1781507340000,1781507460000,2.91e-06,2.92e-06,24.897491426859297,target,3514113116.0,12
PEPE,1781507880000,1781508300000,2.92e-06,2.93e-06,24.859901524998744,target,3513767000.0,12
PEPE,1781508720000,1781510580000,2.91e-06,2.9e-06,-50.4692773472239,time,3515797795.0,12
PEPE,1781511420000,1781511480000,2.91e-06,2.92e-06,24.897320657103975,target,3514089013.0,12
PEPE,1781512320000,1781512440000,2.9e-06,2.91e-06,24.946884681838856,target,3516121872.0,12
PEPE,1781514480000,1781514720000,2.9e-06,2.91e-06,24.952879495663947,target,3516966807.0,12
PEPE,1781568720000,1781568780000,2.95e-06,2.96e-06,24.741107847870357,target,3511867686.0,12
PEPE,1781569320000,1781569980000,2.95e-06,2.96e-06,24.74700133557441,target,3512704235.0,12
PEPE,1781571420000,1781571780000,2.95e-06,2.96e-06,24.752896225233485,target,3513540983.0,12
PEPE,1781572320000,1781572440000,2.95e-06,2.96e-06,24.758792516849404,target,3514377930.0,12
PEPE,1781573040000,1781573160000,2.95e-06,2.96e-06,24.76469021746549,target,3515215077.0,12
PEPE,1781573520000,1781573580000,2.95e-06,2.96e-06,24.77058932003478,target,3516052423.0,12
PEPE,1781574600000,1781574660000,2.95e-06,2.96e-06,24.77648983160424,target,3516889969.0,12
PEPE,1781575020000,1781576100000,2.95e-06,2.91e-06,-156.13434458589018,stop,3517727714.0,12
PEPE,1781579880000,1781580180000,2.92e-06,2.93e-06,24.875793496125333,target,3516013215.0,12
PEPE,1781580900000,1781581020000,2.9400000000000002e-06,2.95e-06,24.794637429104874,target,3514477311.0,12
PEPE,1781583240000,1781583360000,2.9400000000000002e-06,2.95e-06,24.800554048415457,target,3515315953.0,12
PEPE,1781587320000,1781587380000,2.9300000000000003e-06,2.9400000000000002e-06,24.85003458991412,target,3517343891.0,12
PEPE,1781589720000,1781589780000,2.9400000000000002e-06,2.95e-06,24.812401926162064,target,3516995312.0,12
PEPE,1781592780000,1781592900000,2.95e-06,2.96e-06,24.774768921274838,target,3516645695.0,12
PEPE,1781593320000,1781593920000,2.96e-06,2.97e-06,24.737135627506156,target,3516295043.0,12
PEPE,1781594940000,1781595060000,2.95e-06,2.96e-06,24.786562969866196,target,3518319797.0,12
PEPE,1781595480000,1781595540000,2.96e-06,2.97e-06,24.748911760230794,target,3517968978.0,12
PEPE,1781599620000,1781599680000,2.9700000000000004e-06,2.9800000000000003e-06,24.71126029609838,target,3517617124.0,12
PEPE,1781600280000,1781600340000,3e-06,3.01e-06,24.586661929440847,target,3514890912.0,12
PEPE,1781600940000,1781601000000,2.99e-06,3e-06,24.63593618288933,target,3516907378.0,12
PEPE,1781601660000,1781601780000,2.9800000000000003e-06,2.99e-06,24.685271986037378,target,3518926869.0,12
PEPE,1781605320000,1781607180000,2.99e-06,2.97e-06,-86.08188306270063,time,3518572780.0,12
PEPE,1781608020000,1781608080000,2.9700000000000004e-06,2.9800000000000003e-06,24.714236254701582,target,3518040748.0,12
PEPE,1781611440000,1781611680000,2.96e-06,2.97e-06,24.763654693155598,target,3520064633.0,12
PEPE,1781654580000,1781654640000,2.95e-06,2.96e-06,24.81313501906658,target,3522091557.0,12
PEPE,1781655720000,1781655900000,2.95e-06,2.96e-06,24.81904566134733,target,3522930541.0,12
PEPE,1781656980000,1781657100000,2.96e-06,2.97e-06,24.78134511520689,target,3522579263.0,12
PEPE,1781657640000,1781657700000,2.95e-06,2.96e-06,24.830860788574604,target,3524607635.0,12
PEPE,1781659020000,1781659500000,2.96e-06,2.97e-06,24.7931422896152,target,3524256189.0,12
PEPE,1781659920000,1781659980000,2.96e-06,2.97e-06,24.799037795489884,target,3525094214.0,12
PEPE,1781660700000,1781660760000,2.9700000000000004e-06,2.9800000000000003e-06,24.761310070175114,target,3524741647.0,12
PEPE,1781661720000,1781661840000,2.99e-06,3e-06,24.680006031884513,target,3523198577.0,12
PEPE,1781663580000,1781663940000,3.01e-06,2.97e-06,-156.6255992758497,stop,3521654846.0,12
PEPE,1781664420000,1781664480000,2.99e-06,3e-06,24.648796417216623,target,3518743243.0,12
PEPE,1781665800000,1781665920000,2.99e-06,3e-06,24.65462669272664,target,3519575545.0,12
PEPE,1781666520000,1781666640000,2.99e-06,3e-06,24.660458355224776,target,3520408045.0,12
PEPE,1781667720000,1781668380000,2.9800000000000003e-06,2.99e-06,24.70984326519045,target,3522429546.0,12
PEPE,1781669400000,1781669460000,2.9800000000000003e-06,2.99e-06,24.715698299864343,target,3523264191.0,12
PEPE,1781670480000,1781670720000,2.9800000000000003e-06,2.99e-06,24.721554730525117,target,3524099035.0,12
PEPE,1781672220000,1781673120000,2.99e-06,3e-06,24.683829697126804,target,3523744425.0,12
PEPE,1781673600000,1781673960000,2.9800000000000003e-06,2.99e-06,24.733261411630004,target,3525767842.0,12
PEPE,1781674380000,1781674500000,2.9800000000000003e-06,2.99e-06,24.739122002187223,target,3526603279.0,12
PEPE,1781675220000,1781677080000,2.99e-06,2.9800000000000003e-06,-51.04244583607463,time,3526248417.0,12
PEPE,1781677800000,1781678100000,2.9700000000000004e-06,2.9800000000000003e-06,24.77651132717542,target,3526905527.0,12
PEPE,1781679720000,1781679780000,2.96e-06,2.97e-06,24.826054291919757,target,3528934512.0,12
PEPE,1781680380000,1781680500000,2.9700000000000004e-06,2.9800000000000003e-06,24.788285466024625,target,3528581561.0,12
PEPE,1781682720000,1781682780000,2.96e-06,2.97e-06,24.83785197285117,target,3530611510.0,12
PEPE,1781683440000,1781685120000,2.96e-06,2.92e-06,-156.7964264423991,stop,3531451046.0,12
PEPE,1781741520000,1781742120000,2.96e-06,2.97e-06,24.80647383973579,target,3526151221.0,12
PEPE,1781742540000,1781742660000,2.95e-06,2.96e-06,24.856039724248742,target,3528181650.0,12
PEPE,1781743680000,1781743920000,2.95e-06,2.96e-06,24.861960581778902,target,3529022084.0,12
PEPE,1781745180000,1781747040000,2.96e-06,2.93e-06,-121.42154151318,time,3528670198.0,12
PEPE,1781747880000,1781748300000,2.9400000000000002e-06,2.95e-06,24.882626196808566,target,3526949142.0,12
PEPE,1781751120000,1781751240000,2.9400000000000002e-06,2.95e-06,24.888563811799326,target,3527790760.0,12
PEPE,1781760540000,1781760840000,2.86e-06,2.87e-06,25.24506950052071,target,3538201752.0,12
PEPE,1781761380000,1781761440000,2.86e-06,2.87e-06,25.25117843757674,target,3539057945.0,12
PEPE,1781762520000,1781762700000,2.87e-06,2.88e-06,25.21334281462491,target,3538714781.0,12
PEPE,1781763720000,1781763780000,2.87e-06,2.88e-06,25.219433457001195,target,3539569608.0,12
PEPE,1781764320000,1781764380000,2.87e-06,2.88e-06,25.225525574250074,target,3540424642.0,12
PEPE,1781764920000,1781765040000,2.88e-06,2.89e-06,25.187671064131607,target,3540080262.0,12
PEPE,1781765760000,1781765880000,2.88e-06,2.89e-06,25.19374490483482,target,3540933929.0,12
PEPE,1781766660000,1781766720000,2.87e-06,2.88e-06,25.243789514250015,target,3542988002.0,12
PEPE,1781767080000,1781767140000,2.88e-06,2.89e-06,25.20590759177893,target,3542643372.0,12
PEPE,1781770380000,1781770440000,2.9e-06,2.91e-06,25.12409413420564,target,3541098539.0,12
PEPE,1781771160000,1781771220000,2.9e-06,2.91e-06,25.13013152512529,target,3541949475.0,12
PEPE,1781771700000,1781772000000,2.91e-06,2.92e-06,25.09224803741424,target,3541601699.0,12
PEPE,1781775000000,1781775060000,2.9e-06,2.91e-06,25.142200113029908,target,3543650474.0,12
PEPE,1781777220000,1781779080000,2.9e-06,2.87e-06,-121.64730942935955,time,3544502023.0,12
PEPE,1781781540000,1781781720000,2.88e-06,2.89e-06,25.206883563446006,target,3542780543.0,12
PEPE,1781783820000,1781784780000,2.87e-06,2.88e-06,25.256954269875706,target,3544835687.0,12
PEPE,1781785980000,1781786100000,2.88e-06,2.89e-06,25.219052596970844,target,3544490878.0,12
PEPE,1781786520000,1781786580000,2.88e-06,2.89e-06,25.225134008035347,target,3545345609.0,12
PEPE,1781827920000,1781827980000,2.8400000000000003e-06,2.8500000000000002e-06,24.282827333909534,target,3393826322.0,13
PEPE,1781829300000,1781829420000,2.8500000000000002e-06,2.86e-06,24.246552641400122,target,3393499320.0,13
PEPE,1781830320000,1781830380000,2.8500000000000002e-06,2.86e-06,24.25243016841437,target,3394321927.0,13
PEPE,1781831220000,1781831280000,2.86e-06,2.87e-06,24.21614602699477,target,3393993837.0,13
PEPE,1781832600000,1781833080000,2.8500000000000002e-06,2.86e-06,24.264179277804498,target,3395966309.0,13
PEPE,1781834220000,1781834280000,2.86e-06,2.87e-06,24.227877550965246,target,3395638059.0,13
PEPE,1781835480000,1781835540000,2.8500000000000002e-06,2.86e-06,24.27593407461602,target,3397611487.0,13
PEPE,1781838120000,1781838180000,2.8500000000000002e-06,2.86e-06,24.281818718049003,target,3398435090.0,13
PEPE,1781838720000,1781838960000,2.8500000000000002e-06,2.81e-06,-150.36621717608972,stop,3399258894.0,13
PEPE,1781842860000,1781842920000,2.81e-06,2.82e-06,24.420144609645234,target,3398767517.0,13
PEPE,1781846820000,1781846880000,2.79e-06,2.8e-06,24.510743047560283,target,3401907432.0,13
PEPE,1781850000000,1781850120000,2.8000000000000003e-06,2.81e-06,24.474403175624264,target,3401584875.0,13
PEPE,1781850420000,1781850660000,2.81e-06,2.82e-06,24.438062462054372,target,3401261303.0,13
PEPE,1781851080000,1781851320000,2.8000000000000003e-06,2.81e-06,24.486363136325053,target,3403247135.0,13
PEPE,1781853120000,1781853180000,2.79e-06,2.8e-06,24.534725077389325,target,3405235958.0,13
PEPE,1781853720000,1781853780000,2.79e-06,2.8e-06,24.54073463099536,target,3406070039.0,13
PEPE,1781856120000,1781856240000,2.78e-06,2.79e-06,24.58916983360744,target,3408062347.0,13
PEPE,1781857320000,1781857380000,2.79e-06,2.8e-06,24.552768537274524,target,3407740255.0,13
PEPE,1781859120000,1781859180000,2.79e-06,2.8e-06,24.55878250754429,target,3408574949.0,13
PEPE,1781859720000,1781860080000,2.79e-06,2.8e-06,24.56479795483814,target,3409409848.0,13
PEPE,1781863620000,1781863800000,2.78e-06,2.79e-06,24.613280653650605,target,3411404110.0,13
PEPE,1781865600000,1781865660000,2.78e-06,2.79e-06,24.61931986117503,target,3412241145.0,13
PEPE,1781866080000,1781866140000,2.78e-06,2.79e-06,24.625360554990092,target,3413078386.0,13
PEPE,1781867460000,1781867520000,2.78e-06,2.79e-06,24.631402735093975,target,3413915833.0,13
PEPE,1781914500000,1781914560000,2.82e-06,2.83e-06,24.4675896472013,target,3410117024.0,13
PEPE,1781914980000,1781915100000,2.82e-06,2.83e-06,24.473551720623966,target,3410947975.0,13
PEPE,1781915580000,1781915640000,2.83e-06,2.84e-06,24.43710244563964,target,3410621416.0,13
PEPE,1781916840000,1781917080000,2.83e-06,2.84e-06,24.44304677324994,target,3411451050.0,13
PEPE,1781917980000,1781918100000,2.82e-06,2.83e-06,24.491425987351064,target,3413439162.0,13
PEPE,1781918640000,1781919540000,2.83e-06,2.84e-06,24.45495009522682,target,3413112365.0,13
PEPE,1781922420000,1781922540000,2.81e-06,2.82e-06,24.545835802320273,target,3416261072.0,13
PEPE,1781923620000,1781923680000,2.81e-06,2.82e-06,24.55182730915495,target,3417094963.0,13
PEPE,1781924280000,1781924340000,2.81e-06,2.82e-06,24.55782028891554,target,3417929059.0,13
PEPE,1781925720000,1781925900000,2.82e-06,2.83e-06,24.521300671174536,target,3417602881.0,13
PEPE,1781926320000,1781926380000,2.82e-06,2.83e-06,24.52727583180033,target,3418435656.0,13
PEPE,1781926980000,1781927100000,2.82e-06,2.83e-06,24.5332524561255,target,3419268635.0,13
PEPE,1781927940000,1781928060000,2.82e-06,2.83e-06,24.53923052980059,target,3420101816.0,13
PEPE,1781928420000,1781928480000,2.82e-06,2.83e-06,24.54521006000124,target,3420935200.0,13
PEPE,1781929200000,1781929320000,2.82e-06,2.83e-06,24.551191046725627,target,3421768787.0,13
PEPE,1781930820000,1781930880000,2.82e-06,2.83e-06,24.557173497149385,target,3422602578.0,13
PEPE,1781931660000,1781931720000,2.83e-06,2.84e-06,24.520599679994397,target,3422274903.0,13
PEPE,1781932620000,1781932680000,2.8500000000000002e-06,2.86e-06,24.44151478393037,target,3420785834.0,13
PEPE,1781933220000,1781933280000,2.8400000000000003e-06,2.8500000000000002e-06,24.489960219359222,target,3422775712.0,13
PEPE,1781934060000,1781934180000,2.8400000000000003e-06,2.8500000000000002e-06,24.49590707614523,target,3423606859.0,13
PEPE,1781935920000,1781935980000,2.8400000000000003e-06,2.8500000000000002e-06,24.501855371085554,target,3424438207.0,13
PEPE,1781936580000,1781936640000,2.8500000000000002e-06,2.86e-06,24.465253489121082,target,3424108256.0,13
PEPE,1781937240000,1781937360000,2.8500000000000002e-06,2.86e-06,24.471184024890434,target,3424938282.0,13
PEPE,1781937720000,1781937780000,2.8500000000000002e-06,2.86e-06,24.477116003949273,target,3425768510.0,13
PEPE,1782000120000,1782000180000,2.83e-06,2.84e-06,24.568243483631658,target,3428924422.0,13
PEPE,1782001440000,1782001500000,2.83e-06,2.84e-06,24.57421971698615,target,3429758509.0,13
PEPE,1782002040000,1782002100000,2.83e-06,2.84e-06,24.58019739767103,target,3430592798.0,13
PEPE,1782004140000,1782004320000,2.83e-06,2.84e-06,24.586176532849652,target,3431427290.0,13
PEPE,1782004620000,1782004740000,2.83e-06,2.84e-06,24.592157122525656,target,3432261985.0,13
PEPE,1782006600000,1782006660000,2.83e-06,2.84e-06,24.598139173860574,target,3433096884.0,13
PEPE,1782007260000,1782007380000,2.83e-06,2.84e-06,24.604122672525882,target,3433931985.0,13
PEPE,1782008220000,1782008400000,2.83e-06,2.84e-06,24.610107632850106,target,3434767290.0,13
PEPE,1782008820000,1782008940000,2.83e-06,2.84e-06,24.616094040504716,target,3435602797.0,13
PEPE,1782009420000,1782009600000,2.83e-06,2.84e-06,24.62208190982006,target,3436438508.0,13
PEPE,1782010620000,1782010680000,2.83e-06,2.84e-06,24.628071240794323,target,3437274423.0,13
PEPE,1782011820000,1782012000000,2.8400000000000003e-06,2.8500000000000002e-06,24.591336380641664,target,3436944288.0,13
PEPE,1782014820000,1782014880000,2.83e-06,2.84e-06,24.640043869814505,target,3438945411.0,13
PEPE,1782016320000,1782016440000,2.83e-06,2.84e-06,24.646037564273634,target,3439781935.0,13
PEPE,1782021720000,1782021780000,2.81e-06,2.82e-06,24.73763343532595,target,3442955245.0,13
PEPE,1782025080000,1782025500000,2.82e-06,2.83e-06,24.700846429000958,target,3442626680.0,13
PEPE,1782026160000,1782026340000,2.82e-06,2.83e-06,24.706865335599247,target,3443465552.0,13
PEPE,1782027780000,1782027840000,2.83e-06,2.84e-06,24.67006858019982,target,3443135880.0,13
PEPE,1782028320000,1782028440000,2.82e-06,2.83e-06,24.718897128977048,target,3445142457.0,13
PEPE,1782029820000,1782030000000,2.82e-06,2.83e-06,24.724920441024704,target,3445981943.0,13
PEPE,1782030720000,1782031020000,2.82e-06,2.83e-06,24.730945223949174,target,3446821634.0,13
PEPE,1782032520000,1782032640000,2.82e-06,2.83e-06,24.736971470576655,target,3447661529.0,13
PEPE,1782036120000,1782036360000,2.8400000000000003e-06,2.8500000000000002e-06,24.657289653780932,target,3446162076.0,13
PEPE,1782036840000,1782036960000,2.8400000000000003e-06,2.8500000000000002e-06,24.663277136656284,target,3446998901.0,13
PEPE,1782086520000,1782086640000,2.79e-06,2.8e-06,24.883862524895036,target,3453693619.0,13
PEPE,1782088980000,1782089040000,2.82e-06,2.83e-06,24.761080754899666,target,3451021708.0,13
PEPE,1782092040000,1782092160000,2.8500000000000002e-06,2.86e-06,24.63846837371703,target,3448351067.0,13
PEPE,1782096720000,1782096840000,2.83e-06,2.84e-06,24.73019656519537,target,3451527783.0,13
PEPE,1782098580000,1782098700000,2.83e-06,2.84e-06,24.736212191719776,target,3452367368.0,13
PEPE,1782099960000,1782100080000,2.82e-06,2.83e-06,24.785171656875736,target,3454379325.0,13
PEPE,1782102060000,1782102120000,2.82e-06,2.83e-06,24.791211119849493,target,3455221062.0,13
PEPE,1782102840000,1782102900000,2.82e-06,2.83e-06,24.797252046524438,target,3456063003.0,13
PEPE,1782103320000,1782103440000,2.82e-06,2.83e-06,24.80329445125183,target,3456905150.0,13
PEPE,1782103920000,1782104100000,2.82e-06,2.83e-06,24.809338334024396,target,3457747503.0,13
PEPE,1782104580000,1782104820000,2.83e-06,2.84e-06,24.772388957394714,target,3457416463.0,13
PEPE,1782107760000,1782107820000,2.82e-06,2.83e-06,24.82142002952498,target,3459431363.0,13
PEPE,1782108180000,1782108240000,2.83e-06,2.84e-06,24.784452660729954,target,3459100162.0,13
PEPE,1782109020000,1782109080000,2.83e-06,2.84e-06,24.79048148518473,target,3459941589.0,13
PEPE,1782110520000,1782110580000,2.82e-06,2.83e-06,24.83954836300175,target,3461957960.0,13
PEPE,1782111720000,1782111840000,2.82e-06,2.83e-06,24.845601071026124,target,3462801543.0,13
PEPE,1782114720000,1782114840000,2.8400000000000003e-06,2.8500000000000002e-06,24.765569338275647,target,3461295505.0,13
PEPE,1782115320000,1782115380000,2.8400000000000003e-06,2.8500000000000002e-06,24.771583122929474,target,3462136006.0,13
PEPE,1782115920000,1782116100000,2.8400000000000003e-06,2.8500000000000002e-06,24.77759836005069,target,3462976710.0,13
PEPE,1782116520000,1782116640000,2.8400000000000003e-06,2.8500000000000002e-06,24.78361506394508,target,3463817619.0,13
PEPE,1782118800000,1782118980000,2.8400000000000003e-06,2.8500000000000002e-06,24.789633227459756,target,3464658732.0,13
PEPE,1782119580000,1782119640000,2.8400000000000003e-06,2.8500000000000002e-06,24.795652850594713,target,3465500049.0,13
PEPE,1782120180000,1782120540000,2.8400000000000003e-06,2.8500000000000002e-06,24.80167393334995,target,3466341570.0,13
PEPE,1782121020000,1782121080000,2.83e-06,2.84e-06,24.850798031485628,target,3468359809.0,13
PEPE,1782173160000,1782173280000,2.8000000000000003e-06,2.81e-06,24.986354809794843,target,3472738681.0,13
PEPE,1782174120000,1782174180000,2.8000000000000003e-06,2.81e-06,24.992464415264532,target,3473587827.0,13
PEPE,1782175080000,1782175140000,2.8000000000000003e-06,2.81e-06,24.998575510100494,target,3474437180.0,13
PEPE,1782175620000,1782175860000,2.81e-06,2.82e-06,24.961456481430716,target,3474106678.0,13
PEPE,1782179100000,1782180120000,2.81e-06,2.82e-06,24.967549440464538,target,3474954689.0,13
PEPE,1782180660000,1782180840000,2.8000000000000003e-06,2.81e-06,25.016896620664486,target,3476983547.0,13
PEPE,1782181320000,1782182160000,2.81e-06,2.82e-06,24.97975038955599,target,3476652803.0,13
PEPE,1782182520000,1782182580000,2.8000000000000003e-06,2.81e-06,25.029121681140793,target,3478682652.0,13
PEPE,1782183120000,1782183240000,2.81e-06,2.82e-06,24.991957295009485,target,3478351746.0,13
PEPE,1782183780000,1782184320000,2.8000000000000003e-06,2.81e-06,25.041352713466164,target,3480382587.0,13
PEPE,1782185220000,1782185280000,2.8000000000000003e-06,2.81e-06,25.04747576639153,target,3481233602.0,13
PEPE,1782185940000,1782186060000,2.8000000000000003e-06,2.81e-06,25.053600315874245,target,3482084825.0,13
PEPE,1782186480000,1782186540000,2.8000000000000003e-06,2.81e-06,25.059726361919775,target,3482936256.0,13
PEPE,1782188280000,1782188820000,2.81e-06,2.82e-06,25.02251652982462,target,3482604945.0,13
PEPE,1782189300000,1782189420000,2.8000000000000003e-06,2.81e-06,25.071972352649443,target,3484638270.0,13
PEPE,1782192120000,1782193980000,2.79e-06,2.77e-06,-84.25549308640487,time,3486674657.0,13
PEPE,1782194820000,1782194940000,2.78e-06,2.74e-06,-153.79280631414227,stop,3484994478.0,13
PEPE,1782199440000,1782199500000,2.74e-06,2.75e-06,25.280061785095587,target,3484501969.0,13
PEPE,1782199920000,1782200100000,2.73e-06,2.74e-06,25.329782546134012,target,3486549559.0,13
PEPE,1782200520000,1782200580000,2.74e-06,2.75e-06,25.292565458374987,target,3486225425.0,13
PEPE,1782201120000,1782202560000,2.74e-06,2.7e-06,-153.67591232331122,stop,3487086733.0,13
PEPE,1782207180000,1782207420000,2.7e-06,2.71e-06,25.434749845051552,target,3486600390.0,13
PEPE,1782208080000,1782208140000,2.69e-06,2.7e-06,25.484637668325707,target,3488656765.0,13
PEPE,1782210420000,1782210660000,2.7e-06,2.71e-06,25.447416605840598,target,3488336752.0,13
PEPE,1782260040000,1782260100000,2.69e-06,2.7e-06,25.497329273055442,target,3490394151.0,13
PEPE,1782260700000,1782260760000,2.69e-06,2.7e-06,25.503682869854817,target,3491263911.0,13
PEPE,1782261960000,1782262020000,2.7e-06,2.71e-06,25.466433992404852,target,3490943659.0,13
PEPE,1782262560000,1782262680000,2.7e-06,2.71e-06,25.472769043355584,target,3491812069.0,13
PEPE,1782263220000,1782263280000,2.7e-06,2.71e-06,25.47910567732011,target,3492680696.0,13
PEPE,1782263820000,1782264300000,2.7e-06,2.71e-06,25.485443887006404,target,3493549539.0,13
PEPE,1782265320000,1782265440000,2.7100000000000003e-06,2.7200000000000002e-06,25.448165943575695,target,3493227995.0,13
PEPE,1782266520000,1782266580000,2.7e-06,2.71e-06,25.498114178574937,target,3495286385.0,13
PEPE,1782269520000,1782269580000,2.69e-06,2.7e-06,25.54812628531427,target,3497347883.0,13
PEPE,1782270540000,1782270660000,2.68e-06,2.69e-06,25.59820238629522,target,3499412493.0,13
PEPE,1782271020000,1782271860000,2.68e-06,2.69e-06,25.60459203879668,target,3500285993.0,13
PEPE,1782273420000,1782273480000,2.68e-06,2.69e-06,25.610983278650167,target,3501159710.0,13
PEPE,1782279720000,1782279780000,2.68e-06,2.69e-06,25.61737612048882,target,3502033646.0,13
PEPE,1782280440000,1782280500000,2.6700000000000003e-06,2.68e-06,25.66755391097489,target,3504102923.0,13
PEPE,1782282540000,1782282720000,2.6700000000000003e-06,2.68e-06,25.673971819599586,target,3504979088.0,13
PEPE,1782283680000,1782283800000,2.6700000000000003e-06,2.68e-06,25.6803913324013,target,3505855472.0,13
PEPE,1782287040000,1782287100000,2.66e-06,2.67e-06,25.730658562185805,target,3507928911.0,13
PEPE,1782287880000,1782288000000,2.66e-06,2.67e-06,25.737103232550204,target,3508807530.0,13
PEPE,1782288480000,1782288540000,2.66e-06,2.67e-06,25.743549516615502,target,3509686369.0,13
PEPE,1782289020000,1782289080000,2.66e-06,2.67e-06,25.74999740704603,target,3510565427.0,13
PEPE,1782289680000,1782290040000,2.66e-06,2.67e-06,25.756446918511298,target,3511444706.0,13
PEPE,1782290520000,1782290640000,2.66e-06,2.67e-06,25.76289804367564,target,3512324205.0,13
PEPE,1782291480000,1782291540000,2.66e-06,2.67e-06,25.769350789876544,target,3513203925.0,13
PEPE,1782292320000,1782292380000,2.66e-06,2.67e-06,25.775805149776524,target,3514083865.0,13
PEPE,1782345720000,1782345900000,2.5300000000000003e-06,2.5400000000000002e-06,26.356144969914553,target,3530628931.0,13
PEPE,1782346440000,1782346500000,2.5300000000000003e-06,2.5400000000000002e-06,26.36289324033579,target,3531532919.0,13
PEPE,1782346980000,1782347040000,2.5300000000000003e-06,2.5400000000000002e-06,26.36964323516827,target,3532437138.0,13
PEPE,1782347580000,1782349260000,2.5300000000000003e-06,2.5400000000000002e-06,26.37639496188541,target,3533341589.0,13
PEPE,1782350400000,1782350460000,2.52e-06,2.53e-06,26.42755071774919,target,3535458290.0,13
PEPE,1782350940000,1782351000000,2.52e-06,2.53e-06,26.434328659051687,target,3536365038.0,13
PEPE,1782351480000,1782351600000,2.52e-06,2.53e-06,26.44110833455027,target,3537272018.0,13
PEPE,1782352740000,1782352800000,2.52e-06,2.53e-06,26.44788975172518,target,3538179231.0,13
PEPE,1782353400000,1782353460000,2.52e-06,2.53e-06,26.4546729105746,target,3539086677.0,13
PEPE,1782354480000,1782354600000,2.52e-06,2.53e-06,26.461457803623748,target,3539994355.0,13
PEPE,1782355260000,1782356520000,2.52e-06,2.53e-06,26.468244438349224,target,3540902266.0,13
PEPE,1782357120000,1782357180000,2.51e-06,2.52e-06,26.519545410915484,target,3543025439.0,13
PEPE,1782358080000,1782358140000,2.51e-06,2.52e-06,26.526358385160375,target,3543935656.0,13
PEPE,1782358800000,1782358860000,2.51e-06,2.52e-06,26.533173103410753,target,3544846106.0,13
PEPE,1782359400000,1782359700000,2.51e-06,2.52e-06,26.539989573151857,target,3545756790.0,13
PEPE,1782360180000,1782360300000,2.51e-06,2.52e-06,26.54680779438005,target,3546667708.0,13
PEPE,1782360780000,1782360900000,2.51e-06,2.52e-06,26.55362776709897,target,3547578860.0,13
PEPE,1782361380000,1782361440000,2.51e-06,2.52e-06,26.560449491310436,target,3548490246.0,13
PEPE,1782362100000,1782362220000,2.51e-06,2.52e-06,26.56727296701081,target,3549401866.0,13
PEPE,1782363840000,1782363900000,2.5400000000000002e-06,2.55e-06,26.440377421288765,target,3546663638.0,13
PEPE,1782364320000,1782364380000,2.55e-06,2.56e-06,26.402611984814666,target,3546354867.0,13
PEPE,1782366180000,1782367860000,2.55e-06,2.56e-06,26.409349419459808,target,3547259828.0,13
PEPE,1782368280000,1782368340000,2.55e-06,2.56e-06,26.416088573901533,target,3548165020.0,13
PEPE,1782369240000,1782369600000,2.5400000000000002e-06,2.55e-06,26.467387430504868,target,3550286711.0,13
PEPE,1782432120000,1782432180000,2.3600000000000003e-06,2.37e-06,27.28165760822855,target,3573236098.0,13
PEPE,1782433620000,1782433740000,2.35e-06,2.36e-06,27.33401109367572,target,3575410215.0,13
PEPE,1782434520000,1782434580000,2.35e-06,2.36e-06,27.34122299678078,target,3576353564.0,13
PEPE,1782437040000,1782438900000,2.34e-06,2.33e-06,-48.310176100499895,time,3578531563.0,13
PEPE,1782439380000,1782439440000,2.33e-06,2.34e-06,27.42612416701447,target,3578098391.0,13
PEPE,1782443820000,1782443940000,2.3e-06,2.31e-06,27.56930518075633,target,3582755709.0,13
PEPE,1782445020000,1782445140000,2.3e-06,2.31e-06,27.576639385290676,target,3583708822.0,13
PEPE,1782448020000,1782448080000,2.34e-06,2.35e-06,27.402713846824973,target,3579714415.0,13
PEPE,1782448680000,1782448740000,2.33e-06,2.34e-06,27.455236289249815,target,3581896450.0,13
PEPE,1782450420000,1782450540000,2.33e-06,2.34e-06,27.462504134939667,target,3582844636.0,13
PEPE,1782451020000,1782452220000,2.34e-06,2.35e-06,27.424469471649036,target,3582556430.0,13
PEPE,1782452520000,1782454380000,2.34e-06,2.3200000000000002e-06,-84.17649080223,time,3583503227.0,13
PEPE,1782455340000,1782455580000,2.34e-06,2.35e-06,27.409471060770674,target,3580597134.0,13
PEPE,1782456120000,1782456180000,2.35e-06,2.36e-06,27.371454453585258,target,3580307973.0,13
PEPE,1782456900000,1782457020000,2.3600000000000003e-06,2.37e-06,27.333435131865038,target,3580017699.0,13
PEPE,1782459780000,1782459840000,2.38e-06,2.39e-06,27.250222489239555,target,3578492776.0,13
PEPE,1782460320000,1782460440000,2.37e-06,2.38e-06,27.30257918787429,target,3580666123.0,13
PEPE,1782462900000,1782463080000,2.3600000000000003e-06,2.37e-06,27.355004579489705,target,3582842774.0,13
PEPE,1782463680000,1782463800000,2.35e-06,2.36e-06,27.407498816719304,target,3585022736.0,13
PEPE,1782464820000,1782464880000,2.35e-06,2.36e-06,27.414730107545886,target,3585968621.0,13
PEPE,1782466200000,1782466260000,2.35e-06,2.36e-06,27.42196330961961,target,3586914756.0,13
PEPE,1782467340000,1782469200000,2.35e-06,2.33e-06,-84.33267609570056,time,3587861140.0,13
PEPE,1782472020000,1782472080000,2.33e-06,2.34e-06,27.497617216334877,target,3587425599.0,13
PEPE,1782472980000,1782473040000,2.3200000000000002e-06,2.33e-06,27.55028997507585,target,3589614329.0,13
PEPE,1782518580000,1782518640000,2.38e-06,2.39e-06,27.28563005373494,target,3583142489.0,13
PEPE,1782520320000,1782520800000,2.38e-06,2.39e-06,27.29279352230855,target,3584083194.0,13
PEPE,1782522420000,1782522480000,2.38e-06,2.39e-06,27.299958879404365,target,3585024147.0,13
PEPE,1782523740000,1782524100000,2.38e-06,2.39e-06,27.307126109789117,target,3585965346.0,13
PEPE,1782525840000,1782525960000,2.39e-06,2.4e-06,27.269029529233798,target,3585671207.0,13
PEPE,1782526320000,1782526440000,2.4000000000000003e-06,2.4100000000000002e-06,27.230930393416198,target,3585375957.0,13
PEPE,1782529320000,1782530460000,2.42e-06,2.43e-06,27.147632821275838,target,3583845917.0,13
PEPE,1782530820000,1782531000000,2.42e-06,2.43e-06,27.154712863200594,target,3584780576.0,13
PEPE,1782531600000,1782531720000,2.4100000000000002e-06,2.42e-06,27.207014270925484,target,3586949805.0,13
PEPE,1782533280000,1782533340000,2.4100000000000002e-06,2.42e-06,27.214121620721272,target,3587886832.0,13
PEPE,1782533880000,1782534120000,2.42e-06,2.43e-06,27.175987674898956,target,3587589132.0,13
PEPE,1782535920000,1782535980000,2.4100000000000002e-06,2.42e-06,27.22833006268553,target,3589760061.0,13
PEPE,1782538320000,1782538380000,2.4000000000000003e-06,2.4100000000000002e-06,27.280740909765377,target,3591934287.0,13
PEPE,1782540840000,1782540960000,2.4100000000000002e-06,2.42e-06,27.242569580395305,target,3591637387.0,13
PEPE,1782541980000,1782542100000,2.42e-06,2.43e-06,27.204395773200137,target,3591339376.0,13
PEPE,1782542580000,1782542640000,2.42e-06,2.43e-06,27.2114906242491,target,3592275990.0,13
PEPE,1782543180000,1782543300000,2.42e-06,2.43e-06,27.21858732359884,target,3593212848.0,13
PEPE,1782544020000,1782544080000,2.42e-06,2.43e-06,27.22568587882506,target,3594149951.0,13
PEPE,1782544980000,1782545040000,2.42e-06,2.43e-06,27.232786282350233,target,3595087298.0,13
PEPE,1782546120000,1782546360000,2.42e-06,2.43e-06,27.239888534176174,target,3596024889.0,13
PEPE,1782547020000,1782547080000,2.42e-06,2.43e-06,27.246992641874968,target,3596962725.0,13
PEPE,1782548220000,1782548280000,2.42e-06,2.43e-06,27.254098597876347,target,3597900805.0,13
PEPE,1782549000000,1782549180000,2.42e-06,2.43e-06,27.261206409750578,target,3598839130.0,13
PEPE,1782549960000,1782550080000,2.4100000000000002e-06,2.42e-06,27.3137129286103,target,3601016866.0,13
PEPE,1782605580000,1782605640000,2.37e-06,2.38e-06,27.50279604899883,target,3606924072.0,13
PEPE,1782606120000,1782606180000,2.37e-06,2.38e-06,27.510028506375868,target,3607872591.0,13
PEPE,1782607320000,1782607500000,2.37e-06,2.38e-06,27.517262870000756,target,3608821360.0,13
PEPE,1782608040000,1782608160000,2.37e-06,2.38e-06,27.524499132250952,target,3609770378.0,13
PEPE,1782610920000,1782611040000,2.37e-06,2.38e-06,27.53173730075082,target,3610719646.0,13
PEPE,1782611520000,1782611580000,2.37e-06,2.38e-06,27.538977375500362,target,3611669164.0,13
PEPE,1782613320000,1782613380000,2.37e-06,2.38e-06,27.546219348875212,target,3612618931.0,13
PEPE,1782613980000,1782614160000,2.37e-06,2.38e-06,27.55346322849973,target,3613568948.0,13
PEPE,1782614520000,1782614640000,2.37e-06,2.38e-06,27.560709014373924,target,3614519215.0,13
PEPE,1782617280000,1782617520000,2.38e-06,2.39e-06,27.522314823355266,target,3614223877.0,13
PEPE,1782618000000,1782618060000,2.37e-06,2.38e-06,27.57519429550039,target,3616418924.0,13
PEPE,1782618480000,1782618600000,2.37e-06,2.38e-06,27.582445792499232,target,3617369940.0,13
PEPE,1782619380000,1782619440000,2.38e-06,2.39e-06,27.544021327551306,target,3617074370.0,13
PEPE,1782622320000,1782622380000,2.38e-06,2.39e-06,27.551252630546227,target,3618023983.0,13
PEPE,1782622920000,1782624780000,2.38e-06,2.37e-06,-49.07328536531946,time,3618973847.0,13
PEPE,1782625680000,1782625740000,2.37e-06,2.38e-06,27.59128281674951,target,3618528894.0,13
PEPE,1782626880000,1782626940000,2.37e-06,2.38e-06,27.59853854562419,target,3619480465.0,13
PEPE,1782627840000,1782627960000,2.3600000000000003e-06,2.37e-06,27.65153222848391,target,3621680711.0,13
PEPE,1782628980000,1782629460000,2.3600000000000003e-06,2.37e-06,27.658815850515175,target,3622634689.0,13
PEPE,1782631440000,1782631500000,2.37e-06,2.38e-06,27.620341241875067,target,3622339835.0,13
PEPE,1782632700000,1782632760000,2.38e-06,2.39e-06,27.581863986285192,target,3622043859.0,13
PEPE,1782633120000,1782633180000,2.38e-06,2.39e-06,27.589105226855256,target,3622994777.0,13
PEPE,1782633900000,1782633960000,2.38e-06,2.39e-06,27.596348371175345,target,3623945945.0,13
PEPE,1782634680000,1782634740000,2.38e-06,2.39e-06,27.60359341924546,target,3624897363.0,13
PEPE,1782691320000,1782691380000,2.34e-06,2.35e-06,27.79418471371449,target,3630853653.0,13
PEPE,1782695820000,1782696960000,2.35e-06,2.36e-06,27.75563451028512,target,3630560433.0,13
PEPE,1782697440000,1782697500000,2.35e-06,2.36e-06,27.762957655784813,target,3631518333.0,13
PEPE,1782697980000,1782698160000,2.35e-06,2.36e-06,27.77028272782585,target,3632476485.0,13
PEPE,1782698700000,1782699780000,2.34e-06,2.35e-06,27.823541722920773,target,3634688664.0,13
PEPE,1782701580000,1782701700000,2.3600000000000003e-06,2.37e-06,27.739038360689406,target,3633141894.0,13
PEPE,1782702720000,1782702780000,2.38e-06,2.39e-06,27.65459092194586,target,3631594343.0,13
PEPE,1782703500000,1782703620000,2.38e-06,2.39e-06,27.66185126093474,target,3632547769.0,13
PEPE,1782703920000,1782704220000,2.39e-06,2.35e-06,-158.16631788936078,stop,3632249808.0,13
PEPE,1782706080000,1782707940000,2.37e-06,2.3600000000000003e-06,-49.158856146960176,time,3629299088.0,13
PEPE,1782708540000,1782708660000,2.35e-06,2.36e-06,27.75216304575135,target,3630106350.0,13
PEPE,1782711420000,1782711540000,2.34e-06,2.35e-06,27.805387293329723,target,3632317086.0,13
PEPE,1782712020000,1782712080000,2.35e-06,2.36e-06,27.766821545814818,target,3632023747.0,13
PEPE,1782714480000,1782714540000,2.37e-06,2.38e-06,27.68239011400052,target,3630477392.0,13
PEPE,1782715020000,1782715080000,2.35e-06,2.36e-06,27.781451461225533,target,3633937405.0,13
PEPE,1782720420000,1782720780000,2.35e-06,2.36e-06,27.788781418418345,target,3634896196.0,13
PEPE,1782723120000,1782724620000,2.34e-06,2.35e-06,27.84207588644105,target,3637109848.0,13
PEPE,1782725040000,1782725100000,2.34e-06,2.35e-06,27.849433979609852,target,3638071062.0,13
PEPE,1782726300000,1782726360000,2.34e-06,2.35e-06,27.856794024805946,target,3639032531.0,13
PEPE,1782726720000,1782726840000,2.35e-06,2.36e-06,27.818156979249842,target,3638738650.0,13
PEPE,1782728580000,1782728880000,2.3600000000000003e-06,2.37e-06,27.77951718376427,target,3638443639.0,13
PEPE,1782730080000,1782731880000,2.3600000000000003e-06,2.3200000000000002e-06,-158.31398839199937,stop,3639402032.0,13
PEPE,1782734280000,1782734340000,2.34e-06,2.35e-06,27.837010167224463,target,3636448095.0,13
PEPE,1782736080000,1782736620000,2.37e-06,2.38e-06,27.70656291187314,target,3633647595.0,13
PEPE,1782783120000,1782783180000,2.34e-06,2.35e-06,27.851689211506102,target,3638365671.0,13
PEPE,1782784440000,1782784500000,2.33e-06,2.34e-06,27.905072197905227,target,3640583457.0,13
PEPE,1782785220000,1782785280000,2.33e-06,2.34e-06,27.912459127033543,target,3641547179.0,13
PEPE,1782787440000,1782787500000,2.33e-06,2.34e-06,27.919848010739265,target,3642511156.0,13
PEPE,1782788160000,1782788220000,2.34e-06,2.35e-06,27.88117993824972,target,3642218150.0,13
PEPE,1782789180000,1782789360000,2.34e-06,2.35e-06,27.88854837332548,target,3643180715.0,13
PEPE,1782792480000,1782792780000,2.33e-06,2.34e-06,27.942002006940832,target,3645401436.0,13
PEPE,1782793440000,1782793620000,2.33e-06,2.34e-06,27.94939871660963,target,3646366434.0,13
PEPE,1782795900000,1782795960000,2.34e-06,2.35e-06,27.910689718289976,target,3646073118.0,13
PEPE,1782796920000,1782797100000,2.34e-06,2.35e-06,27.91806594615434,target,3647036701.0,13
PEPE,1782798180000,1782798300000,2.34e-06,2.35e-06,27.925444126045996,target,3648000539.0,13
PEPE,1782799020000,1782799080000,2.34e-06,2.35e-06,27.932824257961304,target,3648964632.0,13
PEPE,1782799620000,1782800100000,2.34e-06,2.35e-06,27.940206334244532,target,3649928979.0,13
PEPE,1782801540000,1782801600000,2.34e-06,2.35e-06,27.94759037020897,target,3650893582.0,13
PEPE,1782802620000,1782802740000,2.34e-06,2.35e-06,27.954976350543145,target,3651858439.0,13
PEPE,1782803220000,1782803280000,2.34e-06,2.35e-06,27.962364282904613,target,3652823551.0,13
PEPE,1782804420000,1782806280000,2.34e-06,2.3200000000000002e-06,-85.82750170730937,time,3653788919.0,13
PEPE,1782808620000,1782809640000,2.33e-06,2.34e-06,27.993239465940206,target,3652086036.0,13
PEPE,1782810120000,1782810240000,2.33e-06,2.34e-06,28.000649727330998,target,3653052802.0,13
PEPE,1782810780000,1782810840000,2.33e-06,2.34e-06,28.008061958624307,target,3654019825.0,13
PEPE,1782811320000,1782811380000,2.33e-06,2.34e-06,28.01547615215939,target,3654987104.0,13
PEPE,1782812280000,1782812340000,2.33e-06,2.34e-06,28.022892307934438,target,3655954639.0,13
PEPE,1782813360000,1782813480000,2.33e-06,2.34e-06,28.030310425951264,target,3656922430.0,13
PEPE,1782814020000,1782814140000,2.34e-06,2.35e-06,27.99148936857673,target,3656628265.0,13
PEPE,1782865140000,1782865200000,2.3200000000000002e-06,2.33e-06,28.091425612676268,target,3660120601.0,13
PEPE,1782865680000,1782865740000,2.3100000000000003e-06,2.3200000000000002e-06,28.14520370051581,target,3662355719.0,13
PEPE,1782867300000,1782867360000,2.3200000000000002e-06,2.33e-06,28.106336932699875,target,3662063444.0,13
PEPE,1782867840000,1782868380000,2.3200000000000002e-06,2.28e-06,-159.1222165948811,stop,3663034452.0,13
PEPE,1782870180000,1782870240000,2.3200000000000002e-06,2.33e-06,28.071597649274167,target,3657537153.0,13
PEPE,1782870720000,1782870780000,2.3100000000000003e-06,2.3200000000000002e-06,28.12533778338993,target,3659770694.0,13
PEPE,1782871500000,1782871620000,2.3100000000000003e-06,2.3200000000000002e-06,28.132807603390447,target,3660742694.0,13
PEPE,1782874320000,1782874500000,2.3200000000000002e-06,2.33e-06,28.09395795590077,target,3660450548.0,13
PEPE,1782876600000,1782876780000,2.3100000000000003e-06,2.3200000000000002e-06,28.147740895579645,target,3662685868.0,13
PEPE,1782879720000,1782880200000,2.34e-06,2.35e-06,28.016274497923963,target,3659866035.0,13
PEPE,1782880620000,1782880980000,2.33e-06,2.34e-06,28.06997294545514,target,3662096927.0,13
PEPE,1782882600000,1782882660000,2.33e-06,2.34e-06,28.077403526761824,target,3663066344.0,13
PEPE,1782883620000,1782883980000,2.33e-06,2.34e-06,28.084836070304828,target,3664036017.0,13
PEPE,1782884880000,1782885060000,2.33e-06,2.34e-06,28.092270583753983,target,3665005947.0,13
PEPE,1782885420000,1782885480000,2.33e-06,2.34e-06,28.099707067109293,target,3665976134.0,13
PEPE,1782886320000,1782886440000,2.3200000000000002e-06,2.33e-06,28.153533155576888,target,3668212789.0,13
PEPE,1782893880000,1782895500000,2.2700000000000003e-06,2.28e-06,28.393479315674902,target,3675531303.0,13
PEPE,1782896520000,1782896580000,2.28e-06,2.29e-06,28.354497106470184,target,3675242658.0,13
PEPE,1782897120000,1782897180000,2.28e-06,2.29e-06,28.362065027709356,target,3676223594.0,13
PEPE,1782897720000,1782897780000,2.28e-06,2.29e-06,28.369634970280373,target,3677204792.0,13
PEPE,1782903120000,1782904380000,2.28e-06,2.29e-06,28.377206934179593,target,3678186252.0,13
PEPE,1782905220000,1782907080000,2.2700000000000003e-06,2.25e-06,-86.06710347777245,time,3680440602.0,13
PEPE,1782907620000,1782907740000,2.25e-06,2.26e-06,28.50166103060181,target,3680007880.0,13
PEPE,1782909540000,1782909600000,2.25e-06,2.26e-06,28.50930574059622,target,3680994931.0,13
PEPE,1782952020000,1782953880000,2.3200000000000002e-06,2.31e-06,-49.47642031863111,time,3673082429.0,13
PEPE,1782954420000,1782954600000,2.3200000000000002e-06,2.33e-06,28.177788803450856,target,3671373134.0,13
PEPE,1782956340000,1782956460000,2.34e-06,2.35e-06,28.092412467549615,target,3669812210.0,13
PEPE,1782958020000,1782958200000,2.34e-06,2.35e-06,28.099836722886902,target,3670782067.0,13
PEPE,1782958620000,1782958800000,2.34e-06,2.35e-06,28.107262945555682,target,3671752181.0,13
PEPE,1782960660000,1782960900000,2.35e-06,2.36e-06,28.068278497764204,target,3671455657.0,13
PEPE,1782961500000,1782961620000,2.34e-06,2.35e-06,28.122108998971648,target,3673691574.0,13
PEPE,1782961980000,1782962040000,2.34e-06,2.35e-06,28.129541108334337,target,3674662457.0,13
PEPE,1782963420000,1782963480000,2.3600000000000003e-06,2.37e-06,28.044108391260902,target,3673098676.0,13
PEPE,1782965340000,1782965460000,2.38e-06,2.39e-06,27.958732209575697,target,3671534105.0,13
PEPE,1782967680000,1782967740000,2.38e-06,2.39e-06,27.966072399454603,target,3672498017.0,13
PEPE,1782968820000,1782968940000,2.37e-06,2.38e-06,28.0198044769993,target,3674728456.0,13
PEPE,1782969420000,1782969660000,2.38e-06,2.39e-06,27.980770727770935,target,3674428198.0,13
PEPE,1782970200000,1782972060000,2.38e-06,2.3600000000000003e-06,-86.55550206494944,time,3675392869.0,13
PEPE,1782975720000,1782975780000,2.3600000000000003e-06,2.37e-06,28.058178031830572,target,3674941458.0,13
PEPE,1782976320000,1782976560000,2.3600000000000003e-06,2.37e-06,28.06556876527353,target,3675909465.0,13
PEPE,1782976980000,1782977040000,2.3600000000000003e-06,2.37e-06,28.072961453280197,target,3676877728.0,13
PEPE,1782979320000,1782979440000,2.37e-06,2.38e-06,28.033910749874845,target,3676578459.0,13
PEPE,1782979920000,1782980580000,2.38e-06,2.39e-06,27.9948573583656,target,3676278051.0,13
PEPE,1782982620000,1782982680000,2.39e-06,2.4e-06,27.955801305316136,target,3675976503.0,13
PEPE,1782983220000,1782983280000,2.39e-06,2.4e-06,27.96312855550419,target,3676939981.0,13
PEPE,1782983820000,1782984000000,2.38e-06,2.39e-06,28.01688778181536,target,3679171081.0,13
PEPE,1782986340000,1782986880000,2.4100000000000002e-06,2.42e-06,27.88501244352068,target,3676336512.0,13
PEPE,1782987420000,1782987660000,2.4100000000000002e-06,2.42e-06,27.89229690306528,target,3677296889.0,13
PEPE,1783036920000,1783037040000,2.4400000000000004e-06,2.4500000000000003e-06,25.993045041698966,target,3440508940.0,14
PEPE,1783037520000,1783037580000,2.43e-06,2.44e-06,26.043171161856392,target,3442587067.0,14
PEPE,1783038480000,1783038600000,2.43e-06,2.44e-06,26.04995186048071,target,3443483392.0,14
PEPE,1783039560000,1783039680000,2.43e-06,2.44e-06,26.05673433688154,target,3444379952.0,14
PEPE,1783041480000,1783041540000,2.4400000000000004e-06,2.4500000000000003e-06,26.02011495423057,target,3444091986.0,14
PEPE,1783044000000,1783044060000,2.46e-06,2.47e-06,25.940138098270275,target,3442619522.0,14
PEPE,1783045620000,1783047360000,2.46e-06,2.47e-06,25.946858255834883,target,3443511381.0,14
PEPE,1783047780000,1783047840000,2.47e-06,2.48e-06,25.910232260849078,target,3443220234.0,14
PEPE,1783048380000,1783048500000,2.4500000000000003e-06,2.46e-06,26.003681489700273,target,3446478660.0,14
PEPE,1783049100000,1783049220000,2.46e-06,2.47e-06,25.967029194645725,target,3446188347.0,14
PEPE,1783050120000,1783050540000,2.46e-06,2.47e-06,25.97375632208355,target,3447081131.0,14
PEPE,1783051080000,1783051140000,2.46e-06,2.47e-06,25.980485190110294,target,3447974146.0,14
PEPE,1783051620000,1783053480000,2.46e-06,2.4500000000000003e-06,-47.18050593624051,time,3448867393.0,14
PEPE,1783054020000,1783054080000,2.46e-06,2.47e-06,25.974993026564867,target,3447245259.0,14
PEPE,1783054860000,1783054920000,2.4500000000000003e-06,2.46e-06,26.025146946794255,target,3449323651.0,14
PEPE,1783055280000,1783055340000,2.46e-06,2.47e-06,25.9884644009655,target,3449033099.0,14
PEPE,1783056240000,1783056300000,2.4500000000000003e-06,2.46e-06,26.038644333105577,target,3451112569.0,14
PEPE,1783057440000,1783058700000,2.47e-06,2.48e-06,25.95851409060041,target,3449636424.0,14
PEPE,1783059180000,1783059240000,2.47e-06,2.48e-06,25.965227775201015,target,3450528608.0,14
PEPE,1783059720000,1783059780000,2.47e-06,2.48e-06,25.971943205598464,target,3451421024.0,14
PEPE,1783060320000,1783060380000,2.47e-06,2.48e-06,25.978660366749526,target,3452313670.0,14
PEPE,1783061340000,1783061400000,2.47e-06,2.48e-06,25.98537926617582,target,3453206547.0,14
PEPE,1783061880000,1783061940000,2.47e-06,2.48e-06,25.992099903875516,target,3454099655.0,14
PEPE,1783063020000,1783063140000,2.47e-06,2.48e-06,25.99882227985044,target,3454992994.0,14
PEPE,1783124520000,1783124700000,2.79e-06,2.8e-06,24.62892221707444,target,3418309815.0,14
PEPE,1783125180000,1783125780000,2.8000000000000003e-06,2.7600000000000003e-06,-150.93824864448004,stop,3417985703.0,14
PEPE,1783131480000,1783132140000,2.77e-06,2.78e-06,24.68303831467419,target,3416337483.0,14
PEPE,1783133220000,1783133460000,2.8000000000000003e-06,2.7600000000000003e-06,-150.7487711558404,stop,3413694999.0,14
PEPE,1783133820000,1783134060000,2.78e-06,2.79e-06,24.609564683338768,target,3410889076.0,14
PEPE,1783136580000,1783136760000,2.83e-06,2.84e-06,24.40354227347936,target,3405937512.0,14
PEPE,1783137780000,1783137840000,2.81e-06,2.82e-06,24.494236926000113,target,3409079600.0,14
PEPE,1783138380000,1783138560000,2.8500000000000002e-06,2.81e-06,-150.63285107007178,stop,3405286562.0,14
PEPE,1783139340000,1783139640000,2.81e-06,2.82e-06,24.463447146090225,target,3404794314.0,14
PEPE,1783141560000,1783141620000,2.82e-06,2.83e-06,24.427067873249527,target,3404469390.0,14
PEPE,1783142220000,1783142700000,2.81e-06,2.77e-06,-150.48016124302558,stop,3406455263.0,14
PEPE,1783150020000,1783151880000,2.74e-06,2.73e-06,-48.07320233340053,time,3409446974.0,14
PEPE,1783152420000,1783152480000,2.7200000000000002e-06,2.73e-06,24.808705185676153,target,3410131297.0,14
PEPE,1783153020000,1783153320000,2.7200000000000002e-06,2.73e-06,24.81485550704932,target,3410976702.0,14
PEPE,1783154280000,1783154340000,2.7200000000000002e-06,2.73e-06,24.821007356174842,target,3411822317.0,14
PEPE,1783154820000,1783154880000,2.7200000000000002e-06,2.73e-06,24.8271607330509,target,3412668142.0,14
PEPE,1783155420000,1783155480000,2.7200000000000002e-06,2.73e-06,24.833315637673856,target,3413514177.0,14
PEPE,1783156920000,1783158540000,2.7200000000000002e-06,2.68e-06,-150.3684329408392,stop,3414360421.0,14
PEPE,1783162020000,1783162200000,2.68e-06,2.69e-06,24.972586272479635,target,3413887392.0,14
PEPE,1783162920000,1783163220000,2.68e-06,2.69e-06,24.97881976436015,target,3414739544.0,14
PEPE,1783164120000,1783164180000,2.68e-06,2.69e-06,24.98505480701893,target,3415591908.0,14
PEPE,1783164720000,1783164780000,2.68e-06,2.69e-06,24.991291400459616,target,3416444484.0,14
PEPE,1783165380000,1783165440000,2.7e-06,2.71e-06,24.912190305260644,target,3414967828.0,14
PEPE,1783166520000,1783166580000,2.7e-06,2.71e-06,24.91838748071012,target,3415817338.0,14
PEPE,1783212420000,1783212480000,2.7200000000000002e-06,2.73e-06,24.839320815524072,target,3414339631.0,14
PEPE,1783214280000,1783214340000,2.7200000000000002e-06,2.73e-06,24.845478732001464,target,3415186080.0,14
PEPE,1783214820000,1783214880000,2.7200000000000002e-06,2.73e-06,24.851638168949194,target,3416032738.0,14
PEPE,1783216020000,1783216080000,2.7200000000000002e-06,2.73e-06,24.85779914092402,target,3416879607.0,14
PEPE,1783217220000,1783219080000,2.7200000000000002e-06,2.7e-06,-82.23050406516047,time,3417726686.0,14
PEPE,1783219920000,1783220160000,2.7e-06,2.71e-06,24.928855871363986,target,3417252347.0,14
PEPE,1783221120000,1783221180000,2.7100000000000003e-06,2.7200000000000002e-06,24.892392062410956,target,3416937826.0,14
PEPE,1783221780000,1783221900000,2.7e-06,2.71e-06,24.941249456289935,target,3418951262.0,14
PEPE,1783223820000,1783224360000,2.7e-06,2.71e-06,24.947453868379597,target,3419801764.0,14
PEPE,1783228680000,1783228740000,2.7e-06,2.71e-06,24.953659819714563,target,3420652477.0,14
PEPE,1783229400000,1783229460000,2.7e-06,2.71e-06,24.959867317590497,target,3421503402.0,14
PEPE,1783235520000,1783235640000,2.66e-06,2.67e-06,25.13724080782579,target,3427026695.0,14
PEPE,1783236420000,1783236540000,2.66e-06,2.67e-06,25.143536841750116,target,3427885050.0,14
PEPE,1783239060000,1783239240000,2.6700000000000003e-06,2.68e-06,25.10697808500109,target,3427573800.0,14
PEPE,1783241580000,1783241640000,2.6700000000000003e-06,2.68e-06,25.113255822425828,target,3428430829.0,14
PEPE,1783242120000,1783242600000,2.6700000000000003e-06,2.68e-06,25.119535134724934,target,3429288073.0,14
PEPE,1783243080000,1783243140000,2.6700000000000003e-06,2.68e-06,25.125816014575012,target,3430145531.0,14
PEPE,1783243620000,1783244220000,2.6700000000000003e-06,2.68e-06,25.132098469301273,target,3431003204.0,14
PEPE,1783249680000,1783249740000,2.65e-06,2.66e-06,25.22423174401064,target,3434204458.0,14
PEPE,1783254060000,1783254120000,2.65e-06,2.66e-06,25.230560335564846,target,3435066077.0,14
PEPE,1783255020000,1783255080000,2.6700000000000003e-06,2.68e-06,25.150998185250355,target,3433583370.0,14
PEPE,1783255860000,1783255920000,2.66e-06,2.67e-06,25.200229181446957,target,3435614067.0,14
PEPE,1783257180000,1783259040000,2.68e-06,2.66e-06,-82.41913094400122,time,3434130456.0,14
PEPE,1783259520000,1783259580000,2.68e-06,2.69e-06,25.10009138945091,target,3431318030.0,14
PEPE,1783299300000,1783299360000,2.7600000000000003e-06,2.77e-06,24.76421326527188,target,3422835282.0,14
PEPE,1783299900000,1783299960000,2.7600000000000003e-06,2.77e-06,24.77031049640526,target,3423678023.0,14
PEPE,1783300320000,1783300380000,2.7600000000000003e-06,2.77e-06,24.77640923241966,target,3424520972.0,14
PEPE,1783301820000,1783301940000,2.7600000000000003e-06,2.77e-06,24.782509466080352,target,3425364128.0,14
PEPE,1783305720000,1783306080000,2.74e-06,2.75e-06,24.8740564811608,target,3428539832.0,14
PEPE,1783306920000,1783306980000,2.74e-06,2.75e-06,24.880201872439088,target,3429386888.0,14
PEPE,1783307520000,1783307580000,2.74e-06,2.75e-06,24.886348780014973,target,3430234153.0,14
PEPE,1783308240000,1783308300000,2.73e-06,2.74e-06,24.93529518930975,target,3432249854.0,14
PEPE,1783313280000,1783313400000,2.7100000000000003e-06,2.7200000000000002e-06,25.0271709586419,target,3435438704.0,14
PEPE,1783313880000,1783314540000,2.7100000000000003e-06,2.6700000000000003e-06,-151.28274847612434,stop,3436291845.0,14
PEPE,1783318320000,1783318440000,2.68e-06,2.69e-06,25.12443213241497,target,3434645541.0,14
PEPE,1783319520000,1783319580000,2.68e-06,2.69e-06,25.130703523309457,target,3435502874.0,14
PEPE,1783320480000,1783320540000,2.68e-06,2.69e-06,25.1369764723006,target,3436360420.0,14
PEPE,1783321380000,1783321500000,2.68e-06,2.69e-06,25.143250994014263,target,3437218181.0,14
PEPE,1783323780000,1783323900000,2.7e-06,2.71e-06,25.06366892306974,target,3435732546.0,14
PEPE,1783324320000,1783324500000,2.7e-06,2.71e-06,25.06990378448898,target,3436587222.0,14
PEPE,1783324920000,1783325040000,2.7e-06,2.71e-06,25.07614019974302,target,3437442111.0,14
PEPE,1783326480000,1783328340000,2.7e-06,2.68e-06,-82.62228200435868,time,3438297212.0,14
PEPE,1783329000000,1783329060000,2.69e-06,2.7e-06,25.104736248974966,target,3436651095.0,14
PEPE,1783329600000,1783329660000,2.69e-06,2.7e-06,25.11099201721486,target,3437507463.0,14
PEPE,1783330020000,1783331880000,2.69e-06,2.6700000000000003e-06,-82.57231254067297,time,3438364045.0,14
PEPE,1783332540000,1783332600000,2.69e-06,2.7e-06,25.09667341366361,target,3435547353.0,14
PEPE,1783333020000,1783333080000,2.69e-06,2.7e-06,25.10292717302967,target,3436403446.0,14
PEPE,1783334940000,1783335000000,2.7e-06,2.71e-06,25.06626360867073,target,3436088226.0,14
PEPE,1783382580000,1783382700000,2.73e-06,2.74e-06,24.943885833859653,target,3433432324.0,14
PEPE,1783384860000,1783384920000,2.73e-06,2.74e-06,24.950059071454646,target,3434282047.0,14
PEPE,1783386720000,1783388580000,2.7200000000000002e-06,2.7e-06,-82.67742573504123,time,3436301984.0,14
PEPE,1783390140000,1783390200000,2.7100000000000003e-06,2.7200000000000002e-06,25.02145751526453,target,3434654429.0,14
PEPE,1783395600000,1783397460000,2.68e-06,2.6700000000000003e-06,-48.18070606559863,time,3439022560.0,14
PEPE,1783397880000,1783397940000,2.6700000000000003e-06,2.68e-06,25.187387781725512,target,3438551233.0,14
PEPE,1783398720000,1783398780000,2.6700000000000003e-06,2.68e-06,25.19368563359995,target,3439411008.0,14
PEPE,1783399380000,1783399980000,2.6700000000000003e-06,2.68e-06,25.19998505302536,target,3440270997.0,14
PEPE,1783400520000,1783400580000,2.6700000000000003e-06,2.68e-06,25.206286047325136,target,3441131201.0,14
PEPE,1783401840000,1783401900000,2.66e-06,2.67e-06,25.255625257934952,target,3443166361.0,14
PEPE,1783403220000,1783403280000,2.68e-06,2.69e-06,25.175885469350348,target,3441679490.0,14
PEPE,1783403940000,1783404060000,2.69e-06,2.7e-06,25.139170243860974,target,3441364852.0,14
PEPE,1783404480000,1783404540000,2.68e-06,2.69e-06,25.18844476841046,target,3443396414.0,14
PEPE,1783405020000,1783405080000,2.68e-06,2.69e-06,25.19473213526628,target,3444255931.0,14
PEPE,1783405680000,1783405860000,2.69e-06,2.7e-06,25.157989428688676,target,3443941058.0,14
PEPE,1783406220000,1783406280000,2.7e-06,2.71e-06,25.121245440070275,target,3443625146.0,14
PEPE,1783406940000,1783407000000,2.7e-06,2.71e-06,25.12749462886948,target,3444481786.0,14
PEPE,1783407420000,1783407480000,2.7100000000000003e-06,2.7200000000000002e-06,25.090740262029286,target,3444164758.0,14
PEPE,1783413000000,1783413060000,2.68e-06,2.69e-06,25.2261065579603,target,3448544984.0,14
PEPE,1783413900000,1783414020000,2.68e-06,2.69e-06,25.232403324590223,target,3449405786.0,14
PEPE,1783417080000,1783417140000,2.69e-06,2.7e-06,25.19560568611607,target,3449090443.0,14
PEPE,1783418940000,1783419000000,2.7e-06,2.71e-06,25.158806760406435,target,3448774059.0,14
PEPE,1783421280000,1783421340000,2.7e-06,2.71e-06,25.16506528680576,target,3449631979.0,14
PEPE,1783423920000,1783424100000,2.69e-06,2.7e-06,25.214424147751302,target,3451666550.0,14
PEPE,1783469880000,1783470060000,2.66e-06,2.67e-06,25.35021235678564,target,3456061671.0,14
PEPE,1783470660000,1783470720000,2.6700000000000003e-06,2.68e-06,25.313353089149174,target,3455747862.0,14
PEPE,1783471200000,1783471320000,2.6700000000000003e-06,2.68e-06,25.319682431202047,target,3456611936.0,14
PEPE,1783472220000,1783472280000,2.6700000000000003e-06,2.68e-06,25.32601335544903,target,3457476226.0,14
PEPE,1783479720000,1783479780000,2.61e-06,2.62e-06,25.592235739525876,target,3465434765.0,14
PEPE,1783480380000,1783480440000,2.6200000000000003e-06,2.6300000000000002e-06,25.555300503500153,target,3465125492.0,14
PEPE,1783480920000,1783481040000,2.6200000000000003e-06,2.6300000000000002e-06,25.561744955499837,target,3465999316.0,14
PEPE,1783481580000,1783481820000,2.6200000000000003e-06,2.6300000000000002e-06,25.56819103000055,target,3466873360.0,14
PEPE,1783483980000,1783484040000,2.61e-06,2.62e-06,25.618071526914314,target,3468933179.0,14
PEPE,1783484520000,1783484640000,2.61e-06,2.62e-06,25.62454277348011,target,3469809448.0,14
PEPE,1783485240000,1783485300000,2.61e-06,2.62e-06,25.631015659516052,target,3470685939.0,14
PEPE,1783485720000,1783485780000,2.61e-06,2.62e-06,25.637490177636003,target,3471562651.0,14
PEPE,1783486680000,1783486800000,2.61e-06,2.62e-06,25.6439663352261,target,3472439585.0,14
PEPE,1783487640000,1783487760000,2.6200000000000003e-06,2.6300000000000002e-06,25.606956441625158,target,3472129687.0,14
PEPE,1783488180000,1783488240000,2.61e-06,2.62e-06,25.656912565165367,target,3474192629.0,14
PEPE,1783488780000,1783488900000,2.61e-06,2.62e-06,25.663393626397273,target,3475070227.0,14
PEPE,1783490340000,1783490820000,2.61e-06,2.62e-06,25.66987632709568,target,3475948047.0,14
PEPE,1783495200000,1783495260000,2.6e-06,2.61e-06,25.71992205643618,target,3478015153.0,14
PEPE,1783495680000,1783495740000,2.61e-06,2.62e-06,25.68285763578566,target,3477705841.0,14
PEPE,1783496220000,1783496280000,2.6200000000000003e-06,2.6300000000000002e-06,25.645791620750412,target,3477395474.0,14
PEPE,1783498260000,1783498320000,2.6200000000000003e-06,2.6300000000000002e-06,25.65225888362646,target,3478272391.0,14
PEPE,1783498620000,1783498980000,2.61e-06,2.57e-06,-152.69987287912576,stop,3480338983.0,14
PEPE,1783503120000,1783503180000,2.56e-06,2.57e-06,25.881728721174923,target,3481066405.0,14
PEPE,1783506120000,1783506360000,2.57e-06,2.58e-06,25.84465167239849,target,3480761168.0,14
PEPE,1783555320000,1783557180000,2.6e-06,2.5800000000000003e-06,-83.0564132571579,time,3478074257.0,14
PEPE,1783558320000,1783558560000,2.5800000000000003e-06,2.59e-06,25.78648554275486,target,3477610997.0,14
PEPE,1783560420000,1783560540000,2.6e-06,2.61e-06,25.705867925490445,target,3476114662.0,14
PEPE,1783561140000,1783561200000,2.59e-06,2.6e-06,25.755950772418778,target,3478183764.0,14
PEPE,1783563120000,1783563240000,2.59e-06,2.6e-06,25.762478938964826,target,3479065353.0,14
PEPE,1783564140000,1783566000000,2.59e-06,2.56e-06,-117.81361127107529,time,3479947165.0,14
PEPE,1783566420000,1783566480000,2.57e-06,2.58e-06,25.82633685555075,target,3478294526.0,14
PEPE,1783568340000,1783568400000,2.5800000000000003e-06,2.59e-06,25.789284319674145,target,3477988445.0,14
PEPE,1783569420000,1783569480000,2.5800000000000003e-06,2.59e-06,25.795831994542525,target,3478871476.0,14
PEPE,1783574340000,1783574460000,2.6e-06,2.61e-06,25.71518515960504,target,3477374599.0,14
PEPE,1783574880000,1783574940000,2.6e-06,2.61e-06,25.721691960945307,target,3478254491.0,14
PEPE,1783575480000,1783575540000,2.6e-06,2.61e-06,25.728200403975308,target,3479134605.0,14
PEPE,1783577460000,1783577520000,2.6200000000000003e-06,2.6300000000000002e-06,25.64756741012464,target,3477636259.0,14
PEPE,1783580820000,1783580880000,2.6200000000000003e-06,2.6300000000000002e-06,25.654035122874987,target,3478513237.0,14
PEPE,1783583340000,1783583400000,2.6200000000000003e-06,2.6300000000000002e-06,25.660504472875896,target,3479390437.0,14
PEPE,1783585920000,1783586040000,2.6200000000000003e-06,2.6300000000000002e-06,25.66697545274987,target,3480267858.0,14
PEPE,1783586520000,1783586580000,2.6200000000000003e-06,2.6300000000000002e-06,25.673448062500547,target,3481145500.0,14
PEPE,1783587120000,1783587180000,2.6200000000000003e-06,2.6300000000000002e-06,25.679922302126112,target,3482023363.0,14
PEPE,1783588080000,1783589940000,2.6200000000000003e-06,2.6e-06,-83.27617362168054,time,3482901448.0,14
PEPE,1783591200000,1783591320000,2.6200000000000003e-06,2.6300000000000002e-06,25.665397873876458,target,3480053949.0,14
PEPE,1783591620000,1783591740000,2.6200000000000003e-06,2.6300000000000002e-06,25.671870092750954,target,3480931538.0,14
PEPE,1783593120000,1783593360000,2.6200000000000003e-06,2.6300000000000002e-06,25.678343934124662,target,3481809347.0,14
PEPE,1783594620000,1783594680000,2.61e-06,2.62e-06,25.72843932540021,target,3483878040.0,14
PEPE,1783595820000,1783595880000,2.61e-06,2.62e-06,25.734938457727072,target,3484758085.0,14
PEPE,1783641780000,1783641840000,2.6e-06,2.61e-06,25.78511102985008,target,3486830430.0,14
PEPE,1783642320000,1783642380000,2.6e-06,2.61e-06,25.791635527426376,target,3487712715.0,14
PEPE,1783642980000,1783643220000,2.6e-06,2.61e-06,25.79816167408717,target,3488595223.0,14
PEPE,1783644300000,1783644360000,2.6e-06,2.61e-06,25.804689469830638,target,3489477954.0,14
PEPE,1783644780000,1783644840000,2.6e-06,2.61e-06,25.811218922055193,target,3490360909.0,14
PEPE,1783645380000,1783645800000,2.61e-06,2.62e-06,25.774022935116054,target,3490050499.0,14
PEPE,1783646820000,1783646880000,2.6200000000000003e-06,2.6300000000000002e-06,25.736825346250725,target,3489739030.0,14
PEPE,1783649880000,1783649940000,2.64e-06,2.65e-06,25.65596664509022,target,3488234758.0,14
PEPE,1783651920000,1783652100000,2.65e-06,2.66e-06,25.618773832275714,target,3487920195.0,14
PEPE,1783652520000,1783652580000,2.65e-06,2.66e-06,25.62520141239414,target,3488795291.0,14
PEPE,1783657800000,1783657920000,2.65e-06,2.66e-06,25.631630615761885,target,3489670608.0,14
PEPE,1783658220000,1783658280000,2.66e-06,2.67e-06,25.594417685385686,target,3489354831.0,14
PEPE,1783660080000,1783660140000,2.66e-06,2.67e-06,25.600828225996167,target,3490228797.0,14
PEPE,1783660680000,1783660800000,2.66e-06,2.67e-06,25.60724037297006,target,3491102982.0,14
PEPE,1783661220000,1783661280000,2.66e-06,2.67e-06,25.61365413364485,target,3491977387.0,14
PEPE,1783661940000,1783662000000,2.6700000000000003e-06,2.68e-06,25.57641182202434,target,3491660317.0,14
PEPE,1783662540000,1783662600000,2.66e-06,2.67e-06,25.626475522934665,target,3493725361.0,14
PEPE,1783663140000,1783663200000,2.66e-06,2.67e-06,25.632894095369476,target,3494600422.0,14
PEPE,1783664340000,1783666200000,2.66e-06,2.64e-06,-83.78655260090981,time,3495475703.0,14
PEPE,1783667580000,1783667640000,2.64e-06,2.65e-06,25.705727419794396,target,3495000329.0,14
PEPE,1783668120000,1783668240000,2.64e-06,2.65e-06,25.71218780907907,target,3495878696.0,14
PEPE,1783668720000,1783668780000,2.65e-06,2.66e-06,25.674913496178846,target,3495563444.0,14
PEPE,1783670340000,1783670580000,2.64e-06,2.65e-06,25.725102468289442,target,3497634598.0,14
PEPE,1783671720000,1783671900000,2.66e-06,2.67e-06,25.644081004605194,target,3496125563.0,14
PEPE,1783732380000,1783732500000,2.78e-06,2.79e-06,25.12795073060994,target,3482737454.0,14
PEPE,1783732920000,1783732980000,2.79e-06,2.8e-06,25.09075183031944,target,3482408304.0,14
PEPE,1783733700000,1783733760000,2.79e-06,2.8e-06,25.09689758004104,target,3483261288.0,14
PEPE,1783734480000,1783734540000,2.78e-06,2.79e-06,25.14643045960522,target,3485298747.0,14
PEPE,1783735920000,1783735980000,2.78e-06,2.79e-06,25.152600489510277,target,3486153914.0,14
PEPE,1783738020000,1783738080000,2.77e-06,2.78e-06,25.202208477623483,target,3488194945.0,14
PEPE,1783738620000,1783738680000,2.77e-06,2.78e-06,25.208402867500347,target,3489052300.0,14
PEPE,1783739220000,1783739340000,2.77e-06,2.78e-06,25.214598774624505,target,3489909865.0,14
PEPE,1783740720000,1783740780000,2.7600000000000003e-06,2.77e-06,25.26429426582929,target,3491954978.0,14
PEPE,1783741620000,1783741680000,2.7600000000000003e-06,2.77e-06,25.270514622195655,target,3492814737.0,14
PEPE,1783743540000,1783743600000,2.77e-06,2.78e-06,25.23321704330085,target,3492486788.0,14
PEPE,1783744080000,1783744140000,2.77e-06,2.78e-06,25.23941904832585,target,3493345197.0,14
PEPE,1783744740000,1783744800000,2.77e-06,2.78e-06,25.245622585050334,target,3494203818.0,14
PEPE,1783747620000,1783747680000,2.7600000000000003e-06,2.77e-06,25.295379219044545,target,3496251447.0,14
PEPE,1783748880000,1783749300000,2.7500000000000004e-06,2.7600000000000003e-06,25.345199170936127,target,3498302163.0,14
PEPE,1783750620000,1783750860000,2.7600000000000003e-06,2.77e-06,25.307847511595764,target,3497974777.0,14
PEPE,1783751220000,1783751340000,2.7600000000000003e-06,2.77e-06,25.314078590230547,target,3498836018.0,14
PEPE,1783754460000,1783754520000,2.7500000000000004e-06,2.7600000000000003e-06,25.36393537125092,target,3500888250.0,14
PEPE,1783755000000,1783755480000,2.7500000000000004e-06,2.7600000000000003e-06,25.370191023030387,target,3501751694.0,14
PEPE,1783756020000,1783756140000,2.7500000000000004e-06,2.7600000000000003e-06,25.376448217995474,target,3502615351.0,14
PEPE,1783756620000,1783756680000,2.7500000000000004e-06,2.7600000000000003e-06,25.38270695614436,target,3503479221.0,14
PEPE,1783757880000,1783758000000,2.7500000000000004e-06,2.7600000000000003e-06,25.388967237480685,target,3504343304.0,14
PEPE,1783758420000,1783758480000,2.7500000000000004e-06,2.7600000000000003e-06,25.39522906200081,target,3505207600.0,14
PEPE,1783759140000,1783759200000,2.7600000000000003e-06,2.77e-06,25.357803674480852,target,3504879568.0,14
PEPE,1783818480000,1783818540000,2.69e-06,2.7e-06,25.670569437285682,target,3514109437.0,14
PEPE,1783820040000,1783820100000,2.7100000000000003e-06,2.7200000000000002e-06,25.58921732679444,target,3512589887.0,14
PEPE,1783821180000,1783821300000,2.7200000000000002e-06,2.73e-06,25.55173154160096,target,3512265504.0,14
PEPE,1783821780000,1783822200000,2.7200000000000002e-06,2.73e-06,25.55806607324962,target,3513136230.0,14
PEPE,1783824660000,1783824780000,2.7100000000000003e-06,2.7200000000000002e-06,25.608264403681538,target,3515204448.0,14
PEPE,1783826520000,1783826580000,2.7200000000000002e-06,2.73e-06,25.570750712324028,target,3514879823.0,14
PEPE,1783827900000,1783828020000,2.73e-06,2.74e-06,25.533235841629885,target,3514554142.0,14
PEPE,1783828320000,1783828380000,2.73e-06,2.74e-06,25.539554931364293,target,3515423941.0,14
PEPE,1783829580000,1783829640000,2.73e-06,2.74e-06,25.545875590340856,target,3516293956.0,14
PEPE,1783830540000,1783832400000,2.73e-06,2.71e-06,-84.67572775387593,time,3517164185.0,14
PEPE,1783834320000,1783834380000,2.7100000000000003e-06,2.7200000000000002e-06,25.61897310599015,target,3516674414.0,14
PEPE,1783835280000,1783835340000,2.7100000000000003e-06,2.7200000000000002e-06,25.62533520576524,target,3517547729.0,14
PEPE,1783835880000,1783835940000,2.7200000000000002e-06,2.73e-06,25.58779651020195,target,3517222888.0,14
PEPE,1783840080000,1783840140000,2.7e-06,2.71e-06,25.681996427704618,target,3520492999.0,14
PEPE,1783841400000,1783841520000,2.7e-06,2.71e-06,25.68838510419968,target,3521368760.0,14
PEPE,1783842660000,1783842720000,2.69e-06,2.7e-06,25.738770407504273,target,3523445641.0,14
PEPE,1783843200000,1783843380000,2.7e-06,2.71e-06,25.701178177914677,target,3523122437.0,14
PEPE,1783844520000,1783844580000,2.7100000000000003e-06,2.7200000000000002e-06,25.663584675734434,target,3522798171.0,14
PEPE,1783845180000,1783845240000,2.7100000000000003e-06,2.7200000000000002e-06,25.66995784870924,target,3523673006.0,14
PEPE,1783846680000,1783846740000,2.7100000000000003e-06,2.7200000000000002e-06,25.676332609815745,target,3524548059.0,14
PEPE,1783847340000,1783847400000,2.7100000000000003e-06,2.7200000000000002e-06,25.682708951765097,target,3525423329.0,14
PEPE,1783848720000,1783848840000,2.7100000000000003e-06,2.7200000000000002e-06,25.68908687456094,target,3526298816.0,14
PEPE,1783849440000,1783849500000,2.7200000000000002e-06,2.73e-06,25.651454789924145,target,3525973167.0,14
PEPE,1783849980000,1783850040000,2.7200000000000002e-06,2.73e-06,25.657814042025247,target,3526847291.0,14
PEPE,1783900920000,1783900980000,2.7600000000000003e-06,2.77e-06,25.48834074235007,target,3522922010.0,14
PEPE,1783902240000,1783902360000,2.79e-06,2.8e-06,25.36302194998032,target,3520197356.0,14
PEPE,1783902960000,1783903020000,2.78e-06,2.79e-06,25.41308007030043,target,3522256420.0,14
PEPE,1783905000000,1783905180000,2.77e-06,2.78e-06,25.463201798302237,target,3524318588.0,14
PEPE,1783907040000,1783907100000,2.7600000000000003e-06,2.77e-06,25.513387256039884,target,3526383864.0,14
PEPE,1783907580000,1783908540000,2.7600000000000003e-06,2.7200000000000002e-06,-155.55181760999884,stop,3527252100.0,14
PEPE,1783909200000,1783909800000,2.7600000000000003e-06,2.77e-06,25.481370304594254,target,3521958577.0,14
PEPE,1783910280000,1783910340000,2.7600000000000003e-06,2.77e-06,25.487644113140377,target,3522825724.0,14
PEPE,1783911780000,1783912200000,2.7500000000000004e-06,2.7100000000000003e-06,-155.39486501029518,stop,3524892027.0,14
PEPE,1783916580000,1783916640000,2.73e-06,2.74e-06,25.587321122170056,target,3521998778.0,14
PEPE,1783917240000,1783917300000,2.73e-06,2.74e-06,25.59365359403573,target,3522870419.0,14
PEPE,1783917840000,1783917900000,2.73e-06,2.74e-06,25.59998764240602,target,3523742277.0,14
PEPE,1783918440000,1783918500000,2.73e-06,2.74e-06,25.606323252748716,target,3524614350.0,14
PEPE,1783920480000,1783920540000,2.73e-06,2.74e-06,25.61266043233539,target,3525486639.0,14
PEPE,1783922580000,1783922700000,2.7200000000000002e-06,2.73e-06,25.663000593223884,target,3527560219.0,14
PEPE,1783924500000,1783924560000,2.7200000000000002e-06,2.73e-06,25.669362711675472,target,3528434737.0,14
PEPE,1783925040000,1783925160000,2.7200000000000002e-06,2.73e-06,25.675726401524233,target,3529309471.0,14
PEPE,1783926120000,1783926180000,2.7200000000000002e-06,2.73e-06,25.682091670052188,target,3530184422.0,14
PEPE,1783927680000,1783927740000,2.7200000000000002e-06,2.73e-06,25.68845851725024,target,3531059590.0,14
PEPE,1783929600000,1783929660000,2.7200000000000002e-06,2.73e-06,25.694826943125662,target,3531934975.0,14
PEPE,1783930800000,1783930860000,2.7100000000000003e-06,2.7200000000000002e-06,25.745293891384165,target,3534014261.0,14
PEPE,1783931760000,1783932000000,2.7200000000000002e-06,2.73e-06,25.707579465225255,target,3533687899.0,14
PEPE,1783935420000,1783935540000,2.74e-06,2.75e-06,25.62580507841512,target,3532157833.0,14
PEPE,1783937820000,1783937880000,2.73e-06,2.74e-06,25.67620584715548,target,3534233427.0,14
PEPE,1783987380000,1783987440000,2.7200000000000002e-06,2.73e-06,25.72667091307453,target,3536312153.0,14
PEPE,1783991100000,1783992960000,2.7500000000000004e-06,2.7200000000000002e-06,-120.47734995641989,time,3533578236.0,14
PEPE,1783994100000,1783994160000,2.73e-06,2.74e-06,25.65911096069872,target,3531880380.0,14
PEPE,1783994820000,1783994880000,2.73e-06,2.74e-06,25.66546120275534,target,3532754467.0,14
PEPE,1783995480000,1783995600000,2.7200000000000002e-06,2.73e-06,25.715905149825037,target,3534832323.0,14
PEPE,1783997220000,1783997280000,2.7200000000000002e-06,2.73e-06,25.72228037782499,target,3535708643.0,14
PEPE,1783998420000,1783998480000,2.7200000000000002e-06,2.73e-06,25.728657184502318,target,3536585180.0,14
PEPE,1784000520000,1784000580000,2.7200000000000002e-06,2.73e-06,25.735035577124485,target,3537461935.0,14
PEPE,1784002980000,1784003040000,2.73e-06,2.74e-06,25.697279679664756,target,3537134161.0,14
PEPE,1784003520000,1784003580000,2.73e-06,2.74e-06,25.703639373484794,target,3538009549.0,14
PEPE,1784004300000,1784004360000,2.73e-06,2.74e-06,25.710000636545164,target,3538885153.0,14
PEPE,1784004780000,1784004840000,2.73e-06,2.74e-06,25.71636347611015,target,3539760974.0,14
PEPE,1784005500000,1784005560000,2.73e-06,2.74e-06,25.72272788491547,target,3540637011.0,14
PEPE,1784007480000,1784009100000,2.74e-06,2.75e-06,25.68493344449368,target,3540307849.0,14
PEPE,1784009700000,1784009820000,2.74e-06,2.75e-06,25.69127916809085,target,3541182518.0,14
PEPE,1784010720000,1784010780000,2.74e-06,2.75e-06,25.697626458766052,target,3542057403.0,14
PEPE,1784012820000,1784012880000,2.73e-06,2.74e-06,25.7481684837096,target,3544138814.0,14
PEPE,1784013420000,1784013780000,2.74e-06,2.75e-06,25.710336667386553,target,3543809327.0,14
PEPE,1784016120000,1784017740000,2.74e-06,2.75e-06,25.716688666556962,target,3544684861.0,14
PEPE,1784018880000,1784020740000,2.74e-06,2.73e-06,-49.99240461509847,time,3545560611.0,14
PEPE,1784021280000,1784021340000,2.73e-06,2.74e-06,25.75489581558988,target,3545064806.0,14
PEPE,1784021880000,1784023740000,2.73e-06,2.7200000000000002e-06,-49.9445952672598,time,3545942156.0,14
PEPE,1784024280000,1784024340000,2.7200000000000002e-06,2.73e-06,25.793133778049427,target,3545447942.0,14
PEPE,1784024880000,1784025600000,2.7200000000000002e-06,2.73e-06,25.799528153850645,target,3546326894.0,14
PEPE,1784074320000,1784076180000,2.81e-06,2.79e-06,-85.56236823247642,time,3536365705.0,14
PEPE,1784078280000,1784078340000,2.79e-06,2.8e-06,25.475872539259264,target,3535860172.0,14
PEPE,1784079000000,1784079060000,2.8000000000000003e-06,2.81e-06,25.438101763424168,target,3535524915.0,14
PEPE,1784081640000,1784081700000,2.79e-06,2.8e-06,25.488343443200677,target,3537591040.0,14
PEPE,1784083260000,1784083320000,2.78e-06,2.79e-06,25.53864891298608,target,3539660279.0,14
PEPE,1784084340000,1784084400000,2.78e-06,2.79e-06,25.544915176558575,target,3540528784.0,14
PEPE,1784085660000,1784086260000,2.79e-06,2.8e-06,25.50709901646525,target,3540194173.0,14
PEPE,1784086620000,1784086740000,2.79e-06,2.8e-06,25.51334673855059,target,3541061310.0,14
PEPE,1784087820000,1784088120000,2.8000000000000003e-06,2.81e-06,25.47552039700545,target,3540725559.0,14
PEPE,1784088540000,1784088660000,2.79e-06,2.8e-06,25.52583598641946,target,3542794724.0,14
PEPE,1784089380000,1784091240000,2.79e-06,2.78e-06,-50.23141590914867,time,3543662498.0,14
PEPE,1784093640000,1784093700000,2.77e-06,2.78e-06,25.608026345300782,target,3544363508.0,14
PEPE,1784094180000,1784094300000,2.78e-06,2.79e-06,25.570173758804135,target,3544029627.0,14
PEPE,1784094960000,1784095020000,2.78e-06,2.79e-06,25.576447756859377,target,3544899204.0,14
PEPE,1784095320000,1784095560000,2.79e-06,2.8e-06,25.538584916898724,target,3544564180.0,14
PEPE,1784096520000,1784096580000,2.8000000000000003e-06,2.81e-06,25.500721150720572,target,3544228096.0,14
PEPE,1784097180000,1784097240000,2.8000000000000003e-06,2.81e-06,25.506956531984386,target,3545094723.0,14
PEPE,1784098320000,1784100120000,2.8000000000000003e-06,2.7600000000000003e-06,-156.58966253375976,stop,3545961561.0,14
PEPE,1784104080000,1784104140000,2.7600000000000003e-06,2.77e-06,25.65138252365886,target,3545457156.0,14
PEPE,1784104620000,1784104680000,2.7600000000000003e-06,2.77e-06,25.65769818667897,target,3546330088.0,14
PEPE,1784105220000,1784105340000,2.7600000000000003e-06,2.77e-06,25.664015405225058,target,3547203235.0,14
PEPE,1784105880000,1784105940000,2.7600000000000003e-06,2.77e-06,25.670334186530035,target,3548076598.0,14
PEPE,1784107620000,1784107680000,2.78e-06,2.79e-06,25.588268524261643,target,3546537564.0,14
PEPE,1784108340000,1784108400000,2.78e-06,2.79e-06,25.594546966755708,target,3547407757.0,14
PEPE,1784160420000,1784160540000,2.79e-06,2.8e-06,25.556657333680565,target,3547072496.0,14
PEPE,1784161200000,1784161320000,2.79e-06,2.8e-06,25.56291719619,target,3547941318.0,14
PEPE,1784161620000,1784163480000,2.79e-06,2.77e-06,-85.75700218024396,time,3548810353.0,14
PEPE,1784164200000,1784166000000,2.78e-06,2.79e-06,25.59232816666436,target,3547100231.0,14
PEPE,1784166840000,1784166900000,2.78e-06,2.79e-06,25.598607604831095,target,3547970562.0,14
PEPE,1784167500000,1784167740000,2.78e-06,2.79e-06,25.604888579790668,target,3548841106.0,14
PEPE,1784169600000,1784169780000,2.78e-06,2.79e-06,25.61117109154489,target,3549711863.0,14
PEPE,1784170380000,1784170440000,2.78e-06,2.79e-06,25.61745515452505,target,3550582835.0,14
PEPE,1784171220000,1784171580000,2.79e-06,2.8e-06,25.579531609169816,target,3550247274.0,14
PEPE,1784172420000,1784172480000,2.78e-06,2.79e-06,25.630017046724536,target,3552323915.0,14
PEPE,1784175480000,1784175960000,2.77e-06,2.78e-06,25.680566631351102,target,3554403686.0,14
PEPE,1784177520000,1784177760000,2.77e-06,2.78e-06,25.686878600874596,target,3555277315.0,14
PEPE,1784180640000,1784180700000,2.78e-06,2.79e-06,25.64890945207448,target,3554942405.0,14
PEPE,1784181180000,1784181240000,2.78e-06,2.79e-06,25.65520276468512,target,3555814659.0,14
PEPE,1784181840000,1784181960000,2.78e-06,2.79e-06,25.66149762851988,target,3556687128.0,14
PEPE,1784183280000,1784183340000,2.77e-06,2.78e-06,25.712109305150843,target,3558769454.0,14
PEPE,1784186160000,1784186220000,2.7600000000000003e-06,2.77e-06,25.76278533173098,target,3560854918.0,14
PEPE,1784186820000,1784186940000,2.7600000000000003e-06,2.77e-06,25.76912842986944,target,3561731642.0,14
PEPE,1784191440000,1784192520000,2.7200000000000002e-06,2.73e-06,25.953288021524095,target,3567462271.0,14
PEPE,1784192880000,1784192940000,2.7200000000000002e-06,2.73e-06,25.959722104275222,target,3568346681.0,14
PEPE,1784193600000,1784193720000,2.7200000000000002e-06,2.73e-06,25.966157780249574,target,3569231310.0,14
PEPE,1784194140000,1784194200000,2.7200000000000002e-06,2.73e-06,25.97259504945078,target,3570116158.0,14
PEPE,1784194740000,1784194800000,2.7200000000000002e-06,2.73e-06,25.97903391187521,target,3571001225.0,14
PEPE,1784195220000,1784195280000,2.7200000000000002e-06,2.73e-06,25.98547437479942,target,3571886512.0,14
PEPE,1784247720000,1784247780000,2.7200000000000002e-06,2.73e-06,24.790999654426248,target,3407697547.0,15
PEPE,1784248920000,1784249100000,2.7200000000000002e-06,2.73e-06,24.79714558897313,target,3408542349.0,15
PEPE,1784249520000,1784249640000,2.73e-06,2.74e-06,24.760765675064278,target,3408226521.0,15
PEPE,1784250120000,1784250180000,2.74e-06,2.75e-06,24.724384648596434,target,3407909669.0,15
PEPE,1784250900000,1784250960000,2.74e-06,2.75e-06,24.730493061141416,target,3408751628.0,15
PEPE,1784254980000,1784255040000,2.7200000000000002e-06,2.73e-06,24.821691853649543,target,3411916406.0,15
PEPE,1784258880000,1784259060000,2.7500000000000004e-06,2.7600000000000003e-06,24.700223884455028,target,3409278659.0,15
PEPE,1784260260000,1784260320000,2.74e-06,2.75e-06,24.748837872765957,target,3411280203.0,15
PEPE,1784260620000,1784260680000,2.7500000000000004e-06,2.7600000000000003e-06,24.7124197841839,target,3410962013.0,15
PEPE,1784263680000,1784263740000,2.7600000000000003e-06,2.77e-06,24.676000665234632,target,3410642801.0,15
PEPE,1784264220000,1784264280000,2.7600000000000003e-06,2.77e-06,24.682076176898562,target,3411482540.0,15
PEPE,1784265780000,1784265840000,2.7600000000000003e-06,2.77e-06,24.688153186208783,target,3412322486.0,15
PEPE,1784269860000,1784269920000,2.74e-06,2.75e-06,24.779351648245054,target,3415486099.0,15
PEPE,1784270400000,1784272260000,2.74e-06,2.7200000000000002e-06,-82.29938801369936,time,3416329930.0,15
PEPE,1784275080000,1784275140000,2.7100000000000003e-06,2.7200000000000002e-06,24.892964838249867,target,3417016450.0,15
PEPE,1784275680000,1784275740000,2.7100000000000003e-06,2.7200000000000002e-06,24.89914664156059,target,3417865016.0,15
PEPE,1784276220000,1784276460000,2.7100000000000003e-06,2.7200000000000002e-06,24.90532997472141,target,3418713792.0,15
PEPE,1784276820000,1784276880000,2.7100000000000003e-06,2.7200000000000002e-06,24.911514852300904,target,3419562780.0,15
PEPE,1784277420000,1784277480000,2.7100000000000003e-06,2.7200000000000002e-06,24.91770125972867,target,3420411978.0,15
PEPE,1784279880000,1784279940000,2.74e-06,2.75e-06,24.795906317640434,target,3417767928.0,15
PEPE,1784280420000,1784280480000,2.74e-06,2.75e-06,24.80203239611063,target,3418612322.0,15
PEPE,1784282520000,1784282700000,2.74e-06,2.75e-06,24.80815999087478,target,3419456925.0,15
PEPE,1784283120000,1784283300000,2.74e-06,2.75e-06,24.81428910193471,target,3420301737.0,15
PEPE,1784284080000,1784284260000,2.73e-06,2.74e-06,24.863093781264933,target,3422311601.0,15
PEPE,1784334720000,1784335020000,2.7500000000000004e-06,2.7600000000000003e-06,24.78390682949957,target,3420829100.0,15
PEPE,1784335380000,1784335440000,2.7500000000000004e-06,2.7600000000000003e-06,24.790019421510777,target,3421672798.0,15
PEPE,1784336520000,1784336580000,2.7500000000000004e-06,2.7600000000000003e-06,24.79613352772502,target,3422516705.0,15
PEPE,1784338020000,1784338320000,2.74e-06,2.75e-06,24.84493628235574,target,3424526021.0,15
PEPE,1784340540000,1784340600000,2.73e-06,2.74e-06,24.893801236254035,target,3426538367.0,15
PEPE,1784341080000,1784341200000,2.74e-06,2.75e-06,24.85722474331604,target,3426219813.0,15
PEPE,1784341680000,1784341740000,2.74e-06,2.75e-06,24.863365970225413,target,3427066295.0,15
PEPE,1784342280000,1784342460000,2.74e-06,2.75e-06,24.86950872068439,target,3427912987.0,15
PEPE,1784344860000,1784345160000,2.74e-06,2.75e-06,24.875652980185315,target,3428759887.0,15
PEPE,1784346180000,1784346300000,2.74e-06,2.75e-06,24.88179876323584,target,3429606997.0,15
PEPE,1784346780000,1784346900000,2.74e-06,2.75e-06,24.887946062578504,target,3430454316.0,15
PEPE,1784348100000,1784348160000,2.74e-06,2.75e-06,24.89409488547441,target,3431301845.0,15
PEPE,1784349480000,1784349600000,2.74e-06,2.75e-06,24.900245224664268,target,3432149583.0,15
PEPE,1784350140000,1784350200000,2.74e-06,2.75e-06,24.906397080149905,target,3432997530.0,15
PEPE,1784352300000,1784352360000,2.73e-06,2.74e-06,24.955382921575477,target,3435014855.0,15
PEPE,1784353440000,1784353500000,2.73e-06,2.74e-06,24.961559007050603,target,3435864970.0,15
PEPE,1784353980000,1784355660000,2.73e-06,2.74e-06,24.9677366109106,target,3436715294.0,15
PEPE,1784356020000,1784357880000,2.73e-06,2.71e-06,-82.75939735725122,time,3437565830.0,15
PEPE,1784358420000,1784359560000,2.7200000000000002e-06,2.73e-06,24.996292341075222,target,3435916473.0,15
PEPE,1784361180000,1784361240000,2.7200000000000002e-06,2.73e-06,25.002489171526467,target,3436768271.0,15
PEPE,1784361720000,1784362260000,2.7200000000000002e-06,2.73e-06,25.00868753700117,target,3437620280.0,15
PEPE,1784363220000,1784363520000,2.7200000000000002e-06,2.73e-06,25.01488743750115,target,3438472500.0,15
PEPE,1784363820000,1784363940000,2.7200000000000002e-06,2.73e-06,25.021088880299335,target,3439324932.0,15
PEPE,1784364540000,1784364600000,2.7100000000000003e-06,2.7200000000000002e-06,25.070232542644945,target,3441349697.0,15
PEPE,1784420580000,1784420760000,2.7500000000000004e-06,2.7600000000000003e-06,24.904828350043644,target,3437519441.0,15
PEPE,1784421120000,1784421360000,2.7500000000000004e-06,2.7600000000000003e-06,24.9109707697195,target,3438367256.0,15
PEPE,1784421780000,1784421900000,2.7500000000000004e-06,2.7600000000000003e-06,24.917114703600213,target,3439215280.0,15
PEPE,1784422980000,1784423040000,2.7500000000000004e-06,2.7600000000000003e-06,24.92326015168578,target,3440063513.0,15
PEPE,1784423520000,1784423640000,2.7500000000000004e-06,2.7600000000000003e-06,24.929407121219576,target,3440911956.0,15
PEPE,1784424180000,1784424300000,2.7500000000000004e-06,2.7600000000000003e-06,24.935555597714856,target,3441760607.0,15
PEPE,1784428920000,1784429100000,2.7600000000000003e-06,2.77e-06,24.89880764155431,target,3441438513.0,15
PEPE,1784430120000,1784430180000,2.7500000000000004e-06,2.7600000000000003e-06,24.947846530110127,target,3443457078.0,15
PEPE,1784431320000,1784431500000,2.74e-06,2.75e-06,24.996947881440754,target,3445478688.0,15
PEPE,1784432880000,1784432940000,2.74e-06,2.75e-06,25.00312362764076,target,3446329928.0,15
PEPE,1784433720000,1784433780000,2.74e-06,2.75e-06,25.009300904646018,target,3447181379.0,15
PEPE,1784434620000,1784434860000,2.74e-06,2.75e-06,25.01547970520088,target,3448033040.0,15
PEPE,1784437740000,1784437800000,2.7600000000000003e-06,2.77e-06,24.935707726019423,target,3446538732.0,15
PEPE,1784438280000,1784438460000,2.7600000000000003e-06,2.77e-06,24.941847180616403,target,3447387309.0,15
PEPE,1784438880000,1784439180000,2.7600000000000003e-06,2.77e-06,24.947988147325503,target,3448236095.0,15
PEPE,1784440080000,1784440140000,2.7600000000000003e-06,2.77e-06,24.95413063338509,target,3449085091.0,15
PEPE,1784440620000,1784440980000,2.7600000000000003e-06,2.77e-06,24.9602746243257,target,3449934295.0,15
PEPE,1784442420000,1784442480000,2.7600000000000003e-06,2.77e-06,24.9664201346168,target,3450783709.0,15
PEPE,1784444220000,1784444280000,2.78e-06,2.79e-06,24.88660481755563,target,3449286877.0,15
PEPE,1784446680000,1784446800000,2.82e-06,2.83e-06,24.721094494248376,target,3445448710.0,15
PEPE,1784447400000,1784447640000,2.81e-06,2.82e-06,24.76998922909494,target,3447458487.0,15
PEPE,1784448180000,1784448240000,2.8000000000000003e-06,2.81e-06,24.818945938745323,target,3449471291.0,15
PEPE,1784449020000,1784449860000,2.8400000000000003e-06,2.8500000000000002e-06,24.653505410057154,target,3445633181.0,15
PEPE,1784450820000,1784451840000,2.8400000000000003e-06,2.8500000000000002e-06,24.659491977090656,target,3446469878.0,15
PEPE,1784505720000,1784505900000,2.83e-06,2.84e-06,24.708334452090327,target,3448476546.0,15
PEPE,1784506980000,1784507100000,2.86e-06,2.87e-06,24.585837304486482,target,3445807611.0,15
PEPE,1784509020000,1784509080000,2.86e-06,2.87e-06,24.591786710076477,target,3446641445.0,15
PEPE,1784510040000,1784510880000,2.88e-06,2.89e-06,24.512169634310148,target,3445139794.0,15
PEPE,1784511420000,1784511540000,2.88e-06,2.89e-06,24.51808058420637,target,3445970567.0,15
PEPE,1784512380000,1784512980000,2.86e-06,2.87e-06,24.609602170060334,target,3449138356.0,15
PEPE,1784513520000,1784513580000,2.87e-06,2.88e-06,24.572727858749367,target,3448803910.0,15
PEPE,1784514420000,1784514600000,2.86e-06,2.87e-06,24.62150357124522,target,3450806387.0,15
PEPE,1784516820000,1784517120000,2.92e-06,2.88e-06,-152.7351333256195,stop,3444635393.0,15
PEPE,1784517480000,1784519340000,2.9e-06,2.88e-06,-83.73886115820062,time,3441794540.0,15
PEPE,1784523000000,1784523120000,2.87e-06,2.88e-06,24.527487756749178,target,3442454422.0,15
PEPE,1784523480000,1784523540000,2.86e-06,2.87e-06,24.576173667621443,target,3444453212.0,15
PEPE,1784528040000,1784528100000,2.83e-06,2.84e-06,24.710608773555478,target,3448793967.0,15
PEPE,1784528580000,1784528940000,2.83e-06,2.84e-06,24.716619635356242,target,3449632887.0,15
PEPE,1784529420000,1784529600000,2.82e-06,2.83e-06,24.7655403187487,target,3451643250.0,15
PEPE,1784530020000,1784530080000,2.82e-06,2.83e-06,24.771574996001085,target,3452484320.0,15
PEPE,1784530740000,1784530860000,2.82e-06,2.83e-06,24.777611144126645,target,3453325595.0,15
PEPE,1784531220000,1784531280000,2.82e-06,2.83e-06,24.783648763125388,target,3454167075.0,15
PEPE,1784534400000,1784534580000,2.82e-06,2.83e-06,24.789687852999126,target,3455008760.0,15
PEPE,1784536440000,1784536500000,2.82e-06,2.83e-06,24.795728413749686,target,3455850650.0,15
PEPE,1784537520000,1784537640000,2.82e-06,2.83e-06,24.80177044537524,target,3456692745.0,15
PEPE,1784538480000,1784538540000,2.82e-06,2.83e-06,24.807813955049607,target,3457535046.0,15
PEPE,1784539680000,1784539740000,2.8400000000000003e-06,2.8500000000000002e-06,24.727903937191087,target,3456031298.0,15
PEPE,1784540880000,1784540940000,2.8500000000000002e-06,2.86e-06,24.690964367790855,target,3455698302.0,15
PEPE,1784595720000,1784595780000,2.9400000000000002e-06,2.95e-06,24.311665053864303,target,3446019143.0,15
PEPE,1784596320000,1784596440000,2.9400000000000002e-06,2.95e-06,24.317466422695915,target,3446841449.0,15
PEPE,1784597040000,1784597100000,2.9300000000000003e-06,2.9400000000000002e-06,24.365983137525255,target,3448829885.0,15
PEPE,1784600820000,1784601120000,2.92e-06,2.93e-06,24.414560754099647,target,3450821308.0,15
PEPE,1784602020000,1784602260000,2.92e-06,2.93e-06,24.42040714497444,target,3451647653.0,15
PEPE,1784602680000,1784602740000,2.92e-06,2.93e-06,24.42625493670134,target,3452474196.0,15
PEPE,1784605620000,1784605680000,2.9300000000000003e-06,2.9400000000000002e-06,24.38932033736798,target,3452133098.0,15
PEPE,1784606220000,1784606280000,2.9300000000000003e-06,2.9400000000000002e-06,24.395150460148514,target,3452958310.0,15
PEPE,1784606820000,1784606940000,2.9400000000000002e-06,2.95e-06,24.358206663105975,target,3452616111.0,15
PEPE,1784610840000,1784611620000,2.91e-06,2.92e-06,24.492462565869346,target,3456946022.0,15
PEPE,1784612340000,1784612400000,2.91e-06,2.92e-06,24.498337894226342,target,3457775285.0,15
PEPE,1784614140000,1784614200000,2.91e-06,2.92e-06,24.504214625409517,target,3458604746.0,15
PEPE,1784614680000,1784614740000,2.91e-06,2.92e-06,24.510092773594636,target,3459434407.0,15
PEPE,1784617080000,1784617140000,2.91e-06,2.92e-06,24.51597232460957,target,3460264266.0,15
PEPE,1784618400000,1784618460000,2.91e-06,2.92e-06,24.521853292624634,target,3461094325.0,15
PEPE,1784619120000,1784619180000,2.91e-06,2.92e-06,24.52773567055467,target,3461924583.0,15
PEPE,1784619840000,1784620320000,2.92e-06,2.93e-06,24.490704019524564,target,3461583607.0,15
PEPE,1784620740000,1784622240000,2.92e-06,2.93e-06,24.496568642675356,target,3462412529.0,15
PEPE,1784622720000,1784622840000,2.91e-06,2.92e-06,24.545370667741224,target,3464413644.0,15
PEPE,1784623860000,1784623980000,2.91e-06,2.92e-06,24.551258685331145,target,3465244698.0,15
PEPE,1784624520000,1784624880000,2.92e-06,2.93e-06,24.514191519627605,target,3464903395.0,15
PEPE,1784626080000,1784626500000,2.9300000000000003e-06,2.9400000000000002e-06,24.47712395248652,target,3464561069.0,15
PEPE,1784627220000,1784627340000,2.9300000000000003e-06,2.9400000000000002e-06,24.482975065379904,target,3465389252.0,15
PEPE,1784628120000,1784628240000,2.9300000000000003e-06,2.9400000000000002e-06,24.4888275700798,target,3466217632.0,15
PEPE,1784679780000,1784679840000,2.88e-06,2.89e-06,24.70981568958549,target,3472918579.0,15
PEPE,1784680320000,1784680380000,2.88e-06,2.89e-06,24.71577430286588,target,3473756051.0,15
PEPE,1784681580000,1784681640000,2.88e-06,2.89e-06,24.721734353375325,target,3474593725.0,15
PEPE,1784682420000,1784682480000,2.88e-06,2.89e-06,24.727695841115647,target,3475431601.0,15
PEPE,1784683080000,1784683140000,2.88e-06,2.89e-06,24.73365876608502,target,3476269679.0,15
PEPE,1784683980000,1784684100000,2.87e-06,2.88e-06,24.78278946000043,target,3478286240.0,15
PEPE,1784686020000,1784686080000,2.87e-06,2.88e-06,24.788776098749654,target,3479126470.0,15
PEPE,1784686620000,1784686680000,2.88e-06,2.89e-06,24.75157698998119,target,3478788052.0,15
PEPE,1784687820000,1784687880000,2.87e-06,2.88e-06,24.800743277249484,target,3480806074.0,15
PEPE,1784691240000,1784691420000,2.87e-06,2.88e-06,24.806734255123622,target,3481646913.0,15
PEPE,1784692320000,1784692560000,2.87e-06,2.88e-06,24.81272667225181,target,3482487954.0,15
PEPE,1784693280000,1784694060000,2.87e-06,2.88e-06,24.81872054287528,target,3483329199.0,15
PEPE,1784694840000,1784694960000,2.86e-06,2.87e-06,24.867984536469347,target,3485351722.0,15
PEPE,1784696220000,1784696400000,2.87e-06,2.88e-06,24.830723075624633,target,3485013765.0,15
PEPE,1784697420000,1784697480000,2.86e-06,2.87e-06,24.880010892910846,target,3487037266.0,15
PEPE,1784702220000,1784702280000,2.8400000000000003e-06,2.8500000000000002e-06,24.972719767785758,target,3490247347.0,15
PEPE,1784704320000,1784704380000,2.8400000000000003e-06,2.8500000000000002e-06,24.978783852090658,target,3491094878.0,15
PEPE,1784704980000,1784705040000,2.8400000000000003e-06,2.8500000000000002e-06,24.98484941032527,target,3491942615.0,15
PEPE,1784705520000,1784705580000,2.8400000000000003e-06,2.8500000000000002e-06,24.9909164353367,target,3492790557.0,15
PEPE,1784706540000,1784706660000,2.8400000000000003e-06,2.8500000000000002e-06,24.996984934274206,target,3493638705.0,15
PEPE,1784707680000,1784707740000,2.8400000000000003e-06,2.8500000000000002e-06,25.0030549143016,target,3494487060.0,15
PEPE,1784710680000,1784710740000,2.83e-06,2.84e-06,25.0525778801884,target,3496521686.0,15
PEPE,1784711820000,1784711880000,2.8400000000000003e-06,2.8500000000000002e-06,25.015209835455174,target,3496185861.0,15
PEPE,1784713920000,1784714100000,2.8400000000000003e-06,2.8500000000000002e-06,25.021284237271708,target,3497034834.0,15
PEPE,1784764920000,1784765100000,2.88e-06,2.89e-06,24.853721922181002,target,3493144332.0,15
PEPE,1784765580000,1784765700000,2.88e-06,2.89e-06,24.85971524242903,target,3493986682.0,15
PEPE,1784768880000,1784768940000,2.88e-06,2.89e-06,24.865709999911573,target,3494829234.0,15
PEPE,1784774820000,1784774940000,2.8500000000000002e-06,2.86e-06,25.00198488882201,target,3499228116.0,15
PEPE,1784775420000,1784775480000,2.8500000000000002e-06,2.86e-06,25.008045535040655,target,3500076352.0,15
PEPE,1784777040000,1784777100000,2.8400000000000003e-06,2.8500000000000002e-06,25.05761388571583,target,3502112353.0,15
PEPE,1784777640000,1784777700000,2.8400000000000003e-06,2.8500000000000002e-06,25.063698583574393,target,3502962765.0,15
PEPE,1784778420000,1784778480000,2.8400000000000003e-06,2.8500000000000002e-06,25.069784755364488,target,3503813383.0,15
PEPE,1784779320000,1784779800000,2.8400000000000003e-06,2.8500000000000002e-06,25.07587240824083,target,3504664208.0,15
PEPE,1784780220000,1784780580000,2.8500000000000002e-06,2.86e-06,25.03841302827027,target,3504326526.0,15
PEPE,1784781120000,1784781180000,2.8500000000000002e-06,2.86e-06,25.044482512854167,target,3505175999.0,15
PEPE,1784781720000,1784782140000,2.8500000000000002e-06,2.86e-06,25.050553462163972,target,3506025677.0,15
PEPE,1784782620000,1784782680000,2.8400000000000003e-06,2.8500000000000002e-06,25.100206062390683,target,3508065138.0,15
PEPE,1784783820000,1784783880000,2.8400000000000003e-06,2.8500000000000002e-06,25.10630110637974,target,3508916996.0,15
PEPE,1784786820000,1784786880000,2.8400000000000003e-06,2.8500000000000002e-06,25.112397624300332,target,3509769060.0,15
PEPE,1784789880000,1784791740000,2.8500000000000002e-06,2.83e-06,-85.12124616418637,time,3509430887.0,15
PEPE,1784792400000,1784792460000,2.8400000000000003e-06,2.8500000000000002e-06,25.09782577991845,target,3507732464.0,15
PEPE,1784793780000,1784793900000,2.8400000000000003e-06,2.8500000000000002e-06,25.1039202443555,target,3508584241.0,15
PEPE,1784795580000,1784795640000,2.8500000000000002e-06,2.86e-06,25.066418963244267,target,3508246181.0,15
PEPE,1784796180000,1784796240000,2.8500000000000002e-06,2.86e-06,25.072495235581876,target,3509096604.0,15
PEPE,1784797740000,1784798220000,2.86e-06,2.87e-06,25.03498418456438,target,3508757419.0,15
PEPE,1784798520000,1784798580000,2.86e-06,2.87e-06,25.041042284745664,target,3509606487.0,15
PEPE,1784799120000,1784799180000,2.86e-06,2.87e-06,25.04710184760013,target,3510455760.0,15
PEPE,1784799720000,1784799900000,2.8500000000000002e-06,2.86e-06,25.096783319822187,target,3512495916.0,15
PEPE,1784851320000,1784851440000,2.78e-06,2.79e-06,25.409114518711405,target,3521706794.0,15
PEPE,1784853420000,1784854020000,2.77e-06,2.78e-06,25.459228424000408,target,3523768640.0,15
PEPE,1784854500000,1784854620000,2.77e-06,2.78e-06,25.46548598927683,target,3524634739.0,15
PEPE,1784855220000,1784855340000,2.78e-06,2.79e-06,25.427844088725045,target,3524302715.0,15
PEPE,1784856000000,1784856060000,2.77e-06,2.78e-06,25.47799493522478,target,3526366081.0,15
PEPE,1784856540000,1784856900000,2.77e-06,2.78e-06,25.48425711005185,target,3527232818.0,15
PEPE,1784858640000,1784859180000,2.78e-06,2.79e-06,25.446587468250936,target,3526900550.0,15
PEPE,1784860320000,1784860380000,2.78e-06,2.79e-06,25.45283114166084,target,3527765924.0,15
PEPE,1784860980000,1784861040000,2.77e-06,2.78e-06,25.5030312653251,target,3529831317.0,15
PEPE,1784864400000,1784864460000,2.78e-06,2.79e-06,25.46533387807412,target,3529498805.0,15
PEPE,1784865480000,1784865540000,2.78e-06,2.79e-06,25.47158214744035,target,3530364816.0,15
PEPE,1784867520000,1784867640000,2.78e-06,2.79e-06,25.47783196081506,target,3531231041.0,15
PEPE,1784868480000,1784868540000,2.77e-06,2.78e-06,25.528081395176628,target,3533298463.0,15
PEPE,1784869920000,1784870160000,2.78e-06,2.79e-06,25.490346969945932,target,3532965623.0,15
PEPE,1784872560000,1784872620000,2.77e-06,2.78e-06,25.540621090724567,target,3535034061.0,15
PEPE,1784872920000,1784873040000,2.77e-06,2.78e-06,25.54689865479837,target,3535902928.0,15
PEPE,1784873760000,1784873820000,2.78e-06,2.79e-06,25.509136417244186,target,3535569843.0,15
PEPE,1784874180000,1784874300000,2.78e-06,2.79e-06,25.515395444174818,target,3536437345.0,15
PEPE,1784875740000,1784875800000,2.78e-06,2.79e-06,25.521656000686285,target,3537305059.0,15
PEPE,1784876280000,1784876340000,2.78e-06,2.79e-06,25.52791809399059,target,3538172986.0,15
PEPE,1784876820000,1784876880000,2.79e-06,2.8e-06,25.490127098588744,target,3537838598.0,15
PEPE,1784877480000,1784878980000,2.81e-06,2.77e-06,-156.21613921552495,stop,3536301963.0,15
PEPE,1784881500000,1784881680000,2.79e-06,2.8e-06,25.458106983431104,target,3533394446.0,15
PEPE,1784883600000,1784883720000,2.79e-06,2.8e-06,25.464342709190536,target,3534259918.0,15
PEPE,1784937780000,1784937900000,2.7100000000000003e-06,2.7200000000000002e-06,25.8235866460155,target,3544761379.0,15
PEPE,1784941440000,1784941620000,2.7100000000000003e-06,2.7200000000000002e-06,25.829999551379714,target,3545641668.0,15
PEPE,1784942520000,1784942580000,2.7100000000000003e-06,2.7200000000000002e-06,25.836414052160823,target,3546522176.0,15
PEPE,1784943120000,1784943240000,2.7100000000000003e-06,2.7200000000000002e-06,25.842830148355183,target,3547402903.0,15
PEPE,1784943840000,1784944080000,2.7100000000000003e-06,2.7200000000000002e-06,25.84924783996461,target,3548283849.0,15
PEPE,1784945040000,1784945340000,2.7100000000000003e-06,2.7200000000000002e-06,25.855667119707554,target,3549165013.0,15
PEPE,1784946480000,1784946780000,2.7100000000000003e-06,2.7200000000000002e-06,25.86208799486011,target,3550046396.0,15
PEPE,1784947320000,1784947440000,2.7100000000000003e-06,2.7200000000000002e-06,25.868510465429555,target,3550927998.0,15
PEPE,1784949480000,1784949540000,2.7e-06,2.71e-06,25.919283730460744,target,3553020388.0,15
PEPE,1784951280000,1784951400000,2.7e-06,2.71e-06,25.92573143809421,target,3553904241.0,15
PEPE,1784952840000,1784952900000,2.7e-06,2.71e-06,25.93218075063207,target,3554788314.0,15
PEPE,1784953920000,1784953980000,2.7e-06,2.71e-06,25.938631668065234,target,3555672607.0,15
PEPE,1784954520000,1784954580000,2.7e-06,2.71e-06,25.945084183105322,target,3556557119.0,15
PEPE,1784955240000,1784955420000,2.7e-06,2.71e-06,25.951538310340005,target,3557441852.0,15
PEPE,1784956500000,1784956620000,2.7e-06,2.71e-06,25.957994042475452,target,3558326805.0,15
PEPE,1784957220000,1784957640000,2.7e-06,2.71e-06,25.964451379508017,target,3559211978.0,15
PEPE,1784958420000,1784958480000,2.69e-06,2.7e-06,26.015378155290072,target,3561311178.0,15
PEPE,1784960520000,1784961240000,2.69e-06,2.65e-06,-156.71892784695015,stop,3562198610.0,15
PEPE,1784963460000,1784963520000,2.6700000000000003e-06,2.68e-06,26.071723787849354,target,3559279698.0,15
PEPE,1784964540000,1784964840000,2.6700000000000003e-06,2.68e-06,26.078242752175388,target,3560169659.0,15
PEPE,1784965320000,1784965380000,2.6700000000000003e-06,2.68e-06,26.084763349977454,target,3561059843.0,15
PEPE,1784965980000,1784966040000,2.6700000000000003e-06,2.68e-06,26.091285573924885,target,3561950249.0,15
PEPE,1784966520000,1784967240000,2.6700000000000003e-06,2.68e-06,26.097809431350168,target,3562840878.0,15
PEPE,1784967720000,1784968020000,2.6700000000000003e-06,2.68e-06,26.104334914926273,target,3563731729.0,15
PEPE,1785024420000,1785024480000,2.74e-06,2.75e-06,25.799721909394783,target,3556129829.0,15
PEPE,1785025080000,1785025200000,2.74e-06,2.75e-06,25.80609599278516,target,3557008407.0,15
PEPE,1785026460000,1785026520000,2.74e-06,2.75e-06,25.81247165051104,target,3557887202.0,15
PEPE,1785026940000,1785027000000,2.74e-06,2.75e-06,25.81884888256878,target,3558766214.0,15
PEPE,1785027720000,1785027780000,2.74e-06,2.75e-06,25.82522769621949,target,3559645444.0,15
PEPE,1785028920000,1785029040000,2.74e-06,2.75e-06,25.831608076950047,target,3560524890.0,15
PEPE,1785030000000,1785030060000,2.74e-06,2.75e-06,25.837990039269936,target,3561404554.0,15
PEPE,1785031200000,1785031260000,2.7600000000000003e-06,2.77e-06,25.755595152554328,target,3559861113.0,15
PEPE,1785031740000,1785031860000,2.7600000000000003e-06,2.77e-06,25.7619364708846,target,3560737591.0,15
PEPE,1785032220000,1785032340000,2.78e-06,2.79e-06,25.6795779711904,target,3559193066.0,15
PEPE,1785034140000,1785035280000,2.87e-06,2.83e-06,-157.10572863862492,stop,3549208825.0,15
PEPE,1785037920000,1785037980000,2.87e-06,2.88e-06,25.250161743751487,target,3543882350.0,15
PEPE,1785039120000,1785039720000,2.91e-06,2.92e-06,25.080475842304867,target,3539940133.0,15
PEPE,1785040140000,1785041040000,2.92e-06,2.88e-06,-156.94548591282074,stop,3539591473.0,15
PEPE,1785042420000,1785042480000,2.9e-06,2.91e-06,25.092690025260612,target,3536672308.0,15
PEPE,1785043200000,1785043860000,2.9300000000000003e-06,2.9400000000000002e-06,24.96723817810436,target,3533933217.0,15
PEPE,1785044220000,1785044280000,2.9300000000000003e-06,2.9400000000000002e-06,24.973206442830968,target,3534777982.0,15
PEPE,1785044820000,1785044940000,2.95e-06,2.96e-06,24.891627950360597,target,3533233208.0,15
PEPE,1785045420000,1785046320000,2.95e-06,2.91e-06,-156.85991203970872,stop,3534074846.0,15
PEPE,1785050220000,1785050280000,3e-06,3.01e-06,24.642114470170988,target,3522818366.0,15
PEPE,1785050940000,1785051000000,3.01e-06,3.02e-06,24.60439530279463,target,3522461747.0,15
PEPE,1785051420000,1785051780000,3.04e-06,3e-06,-156.6984112537201,stop,3519730711.0,15
PEPE,1785056280000,1785056460000,2.9800000000000003e-06,2.99e-06,24.703796342204072,target,3521567547.0,15
PEPE,1785056880000,1785057000000,2.9800000000000003e-06,2.99e-06,24.709649945820388,target,3522401988.0,15
PEPE,1785110520000,1785110580000,2.9700000000000004e-06,2.9800000000000003e-06,24.75909621167434,target,3524426507.0,15
PEPE,1785113340000,1785114000000,2.9700000000000004e-06,2.9800000000000003e-06,24.764973270474517,target,3525263099.0,15
PEPE,1785118320000,1785119940000,2.9400000000000002e-06,2.95e-06,24.901864568024504,target,3529676055.0,15
PEPE,1785121020000,1785121080000,2.9300000000000003e-06,2.9400000000000002e-06,24.951547237006793,target,3531712277.0,15
PEPE,1785122280000,1785122400000,2.9400000000000002e-06,2.95e-06,24.913760843069966,target,3531362274.0,15
PEPE,1785122820000,1785122880000,2.9400000000000002e-06,2.95e-06,24.91970588697439,target,3532204945.0,15
PEPE,1785124140000,1785125220000,2.9400000000000002e-06,2.95e-06,24.92565234893503,target,3533047817.0,15
PEPE,1785125520000,1785125640000,2.9300000000000003e-06,2.9400000000000002e-06,24.975382476960398,target,3535085984.0,15
PEPE,1785127500000,1785127620000,2.95e-06,2.96e-06,24.893796880420247,target,3533541076.0,15
PEPE,1785128100000,1785128160000,2.95e-06,2.96e-06,24.899726734414962,target,3534382787.0,15
PEPE,1785129120000,1785129180000,2.95e-06,2.96e-06,24.905658004454992,target,3535224699.0,15
PEPE,1785130440000,1785130500000,2.99e-06,3e-06,24.73670873290628,target,3531293181.0,15
PEPE,1785130920000,1785131100000,2.99e-06,3e-06,24.74255980626021,target,3532128452.0,15
PEPE,1785132360000,1785132420000,3.0300000000000002e-06,3.04e-06,24.573919331185916,target,3528200909.0,15
PEPE,1785132840000,1785132900000,3.0300000000000002e-06,3.04e-06,24.5796909132599,target,3529029564.0,15
PEPE,1785133560000,1785133620000,3.0300000000000002e-06,3.04e-06,24.585463853510316,target,3529858414.0,15
PEPE,1785134520000,1785134640000,3.0600000000000003e-06,3.0700000000000003e-06,24.460584883979337,target,3527121108.0,15
PEPE,1785136500000,1785136740000,3.0600000000000003e-06,3.0200000000000003e-06,-157.1699546059485,stop,3527945109.0,15
PEPE,1785145320000,1785145440000,2.96e-06,2.97e-06,24.86556903568364,target,3534551391.0,15
PEPE,1785146580000,1785146640000,2.96e-06,2.97e-06,24.87148176324013,target,3535391864.0,15
PEPE,1785147120000,1785147180000,2.96e-06,2.97e-06,24.87739589779452,target,3536232537.0,15
PEPE,1785148440000,1785148500000,2.96e-06,2.97e-06,24.88331143935228,target,3537073410.0,15
PEPE,1785149580000,1785149700000,2.96e-06,2.97e-06,24.889228387906122,target,3537914483.0,15
PEPE,1785153480000,1785153540000,2.95e-06,2.96e-06,24.938959620823383,target,3539951685.0,15
PEPE,1785197880000,1785198060000,2.82e-06,2.83e-06,25.51731072327565,target,3556419613.0,15
PEPE,1785202620000,1785202680000,2.79e-06,2.8e-06,25.656373827588737,target,3560912398.0,15
PEPE,1785203280000,1785203340000,2.79e-06,2.8e-06,25.662658115049993,target,3561784610.0,15
PEPE,1785204900000,1785205080000,2.79e-06,2.8e-06,25.66894393717498,target,3562657035.0,15
PEPE,1785205620000,1785206820000,2.8000000000000003e-06,2.81e-06,25.630886910215594,target,3562319237.0,15
PEPE,1785207180000,1785207240000,2.8000000000000003e-06,2.81e-06,25.637154114964684,target,3563190287.0,15
PEPE,1785207720000,1785207780000,2.8000000000000003e-06,2.81e-06,25.643422845055483,target,3564061549.0,15
PEPE,1785208320000,1785208380000,2.8000000000000003e-06,2.81e-06,25.649693114875628,target,3564933025.0,15
PEPE,1785209280000,1785209340000,2.8000000000000003e-06,2.81e-06,25.65596491723221,target,3565804714.0,15
PEPE,1785211320000,1785211380000,2.8000000000000003e-06,2.81e-06,25.66223825212159,target,3566676616.0,15
PEPE,1785211980000,1785212040000,2.81e-06,2.82e-06,25.62413378071586,target,3566337339.0,15
PEPE,1785214020000,1785214200000,2.81e-06,2.82e-06,25.630388495654387,target,3567207863.0,15
PEPE,1785215220000,1785215400000,2.82e-06,2.83e-06,25.592273882000868,target,3566867440.0,15
PEPE,1785216360000,1785216480000,2.81e-06,2.82e-06,25.642891688955665,target,3568948043.0,15
PEPE,1785218100000,1785218160000,2.82e-06,2.83e-06,25.604758475276277,target,3568607453.0,15
PEPE,1785218700000,1785218760000,2.81e-06,2.82e-06,25.655400975136452,target,3570689071.0,15
PEPE,1785220020000,1785220140000,2.82e-06,2.83e-06,25.61724916012676,target,3570348315.0,15
PEPE,1785222480000,1785222540000,2.82e-06,2.83e-06,25.623491374248356,target,3571218310.0,15
PEPE,1785224520000,1785226380000,2.82e-06,2.8000000000000003e-06,-86.48026299656716,time,3572088517.0,15
PEPE,1785226920000,1785227100000,2.81e-06,2.82e-06,25.653061539136246,target,3570363471.0,15
PEPE,1785227640000,1785227820000,2.81e-06,2.82e-06,25.659323316928685,target,3571234978.0,15
PEPE,1785228360000,1785228420000,2.81e-06,2.82e-06,25.66558662513027,target,3572106698.0,15
PEPE,1785229020000,1785229080000,2.81e-06,2.82e-06,25.671851463737365,target,3572978631.0,15
PEPE,1785230880000,1785230940000,2.81e-06,2.82e-06,25.678117825560243,target,3573850776.0,15
PEPE,1785283980000,1785284040000,2.81e-06,2.82e-06,25.68438572497654,target,3574723135.0,15
PEPE,1785284700000,1785284760000,2.81e-06,2.82e-06,25.690655147610435,target,3575595706.0,15
PEPE,1785285240000,1785285540000,2.8000000000000003e-06,2.81e-06,25.74143151617899,target,3577683324.0,15
PEPE,1785286020000,1785287520000,2.81e-06,2.77e-06,-158.02912702500137,stop,3577343000.0,15
PEPE,1785289320000,1785291180000,2.79e-06,2.77e-06,-86.37541804710101,time,3574401740.0,15
PEPE,1785292020000,1785292080000,2.78e-06,2.79e-06,25.776881048489187,target,3572679286.0,15
PEPE,1785292620000,1785292680000,2.8000000000000003e-06,2.81e-06,25.694267442169632,target,3571128206.0,15
PEPE,1785293220000,1785295080000,2.8000000000000003e-06,2.78e-06,-86.37099406962157,time,3572001409.0,15
PEPE,1785300300000,1785301140000,2.74e-06,2.75e-06,25.946454886560783,target,3576354912.0,15
PEPE,1785301620000,1785301680000,2.74e-06,2.75e-06,25.952865223185174,target,3577238487.0,15
PEPE,1785302220000,1785302340000,2.74e-06,2.75e-06,25.959277141400715,target,3578122280.0,15
PEPE,1785304680000,1785305040000,2.7600000000000003e-06,2.77e-06,25.87649547535509,target,3576571593.0,15
PEPE,1785305760000,1785305880000,2.7500000000000004e-06,2.7600000000000003e-06,25.927459947899894,target,3578669420.0,15
PEPE,1785309480000,1785309600000,2.7600000000000003e-06,2.77e-06,25.889250201557275,target,3578334513.0,15
PEPE,1785310620000,1785310980000,2.7500000000000004e-06,2.7600000000000003e-06,25.940239801875187,target,3580433375.0,15
PEPE,1785311580000,1785311640000,2.7500000000000004e-06,2.7600000000000003e-06,25.94663758606578,target,3581316437.0,15
PEPE,1785312120000,1785312240000,2.7600000000000003e-06,2.77e-06,25.9083995752681,target,3580981282.0,15
PEPE,1785312780000,1785313080000,2.74e-06,2.75e-06,26.004105648554557,target,3584301261.0,15
PEPE,1785314580000,1785314640000,2.74e-06,2.75e-06,26.010530226745836,target,3585186799.0,15
PEPE,1785315120000,1785315240000,2.74e-06,2.75e-06,26.016956393780266,target,3586072556.0,15
PEPE,1785316440000,1785316500000,2.74e-06,2.75e-06,26.023384149661492,target,3586958532.0,15
PEPE,1785316920000,1785317400000,2.74e-06,2.75e-06,26.02981348712841,target,3587844726.0,15
PEPE,1785317820000,1785318000000,2.74e-06,2.75e-06,26.036244420699592,target,3588731140.0,15
PEPE,1785319620000,1785319800000,2.74e-06,2.75e-06,26.04267693585828,target,3589617772.0,15
PEPE,1785370020000,1785370080000,2.7200000000000002e-06,2.73e-06,26.13871468379995,target,3592950472.0,15
PEPE,1785370620000,1785370740000,2.73e-06,2.74e-06,26.10036655160492,target,3592617557.0,15
PEPE,1785375120000,1785375180000,2.73e-06,2.74e-06,26.10682599387603,target,3593506675.0,15
PEPE,1785375720000,1785375960000,2.74e-06,2.75e-06,26.068467198490247,target,3593172598.0,15
PEPE,1785376920000,1785377100000,2.7500000000000004e-06,2.7600000000000003e-06,26.030107267291466,target,3592837442.0,15
PEPE,1785377760000,1785377820000,2.7500000000000004e-06,2.7600000000000003e-06,26.036527221180144,target,3593723564.0,15
PEPE,1785378420000,1785378720000,2.7500000000000004e-06,2.7600000000000003e-06,26.042948761727402,target,3594609905.0,15
PEPE,1785379320000,1785379620000,2.7500000000000004e-06,2.7600000000000003e-06,26.04937188168078,target,3595496464.0,15
PEPE,1785382800000,1785382860000,2.7500000000000004e-06,2.7600000000000003e-06,26.055796588290917,target,3596383242.0,15
PEPE,1785385020000,1785385260000,2.7500000000000004e-06,2.7600000000000003e-06,26.062222874308993,target,3597270238.0,15
PEPE,1785385860000,1785385920000,2.7500000000000004e-06,2.7600000000000003e-06,26.06865074698565,target,3598157453.0,15
PEPE,1785386220000,1785386460000,2.7500000000000004e-06,2.7600000000000003e-06,26.075080206315434,target,3599044887.0,15
PEPE,1785390120000,1785390180000,2.74e-06,2.75e-06,26.126400129199023,target,3601157840.0,15
PEPE,1785391320000,1785391440000,2.74e-06,2.75e-06,26.132854924465622,target,3602047543.0,15
PEPE,1785393300000,1785393360000,2.74e-06,2.75e-06,26.13931130857538,target,3602937465.0,15
PEPE,1785393780000,1785393840000,2.74e-06,2.75e-06,26.14576929603959,target,3603827608.0,15
PEPE,1785395100000,1785395400000,2.74e-06,2.75e-06,26.152228872348772,target,3604717970.0,15
PEPE,1785397020000,1785397140000,2.73e-06,2.74e-06,26.203665007529697,target,3606836202.0,15
PEPE,1785398340000,1785398580000,2.73e-06,2.74e-06,26.21015002260042,target,3607728840.0,15
PEPE,1785399720000,1785399840000,2.73e-06,2.74e-06,26.216636635970435,target,3608621698.0,15
PEPE,1785400320000,1785402180000,2.7500000000000004e-06,2.73e-06,-86.94814490145183,time,3607058490.0,15
PEPE,1785402720000,1785402840000,2.74e-06,2.75e-06,26.15663507326459,target,3605325303.0,15
PEPE,1785403320000,1785403380000,2.74e-06,2.75e-06,26.163097341178986,target,3606216036.0,15
PEPE,1785403920000,1785404100000,2.74e-06,2.75e-06,26.169561197941995,target,3607106988.0,15
PEPE,1785458640000,1785458700000,2.77e-06,2.78e-06,24.578757223649532,target,3401904114.0,16
PEPE,1785459120000,1785459240000,2.77e-06,2.78e-06,24.584798378499208,target,3402740260.0,16
PEPE,1785459720000,1785459840000,2.78e-06,2.79e-06,24.548458272585194,target,3402419719.0,16
PEPE,1785460320000,1785460380000,2.79e-06,2.8e-06,24.512117242800112,target,3402098160.0,16
PEPE,1785461520000,1785461700000,2.79e-06,2.8e-06,24.51812125575951,target,3402931472.0,16
PEPE,1785468300000,1785468360000,2.74e-06,2.75e-06,24.736340714474338,target,3409557645.0,16
PEPE,1785469440000,1785469500000,2.74e-06,2.75e-06,24.742452079804206,target,3410400011.0,16
PEPE,1785469920000,1785470040000,2.74e-06,2.75e-06,24.748564954176018,target,3411242585.0,16
PEPE,1785470580000,1785470640000,2.74e-06,2.75e-06,24.75467933758432,target,3412085367.0,16
PEPE,1785471300000,1785472260000,2.74e-06,2.75e-06,24.760795230034567,target,3412928357.0,16
PEPE,1785472680000,1785473220000,2.74e-06,2.75e-06,24.76691263877877,target,3413771556.0,16
PEPE,1785474120000,1785474180000,2.74e-06,2.75e-06,24.77303155656492,target,3414614963.0,16
PEPE,1785475500000,1785477360000,2.7500000000000004e-06,2.73e-06,-82.30161621651018,time,3414296462.0,16
PEPE,1785477780000,1785477900000,2.74e-06,2.75e-06,24.75881853273561,target,3412655897.0,16
PEPE,1785481440000,1785481500000,2.73e-06,2.74e-06,24.807514119285564,target,3414661269.0,16
PEPE,1785484620000,1785485040000,2.74e-06,2.75e-06,24.771064399589648,target,3414343818.0,16
PEPE,1785486120000,1785486480000,2.73e-06,2.74e-06,24.81978406496632,target,3416350181.0,16
PEPE,1785487020000,1785487080000,2.73e-06,2.74e-06,24.82592659340601,target,3417195677.0,16
PEPE,1785488100000,1785488220000,2.73e-06,2.74e-06,24.832070632964463,target,3418041381.0,16
PEPE,1785488520000,1785488640000,2.73e-06,2.74e-06,24.83821619817572,target,3418887295.0,16
PEPE,1785490080000,1785490140000,2.7200000000000002e-06,2.73e-06,24.88703423767498,target,3420898177.0,16
PEPE,1785491040000,1785491100000,2.7200000000000002e-06,2.73e-06,24.89320398330055,target,3421746252.0,16
PEPE,1785491580000,1785491640000,2.7200000000000002e-06,2.73e-06,24.899375256674833,target,3422594537.0,16
PEPE,1785494820000,1785494880000,2.73e-06,2.74e-06,24.862845361855094,target,3422277407.0,16
PEPE,1785543300000,1785543360000,2.7600000000000003e-06,2.77e-06,24.74103307047422,target,3419631385.0,16
PEPE,1785544320000,1785544680000,2.77e-06,2.78e-06,24.704516968074728,target,3419310307.0,16
PEPE,1785545340000,1785545460000,2.77e-06,2.78e-06,24.710589024250584,target,3420150730.0,16
PEPE,1785545880000,1785545940000,2.77e-06,2.78e-06,24.71666258322518,target,3420991361.0,16
PEPE,1785546480000,1785546540000,2.78e-06,2.79e-06,24.680127563713746,target,3420669101.0,16
PEPE,1785547440000,1785547560000,2.77e-06,2.78e-06,24.728803697200043,target,3422671792.0,16
PEPE,1785548700000,1785548760000,2.78e-06,2.79e-06,24.692250733410553,target,3422349374.0,16
PEPE,1785549720000,1785549780000,2.78e-06,2.79e-06,24.698309320425672,target,3423189095.0,16
PEPE,1785551760000,1785553620000,2.78e-06,2.77e-06,-48.48425095152085,time,3424029022.0,16
PEPE,1785555120000,1785555180000,2.77e-06,2.78e-06,24.735104489650396,target,3423543874.0,16
PEPE,1785555780000,1785555900000,2.77e-06,2.78e-06,24.741184074275786,target,3424385339.0,16
PEPE,1785562140000,1785562200000,2.78e-06,2.79e-06,24.704612806184898,target,3424062759.0,16
PEPE,1785564120000,1785564180000,2.79e-06,2.8e-06,24.668040611774543,target,3423739155.0,16
PEPE,1785566580000,1785566640000,2.78e-06,2.79e-06,24.7167270797866,target,3425741799.0,16
PEPE,1785567840000,1785568020000,2.79e-06,2.8e-06,24.68013694937963,target,3425418036.0,16
PEPE,1785568380000,1785568440000,2.78e-06,2.79e-06,24.72884728411595,target,3427421661.0,16
PEPE,1785568920000,1785569040000,2.78e-06,2.79e-06,24.73491485380474,target,3428262627.0,16
PEPE,1785570540000,1785570660000,2.78e-06,2.79e-06,24.74098390978599,target,3429103799.0,16
PEPE,1785571620000,1785571680000,2.77e-06,2.78e-06,24.789780074525726,target,3431111429.0,16
PEPE,1785573720000,1785574500000,2.78e-06,2.79e-06,24.753136971226176,target,3430788215.0,16
PEPE,1785574980000,1785575040000,2.77e-06,2.78e-06,24.80195710397512,target,3432796831.0,16
PEPE,1785578040000,1785578220000,2.7600000000000003e-06,2.77e-06,24.85083931662525,target,3434808475.0,16
PEPE,1785578520000,1785580380000,2.7600000000000003e-06,2.74e-06,-82.86797843567942,time,3435654164.0,16
PEPE,1785583320000,1785583380000,2.7500000000000004e-06,2.7600000000000003e-06,24.87934553328195,target,3434002144.0,16
PEPE,1785628920000,1785628980000,2.77e-06,2.78e-06,24.799908260150456,target,3432513254.0,16
PEPE,1785629760000,1785629820000,2.78e-06,2.79e-06,24.763250193436285,target,3432189909.0,16
PEPE,1785630360000,1785630420000,2.78e-06,2.79e-06,24.769326197461126,target,3433032044.0,16
PEPE,1785631680000,1785631920000,2.78e-06,2.79e-06,24.775403702204247,target,3433874387.0,16
PEPE,1785633540000,1785633600000,2.81e-06,2.82e-06,24.653301854505465,target,3431218073.0,16
PEPE,1785634260000,1785634320000,2.81e-06,2.82e-06,24.65931960096066,target,3432055616.0,16
PEPE,1785637020000,1785637080000,2.86e-06,2.87e-06,24.45217940436582,target,3427074899.0,16
PEPE,1785638220000,1785638460000,2.8500000000000002e-06,2.86e-06,24.500680835563628,target,3429066597.0,16
PEPE,1785639420000,1785639480000,2.8500000000000002e-06,2.86e-06,24.5066199596237,target,3429897825.0,16
PEPE,1785641880000,1785642180000,2.88e-06,2.89e-06,24.384832109330585,target,3427242742.0,16
PEPE,1785643500000,1785643560000,2.87e-06,2.88e-06,24.433269898876055,target,3429230863.0,16
PEPE,1785646440000,1785646560000,2.88e-06,2.89e-06,24.396604275269947,target,3428897298.0,16
PEPE,1785648240000,1785648300000,2.88e-06,2.89e-06,24.40248736282695,target,3429724155.0,16
PEPE,1785651180000,1785651240000,2.92e-06,2.93e-06,24.238306585351694,target,3425909058.0,16
PEPE,1785655080000,1785655200000,2.92e-06,2.93e-06,24.24411076677574,target,3426729437.0,16
PEPE,1785655680000,1785655740000,2.92e-06,2.93e-06,24.249916349048256,target,3427550014.0,16
PEPE,1785656280000,1785656340000,2.92e-06,2.93e-06,24.2557233109506,target,3428370786.0,16
PEPE,1785658080000,1785658320000,2.9300000000000003e-06,2.9400000000000002e-06,24.219046567485865,target,3428032069.0,16
PEPE,1785661980000,1785662100000,2.91e-06,2.92e-06,24.309855263718582,target,3431172232.0,16
PEPE,1785662880000,1785664140000,2.91e-06,2.92e-06,24.315686785521095,target,3431995312.0,16
PEPE,1785665520000,1785665580000,2.9e-06,2.91e-06,24.364092931696554,target,3433980681.0,16
PEPE,1785667080000,1785667200000,2.9e-06,2.91e-06,24.369947690221828,target,3434805876.0,16
PEPE,1785667620000,1785667740000,2.9e-06,2.91e-06,24.37580386065024,target,3435631270.0,16
PEPE,1785668220000,1785668280000,2.8900000000000003e-06,2.9e-06,24.424294213793694,target,3437620579.0,16
PEPE,1785715380000,1785715440000,2.9e-06,2.91e-06,24.387530661120582,target,3437284096.0,16
PEPE,1785715980000,1785716100000,2.8900000000000003e-06,2.9e-06,24.436044349115107,target,3439274363.0,16
PEPE,1785717900000,1785719760000,2.8900000000000003e-06,2.87e-06,-83.6460868166252,time,3440102275.0,16
PEPE,1785721620000,1785721740000,2.87e-06,2.88e-06,24.507134617123793,target,3439597841.0,16
PEPE,1785723720000,1785723780000,2.87e-06,2.88e-06,24.513054665624253,target,3440428725.0,16
PEPE,1785725100000,1785725220000,2.87e-06,2.88e-06,24.51897614624997,target,3441259810.0,16
PEPE,1785725640000,1785725700000,2.87e-06,2.88e-06,24.524899051875764,target,3442091095.0,16
PEPE,1785727020000,1785727080000,2.86e-06,2.87e-06,24.573579823990492,target,3444089674.0,16
PEPE,1785727800000,1785727920000,2.86e-06,2.87e-06,24.579526268554204,target,3444923093.0,16
PEPE,1785728220000,1785728280000,2.86e-06,2.87e-06,24.58547415438969,target,3445756714.0,16
PEPE,1785728820000,1785730620000,2.86e-06,2.87e-06,24.591423481495127,target,3446590537.0,16
PEPE,1785730920000,1785730980000,2.86e-06,2.87e-06,24.59737424273489,target,3447424561.0,16
PEPE,1785731700000,1785731820000,2.86e-06,2.87e-06,24.603326445244612,target,3448258787.0,16
PEPE,1785732120000,1785732180000,2.86e-06,2.87e-06,24.6092800890261,target,3449093215.0,16
PEPE,1785732720000,1785732960000,2.86e-06,2.87e-06,24.615235174073906,target,3449927845.0,16
PEPE,1785733320000,1785733440000,2.86e-06,2.87e-06,24.62119170039348,target,3450762677.0,16
PEPE,1785734340000,1785734400000,2.86e-06,2.87e-06,24.62714966798483,target,3451597711.0,16
PEPE,1785737040000,1785737400000,2.8500000000000002e-06,2.86e-06,24.675998150701027,target,3453603660.0,16
PEPE,1785742860000,1785742920000,2.83e-06,2.84e-06,24.76786606547414,target,3456785215.0,16
PEPE,1785743280000,1785743340000,2.83e-06,2.84e-06,24.773890848871382,target,3457626078.0,16
PEPE,1785743880000,1785743940000,2.83e-06,2.84e-06,24.779917108256065,target,3458467147.0,16
PEPE,1785744720000,1785744840000,2.83e-06,2.84e-06,24.78594482213631,target,3459308419.0,16
PEPE,1785745560000,1785745680000,2.82e-06,2.83e-06,24.835002720674048,target,3461324421.0,16
PEPE,1785747420000,1785747480000,2.83e-06,2.84e-06,24.798015124434006,target,3460993039.0,16
PEPE,1785802440000,1785802500000,2.9e-06,2.91e-06,24.50351567697033,target,3453631526.0,16
PEPE,1785802920000,1785802980000,2.9e-06,2.91e-06,24.509403945179915,target,3454461444.0,16
PEPE,1785804480000,1785804600000,2.8900000000000003e-06,2.9e-06,24.55816006587932,target,3456461656.0,16
PEPE,1785805620000,1785805680000,2.8900000000000003e-06,2.9e-06,24.564071788236692,target,3457293707.0,16
PEPE,1785806220000,1785806280000,2.9e-06,2.91e-06,24.527097839310382,target,3456955298.0,16
PEPE,1785806820000,1785806940000,2.91e-06,2.92e-06,24.4901234176952,target,3456615867.0,16
PEPE,1785807420000,1785807480000,2.9300000000000003e-06,2.9400000000000002e-06,24.410327909985988,target,3455106569.0,16
PEPE,1785812580000,1785812700000,2.9400000000000002e-06,2.95e-06,24.373361127634308,target,3454764157.0,16
PEPE,1785814620000,1785814680000,2.9400000000000002e-06,2.95e-06,24.379177220249517,target,3455588550.0,16
PEPE,1785815280000,1785815340000,2.9400000000000002e-06,2.95e-06,24.38499470269853,target,3456413140.0,16
PEPE,1785816780000,1785816840000,2.9300000000000003e-06,2.9400000000000002e-06,24.433646140303516,target,3458407097.0,16
PEPE,1785818220000,1785818280000,2.9400000000000002e-06,2.95e-06,24.396644052745756,target,3458064359.0,16
PEPE,1785819420000,1785820500000,2.96e-06,2.92e-06,-153.47092886880057,stop,3456552452.0,16
PEPE,1785822000000,1785822180000,2.9300000000000003e-06,2.9400000000000002e-06,24.408632423025107,target,3454866585.0,16
PEPE,1785823320000,1785823380000,2.9300000000000003e-06,2.9400000000000002e-06,24.414467159251803,target,3455692450.0,16
PEPE,1785829020000,1785829560000,2.92e-06,2.93e-06,24.463141439700497,target,3457687836.0,16
PEPE,1785830520000,1785830760000,2.92e-06,2.93e-06,24.46899946187585,target,3458515825.0,16
PEPE,1785831180000,1785831240000,2.91e-06,2.92e-06,24.517746564480237,target,3460514688.0,16
PEPE,1785831780000,1785831840000,2.91e-06,2.92e-06,24.523627957595522,target,3461344807.0,16
PEPE,1785832920000,1785832980000,2.91e-06,2.92e-06,24.52951075354062,target,3462175124.0,16
PEPE,1785833580000,1785833700000,2.91e-06,2.92e-06,24.535394966485846,target,3463005641.0,16
PEPE,1785834480000,1785836340000,2.91e-06,2.88e-06,-118.930821317596,time,3463836357.0,16
PEPE,1785839100000,1785839220000,2.8900000000000003e-06,2.9e-06,24.59859609871988,target,3462152864.0,16
PEPE,1785839520000,1785839580000,2.8900000000000003e-06,2.9e-06,24.60451754781804,target,3462986284.0,16
PEPE,1785896640000,1785896700000,2.8900000000000003e-06,2.9e-06,24.610440425025107,target,3463819905.0,16
PEPE,1785897120000,1785897240000,2.8900000000000003e-06,2.9e-06,24.61636472322955,target,3464653726.0,16
PEPE,1785898020000,1785898140000,2.8900000000000003e-06,2.9e-06,24.62229044953926,target,3465487748.0,16
PEPE,1785898860000,1785898920000,2.8900000000000003e-06,2.9e-06,24.628217603954237,target,3466321971.0,16
PEPE,1785899220000,1785899280000,2.88e-06,2.89e-06,24.677174396189464,target,3468330906.0,16
PEPE,1785903720000,1785905580000,2.86e-06,2.84e-06,-84.25377217323049,time,3471519249.0,16
PEPE,1785906660000,1785906720000,2.86e-06,2.87e-06,24.748901664734774,target,3468661761.0,16
PEPE,1785907020000,1785907080000,2.86e-06,2.87e-06,24.75489054114463,target,3469501127.0,16
PEPE,1785908580000,1785908700000,2.86e-06,2.87e-06,24.760880858824436,target,3470340695.0,16
PEPE,1785909120000,1785909240000,2.86e-06,2.87e-06,24.766872632045434,target,3471180467.0,16
PEPE,1785910740000,1785912120000,2.86e-06,2.87e-06,24.772865846536387,target,3472020441.0,16
PEPE,1785912840000,1785912960000,2.8500000000000002e-06,2.86e-06,24.82200336055521,target,3474038259.0,16
PEPE,1785913980000,1785914040000,2.8500000000000002e-06,2.86e-06,24.82802038655016,target,3474880390.0,16
PEPE,1785914880000,1785914940000,2.8500000000000002e-06,2.86e-06,24.834038862980684,target,3475722724.0,16
PEPE,1785916020000,1785916140000,2.8500000000000002e-06,2.86e-06,24.840058796989215,target,3476565262.0,16
PEPE,1785916620000,1785916680000,2.8500000000000002e-06,2.86e-06,24.84608019572547,target,3477408005.0,16
PEPE,1785917220000,1785919020000,2.86e-06,2.87e-06,24.80890788520516,target,3477071883.0,16
PEPE,1785921120000,1785921240000,2.86e-06,2.87e-06,24.814911281339757,target,3477913284.0,16
PEPE,1785921720000,1785921900000,2.87e-06,2.88e-06,24.777729341998903,target,3477576048.0,16
PEPE,1785923820000,1785923880000,2.87e-06,2.88e-06,24.783714762375983,target,3478416107.0,16
PEPE,1785924660000,1785924840000,2.87e-06,2.88e-06,24.78970162199984,target,3479256368.0,16
PEPE,1785925500000,1785925620000,2.87e-06,2.88e-06,24.79568992800109,target,3480096832.0,16
PEPE,1785926760000,1785926880000,2.87e-06,2.88e-06,24.801679680376097,target,3480937499.0,16
PEPE,1785929280000,1785929400000,2.86e-06,2.87e-06,24.850909846454478,target,3482958633.0,16
PEPE,1785976020000,1785976080000,2.88e-06,2.89e-06,24.770453846284568,target,3481441159.0,16
PEPE,1785976740000,1785976800000,2.87e-06,2.88e-06,24.81965763000128,target,3483460720.0,16
PEPE,1785977220000,1785977280000,2.88e-06,2.89e-06,24.78241218331501,target,3483121881.0,16
PEPE,1785977820000,1785977880000,2.8900000000000003e-06,2.9e-06,24.74516617394685,target,3482782009.0,16
PEPE,1785979020000,1785980880000,2.88e-06,2.86e-06,-84.68065173689921,time,3484800483.0,16
PEPE,1785984600000,1785984720000,2.8400000000000003e-06,2.8500000000000002e-06,24.9470160098413,target,3486654928.0,16
PEPE,1785985080000,1785985140000,2.8400000000000003e-06,2.8500000000000002e-06,24.953073847829888,target,3487501586.0,16
PEPE,1785986220000,1785986280000,2.8400000000000003e-06,2.8500000000000002e-06,24.95913315974819,target,3488348450.0,16
PEPE,1785986820000,1785986880000,2.8400000000000003e-06,2.8500000000000002e-06,24.965193945599843,target,3489195520.0,16
PEPE,1785987840000,1785988020000,2.8400000000000003e-06,2.8500000000000002e-06,24.971256198224673,target,3490042795.0,16
PEPE,1785988620000,1785988800000,2.8400000000000003e-06,2.8500000000000002e-06,24.97731992478104,target,3490890276.0,16
PEPE,1785990120000,1785990180000,2.83e-06,2.84e-06,25.026791919320388,target,3492922808.0,16
PEPE,1785991620000,1785991680000,2.8400000000000003e-06,2.8500000000000002e-06,24.989462338996198,target,3492587329.0,16
PEPE,1785993180000,1785993240000,2.8500000000000002e-06,2.86e-06,24.95213204459501,target,3492250811.0,16
PEPE,1785993840000,1785994020000,2.8500000000000002e-06,2.86e-06,24.958180608620083,target,3493097356.0,16
PEPE,1785995040000,1785995100000,2.8500000000000002e-06,2.86e-06,24.964230637369244,target,3493944106.0,16
PEPE,1785996000000,1785996060000,2.8500000000000002e-06,2.86e-06,24.970282130846133,target,3494791061.0,16
PEPE,1785998100000,1785998160000,2.8500000000000002e-06,2.86e-06,24.976335096189548,target,3495638222.0,16
PEPE,1785999120000,1785999240000,2.8500000000000002e-06,2.86e-06,24.98238952626069,target,3496485588.0,16
PEPE,1785999720000,1785999960000,2.8500000000000002e-06,2.86e-06,24.988445421054095,target,3497333159.0,16
PEPE,1786000320000,1786000560000,2.8400000000000003e-06,2.8500000000000002e-06,25.037974927575164,target,3499367565.0,16
PEPE,1786002780000,1786002840000,2.8400000000000003e-06,2.8500000000000002e-06,25.044054853050763,target,3500217310.0,16
PEPE,1786004160000,1786004520000,2.83e-06,2.84e-06,25.093659023879468,target,3502255272.0,16
PEPE,1786005120000,1786005840000,2.83e-06,2.84e-06,25.099763066507045,target,3503107197.0,16
PEPE,1786061520000,1786061700000,2.81e-06,2.82e-06,25.193045190493674,target,3506338927.0,16
PEPE,1786063560000,1786063680000,2.81e-06,2.82e-06,25.19919468111039,target,3507194806.0,16
PEPE,1786064220000,1786064340000,2.81e-06,2.82e-06,25.205345673390088,target,3508050894.0,16
PEPE,1786068060000,1786068120000,2.8000000000000003e-06,2.81e-06,25.255162844623925,target,3510099075.0,16
PEPE,1786068660000,1786068780000,2.79e-06,2.8e-06,25.30504321411044,target,3512150342.0,16
PEPE,1786069320000,1786069500000,2.79e-06,2.8e-06,25.31124144504914,target,3513010610.0,16
PEPE,1786070220000,1786070520000,2.8000000000000003e-06,2.81e-06,25.27371474920529,target,3512677519.0,16
PEPE,1786071720000,1786071780000,2.8000000000000003e-06,2.81e-06,25.279894613848768,target,3513536430.0,16
PEPE,1786073280000,1786073340000,2.8000000000000003e-06,2.81e-06,25.286075996639234,target,3514395552.0,16
PEPE,1786074720000,1786076460000,2.8000000000000003e-06,2.81e-06,25.292258883185415,target,3515254883.0,16
PEPE,1786076820000,1786077000000,2.8000000000000003e-06,2.81e-06,25.298443287873127,target,3516114425.0,16
PEPE,1786077480000,1786079340000,2.8000000000000003e-06,2.78e-06,-85.04043559986094,time,3516974177.0,16
PEPE,1786080540000,1786080660000,2.79e-06,2.8e-06,25.32757927969446,target,3515278179.0,16
PEPE,1786082220000,1786082280000,2.8000000000000003e-06,2.81e-06,25.290028361236917,target,3514944873.0,16
PEPE,1786083480000,1786083540000,2.8000000000000003e-06,2.81e-06,25.296212211908983,target,3515804338.0,16
PEPE,1786086000000,1786086120000,2.8000000000000003e-06,2.81e-06,25.302397580729856,target,3516664014.0,16
PEPE,1786086720000,1786086780000,2.8000000000000003e-06,2.81e-06,25.308584467695898,target,3517523901.0,16
PEPE,1786088640000,1786088700000,2.8000000000000003e-06,2.81e-06,25.314772858415836,target,3518383997.0,16
PEPE,1786089180000,1786089240000,2.8000000000000003e-06,2.81e-06,25.320962767279127,target,3519244304.0,16
PEPE,1786089720000,1786089840000,2.8000000000000003e-06,2.81e-06,25.327154187094678,target,3520104821.0,16
PEPE,1786090920000,1786090980000,2.81e-06,2.82e-06,25.289547263190514,target,3519769974.0,16
PEPE,1786091520000,1786091580000,2.81e-06,2.82e-06,25.295720313421132,target,3520629132.0,16
PEPE,1786093740000,1786093800000,2.81e-06,2.82e-06,25.301894865316548,target,3521488499.0,16
PEPE,1786094220000,1786094400000,2.81e-06,2.82e-06,25.308070926061035,target,3522348076.0,16
PEPE,1786149120000,1786150620000,2.81e-06,2.82e-06,25.314248495656404,target,3523207863.0,16
PEPE,1786151580000,1786151640000,2.81e-06,2.82e-06,25.32042757409902,target,3524067860.0,16
PEPE,1786154040000,1786154100000,2.83e-06,2.84e-06,25.238969379580748,target,3522535852.0,16
PEPE,1786154760000,1786154880000,2.83e-06,2.84e-06,25.245108767148245,target,3523392710.0,16
PEPE,1786156380000,1786156500000,2.83e-06,2.84e-06,25.251249645040815,target,3524249776.0,16
PEPE,1786157940000,1786158000000,2.83e-06,2.84e-06,25.257392013251167,target,3525107050.0,16
PEPE,1786161840000,1786163280000,2.86e-06,2.87e-06,25.13217278081074,target,3522378806.0,16
PEPE,1786163940000,1786164000000,2.87e-06,2.88e-06,25.09451547037523,target,3522037259.0,16
PEPE,1786166880000,1786166940000,2.86e-06,2.87e-06,25.14432690369618,target,3524082257.0,16
PEPE,1786167480000,1786167540000,2.86e-06,2.87e-06,25.15041146045403,target,3524935033.0,16
PEPE,1786168080000,1786168440000,2.86e-06,2.87e-06,25.15649749416176,target,3525788016.0,16
PEPE,1786169040000,1786169280000,2.86e-06,2.87e-06,25.162584997674646,target,3526641205.0,16
PEPE,1786169880000,1786170060000,2.86e-06,2.87e-06,25.16867397099997,target,3527494600.0,16
PEPE,1786170480000,1786170780000,2.86e-06,2.87e-06,25.174764421269714,target,3528348202.0,16
PEPE,1786171380000,1786171560000,2.86e-06,2.87e-06,25.180856348485698,target,3529202011.0,16
PEPE,1786173180000,1786173240000,2.86e-06,2.87e-06,25.18694974551048,target,3530056026.0,16
PEPE,1786173720000,1786173840000,2.86e-06,2.87e-06,25.19304461947968,target,3530910248.0,16
PEPE,1786175100000,1786175280000,2.86e-06,2.87e-06,25.1991409632595,target,3531764676.0,16
PEPE,1786178280000,1786178400000,2.87e-06,2.88e-06,25.161383310375612,target,3531422219.0,16
PEPE,1786179540000,1786179600000,2.86e-06,2.87e-06,25.211327471911503,target,3533472666.0,16
PEPE,1786180440000,1786180500000,2.87e-06,2.88e-06,25.1735515635013,target,3533130044.0,16
PEPE,1786182540000,1786182660000,2.87e-06,2.88e-06,25.179632594249444,target,3533983522.0,16
PEPE,1786183320000,1786183380000,2.87e-06,2.88e-06,25.18571509275048,target,3534837206.0,16
PEPE,1786184940000,1786185060000,2.86e-06,2.87e-06,25.235707552860124,target,3536889636.0,16
PEPE,1786236840000,1786236960000,2.8500000000000002e-06,2.86e-06,25.285763125331457,target,3538945154.0,16
PEPE,1786238580000,1786238760000,2.8500000000000002e-06,2.86e-06,25.291892563610602,target,3539803018.0,16
PEPE,1786239420000,1786239600000,2.8500000000000002e-06,2.86e-06,25.298023488050248,target,3540661090.0,16
PEPE,1786240080000,1786240740000,2.8500000000000002e-06,2.86e-06,25.304155891506138,target,3541519369.0,16
PEPE,1786242180000,1786242300000,2.8500000000000002e-06,2.86e-06,25.310289788264967,target,3542377857.0,16
PEPE,1786243320000,1786243680000,2.8400000000000003e-06,2.8500000000000002e-06,25.360457217073687,target,3544438465.0,16
PEPE,1786244520000,1786244580000,2.8400000000000003e-06,2.8500000000000002e-06,25.366615454026906,target,3545299155.0,16
PEPE,1786245120000,1786245180000,2.8400000000000003e-06,2.8500000000000002e-06,25.372775186370355,target,3546160054.0,16
PEPE,1786245720000,1786245780000,2.8400000000000003e-06,2.8500000000000002e-06,25.378936414111298,target,3547021162.0,16
PEPE,1786249080000,1786249140000,2.8500000000000002e-06,2.86e-06,25.341024305857367,target,3546679399.0,16
PEPE,1786250340000,1786250700000,2.8500000000000002e-06,2.86e-06,25.347167141010175,target,3547539138.0,16
PEPE,1786251240000,1786251300000,2.8500000000000002e-06,2.86e-06,25.353311462323482,target,3548399085.0,16
PEPE,1786252080000,1786252200000,2.8500000000000002e-06,2.86e-06,25.359457276945193,target,3549259241.0,16
PEPE,1786252620000,1786252680000,2.8500000000000002e-06,2.86e-06,25.365604577725588,target,3550119605.0,16
PEPE,1786253580000,1786254060000,2.8500000000000002e-06,2.86e-06,25.371753364666482,target,3550980177.0,16
PEPE,1786255440000,1786255560000,2.8500000000000002e-06,2.86e-06,25.37790365205458,target,3551840959.0,16
PEPE,1786256040000,1786256100000,2.8500000000000002e-06,2.86e-06,25.384055418460743,target,3552701948.0,16
PEPE,1786256760000,1786257060000,2.8500000000000002e-06,2.86e-06,25.390208685315926,target,3553563147.0,16
PEPE,1786258620000,1786258740000,2.87e-06,2.88e-06,25.308111092999287,target,3552015592.0,16
PEPE,1786259220000,1786261080000,2.87e-06,2.86e-06,-50.78832856943877,time,3552873632.0,16
PEPE,1786261620000,1786261800000,2.87e-06,2.88e-06,25.30195598362404,target,3551151717.0,16
PEPE,1786263660000,1786263720000,2.87e-06,2.88e-06,25.308068029498614,target,3552009548.0,16
PEPE,1786267020000,1786267080000,2.87e-06,2.88e-06,25.31418155737459,target,3552867587.0,16
PEPE,1786267740000,1786267980000,2.87e-06,2.88e-06,25.320296560124977,target,3553725833.0,16
PEPE,1786321440000,1786321500000,2.8900000000000003e-06,2.9e-06,25.23821649793521,target,3552176847.0,16
PEPE,1786323480000,1786323840000,2.9e-06,2.91e-06,25.200227826344893,target,3551829151.0,16
PEPE,1786325640000,1786325700000,2.8900000000000003e-06,2.9e-06,25.250358189805127,target,3553885741.0,16
PEPE,1786326900000,1786326960000,2.92e-06,2.93e-06,25.124270149249462,target,3551133590.0,16
PEPE,1786330920000,1786330980000,2.9e-06,2.91e-06,25.218388684996658,target,3554388821.0,16
PEPE,1786331520000,1786331820000,2.91e-06,2.87e-06,-157.5328151544742,stop,3554039823.0,16
PEPE,1786332120000,1786332180000,2.9e-06,2.91e-06,25.186593144898747,target,3549907420.0,16
PEPE,1786333620000,1786333740000,2.8900000000000003e-06,2.9e-06,25.23669638318532,target,3551962897.0,16
PEPE,1786334520000,1786334700000,2.8900000000000003e-06,2.9e-06,25.242771442385386,target,3552817937.0,16
PEPE,1786335480000,1786335540000,2.9e-06,2.91e-06,25.20477591290929,target,3552470178.0,16
PEPE,1786336320000,1786336440000,2.8900000000000003e-06,2.9e-06,25.254915329701443,target,3554527140.0,16
PEPE,1786337820000,1786337880000,2.88e-06,2.89e-06,25.305117892426562,target,3556587195.0,16
PEPE,1786338540000,1786338600000,2.8900000000000003e-06,2.9e-06,25.267086294168994,target,3556240154.0,16
PEPE,1786340640000,1786340700000,2.9e-06,2.91e-06,25.2290541727948,target,3555892061.0,16
PEPE,1786341720000,1786341780000,2.9e-06,2.91e-06,25.235116786440372,target,3556746552.0,16
PEPE,1786342620000,1786342800000,2.9e-06,2.91e-06,25.241180861656552,target,3557601249.0,16
PEPE,1786343520000,1786343580000,2.9e-06,2.91e-06,25.247246384250296,target,3558456150.0,16
PEPE,1786344120000,1786344240000,2.9e-06,2.91e-06,25.25331337551026,target,3559311258.0,16
PEPE,1786344720000,1786344840000,2.8900000000000003e-06,2.9e-06,25.303549346006914,target,3561372181.0,16
PEPE,1786345320000,1786345500000,2.9e-06,2.91e-06,25.265462335574274,target,3561023585.0,16
PEPE,1786346520000,1786346580000,2.9e-06,2.91e-06,25.27153369735483,target,3561879309.0,16
PEPE,1786347300000,1786347360000,2.9e-06,2.91e-06,25.277606520704175,target,3562735239.0,16
PEPE,1786347960000,1786348080000,2.8900000000000003e-06,2.9e-06,25.327890813122096,target,3564798144.0,16
PEPE,1786349880000,1786350060000,2.8900000000000003e-06,2.9e-06,25.333987826770844,target,3565656274.0,16
PEPE,1786407480000,1786407540000,2.87e-06,2.88e-06,25.428638832749535,target,3568931766.0,16
PEPE,1786409280000,1786409340000,2.87e-06,2.88e-06,25.43478148762528,target,3569793893.0,16
PEPE,1786410480000,1786410540000,2.87e-06,2.88e-06,25.440925617375434,target,3570656227.0,16
PEPE,1786411260000,1786411380000,2.87e-06,2.88e-06,25.447071236250334,target,3571518770.0,16
PEPE,1786412340000,1786412400000,2.87e-06,2.88e-06,25.453218344249976,target,3572381522.0,16
PEPE,1786412820000,1786412880000,2.87e-06,2.88e-06,25.45936693425102,target,3573244482.0,16
PEPE,1786415400000,1786415460000,2.88e-06,2.89e-06,25.421161507534435,target,3572896909.0,16
PEPE,1786417020000,1786417080000,2.88e-06,2.89e-06,25.427291656349365,target,3573758490.0,16
PEPE,1786421040000,1786421160000,2.86e-06,2.87e-06,25.522207156251618,target,3577043750.0,16
PEPE,1786423020000,1786423080000,2.86e-06,2.87e-06,25.528383155169603,target,3577909342.0,16
PEPE,1786423620000,1786423740000,2.86e-06,2.87e-06,25.534560652440696,target,3578775144.0,16
PEPE,1786424220000,1786424340000,2.86e-06,2.87e-06,25.540739640923807,target,3579641155.0,16
PEPE,1786425120000,1786425180000,2.86e-06,2.87e-06,25.54692012776002,target,3580507376.0,16
PEPE,1786425720000,1786425840000,2.8500000000000002e-06,2.86e-06,25.597592996236266,target,3582588243.0,16
PEPE,1786426380000,1786426440000,2.8500000000000002e-06,2.86e-06,25.60379802147206,target,3583456686.0,16
PEPE,1786427520000,1786427700000,2.86e-06,2.87e-06,25.56549209038951,target,3583110314.0,16
PEPE,1786428180000,1786428360000,2.86e-06,2.87e-06,25.571678563489783,target,3583977374.0,16
PEPE,1786429440000,1786429500000,2.87e-06,2.88e-06,25.53336270975012,target,3583629854.0,16
PEPE,1786430640000,1786430700000,2.87e-06,2.88e-06,25.539530658374638,target,3584495531.0,16
PEPE,1786431840000,1786431900000,2.86e-06,2.87e-06,25.590225425188844,target,3586576794.0,16
PEPE,1786434960000,1786435080000,2.8500000000000002e-06,2.86e-06,25.640984195404712,target,3588661189.0,16
PEPE,1786435920000,1786436100000,2.8500000000000002e-06,2.86e-06,25.64719973808127,target,3589531104.0,16
PEPE,1786436700000,1786436940000,2.8500000000000002e-06,2.86e-06,25.653416788349286,target,3590401230.0,16
PEPE,1786437420000,1786437780000,2.8500000000000002e-06,2.86e-06,25.6596353533603,target,3591271568.0,16
PEPE,1786493100000,1786493220000,2.83e-06,2.84e-06,25.755165305924905,target,3594579945.0,16
PEPE,1786494180000,1786494240000,2.83e-06,2.84e-06,25.7614302601209,target,3595454328.0,16
PEPE,1786495320000,1786495380000,2.8400000000000003e-06,2.8500000000000002e-06,25.7230049021557,target,3595109001.0,16
PEPE,1786496520000,1786496760000,2.8400000000000003e-06,2.8500000000000002e-06,25.729251174225823,target,3595981995.0,16
PEPE,1786499520000,1786499580000,2.8500000000000002e-06,2.86e-06,25.69081575467566,target,3595635515.0,16
PEPE,1786501320000,1786501800000,2.8500000000000002e-06,2.86e-06,25.69704337954397,target,3596507121.0,16
PEPE,1786502640000,1786502760000,2.8400000000000003e-06,2.8500000000000002e-06,25.747977390481,target,3598599216.0,16
PEPE,1786504020000,1786504080000,2.8400000000000003e-06,2.8500000000000002e-06,25.7542297228339,target,3599473057.0,16
PEPE,1786506780000,1786508220000,2.8500000000000002e-06,2.86e-06,25.715756991945593,target,3599126241.0,16
PEPE,1786508520000,1786508580000,2.8500000000000002e-06,2.86e-06,25.721990661484632,target,3599998693.0,16
PEPE,1786509240000,1786509300000,2.8400000000000003e-06,2.8500000000000002e-06,25.7729741199447,target,3602092819.0,16
PEPE,1786509720000,1786510020000,2.8500000000000002e-06,2.86e-06,25.7344733837514,target,3601745750.0,16
PEPE,1786511220000,1786511340000,2.8400000000000003e-06,2.8500000000000002e-06,25.785481582260893,target,3603840892.0,16
PEPE,1786512420000,1786512480000,2.8500000000000002e-06,2.86e-06,25.74696216497378,target,3603493655.0,16
PEPE,1786513080000,1786513140000,2.8500000000000002e-06,2.86e-06,25.75320340107081,target,3604367166.0,16
PEPE,1786514640000,1786514940000,2.8400000000000003e-06,2.8500000000000002e-06,25.804248725114405,target,3606463833.0,16
PEPE,1786515480000,1786515540000,2.8400000000000003e-06,2.8500000000000002e-06,25.810514723520658,target,3607339584.0,16
PEPE,1786517520000,1786517820000,2.83e-06,2.84e-06,25.86163700530416,target,3609439917.0,16
PEPE,1786518240000,1786518300000,2.83e-06,2.84e-06,25.86792785381153,target,3610317914.0,16
PEPE,1786518900000,1786519020000,2.83e-06,2.84e-06,25.874220235624087,target,3611196125.0,16
PEPE,1786520280000,1786520640000,2.83e-06,2.84e-06,25.88051414358575,target,3612074549.0,16
PEPE,1786521420000,1786521480000,2.83e-06,2.84e-06,25.886809584854426,target,3612953187.0,16
PEPE,1786522080000,1786522140000,2.83e-06,2.84e-06,25.89310655227039,target,3613832038.0,16
PEPE,1786522620000,1786522680000,2.82e-06,2.83e-06,25.94435581727697,target,3615938093.0,16
PEPE,1786579320000,1786579440000,2.6700000000000003e-06,2.68e-06,26.62878506417474,target,3635329019.0,16
PEPE,1786579980000,1786580040000,2.6700000000000003e-06,2.68e-06,26.63544331337596,target,3636237995.0,16
PEPE,1786581360000,1786581480000,2.68e-06,2.69e-06,26.596657503185938,target,3635906699.0,16
PEPE,1786582260000,1786582320000,2.68e-06,2.69e-06,26.603296377735738,target,3636814269.0,16
PEPE,1786582680000,1786582740000,2.68e-06,2.69e-06,26.609936905475784,target,3637722065.0,16
PEPE,1786585200000,1786585260000,2.68e-06,2.69e-06,26.616579101035583,target,3638630089.0,16
PEPE,1786585920000,1786585980000,2.68e-06,2.69e-06,26.623222949785628,target,3639538339.0,16
PEPE,1786586760000,1786586880000,2.68e-06,2.69e-06,26.629868451725915,target,3640446815.0,16
PEPE,1786588320000,1786588500000,2.68e-06,2.69e-06,26.636515621485955,target,3641355519.0,16
PEPE,1786591620000,1786591680000,2.7100000000000003e-06,2.7200000000000002e-06,26.506774980486128,target,3638541521.0,16
PEPE,1786592820000,1786592880000,2.7100000000000003e-06,2.7200000000000002e-06,26.51335754621423,target,3639445099.0,16
PEPE,1786593420000,1786593540000,2.7200000000000002e-06,2.73e-06,26.474517982275234,target,3639109001.0,16
PEPE,1786594620000,1786594740000,2.7100000000000003e-06,2.7200000000000002e-06,26.526516310586008,target,3641251381.0,16
PEPE,1786595940000,1786596000000,2.7100000000000003e-06,2.7200000000000002e-06,26.5331037864059,target,3642155633.0,16
PEPE,1786596420000,1786596480000,2.7100000000000003e-06,2.7200000000000002e-06,26.53969289406504,target,3643060109.0,16
PEPE,1786598220000,1786598280000,2.7100000000000003e-06,2.7200000000000002e-06,26.546283633565253,target,3643964809.0,16
PEPE,1786598820000,1786598880000,2.7100000000000003e-06,2.7200000000000002e-06,26.552876012189916,target,3644869734.0,16
PEPE,1786599420000,1786599540000,2.7200000000000002e-06,2.73e-06,26.51397856440069,target,3644533136.0,16
PEPE,1786600140000,1786600260000,2.7200000000000002e-06,2.73e-06,26.520551643300728,target,3645436652.0,16
PEPE,1786604100000,1786604160000,2.7200000000000002e-06,2.73e-06,26.52712635179952,target,3646340392.0,16
PEPE,1786605180000,1786605240000,2.7200000000000002e-06,2.73e-06,26.533702689900704,target,3647244356.0,16
PEPE,1786605720000,1786605840000,2.7200000000000002e-06,2.73e-06,26.54028065760064,target,3648148544.0,16
PEPE,1786606320000,1786606380000,2.7200000000000002e-06,2.73e-06,26.546860262174068,target,3649052957.0,16
PEPE,1786606920000,1786606980000,2.7200000000000002e-06,2.73e-06,26.55344149635171,target,3649957594.0,16
PEPE,1786665960000,1786666020000,2.68e-06,2.69e-06,24.961314801117403,target,3412346521.0,17
PEPE,1786667640000,1786667820000,2.68e-06,2.69e-06,24.96754546940558,target,3413198287.0,17
PEPE,1786668180000,1786668240000,2.68e-06,2.69e-06,24.973777695788595,target,3414050266.0,17
PEPE,1786671120000,1786671180000,2.69e-06,2.7e-06,24.937357222274983,target,3413738155.0,17
PEPE,1786672380000,1786672500000,2.7e-06,2.71e-06,24.90093547712921,target,3413425014.0,17
PEPE,1786672980000,1786673040000,2.7e-06,2.71e-06,24.907129858595034,target,3414274141.0,17
PEPE,1786673760000,1786673820000,2.7e-06,2.71e-06,24.91332577930617,target,3415123479.0,17
PEPE,1786674180000,1786674240000,2.7e-06,2.71e-06,24.91952323925897,target,3415973028.0,17
PEPE,1786674840000,1786674900000,2.7e-06,2.71e-06,24.925722245754557,target,3416822789.0,17
PEPE,1786675380000,1786675500000,2.7e-06,2.71e-06,24.931922791495445,target,3417672761.0,17
PEPE,1786676400000,1786678260000,2.7e-06,2.68e-06,-82.14710636835011,time,3418522945.0,17
PEPE,1786681620000,1786681740000,2.69e-06,2.7e-06,24.960354384973847,target,3416886295.0,17
PEPE,1786682220000,1786682340000,2.68e-06,2.69e-06,25.009278414891412,target,3418903406.0,17
PEPE,1786683720000,1786683840000,2.68e-06,2.69e-06,25.015521057835386,target,3419756809.0,17
PEPE,1786685040000,1786686900000,2.68e-06,2.6700000000000003e-06,-47.92275206825945,time,3420610426.0,17
PEPE,1786689420000,1786689540000,2.66e-06,2.67e-06,25.09530083284705,target,3421308907.0,17
PEPE,1786690320000,1786690500000,2.66e-06,2.67e-06,25.101586363049684,target,3422165830.0,17
PEPE,1786690920000,1786691160000,2.66e-06,2.67e-06,25.10787347028034,target,3423022968.0,17
PEPE,1786693320000,1786693380000,2.65e-06,2.66e-06,25.15698695425694,target,3425049279.0,17
PEPE,1786694340000,1786694460000,2.65e-06,2.66e-06,25.163298681689604,target,3425908602.0,17
PEPE,1786694940000,1786695000000,2.65e-06,2.66e-06,25.169611988300318,target,3426768140.0,17
PEPE,1786696260000,1786696320000,2.65e-06,2.66e-06,25.17592688142974,target,3427627894.0,17
PEPE,1786696860000,1786696980000,2.66e-06,2.67e-06,25.139375556884183,target,3427317731.0,17
PEPE,1786697580000,1786697820000,2.66e-06,2.67e-06,25.14567213360228,target,3428176160.0,17
PEPE,1786752120000,1786752360000,2.66e-06,2.67e-06,25.151970280005457,target,3429034803.0,17
PEPE,1786755240000,1786755300000,2.66e-06,2.67e-06,25.158270003434843,target,3429893661.0,17
PEPE,1786755780000,1786757640000,2.66e-06,2.64e-06,-82.23514303398062,time,3430752734.0,17
PEPE,1786758300000,1786758420000,2.65e-06,2.66e-06,25.186849799863054,target,3429115017.0,17
PEPE,1786761120000,1786761180000,2.66e-06,2.67e-06,25.150282621200315,target,3428804720.0,17
PEPE,1786766340000,1786766400000,2.66e-06,2.67e-06,25.15658192653496,target,3429663521.0,17
PEPE,1786767300000,1786767360000,2.66e-06,2.67e-06,25.16288280156015,target,3430522536.0,17
PEPE,1786768440000,1786768560000,2.66e-06,2.67e-06,25.16918526094539,target,3431381767.0,17
PEPE,1786768920000,1786768980000,2.66e-06,2.67e-06,25.175489297355018,target,3432241213.0,17
PEPE,1786770060000,1786770360000,2.66e-06,2.67e-06,25.181794918124695,target,3433100875.0,17
PEPE,1786770840000,1786770900000,2.66e-06,2.67e-06,25.188102108584914,target,3433960751.0,17
PEPE,1786772820000,1786774680000,2.66e-06,2.65e-06,-48.01879538513985,time,3434820843.0,17
PEPE,1786775340000,1786775520000,2.65e-06,2.66e-06,25.225324922395444,target,3434353291.0,17
PEPE,1786777080000,1786777380000,2.65e-06,2.66e-06,25.231653800404768,target,3435214949.0,17
PEPE,1786777920000,1786777980000,2.65e-06,2.66e-06,25.237984257590323,target,3436076822.0,17
PEPE,1786778520000,1786778580000,2.64e-06,2.65e-06,25.28731912179589,target,3438112729.0,17
PEPE,1786780080000,1786780140000,2.64e-06,2.65e-06,25.29367435664503,target,3438976799.0,17
PEPE,1786781640000,1786781760000,2.64e-06,2.65e-06,25.300031187529946,target,3439841086.0,17
PEPE,1786782120000,1786782180000,2.64e-06,2.65e-06,25.30638961445063,target,3440705590.0,17
PEPE,1786783560000,1786783620000,2.64e-06,2.65e-06,25.312749644760032,target,3441570312.0,17
PEPE,1786783980000,1786784100000,2.64e-06,2.65e-06,25.319111263750443,target,3442435250.0,17
PEPE,1786785120000,1786785180000,2.64e-06,2.65e-06,25.325474493486144,target,3443300407.0,17
PEPE,1786785960000,1786786140000,2.64e-06,2.65e-06,25.33183931190104,target,3444165780.0,17
PEPE,1786786800000,1786786860000,2.64e-06,2.65e-06,25.33820573370283,target,3445031371.0,17
PEPE,1786839540000,1786839600000,2.6200000000000003e-06,2.6300000000000002e-06,25.430862504624177,target,3448252543.0,17
PEPE,1786840380000,1786840440000,2.6200000000000003e-06,2.6300000000000002e-06,25.43727557600146,target,3449122112.0,17
PEPE,1786840980000,1786841340000,2.6200000000000003e-06,2.6300000000000002e-06,25.443690262500468,target,3449991900.0,17
PEPE,1786843260000,1786843380000,2.61e-06,2.62e-06,25.4933278732651,target,3452041689.0,17
PEPE,1786844340000,1786844460000,2.61e-06,2.62e-06,25.49976761542025,target,3452913692.0,17
PEPE,1786845000000,1786845060000,2.61e-06,2.62e-06,25.50620897488897,target,3453785914.0,17
PEPE,1786845480000,1786845660000,2.61e-06,2.62e-06,25.51265197383147,target,3454658358.0,17
PEPE,1786846020000,1786846200000,2.61e-06,2.62e-06,25.519096590085724,target,3455531021.0,17
PEPE,1786847520000,1786847760000,2.61e-06,2.62e-06,25.525542838423988,target,3456403905.0,17
PEPE,1786848180000,1786848240000,2.61e-06,2.62e-06,25.531990718849897,target,3457277010.0,17
PEPE,1786849380000,1786849440000,2.61e-06,2.62e-06,25.538440223975513,target,3458150335.0,17
PEPE,1786853520000,1786853580000,2.61e-06,2.62e-06,25.544891353800825,target,3459023880.0,17
PEPE,1786854240000,1786854300000,2.61e-06,2.62e-06,25.55134411571015,target,3459897646.0,17
PEPE,1786855800000,1786855920000,2.61e-06,2.62e-06,25.557798509705307,target,3460771633.0,17
PEPE,1786856880000,1786856940000,2.61e-06,2.62e-06,25.564254535786297,target,3461645841.0,17
PEPE,1786857420000,1786857660000,2.61e-06,2.62e-06,25.570712193949475,target,3462520270.0,17
PEPE,1786859040000,1786859100000,2.6e-06,2.61e-06,25.620564596444755,target,3464579391.0,17
PEPE,1786860840000,1786860960000,2.6e-06,2.61e-06,25.62704745277427,target,3465456045.0,17
PEPE,1786861320000,1786862340000,2.6e-06,2.61e-06,25.6335319581901,target,3466332922.0,17
PEPE,1786862820000,1786862880000,2.6e-06,2.61e-06,25.64001809789907,target,3467210020.0,17
PEPE,1786863540000,1786864380000,2.6e-06,2.61e-06,25.646505879299582,target,3468087340.0,17
PEPE,1786864980000,1786865040000,2.6e-06,2.61e-06,25.652995302389826,target,3468964882.0,17
PEPE,1786865640000,1786865760000,2.6e-06,2.61e-06,25.659486367169798,target,3469842646.0,17
PEPE,1786867140000,1786867200000,2.6e-06,2.61e-06,25.665979073639495,target,3470720632.0,17
PEPE,1786925520000,1786925640000,2.56e-06,2.57e-06,25.84669537292616,target,3476354455.0,17
PEPE,1786927320000,1786927380000,2.56e-06,2.57e-06,25.85327983866416,target,3477240059.0,17
PEPE,1786927920000,1786928100000,2.56e-06,2.57e-06,25.859865977280016,target,3478125888.0,17
PEPE,1786930320000,1786930380000,2.59e-06,2.6e-06,25.735642700615195,target,3475441283.0,17
PEPE,1786931700000,1786931820000,2.59e-06,2.6e-06,25.742165720687204,target,3476322177.0,17
PEPE,1786932360000,1786932480000,2.59e-06,2.6e-06,25.748690384664883,target,3477203293.0,17
PEPE,1786933620000,1786933680000,2.59e-06,2.6e-06,25.75521670736415,target,3478084633.0,17
PEPE,1786935540000,1786935600000,2.61e-06,2.62e-06,25.674598067158882,target,3476587416.0,17
PEPE,1786936800000,1786936860000,2.61e-06,2.62e-06,25.681083596316327,target,3477465619.0,17
PEPE,1786937220000,1786937460000,2.61e-06,2.62e-06,25.687570764940276,target,3478344044.0,17
PEPE,1786938600000,1786938660000,2.61e-06,2.62e-06,25.69405956565005,target,3479222690.0,17
PEPE,1786939140000,1786939200000,2.61e-06,2.62e-06,25.70055001321611,target,3480101559.0,17
PEPE,1786939800000,1786939920000,2.61e-06,2.62e-06,25.707042100250487,target,3480980650.0,17
PEPE,1786940280000,1786940340000,2.61e-06,2.62e-06,25.713535819370694,target,3481859962.0,17
PEPE,1786941120000,1786941180000,2.61e-06,2.62e-06,25.72003118534536,target,3482739497.0,17
PEPE,1786943580000,1786943640000,2.6e-06,2.61e-06,25.77017469759129,target,3484810642.0,17
PEPE,1786945020000,1786945080000,2.6e-06,2.61e-06,25.776695416320393,target,3485692416.0,17
PEPE,1786945920000,1786945980000,2.6e-06,2.61e-06,25.783217784135818,target,3486574413.0,17
PEPE,1786947180000,1786947240000,2.6e-06,2.61e-06,25.789741793639145,target,3487456632.0,17
PEPE,1786947720000,1786947780000,2.6e-06,2.61e-06,25.796267467020147,target,3488339076.0,17
PEPE,1786950120000,1786950240000,2.6e-06,2.61e-06,25.802794782090878,target,3489221742.0,17
PEPE,1786950780000,1786950900000,2.6e-06,2.61e-06,25.809323753639056,target,3490104632.0,17
PEPE,1786951680000,1786951920000,2.6e-06,2.61e-06,25.815854374275364,target,3490987745.0,17
PEPE,1786952520000,1786952760000,2.6e-06,2.61e-06,25.822386643994353,target,3491871081.0,17
PEPE,1787011320000,1787011500000,2.5800000000000003e-06,2.59e-06,25.916502414330168,target,3495145302.0,17
PEPE,1787011920000,1787012040000,2.5800000000000003e-06,2.59e-06,25.923082388935434,target,3496032689.0,17
PEPE,1787012580000,1787012640000,2.5800000000000003e-06,2.59e-06,25.929664039330508,target,3496920302.0,17
PEPE,1787013240000,1787013300000,2.5800000000000003e-06,2.59e-06,25.936247358099706,target,3497808140.0,17
PEPE,1787014020000,1787014140000,2.5800000000000003e-06,2.59e-06,25.942832352658716,target,3498696204.0,17
PEPE,1787014800000,1787014860000,2.5800000000000003e-06,2.59e-06,25.949419015595485,target,3499584493.0,17
PEPE,1787015460000,1787015700000,2.5800000000000003e-06,2.59e-06,25.95600734690456,target,3500473007.0,17
PEPE,1787016360000,1787018220000,2.5800000000000003e-06,2.55e-06,-118.48608151848093,time,3501361747.0,17
PEPE,1787022540000,1787022660000,2.55e-06,2.56e-06,26.064193851613872,target,3500899107.0,17
PEPE,1787023620000,1787023740000,2.55e-06,2.56e-06,26.07084492426099,target,3501792468.0,17
PEPE,1787024640000,1787024760000,2.55e-06,2.56e-06,26.077497701810582,target,3502686058.0,17
PEPE,1787025180000,1787025300000,2.55e-06,2.56e-06,26.08415217682105,target,3503579876.0,17
PEPE,1787025780000,1787025900000,2.55e-06,2.56e-06,26.090808341845335,target,3504473921.0,17
PEPE,1787026920000,1787026980000,2.55e-06,2.56e-06,26.097466211775732,target,3505368195.0,17
PEPE,1787028240000,1787028300000,2.56e-06,2.57e-06,26.06013539006946,target,3505061922.0,17
PEPE,1787029440000,1787029500000,2.56e-06,2.57e-06,26.06677422796503,target,3505954839.0,17
PEPE,1787029920000,1787030040000,2.56e-06,2.57e-06,26.073414753604375,target,3506847983.0,17
PEPE,1787030700000,1787030760000,2.56e-06,2.57e-06,26.080056974425908,target,3507741355.0,17
PEPE,1787031120000,1787032980000,2.56e-06,2.5400000000000002e-06,-83.5756846042793,time,3508634954.0,17
PEPE,1787033640000,1787033700000,2.55e-06,2.56e-06,26.109409220199243,target,3506972360.0,17
PEPE,1787035500000,1787035560000,2.56e-06,2.57e-06,26.072061315945234,target,3506665947.0,17
PEPE,1787037900000,1787038140000,2.55e-06,2.56e-06,26.122724915390446,target,3508760902.0,17
PEPE,1787039280000,1787039340000,2.55e-06,2.56e-06,26.129390930149857,target,3509656270.0,17
PEPE,1787040420000,1787040540000,2.5400000000000002e-06,2.55e-06,26.180133032969408,target,3511754934.0,17
PEPE,1787098500000,1787098800000,2.57e-06,2.58e-06,26.054658553277033,target,3509044923.0,17
PEPE,1787099220000,1787099280000,2.57e-06,2.58e-06,26.06128480147673,target,3509937347.0,17
PEPE,1787101380000,1787101440000,2.5800000000000003e-06,2.59e-06,26.02389518661495,target,3509628481.0,17
PEPE,1787103720000,1787103900000,2.59e-06,2.6e-06,25.98650384053559,target,3509318547.0,17
PEPE,1787104320000,1787104380000,2.59e-06,2.6e-06,25.99309043253103,target,3510208026.0,17
PEPE,1787108040000,1787108160000,2.5800000000000003e-06,2.59e-06,26.04369959868746,target,3512299339.0,17
PEPE,1787108520000,1787108580000,2.5800000000000003e-06,2.59e-06,26.050311873029614,target,3513191082.0,17
PEPE,1787109720000,1787109780000,2.59e-06,2.6e-06,26.012882568365015,target,3512880833.0,17
PEPE,1787110320000,1787110380000,2.59e-06,2.6e-06,26.0194758544795,target,3513771216.0,17
PEPE,1787110920000,1787110980000,2.59e-06,2.6e-06,26.026070814124203,target,3514661825.0,17
PEPE,1787111520000,1787111580000,2.59e-06,2.6e-06,26.032667439895715,target,3515552659.0,17
PEPE,1787112120000,1787112180000,2.59e-06,2.6e-06,26.03926573919562,target,3516443719.0,17
PEPE,1787112720000,1787112780000,2.59e-06,2.6e-06,26.045865712025744,target,3517335005.0,17
PEPE,1787114100000,1787114340000,2.59e-06,2.6e-06,26.05246735098086,target,3518226516.0,17
PEPE,1787115840000,1787115900000,2.59e-06,2.6e-06,26.059070670871417,target,3519118254.0,17
PEPE,1787117220000,1787117280000,2.59e-06,2.6e-06,26.065675664290367,target,3520010218.0,17
PEPE,1787118780000,1787118900000,2.59e-06,2.6e-06,26.072282331241357,target,3520902408.0,17
PEPE,1787119320000,1787120340000,2.59e-06,2.6e-06,26.078890671718923,target,3521794824.0,17
PEPE,1787121600000,1787121660000,2.59e-06,2.6e-06,26.085500685730345,target,3522687466.0,17
PEPE,1787123340000,1787123940000,2.59e-06,2.6e-06,26.09211237327016,target,3523580334.0,17
PEPE,1787124420000,1787124600000,2.59e-06,2.6e-06,26.09872574174542,target,3524473429.0,17
PEPE,1787125320000,1787125380000,2.59e-06,2.6e-06,26.105340783749075,target,3525366750.0,17
PEPE,1787126820000,1787127300000,2.5800000000000003e-06,2.59e-06,26.156168502010786,target,3527467094.0,17
PEPE,1787127720000,1787127780000,2.5800000000000003e-06,2.59e-06,26.162809331520833,target,3528362688.0,17
PEPE,1787184420000,1787184600000,2.88e-06,2.89e-06,24.855484514015366,target,3493392061.0,17
PEPE,1787185020000,1787185080000,2.8900000000000003e-06,2.9e-06,24.818128683635123,target,3493051187.0,17
PEPE,1787186280000,1787186400000,2.9e-06,2.91e-06,24.780772327409913,target,3492709278.0,17
PEPE,1787186820000,1787186880000,2.91e-06,2.92e-06,24.743415497645273,target,3492366337.0,17
PEPE,1787187420000,1787187660000,2.91e-06,2.92e-06,24.74935102016068,target,3493204096.0,17
PEPE,1787188080000,1787188440000,2.9e-06,2.91e-06,24.79862047393606,target,3495224873.0,17
PEPE,1787192160000,1787192220000,2.91e-06,2.92e-06,24.76123673822424,target,3494881685.0,17
PEPE,1787194020000,1787194080000,2.91e-06,2.92e-06,24.76717653299368,target,3495720047.0,17
PEPE,1787198340000,1787198400000,2.91e-06,2.92e-06,24.773117758933555,target,3496558611.0,17
PEPE,1787200620000,1787200680000,2.9400000000000002e-06,2.95e-06,24.64911400760058,target,3493850320.0,17
PEPE,1787201220000,1787201640000,2.95e-06,2.96e-06,24.611728663181232,target,3493503004.0,17
PEPE,1787202300000,1787202360000,2.9400000000000002e-06,2.95e-06,24.660868872227272,target,3495516495.0,17
PEPE,1787206920000,1787206980000,2.8900000000000003e-06,2.9e-06,24.88363269115481,target,3502270611.0,17
PEPE,1787207640000,1787207700000,2.91e-06,2.92e-06,24.802762128691587,target,3500742714.0,17
PEPE,1787210820000,1787211000000,2.9400000000000002e-06,2.95e-06,24.67860998901044,target,3498031182.0,17
PEPE,1787211420000,1787211540000,2.9400000000000002e-06,2.95e-06,24.68449892450186,target,3498865900.0,17
PEPE,1787215620000,1787215680000,3.1500000000000003e-06,3.1600000000000002e-06,23.78658183536434,target,3475030217.0,17
PEPE,1787216820000,1787217060000,3.2000000000000003e-06,3.21e-06,23.578683845896904,target,3470004981.0,17
PEPE,1787217480000,1787217540000,3.19e-06,3.2e-06,23.626681484958624,target,3471959072.0,17
PEPE,1787223420000,1787223480000,3.1e-06,3.11e-06,24.01708354006338,target,3483260847.0,17
PEPE,1787224620000,1787224800000,3.12e-06,3.13e-06,23.93687570999963,target,3481727376.0,17
PEPE,1787225220000,1787225280000,3.12e-06,3.13e-06,23.942408242500413,target,3482532108.0,17
PEPE,1787228940000,1787229000000,3.12e-06,3.13e-06,23.94794206062513,target,3483337027.0,17
PEPE,1787230680000,1787232120000,3.13e-06,3.14e-06,23.910601255970317,target,3482971778.0,17
PEPE,1787274780000,1787274900000,3.2000000000000003e-06,3.21e-06,23.616722126789014,target,3475602962.0,17
PEPE,1787276520000,1787276580000,3.22e-06,3.23e-06,23.53679945349969,target,3474066340.0,17
PEPE,1787277240000,1787277300000,3.2400000000000003e-06,3.2500000000000002e-06,23.456934063744075,target,3472529099.0,17
PEPE,1787277780000,1787277900000,3.23e-06,3.24e-06,23.504839205099984,target,3474477340.0,17
PEPE,1787278320000,1787278680000,3.22e-06,3.23e-06,23.55280302652509,target,3476428491.0,17
PEPE,1787280360000,1787280480000,3.23e-06,3.24e-06,23.515502218395117,target,3476053543.0,17
PEPE,1787282220000,1787282640000,3.22e-06,3.23e-06,23.563487797724264,target,3478005579.0,17
PEPE,1787284680000,1787284860000,3.2400000000000003e-06,3.2500000000000002e-06,23.48353184922663,target,3476466595.0,17
PEPE,1787285280000,1787285640000,3.23e-06,3.24e-06,23.531491309426883,target,3478417045.0,17
PEPE,1787287080000,1787287560000,3.2500000000000002e-06,3.26e-06,23.451536909605206,target,3476877229.0,17
PEPE,1787288520000,1787288820000,3.31e-06,3.32e-06,23.20159794680044,target,3470695280.0,17
PEPE,1787289300000,1787289420000,3.32e-06,3.33e-06,23.16433022370058,target,3470311644.0,17
PEPE,1787289780000,1787289840000,3.32e-06,3.33e-06,23.169493750049604,target,3471085206.0,17
PEPE,1787291520000,1787291820000,3.36e-06,3.37e-06,23.005069689825042,target,3467229795.0,17
PEPE,1787292780000,1787292900000,3.4e-06,3.41e-06,22.840985659125568,target,3463379175.0,17
PEPE,1787293380000,1787293500000,3.4200000000000003e-06,3.43e-06,22.76156571674843,target,3461835090.0,17
PEPE,1787294580000,1787294700000,3.4e-06,3.36e-06,-156.12830365469966,stop,3464897995.0,17
PEPE,1787296860000,1787296920000,3.4e-06,3.41e-06,22.816708633155894,target,3459698049.0,17
PEPE,1787298540000,1787298780000,3.48e-06,3.44e-06,-155.92823628300098,stop,3451266850.0,17
PEPE,1787300640000,1787300700000,3.48e-06,3.49e-06,22.4512591569151,target,3446087361.0,17
PEPE,1787301120000,1787301420000,3.54e-06,3.5e-06,-155.72792067551833,stop,3439980576.0,17
PEPE,1787301900000,1787301960000,3.52e-06,3.53e-06,22.255195020100736,target,3437095756.0,17
PEPE,1787305980000,1787306040000,3.52e-06,3.53e-06,22.259975344249792,target,3437834030.0,17
PEPE,1787307720000,1787307780000,3.66e-06,3.67e-06,21.682707371781134,target,3422684668.0,17
PEPE,1787360820000,1787361180000,4.1100000000000005e-06,4.070000000000001e-06,-155.59355848612384,stop,3373302081.0,17
PEPE,1787362080000,1787362200000,4.1000000000000006e-06,4.1100000000000005e-06,19.86223169371482,target,3369335317.0,17
PEPE,1787362800000,1787362860000,4.12e-06,4.13e-06,19.785769957125815,target,3367790631.0,17
PEPE,1787363220000,1787363280000,4.13e-06,4.14e-06,19.74944598568675,target,3367339469.0,17
PEPE,1787364420000,1787364540000,4.23e-06,4.1900000000000005e-06,-155.44919214940307,stop,3357071421.0,17
PEPE,1787365020000,1787365080000,4.23e-06,4.24e-06,19.324471951438937,target,3352033296.0,17
PEPE,1787365620000,1787365800000,4.2800000000000005e-06,4.240000000000001e-06,-155.24490298523747,stop,3347238098.0,17
PEPE,1787369760000,1787369880000,4.31e-06,4.270000000000001e-06,-155.01191920319894,stop,3338975104.0,17
PEPE,1787370420000,1787371020000,4.27e-06,4.23e-06,-154.77928506347976,stop,3338278552.0,17
PEPE,1787372220000,1787372220000,4.360000000000001e-06,4.34e-06,-88.14164390148238,risk_halt,3323591399.0,17
PEPE,1787443320000,1787443560000,4.07e-06,4.08e-06,19.861222723424206,target,3352105101.0,17
PEPE,1787443980000,1787444040000,4.05e-06,4.06e-06,19.945100904931152,target,3354937074.0,17
PEPE,1787446860000,1787447160000,4.13e-06,4.14e-06,19.62935137769958,target,3346862980.0,17
PEPE,1787447520000,1787448180000,4.13e-06,4.14e-06,19.633094755005885,target,3347501237.0,17
PEPE,1787448720000,1787448840000,4.13e-06,4.090000000000001e-06,-154.53338393032487,stop,3348139615.0,17
PEPE,1787449800000,1787449860000,4.1000000000000006e-06,4.1100000000000005e-06,19.726895545244744,target,3346377531.0,17
PEPE,1787452740000,1787452800000,4.09e-06,4.1e-06,19.77058220418084,target,3348108756.0,17
PEPE,1787453220000,1787453280000,4.09e-06,4.1e-06,19.774383170009923,target,3348752442.0,17
PEPE,1787454000000,1787454060000,4.07e-06,4.08e-06,19.85809703115167,target,3351577558.0,17
PEPE,1787459520000,1787459700000,4.03e-06,3.990000000000001e-06,-154.4202222585282,stop,3356596506.0,17
PEPE,1787460180000,1787460240000,4e-06,4.01e-06,20.112269672771532,target,3354840646.0,17
PEPE,1787461620000,1787461680000,4e-06,4.01e-06,20.11620679310017,target,3355497380.0,17
PEPE,1787469300000,1787469360000,3.89e-06,3.9e-06,20.563144949654486,target,3368246511.0,17
PEPE,1787470020000,1787470080000,3.920000000000001e-06,3.9300000000000005e-06,20.446100196075374,target,3365613201.0,17
PEPE,1787474940000,1787475060000,3.96e-06,3.97e-06,20.288959161490748,target,3361882214.0,17
PEPE,1787476620000,1787476800000,3.98e-06,3.99e-06,20.212500895140856,target,3360349276.0,17
PEPE,1787477220000,1787477280000,3.98e-06,3.99e-06,20.216473429709307,target,3361009714.0,17
PEPE,1787478960000,1787479080000,3.97e-06,3.98e-06,20.260680260699765,target,3362768508.0,17
PEPE,1787479620000,1787480160000,3.98e-06,3.99e-06,20.22442874840953,target,3362332294.0,17
PEPE,1787482320000,1787482500000,4e-06,4.01e-06,20.147983746221485,target,3360797956.0,17
PEPE,1787483040000,1787483220000,4e-06,4.01e-06,20.151927856719837,target,3361455856.0,17
PEPE,1787483580000,1787483700000,4e-06,4.01e-06,20.155872740576086,target,3362113885.0,17
PEPE,1787486640000,1787487000000,4.07e-06,4.08e-06,19.87900886242521,target,3355106981.0,17
PEPE,1787488140000,1787488200000,4.06e-06,4.07e-06,19.922891093566314,target,3356847699.0,17
PEPE,1787533680000,1787534280000,4.05e-06,4.0100000000000006e-06,-154.61273581033313,stop,3358590981.0,17
PEPE,1787539020000,1787539260000,4.06e-06,4.07e-06,19.89683950009011,target,3352458214.0,17
PEPE,1787539680000,1787540220000,4.03e-06,4.04e-06,20.02084547250007,target,3356386500.0,17
PEPE,1787544600000,1787544660000,4e-06,4.01e-06,20.1451575293656,target,3360326527.0,17
PEPE,1787546220000,1787546280000,4.03e-06,4.04e-06,20.02866125094461,target,3357696773.0,17
PEPE,1787546820000,1787547780000,4.03e-06,4.04e-06,20.032558567205463,target,3358350137.0,17
PEPE,1787548680000,1787549460000,4.03e-06,3.990000000000001e-06,-154.53096190613766,stop,3359003628.0,17
PEPE,1787550300000,1787550360000,4.0100000000000006e-06,4.0200000000000005e-06,20.086564692600593,target,3356151160.0,17
PEPE,1787550840000,1787550900000,4e-06,4.01e-06,20.130624911980732,target,3357902404.0,17
PEPE,1787551320000,1787552040000,4.0100000000000006e-06,4.0200000000000005e-06,20.09442179461577,target,3357463959.0,17
PEPE,1787553180000,1787554140000,4e-06,4.01e-06,20.138499248562074,target,3359215888.0,17
PEPE,1787555820000,1787555880000,4.05e-06,4.06e-06,19.941905556605995,target,3354399589.0,17
PEPE,1787556660000,1787556900000,4.03e-06,4.04e-06,20.02592190820525,target,3357237537.0,17
PEPE,1787557320000,1787557680000,4.0200000000000005e-06,4.03e-06,20.06994143365117,target,3358986014.0,17
PEPE,1787558520000,1787558640000,4.0100000000000006e-06,4.0200000000000005e-06,20.11401135796679,target,3360737069.0,17
PEPE,1787559120000,1787559840000,4.0100000000000006e-06,3.970000000000001e-06,-154.54007287484936,stop,3361393646.0,17
PEPE,1787560920000,1787561880000,4.0200000000000005e-06,3.980000000000001e-06,-154.3081468666491,stop,3355254335.0,17
PEPE,1787563020000,1787563200000,4.0100000000000006e-06,4.0200000000000005e-06,20.057602278105726,target,3351311993.0,17
PEPE,1787563620000,1787563680000,4.0200000000000005e-06,4.03e-06,20.02146891154851,target,3350873458.0,17
PEPE,1787566680000,1787566800000,4.04e-06,4.05e-06,19.945331443260656,target,3349341972.0,17
PEPE,1787567460000,1787567520000,4.03e-06,4.04e-06,19.98922009234066,target,3351084676.0,17
PEPE,1787567880000,1787568240000,4.04e-06,4.000000000000001e-06,-154.19664935141844,stop,3350644271.0,17
PEPE,1787570640000,1787570700000,4.0100000000000006e-06,4.0200000000000005e-06,20.043109379160576,target,3348890456.0,17
PEPE,1787572500000,1787572560000,4.07e-06,4.08e-06,19.80727800990153,target,3343000508.0,17
PEPE,1787619180000,1787619240000,4.1000000000000006e-06,4.1100000000000005e-06,19.691555745331037,target,3340382654.0,17
PEPE,1787619780000,1787619840000,4.13e-06,4.14e-06,19.57599842283046,target,3337766142.0,17
PEPE,1787620320000,1787620740000,4.09e-06,4.1e-06,19.738927695839514,target,3342748128.0,17
PEPE,1787622120000,1787622180000,4.1000000000000006e-06,4.1100000000000005e-06,19.702877057460157,target,3342303148.0,17
PEPE,1787622780000,1787622840000,4.08e-06,4.09e-06,19.786389632555814,target,3345120817.0,17
PEPE,1787624520000,1787624940000,4.17e-06,4.18e-06,19.432152316548965,target,3335991814.0,17
PEPE,1787626020000,1787626080000,4.2000000000000004e-06,4.21e-06,19.316920277116164,target,3333377097.0,17
PEPE,1787626620000,1787626740000,4.18e-06,4.19e-06,19.39981286112913,target,3336167302.0,17
PEPE,1787628420000,1787628480000,4.24e-06,4.25e-06,19.165955101791116,target,3330313658.0,17
PEPE,1787629080000,1787629200000,4.27e-06,4.28e-06,19.051092553098233,target,3327701756.0,17
PEPE,1787629620000,1787629740000,4.24e-06,4.2000000000000004e-06,-154.3174828499987,stop,3331551875.0,17
PEPE,1787635260000,1787635380000,4.23e-06,4.24e-06,19.183784926486425,target,3327629649.0,17
PEPE,1787636160000,1787636820000,4.23e-06,4.24e-06,19.187369309471553,target,3328251398.0,17
PEPE,1787649420000,1787649480000,4.08e-06,4.09e-06,19.786429316290786,target,3345127526.0,17
PEPE,1787650080000,1787650200000,4.08e-06,4.09e-06,19.79024101327014,target,3345771938.0,17
PEPE,1787651460000,1787651520000,4.08e-06,4.04e-06,-154.2028710758378,stop,3346416473.0,17
PEPE,1787655420000,1787655480000,4.04e-06,4.05e-06,19.923945924673422,target,3345750785.0,17
PEPE,1787657280000,1787657400000,4.04e-06,4.05e-06,19.927815102554604,target,3346400521.0,17
PEPE,1787658060000,1787658420000,4.04e-06,4.05e-06,19.931685036719998,target,3347050384.0,17
PEPE,1787658720000,1787659440000,4.04e-06,4.000000000000001e-06,-154.0611711654579,stop,3347700373.0,17
PEPE,1787662020000,1787662140000,4.0100000000000006e-06,4.0200000000000005e-06,20.025499372514847,target,3345948099.0,17
PEPE,1787662680000,1787663160000,4.0200000000000005e-06,4.03e-06,19.989423833375394,target,3345510265.0,17
PEPE,1787663520000,1787663760000,4e-06,3.96e-06,-153.89001621635975,stop,3348346741.0,17
PEPE,1787667540000,1787667780000,3.96e-06,3.97e-06,20.203321612276085,target,3347692065.0,17
PEPE,1787705280000,1787705340000,3.81e-06,3.82e-06,20.81157858985633,target,3364846983.0,17
PEPE,1787705880000,1787705940000,3.830000000000001e-06,3.8400000000000005e-06,20.734878360645403,target,3363321713.0,17
PEPE,1787706600000,1787708100000,3.8400000000000005e-06,3.85e-06,20.698642606399346,target,3362898880.0,17
PEPE,1787709900000,1787709960000,3.85e-06,3.86e-06,20.662409698432587,target,3362475134.0,17
PEPE,1787710500000,1787710620000,3.8400000000000005e-06,3.85e-06,20.70699905293869,target,3364256548.0,17
PEPE,1787710920000,1787711160000,3.86e-06,3.87e-06,20.630346930360037,target,3362729736.0,17
PEPE,1787711520000,1787711640000,3.87e-06,3.88e-06,20.594112514501397,target,3362304084.0,17
PEPE,1787713440000,1787715180000,3.87e-06,3.830000000000001e-06,-153.9067530190033,stop,3362979417.0,17
PEPE,1787716020000,1787716080000,3.85e-06,3.86e-06,20.648030011295134,target,3360135071.0,17
PEPE,1787716680000,1787716800000,3.85e-06,3.86e-06,20.652193525320914,target,3360812616.0,17
PEPE,1787719620000,1787719680000,3.8400000000000005e-06,3.85e-06,20.696760832095244,target,3362593149.0,17
PEPE,1787720220000,1787721660000,3.830000000000001e-06,3.7900000000000006e-06,-153.7688194313691,stop,3364376314.0,17
PEPE,1787722020000,1787722140000,3.830000000000001e-06,3.8400000000000005e-06,20.710252348292478,target,3359327226.0,17
PEPE,1787723820000,1787723880000,3.8400000000000005e-06,3.85e-06,20.674059628724763,target,3358904895.0,17
PEPE,1787726820000,1787727000000,3.82e-06,3.83e-06,20.759049637626827,target,3361789415.0,17
PEPE,1787727660000,1787727780000,3.82e-06,3.83e-06,20.763260116950512,target,3362471274.0,17
PEPE,1787728740000,1787730600000,3.830000000000001e-06,3.81e-06,-86.48872372192872,time,3362049513.0,17
PEPE,1787731440000,1787731500000,3.8e-06,3.81e-06,20.830813004504808,target,3362520259.0,17
PEPE,1787731920000,1787731980000,3.82e-06,3.83e-06,20.75415430757576,target,3360996649.0,17
PEPE,1787734080000,1787734200000,3.81e-06,3.82e-06,20.798808810009575,target,3362782346.0,17
PEPE,1787734620000,1787734860000,3.79e-06,3.8e-06,20.884021820005415,target,3365676361.0,17
PEPE,1787735460000,1787735580000,3.8e-06,3.81e-06,20.847767734500934,target,3365257100.0,17
PEPE,1787739720000,1787739780000,3.7800000000000002e-06,3.79e-06,20.93308520814447,target,3368155303.0,17
PEPE,1787740320000,1787740380000,3.7800000000000002e-06,3.79e-06,20.937364105129685,target,3368843782.0,17
PEPE,1787788920000,1787788980000,3.8400000000000005e-06,3.85e-06,20.69864620707663,target,3362899465.0,17
PEPE,1787789760000,1787789940000,3.830000000000001e-06,3.8400000000000005e-06,20.74326941884579,target,3364682793.0,17
PEPE,1787790420000,1787790600000,3.830000000000001e-06,3.8400000000000005e-06,20.747468505150863,target,3365363910.0,17
PEPE,1787791320000,1787791380000,3.82e-06,3.83e-06,20.792152707299607,target,3367150236.0,17
PEPE,1787791980000,1787792100000,3.82e-06,3.83e-06,20.796369898849665,target,3367833182.0,17
PEPE,1787792820000,1787792880000,3.82e-06,3.83e-06,20.80058794872685,target,3368516267.0,17
PEPE,1787793420000,1787793480000,3.81e-06,3.82e-06,20.84534236260138,target,3370305960.0,17
PEPE,1787794620000,1787794680000,3.830000000000001e-06,3.8400000000000005e-06,20.768517701640768,target,3368778216.0,17
PEPE,1787795940000,1787796000000,3.830000000000001e-06,3.8400000000000005e-06,20.772721898730182,target,3369460162.0,17
PEPE,1787797080000,1787797200000,3.830000000000001e-06,3.8400000000000005e-06,20.77692695275505,target,3370142247.0,17
PEPE,1787802180000,1787802360000,3.8e-06,3.81e-06,20.902837994953742,target,3374146569.0,17
PEPE,1787802720000,1787803260000,3.8e-06,3.81e-06,20.90709416438994,target,3374833602.0,17
PEPE,1787804520000,1787804640000,3.8e-06,3.81e-06,20.91135120732016,target,3375520776.0,17
PEPE,1787808540000,1787809260000,3.7800000000000002e-06,3.79e-06,20.99692888887186,target,3378427818.0,17
PEPE,1787810460000,1787810520000,3.7800000000000002e-06,3.79e-06,21.001220837357383,target,3379118397.0,17
PEPE,1787811780000,1787811900000,3.7700000000000003e-06,3.7800000000000002e-06,21.04623030547392,target,3380920531.0,17
PEPE,1787812320000,1787812560000,3.7800000000000002e-06,3.79e-06,21.009815697585125,target,3380501319.0,17
PEPE,1787813640000,1787813700000,3.79e-06,3.8e-06,20.973403746719598,target,3380081184.0,17
PEPE,1787818320000,1787818500000,3.91e-06,3.87e-06,-154.31528149049927,stop,3367491140.0,17
PEPE,1787819760000,1787820660000,3.9300000000000005e-06,3.89e-06,-154.08369280939544,stop,3360237549.0,17
PEPE,1787821020000,1787821080000,3.91e-06,3.92e-06,20.429725451999765,target,3357391200.0,17
PEPE,1787823540000,1787823600000,3.94e-06,3.95e-06,20.313107500280974,target,3354765896.0,17
PEPE,1787824080000,1787824140000,3.96e-06,3.97e-06,20.236787690895873,target,3353237397.0,17
PEPE,1787824620000,1787824680000,3.97e-06,3.9300000000000005e-06,-153.94396691720868,stop,3352803374.0,17
PEPE,1787875320000,1787875680000,3.89e-06,3.85e-06,-150.07499998216522,stop,3277104487.0,18
PEPE,1787876520000,1787876880000,3.88e-06,3.89e-06,20.015975831455624,target,3273258517.0,18
PEPE,1787877420000,1787877540000,3.88e-06,3.89e-06,20.019988249855,target,3273914677.0,18
PEPE,1787878080000,1787878140000,3.87e-06,3.88e-06,20.06332100062464,target,3275644245.0,18
PEPE,1787878860000,1787878920000,3.88e-06,3.89e-06,20.028023372085315,target,3275228679.0,18
PEPE,1787881020000,1787881080000,3.95e-06,3.910000000000001e-06,-149.97002596127814,stop,3268388928.0,18
PEPE,1787881680000,1787881920000,3.91e-06,3.87e-06,-149.74495847609958,stop,3267756868.0,18
PEPE,1787887380000,1787887560000,3.830000000000001e-06,3.8400000000000005e-06,20.16830127914966,target,3271419510.0,18
PEPE,1787889900000,1787890380000,3.81e-06,3.82e-06,20.25111811031647,target,3274230899.0,18
PEPE,1787891640000,1787892180000,3.81e-06,3.82e-06,20.255233566020586,target,3274896292.0,18
PEPE,1787893320000,1787893440000,3.82e-06,3.83e-06,20.219953871976863,target,3274486457.0,18
PEPE,1787894580000,1787894640000,3.81e-06,3.82e-06,20.263458997520154,target,3276226192.0,18
PEPE,1787895720000,1787895840000,3.82e-06,3.83e-06,20.228164967073905,target,3275816189.0,18
PEPE,1787896380000,1787896440000,3.81e-06,3.82e-06,20.271687762735223,target,3277556631.0,18
PEPE,1787898720000,1787898780000,3.81e-06,3.82e-06,20.27580739950009,target,3278222700.0,18
PEPE,1787899920000,1787900040000,3.82e-06,3.83e-06,20.24049186639987,target,3277812448.0,18
PEPE,1787900760000,1787900940000,3.81e-06,3.77e-06,-149.79362666624982,stop,3279553950.0,18
PEPE,1787903820000,1787904060000,3.79e-06,3.8e-06,20.332447195797286,target,3276784399.0,18
PEPE,1787904420000,1787904480000,3.79e-06,3.8e-06,20.336595269320576,target,3277452904.0,18
PEPE,1787913240000,1787913420000,3.79e-06,3.8e-06,20.340744192930632,target,3278121546.0,18
PEPE,1787914920000,1787914980000,3.81e-06,3.82e-06,20.26599840389571,target,3276636767.0,18
PEPE,1787915640000,1787915700000,3.81e-06,3.82e-06,20.270116890251604,target,3277302650.0,18
PEPE,1787916720000,1787916780000,3.81e-06,3.82e-06,20.27423621158102,target,3277968668.0,18
PEPE,1787917680000,1787917740000,3.8e-06,3.81e-06,20.31781523288896,target,3279711902.0,18
PEPE,1787962380000,1787962440000,3.6900000000000002e-06,3.7e-06,20.75780583558611,target,3292276897.0,18
PEPE,1787964180000,1787964780000,3.6900000000000002e-06,3.7e-06,20.762123127589433,target,3292961638.0,18
PEPE,1787965560000,1787965620000,3.67e-06,3.68e-06,20.84606040577494,target,3295819827.0,18
PEPE,1787966520000,1787966700000,3.67e-06,3.68e-06,20.850412676225993,target,3296507933.0,18
PEPE,1787967120000,1787968980000,3.6800000000000003e-06,3.67e-06,-51.122646200670545,time,3296108717.0,18
PEPE,1787970720000,1787970960000,3.66e-06,3.67e-06,20.883937598511103,target,3296596306.0,18
PEPE,1787971560000,1787971920000,3.66e-06,3.67e-06,20.88830611315022,target,3297285890.0,18
PEPE,1787973480000,1787973660000,3.67e-06,3.68e-06,20.852813665201445,target,3296887536.0,18
PEPE,1787974620000,1787975040000,3.67e-06,3.63e-06,-149.9242867022242,stop,3297575865.0,18
PEPE,1787978100000,1787978280000,3.6400000000000003e-06,3.65e-06,20.94537591684045,target,3295889208.0,18
PEPE,1787979420000,1787979540000,3.65e-06,3.66e-06,20.909902685263244,target,3295492937.0,18
PEPE,1787980200000,1787980260000,3.65e-06,3.66e-06,20.914284980071017,target,3296183606.0,18
PEPE,1787981220000,1787981280000,3.65e-06,3.66e-06,20.918668188553845,target,3296874419.0,18
PEPE,1787982600000,1787984040000,3.66e-06,3.62e-06,-149.82488292239995,stop,3296477072.0,18
PEPE,1787986680000,1787986740000,3.62e-06,3.63e-06,21.011240622751075,target,3295880882.0,18
PEPE,1787987220000,1787989080000,3.63e-06,3.61e-06,-83.78774499982285,time,3295486529.0,18
PEPE,1787989800000,1787989860000,3.62e-06,3.63e-06,20.998008621750003,target,3293805274.0,18
PEPE,1787990820000,1787991000000,3.61e-06,3.62e-06,21.042333408935196,target,3295588631.0,18
PEPE,1787991720000,1787991780000,3.61e-06,3.62e-06,21.0467771326901,target,3296284594.0,18
PEPE,1787992320000,1787993700000,3.62e-06,3.58e-06,-149.6004993892798,stop,3295891152.0,18
PEPE,1787994720000,1787994780000,3.61e-06,3.62e-06,21.019629166216227,target,3292032759.0,18
PEPE,1787997300000,1787997480000,3.62e-06,3.63e-06,20.984203884375454,target,3291639825.0,18
PEPE,1787999220000,1787999280000,3.63e-06,3.64e-06,20.948780656334357,target,3291245979.0,18
PEPE,1787999880000,1788000060000,3.63e-06,3.64e-06,20.95318784598452,target,3291938389.0,18
PEPE,1788048240000,1788048360000,3.65e-06,3.66e-06,20.877948865532105,target,3290456874.0,18
PEPE,1788049920000,1788050040000,3.65e-06,3.66e-06,20.882324460014928,target,3291146487.0,18
PEPE,1788051120000,1788051480000,3.65e-06,3.66e-06,20.88670097452598,target,3291836245.0,18
PEPE,1788052140000,1788052260000,3.6400000000000003e-06,3.65e-06,20.930913843341926,target,3293613508.0,18
PEPE,1788053220000,1788053820000,3.63e-06,3.64e-06,20.97517902918849,target,3295393406.0,18
PEPE,1788054120000,1788054240000,3.6400000000000003e-06,3.65e-06,20.939713255960243,target,3294998152.0,18
PEPE,1788055140000,1788055200000,3.63e-06,3.64e-06,20.983997055634788,target,3296778799.0,18
PEPE,1788055620000,1788055860000,3.63e-06,3.64e-06,20.988411654144993,target,3297472373.0,18
PEPE,1788056280000,1788056400000,3.63e-06,3.64e-06,20.99282718194452,target,3298166093.0,18
PEPE,1788056820000,1788056940000,3.63e-06,3.64e-06,20.997243639033364,target,3298859959.0,18
PEPE,1788058080000,1788058140000,3.63e-06,3.64e-06,21.00166102541517,target,3299553971.0,18
PEPE,1788058800000,1788059940000,3.6400000000000003e-06,3.65e-06,20.966150481745778,target,3299158219.0,18
PEPE,1788061080000,1788061140000,3.6400000000000003e-06,3.65e-06,20.970552939770144,target,3299850974.0,18
PEPE,1788061740000,1788062640000,3.6400000000000003e-06,3.65e-06,20.974956325624415,target,3300543875.0,18
PEPE,1788063300000,1788063360000,3.63e-06,3.64e-06,21.019314652070836,target,3302327518.0,18
PEPE,1788066960000,1788067020000,3.6400000000000003e-06,3.65e-06,20.983774256715442,target,3301931433.0,18
PEPE,1788069300000,1788069420000,3.6400000000000003e-06,3.65e-06,20.988180419706715,target,3302624771.0,18
PEPE,1788070440000,1788070500000,3.63e-06,3.64e-06,21.03256671573586,target,3304409539.0,18
PEPE,1788072300000,1788072360000,3.65e-06,3.66e-06,20.957042697796165,target,3302922411.0,18
PEPE,1788072720000,1788072840000,3.65e-06,3.66e-06,20.961434871766603,target,3303614637.0,18
PEPE,1788073320000,1788073380000,3.65e-06,3.66e-06,20.96582796576163,target,3304307008.0,18
PEPE,1788074640000,1788074880000,3.6400000000000003e-06,3.65e-06,21.010208324066213,target,3306091003.0,18
PEPE,1788075720000,1788075780000,3.6400000000000003e-06,3.65e-06,21.014620034969663,target,3306785214.0,18
PEPE,1788076560000,1788076680000,3.63e-06,3.64e-06,21.059062243951747,target,3308572230.0,18
PEPE,1788137340000,1788137460000,3.44e-06,3.45e-06,21.82927249786584,target,3330171243.0,18
PEPE,1788137820000,1788137940000,3.44e-06,3.45e-06,21.83403189326977,target,3330897314.0,18
PEPE,1788138480000,1788138660000,3.41e-06,3.42e-06,21.960643260870093,target,3334949622.0,18
PEPE,1788139680000,1788139740000,3.43e-06,3.44e-06,21.884179211700456,target,3333462180.0,18
PEPE,1788140820000,1788141960000,3.43e-06,3.44e-06,21.888959444235187,target,3334190319.0,18
PEPE,1788142920000,1788144240000,3.45e-06,3.41e-06,-150.4215041832442,stop,3332701987.0,18
PEPE,1788147180000,1788147360000,3.44e-06,3.45e-06,21.820328036489656,target,3328806718.0,18
PEPE,1788148500000,1788148620000,3.45e-06,3.46e-06,21.78454794747106,target,3328425966.0,18
PEPE,1788148920000,1788149280000,3.43e-06,3.44e-06,21.870408428310856,target,3331364574.0,18
PEPE,1788150720000,1788150780000,3.4200000000000003e-06,3.43e-06,21.915794832625345,target,3333200735.0,18
PEPE,1788152220000,1788152280000,3.43e-06,3.44e-06,21.879972786425252,target,3332821445.0,18
PEPE,1788153060000,1788153120000,3.43e-06,3.44e-06,21.884752093294832,target,3333549443.0,18
PEPE,1788154140000,1788154200000,3.4600000000000003e-06,3.4700000000000002e-06,21.767787010534743,target,3330954401.0,18
PEPE,1788154680000,1788154920000,3.4600000000000003e-06,3.4700000000000002e-06,21.772515364039638,target,3331677944.0,18
PEPE,1788156420000,1788156840000,3.4700000000000002e-06,3.48e-06,21.7366992420757,target,3331294903.0,18
PEPE,1788157920000,1788157980000,3.4700000000000002e-06,3.48e-06,21.741412060349248,target,3332017174.0,18
PEPE,1788158580000,1788158940000,3.48e-06,3.49e-06,21.7055897377102,target,3331633114.0,18
PEPE,1788160200000,1788160260000,3.48e-06,3.49e-06,21.710287033165258,target,3332354111.0,18
PEPE,1788160620000,1788160680000,3.49e-06,3.5e-06,21.67445855966709,target,3331969033.0,18
PEPE,1788161220000,1788161280000,3.5100000000000003e-06,3.52e-06,21.598149953215625,target,3330478019.0,18
PEPE,1788162480000,1788162540000,3.5100000000000003e-06,3.52e-06,21.602797843504945,target,3331194733.0,18
PEPE,1788163080000,1788163140000,3.5100000000000003e-06,3.52e-06,21.607446738970854,target,3331911602.0,18
PEPE,1788164460000,1788164580000,3.52e-06,3.53e-06,21.57161558842661,target,3331523643.0,18
PEPE,1788166980000,1788167160000,3.54e-06,3.55e-06,21.495350079180756,target,3330030996.0,18
PEPE,1788221700000,1788221760000,3.5600000000000002e-06,3.57e-06,21.41914074300106,target,3328537800.0,18
PEPE,1788222720000,1788223140000,3.5600000000000002e-06,3.57e-06,21.423707006131455,target,3329247398.0,18
PEPE,1788224580000,1788224700000,3.5600000000000002e-06,3.57e-06,21.428274240947133,target,3329957147.0,18
PEPE,1788225780000,1788225840000,3.5500000000000003e-06,3.5600000000000002e-06,21.473259467491424,target,3331770282.0,18
PEPE,1788226620000,1788226680000,3.5500000000000003e-06,3.5600000000000002e-06,21.477845897060895,target,3332481908.0,18
PEPE,1788227220000,1788227400000,3.5600000000000002e-06,3.57e-06,21.44199902130049,target,3332089980.0,18
PEPE,1788228420000,1788229380000,3.5500000000000003e-06,3.5600000000000002e-06,21.48701306526599,target,3333904277.0,18
PEPE,1788230160000,1788230460000,3.5500000000000003e-06,3.5600000000000002e-06,21.49160243375599,target,3334616359.0,18
PEPE,1788231180000,1788231300000,3.54e-06,3.55e-06,21.536679778791765,target,3336433738.0,18
PEPE,1788231840000,1788231960000,3.5500000000000003e-06,3.5600000000000002e-06,21.500792758845915,target,3336042321.0,18
PEPE,1788234000000,1788234060000,3.57e-06,3.58e-06,21.424456893502143,target,3334545820.0,18
PEPE,1788235020000,1788235260000,3.5600000000000002e-06,3.57e-06,21.469474978379136,target,3336359748.0,18
PEPE,1788236460000,1788236520000,3.5500000000000003e-06,3.5600000000000002e-06,21.51454669820618,target,3338176369.0,18
PEPE,1788236940000,1788238020000,3.5600000000000002e-06,3.52e-06,-151.20160482630072,stop,3337783771.0,18
PEPE,1788239220000,1788239340000,3.54e-06,3.55e-06,21.52731649144951,target,3334983190.0,18
PEPE,1788239940000,1788240000000,3.53e-06,3.54e-06,21.572428020270635,target,3336802478.0,18
PEPE,1788241980000,1788242100000,3.5600000000000002e-06,3.57e-06,21.455592765750293,target,3334202450.0,18
PEPE,1788242520000,1788243180000,3.5500000000000003e-06,3.5600000000000002e-06,21.500635346165744,target,3336017897.0,18
PEPE,1788244320000,1788244440000,3.5500000000000003e-06,3.5600000000000002e-06,21.505227621351196,target,3336730430.0,18
PEPE,1788245100000,1788245160000,3.54e-06,3.55e-06,21.55033354971171,target,3338548962.0,18
PEPE,1788245520000,1788247380000,3.54e-06,3.53e-06,-51.090729698700876,time,3339263379.0,18
PEPE,1788247980000,1788248100000,3.53e-06,3.54e-06,21.58453982280046,target,3338675920.0,18
PEPE,1788249960000,1788250680000,3.52e-06,3.48e-06,-151.1241717741606,stop,3340498934.0,18
PEPE,1788254820000,1788256680000,3.49e-06,3.48e-06,-50.83333313415135,time,3338806774.0,18
PEPE,1788307320000,1788307560000,3.4700000000000002e-06,3.48e-06,21.789163582875823,target,3339335415.0,18
PEPE,1788309540000,1788309840000,3.4600000000000003e-06,3.4700000000000002e-06,21.83453995740381,target,3341169083.0,18
PEPE,1788310920000,1788311100000,3.4600000000000003e-06,3.4700000000000002e-06,21.83928281861125,target,3341894846.0,18
PEPE,1788312120000,1788312180000,3.4700000000000002e-06,3.48e-06,21.803356860749446,target,3341510630.0,18
PEPE,1788312780000,1788313260000,3.4600000000000003e-06,3.4200000000000003e-06,-150.9520490089498,stop,3343345493.0,18
PEPE,1788316080000,1788316140000,3.4700000000000002e-06,3.48e-06,21.775355645401486,target,3337219256.0,18
PEPE,1788317880000,1788317940000,3.4700000000000002e-06,3.48e-06,21.780076841774665,target,3337942811.0,18
PEPE,1788319860000,1788321720000,3.49e-06,3.4700000000000002e-06,-84.12859555003413,time,3336450349.0,18
PEPE,1788324120000,1788324180000,3.4700000000000002e-06,3.48e-06,21.76655882310094,target,3335871084.0,18
PEPE,1788324720000,1788324780000,3.4700000000000002e-06,3.48e-06,21.771278114176017,target,3336594347.0,18
PEPE,1788325320000,1788326700000,3.4700000000000002e-06,3.48e-06,21.775998429673663,target,3337317767.0,18
PEPE,1788327120000,1788328080000,3.4700000000000002e-06,3.48e-06,21.78071976307613,target,3338041343.0,18
PEPE,1788328620000,1788328920000,3.4600000000000003e-06,3.4700000000000002e-06,21.826078557037043,target,3339874301.0,18
PEPE,1788329220000,1788329580000,3.4600000000000003e-06,3.4700000000000002e-06,21.830819575371514,target,3340599782.0,18
PEPE,1788330240000,1788330300000,3.44e-06,3.45e-06,21.916950893085154,target,3343547047.0,18
PEPE,1788331320000,1788331380000,3.4600000000000003e-06,3.4700000000000002e-06,21.840322386804736,target,3342053923.0,18
PEPE,1788333840000,1788335700000,3.4600000000000003e-06,3.44e-06,-84.13776952926035,time,3342779878.0,18
PEPE,1788336780000,1788336840000,3.45e-06,3.46e-06,21.867455020180962,target,3341093204.0,18
PEPE,1788337320000,1788337620000,3.45e-06,3.46e-06,21.872213876592095,target,3341820302.0,18
PEPE,1788339720000,1788339780000,3.4200000000000003e-06,3.43e-06,21.999183578550383,target,3345883434.0,18
PEPE,1788340320000,1788340380000,3.43e-06,3.44e-06,21.96322523206531,target,3345502701.0,18
PEPE,1788340980000,1788341280000,3.43e-06,3.44e-06,21.968022723985897,target,3346233469.0,18
PEPE,1788341820000,1788342600000,3.4200000000000003e-06,3.43e-06,22.013611699374557,target,3348077825.0,18
PEPE,1788343260000,1788343320000,3.41e-06,3.42e-06,22.05925564429576,target,3349924927.0,18
PEPE,1788393960000,1788394860000,3.43e-06,3.39e-06,-151.0309715046302,stop,3348430806.0,18
PEPE,1788395220000,1788396000000,3.41e-06,3.42e-06,22.03097932504625,target,3345630877.0,18
PEPE,1788396840000,1788397560000,3.41e-06,3.42e-06,22.035809488395152,target,3346364387.0,18
PEPE,1788399960000,1788400200000,3.44e-06,3.45e-06,21.918345901966134,target,3343759863.0,18
PEPE,1788400620000,1788402480000,3.45e-06,3.44e-06,-50.702318270999534,time,3343377400.0,18
PEPE,1788403020000,1788403680000,3.4700000000000002e-06,3.48e-06,21.790054017000465,target,3339471880.0,18
PEPE,1788406020000,1788406080000,3.4600000000000003e-06,3.4700000000000002e-06,21.835432246305235,target,3341305623.0,18
PEPE,1788406920000,1788407040000,3.45e-06,3.46e-06,21.880865005230408,target,3343142094.0,18
PEPE,1788409020000,1788409080000,3.44e-06,3.45e-06,21.9263524018343,target,3344981297.0,18
PEPE,1788409620000,1788409800000,3.44e-06,3.45e-06,21.931132956781187,target,3345710596.0,18
PEPE,1788412680000,1788412920000,3.45e-06,3.41e-06,-150.99137521784797,stop,3345327910.0,18
PEPE,1788414720000,1788414780000,3.44e-06,3.45e-06,21.902994229619537,target,3341417884.0,18
PEPE,1788415320000,1788415380000,3.45e-06,3.46e-06,21.867078591049378,target,3341035690.0,18
PEPE,1788417300000,1788417420000,3.45e-06,3.46e-06,21.87183736237414,target,3341762775.0,18
PEPE,1788417780000,1788417840000,3.45e-06,3.46e-06,21.876597174356792,target,3342490019.0,18
PEPE,1788419700000,1788420000000,3.4700000000000002e-06,3.48e-06,21.800003813325837,target,3340996753.0,18
PEPE,1788421020000,1788421080000,3.4700000000000002e-06,3.48e-06,21.804730353675662,target,3341721127.0,18
PEPE,1788421620000,1788422580000,3.4700000000000002e-06,3.48e-06,21.80945791844988,target,3342445658.0,18
PEPE,1788423300000,1788423360000,3.48e-06,3.49e-06,21.7735234799392,target,3342060396.0,18
PEPE,1788423780000,1788424140000,3.48e-06,3.49e-06,21.77823547974983,target,3342783650.0,18
PEPE,1788424740000,1788424860000,3.4700000000000002e-06,3.48e-06,21.823629128776385,target,3344617491.0,18
PEPE,1788425820000,1788425880000,3.4600000000000003e-06,3.4700000000000002e-06,21.869077282101358,target,3346454060.0,18
PEPE,1788427740000,1788427800000,3.4600000000000003e-06,3.4700000000000002e-06,21.873827638951294,target,3347180970.0,18
PEPE,1788428220000,1788428280000,3.4600000000000003e-06,3.4700000000000002e-06,21.87857903486558,target,3347908039.0,18
PEPE,1788480240000,1788480600000,3.7e-06,3.71e-06,20.912911531343195,target,3322146391.0,18
PEPE,1788481200000,1788481260000,3.6900000000000002e-06,3.7e-06,20.95738861820399,target,3323931581.0,18
PEPE,1788482220000,1788482340000,3.7e-06,3.71e-06,20.92160320151639,target,3323527117.0,18
PEPE,1788482820000,1788483420000,3.6900000000000002e-06,3.65e-06,-151.28511716425515,stop,3325313049.0,18
PEPE,1788486720000,1788486780000,3.65e-06,3.66e-06,21.095267799464757,target,3324707297.0,18
PEPE,1788487320000,1788489180000,3.66e-06,3.65e-06,-51.460266106079736,time,3324306596.0,18
PEPE,1788489960000,1788490020000,3.66e-06,3.67e-06,21.048717802979798,target,3322607388.0,18
PEPE,1788491160000,1788491220000,3.6800000000000003e-06,3.6900000000000002e-06,20.97281129190109,target,3321110260.0,18
PEPE,1788491520000,1788493380000,3.6800000000000003e-06,3.66e-06,-84.70595921100235,time,3321802322.0,18
PEPE,1788494520000,1788494580000,3.66e-06,3.67e-06,21.039789051260207,target,3321197956.0,18
PEPE,1788495300000,1788495360000,3.66e-06,3.67e-06,21.044190165810214,target,3321892686.0,18
PEPE,1788496440000,1788496500000,3.6800000000000003e-06,3.6900000000000002e-06,20.968299988515877,target,3320395881.0,18
PEPE,1788496920000,1788496980000,3.67e-06,3.68e-06,21.012810637500507,target,3322183500.0,18
PEPE,1788499680000,1788500880000,3.66e-06,3.62e-06,-151.0746078010501,stop,3323973769.0,18
PEPE,1788503820000,1788503940000,3.62e-06,3.63e-06,21.18650036325025,target,3323372606.0,18
PEPE,1788505740000,1788505860000,3.6400000000000003e-06,3.65e-06,21.11053181754075,target,3321877548.0,18
PEPE,1788506220000,1788506280000,3.6400000000000003e-06,3.65e-06,21.11496459527234,target,3322575074.0,18
PEPE,1788506880000,1788507060000,3.6400000000000003e-06,3.65e-06,21.119398300832017,target,3323272746.0,18
PEPE,1788507480000,1788507720000,3.6400000000000003e-06,3.65e-06,21.123832940574317,target,3323970565.0,18
PEPE,1788508620000,1788508860000,3.63e-06,3.64e-06,21.168506114821614,target,3325766868.0,18
PEPE,1788509280000,1788509580000,3.63e-06,3.64e-06,21.17295953346391,target,3326466541.0,18
PEPE,1788513720000,1788514080000,3.67e-06,3.68e-06,21.016555107074876,target,3322775511.0,18
PEPE,1788515820000,1788515880000,3.67e-06,3.68e-06,21.02094297462615,target,3323469245.0,18
PEPE,1788518760000,1788518940000,3.66e-06,3.67e-06,21.0655234113451,target,3325260207.0,18
PEPE,1788567180000,1788567300000,3.5100000000000003e-06,3.52e-06,21.676130852550273,target,3342502830.0,18
PEPE,1788567840000,1788568260000,3.5100000000000003e-06,3.52e-06,21.680795526020134,target,3343222132.0,18
PEPE,1788571680000,1788571800000,3.5000000000000004e-06,3.5100000000000003e-06,21.726106628207056,target,3345051059.0,18
PEPE,1788572220000,1788572280000,3.49e-06,3.5e-06,21.771471996024445,target,3346882705.0,18
PEPE,1788572820000,1788573060000,3.49e-06,3.5e-06,21.77617475975686,target,3347605651.0,18
PEPE,1788573420000,1788573600000,3.49e-06,3.5e-06,21.780878538266123,target,3348328753.0,18
PEPE,1788575040000,1788575100000,3.48e-06,3.49e-06,21.826317899711754,target,3350163914.0,18
PEPE,1788575520000,1788575640000,3.48e-06,3.44e-06,-151.39316145077825,stop,3350888921.0,18
PEPE,1788576240000,1788576360000,3.4600000000000003e-06,3.4700000000000002e-06,21.87972396032887,target,3348083238.0,18
PEPE,1788577980000,1788578040000,3.45e-06,3.46e-06,21.925248875530105,target,3349923434.0,18
PEPE,1788579000000,1788579060000,3.4600000000000003e-06,3.4700000000000002e-06,21.889239194800446,target,3349539280.0,18
PEPE,1788580620000,1788580740000,3.4600000000000003e-06,3.4700000000000002e-06,21.89399393663713,target,3350266861.0,18
PEPE,1788581280000,1788581940000,3.4600000000000003e-06,3.4700000000000002e-06,21.89874971100086,target,3350994600.0,18
PEPE,1788582480000,1788582540000,3.4700000000000002e-06,3.48e-06,21.862725930450104,target,3350609338.0,18
PEPE,1788583080000,1788583200000,3.4700000000000002e-06,3.48e-06,21.8674660688988,target,3351335796.0,18
PEPE,1788583680000,1788583740000,3.48e-06,3.49e-06,21.831436051135594,target,3350949509.0,18
PEPE,1788585000000,1788585060000,3.4700000000000002e-06,3.48e-06,21.876940590749886,target,3352787830.0,18
PEPE,1788587100000,1788587160000,3.4700000000000002e-06,3.48e-06,21.881683815525456,target,3353514761.0,18
PEPE,1788587520000,1788587580000,3.4700000000000002e-06,3.48e-06,21.886428064725422,target,3354241849.0,18
PEPE,1788589920000,1788590040000,3.5000000000000004e-06,3.5100000000000003e-06,21.768834959955043,target,3351629709.0,18
PEPE,1788591360000,1788591420000,3.5000000000000004e-06,3.5100000000000003e-06,21.773528370361962,target,3352352328.0,18
PEPE,1788593520000,1788593580000,3.5100000000000003e-06,3.52e-06,21.73747986693675,target,3351962971.0,18
PEPE,1788594180000,1788594240000,3.5100000000000003e-06,3.52e-06,21.742157743865924,target,3352684309.0,18
PEPE,1788595380000,1788595440000,3.5100000000000003e-06,3.52e-06,21.74683663245489,target,3353405803.0,18
PEPE,1788653220000,1788653280000,3.6000000000000003e-06,3.61e-06,21.38580682095511,target,3344144929.0,18
PEPE,1788654420000,1788654480000,3.61e-06,3.62e-06,21.349822992367102,target,3343746749.0,18
PEPE,1788655080000,1788655200000,3.62e-06,3.63e-06,21.313841217750074,target,3343347642.0,18
PEPE,1788656220000,1788656280000,3.61e-06,3.62e-06,21.358832699856517,target,3345157823.0,18
PEPE,1788657420000,1788657540000,3.63e-06,3.64e-06,21.282354992144604,target,3343653573.0,18
PEPE,1788658080000,1788658680000,3.63e-06,3.64e-06,21.286832362284404,target,3344357009.0,18
PEPE,1788659400000,1788659460000,3.63e-06,3.64e-06,21.29131067444533,target,3345060593.0,18
PEPE,1788661200000,1788661920000,3.6400000000000003e-06,3.65e-06,21.25531037260994,target,3344659382.0,18
PEPE,1788662220000,1788662280000,3.6400000000000003e-06,3.65e-06,21.259773552661393,target,3345361692.0,18
PEPE,1788664680000,1788665760000,3.66e-06,3.67e-06,21.183324757211032,target,3343855526.0,18
PEPE,1788666120000,1788666180000,3.6800000000000003e-06,3.6900000000000002e-06,21.106932823559465,target,3342348824.0,18
PEPE,1788667560000,1788667860000,3.65e-06,3.66e-06,21.232631040749425,target,3346356350.0,18
PEPE,1788671340000,1788671460000,3.63e-06,3.64e-06,21.31809812065385,target,3349269147.0,18
PEPE,1788672780000,1788672840000,3.63e-06,3.64e-06,21.32258300785861,target,3349973764.0,18
PEPE,1788673380000,1788673440000,3.65e-06,3.66e-06,21.246017594849842,target,3348466130.0,18
PEPE,1788673980000,1788674040000,3.65e-06,3.66e-06,21.25047033184488,target,3349167901.0,18
PEPE,1788674520000,1788674700000,3.65e-06,3.66e-06,21.254924001556308,target,3349869819.0,18
PEPE,1788675240000,1788675300000,3.6400000000000003e-06,3.65e-06,21.29991632097057,target,3351678414.0,18
PEPE,1788676680000,1788676980000,3.6400000000000003e-06,3.65e-06,21.304388868291895,target,3352382198.0,18
PEPE,1788678720000,1788678840000,3.63e-06,3.59e-06,-152.29717198627438,stop,3354193855.0,18
PEPE,1788679380000,1788679440000,3.62e-06,3.63e-06,21.357951124124234,target,3350266843.0,18
PEPE,1788680100000,1788680160000,3.62e-06,3.63e-06,21.362452938748937,target,3350973010.0,18
PEPE,1788681780000,1788682020000,3.62e-06,3.63e-06,21.366955709626,target,3351679327.0,18
PEPE,1788682320000,1788682560000,3.63e-06,3.64e-06,21.330886366771374,target,3351278298.0,18
PEPE,1788741120000,1788741180000,3.66e-06,3.67e-06,21.213789873571063,target,3348664542.0,18
PEPE,1788747780000,1788747900000,3.5900000000000004e-06,3.6000000000000003e-06,21.502358352510598,target,3357120742.0,18
PEPE,1788749580000,1788749940000,3.6400000000000003e-06,3.6000000000000003e-06,-152.26090969583913,stop,3352287752.0,18
PEPE,1788750480000,1788751560000,3.61e-06,3.57e-06,-152.0324041499999,stop,3350576400.0,18
PEPE,1788751920000,1788752880000,3.58e-06,3.59e-06,21.482996014226483,target,3348869215.0,18
PEPE,1788753780000,1788753900000,3.57e-06,3.58e-06,21.52817825134925,target,3350689222.0,18
PEPE,1788754320000,1788754500000,3.58e-06,3.59e-06,21.49213084592635,target,3350293195.0,18
PEPE,1788754920000,1788755040000,3.58e-06,3.59e-06,21.496695400686136,target,3351004739.0,18
PEPE,1788755580000,1788755820000,3.58e-06,3.59e-06,21.50126093052508,target,3351716435.0,18
PEPE,1788760560000,1788760800000,3.6000000000000003e-06,3.61e-06,21.424599773466422,target,3350211067.0,18
PEPE,1788761340000,1788761400000,3.6000000000000003e-06,3.61e-06,21.429132805265333,target,3350919907.0,18
PEPE,1788761940000,1788762000000,3.61e-06,3.62e-06,21.393076074199264,target,3350520920.0,18
PEPE,1788764340000,1788764460000,3.5900000000000004e-06,3.6000000000000003e-06,21.47881930498609,target,3353445637.0,18
PEPE,1788766080000,1788766140000,3.58e-06,3.59e-06,21.524034077885023,target,3355266419.0,18
PEPE,1788769680000,1788769740000,3.58e-06,3.59e-06,21.528605406884342,target,3355979019.0,18
PEPE,1788770340000,1788770400000,3.58e-06,3.59e-06,21.533177710964644,target,3356691771.0,18
PEPE,1788771000000,1788771720000,3.5900000000000004e-06,3.6000000000000003e-06,21.49706342227383,target,3356294055.0,18
PEPE,1788772620000,1788772980000,3.6000000000000003e-06,3.61e-06,21.460951121370535,target,3355895406.0,18
PEPE,1788774720000,1788776580000,3.5900000000000004e-06,3.6000000000000003e-06,21.50616973102412,target,3357715805.0,18
PEPE,1788781320000,1788781380000,3.6000000000000003e-06,3.61e-06,21.470042131865288,target,3357316987.0,18
PEPE,1788782520000,1788782820000,3.6000000000000003e-06,3.61e-06,21.474584775349037,target,3358027330.0,18
PEPE,1788783180000,1788783240000,3.61e-06,3.62e-06,21.4384515683442,target,3357627497.0,18
PEPE,1788784380000,1788784440000,3.62e-06,3.63e-06,21.402320429250416,target,3357226734.0,18
PEPE,1788784920000,1788784980000,3.63e-06,3.64e-06,21.3661913859657,target,3356825041.0,18
PEPE,1788825780000,1788825960000,3.62e-06,3.63e-06,21.411335150999225,target,3358640808.0,18
PEPE,1788826380000,1788826440000,3.61e-06,3.62e-06,21.456532432564643,target,3360459269.0,18
PEPE,1788827040000,1788827100000,3.61e-06,3.62e-06,21.46106362443439,target,3361168931.0,18
PEPE,1788827940000,1788828000000,3.62e-06,3.63e-06,21.424894374374645,target,3360767745.0,18
PEPE,1788828420000,1788828600000,3.63e-06,3.64e-06,21.388727222219938,target,3360365628.0,18
PEPE,1788829020000,1788830580000,3.6400000000000003e-06,3.65e-06,21.352562208612365,target,3359962582.0,18
PEPE,1788832380000,1788832500000,3.6400000000000003e-06,3.65e-06,21.357045807274467,target,3360668105.0,18
PEPE,1788833520000,1788833580000,3.6400000000000003e-06,3.65e-06,21.36153034648101,target,3361373776.0,18
PEPE,1788835380000,1788835500000,3.63e-06,3.64e-06,21.406706214946077,target,3363190293.0,18
PEPE,1788839220000,1788840120000,3.61e-06,3.62e-06,21.49268835065572,target,3366121903.0,18
PEPE,1788840480000,1788840660000,3.6000000000000003e-06,3.61e-06,21.538015507745655,target,3367946131.0,18
PEPE,1788841380000,1788841620000,3.6000000000000003e-06,3.61e-06,21.54257253358665,target,3368658723.0,18
PEPE,1788844920000,1788844980000,3.62e-06,3.63e-06,21.465546308626166,target,3367144519.0,18
PEPE,1788845640000,1788847140000,3.62e-06,3.58e-06,-152.8669041351607,stop,3367854244.0,18
PEPE,1788847920000,1788848160000,3.5900000000000004e-06,3.6000000000000003e-06,21.560108452154207,target,3366137151.0,18
PEPE,1788850920000,1788850980000,3.58e-06,3.59e-06,21.60549433954477,target,3367964823.0,18
PEPE,1788853320000,1788853860000,3.62e-06,3.58e-06,-152.7022698845998,stop,3364227140.0,18
PEPE,1788854280000,1788854340000,3.6000000000000003e-06,3.61e-06,21.496152712226102,target,3361399955.0,18
PEPE,1788854940000,1788855120000,3.5900000000000004e-06,3.6000000000000003e-06,21.54144548629444,target,3363223339.0,18
PEPE,1788855660000,1788855720000,3.5900000000000004e-06,3.6000000000000003e-06,21.54601187340014,target,3363936280.0,18
PEPE,1788857280000,1788859140000,3.62e-06,3.61e-06,-51.83145622086043,time,3361313633.0,18
PEPE,1788859740000,1788859920000,3.61e-06,3.62e-06,21.458136657432227,target,3360710518.0,18
PEPE,1788861600000,1788861660000,3.63e-06,3.64e-06,21.381303379010067,target,3359199274.0,18
PEPE,1788862200000,1788862260000,3.62e-06,3.63e-06,21.426479078249606,target,3361016326.0,18
PEPE,1788913320000,1788913620000,3.7300000000000003e-06,3.6900000000000002e-06,-152.5886868374398,stop,3349548608.0,18
PEPE,1788913980000,1788914040000,3.6900000000000002e-06,3.7e-06,21.115020143880066,target,3348932616.0,18
PEPE,1788915660000,1788915780000,3.6900000000000002e-06,3.7e-06,21.119411727702108,target,3349629140.0,18
PEPE,1788919920000,1788920280000,3.65e-06,3.61e-06,-152.42307270177048,stop,3354750142.0,18
PEPE,1788922620000,1788922740000,3.6400000000000003e-06,3.65e-06,21.29447220218502,target,3350821747.0,18
PEPE,1788923280000,1788923520000,3.6400000000000003e-06,3.65e-06,21.29894360560394,target,3351525351.0,18
PEPE,1788925020000,1788925140000,3.6400000000000003e-06,3.65e-06,21.303415943210947,target,3352229102.0,18
PEPE,1788925620000,1788925680000,3.6400000000000003e-06,3.65e-06,21.3078892213533,target,3352933001.0,18
PEPE,1788926340000,1788926400000,3.6400000000000003e-06,3.65e-06,21.312363440040087,target,3353637048.0,18
PEPE,1788926880000,1788927840000,3.6800000000000003e-06,3.6900000000000002e-06,21.154719483165387,target,3349915991.0,18
PEPE,1788928440000,1788928500000,3.6800000000000003e-06,3.6900000000000002e-06,21.159127757323915,target,3350614055.0,18
PEPE,1788930120000,1788931020000,3.71e-06,3.72e-06,21.04217748600028,target,3347999600.0,18
PEPE,1788931320000,1788931980000,3.71e-06,3.67e-06,-152.44926084360029,stop,3348693264.0,18
PEPE,1788932760000,1788934320000,3.6800000000000003e-06,3.6900000000000002e-06,21.136154008349344,target,3346976090.0,18
PEPE,1788935940000,1788936060000,3.7e-06,3.71e-06,21.059713310857337,target,3345466769.0,18
PEPE,1788937260000,1788937320000,3.6900000000000002e-06,3.7e-06,21.10450262206076,target,3347264492.0,18
PEPE,1788937860000,1788937920000,3.71e-06,3.72e-06,21.0280666176917,target,3345754434.0,18
PEPE,1788938220000,1788938280000,3.7e-06,3.71e-06,21.072831121425935,target,3347550615.0,18
PEPE,1788938820000,1788938880000,3.7e-06,3.71e-06,21.077205542105396,target,3348245519.0,18
PEPE,1788940140000,1788940200000,3.7e-06,3.71e-06,21.081580862971972,target,3348940566.0,18
PEPE,1788940740000,1788940800000,3.7e-06,3.71e-06,21.085957096609256,target,3349635758.0,18
PEPE,1788941400000,1788941460000,3.71e-06,3.72e-06,21.049892926859954,target,3349227196.0,18
PEPE,1788941820000,1788941880000,3.71e-06,3.72e-06,21.05425420148891,target,3349921114.0,18
PEPE,1788943200000,1788943260000,3.7200000000000004e-06,3.7300000000000003e-06,21.01818496370057,target,3349511548.0,18
PEPE,1788998640000,1788998700000,3.4700000000000002e-06,3.48e-06,22.04158420620241,target,3378020568.0,18
PEPE,1788999900000,1788999960000,3.4600000000000003e-06,3.4700000000000002e-06,22.087486248730762,target,3379875478.0,18
PEPE,1789000380000,1789000440000,3.4600000000000003e-06,3.4700000000000002e-06,22.092284056214584,target,3380609649.0,18
PEPE,1789001880000,1789002060000,3.45e-06,3.46e-06,22.13825124048881,target,3382467722.0,18
PEPE,1789003080000,1789003200000,3.4700000000000002e-06,3.48e-06,22.060741782375167,target,3380956595.0,18
PEPE,1789003620000,1789003680000,3.4600000000000003e-06,3.4700000000000002e-06,22.106683726130413,target,3382813118.0,18
PEPE,1789005720000,1789005780000,3.44e-06,3.45e-06,22.193903438429146,target,3385797626.0,18
PEPE,1789006920000,1789006980000,3.44e-06,3.45e-06,22.198742326320897,target,3386535824.0,18
PEPE,1789008120000,1789008240000,3.4600000000000003e-06,3.4700000000000002e-06,22.121128592105983,target,3385023503.0,18
PEPE,1789008720000,1789008780000,3.4700000000000002e-06,3.48e-06,22.084738990200023,target,3384634328.0,18
PEPE,1789009920000,1789009980000,3.4700000000000002e-06,3.48e-06,22.08952726357598,target,3385368163.0,18
PEPE,1789010700000,1789010760000,3.4700000000000002e-06,3.48e-06,22.09431658095142,target,3386102158.0,18
PEPE,1789012500000,1789012560000,3.4600000000000003e-06,3.4700000000000002e-06,22.140328441709457,target,3387961506.0,18
PEPE,1789013760000,1789014060000,3.4700000000000002e-06,3.48e-06,22.103907260851102,target,3387571994.0,18
PEPE,1789015020000,1789016340000,3.4700000000000002e-06,3.48e-06,22.108699690649903,target,3388306466.0,18
PEPE,1789017720000,1789017780000,3.4600000000000003e-06,3.4700000000000002e-06,22.154741508376752,target,3390167025.0,18
PEPE,1789019520000,1789019580000,3.4700000000000002e-06,3.48e-06,22.118296614975034,target,3389777259.0,18
PEPE,1789020300000,1789021080000,3.4700000000000002e-06,3.43e-06,-153.1324839194852,stop,3390512209.0,18
PEPE,1789023240000,1789024920000,3.4700000000000002e-06,3.43e-06,-152.90267035316995,stop,3385423898.0,18
PEPE,1789025820000,1789025880000,3.43e-06,3.44e-06,22.22147364807497,target,3384839855.0,18
PEPE,1789027020000,1789027680000,3.44e-06,3.45e-06,22.185093944505653,target,3384453691.0,18
PEPE,1789028340000,1789028400000,3.43e-06,3.44e-06,22.231173514356605,target,3386317367.0,18
PEPE,1789029000000,1789029060000,3.44e-06,3.45e-06,22.19477792787015,target,3385931034.0,18
PEPE,1789029540000,1789029600000,3.44e-06,3.45e-06,22.199617005855714,target,3386669261.0,18
PEPE,1789086000000,1789086060000,3.2500000000000002e-06,3.26e-06,22.57735864457508,target,3347273335.0,19
PEPE,1789087140000,1789087260000,3.2500000000000002e-06,3.26e-06,22.58245601644751,target,3348029061.0,19
PEPE,1789087620000,1789087680000,3.2500000000000002e-06,3.26e-06,22.5875545349653,target,3348784957.0,19
PEPE,1789089060000,1789089120000,3.27e-06,3.28e-06,22.51060109455119,target,3347301278.0,19
PEPE,1789090740000,1789091040000,3.27e-06,3.28e-06,22.515664938850488,target,3348054266.0,19
PEPE,1789092420000,1789092540000,3.2800000000000004e-06,3.2900000000000003e-06,22.479726054835574,target,3347688169.0,19
PEPE,1789093020000,1789094580000,3.2800000000000004e-06,3.2900000000000003e-06,22.484773740478555,target,3348439872.0,19
PEPE,1789095240000,1789095300000,3.2800000000000004e-06,3.2900000000000003e-06,22.489822560961162,target,3349191744.0,19
PEPE,1789095900000,1789096440000,3.2800000000000004e-06,3.2900000000000003e-06,22.49487251627611,target,3349943785.0,19
PEPE,1789097520000,1789097880000,3.2800000000000004e-06,3.2900000000000003e-06,22.49992360642522,target,3350695995.0,19
PEPE,1789103280000,1789103340000,3.3e-06,3.31e-06,22.422958258609494,target,3349209598.0,19
PEPE,1789105620000,1789105680000,3.31e-06,3.32e-06,22.386997973725187,target,3348840385.0,19
PEPE,1789106460000,1789106520000,3.31e-06,3.32e-06,22.391997364344647,target,3349588237.0,19
PEPE,1789106940000,1789107000000,3.32e-06,3.33e-06,22.356030063224694,target,3349217987.0,19
PEPE,1789107480000,1789107600000,3.32e-06,3.33e-06,22.3610134179763,target,3349964557.0,19
PEPE,1789108920000,1789109400000,3.31e-06,3.32e-06,22.406983951099342,target,3351830060.0,19
PEPE,1789110900000,1789111020000,3.31e-06,3.32e-06,22.411987813984574,target,3352578581.0,19
PEPE,1789111560000,1789113420000,3.32e-06,3.31e-06,-50.182553760001056,time,3352208000.0,19
PEPE,1789115700000,1789115940000,3.31e-06,3.32e-06,22.40578617290928,target,3351650886.0,19
PEPE,1789116540000,1789116600000,3.31e-06,3.32e-06,22.410789768395496,target,3352399367.0,19
PEPE,1789118640000,1789119600000,3.3e-06,3.26e-06,-150.64017453269946,stop,3354267970.0,19
PEPE,1789121940000,1789122000000,3.2800000000000004e-06,3.2900000000000003e-06,22.505140154175987,target,3351472845.0,19
PEPE,1789127220000,1789127280000,3.2500000000000002e-06,3.26e-06,22.633454286945508,target,3355589961.0,19
PEPE,1789128420000,1789128660000,3.2500000000000002e-06,3.26e-06,22.638564319182535,target,3356347564.0,19
PEPE,1789174260000,1789174380000,3.3e-06,3.31e-06,22.438285476945673,target,3351498951.0,19
PEPE,1789176480000,1789176540000,3.3e-06,3.31e-06,22.443305495065463,target,3352248767.0,19
PEPE,1789177020000,1789177080000,3.3e-06,3.31e-06,22.448326637945872,target,3352998751.0,19
PEPE,1789178280000,1789178340000,3.3e-06,3.31e-06,22.4533489055869,target,3353748903.0,19
PEPE,1789180260000,1789180320000,3.31e-06,3.32e-06,22.41733988514953,target,3353379190.0,19
PEPE,1789182000000,1789182060000,3.31e-06,3.32e-06,22.422346054359032,target,3354128056.0,19
PEPE,1789183920000,1789183980000,3.32e-06,3.33e-06,22.386330010875923,target,3353757305.0,19
PEPE,1789184520000,1789184640000,3.32e-06,3.33e-06,22.391320107375975,target,3354504885.0,19
PEPE,1789185180000,1789185240000,3.32e-06,3.33e-06,22.396311325275896,target,3355252633.0,19
PEPE,1789188300000,1789188600000,3.3300000000000003e-06,3.34e-06,22.360280272064948,target,3354880761.0,19
PEPE,1789189500000,1789189560000,3.32e-06,3.33e-06,22.40628794715076,target,3356747258.0,19
PEPE,1789191000000,1789191060000,3.31e-06,3.32e-06,22.452351563216347,target,3358616539.0,19
PEPE,1789191540000,1789191600000,3.32e-06,3.33e-06,22.4162873174243,target,3358245291.0,19
PEPE,1789192620000,1789192680000,3.32e-06,3.33e-06,22.421284095601308,target,3358993872.0,19
PEPE,1789193280000,1789193640000,3.32e-06,3.33e-06,22.426281995176367,target,3359742621.0,19
PEPE,1789194180000,1789194240000,3.32e-06,3.33e-06,22.43128100280026,target,3360491536.0,19
PEPE,1789194720000,1789194780000,3.3300000000000003e-06,3.34e-06,22.39519368819362,target,3360119083.0,19
PEPE,1789195920000,1789195980000,3.32e-06,3.33e-06,22.44127319745028,target,3361988494.0,19
PEPE,1789197300000,1789197360000,3.3300000000000003e-06,3.34e-06,22.40516980687393,target,3361615875.0,19
PEPE,1789198500000,1789198560000,3.34e-06,3.35e-06,22.369067506501185,target,3361242300.0,19
PEPE,1789201320000,1789203180000,3.39e-06,3.37e-06,-84.12794264578599,time,3356391089.0,19
PEPE,1789204440000,1789204560000,3.3800000000000002e-06,3.39e-06,22.19137584394556,target,3354705343.0,19
PEPE,1789205040000,1789205100000,3.3700000000000003e-06,3.3800000000000002e-06,22.237230153249513,target,3356563042.0,19
PEPE,1789205580000,1789205640000,3.3700000000000003e-06,3.3800000000000002e-06,22.24214168975113,target,3357304406.0,19
PEPE,1789258380000,1789258680000,3.41e-06,3.42e-06,22.083297894150405,target,3353575990.0,19
PEPE,1789260660000,1789260720000,3.4200000000000003e-06,3.43e-06,22.047259557749754,target,3353195370.0,19
PEPE,1789261020000,1789261080000,3.4200000000000003e-06,3.43e-06,22.052084351926542,target,3353929179.0,19
PEPE,1789261800000,1789261860000,3.4200000000000003e-06,3.43e-06,22.056910198100955,target,3354663148.0,19
PEPE,1789262820000,1789262940000,3.43e-06,3.44e-06,22.020857489474455,target,3354281415.0,19
PEPE,1789263540000,1789263600000,3.43e-06,3.44e-06,22.025667573066738,target,3355014101.0,19
PEPE,1789265280000,1789265340000,3.43e-06,3.44e-06,22.030478707056286,target,3355746947.0,19
PEPE,1789266480000,1789266540000,3.43e-06,3.44e-06,22.03529089800996,target,3356479954.0,19
PEPE,1789267200000,1789267500000,3.44e-06,3.45e-06,21.999215998875172,target,3356097025.0,19
PEPE,1789268040000,1789268700000,3.44e-06,3.45e-06,22.00401244313848,target,3356828748.0,19
PEPE,1789269180000,1789269300000,3.43e-06,3.44e-06,22.049715890213598,target,3358677211.0,19
PEPE,1789271520000,1789271580000,3.44e-06,3.45e-06,22.013617379759523,target,3358294032.0,19
PEPE,1789272360000,1789272420000,3.44e-06,3.45e-06,22.018416963869896,target,3359026234.0,19
PEPE,1789272840000,1789272960000,3.45e-06,3.46e-06,21.982312053625275,target,3358642025.0,19
PEPE,1789274040000,1789275900000,3.45e-06,3.44e-06,-50.94489066542951,time,3359372942.0,19
PEPE,1789277700000,1789277760000,3.45e-06,3.46e-06,21.976009133539566,target,3357679012.0,19
PEPE,1789279320000,1789279380000,3.4700000000000002e-06,3.48e-06,21.899067707475183,target,3356178959.0,19
PEPE,1789280520000,1789280580000,3.4600000000000003e-06,3.4700000000000002e-06,21.944672966196137,target,3358021877.0,19
PEPE,1789281120000,1789281540000,3.4600000000000003e-06,3.4700000000000002e-06,21.949439745499223,target,3358751300.0,19
PEPE,1789282020000,1789282080000,3.45e-06,3.46e-06,21.995109714655122,target,3360597359.0,19
PEPE,1789284240000,1789284300000,3.4600000000000003e-06,3.4700000000000002e-06,21.95898530236978,target,3360211982.0,19
PEPE,1789284720000,1789285980000,3.4600000000000003e-06,3.4200000000000003e-06,-151.74652592714955,stop,3360941881.0,19
PEPE,1789286880000,1789286940000,3.44e-06,3.45e-06,22.01253731896344,target,3358129263.0,19
PEPE,1789291500000,1789291680000,3.39e-06,3.4e-06,22.2222182604915,target,3364453938.0,19
PEPE,1789346520000,1789346580000,3.36e-06,3.37e-06,22.350392302405037,target,3368559503.0,19
PEPE,1789347120000,1789347180000,3.3700000000000003e-06,3.3800000000000002e-06,22.314206816626278,target,3368182161.0,19
PEPE,1789347900000,1789347960000,3.3700000000000003e-06,3.3800000000000002e-06,22.319135359501843,target,3368926092.0,19
PEPE,1789348380000,1789348680000,3.3800000000000002e-06,3.34e-06,-151.68570347136045,stop,3368547712.0,19
PEPE,1789352940000,1789353060000,3.45e-06,3.46e-06,21.962845024505157,target,3355667689.0,19
PEPE,1789353480000,1789353540000,3.43e-06,3.44e-06,22.049408241184597,target,3358630349.0,19
PEPE,1789355880000,1789355940000,3.44e-06,3.45e-06,22.013310232124738,target,3358247175.0,19
PEPE,1789356420000,1789356480000,3.43e-06,3.44e-06,22.05903299730103,target,3360096420.0,19
PEPE,1789357140000,1789357500000,3.43e-06,3.44e-06,22.063851418439246,target,3360830376.0,19
PEPE,1789358640000,1789358700000,3.43e-06,3.44e-06,22.06867089654522,target,3361564493.0,19
PEPE,1789359120000,1789359180000,3.44e-06,3.45e-06,22.03254135012118,target,3361180984.0,19
PEPE,1789360380000,1789360440000,3.43e-06,3.44e-06,22.078304055859807,target,3363031844.0,19
PEPE,1789361100000,1789361160000,3.44e-06,3.45e-06,22.042158741240797,target,3362648168.0,19
PEPE,1789362240000,1789362300000,3.44e-06,3.45e-06,22.04696454604497,target,3363381319.0,19
PEPE,1789363740000,1789364280000,3.44e-06,3.45e-06,22.051771399651503,target,3364114630.0,19
PEPE,1789365000000,1789365240000,3.44e-06,3.45e-06,22.056579302054956,target,3364848101.0,19
PEPE,1789368840000,1789370280000,3.45e-06,3.46e-06,22.020411814170735,target,3364463226.0,19
PEPE,1789374480000,1789374540000,3.44e-06,3.45e-06,22.066189312245044,target,3366314159.0,19
PEPE,1789375020000,1789375140000,3.44e-06,3.45e-06,22.07100035449556,target,3367048109.0,19
PEPE,1789375680000,1789375740000,3.43e-06,3.44e-06,22.116842943001437,target,3368902200.0,19
PEPE,1789377720000,1789378200000,3.4200000000000003e-06,3.43e-06,22.162740753751155,target,3370759050.0,19
PEPE,1789379940000,1789381800000,3.4600000000000003e-06,3.44e-06,-84.74780047236011,time,3367016308.0,19
PEPE,1789388460000,1789388580000,3.45e-06,3.46e-06,22.026002415725603,target,3365317405.0,19
PEPE,1789389120000,1789389180000,3.45e-06,3.46e-06,22.0307957773756,target,3366049775.0,19
PEPE,1789431600000,1789431780000,3.45e-06,3.46e-06,22.035590179679854,target,3366782304.0,19
PEPE,1789432980000,1789433160000,3.45e-06,3.46e-06,22.0403856291843,target,3367514993.0,19
PEPE,1789438920000,1789438980000,3.4600000000000003e-06,3.4700000000000002e-06,22.004186851770044,target,3367128822.0,19
PEPE,1789439520000,1789439580000,3.4600000000000003e-06,3.4700000000000002e-06,22.00896656383952,target,3367860224.0,19
PEPE,1789441320000,1789442160000,3.4700000000000002e-06,3.43e-06,-152.0919190386299,stop,3367473022.0,19
PEPE,1789444080000,1789445100000,3.4600000000000003e-06,3.4700000000000002e-06,21.980710177949653,target,3363536370.0,19
PEPE,1789446300000,1789447380000,3.45e-06,3.46e-06,22.026445211155206,target,3365385059.0,19
PEPE,1789450920000,1789451460000,3.4200000000000003e-06,3.43e-06,22.154310242725114,target,3369476843.0,19
PEPE,1789453020000,1789453080000,3.41e-06,3.42e-06,22.200245913748788,target,3371335750.0,19
PEPE,1789454520000,1789454640000,3.4e-06,3.41e-06,22.246237011280314,target,3373197424.0,19
PEPE,1789456080000,1789456320000,3.4e-06,3.41e-06,22.25112341165526,target,3373938349.0,19
PEPE,1789456680000,1789456740000,3.41e-06,3.42e-06,22.214868986189707,target,3373556414.0,19
PEPE,1789457880000,1789458060000,3.4200000000000003e-06,3.43e-06,22.178615940024443,target,3373173527.0,19
PEPE,1789458420000,1789460100000,3.4200000000000003e-06,3.43e-06,22.183469473525577,target,3373911707.0,19
PEPE,1789461120000,1789461180000,3.41e-06,3.42e-06,22.229465606685398,target,3375773061.0,19
PEPE,1789462980000,1789463040000,3.4200000000000003e-06,3.43e-06,22.193188737152063,target,3375389922.0,19
PEPE,1789463700000,1789463820000,3.4200000000000003e-06,3.43e-06,22.19804546609905,target,3376128588.0,19
PEPE,1789465380000,1789465500000,3.43e-06,3.44e-06,22.161762071344015,target,3375744413.0,19
PEPE,1789467120000,1789467180000,3.44e-06,3.45e-06,22.12548011973071,target,3375359286.0,19
PEPE,1789467720000,1789467840000,3.44e-06,3.45e-06,22.130304094995267,target,3376095209.0,19
PEPE,1789468320000,1789468380000,3.43e-06,3.44e-06,22.176269861330766,target,3377954282.0,19
PEPE,1789468980000,1789469340000,3.44e-06,3.45e-06,22.139964159166464,target,3377568903.0,19
PEPE,1789469820000,1789470600000,3.45e-06,3.46e-06,22.103659946830515,target,3377182574.0,19
PEPE,1789471140000,1789471200000,3.44e-06,3.45e-06,22.149610503719114,target,3379040504.0,19
PEPE,1789518540000,1789518660000,3.39e-06,3.4e-06,22.360597138616136,target,3385404563.0,19
PEPE,1789519980000,1789521840000,3.3800000000000002e-06,3.37e-06,-51.012399285542294,time,3387277509.0,19
PEPE,1789524480000,1789524840000,3.34e-06,3.35e-06,22.561078850914313,target,3390094493.0,19
PEPE,1789526700000,1789526760000,3.3700000000000003e-06,3.3800000000000002e-06,22.441907196250327,target,3387457690.0,19
PEPE,1789527120000,1789527240000,3.3700000000000003e-06,3.3800000000000002e-06,22.44686394175043,target,3388205878.0,19
PEPE,1789529040000,1789529100000,3.39e-06,3.4e-06,22.369134913530864,target,3386697186.0,19
PEPE,1789530180000,1789530300000,3.3800000000000002e-06,3.39e-06,22.415396146288558,target,3388570846.0,19
PEPE,1789532040000,1789532100000,3.39e-06,3.4e-06,22.37899004908916,target,3388189258.0,19
PEPE,1789534320000,1789535040000,3.4e-06,3.36e-06,-152.65457039766034,stop,3387806711.0,19
PEPE,1789537380000,1789537440000,3.3800000000000002e-06,3.39e-06,22.391616941191693,target,3384976106.0,19
PEPE,1789538520000,1789538580000,3.3800000000000002e-06,3.39e-06,22.396553470935757,target,3385722369.0,19
PEPE,1789539840000,1789539900000,3.3700000000000003e-06,3.3800000000000002e-06,22.442831734874556,target,3387597243.0,19
PEPE,1789540320000,1789540440000,3.3700000000000003e-06,3.3800000000000002e-06,22.447788685750396,target,3388345462.0,19
PEPE,1789542360000,1789542480000,3.3800000000000002e-06,3.39e-06,22.411387820115554,target,3387964901.0,19
PEPE,1789543800000,1789543920000,3.36e-06,3.37e-06,22.49909234614136,target,3390970964.0,19
PEPE,1789544940000,1789546080000,3.36e-06,3.32e-06,-152.62745890500037,stop,3391721309.0,19
PEPE,1789547220000,1789547940000,3.34e-06,3.35e-06,22.55306589816468,target,3388890443.0,19
PEPE,1789548480000,1789548600000,3.34e-06,3.35e-06,22.558074763951023,target,3389643090.0,19
PEPE,1789549620000,1789550460000,3.3700000000000003e-06,3.3800000000000002e-06,22.438918970124963,target,3387006637.0,19
PEPE,1789550880000,1789552140000,3.35e-06,3.36e-06,22.52664291038994,target,3390013982.0,19
PEPE,1789552620000,1789552740000,3.35e-06,3.36e-06,22.531636720920346,target,3390765496.0,19
PEPE,1789553280000,1789553340000,3.35e-06,3.36e-06,22.536631641166267,target,3391517177.0,19
PEPE,1789555320000,1789555440000,3.34e-06,3.35e-06,22.58308056042602,target,3393400535.0,19
PEPE,1789556040000,1789556100000,3.34e-06,3.35e-06,22.588096087865786,target,3394154183.0,19
PEPE,1789603320000,1789603380000,3.4e-06,3.41e-06,22.344699035684293,target,3388127223.0,19
PEPE,1789604040000,1789604160000,3.4e-06,3.41e-06,22.349607061065957,target,3388871427.0,19
PEPE,1789605180000,1789605300000,3.4e-06,3.41e-06,22.354516161431544,target,3389615794.0,19
PEPE,1789605720000,1789605840000,3.4e-06,3.41e-06,22.35942633677924,target,3390360324.0,19
PEPE,1789607880000,1789607940000,3.39e-06,3.4e-06,22.405707267486715,target,3392234257.0,19
PEPE,1789608420000,1789608480000,3.4200000000000003e-06,3.43e-06,22.286584054474698,target,3389594533.0,19
PEPE,1789609020000,1789609080000,3.43e-06,3.44e-06,22.25015593612512,target,3389208825.0,19
PEPE,1789610280000,1789610340000,3.44e-06,3.45e-06,22.213729278466737,target,3388822163.0,19
PEPE,1789610820000,1789611660000,3.44e-06,3.4e-06,-152.93699322240136,stop,3389561020.0,19
PEPE,1789613220000,1789613400000,3.4600000000000003e-06,3.4700000000000002e-06,22.102842446595083,target,3382225317.0,19
PEPE,1789614000000,1789614060000,3.44e-06,3.45e-06,22.19004700083102,target,3385209306.0,19
PEPE,1789615320000,1789615380000,3.43e-06,3.44e-06,22.236136857869056,target,3387073398.0,19
PEPE,1789615920000,1789615980000,3.4600000000000003e-06,3.4700000000000002e-06,22.11729376261513,target,3384436689.0,19
PEPE,1789617720000,1789619460000,3.4600000000000003e-06,3.4200000000000003e-06,-152.84050902749945,stop,3385171850.0,19
PEPE,1789621800000,1789621860000,3.45e-06,3.46e-06,22.130051389600407,target,3381214880.0,19
PEPE,1789622220000,1789622280000,3.45e-06,3.46e-06,22.134867396948934,target,3381950710.0,19
PEPE,1789623060000,1789623420000,3.4600000000000003e-06,3.4700000000000002e-06,22.09851344693945,target,3381562884.0,19
PEPE,1789624680000,1789624740000,3.45e-06,3.46e-06,22.144493593145057,target,3383421481.0,19
PEPE,1789625220000,1789627080000,3.4600000000000003e-06,3.44e-06,-85.15095284262293,time,3383033486.0,19
PEPE,1789627800000,1789627860000,3.4600000000000003e-06,3.4700000000000002e-06,22.08962749376129,target,3380203136.0,19
PEPE,1789630800000,1789630860000,3.48e-06,3.49e-06,22.01218097948434,target,3378692399.0,19
PEPE,1789632540000,1789632600000,3.48e-06,3.49e-06,22.01694463021482,target,3379423581.0,19
PEPE,1789633500000,1789633560000,3.48e-06,3.49e-06,22.021709310315277,target,3380154921.0,19
PEPE,1789634820000,1789634940000,3.48e-06,3.49e-06,22.026475019787537,target,3380886419.0,19
PEPE,1789689900000,1789689960000,3.61e-06,3.62e-06,21.498840923884757,target,3367085501.0,19
PEPE,1789690380000,1789691640000,3.61e-06,3.62e-06,21.50338104837012,target,3367796562.0,19
PEPE,1789692480000,1789692540000,3.6000000000000003e-06,3.61e-06,21.548730758708956,target,3369621698.0,19
PEPE,1789694220000,1789694460000,3.6400000000000003e-06,3.65e-06,21.39018277274453,target,3365882419.0,19
PEPE,1789695660000,1789695720000,3.6400000000000003e-06,3.65e-06,21.39467427067628,target,3366589185.0,19
PEPE,1789696620000,1789696800000,3.65e-06,3.66e-06,21.35844010683177,target,3366184414.0,19
PEPE,1789697460000,1789697520000,3.6400000000000003e-06,3.65e-06,21.403651547033228,target,3368001817.0,19
PEPE,1789698000000,1789698060000,3.6400000000000003e-06,3.65e-06,21.408145872940096,target,3368709028.0,19
PEPE,1789702680000,1789703160000,3.67e-06,3.68e-06,21.29046506372581,target,3366081433.0,19
PEPE,1789703520000,1789703580000,3.67e-06,3.68e-06,21.29491011559976,target,3366784208.0,19
PEPE,1789704300000,1789705800000,3.67e-06,3.63e-06,-153.10280231998513,stop,3367487129.0,19
PEPE,1789706460000,1789706520000,3.66e-06,3.67e-06,21.308045456145727,target,3363543087.0,19
PEPE,1789706820000,1789706940000,3.67e-06,3.68e-06,21.271839804599917,target,3363136728.0,19
PEPE,1789707540000,1789707600000,3.67e-06,3.68e-06,21.276280966599916,target,3363838888.0,19
PEPE,1789708680000,1789709460000,3.67e-06,3.68e-06,21.280723058374743,target,3364541195.0,19
PEPE,1789710000000,1789710060000,3.66e-06,3.67e-06,21.325854427150645,target,3366354290.0,19
PEPE,1789710900000,1789711020000,3.6400000000000003e-06,3.65e-06,21.41178974096817,target,3369282414.0,19
PEPE,1789711680000,1789711740000,3.65e-06,3.66e-06,21.375526589055706,target,3368877319.0,19
PEPE,1789712220000,1789712280000,3.65e-06,3.66e-06,21.38000646996004,target,3369583368.0,19
PEPE,1789714260000,1789714320000,3.66e-06,3.67e-06,21.343737929430688,target,3369177258.0,19
PEPE,1789716540000,1789716600000,3.67e-06,3.68e-06,21.307471635175567,target,3368770219.0,19
PEPE,1789717200000,1789717260000,3.67e-06,3.68e-06,21.311920235376018,target,3369473555.0,19
PEPE,1789717620000,1789717680000,3.67e-06,3.68e-06,21.316369765349478,target,3370177038.0,19
PEPE,1789718880000,1789719600000,3.6900000000000002e-06,3.7e-06,21.239387838825376,target,3368657865.0,19
PEPE,1789777200000,1789777260000,3.82e-06,3.83e-06,20.716991823775516,target,3354978433.0,19
PEPE,1789778340000,1789778400000,3.830000000000001e-06,3.8400000000000005e-06,20.680847671815947,target,3354557611.0,19
PEPE,1789779420000,1789780320000,3.82e-06,3.78e-06,-153.3510924036884,stop,3356338201.0,19
PEPE,1789784280000,1789784340000,3.7700000000000003e-06,3.7800000000000002e-06,20.896150790700197,target,3356811372.0,19
PEPE,1789784940000,1789785060000,3.7700000000000003e-06,3.7800000000000002e-06,20.900430422174956,target,3357498863.0,19
PEPE,1789786140000,1789786200000,3.7700000000000003e-06,3.7800000000000002e-06,20.904710931376044,target,3358186495.0,19
PEPE,1789787820000,1789789680000,3.7700000000000003e-06,3.76e-06,-52.54958792286042,time,3358874268.0,19
PEPE,1789791480000,1789791600000,3.8e-06,3.81e-06,20.777018653860026,target,3353836748.0,19
PEPE,1789792140000,1789792200000,3.79e-06,3.8e-06,20.821634621689505,target,3355622018.0,19
PEPE,1789796100000,1789796220000,3.7700000000000003e-06,3.7800000000000002e-06,20.906749513049682,target,3358513978.0,19
PEPE,1789797720000,1789797780000,3.76e-06,3.77e-06,20.951513010230315,target,3360306818.0,19
PEPE,1789799520000,1789799640000,3.76e-06,3.77e-06,20.955812285895774,target,3360996357.0,19
PEPE,1789800780000,1789800840000,3.7700000000000003e-06,3.7800000000000002e-06,20.919614135399478,target,3360580584.0,19
PEPE,1789802700000,1789803000000,3.76e-06,3.77e-06,20.964405175844387,target,3362374527.0,19
PEPE,1789803420000,1789803840000,3.75e-06,3.76e-06,21.00924868186994,target,3364171126.0,19
PEPE,1789804980000,1789805040000,3.74e-06,3.75e-06,21.054144751920102,target,3365970384.0,19
PEPE,1789805520000,1789805580000,3.76e-06,3.77e-06,20.97733856104603,target,3364448847.0,19
PEPE,1789806180000,1789808040000,3.7800000000000002e-06,3.77e-06,-52.66343343744146,time,3362926784.0,19
PEPE,1789809120000,1789809300000,3.7700000000000003e-06,3.7800000000000002e-06,20.930317500000186,target,3362300000.0,19
PEPE,1789810320000,1789810380000,3.7700000000000003e-06,3.7800000000000002e-06,20.934604128374787,target,3362988615.0,19
PEPE,1789811100000,1789811160000,3.76e-06,3.77e-06,20.979427267340768,target,3364783844.0,19
PEPE,1789811520000,1789811580000,3.7700000000000003e-06,3.7800000000000002e-06,20.943188322452578,target,3364367602.0,19
PEPE,1789814580000,1789814640000,3.8e-06,3.81e-06,20.825980687681692,target,3361740224.0,19
PEPE,1789815300000,1789815360000,3.8e-06,3.81e-06,20.830221208544963,target,3362424731.0,19
PEPE,1789862520000,1789862640000,4.12e-06,4.080000000000001e-06,-153.55957418016112,stop,3328122544.0,19
PEPE,1789865340000,1789865460000,4.12e-06,4.13e-06,19.523376201001057,target,3323127864.0,19
PEPE,1789865880000,1789865940000,4.12e-06,4.13e-06,19.527106931749316,target,3323762882.0,19
PEPE,1789870440000,1789870560000,4.06e-06,4.07e-06,19.76886310102622,target,3330895215.0,19
PEPE,1789870920000,1789871220000,4.04e-06,4.000000000000001e-06,-153.41739278345912,stop,3333711273.0,19
PEPE,1789877280000,1789877400000,4.0100000000000006e-06,4.0200000000000005e-06,19.94181843716974,target,3331966322.0,19
PEPE,1789877940000,1789878000000,4e-06,4.01e-06,19.98556115127146,target,3333704946.0,19
PEPE,1789879260000,1789880100000,4e-06,4.01e-06,19.98947346429013,target,3334357542.0,19
PEPE,1789880520000,1789880580000,4e-06,4.01e-06,19.99338655066487,target,3335010267.0,19
PEPE,1789881360000,1789881480000,4e-06,4.01e-06,19.997300398404953,target,3335663119.0,19
PEPE,1789882620000,1789882740000,4.0100000000000006e-06,4.0200000000000005e-06,19.961337054331285,target,3335227578.0,19
PEPE,1789883820000,1789883880000,4.0100000000000006e-06,4.0200000000000005e-06,19.96523683245063,target,3335879170.0,19
PEPE,1789884420000,1789884600000,4.0100000000000006e-06,4.0200000000000005e-06,19.969137376651307,target,3336530890.0,19
PEPE,1789885260000,1789885680000,4e-06,4.01e-06,20.012940022515348,target,3338271897.0,19
PEPE,1789887420000,1789887480000,3.99e-06,4e-06,20.056792897350206,target,3340015470.0,19
PEPE,1789888020000,1789888140000,4e-06,4.01e-06,20.020783952455044,target,3339580309.0,19
PEPE,1789888620000,1789889100000,4e-06,4.01e-06,20.024703165721093,target,3340234056.0,19
PEPE,1789889580000,1789889940000,4.0100000000000006e-06,3.970000000000001e-06,-153.5472092800487,stop,3339797918.0,19
PEPE,1789890480000,1789890540000,3.99e-06,4e-06,20.038463895899074,target,3336963180.0,19
PEPE,1789892400000,1789892460000,4e-06,4.01e-06,20.00248785991507,target,3336528417.0,19
PEPE,1789895340000,1789895400000,3.98e-06,3.99e-06,20.086258255589584,target,3339361306.0,19
PEPE,1789896600000,1789896660000,3.97e-06,3.98e-06,20.13018034527424,target,3341108771.0,19
PEPE,1789897980000,1789898280000,3.98e-06,3.94e-06,-153.43721960630893,stop,3340675367.0,19
PEPE,1789902120000,1789902240000,3.9300000000000005e-06,3.94e-06,20.263878395624715,target,3341117625.0,19
PEPE,1789949520000,1789949580000,4e-06,4.01e-06,19.98820651096549,target,3334146207.0,19
PEPE,1789950960000,1789951020000,4.06e-06,4.07e-06,19.7533499190802,target,3328281368.0,19
PEPE,1789952520000,1789952760000,4.05e-06,4.06e-06,19.796908350177155,target,3330009815.0,19
PEPE,1789953240000,1789953360000,4.07e-06,4.08e-06,19.721280124724682,target,3328486097.0,19
PEPE,1789954320000,1789954440000,4.06e-06,4.07e-06,19.764814166870806,target,3330213002.0,19
PEPE,1789960020000,1789960740000,4.0200000000000005e-06,4.03e-06,19.927835953251208,target,3335202670.0,19
PEPE,1789961280000,1789961340000,4.0200000000000005e-06,4.03e-06,19.931721418074964,target,3335852957.0,19
PEPE,1789961820000,1789961880000,4.0100000000000006e-06,4.0200000000000005e-06,19.97548783870689,target,3337591953.0,19
PEPE,1789962600000,1789962660000,4.0100000000000006e-06,4.0200000000000005e-06,19.979390387879114,target,3338244008.0,19
PEPE,1789966680000,1789966740000,4e-06,4.01e-06,20.023215518460383,target,3339985908.0,19
PEPE,1789967340000,1789967400000,3.99e-06,4e-06,20.06709091388663,target,3341730377.0,19
PEPE,1789969020000,1789970880000,4.0200000000000005e-06,4e-06,-86.8503918921305,time,3339115413.0,19
PEPE,1789972800000,1789973160000,4.0200000000000005e-06,4.03e-06,19.93428078542626,target,3336281303.0,19
PEPE,1789974660000,1789974780000,4.03e-06,3.990000000000001e-06,-153.46549351294237,stop,3335843789.0,19
PEPE,1789975620000,1789975680000,4.0100000000000006e-06,4.0200000000000005e-06,19.948070763180652,target,3333010988.0,19
PEPE,1789977120000,1789977180000,4.0100000000000006e-06,4.0200000000000005e-06,19.951967949796266,target,3333662147.0,19
PEPE,1789978500000,1789978620000,4.03e-06,4.04e-06,19.87620983887004,target,3332139118.0,19
PEPE,1789980360000,1789980420000,4.13e-06,4.14e-06,19.483273230301123,target,3321956220.0,19
PEPE,1789981500000,1789981560000,4.12e-06,4.13e-06,19.526560621374685,target,3323669893.0,19
PEPE,1789983720000,1789984200000,4.22e-06,4.180000000000001e-06,-153.3834333582874,stop,3313532801.0,19
PEPE,1789987800000,1789987860000,4.18e-06,4.19e-06,19.26424635890143,target,3312854060.0,19
PEPE,1789988280000,1789988520000,4.1900000000000005e-06,4.2000000000000004e-06,19.228509115155106,target,3312404671.0,19
PEPE,1789988940000,1789989000000,4.1900000000000005e-06,4.2000000000000004e-06,19.23213146998589,target,3313028677.0,19
PEPE,1789989420000,1789989480000,4.2000000000000004e-06,4.21e-06,19.196391451323635,target,3312578335.0,19
PEPE,1790038080000,1790038080000,5.04e-06,5e-06,-144.43825323311688,entry_bar_stop,3039525531.0,19
PEPE,1790038620000,1790038680000,5.01e-06,4.970000000000001e-06,-144.96024969539835,stop,3053401784.0,19
PEPE,1790039640000,1790039700000,5e-06,5.01e-06,15.260523101099428,target,3055159780.0,19
PEPE,1790040540000,1790040600000,5.02e-06,5.03e-06,15.141133004500944,target,3043443820.0,19
PEPE,1790041140000,1790041140000,5.04e-06,5e-06,-144.07195766831867,entry_bar_stop,3031817291.0,19
PEPE,1790042880000,1790042880000,5.04e-06,5e-06,-143.86819875119895,entry_bar_stop,3027529435.0,19
PEPE,1790044920000,1790044980000,5.01e-06,5.02e-06,15.161134351155528,target,3041350923.0,19
PEPE,1790046120000,1790046240000,5.05e-06,5.06e-06,14.922582601025072,target,3017711345.0,19
PEPE,1790047020000,1790047080000,5.0800000000000005e-06,5.09e-06,14.746626093345357,target,3000330843.0,19
PEPE,1790048220000,1790048340000,5.14e-06,5.1e-06,-141.37672445357984,stop,2965737874.0,19
PEPE,1790050620000,1790050680000,5.32e-06,5.28e-06,-137.17585992155819,stop,2861407174.0,19
PEPE,1790121720000,1790121780000,4.97e-06,4.98e-06,15.370342390125685,target,3058774605.0,19
PEPE,1790123160000,1790123220000,4.97e-06,4.98e-06,15.372673457474425,target,3059238499.0,19
PEPE,1790123580000,1790123880000,4.96e-06,4.92e-06,-145.32229573319984,stop,3065871218.0,19
PEPE,1790127120000,1790127420000,4.94e-06,4.9000000000000005e-06,-145.60927073846935,stop,3073871031.0,19
PEPE,1790131380000,1790131440000,4.88e-06,4.89e-06,15.893270880795768,target,3107188833.0,19
PEPE,1790132520000,1790132760000,4.92e-06,4.880000000000001e-06,-145.92136921523894,stop,3082411686.0,19
PEPE,1790133240000,1790133300000,4.9100000000000004e-06,4.92e-06,15.683317823295845,target,3084231627.0,19
PEPE,1790134560000,1790134680000,4.92e-06,4.93e-06,15.623088146052186,target,3078441014.0,19
PEPE,1790135220000,1790135520000,4.96e-06,4.97e-06,15.377329802215794,target,3054087349.0,19
PEPE,1790137020000,1790137080000,4.95e-06,4.9100000000000004e-06,-145.03236892676878,stop,3060723202.0,19
PEPE,1790139660000,1790139780000,5.04e-06,5e-06,-142.64320709231964,stop,3001750991.0,19
PEPE,1790140320000,1790140380000,5.01e-06,5.02e-06,15.032042143105528,target,3015454793.0,19
PEPE,1790141940000,1790142060000,5e-06,5.01e-06,15.094573636680671,target,3021936664.0,19
PEPE,1790142420000,1790142600000,5.01e-06,4.970000000000001e-06,-143.201538510298,stop,3016356788.0,19
PEPE,1790144520000,1790144520000,4.9900000000000005e-06,4.98e-06,-52.84687688902588,risk_halt,3024141739.0,19
PEPE,1790208180000,1790208240000,4.32e-06,4.33e-06,18.440183591649717,target,3249371558.0,19
PEPE,1790209320000,1790209380000,4.34e-06,4.35e-06,18.366701242110476,target,3247869362.0,19
PEPE,1790210040000,1790210580000,4.35e-06,4.31e-06,-150.95605308470914,stop,3247414286.0,19
PEPE,1790211540000,1790211600000,4.32e-06,4.33e-06,18.419249470050268,target,3245682726.0,19
PEPE,1790212320000,1790212380000,4.32e-06,4.33e-06,18.42262742300047,target,3246277960.0,19
PEPE,1790212920000,1790213460000,4.32e-06,4.33e-06,18.42600600020058,target,3246873304.0,19
PEPE,1790213880000,1790214060000,4.34e-06,4.3e-06,-150.81244906160788,stop,3245372263.0,19
PEPE,1790214420000,1790214480000,4.31e-06,4.32e-06,18.44010935211187,target,3243642806.0,19
PEPE,1790216820000,1790217000000,4.360000000000001e-06,4.3700000000000005e-06,18.251800297639498,target,3239006264.0,19
PEPE,1790219220000,1790219580000,4.4e-06,4.360000000000001e-06,-150.6411826703988,stop,3235420590.0,19
PEPE,1790222220000,1790222400000,4.360000000000001e-06,4.3700000000000005e-06,18.22772328940564,target,3234733503.0,19
PEPE,1790223120000,1790223420000,4.360000000000001e-06,4.3700000000000005e-06,18.231038275379774,target,3235321788.0,19
PEPE,1790223720000,1790223780000,4.360000000000001e-06,4.3700000000000005e-06,18.23435386429971,target,3235910180.0,19
PEPE,1790224560000,1790224680000,4.3700000000000005e-06,4.38e-06,18.199434285001573,target,3235454984.0,19
PEPE,1790227020000,1790227080000,4.42e-06,4.43e-06,18.011893010525398,target,3230832827.0,19
PEPE,1790227680000,1790227740000,4.42e-06,4.43e-06,18.015127603225665,target,3231413023.0,19
PEPE,1790228640000,1790228700000,4.42e-06,4.43e-06,18.01836278130066,target,3231993324.0,19
PEPE,1790231340000,1790231400000,4.4e-06,4.41e-06,18.097903520340584,target,3234656572.0,19
PEPE,1790232000000,1790232060000,4.4e-06,4.41e-06,18.101167324424217,target,3235239915.0,19
PEPE,1790232420000,1790232480000,4.4e-06,4.41e-06,18.104431710391413,target,3235823362.0,19
PEPE,1790233020000,1790233080000,4.39e-06,4.4e-06,18.14590673434085,target,3237449908.0,19
PEPE,1790234520000,1790234580000,4.39e-06,4.4e-06,18.1491861021353,target,3238034987.0,19
PEPE,1790236320000,1790236380000,4.41e-06,4.42e-06,18.076042965254366,target,3236534103.0,19
PEPE,1790237760000,1790237820000,4.39e-06,4.4e-06,18.15573279258084,target,3239202996.0,19
