coin,entry_ts,exit_ts,entry,exit,pnl,reason,quantity,episode
PEPE,1767312180000,1767312240000,4.92e-06,4.93e-06,10.315040649374854,target,2032520325.0,1
PEPE,1767313620000,1767313980000,4.9000000000000005e-06,4.9100000000000004e-06,10.399031734513565,target,2041026837.0,1
PEPE,1767316020000,1767316080000,4.890000000000001e-06,4.9000000000000005e-06,10.441835279375962,target,2045413375.0,1
PEPE,1767316680000,1767316740000,4.9000000000000005e-06,4.9100000000000004e-06,10.401198760293973,target,2041452161.0,1
PEPE,1767317820000,1767317880000,4.92e-06,4.93e-06,10.31932727857549,target,2033364981.0,1
PEPE,1767318420000,1767318660000,4.890000000000001e-06,4.9000000000000005e-06,10.445088527411363,target,2046050642.0,1
PEPE,1767320220000,1767320280000,4.88e-06,4.89e-06,10.488089641920606,target,2050457408.0,1
PEPE,1767322020000,1767322080000,4.9100000000000004e-06,4.92e-06,10.36395593968333,target,2038142761.0,1
PEPE,1767322620000,1767322680000,4.93e-06,4.94e-06,10.282378782640404,target,2030084656.0,1
PEPE,1767323220000,1767323280000,4.96e-06,4.97e-06,10.160696582839172,target,2018013224.0,1
PEPE,1767324420000,1767324480000,5.12e-06,5.13e-06,9.531350214750837,target,1955148762.0,1
PEPE,1767325020000,1767325080000,5.13e-06,5.14e-06,9.494161107480963,target,1951523352.0,1
PEPE,1767325740000,1767325800000,5.11e-06,5.12e-06,9.57141109153995,target,1959347204.0,1
PEPE,1767326820000,1767326880000,5.12e-06,5.13e-06,9.53407306800127,target,1955707296.0,1
PEPE,1767327420000,1767327480000,5.13e-06,5.14e-06,9.49687333524949,target,1952080850.0,1
PEPE,1767328020000,1767328080000,5.13e-06,5.14e-06,9.497773963509477,target,1952265974.0,1
PEPE,1767328620000,1767328680000,5.12e-06,5.13e-06,9.53678942287517,target,1956264497.0,1
PEPE,1767329220000,1767329280000,5.13e-06,5.14e-06,9.499579097435362,target,1952637019.0,1
PEPE,1767329820000,1767329880000,5.13e-06,5.14e-06,9.500479978675976,target,1952822195.0,1
PEPE,1767331020000,1767331080000,5.12e-06,5.13e-06,9.539506557749949,target,1956821858.0,1
PEPE,1767332280000,1767332460000,5.11e-06,5.12e-06,9.578693327130049,target,1960837938.0,1
PEPE,1767333420000,1767333480000,5.1600000000000006e-06,5.1700000000000005e-06,9.389682191339752,target,1942023204.0,1
PEPE,1767334020000,1767334080000,5.21e-06,5.22e-06,9.20426316166614,target,1923565969.0,1
PEPE,1767334620000,1767334680000,5.21e-06,5.22e-06,9.205108503690667,target,1923742634.0,1
PEPE,1767398820000,1767398880000,6.02e-06,6.03e-06,6.618586056599771,target,1665053096.0,1
PEPE,1767399420000,1767399420000,6.11e-06,6.07e-06,-80.596207589625,entry_bar_stop,1640635269.0,1
PEPE,1767399720000,1767399780000,6.1e-06,6.11e-06,6.395603967469004,target,1642003586.0,1
PEPE,1767400320000,1767400380000,6.12e-06,6.13e-06,6.34237549800077,target,1636742064.0,1
PEPE,1767400920000,1767400980000,6.18e-06,6.19e-06,6.183939479480405,target,1620953992.0,1
PEPE,1767401520000,1767401580000,6.220000000000001e-06,6.2300000000000005e-06,6.080125498027206,target,1610629271.0,1
PEPE,1767402120000,1767402120000,6.16e-06,6.120000000000001e-06,-80.01966336239838,entry_bar_stop,1626415922.0,1
PEPE,1767406920000,1767406980000,6.11e-06,6.12e-06,6.365245111049311,target,1638415730.0,1
PEPE,1767407520000,1767407580000,6.17e-06,6.18e-06,6.206392081124969,target,1622586165.0,1
PEPE,1767408720000,1767408780000,6.2300000000000005e-06,6.24e-06,6.050576958045212,target,1607058953.0,1
PEPE,1767409320000,1767409380000,6.2e-06,6.21e-06,6.128669346031927,target,1614932634.0,1
PEPE,1767411120000,1767411180000,6.220000000000001e-06,6.2300000000000005e-06,6.077140175177378,target,1609838457.0,1
PEPE,1767411720000,1767411780000,6.24e-06,6.25e-06,6.025934285538718,target,1604776108.0,1
PEPE,1767417420000,1767417480000,6.1e-06,6.11e-06,6.394444172794477,target,1641705821.0,1
PEPE,1767418020000,1767418080000,6.09e-06,6.1e-06,6.421798116800295,target,1644506560.0,1
PEPE,1767419760000,1767419820000,6.08e-06,6.09e-06,6.4492459062303436,target,1647316962.0,1
PEPE,1767420120000,1767420180000,6.07e-06,6.08e-06,6.476788027225752,target,1650137077.0,1
PEPE,1767420720000,1767420780000,6.09e-06,6.1e-06,6.423038731394205,target,1644824259.0,1
PEPE,1767421320000,1767421380000,6.1e-06,6.11e-06,6.396498006295559,target,1642233121.0,1
PEPE,1767421920000,1767421980000,6.1e-06,6.11e-06,6.396906439888997,target,1642337982.0,1
PEPE,1767429120000,1767429180000,5.85e-06,5.86e-06,7.098862599531219,target,1712632714.0,1
PEPE,1767429720000,1767429780000,6.09e-06,6.1e-06,6.424726105326524,target,1645256365.0,1
PEPE,1767430320000,1767430380000,6.09e-06,6.1e-06,6.425138071109287,target,1645361862.0,1
PEPE,1767430920000,1767430980000,6.09e-06,6.1e-06,6.425550060326022,target,1645467365.0,1
PEPE,1767485820000,1767485880000,6.21e-06,6.22e-06,6.108135971524419,target,1613774365.0,1
PEPE,1767486420000,1767486480000,6.18e-06,6.19e-06,6.18681242627027,target,1621707058.0,1
PEPE,1767487080000,1767487260000,6.21e-06,6.17e-06,-79.52848759552391,stop,1613972351.0,1
PEPE,1767487920000,1767487980000,6.24e-06,6.25e-06,6.026543594371152,target,1604938374.0,1
PEPE,1767488520000,1767488580000,6.220000000000001e-06,6.2300000000000005e-06,6.0784892846753715,target,1610195837.0,1
PEPE,1767489420000,1767489480000,6.21e-06,6.22e-06,6.104775883196288,target,1612886627.0,1
PEPE,1767491220000,1767491280000,6.2e-06,6.21e-06,6.131150850990454,target,1615586522.0,1
PEPE,1767492120000,1767492180000,6.24e-06,6.25e-06,6.028008341015945,target,1605328453.0,1
PEPE,1767874020000,1767874080000,6.2300000000000005e-06,6.190000000000001e-06,-79.28253772250864,stop,1608001982.0,1
PEPE,1767878520000,1767878580000,6.1400000000000005e-06,6.15e-06,6.284732472436032,target,1630280797.0,1
PEPE,1767879120000,1767879180000,6.15e-06,6.110000000000001e-06,-80.06000456812559,stop,1627732125.0,1
PEPE,1767883320000,1767883380000,6.0600000000000004e-06,6.07e-06,6.495052927270241,target,1650585242.0,1
PEPE,1767883920000,1767883980000,6.08e-06,6.09e-06,6.441202734481185,target,1645262512.0,1
PEPE,1767884520000,1767884640000,6.08e-06,6.040000000000001e-06,-80.75468367323802,stop,1645368453.0,1
PEPE,1767885120000,1767885180000,6.09e-06,6.1e-06,6.409435347590848,target,1641340678.0,1
PEPE,1767885720000,1767885780000,6.1e-06,6.11e-06,6.382950834059308,target,1638755028.0,1
PEPE,1767886320000,1767886380000,6.130000000000001e-06,6.1400000000000005e-06,6.303193299289251,target,1630839146.0,1
PEPE,1767888120000,1767888180000,6.220000000000001e-06,6.2300000000000005e-06,6.067720323300572,target,1607343132.0,1
PEPE,1767888720000,1767888780000,6.16e-06,6.17e-06,6.224579196290241,target,1623097574.0,1
PEPE,1767890820000,1767890880000,6.130000000000001e-06,6.1400000000000005e-06,6.30436575477146,target,1631142498.0,1
PEPE,1767892020000,1767892080000,6.17e-06,6.18e-06,6.199062780599803,target,1620670008.0,1
PEPE,1767892620000,1767892680000,6.16e-06,6.17e-06,6.225745136001477,target,1623401600.0,1
PEPE,1767893220000,1767893280000,6.17e-06,6.130000000000001e-06,-79.7711851143452,stop,1620871383.0,1
PEPE,1767894120000,1767894180000,6.17e-06,6.18e-06,6.194887743375164,target,1619578495.0,1
PEPE,1767895320000,1767895380000,6.2e-06,6.21e-06,6.11693941088966,target,1611841742.0,1
PEPE,1767895920000,1767895980000,6.19e-06,6.2e-06,6.143341849135228,target,1614544507.0,1
PEPE,1767896520000,1767896580000,6.17e-06,6.18e-06,6.196031842950669,target,1619877606.0,1
PEPE,1767897120000,1767897180000,6.19e-06,6.2e-06,6.1441003492499835,target,1614743850.0,1
PEPE,1767898320000,1767898620000,6.17e-06,6.130000000000001e-06,-79.73211947771934,stop,1620077608.0,1
PEPE,1767899280000,1767899400000,6.17e-06,6.18e-06,6.191853979050241,target,1618785354.0,1
PEPE,1767899820000,1767899820000,6.1400000000000005e-06,6.100000000000001e-06,-79.98953832440841,entry_bar_stop,1626795573.0,1
PEPE,1767901620000,1767901680000,6.130000000000001e-06,6.1400000000000005e-06,6.292778542746523,target,1628144513.0,1
PEPE,1767918420000,1767918480000,6.1e-06,6.11e-06,6.373212995194926,target,1636254941.0,1
PEPE,1767919080000,1767919140000,6.1e-06,6.11e-06,6.373619940901414,target,1636359420.0,1
PEPE,1767919620000,1767919800000,6.1e-06,6.11e-06,6.374026913868574,target,1636463906.0,1
PEPE,1767920220000,1767920280000,6.09e-06,6.1e-06,6.401293516308716,target,1639255702.0,1
PEPE,1767921480000,1767921540000,6.1e-06,6.11e-06,6.374842647615455,target,1636673337.0,1
PEPE,1767924420000,1767924480000,6.08e-06,6.09e-06,6.4290641517008735,target,1642161980.0,1
PEPE,1767925020000,1767925200000,6.12e-06,6.08e-06,-80.17357810643905,stop,1631533946.0,1
PEPE,1767925620000,1767925680000,6.09e-06,6.1e-06,6.3973841309958726,target,1638254579.0,1
PEPE,1767929820000,1767929880000,6.03e-06,6.04e-06,6.56073369204755,target,1654661713.0,1
PEPE,1767930420000,1767930480000,6.040000000000001e-06,6.0500000000000005e-06,6.5337819247398805,target,1652030828.0,1
PEPE,1767931140000,1767931200000,6.130000000000001e-06,6.1400000000000005e-06,6.2917657697413985,target,1627882476.0,1
PEPE,1767931620000,1767931800000,6.1400000000000005e-06,6.15e-06,6.265661313270192,target,1625333674.0,1
PEPE,1767932880000,1767932940000,6.130000000000001e-06,6.1400000000000005e-06,6.292557522720585,target,1628087328.0,1
PEPE,1767935220000,1767935280000,6.12e-06,6.13e-06,6.319545381375221,target,1630850421.0,1
PEPE,1767935820000,1767935880000,6.1e-06,6.11e-06,6.373392671545108,target,1636301071.0,1
PEPE,1767936420000,1767937080000,6.11e-06,6.07e-06,-80.25685415287393,stop,1633727311.0,1
PEPE,1767937620000,1767937680000,6.12e-06,6.13e-06,6.315267439502356,target,1629746436.0,1
PEPE,1767938460000,1767938520000,6.130000000000001e-06,6.1400000000000005e-06,6.289092511568823,target,1627190818.0,1
PEPE,1767938820000,1767938880000,6.12e-06,6.13e-06,6.316065507375319,target,1629952389.0,1
PEPE,1767939540000,1767939600000,6.12e-06,6.13e-06,6.316465422874992,target,1630055593.0,1
PEPE,1767940020000,1767940080000,6.1400000000000005e-06,6.15e-06,6.263792278199507,target,1624848840.0,1
PEPE,1767940740000,1767940800000,6.1400000000000005e-06,6.15e-06,6.264185549879354,target,1624950856.0,1
PEPE,1767941220000,1767941280000,6.16e-06,6.17e-06,6.2118437710557135,target,1619776733.0,1
PEPE,1767941820000,1767941880000,6.16e-06,6.17e-06,6.2122304962916495,target,1619877574.0,1
PEPE,1768005120000,1768005180000,6.11e-06,6.12e-06,6.345118755886406,target,1633235201.0,1
PEPE,1768005780000,1768005840000,6.09e-06,6.1e-06,6.399135421966419,target,1638703053.0,1
PEPE,1768006620000,1768006680000,6.08e-06,6.09e-06,6.4264863473549925,target,1641503537.0,1
PEPE,1768009680000,1768009740000,6.07e-06,6.08e-06,6.453931268574467,target,1644313699.0,1
PEPE,1768012500000,1768012560000,6.0500000000000005e-06,6.0600000000000004e-06,6.508682405235331,target,1649856123.0,1
PEPE,1768015620000,1768015680000,6.02e-06,6.03e-06,6.59128981110029,target,1658186116.0,1
PEPE,1768016580000,1768016640000,5.99e-06,6e-06,6.674736708629324,target,1666600926.0,1
PEPE,1768017420000,1768017480000,6.01e-06,6.02e-06,6.619746083606242,target,1661165893.0,1
PEPE,1768018620000,1768018680000,5.9700000000000004e-06,5.98e-06,6.731437635650614,target,1672406866.0,1
PEPE,1768020720000,1768020780000,5.99e-06,6e-06,6.67607566824028,target,1666935248.0,1
PEPE,1768021320000,1768021560000,6e-06,6.01e-06,6.64875182254566,target,1664268291.0,1
PEPE,1768021920000,1768021980000,6e-06,6.01e-06,6.649194516487418,target,1664379103.0,1
PEPE,1768024320000,1768024380000,5.9700000000000004e-06,5.98e-06,6.733238130849355,target,1672854194.0,1
PEPE,1768024920000,1768025820000,5.9700000000000004e-06,5.930000000000001e-06,-81.83317977778363,stop,1672966979.0,1
PEPE,1768029840000,1768029900000,5.94e-06,5.95e-06,6.8125567014200525,target,1680038644.0,1
PEPE,1768030320000,1768030380000,5.92e-06,5.93e-06,6.869755322526127,target,1685829527.0,1
PEPE,1768032000000,1768032060000,5.93e-06,5.94e-06,6.841811629981713,target,1683102492.0,1
PEPE,1768032420000,1768032480000,5.950000000000001e-06,5.9600000000000005e-06,6.785730171683924,target,1677559993.0,1
PEPE,1768033020000,1768033080000,5.9600000000000005e-06,5.9700000000000004e-06,6.758056666215181,target,1674859149.0,1
PEPE,1768034220000,1768034280000,5.94e-06,5.95e-06,6.814882381791852,target,1680612178.0,1
PEPE,1768034820000,1768034880000,5.950000000000001e-06,5.9600000000000005e-06,6.787114216974802,target,1677902155.0,1
PEPE,1768035420000,1768035480000,5.950000000000001e-06,5.9600000000000005e-06,6.787575626080787,target,1678016224.0,1
PEPE,1768036200000,1768036260000,5.9600000000000005e-06,5.9700000000000004e-06,6.759894596612784,target,1675314646.0,1
PEPE,1768036620000,1768036680000,5.950000000000001e-06,5.9600000000000005e-06,6.788496628084715,target,1678243913.0,1
PEPE,1768089840000,1768089900000,5.93e-06,5.94e-06,6.845535495181558,target,1684018572.0,1
PEPE,1768091820000,1768092240000,5.950000000000001e-06,5.910000000000001e-06,-82.05215534255935,stop,1678473056.0,1
PEPE,1768092720000,1768092840000,5.950000000000001e-06,5.9600000000000005e-06,6.783845347305377,target,1677094029.0,1
PEPE,1768095120000,1768095540000,5.9600000000000005e-06,5.9700000000000004e-06,6.756179527726878,target,1674393935.0,1
PEPE,1768096020000,1768096080000,5.9700000000000004e-06,5.98e-06,6.728602256600938,target,1671702424.0,1
PEPE,1768097220000,1768097280000,5.98e-06,5.99e-06,6.701113107811143,target,1669019454.0,1
PEPE,1768097820000,1768097880000,6e-06,6.01e-06,6.645953125293399,target,1663567741.0,1
PEPE,1768098600000,1768098660000,5.98e-06,5.99e-06,6.702009235734489,target,1669242649.0,1
PEPE,1768099080000,1768099140000,5.9700000000000004e-06,5.98e-06,6.730407618024679,target,1672150961.0,1
PEPE,1768100220000,1768100280000,5.9700000000000004e-06,5.98e-06,6.730861388475894,target,1672263699.0,1
PEPE,1768101780000,1768101840000,5.9700000000000004e-06,5.98e-06,6.731315183073963,target,1672376443.0,1
PEPE,1768102320000,1768102380000,5.9700000000000004e-06,5.98e-06,6.7317690139004975,target,1672489196.0,1
PEPE,1768102920000,1768103040000,5.98e-06,5.99e-06,6.704266922429437,target,1669804962.0,1
PEPE,1768104240000,1768104240000,5.9600000000000005e-06,5.920000000000001e-06,-81.93296824469921,entry_bar_stop,1675520823.0,1
PEPE,1768107420000,1768107480000,5.93e-06,5.94e-06,6.839832617252099,target,1682615650.0,1
PEPE,1768108020000,1768108080000,5.92e-06,5.93e-06,6.868711784300669,target,1685573444.0,1
PEPE,1768108620000,1768108680000,5.93e-06,5.94e-06,6.840772335496426,target,1682846823.0,1
PEPE,1768109340000,1768109400000,5.92e-06,5.93e-06,6.869655468723982,target,1685805023.0,1
PEPE,1768109820000,1768110120000,5.93e-06,5.94e-06,6.841712179755233,target,1683078027.0,1
PEPE,1768110420000,1768110480000,5.93e-06,5.94e-06,6.84218117912932,target,1683193402.0,1
PEPE,1768111020000,1768111080000,5.92e-06,5.93e-06,6.871070259825187,target,1686152211.0,1
PEPE,1768112340000,1768112400000,5.92e-06,5.93e-06,6.8715432287740885,target,1686268277.0,1
PEPE,1768115220000,1768115280000,5.98e-06,5.99e-06,6.702898385592582,target,1669464106.0,1
PEPE,1768115820000,1768115880000,5.98e-06,5.99e-06,6.703348418911094,target,1669576194.0,1
PEPE,1768176120000,1768176180000,5.7900000000000005e-06,5.8e-06,7.251436062021174,target,1724479444.0,1
PEPE,1768177320000,1768177380000,5.8e-06,5.81e-06,7.222243001460816,target,1721631228.0,1
PEPE,1768177920000,1768177980000,5.8e-06,5.760000000000001e-06,-83.78063474633879,stop,1721755749.0,1
PEPE,1768180560000,1768180620000,5.84e-06,5.85e-06,7.098935094809817,target,1708528302.0,1
PEPE,1768180920000,1768180980000,5.85e-06,5.86e-06,7.070247078050199,target,1705729090.0,1
PEPE,1768181520000,1768181580000,5.86e-06,5.87e-06,7.041652525171077,target,1702938942.0,1
PEPE,1768182120000,1768182180000,5.85e-06,5.86e-06,7.0712469722574465,target,1705970319.0,1
PEPE,1768183320000,1768183380000,5.8800000000000005e-06,5.89e-06,6.984746056519069,target,1697386648.0,1
PEPE,1768183920000,1768183980000,5.9e-06,5.91e-06,6.927721086197219,target,1691751181.0,1
PEPE,1768185120000,1768185180000,5.92e-06,5.93e-06,6.871072770027361,target,1686152827.0,1
PEPE,1768186440000,1768186500000,5.98e-06,5.99e-06,6.702439475105945,target,1669349807.0,1
PEPE,1768186920000,1768186980000,5.9700000000000004e-06,5.98e-06,6.730839681651005,target,1672258306.0,1
PEPE,1768187580000,1768187640000,5.950000000000001e-06,5.9600000000000005e-06,6.787479524971436,target,1677992466.0,1
PEPE,1768188720000,1768188900000,5.98e-06,5.940000000000001e-06,-81.69783124670991,stop,1669687947.0,1
PEPE,1768189320000,1768189380000,5.94e-06,5.95e-06,6.810600601860372,target,1679556252.0,1
PEPE,1768191420000,1768191480000,5.94e-06,5.95e-06,6.811065535994864,target,1679670909.0,1
PEPE,1768192320000,1768192380000,5.9700000000000004e-06,5.98e-06,6.727161371000584,target,1671344440.0,1
PEPE,1768193100000,1768193160000,5.99e-06,6e-06,6.671834569485476,target,1665876297.0,1
PEPE,1768194120000,1768194180000,5.9700000000000004e-06,5.98e-06,6.728064733949755,target,1671568878.0,1
PEPE,1768194720000,1768194780000,5.99e-06,6e-06,6.67273050800971,target,1666100002.0,1
PEPE,1768195320000,1768195620000,6.03e-06,5.99e-06,-81.1110466049392,stop,1655158588.0,1
PEPE,1768195920000,1768195980000,6.01e-06,6.02e-06,6.612378248987142,target,1659317001.0,1
PEPE,1768196520000,1768196580000,6e-06,5.9600000000000005e-06,-81.38095635455866,stop,1662192736.0,1
PEPE,1768198620000,1768198680000,5.9700000000000004e-06,5.98e-06,6.71845874945242,target,1669182298.0,1
PEPE,1768262880000,1768262940000,5.74e-06,5.75e-06,7.387458477781714,target,1736182956.0,1
PEPE,1768263720000,1768263780000,5.74e-06,5.75e-06,7.388006100534171,target,1736311657.0,1
PEPE,1768265820000,1768265880000,5.74e-06,5.75e-06,7.388553765840082,target,1736440368.0,1
PEPE,1768267020000,1768267080000,5.75e-06,5.76e-06,7.358915369161997,target,1733548968.0,1
PEPE,1768267620000,1768267680000,5.74e-06,5.75e-06,7.389646981715186,target,1736697293.0,1
PEPE,1768270020000,1768270080000,5.76e-06,5.77e-06,7.329918459709747,target,1730795386.0,1
PEPE,1768271220000,1768271280000,5.74e-06,5.75e-06,7.390738125403389,target,1736953731.0,1
PEPE,1768273080000,1768273140000,5.73e-06,5.74e-06,7.4215864104556895,target,1740114047.0,1
PEPE,1768273920000,1768273980000,5.72e-06,5.73e-06,7.452547449076968,target,1743285953.0,1
PEPE,1768275180000,1768275240000,5.75e-06,5.76e-06,7.362189066465436,target,1734320157.0,1
PEPE,1768276320000,1768276380000,5.75e-06,5.76e-06,7.362732587776385,target,1734448195.0,1
PEPE,1768277280000,1768277340000,5.75e-06,5.76e-06,7.363276151534399,target,1734576243.0,1
PEPE,1768277880000,1768277940000,5.77e-06,5.78e-06,7.303721418500666,target,1728691460.0,1
PEPE,1768278420000,1768278480000,5.76e-06,5.77e-06,7.334255417334677,target,1731819461.0,1
PEPE,1768279620000,1768279680000,5.76e-06,5.77e-06,7.334794664119888,target,1731946792.0,1
PEPE,1768280820000,1768280880000,5.8e-06,5.81e-06,7.21594028663475,target,1720128793.0,1
PEPE,1768282020000,1768282080000,5.8700000000000005e-06,5.8800000000000005e-06,7.01142384112509,target,1699739113.0,1
PEPE,1768285620000,1768285680000,5.86e-06,5.87e-06,7.0409098750353785,target,1702759341.0,1
PEPE,1768286280000,1768286340000,5.85e-06,5.86e-06,7.0705011997099705,target,1705790398.0,1
PEPE,1768286820000,1768286880000,5.86e-06,5.87e-06,7.041905620251994,target,1703000150.0,1
PEPE,1768287660000,1768287720000,5.8700000000000005e-06,5.8800000000000005e-06,7.013403049126722,target,1700218921.0,1
PEPE,1768288620000,1768288680000,5.85e-06,5.86e-06,7.071998062835312,target,1706151523.0,1
PEPE,1768289820000,1768290840000,5.85e-06,5.86e-06,7.072499147739881,target,1706272412.0,1
PEPE,1768291320000,1768291380000,5.86e-06,5.87e-06,7.043895485626144,target,1703481375.0,1
PEPE,1768419420000,1768419480000,6.24e-06,6.25e-06,6.007461570552373,target,1599856610.0,1
PEPE,1768425420000,1768425480000,6.24e-06,6.25e-06,6.007823079421135,target,1599952884.0,1
PEPE,1768427820000,1768427880000,6.24e-06,6.25e-06,6.008184607065159,target,1600049163.0,1
PEPE,1768429620000,1768429680000,6.24e-06,6.25e-06,6.008546157240224,target,1600145448.0,1
PEPE,1768433220000,1768433280000,6.2300000000000005e-06,6.24e-06,6.0345809489245665,target,1602810345.0,1
PEPE,1768435320000,1768435380000,6.2300000000000005e-06,6.24e-06,6.034945638121175,target,1602907208.0,1
PEPE,1768436220000,1768436280000,6.24e-06,6.25e-06,6.009634029555226,target,1600435161.0,1
PEPE,1768438320000,1768438380000,6.21e-06,6.22e-06,6.087277366424351,target,1608263505.0,1
PEPE,1768438920000,1768438980000,6.2300000000000005e-06,6.24e-06,6.036041407486194,target,1603198249.0,1
PEPE,1768440120000,1768440540000,6.2e-06,6.21e-06,6.113946195720617,target,1611053016.0,1
PEPE,1768443120000,1768443180000,6.17e-06,6.130000000000001e-06,-79.67836783901932,stop,1618985428.0,1
PEPE,1768444020000,1768444320000,6.16e-06,6.17e-06,6.21392785578405,target,1620320171.0,1
PEPE,1768447080000,1768447140000,6.11e-06,6.12e-06,6.346852425481771,target,1633681448.0,1
PEPE,1768450020000,1768450080000,6.07e-06,6.08e-06,6.454865108499735,target,1644551620.0,1
PEPE,1768450620000,1768450680000,6.09e-06,6.1e-06,6.4012977454263575,target,1639256785.0,1
PEPE,1768451220000,1768451280000,6.09e-06,6.1e-06,6.40170820387898,target,1639361896.0,1
PEPE,1768451820000,1768451880000,6.1e-06,6.11e-06,6.375255622780507,target,1636779364.0,1
PEPE,1768452480000,1768452540000,6.1e-06,6.11e-06,6.375662697020564,target,1636883876.0,1
PEPE,1768453020000,1768453320000,6.11e-06,6.12e-06,6.349291241999847,target,1634309200.0,1
PEPE,1768453620000,1768453680000,6.1e-06,6.11e-06,6.376475217389998,target,1637092482.0,1
PEPE,1768456020000,1768456140000,6.09e-06,6.1e-06,6.40375229565501,target,1639885351.0,1
PEPE,1768456620000,1768456680000,6.08e-06,6.09e-06,6.431122956240488,target,1642687856.0,1
PEPE,1768457220000,1768457280000,6.08e-06,6.09e-06,6.431537065364499,target,1642793631.0,1
PEPE,1768457820000,1768457880000,6.09e-06,6.1e-06,6.404987689264805,target,1640201713.0,1
PEPE,1768458420000,1768458480000,6.08e-06,6.09e-06,6.432363627570002,target,1643004758.0,1
PEPE,1768460820000,1768460880000,6.07e-06,6.08e-06,6.459833648249372,target,1645817490.0,1
PEPE,1768461420000,1768461480000,6.07e-06,6.08e-06,6.4602513546011,target,1645923912.0,1
PEPE,1768462020000,1768462080000,6.09e-06,6.1e-06,6.406639293396439,target,1640624659.0,1
PEPE,1768462620000,1768462680000,6.07e-06,6.08e-06,6.46108336040056,target,1646135888.0,1
PEPE,1768521720000,1768521780000,5.91e-06,5.92e-06,6.912013535044961,target,1692047377.0,2
PEPE,1768522440000,1768522500000,5.91e-06,5.92e-06,6.912491292135214,target,1692164331.0,2
PEPE,1768522920000,1768522980000,5.92e-06,5.93e-06,6.884397547325421,target,1689422711.0,2
PEPE,1768523520000,1768523580000,5.9e-06,5.91e-06,6.942115301940972,target,1695266252.0,2
PEPE,1768524720000,1768525560000,5.92e-06,5.8800000000000005e-06,-82.52281208027928,stop,1689656267.0,2
PEPE,1768528020000,1768528080000,5.92e-06,5.93e-06,6.879668872499563,target,1688262300.0,2
PEPE,1768528860000,1768528980000,5.91e-06,5.92e-06,6.908696310794999,target,1691235327.0,2
PEPE,1768531020000,1768531080000,5.89e-06,5.9e-06,6.966576440486418,target,1697095357.0,2
PEPE,1768531920000,1768531980000,5.89e-06,5.9e-06,6.967061971674611,target,1697213635.0,2
PEPE,1768532520000,1768532580000,5.9e-06,5.91e-06,6.938793585360503,target,1694455088.0,2
PEPE,1768533120000,1768533180000,5.9e-06,5.91e-06,6.939275181928797,target,1694572694.0,2
PEPE,1768533720000,1768533780000,5.9e-06,5.91e-06,6.939756815355243,target,1694690309.0,2
PEPE,1768540020000,1768540080000,5.7900000000000005e-06,5.8e-06,7.262061726980079,target,1727006356.0,2
PEPE,1768540620000,1768540680000,5.8e-06,5.81e-06,7.2328258915653425,target,1724153967.0,2
PEPE,1768542120000,1768542180000,5.85e-06,5.86e-06,7.086048464672296,target,1709541246.0,2
PEPE,1768542780000,1768542840000,5.85e-06,5.86e-06,7.086550544375656,target,1709662375.0,2
PEPE,1768543920000,1768543980000,5.84e-06,5.85e-06,7.116315135719051,target,1712711224.0,2
PEPE,1768544520000,1768544580000,5.85e-06,5.86e-06,7.087556884054347,target,1709905159.0,2
PEPE,1768546320000,1768546380000,5.8800000000000005e-06,5.89e-06,7.000856454350212,target,1701301690.0,2
PEPE,1768546920000,1768546980000,5.8800000000000005e-06,5.89e-06,7.0013463944811924,target,1701420752.0,2
PEPE,1768548720000,1768548780000,5.9e-06,5.91e-06,6.944185893646066,target,1695771891.0,2
PEPE,1768549320000,1768549380000,5.8800000000000005e-06,5.89e-06,7.002322344917316,target,1701657921.0,2
PEPE,1768551120000,1768551180000,5.92e-06,5.93e-06,6.887884948625968,target,1690278515.0,2
PEPE,1768551720000,1768552200000,5.9700000000000004e-06,5.98e-06,6.746855748326132,target,1676237453.0,2
PEPE,1768608120000,1768608180000,5.92e-06,5.93e-06,6.888823486326293,target,1690508831.0,2
PEPE,1768609620000,1768609680000,5.91e-06,5.92e-06,6.917889554274854,target,1693485815.0,2
PEPE,1768610820000,1768610880000,5.9e-06,5.91e-06,6.947058499290184,target,1696473382.0,2
PEPE,1768611960000,1768612020000,5.89e-06,5.9e-06,6.976330872844809,target,1699471589.0,2
PEPE,1768612440000,1768612500000,5.89e-06,5.9e-06,6.976817085464405,target,1699590033.0,2
PEPE,1768612920000,1768612980000,5.89e-06,5.9e-06,6.977303326820002,target,1699708484.0,2
PEPE,1768613520000,1768613580000,5.8800000000000005e-06,5.89e-06,7.006683775805697,target,1702717807.0,2
PEPE,1768616520000,1768616580000,5.86e-06,5.87e-06,7.065262366230403,target,1708648698.0,2
PEPE,1768617120000,1768617180000,5.85e-06,5.86e-06,7.094956040655504,target,1711690239.0,2
PEPE,1768617720000,1768617780000,5.8700000000000005e-06,5.8800000000000005e-06,7.037163841124458,target,1705979113.0,2
PEPE,1768618920000,1768618980000,5.8800000000000005e-06,5.89e-06,7.008657580819957,target,1703197468.0,2
PEPE,1768619760000,1768619820000,5.8800000000000005e-06,5.89e-06,7.009148068243888,target,1703316663.0,2
PEPE,1768620720000,1768620780000,5.8700000000000005e-06,5.8800000000000005e-06,7.038643429125539,target,1706337801.0,2
PEPE,1768622820000,1768622880000,5.86e-06,5.87e-06,7.0682439286549,target,1709369753.0,2
PEPE,1768623420000,1768623480000,5.85e-06,5.86e-06,7.097950135809638,target,1712412578.0,2
PEPE,1768624620000,1768624680000,5.86e-06,5.87e-06,7.0692435400961315,target,1709611497.0,2
PEPE,1768625820000,1768625880000,5.8700000000000005e-06,5.8800000000000005e-06,7.0406303219998545,target,1706819472.0,2
PEPE,1768626420000,1768626480000,5.8700000000000005e-06,5.8800000000000005e-06,7.041125082750736,target,1706939414.0,2
PEPE,1768627020000,1768627140000,5.86e-06,5.87e-06,7.070736022860489,target,1709972436.0,2
PEPE,1768628880000,1768628940000,5.8700000000000005e-06,5.8800000000000005e-06,7.042116761625004,target,1707179821.0,2
PEPE,1768629600000,1768629660000,5.86e-06,5.87e-06,7.071731871450974,target,1710213270.0,2
PEPE,1768631520000,1768631580000,5.85e-06,5.86e-06,7.101452731277021,target,1713257595.0,2
PEPE,1768632120000,1768632480000,5.86e-06,5.82e-06,-83.38468773374856,stop,1710455133.0,2
PEPE,1768633020000,1768633080000,5.84e-06,5.85e-06,7.125347324579063,target,1714885036.0,2
PEPE,1768695120000,1768695180000,5.81e-06,5.82e-06,7.214364575055931,target,1723862503.0,2
PEPE,1768696320000,1768696380000,5.82e-06,5.83e-06,7.185277279150243,target,1721024498.0,2
PEPE,1768699320000,1768699380000,5.8e-06,5.81e-06,7.245112975249721,target,1727082950.0,2
PEPE,1768699920000,1768699980000,5.7900000000000005e-06,5.8e-06,7.275452957366814,target,1730190953.0,2
PEPE,1768701420000,1768701480000,5.7800000000000006e-06,5.7900000000000005e-06,7.305902644740199,target,1733310236.0,2
PEPE,1768702620000,1768702680000,5.81e-06,5.82e-06,7.21697397696056,target,1724486016.0,2
PEPE,1768703340000,1768703400000,5.7800000000000006e-06,5.7900000000000005e-06,7.306961709854459,target,1733561497.0,2
PEPE,1768704420000,1768704780000,5.8e-06,5.760000000000001e-06,-84.07035307745893,stop,1727709681.0,2
PEPE,1768706520000,1768706580000,5.8e-06,5.81e-06,7.241661505439508,target,1726260192.0,2
PEPE,1768707840000,1768707900000,5.7900000000000005e-06,5.8e-06,7.271987036576713,target,1729366715.0,2
PEPE,1768708560000,1768708620000,5.7900000000000005e-06,5.8e-06,7.272515167753935,target,1729492311.0,2
PEPE,1768709220000,1768709280000,5.8e-06,5.81e-06,7.24323724812088,target,1726635816.0,2
PEPE,1768710360000,1768710420000,5.7800000000000006e-06,5.7900000000000005e-06,7.303480760535096,target,1732735649.0,2
PEPE,1768710720000,1768711140000,5.7900000000000005e-06,5.8e-06,7.274099792570339,target,1729869154.0,2
PEPE,1768712460000,1768712520000,5.7800000000000006e-06,5.7900000000000005e-06,7.304543817253885,target,1732987857.0,2
PEPE,1768713420000,1768713480000,5.7900000000000005e-06,5.8e-06,7.275158569519811,target,1730120944.0,2
PEPE,1768714020000,1768714080000,5.7900000000000005e-06,5.8e-06,7.27568692776998,target,1730246594.0,2
PEPE,1768715820000,1768715880000,5.7900000000000005e-06,5.8e-06,7.276215328070764,target,1730372254.0,2
PEPE,1768718280000,1768718340000,5.8e-06,5.81e-06,7.246922513668757,target,1727514306.0,2
PEPE,1768719420000,1768719480000,5.7900000000000005e-06,5.8e-06,7.277270072425893,target,1730623085.0,2
PEPE,1768720020000,1768720200000,5.7900000000000005e-06,5.750000000000001e-06,-84.19227401393795,stop,1730748772.0,2
PEPE,1768721220000,1768721280000,5.7800000000000006e-06,5.7900000000000005e-06,7.301587740811237,target,1732286534.0,2
PEPE,1768722120000,1768722180000,5.7800000000000006e-06,5.7900000000000005e-06,7.302120200685946,target,1732412859.0,2
PEPE,1768722720000,1768722780000,5.7800000000000006e-06,5.7900000000000005e-06,7.302652698493587,target,1732539193.0,2
PEPE,1768785240000,1768785300000,5.21e-06,5.22e-06,9.197859989506284,target,1922227793.0,2
PEPE,1768785720000,1768785840000,5.21e-06,5.22e-06,9.198704742976798,target,1922404335.0,2
PEPE,1768786920000,1768786980000,5.21e-06,5.22e-06,9.199549577790815,target,1922580894.0,2
PEPE,1768789020000,1768789080000,5.18e-06,5.19e-06,9.311695420951027,target,1933893130.0,2
PEPE,1768789620000,1768789680000,5.19e-06,5.2e-06,9.27531423577715,target,1930346355.0,2
PEPE,1768791480000,1768791540000,5.23e-06,5.24e-06,9.12859668590046,target,1915760060.0,2
PEPE,1768792020000,1768792080000,5.23e-06,5.24e-06,9.129428383295108,target,1915934603.0,2
PEPE,1768792680000,1768792740000,5.23e-06,5.24e-06,9.130260156929456,target,1916109162.0,2
PEPE,1768793220000,1768793280000,5.23e-06,5.24e-06,9.131092002040678,target,1916283736.0,2
PEPE,1768795020000,1768795080000,5.24e-06,5.25e-06,9.095368583818935,target,1912800964.0,2
PEPE,1768795620000,1768795680000,5.24e-06,5.25e-06,9.096193937699404,target,1912974540.0,2
PEPE,1768796820000,1768796880000,5.24e-06,5.25e-06,9.097019362905352,target,1913148131.0,2
PEPE,1768797420000,1768797960000,5.2600000000000005e-06,5.220000000000001e-06,-91.20433703534773,stop,1906046751.0,2
PEPE,1768800120000,1768800180000,5.22e-06,5.23e-06,9.16277263082679,target,1918905263.0,2
PEPE,1768800720000,1768800780000,5.23e-06,5.24e-06,9.126935440125699,target,1915411425.0,2
PEPE,1768801320000,1768801380000,5.24e-06,5.25e-06,9.091228281688798,target,1911930238.0,2
PEPE,1768802100000,1768802160000,5.21e-06,5.22e-06,9.202100150264014,target,1923113929.0,2
PEPE,1768802820000,1768802880000,5.21e-06,5.22e-06,9.202945296104478,target,1923290553.0,2
PEPE,1768803420000,1768803480000,5.21e-06,5.22e-06,9.20379051850653,target,1923467193.0,2
PEPE,1768804020000,1768804080000,5.22e-06,5.23e-06,9.167802825924557,target,1919958707.0,2
PEPE,1768804740000,1768804860000,5.2e-06,5.21e-06,9.242455849060583,target,1927519468.0,2
PEPE,1768805220000,1768805280000,5.2e-06,5.21e-06,9.2433081075648,target,1927697207.0,2
PEPE,1768806120000,1768806180000,5.21e-06,5.22e-06,9.207175590195934,target,1924174627.0,2
PEPE,1768807320000,1768807380000,5.22e-06,5.23e-06,9.171174668299056,target,1920664852.0,2
PEPE,1768867320000,1768867380000,5.2600000000000005e-06,5.27e-06,9.026015111121641,target,1906233392.0,2
PEPE,1768867920000,1768867980000,5.2600000000000005e-06,5.27e-06,9.02682762764912,target,1906404990.0,2
PEPE,1768870020000,1768870080000,5.23e-06,5.24e-06,9.136949387820763,target,1917512988.0,2
PEPE,1768872600000,1768872660000,5.2500000000000006e-06,5.2600000000000005e-06,9.064763605429716,target,1910382214.0,2
PEPE,1768873020000,1768873080000,5.24e-06,5.25e-06,9.10202562661496,target,1914200973.0,2
PEPE,1768876380000,1768876440000,5.22e-06,5.23e-06,9.17616259987567,target,1921709445.0,2
PEPE,1768876920000,1768876980000,5.23e-06,5.24e-06,9.140273037265121,target,1918210501.0,2
PEPE,1768877520000,1768877580000,5.23e-06,5.24e-06,9.141105797256348,target,1918385267.0,2
PEPE,1768878120000,1768878180000,5.22e-06,5.23e-06,9.17867427852697,target,1922235451.0,2
PEPE,1768879680000,1768879740000,5.21e-06,5.22e-06,9.2163939405449,target,1926101137.0,2
PEPE,1768880520000,1768880580000,5.21e-06,5.22e-06,9.217240397476168,target,1926278035.0,2
PEPE,1768881240000,1768881300000,5.21e-06,5.22e-06,9.218086935750941,target,1926454950.0,2
PEPE,1768881780000,1768881840000,5.21e-06,5.22e-06,9.218933545801747,target,1926631880.0,2
PEPE,1768884120000,1768884180000,5.18e-06,5.19e-06,9.331315688879464,target,1937967952.0,2
PEPE,1768884720000,1768884780000,5.2e-06,5.21e-06,9.257676181216755,target,1930693677.0,2
PEPE,1768885620000,1768885680000,5.22e-06,5.23e-06,9.18458707507571,target,1923473733.0,2
PEPE,1768886220000,1768886280000,5.2e-06,5.21e-06,9.259376771121705,target,1931048336.0,2
PEPE,1768886820000,1768886880000,5.2e-06,5.21e-06,9.260230592794423,target,1931226401.0,2
PEPE,1768887420000,1768887540000,5.22e-06,5.23e-06,9.187121320375123,target,1924004465.0,2
PEPE,1768888680000,1768888740000,5.23e-06,5.24e-06,9.15118889462774,target,1920501342.0,2
PEPE,1768889460000,1768889520000,5.21e-06,5.22e-06,9.2257161636736,target,1928049355.0,2
PEPE,1768889820000,1768889880000,5.2e-06,5.1600000000000006e-06,-92.26919458560042,stop,1931934560.0,2
PEPE,1768891620000,1768891680000,5.2e-06,5.21e-06,9.255117928841976,target,1930160152.0,2
PEPE,1768893420000,1768893480000,5.19e-06,5.2e-06,9.293146172180586,target,1934057476.0,2
PEPE,1768953720000,1768953780000,4.980000000000001e-06,4.9900000000000005e-06,10.109240640890135,target,2015800726.0,2
PEPE,1768955520000,1768955580000,5.02e-06,5.03e-06,9.94970124627444,target,1999939949.0,2
PEPE,1768956720000,1768956780000,5.0800000000000005e-06,5.09e-06,9.714568624964745,target,1976514471.0,2
PEPE,1768957380000,1768957440000,5.070000000000001e-06,5.0800000000000005e-06,9.75447731025026,target,1980604530.0,2
PEPE,1768958040000,1768958100000,5.09e-06,5.1e-06,9.677632855769996,target,1973013834.0,2
PEPE,1768958520000,1768958580000,5.09e-06,5.1e-06,9.67856544832546,target,1973203965.0,2
PEPE,1768959240000,1768959300000,5.09e-06,5.1e-06,9.679498124264878,target,1973394113.0,2
PEPE,1768959720000,1768959780000,5.0800000000000005e-06,5.09e-06,9.719261555435317,target,1977469289.0,2
PEPE,1768960320000,1768960380000,5.0800000000000005e-06,5.09e-06,9.720201912894659,target,1977660613.0,2
PEPE,1768962120000,1768962180000,5.12e-06,5.13e-06,9.566699936625659,target,1962399987.0,2
PEPE,1768964220000,1768964280000,5.0800000000000005e-06,5.09e-06,9.722067956540767,target,1978040276.0,2
PEPE,1768967220000,1768967280000,5.04e-06,5.05e-06,9.879932599184952,target,1993931907.0,2
PEPE,1768968420000,1768968600000,5.04e-06,5.05e-06,9.880903927837375,target,1994127937.0,2
PEPE,1768969020000,1768969080000,5.03e-06,5.04e-06,9.921504115425321,target,1998288845.0,2
PEPE,1768969620000,1768969680000,5.05e-06,5.06e-06,9.843375058721374,target,1990571296.0,2
PEPE,1768970220000,1768970280000,5.05e-06,5.06e-06,9.844338928229785,target,1990766214.0,2
PEPE,1768970820000,1768971240000,5.06e-06,5.02e-06,-94.48310750729871,stop,1987026446.0,2
PEPE,1768974120000,1768974180000,5.03e-06,5.04e-06,9.915100561290481,target,1996999106.0,2
PEPE,1768974720000,1768974780000,5.04e-06,5.05e-06,9.876472165926305,target,1993233535.0,2
PEPE,1768975320000,1768975380000,5.03e-06,5.04e-06,9.917054144806482,target,1997392577.0,2
PEPE,1768975980000,1768976040000,5.03e-06,5.04e-06,9.918033034275528,target,1997589735.0,2
PEPE,1768976520000,1768976580000,5.05e-06,5.06e-06,9.839931306326207,target,1989874885.0,2
PEPE,1768977720000,1768977780000,5.05e-06,5.06e-06,9.84089483957637,target,1990069735.0,2
PEPE,1768978320000,1768978380000,5.05e-06,5.06e-06,9.84185846678,target,1990264604.0,2
PEPE,1769041320000,1769041380000,5.1700000000000005e-06,5.18e-06,9.38105098739911,target,1944259272.0,2
PEPE,1769041920000,1769041980000,5.1700000000000005e-06,5.18e-06,9.381926493300405,target,1944440724.0,2
PEPE,1769042640000,1769042700000,5.2e-06,5.21e-06,9.270668430310803,target,1933403218.0,2
PEPE,1769043240000,1769043300000,5.2e-06,5.21e-06,9.27152329729562,target,1933581501.0,2
PEPE,1769043720000,1769043780000,5.2e-06,5.21e-06,9.272378236204231,target,1933759799.0,2
PEPE,1769044320000,1769044380000,5.19e-06,5.2e-06,9.310477403560729,target,1937664392.0,2
PEPE,1769044920000,1769044980000,5.22e-06,5.23e-06,9.200024736024863,target,1926706751.0,2
PEPE,1769045520000,1769045580000,5.22e-06,5.23e-06,9.200866310673874,target,1926882997.0,2
PEPE,1769046120000,1769046180000,5.2e-06,5.21e-06,9.27578856487483,target,1934471025.0,2
PEPE,1769047620000,1769047680000,5.23e-06,5.24e-06,9.165725232351292,target,1923551990.0,2
PEPE,1769048880000,1769048940000,5.22e-06,5.23e-06,9.203394897601603,target,1927412544.0,2
PEPE,1769049720000,1769049780000,5.22e-06,5.23e-06,9.20423678262464,target,1927588855.0,2
PEPE,1769050920000,1769050980000,5.21e-06,5.22e-06,9.242061489210226,target,1931465306.0,2
PEPE,1769052360000,1769052420000,5.2e-06,5.21e-06,9.28003870423193,target,1935357394.0,2
PEPE,1769055180000,1769055240000,5.21e-06,5.22e-06,9.24376260934463,target,1931820817.0,2
PEPE,1769056380000,1769056440000,5.2e-06,5.21e-06,9.281746812694017,target,1935713621.0,2
PEPE,1769057220000,1769057280000,5.2e-06,5.21e-06,9.282602696222146,target,1935892116.0,2
PEPE,1769057880000,1769057940000,5.2e-06,5.21e-06,9.283458661260633,target,1936070628.0,2
PEPE,1769058420000,1769058540000,5.2e-06,5.21e-06,9.284314703020744,target,1936249156.0,2
PEPE,1769060820000,1769060880000,5.18e-06,5.19e-06,9.359898987824295,target,1943904255.0,2
PEPE,1769063820000,1769063880000,5.15e-06,5.16e-06,9.473960069176623,target,1955409715.0,2
PEPE,1769064420000,1769064480000,5.15e-06,5.16e-06,9.474851360219354,target,1955593676.0,2
PEPE,1769068500000,1769068560000,5.12e-06,5.13e-06,9.59028177899987,target,1967237288.0,2
PEPE,1769069520000,1769069760000,5.12e-06,5.13e-06,9.591194915250327,target,1967424598.0,2
PEPE,1769126520000,1769126580000,4.94e-06,4.95e-06,10.308693285842129,target,2039306288.0,2
PEPE,1769127120000,1769127180000,4.94e-06,4.95e-06,10.309748153131087,target,2039514966.0,2
PEPE,1769127720000,1769127780000,4.93e-06,4.94e-06,10.35215614734048,target,2043861036.0,2
PEPE,1769129220000,1769129280000,4.92e-06,4.93e-06,10.394745092549783,target,2048225634.0,2
PEPE,1769129880000,1769129940000,4.93e-06,4.94e-06,10.354287646226933,target,2044281865.0,2
PEPE,1769130480000,1769130540000,4.94e-06,4.95e-06,10.313985648420612,target,2040353244.0,2
PEPE,1769131020000,1769131080000,4.95e-06,4.96e-06,10.273838190644916,target,2036439681.0,2
PEPE,1769131740000,1769131800000,4.94e-06,4.95e-06,10.316092355054597,target,2040770001.0,2
PEPE,1769132280000,1769132340000,4.96e-06,4.97e-06,10.234891597661735,target,2032749076.0,2
PEPE,1769132820000,1769132880000,4.97e-06,4.98e-06,10.19504647927464,target,2028864971.0,2
PEPE,1769133420000,1769133480000,4.980000000000001e-06,4.9900000000000005e-06,10.155353259975435,target,2024995665.0,2
PEPE,1769134680000,1769134740000,4.97e-06,4.98e-06,10.197104040901193,target,2029274436.0,2
PEPE,1769135220000,1769135280000,4.97e-06,4.98e-06,10.198135035225253,target,2029479609.0,2
PEPE,1769135820000,1769135880000,4.97e-06,4.98e-06,10.19916613507615,target,2029684803.0,2
PEPE,1769136420000,1769136480000,4.97e-06,4.98e-06,10.20019733542464,target,2029890017.0,2
PEPE,1769137320000,1769137380000,4.97e-06,4.98e-06,10.201228646323756,target,2030095253.0,2
PEPE,1769137980000,1769138040000,4.9900000000000005e-06,5e-06,10.120925975159285,target,2022163032.0,2
PEPE,1769138520000,1769138580000,5.01e-06,5.02e-06,10.041248306915605,target,2014292539.0,2
PEPE,1769139120000,1769139180000,5.01e-06,5.02e-06,10.042247420556098,target,2014492963.0,2
PEPE,1769139720000,1769139780000,5e-06,5.01e-06,10.083520356030352,target,2018722794.0,2
PEPE,1769142120000,1769142180000,5.03e-06,5.04e-06,9.964174919189322,target,2006883166.0,2
PEPE,1769142720000,1769142780000,5.01e-06,5.02e-06,10.045241401586285,target,2015093561.0,2
PEPE,1769143320000,1769143380000,5.02e-06,5.03e-06,10.006115686625508,target,2011279535.0,2
PEPE,1769145120000,1769145180000,5.03e-06,5.04e-06,9.96713768364037,target,2007479896.0,2
PEPE,1769213520000,1769213580000,5.03e-06,5.04e-06,9.968121518249792,target,2007678050.0,2
PEPE,1769214120000,1769214180000,5.04e-06,5.05e-06,9.929286554609,target,2003892342.0,2
PEPE,1769214720000,1769214780000,5.04e-06,5.05e-06,9.930262734204984,target,2004089351.0,2
PEPE,1769215380000,1769215440000,5.04e-06,5.05e-06,9.93123901290007,target,2004286380.0,2
PEPE,1769215920000,1769215980000,5.04e-06,5.05e-06,9.932215390694257,target,2004483429.0,2
PEPE,1769218020000,1769218200000,5.02e-06,5.03e-06,10.013019673227234,target,2012667271.0,2
PEPE,1769219220000,1769219280000,5.01e-06,5.02e-06,10.054168893519723,target,2016884432.0,2
PEPE,1769220120000,1769220300000,5.01e-06,5.02e-06,10.055169293289982,target,2017085114.0,2
PEPE,1769221380000,1769221440000,5e-06,5.01e-06,10.096495338061922,target,2021320388.0,2
PEPE,1769221920000,1769221980000,5.01e-06,5.02e-06,10.057174404854672,target,2017487343.0,2
PEPE,1769222520000,1769223180000,5.02e-06,5.03e-06,10.018002210348257,target,2013668786.0,2
PEPE,1769223720000,1769223780000,5.01e-06,5.02e-06,10.059171904325613,target,2017888045.0,2
PEPE,1769224920000,1769224980000,5.06e-06,5.07e-06,9.86085661952945,target,1998147238.0,2
PEPE,1769225580000,1769225640000,5.070000000000001e-06,5.0800000000000005e-06,9.822423019024423,target,1994400613.0,2
PEPE,1769226180000,1769226240000,5.0800000000000005e-06,5.09e-06,9.784133131528524,target,1990667982.0,2
PEPE,1769226720000,1769226780000,5.070000000000001e-06,5.0800000000000005e-06,9.824327600250639,target,1994787330.0,2
PEPE,1769227620000,1769227740000,5.0800000000000005e-06,5.09e-06,9.786030292040088,target,1991053976.0,2
PEPE,1769228220000,1769228520000,5.12e-06,5.0800000000000005e-06,-94.12187159999918,stop,1975690000.0,2
PEPE,1769228820000,1769228880000,5.0800000000000005e-06,5.09e-06,9.777870630215443,target,1989393821.0,2
PEPE,1769229420000,1769229660000,5.0800000000000005e-06,5.09e-06,9.778816659585239,target,1989586299.0,2
PEPE,1769231160000,1769231400000,5.06e-06,5.07e-06,9.858370840290364,target,1997643534.0,2
PEPE,1769232420000,1769233500000,5.070000000000001e-06,5.0800000000000005e-06,9.819946930951115,target,1993897854.0,2
PEPE,1769234580000,1769235660000,5.0800000000000005e-06,5.040000000000001e-06,-94.69210608311721,stop,1990166164.0,2
PEPE,1769236020000,1769236260000,5.05e-06,5.06e-06,9.890562948691976,target,2000113842.0,2
PEPE,1769299320000,1769299380000,5e-06,5.01e-06,10.091462396040253,target,2020312792.0,2
PEPE,1769299920000,1769300460000,5e-06,5.01e-06,10.092470531893655,target,2020514621.0,2
PEPE,1769301540000,1769301600000,4.9900000000000005e-06,5e-06,10.133953840011884,target,2024766002.0,2
PEPE,1769302620000,1769302680000,5e-06,5.01e-06,10.094491149255466,target,2020919149.0,2
PEPE,1769303220000,1769303400000,5e-06,5.01e-06,10.095499589804579,target,2021121039.0,2
PEPE,1769303820000,1769304120000,5e-06,5.01e-06,10.096508130256609,target,2021322949.0,2
PEPE,1769304660000,1769304720000,4.9900000000000005e-06,5e-06,10.138008035154595,target,2025576031.0,2
PEPE,1769305140000,1769305200000,4.9900000000000005e-06,5e-06,10.139024885991773,target,2025779198.0,2
PEPE,1769305620000,1769305680000,5.01e-06,5.02e-06,10.059204735534687,target,2017894631.0,2
PEPE,1769306220000,1769306280000,4.9900000000000005e-06,5e-06,10.1410507798589,target,2026183972.0,2
PEPE,1769306880000,1769306940000,4.9900000000000005e-06,5e-06,10.14206793600238,target,2026387200.0,2
PEPE,1769308920000,1769308980000,4.980000000000001e-06,4.9900000000000005e-06,10.183759428590982,target,2030659906.0,2
PEPE,1769309520000,1769309580000,4.980000000000001e-06,4.9900000000000005e-06,10.184784960985166,target,2030864399.0,2
PEPE,1769310120000,1769310180000,4.97e-06,4.98e-06,10.226656744275445,target,2035155571.0,2
PEPE,1769310900000,1769310960000,4.97e-06,4.98e-06,10.227690728475654,target,2035361339.0,2
PEPE,1769314320000,1769314380000,4.95e-06,4.96e-06,10.310928828846539,target,2043791641.0,2
PEPE,1769314920000,1769314980000,4.95e-06,4.96e-06,10.311979707391298,target,2043999942.0,2
PEPE,1769315520000,1769315580000,4.96e-06,4.97e-06,10.271837430730638,target,2040086878.0,2
PEPE,1769316180000,1769316240000,4.96e-06,4.97e-06,10.272880143986633,target,2040293971.0,2
PEPE,1769316720000,1769316780000,4.97e-06,4.98e-06,10.232887136249271,target,2036395450.0,2
PEPE,1769317500000,1769317560000,4.95e-06,4.96e-06,10.316167526574135,target,2044830035.0,2
PEPE,1769317920000,1769318100000,4.96e-06,4.97e-06,10.276008943335333,target,2040915381.0,2
PEPE,1769318520000,1769318580000,4.96e-06,4.97e-06,10.277052084565836,target,2041122559.0,2
PEPE,1769319180000,1769319240000,4.980000000000001e-06,4.9900000000000005e-06,10.196155204689482,target,2033131646.0,2
PEPE,1769385720000,1769385780000,4.7e-06,4.71e-06,11.407925649989021,target,2154471322.0,2
PEPE,1769386320000,1769386380000,4.7300000000000005e-06,4.74e-06,11.27261656696534,target,2141047781.0,2
PEPE,1769386920000,1769386980000,4.75e-06,4.76e-06,11.183756994446552,target,2132270161.0,2
PEPE,1769387520000,1769387760000,4.74e-06,4.700000000000001e-06,-100.58880492161911,stop,2137004566.0,2
PEPE,1769388120000,1769388180000,4.7200000000000005e-06,4.7300000000000005e-06,11.309223106524527,target,2143928551.0,2
PEPE,1769388720000,1769388780000,4.74e-06,4.75e-06,11.220061012649289,target,2135121030.0,2
PEPE,1769389920000,1769389980000,4.8200000000000004e-06,4.83e-06,10.867065910650556,target,2099916118.0,2
PEPE,1769390700000,1769390760000,4.83e-06,4.84e-06,10.824773205405208,target,2095793457.0,2
PEPE,1769391780000,1769391840000,4.84e-06,4.85e-06,10.782646263335543,target,2091686957.0,2
PEPE,1769392920000,1769393340000,4.86e-06,4.8200000000000004e-06,-98.43597494324855,stop,2083301057.0,2
PEPE,1769394120000,1769394180000,4.83e-06,4.84e-06,10.816557477496357,target,2094202803.0,2
PEPE,1769394720000,1769394780000,4.85e-06,4.86e-06,10.731389225864449,target,2085789937.0,2
PEPE,1769395320000,1769396760000,4.85e-06,4.86e-06,10.73252763943579,target,2086011203.0,2
PEPE,1769397660000,1769397720000,4.83e-06,4.84e-06,10.820009417441515,target,2094871136.0,2
PEPE,1769399220000,1769399760000,4.8200000000000004e-06,4.780000000000001e-06,-99.0726596273697,stop,2099441823.0,2
PEPE,1769400420000,1769400480000,4.8200000000000004e-06,4.83e-06,10.85397448544956,target,2097386374.0,2
PEPE,1769401020000,1769401080000,4.83e-06,4.84e-06,10.811732727034872,target,2093268679.0,2
PEPE,1769401620000,1769402280000,4.9000000000000005e-06,4.860000000000001e-06,-97.62822948458965,stop,2063585489.0,2
PEPE,1769402820000,1769402880000,4.86e-06,4.87e-06,10.673410324200361,target,2078560920.0,2
PEPE,1769404320000,1769404380000,4.85e-06,4.86e-06,10.717378084036808,target,2083066683.0,2
PEPE,1769406720000,1769406780000,4.84e-06,4.85e-06,10.76153662081367,target,2087591973.0,2
PEPE,1769407620000,1769407680000,4.8200000000000004e-06,4.83e-06,10.849270798574203,target,2096477449.0,2
PEPE,1769409120000,1769409180000,4.83e-06,4.84e-06,10.807047343769597,target,2092361538.0,2
PEPE,1769409720000,1769409780000,4.83e-06,4.84e-06,10.808203007354415,target,2092585287.0,2
PEPE,1769472120000,1769472180000,5e-06,5.01e-06,10.098159487246583,target,2021653551.0,2
PEPE,1769473320000,1769473380000,5e-06,5.01e-06,10.09916829242952,target,2021855514.0,2
PEPE,1769473920000,1769473980000,5.03e-06,5.04e-06,9.979637652043476,target,2009997513.0,2
PEPE,1769474520000,1769474580000,5.05e-06,5.06e-06,9.901050804135032,target,2002234743.0,2
PEPE,1769475120000,1769475180000,5.04e-06,5.05e-06,9.941731225400233,target,2006403880.0,2
PEPE,1769475720000,1769475780000,5.03e-06,5.04e-06,9.98258135586138,target,2010590404.0,2
PEPE,1769476320000,1769476380000,5.05e-06,5.06e-06,9.903971326082246,target,2002825344.0,2
PEPE,1769476920000,1769476980000,5.06e-06,5.07e-06,9.865375520069382,target,1999062922.0,2
PEPE,1769477520000,1769477580000,5.1e-06,5.11e-06,9.709611549220366,target,1983577436.0,2
PEPE,1769478120000,1769478180000,5.11e-06,5.12e-06,9.671741605419353,target,1979885692.0,2
PEPE,1769478720000,1769478960000,5.18e-06,5.140000000000001e-06,-93.23182962188834,stop,1953317193.0,2
PEPE,1769479920000,1769479920000,5.1600000000000006e-06,5.120000000000001e-06,-93.4481813967,entry_bar_stop,1959081371.0,2
PEPE,1769480220000,1769480280000,5.14e-06,5.15e-06,9.53952249129091,target,1964886198.0,2
PEPE,1769480820000,1769480880000,5.14e-06,5.15e-06,9.540423550160215,target,1965071792.0,2
PEPE,1769482020000,1769482080000,5.13e-06,5.14e-06,9.579614647610876,target,1969088314.0,2
PEPE,1769483520000,1769483580000,5.14e-06,5.15e-06,9.542229537336151,target,1965443777.0,2
PEPE,1769484120000,1769484180000,5.13e-06,5.14e-06,9.581428056899268,target,1969461060.0,2
PEPE,1769484720000,1769484780000,5.12e-06,5.13e-06,9.620787154875181,target,1973494801.0,2
PEPE,1769485680000,1769486220000,5.11e-06,5.070000000000001e-06,-94.18058533987546,stop,1977545099.0,2
PEPE,1769487120000,1769487180000,5.11e-06,5.12e-06,9.651304440975135,target,1975702035.0,2
PEPE,1769487720000,1769487780000,5.1e-06,5.11e-06,9.690950663788936,target,1979765202.0,2
PEPE,1769488320000,1769488440000,5.09e-06,5.1e-06,9.730760279265736,target,1983845113.0,2
PEPE,1769489820000,1769489880000,5.09e-06,5.1e-06,9.73169798773604,target,1984036287.0,2
PEPE,1769492220000,1769492280000,5.06e-06,5.07e-06,9.850218911190568,target,1995991674.0,2
PEPE,1769560020000,1769560260000,5.02e-06,4.980000000000001e-06,-95.5542590528983,stop,2012092210.0,2
PEPE,1769561520000,1769561580000,5.01e-06,5.02e-06,10.040792438635272,target,2014201091.0,2
PEPE,1769562720000,1769562780000,5e-06,5.01e-06,10.082059393456337,target,2018430309.0,2
PEPE,1769563320000,1769563380000,5.01e-06,4.970000000000001e-06,-95.64326531887468,stop,2014602745.0,2
PEPE,1769565420000,1769565480000,5.01e-06,5.02e-06,10.033278084530407,target,2012693698.0,2
PEPE,1769566020000,1769567100000,5.02e-06,5.03e-06,9.99419896464941,target,2008884214.0,2
PEPE,1769567580000,1769567820000,5.02e-06,5.03e-06,9.995189422475573,target,2009083301.0,2
PEPE,1769568120000,1769568180000,5.02e-06,5.03e-06,9.996179984776068,target,2009282409.0,2
PEPE,1769569440000,1769569500000,5.02e-06,5.03e-06,9.997170641600611,target,2009481536.0,2
PEPE,1769569920000,1769569980000,5.01e-06,5.02e-06,10.038254724684176,target,2013692021.0,2
PEPE,1769570820000,1769571240000,5.01e-06,5.02e-06,10.039253544210748,target,2013892386.0,2
PEPE,1769571840000,1769571900000,5e-06,5.01e-06,10.080514175219793,target,2018120956.0,2
PEPE,1769572380000,1769572440000,4.9900000000000005e-06,5e-06,10.121948336500314,target,2022367300.0,2
PEPE,1769572980000,1769573040000,4.9900000000000005e-06,5e-06,10.122963575724384,target,2022570145.0,2
PEPE,1769575020000,1769575080000,4.980000000000001e-06,4.9900000000000005e-06,10.164576537044784,target,2026834803.0,2
PEPE,1769576220000,1769576280000,4.980000000000001e-06,4.9900000000000005e-06,10.16560013866432,target,2027038911.0,2
PEPE,1769577000000,1769577060000,5.01e-06,5.02e-06,10.045292742099278,target,2015103860.0,2
PEPE,1769577420000,1769577480000,4.980000000000001e-06,4.9900000000000005e-06,10.167635431279816,target,2027444752.0,2
PEPE,1769578080000,1769578140000,4.97e-06,4.98e-06,10.209436707451527,target,2031728698.0,2
PEPE,1769579160000,1769579220000,5e-06,5.01e-06,10.088613862424513,target,2019742515.0,2
PEPE,1769579520000,1769579580000,5.01e-06,5.02e-06,10.049323623070816,target,2015912462.0,2
PEPE,1769580120000,1769580180000,5.03e-06,5.04e-06,9.970200080745723,target,2008096693.0,2
PEPE,1769580720000,1769580780000,5.03e-06,5.04e-06,9.971184218219086,target,2008294908.0,2
PEPE,1769581320000,1769581380000,5.02e-06,5.03e-06,10.012158271875112,target,2012494125.0,2
PEPE,1769651220000,1769651280000,4.890000000000001e-06,4.9000000000000005e-06,10.547954884903767,target,2066200761.0,2
PEPE,1769652780000,1769652840000,4.890000000000001e-06,4.9000000000000005e-06,10.549056058931217,target,2066416466.0,2
PEPE,1769653920000,1769653920000,4.87e-06,4.83e-06,-98.08051792108421,entry_bar_stop,2075119389.0,2
PEPE,1769658120000,1769658180000,4.8200000000000004e-06,4.83e-06,10.839610155151387,target,2094610658.0,2
PEPE,1769659020000,1769659080000,4.8200000000000004e-06,4.83e-06,10.840773950548991,target,2094835546.0,2
PEPE,1769661180000,1769661240000,4.8100000000000005e-06,4.8200000000000004e-06,10.885472447391441,target,2099416094.0,2
PEPE,1769661720000,1769661780000,4.8100000000000005e-06,4.8200000000000004e-06,10.886645859555344,target,2099642403.0,2
PEPE,1769662320000,1769662380000,4.8200000000000004e-06,4.83e-06,10.844275438349804,target,2095512162.0,2
PEPE,1769662920000,1769662980000,4.8200000000000004e-06,4.83e-06,10.84543973572588,target,2095737147.0,2
PEPE,1769663520000,1769663580000,4.83e-06,4.84e-06,10.803231193850564,target,2091622690.0,2
PEPE,1769664240000,1769664300000,4.8200000000000004e-06,4.83e-06,10.847764050750339,target,2096186290.0,2
PEPE,1769664720000,1769664780000,4.8200000000000004e-06,4.83e-06,10.84892872072524,target,2096411347.0,2
PEPE,1769665320000,1769665380000,4.8200000000000004e-06,4.83e-06,10.850093520074331,target,2096636429.0,2
PEPE,1769666100000,1769666160000,4.8100000000000005e-06,4.8200000000000004e-06,10.894830439089473,target,2101220914.0,2
PEPE,1769668020000,1769668080000,4.8200000000000004e-06,4.83e-06,10.852428164400418,target,2097087568.0,2
PEPE,1769668620000,1769668680000,4.83e-06,4.84e-06,10.8101924259004,target,2092970460.0,2
PEPE,1769669280000,1769669340000,4.8200000000000004e-06,4.83e-06,10.854753975000826,target,2097537000.0,2
PEPE,1769669820000,1769669880000,4.83e-06,4.84e-06,10.81250918148563,target,2093419009.0,2
PEPE,1769670420000,1769670480000,4.85e-06,4.86e-06,10.727372807341101,target,2085009292.0,2
PEPE,1769671620000,1769673480000,4.86e-06,4.84e-06,-56.74723044578982,time,2080939877.0,2
PEPE,1769675520000,1769675580000,4.84e-06,4.85e-06,10.765528477547086,target,2088366339.0,2
PEPE,1769676120000,1769676180000,4.83e-06,4.84e-06,10.809895479719108,target,2092912968.0,2
PEPE,1769676720000,1769676780000,4.8200000000000004e-06,4.83e-06,10.854455801851238,target,2097479382.0,2
PEPE,1769677620000,1769677680000,4.83e-06,4.84e-06,10.812212173325776,target,2093361505.0,2
PEPE,1769731320000,1769731380000,4.74e-06,4.75e-06,11.086497888455227,target,2109704641.0,3
PEPE,1769731920000,1769732580000,4.74e-06,4.700000000000001e-06,-99.31480674830976,stop,2109938533.0,3
PEPE,1769733720000,1769733780000,4.74e-06,4.75e-06,11.076716457419487,target,2107843284.0,3
PEPE,1769734320000,1769734680000,4.74e-06,4.75e-06,11.077944477351174,target,2108076970.0,3
PEPE,1769735820000,1769736120000,4.77e-06,4.7300000000000005e-06,-98.70832155158932,stop,2095050866.0,3
PEPE,1769736420000,1769736480000,4.76e-06,4.77e-06,10.979776604551347,target,2097378530.0,3
PEPE,1769740920000,1769740980000,4.69e-06,4.7e-06,11.293903608085994,target,2128916797.0,3
PEPE,1769742120000,1769742180000,4.65e-06,4.66e-06,11.478242864298839,target,2147472940.0,3
PEPE,1769743320000,1769743380000,4.6400000000000005e-06,4.65e-06,11.525826163949942,target,2152348490.0,3
PEPE,1769746920000,1769746980000,4.6300000000000006e-06,4.6400000000000005e-06,11.57362548208424,target,2157246129.0,3
PEPE,1769748720000,1769748780000,4.62e-06,4.63e-06,11.62164227150085,target,2162166004.0,3
PEPE,1769749920000,1769750100000,4.61e-06,4.62e-06,11.669878007026343,target,2167108265.0,3
PEPE,1769750520000,1769750580000,4.61e-06,4.62e-06,11.671241182081703,target,2167361408.0,3
PEPE,1769751120000,1769751180000,4.6300000000000006e-06,4.6400000000000005e-06,11.579017870409238,target,2158251234.0,3
PEPE,1769751720000,1769751780000,4.61e-06,4.62e-06,11.673957074521205,target,2167865752.0,3
PEPE,1769752800000,1769752860000,4.6e-06,4.61e-06,11.722430177576307,target,2172832285.0,3
PEPE,1769753220000,1769753460000,4.6e-06,4.56e-06,-101.8308624900587,stop,2173087121.0,3
PEPE,1769757420000,1769757480000,4.6e-06,4.61e-06,11.711862025371934,target,2170873406.0,3
PEPE,1769758020000,1769758080000,4.6e-06,4.61e-06,11.713235624740593,target,2171128012.0,3
PEPE,1769758680000,1769758740000,4.58e-06,4.59e-06,11.80938217721948,target,2180864668.0,3
PEPE,1769759220000,1769759340000,4.59e-06,4.6e-06,11.76328316867087,target,2176370614.0,3
PEPE,1769759940000,1769760000000,4.6e-06,4.61e-06,11.717374048315175,target,2171895097.0,3
PEPE,1769760420000,1769760480000,4.59e-06,4.6e-06,11.7660481558757,target,2176882175.0,3
PEPE,1769761080000,1769761140000,4.59e-06,4.6e-06,11.767433678980378,target,2177138516.0,3
PEPE,1769817720000,1769817780000,4.6300000000000006e-06,4.6400000000000005e-06,11.580801550499045,target,2158583700.0,3
PEPE,1769818320000,1769818380000,4.61e-06,4.62e-06,11.675755379114818,target,2168199699.0,3
PEPE,1769820120000,1769820180000,4.62e-06,4.63e-06,11.630206495500818,target,2163759348.0,3
PEPE,1769822820000,1769822880000,4.62e-06,4.63e-06,11.631559576499532,target,2164011084.0,3
PEPE,1769824020000,1769824380000,4.61e-06,4.62e-06,11.679836471369768,target,2168957562.0,3
PEPE,1769824920000,1769824980000,4.6e-06,4.61e-06,11.728333990815441,target,2173926597.0,3
PEPE,1769825520000,1769825580000,4.59e-06,4.6e-06,11.777053627700251,target,2178918340.0,3
PEPE,1769827020000,1769827080000,4.59e-06,4.6e-06,11.778440448003575,target,2179174921.0,3
PEPE,1769827740000,1769827800000,4.59e-06,4.6e-06,11.779827425056498,target,2179431531.0,3
PEPE,1769828220000,1769828280000,4.6e-06,4.61e-06,11.733853739401859,target,2174949720.0,3
PEPE,1769828820000,1769828880000,4.59e-06,4.6e-06,11.782596303860903,target,2179943812.0,3
PEPE,1769830320000,1769830380000,4.6e-06,4.61e-06,11.736611809066833,target,2175460947.0,3
PEPE,1769830920000,1769830980000,4.6e-06,4.61e-06,11.737988310944417,target,2175716091.0,3
PEPE,1769831580000,1769831640000,4.58e-06,4.59e-06,11.834338038629426,target,2185473322.0,3
PEPE,1769833200000,1769833260000,4.58e-06,4.59e-06,11.835737231310627,target,2185731714.0,3
PEPE,1769833680000,1769833740000,4.58e-06,4.59e-06,11.837136586439906,target,2185990136.0,3
PEPE,1769834220000,1769834280000,4.58e-06,4.59e-06,11.838536109436141,target,2186248589.0,3
PEPE,1769836620000,1769836680000,4.56e-06,4.57e-06,11.93578728196109,target,2196097016.0,3
PEPE,1769837220000,1769837280000,4.56e-06,4.57e-06,11.937209887775374,target,2196358765.0,3
PEPE,1769837820000,1769837880000,4.56e-06,4.57e-06,11.938632667510173,target,2196620546.0,3
PEPE,1769839020000,1769839140000,4.56e-06,4.57e-06,11.940055621167314,target,2196882359.0,3
PEPE,1769844720000,1769844840000,4.47e-06,4.430000000000001e-06,-104.59409126332442,stop,2241382005.0,3
PEPE,1769846880000,1769846940000,4.4600000000000005e-06,4.47e-06,12.420885195810575,target,2244062366.0,3
PEPE,1769847780000,1769847840000,4.450000000000001e-06,4.4600000000000005e-06,12.47283607658164,target,2249384324.0,3
PEPE,1769904120000,1769904180000,4.14e-06,4.15e-06,14.15807947894342,target,2418117759.0,3
PEPE,1769904720000,1769904780000,4.16e-06,4.17e-06,14.043867824220264,target,2406832532.0,3
PEPE,1769905320000,1769905380000,4.18e-06,4.19e-06,13.930719659658806,target,2395652564.0,3
PEPE,1769905920000,1769905980000,4.17e-06,4.18e-06,13.990086593298846,target,2401731604.0,3
PEPE,1769907720000,1769907960000,4.16e-06,4.12e-06,-111.24226796759989,stop,2407841298.0,3
PEPE,1769909520000,1769909640000,4.16e-06,4.17e-06,14.034150641175579,target,2405167205.0,3
PEPE,1769910120000,1769910180000,4.14e-06,4.15e-06,14.152268976944134,target,2417125359.0,3
PEPE,1769910720000,1769910780000,4.15e-06,4.16e-06,14.096047367254695,target,2411641979.0,3
PEPE,1769911320000,1769911380000,4.17e-06,4.18e-06,13.982407973450524,target,2400413386.0,3
PEPE,1769911920000,1769912220000,4.18e-06,4.19e-06,13.926955685755335,target,2395005277.0,3
PEPE,1769912520000,1769912580000,4.15e-06,4.16e-06,14.101963553510847,target,2412654158.0,3
PEPE,1769913720000,1769913780000,4.17e-06,4.18e-06,13.988276462900188,target,2401420852.0,3
PEPE,1769914320000,1769914380000,4.16e-06,4.17e-06,14.047936120425634,target,2407529755.0,3
PEPE,1769915100000,1769915160000,4.16e-06,4.17e-06,14.049906541575876,target,2407867445.0,3
PEPE,1769915640000,1769915700000,4.16e-06,4.17e-06,14.051877248641942,target,2408205184.0,3
PEPE,1769916180000,1769916240000,4.16e-06,4.17e-06,14.053848224115107,target,2408542969.0,3
PEPE,1769916720000,1769916780000,4.16e-06,4.17e-06,14.055819479671497,target,2408880802.0,3
PEPE,1769917320000,1769917380000,4.16e-06,4.17e-06,14.057791009471227,target,2409218682.0,3
PEPE,1769917920000,1769917980000,4.18e-06,4.19e-06,13.94453067426511,target,2398027631.0,3
PEPE,1769918520000,1769918580000,4.1900000000000005e-06,4.2000000000000004e-06,13.889259062100741,target,2392637220.0,3
PEPE,1769919960000,1769920020000,4.2000000000000004e-06,4.21e-06,13.834236377994781,target,2387271161.0,3
PEPE,1769920320000,1769920380000,4.21e-06,4.22e-06,13.779460925295055,target,2381929287.0,3
PEPE,1769920920000,1769920980000,4.21e-06,4.22e-06,13.781354373149622,target,2382256590.0,3
PEPE,1769922120000,1769922180000,4.21e-06,4.22e-06,13.783248087115329,target,2382583939.0,3
PEPE,1769991420000,1769991480000,4.1900000000000005e-06,4.2000000000000004e-06,13.898827966051046,target,2394285610.0,3
PEPE,1769992020000,1769992080000,4.21e-06,4.22e-06,13.787051903951081,target,2383241470.0,3
PEPE,1769992620000,1769992680000,4.22e-06,4.23e-06,13.732491961650672,target,2377920686.0,3
PEPE,1769993340000,1769993400000,4.21e-06,4.22e-06,13.790833390685407,target,2383895141.0,3
PEPE,1769994420000,1769994480000,4.22e-06,4.180000000000001e-06,-110.10413940212744,stop,2378572897.0,3
PEPE,1769995320000,1769995380000,4.2000000000000004e-06,4.21e-06,13.834275476860597,target,2387277908.0,3
PEPE,1769995920000,1769995980000,4.22e-06,4.23e-06,13.723084111275295,target,2376291621.0,3
PEPE,1769996520000,1769996580000,4.22e-06,4.23e-06,13.724962089300181,target,2376616812.0,3
PEPE,1769997120000,1769997180000,4.21e-06,4.22e-06,13.783271533722376,target,2382587992.0,3
PEPE,1770004680000,1770004740000,4.15e-06,4.16e-06,14.129511132031173,target,2417367174.0,3
PEPE,1770005520000,1770005580000,4.1000000000000006e-06,4.060000000000001e-06,-112.8400177712401,stop,2447191884.0,3
PEPE,1770006120000,1770006180000,4.1100000000000005e-06,4.12e-06,14.350526279210396,target,2438492146.0,3
PEPE,1770006720000,1770006840000,4.1900000000000005e-06,4.2000000000000004e-06,13.887164025990153,target,2392276318.0,3
PEPE,1770007320000,1770007380000,4.17e-06,4.18e-06,14.003784005076032,target,2404083091.0,3
PEPE,1770008100000,1770008160000,4.13e-06,4.14e-06,14.238497238359482,target,2427706264.0,3
PEPE,1770013320000,1770013380000,4.07e-06,4.08e-06,14.598283906125097,target,2463845385.0,3
PEPE,1770013920000,1770013980000,4.04e-06,4.05e-06,14.783303048506117,target,2482502611.0,3
PEPE,1770014940000,1770015000000,4.08e-06,4.09e-06,14.542185347689726,target,2458526686.0,3
PEPE,1770015420000,1770015480000,4.07e-06,4.08e-06,14.604678219449521,target,2464924594.0,3
PEPE,1770016020000,1770016080000,4.08e-06,4.09e-06,14.546410923135817,target,2459241069.0,3
PEPE,1770016680000,1770016740000,4.08e-06,4.09e-06,14.548519798084381,target,2459597599.0,3
PEPE,1770017220000,1770017280000,4.09e-06,4.1e-06,14.49051347381628,target,2453939623.0,3
PEPE,1770018540000,1770018600000,4.09e-06,4.1e-06,14.492605562170166,target,2454293914.0,3
PEPE,1770019020000,1770019080000,4.08e-06,4.09e-06,14.554830819164046,target,2460664551.0,3
PEPE,1770076920000,1770077280000,4.25e-06,4.21e-06,-109.47016450205905,stop,2362580436.0,3
PEPE,1770078420000,1770078480000,4.24e-06,4.25e-06,13.613859470579879,target,2365570716.0,3
PEPE,1770079020000,1770079080000,4.24e-06,4.25e-06,13.615707291735749,target,2365891797.0,3
PEPE,1770080880000,1770080940000,4.25e-06,4.26e-06,13.56190761043468,target,2360645363.0,3
PEPE,1770081480000,1770081540000,4.24e-06,4.25e-06,13.619396143145488,target,2366532779.0,3
PEPE,1770082920000,1770082980000,4.24e-06,4.25e-06,13.621244718206647,target,2366853991.0,3
PEPE,1770088620000,1770088680000,4.1900000000000005e-06,4.2000000000000004e-06,13.90543144960574,target,2395423161.0,3
PEPE,1770089220000,1770089280000,4.1900000000000005e-06,4.2000000000000004e-06,13.907357966566492,target,2395755033.0,3
PEPE,1770089820000,1770089880000,4.21e-06,4.22e-06,13.795513305275955,target,2384704115.0,3
PEPE,1770090540000,1770090600000,4.23e-06,4.24e-06,13.684697886309483,target,2373755054.0,3
PEPE,1770092400000,1770092460000,4.25e-06,4.26e-06,13.574897469074926,target,2362906435.0,3
PEPE,1770092820000,1770092880000,4.24e-06,4.25e-06,13.632441064951582,target,2368799490.0,3
PEPE,1770094020000,1770094140000,4.2800000000000005e-06,4.2900000000000004e-06,13.412988939779634,target,2346979692.0,3
PEPE,1770094620000,1770094680000,4.26e-06,4.27e-06,13.524926402726361,target,2358313235.0,3
PEPE,1770095220000,1770095280000,4.24e-06,4.25e-06,13.637947725189433,target,2369756338.0,3
PEPE,1770097320000,1770097380000,4.23e-06,4.24e-06,13.695801016885813,target,2375681009.0,3
PEPE,1770099720000,1770099780000,4.22e-06,4.23e-06,13.753942875751235,target,2381635130.0,3
PEPE,1770100380000,1770100440000,4.22e-06,4.23e-06,13.75582507530153,target,2381961052.0,3
PEPE,1770100920000,1770100980000,4.23e-06,4.24e-06,13.701416859039146,target,2376655136.0,3
PEPE,1770101520000,1770101580000,4.23e-06,4.24e-06,13.703284200191455,target,2376979046.0,3
PEPE,1770102120000,1770102180000,4.22e-06,4.23e-06,13.761457825499448,target,2382936420.0,3
PEPE,1770102900000,1770102960000,4.22e-06,4.23e-06,13.763341058775463,target,2383262521.0,3
PEPE,1770103320000,1770103380000,4.22e-06,4.23e-06,13.765224551926288,target,2383588667.0,3
PEPE,1770104520000,1770104580000,4.23e-06,4.24e-06,13.71077914985894,target,2378279124.0,3
PEPE,1770164520000,1770164580000,4.13e-06,4.14e-06,14.288292795076142,target,2436196555.0,3
PEPE,1770165120000,1770165180000,4.14e-06,4.15e-06,14.231497619105479,target,2430657151.0,3
PEPE,1770165720000,1770165780000,4.16e-06,4.17e-06,14.116693700671668,target,2419313402.0,3
PEPE,1770166320000,1770166620000,4.17e-06,4.13e-06,-111.55608796351477,stop,2413850221.0,3
PEPE,1770168120000,1770168180000,4.22e-06,4.23e-06,13.759553063025397,target,2382606591.0,3
PEPE,1770169380000,1770169440000,4.23e-06,4.24e-06,13.705130095540174,target,2377299236.0,3
PEPE,1770169920000,1770170040000,4.21e-06,4.22e-06,13.819892695244903,target,2388918357.0,3
PEPE,1770170520000,1770170580000,4.2000000000000004e-06,4.21e-06,13.878650080884245,target,2394935303.0,3
PEPE,1770172020000,1770172920000,4.2000000000000004e-06,4.160000000000001e-06,-110.80499345621696,stop,2395265747.0,3
PEPE,1770174420000,1770174480000,4.1900000000000005e-06,4.2000000000000004e-06,13.922351283106028,target,2398337861.0,3
PEPE,1770175080000,1770175140000,4.24e-06,4.25e-06,13.641559528659783,target,2370383932.0,3
PEPE,1770175680000,1770175740000,4.22e-06,4.23e-06,13.755710655224075,target,2381941239.0,3
PEPE,1770176820000,1770176880000,4.26e-06,4.27e-06,13.534017880296096,target,2359898497.0,3
PEPE,1770177600000,1770177660000,4.26e-06,4.27e-06,13.535839889796828,target,2360216197.0,3
PEPE,1770178080000,1770178140000,4.26e-06,4.27e-06,13.537662145899525,target,2360533940.0,3
PEPE,1770180120000,1770180180000,4.27e-06,4.28e-06,13.484223024274984,target,2355322799.0,3
PEPE,1770180840000,1770180900000,4.25e-06,4.26e-06,13.59682907551576,target,2366723947.0,3
PEPE,1770181920000,1770181980000,4.26e-06,4.27e-06,13.543130416786127,target,2361487431.0,3
PEPE,1770182520000,1770182580000,4.24e-06,4.25e-06,13.65630386168095,target,2372945936.0,3
PEPE,1770183120000,1770183180000,4.25e-06,4.26e-06,13.602343769955397,target,2367683859.0,3
PEPE,1770183720000,1770183780000,4.25e-06,4.26e-06,13.604182485929488,target,2368003914.0,3
PEPE,1770184320000,1770184380000,4.25e-06,4.26e-06,13.606021448940645,target,2368324012.0,3
PEPE,1770185820000,1770185880000,4.26e-06,4.27e-06,13.55228648766197,target,2363083956.0,3
PEPE,1770186420000,1770186480000,4.24e-06,4.25e-06,13.665536447040804,target,2374550208.0,3
PEPE,1770253620000,1770253680000,4.17e-06,4.18e-06,14.065851611049547,target,2414738474.0,3
PEPE,1770254220000,1770254340000,4.16e-06,4.12e-06,-111.8447139809995,stop,2420881255.0,3
PEPE,1770255120000,1770255180000,4.17e-06,4.18e-06,14.05219305202634,target,2412393657.0,3
PEPE,1770258120000,1770258180000,4.1100000000000005e-06,4.12e-06,14.406203316724675,target,2447952985.0,3
PEPE,1770259020000,1770259080000,4.14e-06,4.15e-06,14.23094151705915,target,2430562172.0,3
PEPE,1770259680000,1770260160000,4.1100000000000005e-06,4.070000000000001e-06,-112.94396985712433,stop,2448649753.0,3
PEPE,1770261780000,1770261840000,4.1000000000000006e-06,4.1100000000000005e-06,14.453757957510664,target,2451867338.0,3
PEPE,1770262320000,1770262380000,4.1000000000000006e-06,4.1100000000000005e-06,14.455836127754882,target,2452219869.0,3
PEPE,1770263220000,1770263280000,4.09e-06,4.1e-06,14.517849708801162,target,2458568960.0,3
PEPE,1770264120000,1770264180000,4.09e-06,4.1e-06,14.519945747598623,target,2458923920.0,3
PEPE,1770264720000,1770264780000,4.1000000000000006e-06,4.1100000000000005e-06,14.462089661654932,target,2453280689.0,3
PEPE,1770265320000,1770265380000,4.1000000000000006e-06,4.1100000000000005e-06,14.464169028585207,target,2453633423.0,3
PEPE,1770266940000,1770267000000,4.09e-06,4.1e-06,14.526218357470459,target,2459986174.0,3
PEPE,1770270420000,1770270960000,4.1000000000000006e-06,4.060000000000001e-06,-113.16964073165826,stop,2454340506.0,3
PEPE,1770271440000,1770271620000,4.07e-06,4.03e-06,-113.76446810965513,stop,2469650887.0,3
PEPE,1770273420000,1770273540000,4.06e-06,4.07e-06,14.676849580150673,target,2472931690.0,3
PEPE,1770275220000,1770275280000,4.06e-06,4.07e-06,14.67899507671472,target,2473293189.0,3
PEPE,1770276720000,1770276780000,4.03e-06,4.04e-06,14.86519184746092,target,2492069044.0,3
PEPE,1770279240000,1770279300000,4.0200000000000005e-06,4.03e-06,14.929362061950084,target,2498638002.0,3
PEPE,1770279720000,1770279780000,4.03e-06,4.04e-06,14.869601885293788,target,2492808363.0,3
PEPE,1770280320000,1770280380000,4.06e-06,4.07e-06,14.687669993205287,target,2474754843.0,3
PEPE,1770280920000,1770281280000,4.08e-06,4.09e-06,14.56854849086052,target,2462983684.0,3
PEPE,1770281820000,1770281880000,4.06e-06,4.07e-06,14.691946736400098,target,2475475440.0,3
PEPE,1770282420000,1770282480000,4.07e-06,4.08e-06,14.633293469101996,target,2469754172.0,3
PEPE,1770338820000,1770338880000,3.44e-06,3.4e-06,-131.86271220768037,stop,2922489189.0,3
PEPE,1770339420000,1770339480000,3.4200000000000003e-06,3.3800000000000002e-06,-132.37180120205932,stop,2935724134.0,3
PEPE,1770340020000,1770340080000,3.41e-06,3.42e-06,19.36287263362637,target,2940451425.0,3
PEPE,1770340620000,1770340680000,3.4600000000000003e-06,3.4700000000000002e-06,18.941821488554403,target,2898518973.0,3
PEPE,1770341220000,1770341280000,3.4600000000000003e-06,3.4700000000000002e-06,18.945399080840097,target,2899066424.0,3
PEPE,1770341940000,1770342000000,3.4700000000000002e-06,3.48e-06,18.865456773076925,target,2891257743.0,3
PEPE,1770342420000,1770342480000,3.48e-06,3.49e-06,18.78594804763215,target,2883491642.0,3
PEPE,1770343080000,1770343140000,3.52e-06,3.53e-06,18.461898029925543,target,2851258383.0,3
PEPE,1770343620000,1770343980000,3.52e-06,3.48e-06,-129.0146569935604,stop,2851782869.0,3
PEPE,1770346020000,1770346260000,3.4700000000000002e-06,3.48e-06,18.851748374475747,target,2889156839.0,3
PEPE,1770348180000,1770348240000,3.4700000000000002e-06,3.48e-06,18.85529326342645,target,2889700117.0,3
PEPE,1770348720000,1770348780000,3.49e-06,3.5e-06,18.693291632984934,target,2873680497.0,3
PEPE,1770349380000,1770349440000,3.4600000000000003e-06,3.4700000000000002e-06,18.945860758985827,target,2899137071.0,3
PEPE,1770350220000,1770350280000,3.4600000000000003e-06,3.4700000000000002e-06,18.94943911586539,target,2899684639.0,3
PEPE,1770351120000,1770351180000,3.4700000000000002e-06,3.48e-06,18.869479761825733,target,2891874293.0,3
PEPE,1770351720000,1770351780000,3.49e-06,3.5e-06,18.707356243099706,target,2875842620.0,3
PEPE,1770352320000,1770352380000,3.53e-06,3.54e-06,18.38507080726565,target,2843785121.0,3
PEPE,1770352980000,1770353040000,3.5100000000000003e-06,3.52e-06,18.55042561824613,target,2860512817.0,3
PEPE,1770354720000,1770354780000,3.57e-06,3.58e-06,18.07324609717485,target,2812956591.0,3
PEPE,1770355380000,1770355440000,3.5900000000000004e-06,3.6000000000000003e-06,17.91983826318249,target,2797788956.0,3
PEPE,1770357120000,1770357180000,3.6900000000000002e-06,3.7e-06,17.1650708937499,target,2722453750.0,3
PEPE,1770357960000,1770358020000,3.7200000000000004e-06,3.7300000000000003e-06,16.948523397600336,target,2700959904.0,3
PEPE,1770358320000,1770358440000,3.7200000000000004e-06,3.7300000000000003e-06,16.9513823252501,target,2701415510.0,3
PEPE,1770359100000,1770359160000,3.6900000000000002e-06,3.7e-06,17.173796225625637,target,2723837625.0,3
PEPE,1770425820000,1770426240000,3.89e-06,3.85e-06,-118.34508968077442,stop,2584236045.0,3
PEPE,1770427920000,1770427980000,3.86e-06,3.87e-06,15.958698480209623,target,2601254846.0,3
PEPE,1770429120000,1770429180000,3.9e-06,3.91e-06,15.694530564069668,target,2574984506.0,3
PEPE,1770429720000,1770429780000,3.9e-06,3.91e-06,15.696983338349305,target,2575386930.0,3
PEPE,1770430320000,1770430380000,3.9e-06,3.91e-06,15.699436496614876,target,2575789417.0,3
PEPE,1770430920000,1770430980000,3.91e-06,3.92e-06,15.636035715398997,target,2569603240.0,3
PEPE,1770431520000,1770431580000,3.920000000000001e-06,3.9300000000000005e-06,15.572940579674746,target,2563447009.0,3
PEPE,1770432120000,1770432180000,3.91e-06,3.92e-06,15.64089266504045,target,2570401424.0,3
PEPE,1770433620000,1770433680000,3.91e-06,3.92e-06,15.643326804994889,target,2570801447.0,3
PEPE,1770435060000,1770435120000,3.920000000000001e-06,3.9300000000000005e-06,15.580202239801288,target,2564642344.0,3
PEPE,1770435420000,1770435840000,3.920000000000001e-06,3.880000000000001e-06,-117.58142434031836,stop,2565039798.0,3
PEPE,1770437520000,1770437580000,3.9e-06,3.91e-06,15.695715639299074,target,2575178940.0,3
PEPE,1770438360000,1770438420000,3.91e-06,3.92e-06,15.632329889549462,target,2568994230.0,3
PEPE,1770439080000,1770439140000,3.9e-06,3.91e-06,15.700611655279365,target,2575982224.0,3
PEPE,1770440520000,1770440580000,3.89e-06,3.9e-06,15.76926323560539,target,2583007901.0,3
PEPE,1770441120000,1770441180000,3.9e-06,3.91e-06,15.705529826585794,target,2576789143.0,3
PEPE,1770442440000,1770442500000,3.89e-06,3.9e-06,15.774202913204896,target,2583817021.0,3
PEPE,1770442920000,1770442980000,3.89e-06,3.9e-06,15.776678533439679,target,2584222528.0,3
PEPE,1770444120000,1770444180000,3.89e-06,3.9e-06,15.77915453828826,target,2584628098.0,3
PEPE,1770444720000,1770444780000,3.9e-06,3.91e-06,15.715381156800738,target,2578405440.0,3
PEPE,1770445620000,1770445680000,3.89e-06,3.9e-06,15.784097317230632,target,2585437726.0,3
PEPE,1770446220000,1770446280000,3.89e-06,3.9e-06,15.786574488135937,target,2585843487.0,3
PEPE,1770447120000,1770447180000,3.87e-06,3.88e-06,15.922641513625049,target,2599614941.0,3
PEPE,1770451620000,1770451680000,3.7800000000000002e-06,3.79e-06,16.54390594433437,target,2661931769.0,3
PEPE,1770508920000,1770509100000,3.86e-06,3.87e-06,15.995115539594817,target,2607190797.0,3
PEPE,1770509520000,1770509580000,3.85e-06,3.86e-06,16.065353909955217,target,2614378179.0,3
PEPE,1770510720000,1770510780000,3.85e-06,3.86e-06,16.067918107845884,target,2614795461.0,3
PEPE,1770512820000,1770512880000,3.86e-06,3.87e-06,16.00276495820988,target,2608437646.0,3
PEPE,1770513420000,1770513480000,3.86e-06,3.87e-06,16.00530840651112,target,2608852226.0,3
PEPE,1770514920000,1770514980000,3.86e-06,3.87e-06,16.00785225358601,target,2609266871.0,3
PEPE,1770516120000,1770516180000,3.85e-06,3.86e-06,16.078146552520284,target,2616459976.0,3
PEPE,1770516720000,1770516780000,3.85e-06,3.86e-06,16.080712790549555,target,2616877590.0,3
PEPE,1770517560000,1770517620000,3.8400000000000005e-06,3.85e-06,16.151404091320003,target,2624111144.0,3
PEPE,1770519720000,1770520800000,3.830000000000001e-06,3.7900000000000006e-06,-120.26742020848566,stop,2631384317.0,3
PEPE,1770522120000,1770522360000,3.81e-06,3.82e-06,16.341021933606974,target,2642040733.0,3
PEPE,1770524520000,1770524580000,3.79e-06,3.8e-06,16.48304925470902,target,2656414062.0,3
PEPE,1770525120000,1770525180000,3.8e-06,3.81e-06,16.41586574428506,target,2649857263.0,3
PEPE,1770525720000,1770525780000,3.79e-06,3.8e-06,16.488435473935333,target,2657282107.0,3
PEPE,1770526320000,1770526380000,3.79e-06,3.8e-06,16.491134965391495,target,2657717158.0,3
PEPE,1770526920000,1770526980000,3.8e-06,3.81e-06,16.423918500885694,target,2651157143.0,3
PEPE,1770528120000,1770528180000,3.82e-06,3.83e-06,16.28783877369996,target,2637706684.0,3
PEPE,1770528720000,1770528780000,3.81e-06,3.82e-06,16.359679406684158,target,2645057301.0,3
PEPE,1770529320000,1770529380000,3.8e-06,3.81e-06,16.431918432718675,target,2652448496.0,3
PEPE,1770530520000,1770530580000,3.8e-06,3.81e-06,16.434597268425645,target,2652880915.0,3
PEPE,1770531120000,1770531180000,3.79e-06,3.8e-06,16.50724980955997,target,2660314232.0,3
PEPE,1770532020000,1770532080000,3.8e-06,3.81e-06,16.43996765817074,target,2653747806.0,3
PEPE,1770532620000,1770532680000,3.79e-06,3.8e-06,16.512643933954198,target,2661183551.0,3
PEPE,1770533280000,1770533340000,3.79e-06,3.8e-06,16.515347390405147,target,2661619241.0,3
PEPE,1770595440000,1770595500000,3.76e-06,3.77e-06,16.730343096705024,target,2683294803.0,3
PEPE,1770596220000,1770596760000,3.79e-06,3.8e-06,16.520790385379378,target,2662496436.0,3
PEPE,1770597120000,1770597180000,3.75e-06,3.76e-06,16.807399271484776,target,2691336953.0,3
PEPE,1770598320000,1770598380000,3.7700000000000003e-06,3.7800000000000002e-06,16.667469384450047,target,2677505122.0,3
PEPE,1770598920000,1770598980000,3.7700000000000003e-06,3.7800000000000002e-06,16.67022150675059,target,2677947230.0,3
PEPE,1770599520000,1770599580000,3.76e-06,3.77e-06,16.744172226945423,target,2685512787.0,3
PEPE,1770600120000,1770600180000,3.7700000000000003e-06,3.7800000000000002e-06,16.675738873649088,target,2678833554.0,3
PEPE,1770600720000,1770600840000,3.79e-06,3.8e-06,16.537176462510203,target,2665137222.0,3
PEPE,1770601320000,1770601380000,3.7700000000000003e-06,3.7300000000000003e-06,-122.23517842279578,stop,2679714533.0,3
PEPE,1770601920000,1770601980000,3.7700000000000003e-06,3.7800000000000002e-06,16.661039575724423,target,2676472221.0,3
PEPE,1770603540000,1770603600000,3.7700000000000003e-06,3.7800000000000002e-06,16.663790633549713,target,2676914158.0,3
PEPE,1770604020000,1770604080000,3.7700000000000003e-06,3.7800000000000002e-06,16.666542145798303,target,2677356168.0,3
PEPE,1770604620000,1770604680000,3.79e-06,3.8e-06,16.52805615495066,target,2663667390.0,3
PEPE,1770605220000,1770605280000,3.82e-06,3.83e-06,16.321643959400102,target,2643181208.0,3
PEPE,1770605820000,1770605880000,3.81e-06,3.82e-06,16.393633695985606,target,2650547081.0,3
PEPE,1770607320000,1770607380000,3.81e-06,3.82e-06,16.39629497159857,target,2650977360.0,3
PEPE,1770608520000,1770608580000,3.8400000000000005e-06,3.85e-06,16.191919021828955,target,2630693586.0,3
PEPE,1770609720000,1770609780000,3.830000000000001e-06,3.8400000000000005e-06,16.263177549658653,target,2637985004.0,3
PEPE,1770610320000,1770610740000,3.830000000000001e-06,3.8400000000000005e-06,16.265795368950833,target,2638409630.0,3
PEPE,1770611220000,1770611280000,3.830000000000001e-06,3.8400000000000005e-06,16.268413607459674,target,2638834324.0,3
PEPE,1770611820000,1770611880000,3.830000000000001e-06,3.8400000000000005e-06,16.271032271353768,target,2639259087.0,3
PEPE,1770614220000,1770614280000,3.8e-06,3.81e-06,16.48194325596115,target,2660523528.0,3
PEPE,1770615420000,1770615540000,3.82e-06,3.83e-06,16.34538277124897,target,2647025550.0,3
PEPE,1770616680000,1770616740000,3.81e-06,3.82e-06,16.417477211161,target,2654402136.0,3
PEPE,1770681720000,1770681780000,3.82e-06,3.83e-06,16.350678858799093,target,2647883216.0,3
PEPE,1770682620000,1770682680000,3.81e-06,3.82e-06,16.42279666370701,target,2655262193.0,3
PEPE,1770683520000,1770683580000,3.81e-06,3.82e-06,16.42546267084631,target,2655693237.0,3
PEPE,1770684120000,1770684240000,3.81e-06,3.82e-06,16.428129117120168,target,2656124352.0,3
PEPE,1770685080000,1770685140000,3.8e-06,3.81e-06,16.500670394039016,target,2663546472.0,3
PEPE,1770686220000,1770686280000,3.830000000000001e-06,3.8400000000000005e-06,16.294797871650164,target,2643114010.0,3
PEPE,1770686820000,1770686880000,3.830000000000001e-06,3.8400000000000005e-06,16.29742078323001,target,2643539462.0,3
PEPE,1770687420000,1770687480000,3.82e-06,3.83e-06,16.369223248301413,target,2650886356.0,3
PEPE,1770688320000,1770688380000,3.81e-06,3.82e-06,16.441422846870324,target,2658273702.0,3
PEPE,1770689520000,1770689580000,3.81e-06,3.82e-06,16.44409187847554,target,2658705235.0,3
PEPE,1770690240000,1770690300000,3.81e-06,3.82e-06,16.446761349215308,target,2659136839.0,3
PEPE,1770691320000,1770691380000,3.8e-06,3.81e-06,16.519384900514222,target,2666567377.0,3
PEPE,1770692220000,1770692280000,3.8e-06,3.81e-06,16.522077990916383,target,2667002097.0,3
PEPE,1770692820000,1770692880000,3.7800000000000002e-06,3.79e-06,16.66583518908139,target,2681550312.0,3
PEPE,1770696420000,1770696480000,3.76e-06,3.77e-06,16.811163124496712,target,2696257117.0,3
PEPE,1770697020000,1770697080000,3.7700000000000003e-06,3.7800000000000002e-06,16.742455977223635,target,2689551161.0,3
PEPE,1770697620000,1770697680000,3.7700000000000003e-06,3.7800000000000002e-06,16.745220481049934,target,2689995258.0,3
PEPE,1770698400000,1770698460000,3.76e-06,3.77e-06,16.819503902222063,target,2697594852.0,3
PEPE,1770698820000,1770698880000,3.76e-06,3.77e-06,16.822292992301843,target,2698042180.0,3
PEPE,1770699420000,1770699540000,3.7800000000000002e-06,3.79e-06,16.682376697471163,target,2684211858.0,3
PEPE,1770700020000,1770700080000,3.7700000000000003e-06,3.7800000000000002e-06,16.756294936573944,target,2691774287.0,3
PEPE,1770700620000,1770700680000,3.7700000000000003e-06,3.7800000000000002e-06,16.759061724973947,target,2692218751.0,3
PEPE,1770701820000,1770701880000,3.76e-06,3.77e-06,16.83340654934554,target,2699824627.0,3
PEPE,1770703920000,1770703980000,3.74e-06,3.75e-06,16.98052533016522,target,2714712283.0,3
PEPE,1770768120000,1770768180000,3.65e-06,3.66e-06,17.65252357082904,target,2782115614.0,3
PEPE,1770768900000,1770768960000,3.6400000000000003e-06,3.65e-06,17.731999018540023,target,2790243748.0,3
PEPE,1770769380000,1770769440000,3.65e-06,3.66e-06,17.658674661285538,target,2783085053.0,3
PEPE,1770771180000,1770771300000,3.66e-06,3.67e-06,17.58572860145591,target,2775963473.0,3
PEPE,1770772320000,1770772380000,3.66e-06,3.67e-06,17.588772467594453,target,2776443957.0,3
PEPE,1770772920000,1770773580000,3.67e-06,3.68e-06,17.516189179225528,target,2769357973.0,3
PEPE,1770774180000,1770774240000,3.66e-06,3.67e-06,17.594848695515715,target,2777403109.0,3
PEPE,1770775920000,1770775980000,3.6800000000000003e-06,3.6900000000000002e-06,17.446997682121843,target,2762786648.0,3
PEPE,1770776520000,1770776580000,3.6900000000000002e-06,3.7e-06,17.37514397320195,target,2755772240.0,3
PEPE,1770777960000,1770778080000,3.6800000000000003e-06,3.6900000000000002e-06,17.45297327612967,target,2763732902.0,3
PEPE,1770781440000,1770781500000,3.6800000000000003e-06,3.6900000000000002e-06,17.45596826592019,target,2764207168.0,3
PEPE,1770782520000,1770782580000,3.67e-06,3.68e-06,17.53425802177573,target,2772214707.0,3
PEPE,1770783840000,1770783900000,3.65e-06,3.66e-06,17.68913232367601,target,2787885315.0,3
PEPE,1770788160000,1770788220000,3.6000000000000003e-06,3.61e-06,18.07928729105558,target,2827097309.0,3
PEPE,1770789420000,1770789480000,3.5900000000000004e-06,3.6000000000000003e-06,18.161222710365923,target,2835475833.0,3
PEPE,1770794220000,1770794280000,3.54e-06,3.55e-06,18.564825005981763,target,2876037956.0,3
PEPE,1770795480000,1770795540000,3.5500000000000003e-06,3.5600000000000002e-06,18.487220787885192,target,2868459393.0,3
PEPE,1770796620000,1770796680000,3.5500000000000003e-06,3.5600000000000002e-06,18.49057713119955,target,2868980160.0,3
PEPE,1770797220000,1770797280000,3.54e-06,3.55e-06,18.574952900979724,target,2877606956.0,3
PEPE,1770798420000,1770798480000,3.54e-06,3.55e-06,18.57833994921476,target,2878131673.0,3
PEPE,1770799020000,1770799860000,3.5500000000000003e-06,3.5600000000000002e-06,18.500679236884444,target,2870547593.0,3
PEPE,1770800220000,1770800280000,3.54e-06,3.55e-06,18.585101109865022,target,2879179103.0,3
PEPE,1770800820000,1770802200000,3.54e-06,3.55e-06,18.588489997776243,target,2879704105.0,3
PEPE,1770802620000,1770802680000,3.54e-06,3.55e-06,18.59187951181895,target,2880229204.0,3
PEPE,1770855120000,1770855180000,3.5900000000000004e-06,3.6000000000000003e-06,18.194250976754013,target,2840632471.0,3
PEPE,1770855720000,1770855780000,3.5900000000000004e-06,3.6000000000000003e-06,18.19749704997244,target,2841139274.0,3
PEPE,1770856320000,1770856380000,3.58e-06,3.59e-06,18.28007961512,target,2849583728.0,3
PEPE,1770856920000,1770856980000,3.61e-06,3.62e-06,18.04662369975126,target,2826409350.0,3
PEPE,1770857520000,1770857580000,3.61e-06,3.62e-06,18.049815599559697,target,2826909256.0,3
PEPE,1770858720000,1770858780000,3.61e-06,3.62e-06,18.05300806763402,target,2827409251.0,3
PEPE,1770859920000,1770860220000,3.63e-06,3.64e-06,17.900471328954378,target,2812328567.0,3
PEPE,1770860520000,1770860580000,3.63e-06,3.64e-06,17.903610075945792,target,2812821693.0,3
PEPE,1770861120000,1770861180000,3.62e-06,3.63e-06,17.984426392875573,target,2821086493.0,3
PEPE,1770862320000,1770863700000,3.62e-06,3.63e-06,17.987593543875445,target,2821583301.0,3
PEPE,1770864120000,1770864180000,3.62e-06,3.63e-06,17.99076124950147,target,2822080196.0,3
PEPE,1770865320000,1770865380000,3.61e-06,3.62e-06,18.07207814713459,target,2830395951.0,3
PEPE,1770865920000,1770865980000,3.62e-06,3.63e-06,17.997112094623088,target,2823076407.0,3
PEPE,1770866520000,1770866580000,3.61e-06,3.62e-06,18.078457700729327,target,2831395098.0,3
PEPE,1770867120000,1770867180000,3.6000000000000003e-06,3.61e-06,18.160279678279494,target,2839762264.0,3
PEPE,1770868380000,1770868440000,3.62e-06,3.63e-06,18.006663291751927,target,2824574634.0,3
PEPE,1770869520000,1770869580000,3.62e-06,3.63e-06,18.009834357001218,target,2825072056.0,3
PEPE,1770870240000,1770870300000,3.61e-06,3.62e-06,18.09123746977994,target,2833396628.0,3
PEPE,1770870720000,1770870780000,3.61e-06,3.62e-06,18.094437261449933,target,2833897770.0,3
PEPE,1770871380000,1770871440000,3.63e-06,3.64e-06,17.9415504724702,target,2818782478.0,3
PEPE,1770871920000,1770871980000,3.63e-06,3.64e-06,17.944696418274994,target,2819276735.0,3
PEPE,1770873240000,1770873300000,3.62e-06,3.63e-06,18.02569820025169,target,2827560502.0,3
PEPE,1770873720000,1770873780000,3.62e-06,3.63e-06,18.028872618748792,target,2828058450.0,3
PEPE,1770874320000,1770874380000,3.63e-06,3.64e-06,17.954164884070636,target,2820764318.0,3
PEPE,1770940920000,1770940980000,3.71e-06,3.72e-06,16.940700803865923,target,2695417789.0,4
PEPE,1770945240000,1770945300000,3.6900000000000002e-06,3.7e-06,17.089615472085022,target,2710486197.0,4
PEPE,1770945720000,1770945780000,3.6900000000000002e-06,3.7e-06,17.092535531954585,target,2710949331.0,4
PEPE,1770946320000,1770946380000,3.6800000000000003e-06,3.6900000000000002e-06,17.169098933280832,target,2718780512.0,4
PEPE,1770947580000,1770947640000,3.7e-06,3.71e-06,17.02513237314588,target,2704548431.0,4
PEPE,1770948120000,1770948360000,3.6900000000000002e-06,3.7e-06,17.101298756879597,target,2712339216.0,4
PEPE,1770948720000,1770948780000,3.7e-06,3.71e-06,17.03093847826456,target,2705470767.0,4
PEPE,1770949620000,1770949680000,3.6900000000000002e-06,3.7e-06,17.107130837745725,target,2713264209.0,4
PEPE,1770950820000,1770950880000,3.6900000000000002e-06,3.7e-06,17.110053886184044,target,2713727817.0,4
PEPE,1770951420000,1770951480000,3.7200000000000004e-06,3.7300000000000003e-06,16.894200465324143,target,2692302863.0,4
PEPE,1770952080000,1770952140000,3.6900000000000002e-06,3.7e-06,17.11586409500478,target,2714649341.0,4
PEPE,1770952920000,1770952980000,3.6800000000000003e-06,3.6900000000000002e-06,17.192531997464418,target,2722491211.0,4
PEPE,1770953520000,1770953580000,3.7e-06,3.71e-06,17.04836894297435,target,2708239705.0,4
PEPE,1770954300000,1770954360000,3.6900000000000002e-06,3.7e-06,17.124639280516163,target,2716041123.0,4
PEPE,1770955380000,1770955440000,3.6900000000000002e-06,3.7e-06,17.127565323830943,target,2716505206.0,4
PEPE,1770956220000,1770956280000,3.6800000000000003e-06,3.6900000000000002e-06,17.20428563334004,target,2724352436.0,4
PEPE,1770957120000,1770957300000,3.6800000000000003e-06,3.6900000000000002e-06,17.20723794636063,target,2724819944.0,4
PEPE,1770957720000,1770957780000,3.67e-06,3.68e-06,17.28441215379932,target,2732713384.0,4
PEPE,1770958620000,1770958680000,3.6800000000000003e-06,3.6900000000000002e-06,17.21315682535536,target,2725757217.0,4
PEPE,1770960120000,1770960180000,3.66e-06,3.67e-06,17.365010213950345,target,2741122370.0,4
PEPE,1770961980000,1770963840000,3.6800000000000003e-06,3.6400000000000003e-06,-124.01017232868001,stop,2726696841.0,4
PEPE,1770966420000,1770966480000,3.6800000000000003e-06,3.6900000000000002e-06,17.197810005001113,target,2723327000.0,4
PEPE,1770967620000,1770967680000,3.6900000000000002e-06,3.7e-06,17.126982546375967,target,2716412775.0,4
PEPE,1770968220000,1770970080000,3.7e-06,3.6900000000000002e-06,-42.106158515399905,time,2709534010.0,4
PEPE,1771027920000,1771027980000,3.7700000000000003e-06,3.7800000000000002e-06,16.546719100349684,target,2658107486.0,4
PEPE,1771028520000,1771029060000,3.7700000000000003e-06,3.7800000000000002e-06,16.54945128397603,target,2658546391.0,4
PEPE,1771029720000,1771029780000,3.7700000000000003e-06,3.7800000000000002e-06,16.5521839157998,target,2658985368.0,4
PEPE,1771030320000,1771030380000,3.79e-06,3.8e-06,16.41464815178013,target,2645390516.0,4
PEPE,1771030920000,1771030980000,3.7800000000000002e-06,3.79e-06,16.48729590210987,target,2652823154.0,4
PEPE,1771031520000,1771031580000,3.79e-06,3.8e-06,16.420034873611826,target,2646258642.0,4
PEPE,1771032120000,1771033980000,3.81e-06,3.8e-06,-41.34810031686125,time,2632798492.0,4
PEPE,1771034520000,1771034580000,3.8e-06,3.81e-06,16.346367372195523,target,2638638801.0,4
PEPE,1771035360000,1771035420000,3.8e-06,3.81e-06,16.34903226295609,target,2639068969.0,4
PEPE,1771036920000,1771036980000,3.81e-06,3.82e-06,16.282454028595676,target,2632571387.0,4
PEPE,1771037520000,1771037580000,3.81e-06,3.82e-06,16.28509725637972,target,2632998748.0,4
PEPE,1771038720000,1771038780000,3.81e-06,3.82e-06,16.287740917116096,target,2633426179.0,4
PEPE,1771039320000,1771039380000,3.830000000000001e-06,3.8400000000000005e-06,16.152915717045726,target,2620099873.0,4
PEPE,1771039920000,1771039980000,3.8400000000000005e-06,3.85e-06,16.087307158475287,target,2613697345.0,4
PEPE,1771040520000,1771040580000,3.85e-06,3.86e-06,16.02202056208443,target,2607326373.0,4
PEPE,1771041720000,1771041780000,3.8400000000000005e-06,3.85e-06,16.092453852528166,target,2614533526.0,4
PEPE,1771044720000,1771044780000,3.82e-06,3.83e-06,16.231873309926588,target,2628643451.0,4
PEPE,1771046220000,1771046280000,3.81e-06,3.82e-06,16.30346709603458,target,2635968811.0,4
PEPE,1771049220000,1771049280000,3.7800000000000002e-06,3.79e-06,16.515246951003903,target,2657320507.0,4
PEPE,1771050420000,1771050480000,3.7800000000000002e-06,3.79e-06,16.517962359085654,target,2657757419.0,4
PEPE,1771051020000,1771051080000,3.7800000000000002e-06,3.79e-06,16.52067820843108,target,2658194402.0,4
PEPE,1771051620000,1771051680000,3.7800000000000002e-06,3.79e-06,16.523394505255585,target,2658631457.0,4
PEPE,1771052280000,1771052340000,3.7700000000000003e-06,3.7800000000000002e-06,16.596608304600327,target,2666121816.0,4
PEPE,1771052820000,1771052880000,3.79e-06,3.8e-06,16.45870340978543,target,2652490477.0,4
PEPE,1771114020000,1771114080000,4.88e-06,4.89e-06,10.538770724295755,target,2060365733.0,4
PEPE,1771117920000,1771117980000,4.88e-06,4.89e-06,10.539875349464754,target,2060581691.0,4
PEPE,1771118820000,1771118880000,4.8100000000000005e-06,4.8200000000000004e-06,10.84073832583568,target,2090788491.0,4
PEPE,1771120320000,1771120380000,4.8e-06,4.81e-06,10.885447924055779,target,2095370149.0,4
PEPE,1771120920000,1771120980000,4.8200000000000004e-06,4.83e-06,10.799715293550168,target,2086901506.0,4
PEPE,1771123500000,1771123560000,4.8200000000000004e-06,4.83e-06,10.800874809225537,target,2087125567.0,4
PEPE,1771123920000,1771123980000,4.84e-06,4.85e-06,10.715823457199818,target,2078724240.0,4
PEPE,1771125120000,1771125180000,4.890000000000001e-06,4.9000000000000005e-06,10.504499935440478,target,2057688528.0,4
PEPE,1771125720000,1771125780000,4.9000000000000005e-06,4.9100000000000004e-06,10.463619541396017,target,2053703541.0,4
PEPE,1771126320000,1771126380000,4.87e-06,4.88e-06,10.59116894887646,target,2066569551.0,4
PEPE,1771127220000,1771127280000,4.890000000000001e-06,4.9000000000000005e-06,10.507794620759139,target,2058333912.0,4
PEPE,1771127820000,1771127880000,4.92e-06,4.93e-06,10.38343309517504,target,2045996669.0,4
PEPE,1771128420000,1771128480000,4.95e-06,4.96e-06,10.26055356547476,target,2033806455.0,4
PEPE,1771129020000,1771129080000,5.02e-06,5.03e-06,9.97811371505171,target,2005650998.0,4
PEPE,1771131300000,1771131420000,4.94e-06,4.9000000000000005e-06,-96.55584188393918,stop,2038333162.0,4
PEPE,1771131780000,1771131840000,4.95e-06,4.96e-06,10.25277538122937,target,2032264694.0,4
PEPE,1771132920000,1771132980000,4.95e-06,4.9100000000000004e-06,-96.30867723808431,stop,2032471821.0,4
PEPE,1771138020000,1771138080000,4.890000000000001e-06,4.850000000000001e-06,-97.21206426478382,stop,2055440623.0,4
PEPE,1771138620000,1771138680000,4.88e-06,4.89e-06,10.524933667214404,target,2057660541.0,4
PEPE,1771139820000,1771139880000,4.92e-06,4.93e-06,10.358813488624659,target,2041145515.0,4
PEPE,1771140420000,1771140480000,4.9100000000000004e-06,4.92e-06,10.401436696679916,target,2045513608.0,4
PEPE,1771141200000,1771141260000,4.93e-06,4.94e-06,10.31956451846498,target,2037426361.0,4
PEPE,1771141920000,1771141980000,4.890000000000001e-06,4.9000000000000005e-06,10.487219158195249,target,2054303459.0,4
PEPE,1771144020000,1771144080000,4.9000000000000005e-06,4.9100000000000004e-06,10.446406017660525,target,2050325028.0,4
PEPE,1771200420000,1771200480000,4.42e-06,4.43e-06,12.673207649224452,target,2273221103.0,4
PEPE,1771201020000,1771201200000,4.47e-06,4.430000000000001e-06,-104.90651745151277,stop,2248077091.0,4
PEPE,1771202220000,1771202700000,4.47e-06,4.430000000000001e-06,-104.79699926968594,stop,2245730189.0,4
PEPE,1771203120000,1771203180000,4.4600000000000005e-06,4.47e-06,12.444981176252147,target,2248415750.0,4
PEPE,1771203720000,1771203780000,4.4600000000000005e-06,4.47e-06,12.446525640509599,target,2248694786.0,4
PEPE,1771204320000,1771204380000,4.48e-06,4.440000000000001e-06,-104.51342950391785,stop,2238933794.0,4
PEPE,1771205520000,1771205580000,4.450000000000001e-06,4.4600000000000005e-06,12.485560681585806,target,2251679113.0,4
PEPE,1771207320000,1771207380000,4.44e-06,4.45e-06,12.537810921294602,target,2257031669.0,4
PEPE,1771208220000,1771208280000,4.4600000000000005e-06,4.47e-06,12.438205323344505,target,2247191567.0,4
PEPE,1771208820000,1771208880000,4.44e-06,4.45e-06,12.540935736558904,target,2257594192.0,4
PEPE,1771209720000,1771209780000,4.450000000000001e-06,4.4600000000000005e-06,12.491791331924453,target,2252802765.0,4
PEPE,1771210320000,1771210380000,4.450000000000001e-06,4.4600000000000005e-06,12.493347896598348,target,2253083480.0,4
PEPE,1771210920000,1771211520000,4.44e-06,4.45e-06,12.545630722569392,target,2258439374.0,4
PEPE,1771212420000,1771212480000,4.42e-06,4.43e-06,12.649353846550383,target,2268942394.0,4
PEPE,1771213020000,1771213080000,4.44e-06,4.45e-06,12.548782929540485,target,2259006828.0,4
PEPE,1771213620000,1771213680000,4.44e-06,4.45e-06,12.55035293919202,target,2259289458.0,4
PEPE,1771214220000,1771214280000,4.450000000000001e-06,4.4600000000000005e-06,12.50117163653169,target,2254494434.0,4
PEPE,1771214820000,1771214880000,4.450000000000001e-06,4.4600000000000005e-06,12.502729365654563,target,2254775359.0,4
PEPE,1771215420000,1771215540000,4.450000000000001e-06,4.4600000000000005e-06,12.504287288855908,target,2255056319.0,4
PEPE,1771216020000,1771216080000,4.450000000000001e-06,4.4600000000000005e-06,12.505845411675985,target,2255337315.0,4
PEPE,1771217220000,1771217280000,4.450000000000001e-06,4.4600000000000005e-06,12.507403723025167,target,2255618345.0,4
PEPE,1771217820000,1771217880000,4.52e-06,4.53e-06,12.159771959624756,target,2220962915.0,4
PEPE,1771218420000,1771218660000,4.51e-06,4.52e-06,12.210471485069226,target,2226157062.0,4
PEPE,1771219020000,1771219080000,4.47e-06,4.48e-06,12.411089805399776,target,2246351096.0,4
PEPE,1771288620000,1771288680000,4.4600000000000005e-06,4.47e-06,12.46297149265554,target,2251666033.0,4
PEPE,1771291020000,1771291080000,4.44e-06,4.45e-06,12.56590645590563,target,2262089371.0,4
PEPE,1771291740000,1771291800000,4.44e-06,4.45e-06,12.567478604231603,target,2262372386.0,4
PEPE,1771292220000,1771292280000,4.4600000000000005e-06,4.47e-06,12.467637320535495,target,2252509001.0,4
PEPE,1771293000000,1771293060000,4.450000000000001e-06,4.4600000000000005e-06,12.519783739550366,target,2257850990.0,4
PEPE,1771293420000,1771293480000,4.44e-06,4.45e-06,12.572177200989461,target,2263218218.0,4
PEPE,1771294980000,1771295040000,4.4600000000000005e-06,4.47e-06,12.47229858204129,target,2253351144.0,4
PEPE,1771295520000,1771295580000,4.4600000000000005e-06,4.47e-06,12.4738464337195,target,2253630792.0,4
PEPE,1771296120000,1771296180000,4.4600000000000005e-06,4.47e-06,12.475394479124734,target,2253910475.0,4
PEPE,1771296720000,1771296780000,4.47e-06,4.48e-06,12.426538617024704,target,2249147261.0,4
PEPE,1771297320000,1771297380000,4.47e-06,4.48e-06,12.42807456149956,target,2249425260.0,4
PEPE,1771297920000,1771297980000,4.4600000000000005e-06,4.47e-06,12.480027251985526,target,2254747471.0,4
PEPE,1771298520000,1771298580000,4.4600000000000005e-06,4.47e-06,12.481576061221055,target,2255027292.0,4
PEPE,1771299120000,1771299180000,4.4600000000000005e-06,4.47e-06,12.483125064181793,target,2255307148.0,4
PEPE,1771299720000,1771299780000,4.4600000000000005e-06,4.47e-06,12.484674255330653,target,2255587038.0,4
PEPE,1771303920000,1771303980000,4.42e-06,4.43e-06,12.690272428751207,target,2276282050.0,4
PEPE,1771304520000,1771304580000,4.41e-06,4.42e-06,12.743470137081509,target,2281731448.0,4
PEPE,1771305240000,1771305300000,4.4e-06,4.41e-06,12.796922191469633,target,2287206826.0,4
PEPE,1771308720000,1771309020000,4.42e-06,4.43e-06,12.6950945082769,target,2277146997.0,4
PEPE,1771309320000,1771309380000,4.42e-06,4.43e-06,12.696695754199855,target,2277434216.0,4
PEPE,1771309920000,1771309980000,4.42e-06,4.43e-06,12.698297206400696,target,2277721472.0,4
PEPE,1771310520000,1771310580000,4.42e-06,4.43e-06,12.699898853727055,target,2278008763.0,4
PEPE,1771311720000,1771311780000,4.41e-06,4.42e-06,12.75313692315978,target,2283462296.0,4
PEPE,1771315620000,1771315680000,4.38e-06,4.39e-06,12.911095153841664,target,2299393616.0,4
PEPE,1771372920000,1771372980000,4.39e-06,4.4e-06,12.860391801602036,target,2294449920.0,4
PEPE,1771373520000,1771373580000,4.4e-06,4.41e-06,12.809906597488144,target,2289527542.0,4
PEPE,1771374300000,1771374360000,4.39e-06,4.4e-06,12.863669297324385,target,2295034665.0,4
PEPE,1771374720000,1771374780000,4.39e-06,4.4e-06,12.865311685635918,target,2295327687.0,4
PEPE,1771379220000,1771379280000,4.360000000000001e-06,4.3700000000000005e-06,13.0248308617698,target,2311416302.0,4
PEPE,1771379820000,1771379880000,4.360000000000001e-06,4.3700000000000005e-06,13.026514227859643,target,2311715036.0,4
PEPE,1771380420000,1771380480000,4.360000000000001e-06,4.3700000000000005e-06,13.02819781935191,target,2312013810.0,4
PEPE,1771381020000,1771381080000,4.38e-06,4.39e-06,12.924349361342177,target,2301754116.0,4
PEPE,1771381680000,1771381740000,4.3700000000000005e-06,4.38e-06,12.97865834999915,target,2307317040.0,4
PEPE,1771382220000,1771382280000,4.39e-06,4.4e-06,12.875251026528932,target,2297100986.0,4
PEPE,1771382820000,1771383000000,4.4e-06,4.41e-06,12.82470749858927,target,2292172922.0,4
PEPE,1771383420000,1771383480000,4.4e-06,4.41e-06,12.826338273240104,target,2292464392.0,4
PEPE,1771384020000,1771384140000,4.4e-06,4.41e-06,12.82796926050063,target,2292755900.0,4
PEPE,1771385220000,1771385280000,4.39e-06,4.4e-06,12.88180776113472,target,2298270787.0,4
PEPE,1771385820000,1771385880000,4.4e-06,4.41e-06,12.831238491735771,target,2293340213.0,4
PEPE,1771386480000,1771386540000,4.39e-06,4.4e-06,12.885090716130943,target,2298856506.0,4
PEPE,1771387260000,1771387320000,4.39e-06,4.4e-06,12.886735839679694,target,2299150016.0,4
PEPE,1771387980000,1771388040000,4.4e-06,4.41e-06,12.836147225822387,target,2294217556.0,4
PEPE,1771388580000,1771388640000,4.4e-06,4.41e-06,12.837779455171205,target,2294509286.0,4
PEPE,1771389720000,1771389780000,4.39e-06,4.4e-06,12.891659131555446,target,2300028391.0,4
PEPE,1771390320000,1771390380000,4.39e-06,4.4e-06,12.893305095855466,target,2300322051.0,4
PEPE,1771390980000,1771391040000,4.39e-06,4.4e-06,12.894951267541344,target,2300615748.0,4
PEPE,1771391520000,1771391580000,4.39e-06,4.4e-06,12.896597652214268,target,2300909483.0,4
PEPE,1771392120000,1771392300000,4.41e-06,4.42e-06,12.793933466015027,target,2290766959.0,4
PEPE,1771459920000,1771459980000,4.22e-06,4.23e-06,13.826556564975439,target,2394208929.0,4
PEPE,1771460580000,1771460640000,4.22e-06,4.23e-06,13.828448709075825,target,2394536573.0,4
PEPE,1771461120000,1771461180000,4.22e-06,4.23e-06,13.830341107277519,target,2394864261.0,4
PEPE,1771462620000,1771462680000,4.21e-06,4.22e-06,13.889098245296665,target,2400881287.0,4
PEPE,1771463820000,1771463880000,4.23e-06,4.24e-06,13.777531075984804,target,2389857949.0,4
PEPE,1771464420000,1771464480000,4.23e-06,4.24e-06,13.77940879413627,target,2390183659.0,4
PEPE,1771465020000,1771465080000,4.23e-06,4.24e-06,13.781286771710167,target,2390509414.0,4
PEPE,1771465620000,1771465680000,4.24e-06,4.25e-06,13.726805569750761,target,2385196450.0,4
PEPE,1771466220000,1771466280000,4.24e-06,4.25e-06,13.728668727980637,target,2385520196.0,4
PEPE,1771466820000,1771466880000,4.24e-06,4.25e-06,13.730532133673579,target,2385843985.0,4
PEPE,1771467420000,1771467480000,4.24e-06,4.25e-06,13.73239579258945,target,2386167818.0,4
PEPE,1771468320000,1771470180000,4.23e-06,4.21e-06,-62.97291491399959,time,2392133520.0,4
PEPE,1771471320000,1771471380000,4.22e-06,4.23e-06,13.838689291351312,target,2396309834.0,4
PEPE,1771471920000,1771471980000,4.23e-06,4.24e-06,13.783953314808809,target,2390971954.0,4
PEPE,1771472520000,1771472580000,4.22e-06,4.23e-06,13.842469404225593,target,2396964399.0,4
PEPE,1771473720000,1771473780000,4.23e-06,4.24e-06,13.787718476665106,target,2391625061.0,4
PEPE,1771474320000,1771474380000,4.23e-06,4.24e-06,13.789597584181077,target,2391951012.0,4
PEPE,1771474920000,1771474980000,4.23e-06,4.24e-06,13.791476945354619,target,2392277007.0,4
PEPE,1771475520000,1771475580000,4.23e-06,4.24e-06,13.79335656595423,target,2392603047.0,4
PEPE,1771476300000,1771476360000,4.24e-06,4.25e-06,13.738827649650299,target,2387285430.0,4
PEPE,1771476720000,1771478460000,4.24e-06,4.2000000000000004e-06,-110.59407014087805,stop,2387609459.0,4
PEPE,1771481280000,1771481340000,4.2000000000000004e-06,4.21e-06,13.95271077197404,target,2407715405.0,4
PEPE,1771481820000,1771481880000,4.2000000000000004e-06,4.21e-06,13.954635911539587,target,2408047612.0,4
PEPE,1771484880000,1771484940000,4.1900000000000005e-06,4.2000000000000004e-06,14.014011815145853,target,2414127789.0,4
PEPE,1771546320000,1771546380000,4.23e-06,4.24e-06,13.787749590369804,target,2391630458.0,4
PEPE,1771546920000,1771546980000,4.24e-06,4.25e-06,13.733242836509039,target,2386315002.0,4
PEPE,1771547580000,1771547640000,4.26e-06,4.27e-06,13.623114116171653,target,2375434022.0,4
PEPE,1771548120000,1771548180000,4.25e-06,4.26e-06,13.680820263134375,target,2381343823.0,4
PEPE,1771549320000,1771549380000,4.25e-06,4.26e-06,13.68266958438127,target,2381665724.0,4
PEPE,1771550520000,1771550580000,4.26e-06,4.27e-06,13.628631914513967,target,2376396149.0,4
PEPE,1771551120000,1771551180000,4.25e-06,4.26e-06,13.686361430534738,target,2382308343.0,4
PEPE,1771552620000,1771552680000,4.25e-06,4.26e-06,13.688211504375268,target,2382630375.0,4
PEPE,1771553400000,1771553460000,4.26e-06,4.27e-06,13.634151949510837,target,2377358666.0,4
PEPE,1771553820000,1771553880000,4.26e-06,4.27e-06,13.635987436261079,target,2377678716.0,4
PEPE,1771554420000,1771554480000,4.26e-06,4.27e-06,13.637823175350416,target,2377998810.0,4
PEPE,1771555020000,1771555080000,4.27e-06,4.28e-06,13.583988671926724,target,2372749113.0,4
PEPE,1771555680000,1771555740000,4.27e-06,4.28e-06,13.585809943275152,target,2373067239.0,4
PEPE,1771556220000,1771556280000,4.26e-06,4.27e-06,13.643316875225388,target,2378956735.0,4
PEPE,1771558140000,1771558200000,4.25e-06,4.26e-06,13.701108598498854,target,2384875300.0,4
PEPE,1771558860000,1771558920000,4.25e-06,4.26e-06,13.70296066585501,target,2385197679.0,4
PEPE,1771564320000,1771564380000,4.18e-06,4.19e-06,14.104102246630344,target,2425469002.0,4
PEPE,1771564920000,1771564980000,4.18e-06,4.19e-06,14.106064338114763,target,2425806421.0,4
PEPE,1771566720000,1771566780000,4.23e-06,4.24e-06,13.821391853194307,target,2397466063.0,4
PEPE,1771567320000,1771567380000,4.22e-06,4.23e-06,13.880066871824024,target,2403474783.0,4
PEPE,1771567920000,1771567980000,4.21e-06,4.22e-06,13.939035261969265,target,2409513442.0,4
PEPE,1771569420000,1771569480000,4.21e-06,4.22e-06,13.940950640759468,target,2409844536.0,4
PEPE,1771570020000,1771570080000,4.21e-06,4.22e-06,13.94286627987503,target,2410175675.0,4
PEPE,1771571220000,1771571280000,4.21e-06,4.22e-06,13.944782179314135,target,2410506859.0,4
PEPE,1771632120000,1771632180000,4.25e-06,4.26e-06,13.719909386760271,target,2388147848.0,4
PEPE,1771632720000,1771632780000,4.26e-06,4.27e-06,13.665724644285014,target,2382863931.0,4
PEPE,1771633560000,1771633620000,4.24e-06,4.25e-06,13.779922550800077,target,2394426160.0,4
PEPE,1771633980000,1771634100000,4.24e-06,4.25e-06,13.781792914290957,target,2394751158.0,4
PEPE,1771636020000,1771636080000,4.26e-06,4.27e-06,13.671274868321227,target,2383831712.0,4
PEPE,1771636620000,1771636680000,4.27e-06,4.28e-06,13.61730831504902,target,2378569138.0,4
PEPE,1771637280000,1771637340000,4.26e-06,4.27e-06,13.674948577415508,target,2384472289.0,4
PEPE,1771638600000,1771638660000,4.27e-06,4.28e-06,13.620967523226497,target,2379208301.0,4
PEPE,1771639620000,1771639680000,4.26e-06,4.27e-06,13.678623272930391,target,2385113038.0,4
PEPE,1771641240000,1771641300000,4.2800000000000005e-06,4.2900000000000004e-06,13.569051599460527,target,2374287244.0,4
PEPE,1771641720000,1771641780000,4.2800000000000005e-06,4.2900000000000004e-06,13.570863448769945,target,2374604278.0,4
PEPE,1771642320000,1771642380000,4.2800000000000005e-06,4.2900000000000004e-06,13.572675538109472,target,2374921354.0,4
PEPE,1771645320000,1771646340000,4.27e-06,4.28e-06,13.630086251700206,target,2380801092.0,4
PEPE,1771646880000,1771646940000,4.26e-06,4.27e-06,13.687780599770042,target,2386709782.0,4
PEPE,1771647420000,1771647480000,4.26e-06,4.27e-06,13.689623306886539,target,2387031091.0,4
PEPE,1771648020000,1771648080000,4.27e-06,4.28e-06,13.635584329875993,target,2381761455.0,4
PEPE,1771648620000,1771648680000,4.2800000000000005e-06,4.2900000000000004e-06,13.58178425370005,target,2376515180.0,4
PEPE,1771649220000,1771649280000,4.27e-06,4.28e-06,13.63923349640082,target,2382398864.0,4
PEPE,1771649820000,1771649880000,4.2800000000000005e-06,4.2900000000000004e-06,13.585419022275842,target,2377151185.0,4
PEPE,1771651740000,1771651800000,4.2900000000000004e-06,4.3e-06,13.531841914780767,target,2371926716.0,4
PEPE,1771652220000,1771652280000,4.2900000000000004e-06,4.3e-06,13.533641431520085,target,2372242144.0,4
PEPE,1771653000000,1771653060000,4.2900000000000004e-06,4.3e-06,13.53544118216639,target,2372557613.0,4
PEPE,1771654020000,1771654080000,4.2900000000000004e-06,4.3e-06,13.537241178125736,target,2372873125.0,4
PEPE,1771654680000,1771654740000,4.2900000000000004e-06,4.3e-06,13.53904140799025,target,2373188678.0,4
PEPE,1771718820000,1771718880000,4.14e-06,4.15e-06,14.400377213276988,target,2459500805.0,4
PEPE,1771719420000,1771719480000,4.14e-06,4.15e-06,14.402413793054276,target,2459848641.0,4
PEPE,1771720920000,1771720980000,4.13e-06,4.14e-06,14.463989790705778,target,2466153417.0,4
PEPE,1771721520000,1771721580000,4.12e-06,4.13e-06,14.525880477251503,target,2472490294.0,4
PEPE,1771722420000,1771722480000,4.12e-06,4.13e-06,14.527951826001603,target,2472842864.0,4
PEPE,1771723020000,1771723080000,4.12e-06,4.13e-06,14.530023468502396,target,2473195484.0,4
PEPE,1771723620000,1771723680000,4.13e-06,4.14e-06,14.472233147910433,target,2467558934.0,4
PEPE,1771724220000,1771724280000,4.12e-06,4.13e-06,14.534159110126089,target,2473899423.0,4
PEPE,1771724820000,1771724880000,4.13e-06,4.14e-06,14.476352336819808,target,2468261268.0,4
PEPE,1771725420000,1771725480000,4.13e-06,4.14e-06,14.478408119025119,target,2468611785.0,4
PEPE,1771726020000,1771726080000,4.13e-06,4.14e-06,14.4804641944801,target,2468962352.0,4
PEPE,1771726800000,1771726860000,4.12e-06,4.13e-06,14.542425370250452,target,2475306446.0,4
PEPE,1771732320000,1771732380000,4.08e-06,4.09e-06,14.78708943393545,target,2499930589.0,4
PEPE,1771732920000,1771732980000,4.08e-06,4.09e-06,14.789233195554683,target,2500293017.0,4
PEPE,1771733520000,1771733580000,4.09e-06,4.1e-06,14.730267120529456,target,2494541426.0,4
PEPE,1771734120000,1771734180000,4.09e-06,4.1e-06,14.732393829900566,target,2494901580.0,4
PEPE,1771734720000,1771734780000,4.09e-06,4.1e-06,14.734520840425773,target,2495261785.0,4
PEPE,1771735320000,1771735380000,4.09e-06,4.1e-06,14.736648158009068,target,2495622042.0,4
PEPE,1771735920000,1771735980000,4.09e-06,4.1e-06,14.7387757826559,target,2495982351.0,4
PEPE,1771737120000,1771737900000,4.08e-06,4.09e-06,14.802057997999421,target,2502461200.0,4
PEPE,1771738320000,1771738380000,4.08e-06,4.09e-06,14.804203930423924,target,2502823995.0,4
PEPE,1771738920000,1771738980000,4.08e-06,4.09e-06,14.806350176344704,target,2503186843.0,4
PEPE,1771739520000,1771739580000,4.07e-06,4.08e-06,14.869978259100321,target,2509700972.0,4
PEPE,1771740120000,1771740180000,4.07e-06,4.08e-06,14.872142993400859,target,2510066328.0,4
PEPE,1771804920000,1771804980000,4.05e-06,4.06e-06,14.998217988849332,target,2522828930.0,4
PEPE,1771805640000,1771805700000,4.04e-06,4.05e-06,15.062843783999206,target,2529444800.0,4
PEPE,1771806120000,1771806180000,4.03e-06,4.04e-06,15.127807301326364,target,2536095105.0,4
PEPE,1771812720000,1771812780000,3.9e-06,3.91e-06,15.975113858596668,target,2621019501.0,4
PEPE,1771813320000,1771813380000,3.91e-06,3.92e-06,15.910599781243171,target,2614724697.0,4
PEPE,1771813920000,1771813980000,3.9e-06,3.91e-06,15.980097026981614,target,2621837084.0,4
PEPE,1771814520000,1771814580000,3.9e-06,3.91e-06,15.982594428850167,target,2622246830.0,4
PEPE,1771815120000,1771815180000,3.9e-06,3.91e-06,15.985092220800041,target,2622656640.0,4
PEPE,1771815720000,1771815780000,3.91e-06,3.92e-06,15.920537845839988,target,2616357904.0,4
PEPE,1771816320000,1771816380000,3.91e-06,3.92e-06,15.923015505716625,target,2616765079.0,4
PEPE,1771817100000,1771817160000,3.89e-06,3.9e-06,16.05998525868049,target,2630628216.0,4
PEPE,1771817520000,1771818300000,3.91e-06,3.92e-06,15.927992914015572,target,2617583059.0,4
PEPE,1771819320000,1771819380000,3.91e-06,3.92e-06,15.930471730040425,target,2617990424.0,4
PEPE,1771820520000,1771820580000,3.9e-06,3.91e-06,16.00005577493055,target,2625111694.0,4
PEPE,1771821120000,1771821180000,3.9e-06,3.91e-06,16.002556297438765,target,2625521952.0,4
PEPE,1771821780000,1771821840000,3.89e-06,3.9e-06,16.072528139910606,target,2632682742.0,4
PEPE,1771822320000,1771822380000,3.89e-06,3.9e-06,16.07505057939119,target,2633095918.0,4
PEPE,1771823220000,1771823280000,3.89e-06,3.9e-06,16.077573409591416,target,2633509158.0,4
PEPE,1771823820000,1771823880000,3.9e-06,3.91e-06,16.012593933520396,target,2627168816.0,4
PEPE,1771825740000,1771825800000,3.920000000000001e-06,3.9300000000000005e-06,15.881103271351467,target,2614173378.0,4
PEPE,1771826220000,1771826280000,3.920000000000001e-06,3.9300000000000005e-06,15.883564436099475,target,2614578508.0,4
PEPE,1771826820000,1771826880000,3.94e-06,3.95e-06,15.753352063960184,target,2601709672.0,4
PEPE,1771827420000,1771827480000,4.0100000000000006e-06,4.0200000000000005e-06,15.301766577824672,target,2556686145.0,4
PEPE,1771828020000,1771828080000,4e-06,4.01e-06,15.367945127975192,target,2563460405.0,4
PEPE,1771891320000,1771891380000,3.97e-06,3.98e-06,15.563892932599561,target,2583218744.0,4
PEPE,1771891920000,1771891980000,3.97e-06,3.98e-06,15.566254961549891,target,2583610782.0,4
PEPE,1771892520000,1771894380000,3.98e-06,3.97e-06,-41.13706612763804,time,2577510409.0,4
PEPE,1771894920000,1771895460000,3.96e-06,3.920000000000001e-06,-118.85755997159943,stop,2589489324.0,4
PEPE,1771896420000,1771896480000,3.96e-06,3.97e-06,15.609454295450789,target,2586487870.0,4
PEPE,1771897020000,1771897080000,3.97e-06,3.98e-06,15.546704987324485,target,2580365973.0,4
PEPE,1771897620000,1771897680000,3.95e-06,3.96e-06,15.679670335679686,target,2593824704.0,4
PEPE,1771898220000,1771898580000,3.95e-06,3.96e-06,15.682069922611223,target,2594221658.0,4
PEPE,1771903620000,1771903980000,3.91e-06,3.92e-06,15.949771293311393,target,2621162086.0,4
PEPE,1771904820000,1771904880000,3.89e-06,3.9e-06,16.08697120238993,target,2635048518.0,4
PEPE,1771905900000,1771905960000,3.89e-06,3.9e-06,16.089495900719253,target,2635462064.0,4
PEPE,1771906320000,1771906740000,3.89e-06,3.85e-06,-120.70992658241947,stop,2635875676.0,4
PEPE,1771907220000,1771907520000,3.9e-06,3.86e-06,-120.2980629641373,stop,2626021894.0,4
PEPE,1771908120000,1771908180000,3.89e-06,3.9e-06,16.054196998290767,target,2629680098.0,4
PEPE,1771909320000,1771909380000,3.9e-06,3.91e-06,15.989312002623443,target,2623348975.0,4
PEPE,1771909920000,1771909980000,3.91e-06,3.92e-06,15.924740584960322,target,2617048576.0,4
PEPE,1771910580000,1771910640000,3.88e-06,3.89e-06,16.12949831468375,target,2637693919.0,4
PEPE,1771912320000,1771912380000,3.89e-06,3.9e-06,16.064256554776627,target,2631327855.0,4
PEPE,1771912920000,1771913280000,3.89e-06,3.9e-06,16.066777693890035,target,2631740818.0,4
PEPE,1771913820000,1771913880000,3.89e-06,3.9e-06,16.069299229830758,target,2632153846.0,4
PEPE,1771917480000,1771917540000,3.9e-06,3.91e-06,16.004353194863977,target,2625816767.0,4
PEPE,1771918020000,1771918080000,3.91e-06,3.92e-06,15.939721033483629,target,2619510441.0,4
PEPE,1771918620000,1771918680000,3.920000000000001e-06,3.9300000000000005e-06,15.87540045015097,target,2613234642.0,4
PEPE,1771919220000,1771919280000,3.9e-06,3.91e-06,16.01182651816427,target,2627042907.0,4
PEPE,1771978620000,1771978680000,3.94e-06,3.95e-06,15.74771570665973,target,2600778812.0,4
PEPE,1771979220000,1771979340000,3.94e-06,3.95e-06,15.750135817499775,target,2601178500.0,4
PEPE,1771980420000,1771980480000,3.96e-06,3.97e-06,15.621229159810479,target,2588438966.0,4
PEPE,1771981620000,1771981680000,3.98e-06,3.99e-06,15.493582731419933,target,2575824228.0,4
PEPE,1771982220000,1771982280000,4.08e-06,4.09e-06,14.864815118791299,target,2513071026.0,4
PEPE,1771982880000,1771982940000,4.13e-06,4.14e-06,14.562832301400217,target,2483006360.0,4
PEPE,1771983420000,1771983480000,4.1100000000000005e-06,4.12e-06,14.685684662054221,target,2495443443.0,4
PEPE,1771984020000,1771984080000,4.09e-06,4.1e-06,14.809770493420892,target,2508005164.0,4
PEPE,1771985520000,1771985580000,4.08e-06,4.09e-06,14.873357526301477,target,2514515220.0,4
PEPE,1771986120000,1771986180000,4.08e-06,4.09e-06,14.875513798145054,target,2514879763.0,4
PEPE,1771994820000,1771994880000,4e-06,4.01e-06,15.38046772976859,target,2565549246.0,4
PEPE,1771995420000,1771996200000,4e-06,4.01e-06,15.382772879211245,target,2565933758.0,4
PEPE,1772000820000,1772000880000,3.9300000000000005e-06,3.94e-06,15.841954860014692,target,2612028831.0,4
PEPE,1772001420000,1772001480000,3.9300000000000005e-06,3.94e-06,15.844399685774981,target,2612431935.0,4
PEPE,1772002260000,1772003580000,3.9300000000000005e-06,3.94e-06,15.846844881500472,target,2612835100.0,4
PEPE,1772004120000,1772004180000,3.920000000000001e-06,3.9300000000000005e-06,15.915921368400074,target,2619904752.0,4
PEPE,1772005320000,1772005980000,3.91e-06,3.92e-06,15.98537004021876,target,2627012332.0,4
PEPE,1772006520000,1772006580000,3.920000000000001e-06,3.9300000000000005e-06,15.92086525200028,target,2620718560.0,4
PEPE,1772007120000,1772007180000,3.920000000000001e-06,3.9300000000000005e-06,15.923332582874592,target,2621124705.0,4
PEPE,1772008320000,1772008380000,3.9300000000000005e-06,3.94e-06,15.859128022749607,target,2614860350.0,4
PEPE,1772010120000,1772010180000,3.96e-06,3.97e-06,15.663548504975871,target,2595451285.0,4
PEPE,1772011320000,1772011380000,4.0100000000000006e-06,4.0200000000000005e-06,15.342425777069128,target,2563479662.0,4
PEPE,1772011920000,1772011980000,4e-06,4.01e-06,15.408780172390529,target,2570271922.0,4
PEPE,1772012640000,1772012700000,3.99e-06,4e-06,15.47548484545673,target,2577099891.0,4
PEPE,1772065320000,1772065380000,4.16e-06,4.17e-06,14.425040290365066,target,2472157719.0,4
PEPE,1772065920000,1772065980000,4.14e-06,4.15e-06,14.54644854955431,target,2484448941.0,4
PEPE,1772068320000,1772069100000,4.12e-06,4.13e-06,14.669066846750386,target,2496862442.0,4
PEPE,1772070120000,1772070180000,4.1100000000000005e-06,4.12e-06,14.731887808825842,target,2503294445.0,4
PEPE,1772074200000,1772074260000,4.08e-06,4.09e-06,14.917997303755119,target,2522062097.0,4
PEPE,1772075220000,1772075280000,4.1000000000000006e-06,4.1100000000000005e-06,14.797176317057065,target,2510123209.0,4
PEPE,1772075820000,1772075880000,4.09e-06,4.1e-06,14.860654203196805,target,2516622219.0,4
PEPE,1772076420000,1772076480000,4.09e-06,4.1e-06,14.862799731801747,target,2516985560.0,4
PEPE,1772077020000,1772077080000,4.09e-06,4.1e-06,14.864945573370573,target,2517348954.0,4
PEPE,1772077620000,1772077680000,4.1000000000000006e-06,4.1100000000000005e-06,14.80571480601111,target,2511571638.0,4
PEPE,1772078220000,1772078280000,4.09e-06,4.1e-06,14.869229320189902,target,2518074398.0,4
PEPE,1772078820000,1772078880000,4.09e-06,4.1e-06,14.871376082942076,target,2518437948.0,4
PEPE,1772079420000,1772079480000,4.09e-06,4.1e-06,14.8735231645603,target,2518801552.0,4
PEPE,1772080020000,1772080080000,4.1100000000000005e-06,4.12e-06,14.753144728960404,target,2506906496.0,4
PEPE,1772080620000,1772080680000,4.1100000000000005e-06,4.12e-06,14.755257190906086,target,2507265453.0,4
PEPE,1772081220000,1772081280000,4.12e-06,4.13e-06,14.696535720626816,target,2501537995.0,4
PEPE,1772081820000,1772081880000,4.12e-06,4.13e-06,14.698631403627113,target,2501894707.0,4
PEPE,1772082420000,1772082480000,4.1000000000000006e-06,4.1100000000000005e-06,14.82272740462669,target,2514457575.0,4
PEPE,1772086320000,1772086380000,4.07e-06,4.08e-06,15.010133440876269,target,2533355855.0,4
PEPE,1772086920000,1772086980000,4.07e-06,4.08e-06,15.01231857495041,target,2533724654.0,4
PEPE,1772087520000,1772087700000,4.06e-06,4.07e-06,15.076888919394982,target,2540335117.0,4
PEPE,1772088420000,1772090220000,4.06e-06,4.0200000000000005e-06,-116.9995328974504,stop,2540706469.0,4
PEPE,1772090820000,1772090880000,4.03e-06,4.04e-06,15.250815127428828,target,2556716702.0,4
PEPE,1772092620000,1772092680000,4.03e-06,4.04e-06,15.253072474309834,target,2557095134.0,4
PEPE,1772150520000,1772150580000,3.82e-06,3.83e-06,16.16492146522513,target,2617801047.0,5
PEPE,1772151120000,1772151180000,3.830000000000001e-06,3.8400000000000005e-06,16.09920774746923,target,2611388118.0,5
PEPE,1772151720000,1772151780000,3.830000000000001e-06,3.8400000000000005e-06,16.10179916823052,target,2611808462.0,5
PEPE,1772152320000,1772152380000,3.81e-06,3.82e-06,16.24144732397046,target,2625941362.0,5
PEPE,1772153520000,1772153580000,3.830000000000001e-06,3.8400000000000005e-06,16.10700533811114,target,2612652934.0,5
PEPE,1772154120000,1772154180000,3.830000000000001e-06,3.8400000000000005e-06,16.109598016531518,target,2613073482.0,5
PEPE,1772154720000,1772154780000,3.830000000000001e-06,3.8400000000000005e-06,16.112191114170376,target,2613494098.0,5
PEPE,1772155920000,1772155980000,3.830000000000001e-06,3.8400000000000005e-06,16.114784631031355,target,2613914782.0,5
PEPE,1772156520000,1772156580000,3.8400000000000005e-06,3.85e-06,16.04933095003845,target,2607527368.0,5
PEPE,1772157420000,1772157480000,3.8400000000000005e-06,3.85e-06,16.05190343844386,target,2607945319.0,5
PEPE,1772158020000,1772158080000,3.8400000000000005e-06,3.85e-06,16.054476345391237,target,2608363338.0,5
PEPE,1772159220000,1772159280000,3.85e-06,3.86e-06,15.989322980215809,target,2602005367.0,5
PEPE,1772159820000,1772159880000,3.86e-06,3.87e-06,15.924488530020614,target,2595678652.0,5
PEPE,1772160420000,1772160480000,3.8400000000000005e-06,3.85e-06,16.06216501136189,target,2609612512.0,5
PEPE,1772161020000,1772161080000,3.8400000000000005e-06,3.85e-06,16.06473955553563,target,2610030797.0,5
PEPE,1772163720000,1772163780000,3.82e-06,3.83e-06,16.203918912024577,target,2624116423.0,5
PEPE,1772164320000,1772164380000,3.830000000000001e-06,3.8400000000000005e-06,16.13804666179497,target,2617688023.0,5
PEPE,1772165520000,1772165580000,3.89e-06,3.9e-06,15.737024751360288,target,2577727232.0,5
PEPE,1772166120000,1772166180000,3.88e-06,3.89e-06,15.805908003981447,target,2584776452.0,5
PEPE,1772166720000,1772166780000,3.87e-06,3.88e-06,15.875166283375453,target,2591863883.0,5
PEPE,1772167320000,1772168040000,3.88e-06,3.89e-06,15.810901042124556,target,2585592975.0,5
PEPE,1772168520000,1772168580000,3.88e-06,3.89e-06,15.813392886280276,target,2586000472.0,5
PEPE,1772169120000,1772169180000,3.89e-06,3.9e-06,15.749429732850055,target,2579759170.0,5
PEPE,1772169720000,1772170140000,3.89e-06,3.9e-06,15.751901464202295,target,2580164040.0,5
PEPE,1772236920000,1772236980000,3.6800000000000003e-06,3.6900000000000002e-06,17.22624457444553,target,2727829703.0,5
PEPE,1772238720000,1772238780000,3.67e-06,3.68e-06,17.30350402082346,target,2735731861.0,5
PEPE,1772239320000,1772239380000,3.67e-06,3.68e-06,17.30648616345124,target,2736203346.0,5
PEPE,1772240100000,1772240160000,3.67e-06,3.68e-06,17.30946881839928,target,2736674912.0,5
PEPE,1772240520000,1772240580000,3.6800000000000003e-06,3.6900000000000002e-06,17.23811020052912,target,2729708662.0,5
PEPE,1772241720000,1772241780000,3.66e-06,3.67e-06,17.39018372381652,target,2745096089.0,5
PEPE,1772243520000,1772243580000,3.65e-06,3.66e-06,17.468377267680538,target,2753093344.0,5
PEPE,1772244720000,1772244780000,3.65e-06,3.66e-06,17.47141389585113,target,2753571930.0,5
PEPE,1772245320000,1772245380000,3.66e-06,3.67e-06,17.399241386450512,target,2746525870.0,5
PEPE,1772247720000,1772248200000,3.66e-06,3.67e-06,17.402252975765773,target,2747001259.0,5
PEPE,1772249220000,1772249280000,3.65e-06,3.66e-06,17.480500786081304,target,2755004064.0,5
PEPE,1772249820000,1772249880000,3.6400000000000003e-06,3.65e-06,17.559201751449507,target,2763052990.0,5
PEPE,1772250420000,1772250480000,3.6400000000000003e-06,3.65e-06,17.562267378029958,target,2763535386.0,5
PEPE,1772251080000,1772251140000,3.6400000000000003e-06,3.65e-06,17.565333538429837,target,2764017866.0,5
PEPE,1772251620000,1772251680000,3.6400000000000003e-06,3.65e-06,17.56840023265096,target,2764500430.0,5
PEPE,1772252220000,1772252280000,3.65e-06,3.66e-06,17.49575237679075,target,2757407782.0,5
PEPE,1772253060000,1772253240000,3.6400000000000003e-06,3.65e-06,17.574522010503927,target,2765463731.0,5
PEPE,1772254320000,1772254380000,3.6400000000000003e-06,3.65e-06,17.577590306183314,target,2765946547.0,5
PEPE,1772254920000,1772254980000,3.6400000000000003e-06,3.65e-06,17.5806591420403,target,2766429448.0,5
PEPE,1772255520000,1772255580000,3.6400000000000003e-06,3.65e-06,17.58372851171489,target,2766912433.0,5
PEPE,1772257920000,1772258040000,3.62e-06,3.63e-06,17.73961674750062,target,2782684980.0,5
PEPE,1772258520000,1772258580000,3.62e-06,3.63e-06,17.7427407843742,target,2783175025.0,5
PEPE,1772264220000,1772264280000,3.49e-06,3.5e-06,18.78224225194526,target,2887354689.0,5
PEPE,1772264820000,1772264880000,3.52e-06,3.53e-06,18.53973890002578,target,2863280139.0,5
PEPE,1772323320000,1772323380000,3.65e-06,3.66e-06,17.523673257420906,target,2761808236.0,5
PEPE,1772325420000,1772325480000,3.63e-06,3.64e-06,17.678835600305014,target,2777507557.0,5
PEPE,1772326320000,1772326380000,3.62e-06,3.63e-06,17.75863729312495,target,2785668595.0,5
PEPE,1772327220000,1772327280000,3.63e-06,3.64e-06,17.685049361540315,target,2778483796.0,5
PEPE,1772328120000,1772328180000,3.61e-06,3.62e-06,17.842032962978852,target,2794366948.0,5
PEPE,1772329320000,1772329380000,3.65e-06,3.66e-06,17.539055662994308,target,2764232571.0,5
PEPE,1772329920000,1772329980000,3.7e-06,3.71e-06,17.168681507270986,target,2727352106.0,5
PEPE,1772330520000,1772330580000,3.71e-06,3.72e-06,17.098113223201207,target,2720463520.0,5
PEPE,1772331120000,1772331180000,3.75e-06,3.76e-06,16.81092294404003,target,2691901192.0,5
PEPE,1772331720000,1772331780000,3.7300000000000003e-06,3.74e-06,16.958012247610142,target,2706785674.0,5
PEPE,1772332320000,1772332380000,3.74e-06,3.75e-06,16.888510646010523,target,2700001702.0,5
PEPE,1772333220000,1772333280000,3.7700000000000003e-06,3.7800000000000002e-06,16.676552443800507,target,2678964248.0,5
PEPE,1772333820000,1772333880000,3.74e-06,3.75e-06,16.894124264563317,target,2700899163.0,5
PEPE,1772339820000,1772339880000,3.67e-06,3.68e-06,17.411936158648853,target,2752875282.0,5
PEPE,1772340420000,1772340480000,3.67e-06,3.68e-06,17.414936985324843,target,2753349721.0,5
PEPE,1772341020000,1772341080000,3.66e-06,3.67e-06,17.493141816255594,target,2761348353.0,5
PEPE,1772341620000,1772341680000,3.66e-06,3.67e-06,17.496169654846387,target,2761826307.0,5
PEPE,1772342520000,1772342580000,3.66e-06,3.67e-06,17.49919802557441,target,2762304345.0,5
PEPE,1772343120000,1772343180000,3.66e-06,3.67e-06,17.502226915774237,target,2762782465.0,5
PEPE,1772344320000,1772344380000,3.66e-06,3.67e-06,17.50525633178131,target,2763260668.0,5
PEPE,1772345040000,1772345100000,3.65e-06,3.66e-06,17.583967286145104,target,2771310841.0,5
PEPE,1772349120000,1772349180000,3.61e-06,3.62e-06,17.89399427814491,target,2802504977.0,5
PEPE,1772349960000,1772350020000,3.61e-06,3.62e-06,17.897159182176054,target,2803000655.0,5
PEPE,1772350320000,1772350380000,3.61e-06,3.62e-06,17.90032465446945,target,2803496422.0,5
PEPE,1772409720000,1772409780000,3.44e-06,3.45e-06,19.288491687855768,target,2942561661.0,5
PEPE,1772410320000,1772410380000,3.4600000000000003e-06,3.4700000000000002e-06,19.1221295361769,target,2926110105.0,5
PEPE,1772410920000,1772410980000,3.4700000000000002e-06,3.48e-06,19.04144149102621,target,2918228581.0,5
PEPE,1772411520000,1772411580000,3.4700000000000002e-06,3.48e-06,19.045022052151573,target,2918777326.0,5
PEPE,1772412120000,1772412180000,3.48e-06,3.49e-06,18.964756542075055,target,2910937305.0,5
PEPE,1772412720000,1772412780000,3.49e-06,3.5e-06,18.884925140571056,target,2903139914.0,5
PEPE,1772413320000,1772413380000,3.49e-06,3.5e-06,18.888445093643938,target,2903681029.0,5
PEPE,1772414100000,1772414160000,3.5100000000000003e-06,3.52e-06,18.726565695449516,target,2887673970.0,5
PEPE,1772414520000,1772415600000,3.49e-06,3.5e-06,18.89545614361611,target,2904758823.0,5
PEPE,1772416620000,1772416680000,3.4700000000000002e-06,3.48e-06,19.066346796148814,target,2922045486.0,5
PEPE,1772417220000,1772417220000,3.48e-06,3.44e-06,-131.66340631865938,entry_bar_stop,2914196687.0,5
PEPE,1772419920000,1772419980000,3.45e-06,3.46e-06,19.21429524091048,target,2935721198.0,5
PEPE,1772420520000,1772421180000,3.45e-06,3.46e-06,19.217940387030882,target,2936278134.0,5
PEPE,1772421720000,1772421780000,3.4600000000000003e-06,3.4700000000000002e-06,19.13674903695394,target,2928347213.0,5
PEPE,1772422320000,1772422380000,3.48e-06,3.49e-06,18.972120003553847,target,2912067537.0,5
PEPE,1772423520000,1772423580000,3.48e-06,3.49e-06,18.97567182519382,target,2912612713.0,5
PEPE,1772424120000,1772424180000,3.4700000000000002e-06,3.48e-06,19.063135014976222,target,2921553259.0,5
PEPE,1772425920000,1772425980000,3.4600000000000003e-06,3.4700000000000002e-06,19.151131258419603,target,2930548012.0,5
PEPE,1772426520000,1772426580000,3.45e-06,3.46e-06,19.239665375699932,target,2939597460.0,5
PEPE,1772428920000,1772428980000,3.43e-06,3.44e-06,19.414667232544755,target,2957298893.0,5
PEPE,1772429520000,1772429580000,3.44e-06,3.45e-06,19.332441737071868,target,2949266474.0,5
PEPE,1772430120000,1772430180000,3.44e-06,3.45e-06,19.336125574965497,target,2949828463.0,5
PEPE,1772430720000,1772430780000,3.45e-06,3.46e-06,19.25433431113589,target,2941838703.0,5
PEPE,1772431440000,1772431500000,3.43e-06,3.44e-06,19.42946960064637,target,2959553633.0,5
PEPE,1772496420000,1772496480000,3.5100000000000003e-06,3.52e-06,18.75885447802595,target,2892652965.0,5
PEPE,1772498880000,1772498940000,3.5100000000000003e-06,3.52e-06,18.762320321426465,target,2893187405.0,5
PEPE,1772499420000,1772499540000,3.52e-06,3.53e-06,18.68361990092543,target,2885501143.0,5
PEPE,1772500020000,1772500080000,3.53e-06,3.54e-06,18.605340332999546,target,2877856200.0,5
PEPE,1772500620000,1772500680000,3.52e-06,3.53e-06,18.6904791662743,target,2886560489.0,5
PEPE,1772501400000,1772501460000,3.5100000000000003e-06,3.52e-06,18.776129448001416,target,2895316800.0,5
PEPE,1772502420000,1772502480000,3.5100000000000003e-06,3.52e-06,18.77959848202184,target,2895851732.0,5
PEPE,1772505720000,1772505780000,3.5000000000000004e-06,3.5100000000000003e-06,18.865780690229442,target,2904662154.0,5
PEPE,1772506320000,1772506380000,3.49e-06,3.5e-06,18.952483605175885,target,2913525535.0,5
PEPE,1772506920000,1772506980000,3.48e-06,3.49e-06,19.039711890705092,target,2922442347.0,5
PEPE,1772509620000,1772509680000,3.49e-06,3.5e-06,18.959564961184597,target,2914614137.0,5
PEPE,1772510220000,1772510280000,3.49e-06,3.5e-06,18.963098828455372,target,2915157391.0,5
PEPE,1772510820000,1772510880000,3.49e-06,3.5e-06,18.96663335273109,target,2915700746.0,5
PEPE,1772511420000,1772511480000,3.48e-06,3.49e-06,19.05392676072561,target,2924624215.0,5
PEPE,1772512920000,1772512980000,3.4700000000000002e-06,3.48e-06,19.14175064227376,target,2933601631.0,5
PEPE,1772514720000,1772514780000,3.48e-06,3.49e-06,19.061077474879816,target,2925721792.0,5
PEPE,1772515320000,1772515380000,3.5000000000000004e-06,3.5100000000000003e-06,18.897514156080994,target,2909547984.0,5
PEPE,1772515920000,1772515980000,3.49e-06,3.5e-06,18.984362912368738,target,2918426274.0,5
PEPE,1772516520000,1772516580000,3.48e-06,3.49e-06,19.07173791726163,target,2927358084.0,5
PEPE,1772518020000,1772518080000,3.4700000000000002e-06,3.48e-06,19.159643895300846,target,2936343892.0,5
PEPE,1772520420000,1772520480000,3.4700000000000002e-06,3.48e-06,19.16324668057589,target,2936896043.0,5
PEPE,1772521680000,1772521740000,3.49e-06,3.5e-06,18.998599163416294,target,2920614783.0,5
PEPE,1772522280000,1772522340000,3.52e-06,3.53e-06,18.7533023616741,target,2896262913.0,5
PEPE,1772522880000,1772522940000,3.53e-06,3.54e-06,18.67473083950763,target,2888589457.0,5
PEPE,1772583420000,1772583480000,3.4600000000000003e-06,3.4700000000000002e-06,19.26236250009972,target,2947568860.0,5
PEPE,1772584920000,1772585160000,3.43e-06,3.44e-06,19.523725262016367,target,2973910931.0,5
PEPE,1772585520000,1772585580000,3.45e-06,3.46e-06,19.355114679284746,target,2957236773.0,5
PEPE,1772586720000,1772586780000,3.4600000000000003e-06,3.4700000000000002e-06,19.273343796470545,target,2949249242.0,5
PEPE,1772587320000,1772587380000,3.45e-06,3.46e-06,19.362442886710546,target,2958356438.0,5
PEPE,1772587920000,1772587980000,3.4600000000000003e-06,3.4700000000000002e-06,19.28064104540577,target,2950365883.0,5
PEPE,1772588520000,1772588580000,3.48e-06,3.49e-06,19.114774150483424,target,2933963799.0,5
PEPE,1772589120000,1772589180000,3.4700000000000002e-06,3.48e-06,19.20287849310149,target,2942969884.0,5
PEPE,1772589720000,1772589780000,3.4600000000000003e-06,3.4700000000000002e-06,19.291519801089233,target,2952030574.0,5
PEPE,1772590920000,1772590980000,3.4600000000000003e-06,3.4700000000000002e-06,19.295163442621163,target,2952588132.0,5
PEPE,1772591520000,1772591580000,3.45e-06,3.46e-06,19.38436340725577,target,2961705639.0,5
PEPE,1772592120000,1772592720000,3.4700000000000002e-06,3.48e-06,19.21739030842475,target,2945193917.0,5
PEPE,1772593020000,1772593080000,3.4600000000000003e-06,3.4700000000000002e-06,19.30609860189112,target,2954261454.0,5
PEPE,1772593620000,1772593680000,3.44e-06,3.45e-06,19.481450927881244,target,2971998616.0,5
PEPE,1772594220000,1772594340000,3.44e-06,3.45e-06,19.485163162033803,target,2972564937.0,5
PEPE,1772597220000,1772597280000,3.4200000000000003e-06,3.43e-06,19.662656507498422,target,2990518100.0,5
PEPE,1772597820000,1772597880000,3.4200000000000003e-06,3.43e-06,19.666436678827555,target,2991093031.0,5
PEPE,1772598420000,1772598480000,3.41e-06,3.42e-06,19.757905914406138,target,3000441293.0,5
PEPE,1772599620000,1772599680000,3.41e-06,3.42e-06,19.761721335840864,target,3001020704.0,5
PEPE,1772600220000,1772600280000,3.4200000000000003e-06,3.43e-06,19.67781528835083,target,2992823618.0,5
PEPE,1772600820000,1772600880000,3.41e-06,3.42e-06,19.76933744806374,target,3002177289.0,5
PEPE,1772602020000,1772602680000,3.41e-06,3.42e-06,19.773155075474634,target,3002757035.0,5
PEPE,1772604060000,1772604120000,3.4200000000000003e-06,3.43e-06,19.68920047944975,target,2994555206.0,5
PEPE,1772604420000,1772604480000,3.4200000000000003e-06,3.43e-06,19.692985752975083,target,2995130913.0,5
PEPE,1772668920000,1772668980000,3.65e-06,3.66e-06,17.810009998649953,target,2806936170.0,5
PEPE,1772670300000,1772670360000,3.63e-06,3.64e-06,17.967707688204158,target,2822892017.0,5
PEPE,1772671620000,1772671680000,3.63e-06,3.64e-06,17.970858229539232,target,2823386996.0,5
PEPE,1772673120000,1772673180000,3.62e-06,3.63e-06,18.05197810499856,target,2831682840.0,5
PEPE,1772673720000,1772673780000,3.62e-06,3.63e-06,18.055157145376633,target,2832181513.0,5
PEPE,1772674320000,1772674380000,3.61e-06,3.62e-06,18.136765112089407,target,2840527034.0,5
PEPE,1772674920000,1772675760000,3.61e-06,3.57e-06,-128.9117107492498,stop,2841029438.0,5
PEPE,1772676480000,1772676540000,3.5900000000000004e-06,3.6000000000000003e-06,18.275169011821173,target,2853266044.0,5
PEPE,1772677020000,1772677080000,3.61e-06,3.62e-06,18.120404692504536,target,2837964713.0,5
PEPE,1772677620000,1772677680000,3.61e-06,3.62e-06,18.12360964964027,target,2838466664.0,5
PEPE,1772678220000,1772678280000,3.5900000000000004e-06,3.6000000000000003e-06,18.28489590102033,target,2854784684.0,5
PEPE,1772679120000,1772679180000,3.6000000000000003e-06,3.61e-06,18.208884089195575,target,2847362641.0,5
PEPE,1772679720000,1772679780000,3.6000000000000003e-06,3.61e-06,18.212118692984678,target,2847868443.0,5
PEPE,1772680320000,1772680380000,3.61e-06,3.62e-06,18.13649099126935,target,2840484102.0,5
PEPE,1772681520000,1772681580000,3.6000000000000003e-06,3.61e-06,18.2185756221663,target,2848878127.0,5
PEPE,1772682120000,1772682180000,3.6000000000000003e-06,3.61e-06,18.221811946208668,target,2849384198.0,5
PEPE,1772683320000,1772683380000,3.6000000000000003e-06,3.61e-06,18.22504885219849,target,2849890360.0,5
PEPE,1772684520000,1772684580000,3.61e-06,3.62e-06,18.149367448376324,target,2842500775.0,5
PEPE,1772685120000,1772685180000,3.62e-06,3.63e-06,18.074080784624268,target,2835149927.0,5
PEPE,1772685720000,1772685780000,3.61e-06,3.62e-06,18.155774285076074,target,2843504195.0,5
PEPE,1772686380000,1772686440000,3.61e-06,3.62e-06,18.158985493123872,target,2844007125.0,5
PEPE,1772686920000,1772686980000,3.61e-06,3.62e-06,18.16219726943938,target,2844510144.0,5
PEPE,1772687520000,1772687580000,3.62e-06,3.63e-06,18.086857381124407,target,2837154099.0,5
PEPE,1772688120000,1772688180000,3.6000000000000003e-06,3.61e-06,18.24761117320619,target,2853418479.0,5
PEPE,1772755320000,1772755380000,3.4700000000000002e-06,3.48e-06,19.31951200027597,target,2960844751.0,5
PEPE,1772756520000,1772756580000,3.48e-06,3.49e-06,19.238089653523915,target,2952891735.0,5
PEPE,1772757120000,1772757240000,3.48e-06,3.49e-06,19.24169126931194,target,2953444554.0,5
PEPE,1772757720000,1772757780000,3.48e-06,3.49e-06,19.245293556139274,target,2953997476.0,5
PEPE,1772758320000,1772758380000,3.4700000000000002e-06,3.48e-06,19.33399949040052,target,2963065056.0,5
PEPE,1772758920000,1772758980000,3.4700000000000002e-06,3.48e-06,19.337635063799308,target,2963622232.0,5
PEPE,1772760120000,1772760180000,3.4600000000000003e-06,3.4700000000000002e-06,19.426898410175564,target,2972746505.0,5
PEPE,1772762520000,1772762640000,3.5000000000000004e-06,3.5100000000000003e-06,19.090930904431346,target,2939327314.0,5
PEPE,1772763120000,1772763180000,3.49e-06,3.5e-06,19.178668556864658,target,2948296473.0,5
PEPE,1772764020000,1772764200000,3.49e-06,3.5e-06,19.18224326252408,target,2948846005.0,5
PEPE,1772764620000,1772764680000,3.48e-06,3.49e-06,19.270529011225236,target,2957870915.0,5
PEPE,1772765220000,1772765280000,3.48e-06,3.49e-06,19.274136698989047,target,2958424666.0,5
PEPE,1772765820000,1772765880000,3.48e-06,3.49e-06,19.277745057801265,target,2958978520.0,5
PEPE,1772767020000,1772767080000,3.48e-06,3.49e-06,19.28135409417101,target,2959532478.0,5
PEPE,1772768220000,1772768280000,3.49e-06,3.5e-06,19.200189985085817,target,2951604917.0,5
PEPE,1772768820000,1772768880000,3.48e-06,3.49e-06,19.288558329049646,target,2960638270.0,5
PEPE,1772769420000,1772769480000,3.48e-06,3.49e-06,19.292169391586484,target,2961192539.0,5
PEPE,1772770320000,1772770380000,3.4700000000000002e-06,3.48e-06,19.381091387624785,target,2970282205.0,5
PEPE,1772771520000,1772771580000,3.49e-06,3.5e-06,19.214572188814067,target,2953815863.0,5
PEPE,1772772120000,1772772180000,3.4700000000000002e-06,3.48e-06,19.38834892980028,target,2971394472.0,5
PEPE,1772772840000,1772772900000,3.48e-06,3.49e-06,19.30663647028511,target,2963413119.0,5
PEPE,1772773320000,1772773380000,3.48e-06,3.49e-06,19.310250914105904,target,2963967907.0,5
PEPE,1772773920000,1772773980000,3.48e-06,3.49e-06,19.31386603548422,target,2964522799.0,5
PEPE,1772774520000,1772774580000,3.48e-06,3.49e-06,19.317481834423702,target,2965077795.0,5
PEPE,1772841720000,1772841780000,3.3800000000000002e-06,3.39e-06,20.19806579511097,target,3053373514.0,5
PEPE,1772842320000,1772842380000,3.39e-06,3.4e-06,20.111976156625044,target,3044962325.0,5
PEPE,1772843880000,1772843940000,3.3800000000000002e-06,3.39e-06,20.205954870570896,target,3054566118.0,5
PEPE,1772844420000,1772844480000,3.3800000000000002e-06,3.39e-06,20.20990938372026,target,3055163928.0,5
PEPE,1772845740000,1772845800000,3.3700000000000003e-06,3.3800000000000002e-06,20.30449475512452,target,3064829397.0,5
PEPE,1772846820000,1772846880000,3.3800000000000002e-06,3.39e-06,20.217838460084927,target,3056362579.0,5
PEPE,1772847420000,1772847480000,3.3800000000000002e-06,3.39e-06,20.22179529510032,target,3056960740.0,5
PEPE,1772848020000,1772848080000,3.3800000000000002e-06,3.39e-06,20.22575290407167,target,3057559018.0,5
PEPE,1772849220000,1772849280000,3.3800000000000002e-06,3.39e-06,20.22971128699532,target,3058157413.0,5
PEPE,1772849820000,1772849880000,3.39e-06,3.4e-06,20.143486768831213,target,3049733046.0,5
PEPE,1772850420000,1772850480000,3.3800000000000002e-06,3.39e-06,20.23761272588937,target,3059351886.0,5
PEPE,1772851920000,1772851980000,3.3800000000000002e-06,3.39e-06,20.241573430680873,target,3059950632.0,5
PEPE,1772852520000,1772852580000,3.39e-06,3.4e-06,20.155298351626286,target,3051521325.0,5
PEPE,1772853720000,1772853780000,3.39e-06,3.4e-06,20.159225367586526,target,3052115877.0,5
PEPE,1772854320000,1772854380000,3.3800000000000002e-06,3.39e-06,20.25342486467956,target,3061742232.0,5
PEPE,1772855520000,1772855580000,3.3800000000000002e-06,3.39e-06,20.257388665291224,target,3062341446.0,5
PEPE,1772856180000,1772856240000,3.3700000000000003e-06,3.3800000000000002e-06,20.352196245750466,target,3072029622.0,5
PEPE,1772856720000,1772856780000,3.3700000000000003e-06,3.3800000000000002e-06,20.35619723562538,target,3072633545.0,5
PEPE,1772857620000,1772857680000,3.3700000000000003e-06,3.3800000000000002e-06,20.360199007249285,target,3073237586.0,5
PEPE,1772858220000,1772858280000,3.3700000000000003e-06,3.3800000000000002e-06,20.364201573875924,target,3073841747.0,5
PEPE,1772860020000,1772860080000,3.3700000000000003e-06,3.3800000000000002e-06,20.36820492225155,target,3074446026.0,5
PEPE,1772860620000,1772860680000,3.3700000000000003e-06,3.3800000000000002e-06,20.372209052376164,target,3075050423.0,5
PEPE,1772862720000,1772862780000,3.36e-06,3.37e-06,20.467705558626236,target,3084808675.0,5
PEPE,1772863920000,1772863980000,3.35e-06,3.36e-06,20.563803292574576,target,3094628035.0,5
PEPE,1772928420000,1772928480000,3.2400000000000003e-06,3.2500000000000002e-06,21.61821059401671,target,3200327253.0,5
PEPE,1772929320000,1772929380000,3.2400000000000003e-06,3.2500000000000002e-06,21.622717719155652,target,3200994481.0,5
PEPE,1772929920000,1772929980000,3.23e-06,3.24e-06,21.726298887976853,target,3211574115.0,5
PEPE,1772930520000,1772930700000,3.2400000000000003e-06,3.2500000000000002e-06,21.631755456571117,target,3202332414.0,5
PEPE,1772931720000,1772931780000,3.23e-06,3.24e-06,21.735379919551267,target,3212916470.0,5
PEPE,1772933220000,1772933280000,3.23e-06,3.24e-06,21.73993223688049,target,3213589392.0,5
PEPE,1772933820000,1772933880000,3.22e-06,3.23e-06,21.844257408901285,target,3224244636.0,5
PEPE,1772934420000,1772934480000,3.23e-06,3.24e-06,21.749060623454827,target,3214938747.0,5
PEPE,1772935020000,1772935080000,3.2400000000000003e-06,3.2500000000000002e-06,21.65441814382138,target,3205687364.0,5
PEPE,1772937420000,1772937480000,3.22e-06,3.23e-06,21.857985774323367,target,3226270963.0,5
PEPE,1772938020000,1772938080000,3.22e-06,3.23e-06,21.862584779823955,target,3226949783.0,5
PEPE,1772941920000,1772941980000,3.2000000000000003e-06,3.21e-06,22.068810682876627,target,3247801425.0,5
PEPE,1772942520000,1772942580000,3.2000000000000003e-06,3.21e-06,22.073496854627145,target,3248491075.0,5
PEPE,1772943120000,1772943180000,3.2000000000000003e-06,3.21e-06,22.0781840252401,target,3249180872.0,5
PEPE,1772943720000,1772945580000,3.2000000000000003e-06,3.19e-06,-48.06558935385127,time,3249870815.0,5
PEPE,1772946120000,1772946180000,3.19e-06,3.2e-06,22.174444590700343,target,3258551740.0,5
PEPE,1772946720000,1772947140000,3.2000000000000003e-06,3.21e-06,22.077374367016667,target,3249061717.0,5
PEPE,1772947620000,1772947680000,3.2000000000000003e-06,3.21e-06,22.08206235982606,target,3249751635.0,5
PEPE,1772948220000,1772948280000,3.2000000000000003e-06,3.21e-06,22.08675134470508,target,3250441699.0,5
PEPE,1772948820000,1772948880000,3.2000000000000003e-06,3.21e-06,22.09144132845017,target,3251131910.0,5
PEPE,1772949420000,1772949480000,3.2000000000000003e-06,3.21e-06,22.09613231106134,target,3251822268.0,5
PEPE,1772952120000,1772952180000,3.19e-06,3.2e-06,22.20273295528508,target,3262708737.0,5
PEPE,1772952720000,1772952780000,3.19e-06,3.2e-06,22.207469303335436,target,3263404747.0,5
PEPE,1772955120000,1772955180000,3.22e-06,3.23e-06,21.908249939700024,target,3233690028.0,5
PEPE,1773014820000,1773014880000,3.2000000000000003e-06,3.21e-06,22.114906590284306,target,3254585223.0,5
PEPE,1773015420000,1773015540000,3.21e-06,3.22e-06,22.018242786594037,target,3245135267.0,5
PEPE,1773016320000,1773016380000,3.22e-06,3.23e-06,21.922145295325368,target,3235741003.0,5
PEPE,1773017520000,1773017580000,3.22e-06,3.23e-06,21.926757796625267,target,3236421815.0,5
PEPE,1773019620000,1773019680000,3.22e-06,3.23e-06,21.93137126674933,target,3237102770.0,5
PEPE,1773020220000,1773020280000,3.22e-06,3.23e-06,21.935985712474924,target,3237783869.0,5
PEPE,1773024420000,1773024480000,3.23e-06,3.24e-06,21.840389178796773,target,3228438903.0,5
PEPE,1773025260000,1773025320000,3.22e-06,3.23e-06,21.94519642659894,target,3239143384.0,5
PEPE,1773025620000,1773025680000,3.2500000000000002e-06,3.26e-06,21.65090254207462,target,3209918835.0,5
PEPE,1773026820000,1773026880000,3.2500000000000002e-06,3.26e-06,21.655395939664484,target,3210585017.0,5
PEPE,1773029040000,1773029100000,3.2400000000000003e-06,3.2500000000000002e-06,21.758953403530654,target,3221162606.0,5
PEPE,1773029520000,1773029580000,3.2500000000000002e-06,3.26e-06,21.664406086033786,target,3211920843.0,5
PEPE,1773030120000,1773030180000,3.26e-06,3.27e-06,21.57040592659648,target,3202732877.0,5
PEPE,1773031920000,1773031980000,3.26e-06,3.27e-06,21.574862267310536,target,3203394546.0,5
PEPE,1773033120000,1773033180000,3.2500000000000002e-06,3.26e-06,21.67785658731524,target,3213914987.0,5
PEPE,1773034020000,1773034080000,3.26e-06,3.27e-06,21.583798069996483,target,3204721317.0,5
PEPE,1773034680000,1773034740000,3.26e-06,3.27e-06,21.588257178796027,target,3205383397.0,5
PEPE,1773035280000,1773035340000,3.2900000000000003e-06,3.3e-06,21.3005187942751,target,3176811155.0,5
PEPE,1773036420000,1773036480000,3.3e-06,3.31e-06,21.208621341181825,target,3167829924.0,5
PEPE,1773042720000,1773042840000,3.2500000000000002e-06,3.26e-06,21.70013771679056,target,3217218342.0,5
PEPE,1773043380000,1773043440000,3.2400000000000003e-06,3.2500000000000002e-06,21.803909144430072,target,3227817786.0,5
PEPE,1773043920000,1773043980000,3.2400000000000003e-06,3.2500000000000002e-06,21.808454989231336,target,3228490746.0,5
PEPE,1773045420000,1773045480000,3.26e-06,3.27e-06,21.614992623375933,target,3209353025.0,5
PEPE,1773046020000,1773046080000,3.2500000000000002e-06,3.26e-06,21.71817851433147,target,3219893034.0,5
PEPE,1773100920000,1773100980000,3.26e-06,3.27e-06,21.623945048040383,target,3210682264.0,5
PEPE,1773101520000,1773101580000,3.26e-06,3.27e-06,21.628412447625312,target,3211345575.0,5
PEPE,1773102120000,1773102180000,3.27e-06,3.28e-06,21.534703311349645,target,3202186366.0,5
PEPE,1773102720000,1773102780000,3.2900000000000003e-06,3.3e-06,21.344527611585107,target,3183374737.0,5
PEPE,1773103980000,1773104040000,3.2900000000000003e-06,3.3e-06,21.34887761443549,target,3184023507.0,5
PEPE,1773105120000,1773105180000,3.2900000000000003e-06,3.3e-06,21.353228502344308,target,3184672409.0,5
PEPE,1773107520000,1773107820000,3.2900000000000003e-06,3.3e-06,21.35758028201937,target,3185321444.0,5
PEPE,1773108180000,1773108240000,3.27e-06,3.28e-06,21.55669609902487,target,3205456669.0,5
PEPE,1773109920000,1773109980000,3.2800000000000004e-06,3.2900000000000003e-06,21.463430828965997,target,3196341151.0,5
PEPE,1773110520000,1773110580000,3.31e-06,3.32e-06,21.17821192179003,target,3168019734.0,5
PEPE,1773111120000,1773111720000,3.3300000000000003e-06,3.34e-06,20.99227442571613,target,3149628571.0,5
PEPE,1773112020000,1773112080000,3.31e-06,3.32e-06,21.18672883239451,target,3169293767.0,5
PEPE,1773112620000,1773112680000,3.32e-06,3.33e-06,21.095575588799747,target,3160385856.0,5
PEPE,1773113820000,1773113880000,3.32e-06,3.33e-06,21.099816943874973,target,3161021265.0,5
PEPE,1773118020000,1773118620000,3.31e-06,3.32e-06,21.19952972497632,target,3171208635.0,5
PEPE,1773118920000,1773118980000,3.3e-06,3.31e-06,21.299879841760124,target,3181460768.0,5
PEPE,1773123120000,1773123180000,3.2800000000000004e-06,3.2900000000000003e-06,21.498134983074014,target,3201509305.0,5
PEPE,1773124320000,1773124380000,3.2900000000000003e-06,3.3e-06,21.405254635664676,target,3192431713.0,5
PEPE,1773124920000,1773124980000,3.2900000000000003e-06,3.3e-06,21.40961700924255,target,3193082328.0,5
PEPE,1773125520000,1773125580000,3.3e-06,3.31e-06,21.31724888110944,target,3184055098.0,5
PEPE,1773126120000,1773126360000,3.2900000000000003e-06,3.3e-06,21.418324718985144,target,3194381017.0,5
PEPE,1773126720000,1773126780000,3.3e-06,3.31e-06,21.325919019926737,target,3185350115.0,5
PEPE,1773127320000,1773127380000,3.3e-06,3.31e-06,21.330245596724264,target,3185996355.0,5
PEPE,1773129240000,1773129300000,3.31e-06,3.32e-06,21.238347995796083,target,3177015407.0,5
PEPE,1773188220000,1773188280000,3.2900000000000003e-06,3.3e-06,21.43571142766615,target,3196974113.0,5
PEPE,1773188880000,1773188940000,3.2900000000000003e-06,3.3e-06,21.440080010070513,target,3197625654.0,5
PEPE,1773189420000,1773189480000,3.2800000000000004e-06,3.2900000000000003e-06,21.541909188410997,target,3208028174.0,5
PEPE,1773190920000,1773190980000,3.3e-06,3.31e-06,21.35195084698166,target,3189238364.0,5
PEPE,1773191520000,1773191700000,3.3e-06,3.31e-06,21.356282706134223,target,3189885393.0,5
PEPE,1773193620000,1773193680000,3.27e-06,3.28e-06,21.653178497151107,target,3219803494.0,5
PEPE,1773194220000,1773194280000,3.2800000000000004e-06,3.2900000000000003e-06,21.55949579355528,target,3210647177.0,5
PEPE,1773195120000,1773195900000,3.2900000000000003e-06,3.3e-06,21.466350340875927,target,3201543675.0,5
PEPE,1773196620000,1773196680000,3.27e-06,3.28e-06,21.666480217624386,target,3221781445.0,5
PEPE,1773197220000,1773197280000,3.27e-06,3.28e-06,21.670936095024857,target,3222444029.0,5
PEPE,1773198120000,1773198180000,3.2900000000000003e-06,3.3e-06,21.479557313475095,target,3203513395.0,5
PEPE,1773198720000,1773198780000,3.2900000000000003e-06,3.3e-06,21.483934833645236,target,3204166269.0,5
PEPE,1773199320000,1773199380000,3.2800000000000004e-06,3.2900000000000003e-06,21.585972293190608,target,3214590066.0,5
PEPE,1773200220000,1773200280000,3.2900000000000003e-06,3.3e-06,21.492712449719892,target,3205475384.0,5
PEPE,1773201420000,1773201540000,3.2900000000000003e-06,3.3e-06,21.49709265188927,target,3206128658.0,5
PEPE,1773202920000,1773202980000,3.2800000000000004e-06,3.2900000000000003e-06,21.599192610600475,target,3216558840.0,5
PEPE,1773204420000,1773204480000,3.2900000000000003e-06,3.3e-06,21.50587565208035,target,3207438576.0,5
PEPE,1773205020000,1773205080000,3.3e-06,3.31e-06,21.41309222480998,target,3198370758.0,5
PEPE,1773205620000,1773205680000,3.3e-06,3.31e-06,21.417436489799677,target,3199019640.0,5
PEPE,1773210720000,1773210780000,3.27e-06,3.28e-06,21.71518243897561,target,3229023411.0,5
PEPE,1773211320000,1773211380000,3.2800000000000004e-06,3.2900000000000003e-06,21.6212314823399,target,3219840876.0,5
PEPE,1773212520000,1773212580000,3.2800000000000004e-06,3.2900000000000003e-06,21.625657902899345,target,3220500060.0,5
PEPE,1773213420000,1773213480000,3.27e-06,3.28e-06,21.728542377776375,target,3231010019.0,5
PEPE,1773214200000,1773214260000,3.27e-06,3.28e-06,21.733011012500988,target,3231674500.0,5
PEPE,1773274320000,1773274380000,3.3300000000000003e-06,3.34e-06,21.155368328709265,target,3174098774.0,5
PEPE,1773275220000,1773276000000,3.3300000000000003e-06,3.34e-06,21.159602576550597,target,3174734070.0,5
PEPE,1773277320000,1773277380000,3.32e-06,3.33e-06,21.259433515498998,target,3184933860.0,5
PEPE,1773277920000,1773279780000,3.32e-06,3.3e-06,-79.51193213183844,time,3185574204.0,5
PEPE,1773280620000,1773280680000,3.31e-06,3.32e-06,21.34384207557147,target,3192796122.0,5
PEPE,1773281280000,1773281340000,3.31e-06,3.32e-06,21.34815275743667,target,3193440951.0,5
PEPE,1773281820000,1773281880000,3.32e-06,3.33e-06,21.256305009750537,target,3184465170.0,5
PEPE,1773285720000,1773285780000,3.2900000000000003e-06,3.3e-06,21.55086860917546,target,3214148935.0,5
PEPE,1773286320000,1773286380000,3.2900000000000003e-06,3.3e-06,21.55526065907862,target,3214803976.0,5
PEPE,1773287220000,1773288540000,3.2900000000000003e-06,3.3e-06,21.55965360745764,target,3215459151.0,5
PEPE,1773289560000,1773289620000,3.2800000000000004e-06,3.2900000000000003e-06,21.662050698205398,target,3225919687.0,5
PEPE,1773289920000,1773289980000,3.2800000000000004e-06,3.2900000000000003e-06,21.666485472224803,target,3226580115.0,5
PEPE,1773290520000,1773290580000,3.2800000000000004e-06,3.2900000000000003e-06,21.67092115948505,target,3227240679.0,5
PEPE,1773291420000,1773291540000,3.2800000000000004e-06,3.2900000000000003e-06,21.675357753271523,target,3227901378.0,5
PEPE,1773294120000,1773294180000,3.27e-06,3.28e-06,21.778478676976498,target,3238435491.0,5
PEPE,1773294720000,1773294780000,3.27e-06,3.28e-06,21.782957580774678,target,3239101499.0,5
PEPE,1773295920000,1773295980000,3.27e-06,3.28e-06,21.78743741262597,target,3239767645.0,5
PEPE,1773297120000,1773297180000,3.27e-06,3.28e-06,21.79191815907477,target,3240433927.0,5
PEPE,1773297780000,1773297840000,3.27e-06,3.28e-06,21.796399833576686,target,3241100347.0,5
PEPE,1773299220000,1773299280000,3.27e-06,3.28e-06,21.80088242267429,target,3241766903.0,5
PEPE,1773300120000,1773300180000,3.27e-06,3.28e-06,21.805365939826828,target,3242433597.0,5
PEPE,1773300720000,1773300780000,3.2800000000000004e-06,3.2900000000000003e-06,21.711024798090175,target,3233212926.0,5
PEPE,1773301920000,1773301980000,3.3e-06,3.31e-06,21.519575182168694,target,3214275606.0,5
PEPE,1773302520000,1773302580000,3.2900000000000003e-06,3.3e-06,21.621610355354164,target,3224699531.0,5
PEPE,1773361200000,1773361260000,3.3800000000000002e-06,3.39e-06,19.57100591281638,target,2958579881.0,6
PEPE,1773361620000,1773361680000,3.4200000000000003e-06,3.43e-06,19.228908747924923,target,2924548859.0,6
PEPE,1773362220000,1773362520000,3.43e-06,3.39e-06,-131.5524801391368,stop,2916583087.0,6
PEPE,1773362820000,1773362880000,3.4e-06,3.41e-06,19.379067547536007,target,2938448453.0,6
PEPE,1773363720000,1773363780000,3.4200000000000003e-06,3.43e-06,19.211040034801822,target,2921831184.0,6
PEPE,1773364320000,1773364380000,3.43e-06,3.44e-06,19.12957502391006,target,2913872814.0,6
PEPE,1773364920000,1773365220000,3.44e-06,3.45e-06,19.048556958029888,target,2905958346.0,6
PEPE,1773365520000,1773365580000,3.4200000000000003e-06,3.43e-06,19.2220731872501,target,2923509230.0,6
PEPE,1773366720000,1773366780000,3.45e-06,3.46e-06,18.97162872374153,target,2898644572.0,6
PEPE,1773367320000,1773367380000,3.44e-06,3.45e-06,19.059464602574398,target,2907622365.0,6
PEPE,1773369120000,1773369180000,3.43e-06,3.44e-06,19.147840521419834,target,2916655068.0,6
PEPE,1773369840000,1773369900000,3.4200000000000003e-06,3.43e-06,19.23676138877615,target,2925743177.0,6
PEPE,1773370920000,1773370980000,3.4200000000000003e-06,3.43e-06,19.240459688199067,target,2926305656.0,6
PEPE,1773371520000,1773371580000,3.44e-06,3.45e-06,19.07407701513054,target,2909851566.0,6
PEPE,1773372720000,1773372780000,3.43e-06,3.44e-06,19.16252068860977,target,2918891194.0,6
PEPE,1773373620000,1773373680000,3.4200000000000003e-06,3.43e-06,19.25150973182516,target,2927986271.0,6
PEPE,1773374220000,1773374280000,3.4600000000000003e-06,3.4700000000000002e-06,18.916819545734988,target,2894693121.0,6
PEPE,1773378180000,1773378240000,3.43e-06,3.44e-06,19.173493784119167,target,2920562648.0,6
PEPE,1773379320000,1773379380000,3.44e-06,3.45e-06,19.092289708994684,target,2912630009.0,6
PEPE,1773379920000,1773379980000,3.44e-06,3.45e-06,19.095927786433606,target,2913185017.0,6
PEPE,1773380520000,1773380580000,3.45e-06,3.46e-06,19.015152554861675,target,2905294508.0,6
PEPE,1773381120000,1773381180000,3.44e-06,3.45e-06,19.103189946389513,target,2914292898.0,6
PEPE,1773381720000,1773381780000,3.44e-06,3.45e-06,19.106830101765787,target,2914848223.0,6
PEPE,1773382320000,1773382380000,3.44e-06,3.45e-06,19.110470951969674,target,2915403654.0,6
PEPE,1773446520000,1773446580000,3.36e-06,3.37e-06,19.80804135828614,target,2985386791.0,6
PEPE,1773447720000,1773447780000,3.36e-06,3.37e-06,19.811952856658856,target,2985976316.0,6
PEPE,1773448320000,1773448440000,3.3800000000000002e-06,3.39e-06,19.639233604935068,target,2968893969.0,6
PEPE,1773448920000,1773448980000,3.3800000000000002e-06,3.39e-06,19.64307720438007,target,2969475012.0,6
PEPE,1773450120000,1773450180000,3.3700000000000003e-06,3.3800000000000002e-06,19.735009715375405,target,2978869391.0,6
PEPE,1773451920000,1773451980000,3.4e-06,3.41e-06,19.47612773214478,target,2953165691.0,6
PEPE,1773455040000,1773455100000,3.39e-06,3.4e-06,19.566992890655527,target,2962451611.0,6
PEPE,1773455520000,1773455580000,3.4e-06,3.41e-06,19.48370094870963,target,2954314018.0,6
PEPE,1773457380000,1773457440000,3.4e-06,3.41e-06,19.48748021346129,target,2954887068.0,6
PEPE,1773459120000,1773459180000,3.41e-06,3.42e-06,19.40463315615061,target,2946793190.0,6
PEPE,1773460920000,1773460980000,3.4e-06,3.41e-06,19.495024135034548,target,2956030953.0,6
PEPE,1773461520000,1773461580000,3.4e-06,3.41e-06,19.49880559592166,target,2956604336.0,6
PEPE,1773462120000,1773462180000,3.39e-06,3.4e-06,19.5897765607452,target,2965901069.0,6
PEPE,1773462720000,1773462780000,3.4e-06,3.41e-06,19.506387636594056,target,2957754001.0,6
PEPE,1773463920000,1773464160000,3.4200000000000003e-06,3.3800000000000002e-06,-132.61093250003805,stop,2941027556.0,6
PEPE,1773466020000,1773466080000,3.39e-06,3.4e-06,19.571556351205892,target,2963142521.0,6
PEPE,1773468120000,1773468180000,3.3700000000000003e-06,3.3800000000000002e-06,19.75117010437353,target,2981308695.0,6
PEPE,1773469020000,1773469080000,3.36e-06,3.37e-06,19.84375543344964,target,2990769470.0,6
PEPE,1773472320000,1773472380000,3.34e-06,3.35e-06,20.02670778207203,target,3009272394.0,6
PEPE,1773472920000,1773472980000,3.34e-06,3.35e-06,20.030698133380312,target,3009871996.0,6
PEPE,1773473520000,1773473580000,3.34e-06,3.35e-06,20.034689283290305,target,3010471718.0,6
PEPE,1773474120000,1773474180000,3.3300000000000003e-06,3.34e-06,20.129058576975638,target,3020113815.0,6
PEPE,1773474720000,1773474780000,3.34e-06,3.35e-06,20.042691967374147,target,3011674225.0,6
PEPE,1773477120000,1773477180000,3.34e-06,3.35e-06,20.04668550643013,target,3012274306.0,6
PEPE,1773532920000,1773533160000,3.35e-06,3.36e-06,19.96078824825145,target,3003880850.0,6
PEPE,1773533520000,1773533580000,3.35e-06,3.36e-06,19.964747638274005,target,3004476695.0,6
PEPE,1773534720000,1773534780000,3.34e-06,3.35e-06,20.05863505805564,target,3014069881.0,6
PEPE,1773535320000,1773535380000,3.34e-06,3.35e-06,20.062631771546474,target,3014670439.0,6
PEPE,1773535920000,1773535980000,3.3300000000000003e-06,3.34e-06,20.15713269002555,target,3024325985.0,6
PEPE,1773536520000,1773536580000,3.3300000000000003e-06,3.34e-06,20.16116714116038,target,3024931304.0,6
PEPE,1773537780000,1773537840000,3.32e-06,3.33e-06,20.256287461726068,target,3034649807.0,6
PEPE,1773538920000,1773538980000,3.34e-06,3.35e-06,20.078698858184417,target,3017084727.0,6
PEPE,1773540720000,1773540780000,3.36e-06,3.37e-06,19.90316522345136,target,2999723470.0,6
PEPE,1773541320000,1773541380000,3.36e-06,3.37e-06,19.907095505509684,target,3000315826.0,6
PEPE,1773541920000,1773541980000,3.36e-06,3.37e-06,19.911026563863565,target,3000908299.0,6
PEPE,1773543120000,1773543240000,3.3800000000000002e-06,3.39e-06,19.7374435993348,target,2983740529.0,6
PEPE,1773543720000,1773543780000,3.39e-06,3.4e-06,19.653317261799714,target,2975521160.0,6
PEPE,1773544560000,1773544620000,3.3700000000000003e-06,3.3800000000000002e-06,19.83368135237573,target,2993763223.0,6
PEPE,1773545220000,1773545280000,3.36e-06,3.37e-06,19.926653461835315,target,3003263521.0,6
PEPE,1773546120000,1773546180000,3.36e-06,3.37e-06,19.930588381761375,target,3003856576.0,6
PEPE,1773547020000,1773547080000,3.36e-06,3.37e-06,19.934524084615777,target,3004449749.0,6
PEPE,1773547620000,1773547680000,3.36e-06,3.37e-06,19.938460557131137,target,3005043038.0,6
PEPE,1773548220000,1773548280000,3.36e-06,3.37e-06,19.94239781257484,target,3005636445.0,6
PEPE,1773548820000,1773548880000,3.35e-06,3.36e-06,20.036029177906507,target,3015203789.0,6
PEPE,1773549780000,1773549840000,3.35e-06,3.36e-06,20.040003492599126,target,3015801880.0,6
PEPE,1773550320000,1773550380000,3.35e-06,3.36e-06,20.0439785914049,target,3016400089.0,6
PEPE,1773550920000,1773550980000,3.35e-06,3.36e-06,20.047954474320186,target,3016998416.0,6
PEPE,1773551520000,1773551580000,3.35e-06,3.36e-06,20.051931154636918,target,3017596863.0,6
PEPE,1773619320000,1773619380000,3.4600000000000003e-06,3.4700000000000002e-06,19.096846490331487,target,2922241238.0,6
PEPE,1773619920000,1773620040000,3.4700000000000002e-06,3.48e-06,19.01626513087632,target,2914370135.0,6
PEPE,1773621240000,1773621300000,3.45e-06,3.46e-06,19.188737225350216,target,2931816230.0,6
PEPE,1773622020000,1773622080000,3.4700000000000002e-06,3.48e-06,19.023449208076553,target,2915471143.0,6
PEPE,1773623220000,1773623280000,3.48e-06,3.49e-06,18.9432746260597,target,2907640004.0,6
PEPE,1773623940000,1773624000000,3.4600000000000003e-06,3.4700000000000002e-06,19.114840135776866,target,2924994665.0,6
PEPE,1773624420000,1773624480000,3.5000000000000004e-06,3.5100000000000003e-06,18.78426934303573,target,2892112293.0,6
PEPE,1773626220000,1773626280000,3.52e-06,3.53e-06,18.623482282999348,target,2876213480.0,6
PEPE,1773626820000,1773626880000,3.5000000000000004e-06,3.5100000000000003e-06,18.791211153568344,target,2893181086.0,6
PEPE,1773627480000,1773627540000,3.49e-06,3.5e-06,18.87757136166511,target,2902009433.0,6
PEPE,1773628380000,1773628440000,3.48e-06,3.49e-06,18.964454858483027,target,2910890999.0,6
PEPE,1773629220000,1773629280000,3.48e-06,3.49e-06,18.968005246825793,target,2911435955.0,6
PEPE,1773629820000,1773629880000,3.5000000000000004e-06,3.5100000000000003e-06,18.805240580894292,target,2895341121.0,6
PEPE,1773630420000,1773630600000,3.5100000000000003e-06,3.52e-06,18.72626789127886,target,2887628048.0,6
PEPE,1773631020000,1773631080000,3.5100000000000003e-06,3.52e-06,18.729727716600788,target,2888161560.0,6
PEPE,1773631620000,1773631680000,3.53e-06,3.54e-06,18.569604560624537,target,2872328625.0,6
PEPE,1773632820000,1773632880000,3.57e-06,3.58e-06,18.251277951324994,target,2840665829.0,6
PEPE,1773633420000,1773633480000,3.58e-06,3.59e-06,18.175239860299826,target,2833240820.0,6
PEPE,1773634020000,1773634080000,3.62e-06,3.63e-06,17.865531858751247,target,2802436370.0,6
PEPE,1773634620000,1773635040000,3.6400000000000003e-06,3.65e-06,17.71474793254383,target,2787529179.0,6
PEPE,1773635520000,1773635580000,3.62e-06,3.63e-06,17.871797725125262,target,2803419251.0,6
PEPE,1773636720000,1773636780000,3.65e-06,3.66e-06,17.64460166701671,target,2780867087.0,6
PEPE,1773637380000,1773637440000,3.66e-06,3.67e-06,17.571713737970136,target,2773751182.0,6
PEPE,1773637920000,1773637980000,3.6900000000000002e-06,3.7e-06,17.349320698190844,target,2751676558.0,6
PEPE,1773706320000,1773706380000,3.99e-06,4e-06,15.284036516020198,target,2545218404.0,6
PEPE,1773707520000,1773707580000,4e-06,4.01e-06,15.222728566705182,target,2539237459.0,6
PEPE,1773709320000,1773709500000,3.99e-06,3.95e-06,-116.97518819987866,stop,2545982984.0,6
PEPE,1773709920000,1773709980000,3.99e-06,4e-06,15.271022906374402,target,2543051275.0,6
PEPE,1773710520000,1773710820000,3.99e-06,4e-06,15.273321218038793,target,2543434008.0,6
PEPE,1773711240000,1773711300000,3.98e-06,3.99e-06,15.339502906455312,target,2550208297.0,6
PEPE,1773711720000,1773711780000,3.98e-06,3.99e-06,15.341821177678924,target,2550593712.0,6
PEPE,1773714420000,1773714480000,3.96e-06,3.97e-06,15.472912710128988,target,2563862918.0,6
PEPE,1773715020000,1773715080000,3.98e-06,3.99e-06,15.346478225266345,target,2551367951.0,6
PEPE,1773715620000,1773716460000,3.96e-06,3.920000000000001e-06,-117.71703039149891,stop,2564641185.0,6
PEPE,1773718020000,1773718080000,3.94e-06,3.95e-06,15.589638517983499,target,2574671927.0,6
PEPE,1773721020000,1773721080000,3.9e-06,3.91e-06,15.856011780536303,target,2601478553.0,6
PEPE,1773728460000,1773728520000,3.81e-06,3.82e-06,16.4728010094515,target,2663346970.0,6
PEPE,1773728820000,1773728880000,3.81e-06,3.82e-06,16.475475137494502,target,2663779327.0,6
PEPE,1773730320000,1773731040000,3.8e-06,3.81e-06,16.548225481411073,target,2671222838.0,6
PEPE,1773731520000,1773731580000,3.8e-06,3.81e-06,16.550923280010107,target,2671658318.0,6
PEPE,1773732120000,1773732180000,3.81e-06,3.82e-06,16.483522880129705,target,2665080498.0,6
PEPE,1773732720000,1773732780000,3.79e-06,3.8e-06,16.62678874364591,target,2679579169.0,6
PEPE,1773733320000,1773733380000,3.79e-06,3.8e-06,16.629510889555874,target,2680017871.0,6
PEPE,1773733920000,1773733980000,3.8e-06,3.81e-06,16.561730414144463,target,2673402811.0,6
PEPE,1773735120000,1773735180000,3.8e-06,3.81e-06,16.56443041197027,target,2673838646.0,6
PEPE,1773735720000,1773736260000,3.81e-06,3.82e-06,16.496975013916952,target,2667255459.0,6
PEPE,1773736740000,1773736800000,3.8e-06,3.81e-06,16.569820291185653,target,2674708683.0,6
PEPE,1773737940000,1773738000000,3.79e-06,3.8e-06,16.643070607801818,target,2682203160.0,6
PEPE,1773792720000,1773792780000,3.66e-06,3.67e-06,17.59817007900154,target,2777927400.0,6
PEPE,1773794220000,1773794280000,3.65e-06,3.66e-06,17.677298816190223,target,2786020302.0,6
PEPE,1773794820000,1773794880000,3.67e-06,3.68e-06,17.528594572500758,target,2771319300.0,6
PEPE,1773796020000,1773796080000,3.6800000000000003e-06,3.6900000000000002e-06,17.456332597215187,target,2764264861.0,6
PEPE,1773796620000,1773796680000,3.6800000000000003e-06,3.6900000000000002e-06,17.459328161671547,target,2764739218.0,6
PEPE,1773797220000,1773797280000,3.6800000000000003e-06,3.6900000000000002e-06,17.462324243953887,target,2765213657.0,6
PEPE,1773798420000,1773798480000,3.6900000000000002e-06,3.7e-06,17.390407407228903,target,2758193086.0,6
PEPE,1773799020000,1773799320000,3.6900000000000002e-06,3.7e-06,17.39337885915518,target,2758664371.0,6
PEPE,1773799620000,1773799680000,3.6800000000000003e-06,3.6900000000000002e-06,17.471289845219207,target,2766633388.0,6
PEPE,1773800220000,1773800280000,3.71e-06,3.72e-06,17.25064447898983,target,2744732614.0,6
PEPE,1773800880000,1773800940000,3.71e-06,3.72e-06,17.25356685943508,target,2745197591.0,6
PEPE,1773801420000,1773801480000,3.7300000000000003e-06,3.74e-06,17.109342821409204,target,2730940594.0,6
PEPE,1773802020000,1773802080000,3.7200000000000004e-06,3.7300000000000003e-06,17.185604550276267,target,2738741761.0,6
PEPE,1773803220000,1773803280000,3.7300000000000003e-06,3.74e-06,17.115103087952427,target,2731860030.0,6
PEPE,1773803820000,1773803880000,3.7300000000000003e-06,3.74e-06,17.11797778319916,target,2732318880.0,6
PEPE,1773805020000,1773805080000,3.76e-06,3.77e-06,16.902921200315326,target,2710973729.0,6
PEPE,1773805620000,1773805680000,3.7300000000000003e-06,3.74e-06,17.123692014519666,target,2733230968.0,6
PEPE,1773810780000,1773810840000,3.71e-06,3.72e-06,17.273863204770695,target,2748426922.0,6
PEPE,1773811440000,1773811500000,3.7e-06,3.71e-06,17.351046763378775,target,2756321964.0,6
PEPE,1773811920000,1773811980000,3.7e-06,3.71e-06,17.353998791040134,target,2756790912.0,6
PEPE,1773814020000,1773814080000,3.6800000000000003e-06,3.6900000000000002e-06,17.506727471805334,target,2772245047.0,6
PEPE,1773814620000,1773814680000,3.6800000000000003e-06,3.6900000000000002e-06,17.509731681496497,target,2772720773.0,6
PEPE,1773815460000,1773815520000,3.6800000000000003e-06,3.6900000000000002e-06,17.512736409013637,target,2773196581.0,6
PEPE,1773815820000,1773815880000,3.6800000000000003e-06,3.6900000000000002e-06,17.515741654365854,target,2773672471.0,6
PEPE,1773878520000,1773878580000,3.52e-06,3.53e-06,18.77909348454811,target,2900246098.0,6
PEPE,1773879720000,1773879780000,3.5100000000000003e-06,3.52e-06,18.865149853626143,target,2909043925.0,6
PEPE,1773880320000,1773880380000,3.52e-06,3.53e-06,18.786018102074685,target,2901315537.0,6
PEPE,1773882180000,1773882240000,3.5100000000000003e-06,3.52e-06,18.87210620288034,target,2910116608.0,6
PEPE,1773882720000,1773884580000,3.52e-06,3.5100000000000003e-06,-44.31942459989971,time,2902385370.0,6
PEPE,1773885180000,1773885240000,3.5100000000000003e-06,3.52e-06,18.867404610305755,target,2909391613.0,6
PEPE,1773885720000,1773885780000,3.5000000000000004e-06,3.5100000000000003e-06,18.953989772354234,target,2918243229.0,6
PEPE,1773886320000,1773886380000,3.5100000000000003e-06,3.52e-06,18.87439240532612,target,2910469145.0,6
PEPE,1773886920000,1773886980000,3.5100000000000003e-06,3.52e-06,18.877879597346293,target,2911006877.0,6
PEPE,1773888120000,1773888180000,3.5100000000000003e-06,3.52e-06,18.88136743786503,target,2911544709.0,6
PEPE,1773888720000,1773888780000,3.5100000000000003e-06,3.52e-06,18.8848559139141,target,2912082639.0,6
PEPE,1773889320000,1773889380000,3.5100000000000003e-06,3.52e-06,18.888345038465374,target,2912620669.0,6
PEPE,1773889920000,1773889980000,3.52e-06,3.53e-06,18.809116000500726,target,2904882780.0,6
PEPE,1773890520000,1773890580000,3.54e-06,3.55e-06,18.648510124065908,target,2889002343.0,6
PEPE,1773891120000,1773891180000,3.5500000000000003e-06,3.5600000000000002e-06,18.570556094454954,target,2881389619.0,6
PEPE,1773891960000,1773892020000,3.5100000000000003e-06,3.52e-06,18.902186453855713,target,2914755043.0,6
PEPE,1773893820000,1773893880000,3.5000000000000004e-06,3.5100000000000003e-06,18.98893123561536,target,2923622977.0,6
PEPE,1773897120000,1773898500000,3.49e-06,3.45e-06,-132.53633584211948,stop,2932544216.0,6
PEPE,1773899220000,1773899280000,3.4700000000000002e-06,3.48e-06,19.22021615542388,target,2945626997.0,6
PEPE,1773899820000,1773899880000,3.4700000000000002e-06,3.48e-06,19.223830333350094,target,2946180894.0,6
PEPE,1773900720000,1773900780000,3.4700000000000002e-06,3.48e-06,19.227445189875883,target,2946734895.0,6
PEPE,1773901320000,1773901380000,3.4700000000000002e-06,3.48e-06,19.231060724999423,target,2947289000.0,6
PEPE,1773902520000,1773902580000,3.4700000000000002e-06,3.48e-06,19.23467693872436,target,2947843209.0,6
PEPE,1773903120000,1773904620000,3.48e-06,3.44e-06,-132.82581674087933,stop,2939925116.0,6
PEPE,1773964920000,1773964980000,3.41e-06,3.42e-06,19.731164275500632,target,2996380300.0,6
PEPE,1773966180000,1773966240000,3.41e-06,3.42e-06,19.734974527709305,target,2996958926.0,6
PEPE,1773966720000,1773966780000,3.41e-06,3.42e-06,19.738785517439293,target,2997537664.0,6
PEPE,1773967920000,1773967980000,3.4200000000000003e-06,3.43e-06,19.654976854900447,target,2989350092.0,6
PEPE,1773968520000,1773968580000,3.43e-06,3.44e-06,19.57162931860505,target,2981207817.0,6
PEPE,1773969120000,1773969180000,3.4200000000000003e-06,3.43e-06,19.6625182286749,target,2990497069.0,6
PEPE,1773970320000,1773970380000,3.43e-06,3.44e-06,19.57913871355147,target,2982351670.0,6
PEPE,1773971580000,1773971640000,3.44e-06,3.45e-06,19.496216642220496,target,2974251204.0,6
PEPE,1773972120000,1773972180000,3.43e-06,3.44e-06,19.586617712543855,target,2983490893.0,6
PEPE,1773975120000,1773975180000,3.4200000000000003e-06,3.43e-06,19.677576221350357,target,2992787258.0,6
PEPE,1773978180000,1773978240000,3.4200000000000003e-06,3.43e-06,19.681359265949645,target,2993362626.0,6
PEPE,1773978720000,1773978780000,3.4200000000000003e-06,3.43e-06,19.6851430403745,target,2993938105.0,6
PEPE,1773979320000,1773979380000,3.4200000000000003e-06,3.43e-06,19.688927538049427,target,2994513694.0,6
PEPE,1773979920000,1773979980000,3.4200000000000003e-06,3.43e-06,19.692712758974423,target,2995089393.0,6
PEPE,1773980520000,1773980580000,3.43e-06,3.44e-06,19.609205205590364,target,2986931486.0,6
PEPE,1773981120000,1773982380000,3.43e-06,3.44e-06,19.61295839639513,target,2987503183.0,6
PEPE,1773983520000,1773983580000,3.4600000000000003e-06,3.4700000000000002e-06,19.357760194839532,target,2962166824.0,6
PEPE,1773984120000,1773984180000,3.4700000000000002e-06,3.48e-06,19.276077881025085,target,2954188181.0,6
PEPE,1773984720000,1773984780000,3.45e-06,3.46e-06,19.450906409164716,target,2971872637.0,6
PEPE,1773985920000,1773985980000,3.4700000000000002e-06,3.48e-06,19.283360113801024,target,2955304232.0,6
PEPE,1773986520000,1773986580000,3.4600000000000003e-06,3.4700000000000002e-06,19.372372931895967,target,2964402897.0,6
PEPE,1773987120000,1773987180000,3.4700000000000002e-06,3.48e-06,19.290628957275437,target,2956418231.0,6
PEPE,1773988020000,1773988080000,3.4600000000000003e-06,3.4700000000000002e-06,19.379675323874505,target,2965520325.0,6
PEPE,1773988620000,1773988680000,3.45e-06,3.46e-06,19.469265971925065,target,2974677765.0,6
PEPE,1774051620000,1774051680000,3.41e-06,3.42e-06,19.821786992820414,target,3010142292.0,6
PEPE,1774052820000,1774052880000,3.4200000000000003e-06,3.43e-06,19.737625913325996,target,3001920291.0,6
PEPE,1774053420000,1774053480000,3.4200000000000003e-06,3.43e-06,19.741420503624433,target,3002497415.0,6
PEPE,1774054020000,1774054080000,3.4200000000000003e-06,3.43e-06,19.74521581717476,target,3003074649.0,6
PEPE,1774055220000,1774055280000,3.4200000000000003e-06,3.43e-06,19.74901186712433,target,3003651995.0,6
PEPE,1774057020000,1774057080000,3.4200000000000003e-06,3.43e-06,19.752808640323973,target,3004229451.0,6
PEPE,1774058820000,1774058880000,3.41e-06,3.42e-06,19.844679593866985,target,3013618769.0,6
PEPE,1774059420000,1774059480000,3.41e-06,3.42e-06,19.84851177412371,target,3014200725.0,6
PEPE,1774060020000,1774060080000,3.4200000000000003e-06,3.43e-06,19.764237219849836,target,3005967638.0,6
PEPE,1774060680000,1774060740000,3.4200000000000003e-06,3.43e-06,19.768036925499104,target,3006545540.0,6
PEPE,1774061820000,1774061880000,3.43e-06,3.44e-06,19.684209956384933,target,2998356429.0,6
PEPE,1774062420000,1774062480000,3.43e-06,3.44e-06,19.687977498279313,target,2998930312.0,6
PEPE,1774063020000,1774063080000,3.43e-06,3.44e-06,19.69174576889129,target,2999504306.0,6
PEPE,1774063680000,1774063740000,3.43e-06,3.44e-06,19.695514755083508,target,3000078409.0,6
PEPE,1774064280000,1774064340000,3.43e-06,3.44e-06,19.69928446999514,target,3000652623.0,6
PEPE,1774064820000,1774064880000,3.43e-06,3.44e-06,19.703054900490645,target,3001226946.0,6
PEPE,1774066020000,1774066080000,3.44e-06,3.45e-06,19.619608014660443,target,2993075212.0,6
PEPE,1774066620000,1774066680000,3.43e-06,3.44e-06,19.710581233134157,target,3002373379.0,6
PEPE,1774068120000,1774068180000,3.4200000000000003e-06,3.43e-06,19.802115420075708,target,3011728581.0,6
PEPE,1774069020000,1774069080000,3.43e-06,3.44e-06,19.718143942444723,target,3003525353.0,6
PEPE,1774069620000,1774069680000,3.44e-06,3.45e-06,19.634633149679427,target,2995367376.0,6
PEPE,1774070820000,1774070880000,3.44e-06,3.45e-06,19.638374573251827,target,2995938150.0,6
PEPE,1774071420000,1774071480000,3.45e-06,3.46e-06,19.55530480750088,target,2987823500.0,6
PEPE,1774072080000,1774072140000,3.44e-06,3.45e-06,19.645843025610574,target,2997077502.0,6
PEPE,1774141020000,1774141080000,3.32e-06,3.33e-06,20.73253228455038,target,3105997346.0,6
PEPE,1774141620000,1774141680000,3.32e-06,3.33e-06,20.736700648500317,target,3106621820.0,6
PEPE,1774142520000,1774142580000,3.32e-06,3.33e-06,20.740869853498335,target,3107246420.0,6
PEPE,1774143120000,1774143180000,3.31e-06,3.32e-06,20.838886328855743,target,3117260483.0,6
PEPE,1774145520000,1774145580000,3.32e-06,3.33e-06,20.749229636850743,target,3108498822.0,6
PEPE,1774146120000,1774146180000,3.32e-06,3.33e-06,20.753401358325682,target,3109123799.0,6
PEPE,1774146720000,1774147740000,3.34e-06,3.35e-06,20.571454510749493,target,3091127650.0,6
PEPE,1774148220000,1774148280000,3.34e-06,3.35e-06,20.575553405110092,target,3091743562.0,6
PEPE,1774148820000,1774148880000,3.3300000000000003e-06,3.34e-06,20.67247033673112,target,3101645962.0,6
PEPE,1774149420000,1774149480000,3.34e-06,3.35e-06,20.58377213711652,target,3092978533.0,6
PEPE,1774150020000,1774150080000,3.34e-06,3.35e-06,20.58787348051546,target,3093594813.0,6
PEPE,1774150620000,1774150680000,3.36e-06,3.37e-06,20.407888499054565,target,3075793293.0,6
PEPE,1774151220000,1774151280000,3.35e-06,3.36e-06,20.50370538761918,target,3085583956.0,6
PEPE,1774151820000,1774151880000,3.34e-06,3.35e-06,20.600127345325703,target,3095436115.0,6
PEPE,1774152420000,1774152480000,3.35e-06,3.36e-06,20.51185866972187,target,3086810936.0,6
PEPE,1774153140000,1774153200000,3.35e-06,3.36e-06,20.515927363351707,target,3087423230.0,6
PEPE,1774153620000,1774153680000,3.34e-06,3.35e-06,20.612406798610138,target,3097281262.0,6
PEPE,1774154220000,1774154280000,3.35e-06,3.36e-06,20.524085509589217,target,3088650942.0,6
PEPE,1774155420000,1774155480000,3.36e-06,3.37e-06,20.43626023013951,target,3080069364.0,6
PEPE,1774156020000,1774156080000,3.36e-06,3.37e-06,20.44029578310955,target,3080677586.0,6
PEPE,1774156620000,1774156680000,3.35e-06,3.36e-06,20.536264831064884,target,3090483797.0,6
PEPE,1774158120000,1774158180000,3.35e-06,3.36e-06,20.540338368899825,target,3091096820.0,6
PEPE,1774159080000,1774159140000,3.35e-06,3.36e-06,20.544412710781273,target,3091709964.0,6
PEPE,1774159620000,1774159680000,3.34e-06,3.35e-06,20.64102610036591,target,3101581683.0,6
PEPE,1774224120000,1774224180000,3.2800000000000004e-06,3.2900000000000003e-06,21.212330669596223,target,3158947233.0,6
PEPE,1774225020000,1774225080000,3.2800000000000004e-06,3.2900000000000003e-06,21.216673374252284,target,3159593950.0,6
PEPE,1774225680000,1774225740000,3.2800000000000004e-06,3.2900000000000003e-06,21.2210169720017,target,3160240800.0,6
PEPE,1774226220000,1774226280000,3.27e-06,3.28e-06,21.321976362850087,target,3170554106.0,6
PEPE,1774226820000,1774226880000,3.2800000000000004e-06,3.2900000000000003e-06,21.22972661574653,target,3161537843.0,6
PEPE,1774227420000,1774227480000,3.2800000000000004e-06,3.2900000000000003e-06,21.234072879350393,target,3162185090.0,6
PEPE,1774228740000,1774228800000,3.3e-06,3.31e-06,21.046829067354913,target,3143663789.0,6
PEPE,1774229280000,1774229340000,3.3e-06,3.31e-06,21.051099024540427,target,3144301572.0,6
PEPE,1774229820000,1774229880000,3.3e-06,3.31e-06,21.05536984537934,target,3144939484.0,6
PEPE,1774230600000,1774230660000,3.3e-06,3.31e-06,21.05964152987528,target,3145577525.0,6
PEPE,1774231020000,1774231080000,3.3e-06,3.31e-06,21.06391408471832,target,3146215696.0,6
PEPE,1774232520000,1774232580000,3.3e-06,3.31e-06,21.068187509917557,target,3146853997.0,6
PEPE,1774233780000,1774233840000,3.32e-06,3.33e-06,20.882948623575597,target,3128531629.0,6
PEPE,1774234380000,1774234440000,3.31e-06,3.32e-06,20.98163653533566,target,3138614291.0,6
PEPE,1774234920000,1774234980000,3.32e-06,3.33e-06,20.891365671749394,target,3129792610.0,6
PEPE,1774235580000,1774235640000,3.32e-06,3.33e-06,20.895565968900844,target,3130421868.0,6
PEPE,1774236120000,1774236180000,3.32e-06,3.33e-06,20.89976711377499,target,3131051253.0,6
PEPE,1774238220000,1774238280000,3.31e-06,3.32e-06,20.99853450397462,target,3141142035.0,6
PEPE,1774238820000,1774238880000,3.32e-06,3.33e-06,20.90819094375034,target,3132313250.0,6
PEPE,1774240020000,1774240080000,3.32e-06,3.33e-06,20.91239462512523,target,3132943015.0,6
PEPE,1774240920000,1774240980000,3.32e-06,3.33e-06,20.916599147550023,target,3133572906.0,6
PEPE,1774241580000,1774241640000,3.32e-06,3.33e-06,20.92080451770115,target,3134202924.0,6
PEPE,1774242120000,1774242180000,3.34e-06,3.35e-06,20.737390034516377,target,3116061613.0,6
PEPE,1774242720000,1774242780000,3.34e-06,3.35e-06,20.741521990913693,target,3116682493.0,6
PEPE,1774310520000,1774310640000,3.4600000000000003e-06,3.4700000000000002e-06,19.6650496248756,target,3009188925.0,6
PEPE,1774311180000,1774311240000,3.45e-06,3.46e-06,19.75595953908427,target,3018481213.0,6
PEPE,1774311840000,1774311900000,3.43e-06,3.44e-06,19.935657551029088,target,3036657662.0,6
PEPE,1774313520000,1774313580000,3.4200000000000003e-06,3.43e-06,20.028236974899322,target,3046119692.0,6
PEPE,1774315920000,1774315980000,3.41e-06,3.42e-06,20.121388958804843,target,3055639933.0,6
PEPE,1774317540000,1774317600000,3.4e-06,3.41e-06,20.215118737831954,target,3065218914.0,6
PEPE,1774318140000,1774318200000,3.41e-06,3.42e-06,20.129178276284065,target,3056822821.0,6
PEPE,1774319220000,1774319400000,3.41e-06,3.42e-06,20.13306539520172,target,3057413120.0,6
PEPE,1774319940000,1774320000000,3.41e-06,3.42e-06,20.136953258219364,target,3058003532.0,6
PEPE,1774320420000,1774320480000,3.41e-06,3.42e-06,20.14084187851618,target,3058594059.0,6
PEPE,1774321020000,1774321080000,3.4e-06,3.41e-06,20.234662275093577,target,3068182301.0,6
PEPE,1774322820000,1774322880000,3.41e-06,3.42e-06,20.148638729235042,target,3059778091.0,6
PEPE,1774323420000,1774323480000,3.41e-06,3.42e-06,20.15252960159879,target,3060368960.0,6
PEPE,1774324020000,1774324080000,3.4200000000000003e-06,3.43e-06,20.06696422460181,target,3052009768.0,6
PEPE,1774324620000,1774324680000,3.43e-06,3.44e-06,19.98186964299618,target,3043696823.0,6
PEPE,1774325220000,1774325280000,3.43e-06,3.44e-06,19.985694162525075,target,3044279385.0,6
PEPE,1774325820000,1774325880000,3.4200000000000003e-06,3.43e-06,20.078505953301708,target,3053765164.0,6
PEPE,1774327620000,1774327680000,3.41e-06,3.42e-06,20.17189173391592,target,3063309299.0,6
PEPE,1774328220000,1774328280000,3.41e-06,3.42e-06,20.17578710383485,target,3063900851.0,6
PEPE,1774329420000,1774329480000,3.4e-06,3.41e-06,20.26977028275559,target,3073505729.0,6
PEPE,1774330680000,1774330740000,3.41e-06,3.42e-06,20.18359748014538,target,3065086937.0,6
PEPE,1774331220000,1774331280000,3.41e-06,3.42e-06,20.18749510871901,target,3065678832.0,6
PEPE,1774333020000,1774333080000,3.41e-06,3.42e-06,20.191393481399906,target,3066270840.0,6
PEPE,1774333680000,1774333740000,3.41e-06,3.42e-06,20.19529261135452,target,3066862963.0,6
PEPE,1774396920000,1774396980000,3.53e-06,3.54e-06,19.156952900895845,target,2963179103.0,6
PEPE,1774398120000,1774398180000,3.53e-06,3.54e-06,19.160461391747447,target,2963721793.0,6
PEPE,1774399620000,1774399680000,3.54e-06,3.55e-06,19.08027610161603,target,2955890953.0,6
PEPE,1774400460000,1774400520000,3.52e-06,3.53e-06,19.251650276951146,target,2973227842.0,6
PEPE,1774400820000,1774400880000,3.5100000000000003e-06,3.52e-06,19.33987215815872,target,2982247056.0,6
PEPE,1774402020000,1774402080000,3.5100000000000003e-06,3.52e-06,19.34344535425141,target,2982798050.0,6
PEPE,1774403220000,1774403280000,3.52e-06,3.53e-06,19.262307343476667,target,2974873721.0,6
PEPE,1774403820000,1774403880000,3.52e-06,3.53e-06,19.265850625350804,target,2975420946.0,6
PEPE,1774405920000,1774405980000,3.5000000000000004e-06,3.5100000000000003e-06,19.439364856980145,target,2992973804.0,6
PEPE,1774406520000,1774406580000,3.5100000000000003e-06,3.52e-06,19.357729163369928,target,2985000642.0,6
PEPE,1774407120000,1774407180000,3.5000000000000004e-06,3.5100000000000003e-06,19.446564493033723,target,2994082293.0,6
PEPE,1774407720000,1774407900000,3.5000000000000004e-06,3.5100000000000003e-06,19.45017321895508,target,2994637909.0,6
PEPE,1774410420000,1774410480000,3.52e-06,3.53e-06,19.283686252425476,target,2978175483.0,6
PEPE,1774411020000,1774411080000,3.53e-06,3.54e-06,19.202892557325928,target,2970285005.0,6
PEPE,1774413120000,1774413180000,3.5100000000000003e-06,3.52e-06,19.375602828546263,target,2987756797.0,6
PEPE,1774414320000,1774414380000,3.52e-06,3.53e-06,19.2943299351265,target,2979819295.0,6
PEPE,1774414920000,1774414980000,3.54e-06,3.55e-06,19.129580953723796,target,2963529195.0,6
PEPE,1774415640000,1774415700000,3.5600000000000002e-06,3.57e-06,18.966631625369793,target,2947417502.0,6
PEPE,1774416120000,1774416180000,3.5500000000000003e-06,3.5600000000000002e-06,19.05305933730966,target,2956254358.0,6
PEPE,1774417320000,1774417380000,3.5600000000000002e-06,3.57e-06,18.973504005886106,target,2948485471.0,6
PEPE,1774420800000,1774420860000,3.58e-06,3.59e-06,18.812266366465035,target,2932543471.0,6
PEPE,1774421220000,1774421280000,3.5900000000000004e-06,3.6000000000000003e-06,18.73397710222686,target,2924898845.0,6
PEPE,1774421940000,1774423080000,3.6000000000000003e-06,3.61e-06,18.65609841703168,target,2917294514.0,6
PEPE,1774423920000,1774423980000,3.58e-06,3.59e-06,18.822337262135044,target,2934113369.0,6
PEPE,1774483320000,1774483380000,3.54e-06,3.55e-06,19.15714188013449,target,2967798897.0,6
PEPE,1774485120000,1774485180000,3.53e-06,3.54e-06,19.244681994076142,target,2976748955.0,6
PEPE,1774485840000,1774485900000,3.53e-06,3.54e-06,19.24820655044999,target,2977294130.0,6
PEPE,1774486320000,1774488180000,3.53e-06,3.5e-06,-105.01350661732437,time,2977839405.0,6
PEPE,1774488720000,1774488780000,3.53e-06,3.54e-06,19.23249910887019,target,2974864518.0,6
PEPE,1774489320000,1774489380000,3.53e-06,3.54e-06,19.236021434821165,target,2975409348.0,6
PEPE,1774489920000,1774489980000,3.52e-06,3.53e-06,19.324046287175292,target,2984408693.0,6
PEPE,1774490880000,1774490940000,3.5100000000000003e-06,3.52e-06,19.412599935124653,target,2993461825.0,6
PEPE,1774493220000,1774493280000,3.49e-06,3.5e-06,19.58767756134596,target,3011172569.0,6
PEPE,1774494120000,1774494180000,3.49e-06,3.5e-06,19.59132849910009,target,3011733820.0,6
PEPE,1774495020000,1774495080000,3.49e-06,3.5e-06,19.594980119881086,target,3012295176.0,6
PEPE,1774495620000,1774495680000,3.48e-06,3.49e-06,19.68516547556575,target,3021514271.0,6
PEPE,1774496220000,1774496280000,3.48e-06,3.49e-06,19.688850789554536,target,3022079937.0,6
PEPE,1774497420000,1774497480000,3.49e-06,3.5e-06,19.605971332159022,target,3013984832.0,6
PEPE,1774500120000,1774500180000,3.48e-06,3.49e-06,19.696207273468104,target,3023209098.0,6
PEPE,1774500720000,1774500780000,3.48e-06,3.49e-06,19.699894652713247,target,3023775081.0,6
PEPE,1774501320000,1774501440000,3.48e-06,3.49e-06,19.703582722550518,target,3024341170.0,6
PEPE,1774501920000,1774501980000,3.4700000000000002e-06,3.48e-06,19.794401017426978,target,3033624677.0,6
PEPE,1774502820000,1774502940000,3.4700000000000002e-06,3.48e-06,19.798123164524416,target,3034195121.0,6
PEPE,1774503480000,1774503540000,3.4600000000000003e-06,3.4700000000000002e-06,19.889512144985943,target,3043536671.0,6
PEPE,1774505820000,1774505880000,3.44e-06,3.45e-06,20.07016346842571,target,3061809835.0,6
PEPE,1774507620000,1774507680000,3.43e-06,3.44e-06,20.16322585101426,target,3071321531.0,6
PEPE,1774508220000,1774508280000,3.43e-06,3.44e-06,20.16708507969921,target,3071909380.0,6
PEPE,1774508820000,1774508880000,3.43e-06,3.44e-06,20.17094504366679,target,3072497341.0,6
PEPE,1774570320000,1774570380000,3.41e-06,3.42e-06,19.31085043561412,target,2932551319.0,7
PEPE,1774570980000,1774571040000,3.4e-06,3.41e-06,19.400804555419658,target,2941744436.0,7
PEPE,1774571520000,1774571580000,3.4e-06,3.41e-06,19.404567741561813,target,2942315048.0,7
PEPE,1774572120000,1774572180000,3.41e-06,3.42e-06,19.322073172096097,target,2934255607.0,7
PEPE,1774573920000,1774574280000,3.4200000000000003e-06,3.43e-06,19.240033818874448,target,2926240885.0,7
PEPE,1774575420000,1774575480000,3.41e-06,3.42e-06,19.32951984568609,target,2935386461.0,7
PEPE,1774576020000,1774576080000,3.41e-06,3.42e-06,19.33325253976433,target,2935953309.0,7
PEPE,1774577820000,1774577880000,3.4200000000000003e-06,3.43e-06,19.251165721252125,target,2927933950.0,7
PEPE,1774579140000,1774579200000,3.4200000000000003e-06,3.43e-06,19.254866782174485,target,2928496849.0,7
PEPE,1774579680000,1774579740000,3.4200000000000003e-06,3.43e-06,19.25856855977506,target,2929059857.0,7
PEPE,1774580400000,1774580460000,3.41e-06,3.42e-06,19.34814079015466,target,2938214243.0,7
PEPE,1774582020000,1774582080000,3.4e-06,3.41e-06,19.438268620236855,target,2947425113.0,7
PEPE,1774582680000,1774582740000,3.4e-06,3.41e-06,19.442039067470105,target,2947996826.0,7
PEPE,1774583220000,1774583280000,3.4e-06,3.41e-06,19.445810253344916,target,2948568651.0,7
PEPE,1774587720000,1774587780000,3.39e-06,3.4e-06,19.536533966182006,target,2957840116.0,7
PEPE,1774589160000,1774589220000,3.3800000000000002e-06,3.39e-06,19.627823775105348,target,2967169127.0,7
PEPE,1774589520000,1774589580000,3.3800000000000002e-06,3.39e-06,19.63166513206675,target,2967749831.0,7
PEPE,1774590120000,1774590180000,3.3800000000000002e-06,3.39e-06,19.635507249749455,target,2968330650.0,7
PEPE,1774591320000,1774591380000,3.3800000000000002e-06,3.39e-06,19.639350114929723,target,2968911582.0,7
PEPE,1774593120000,1774593180000,3.3800000000000002e-06,3.39e-06,19.643193734219423,target,2969492628.0,7
PEPE,1774596420000,1774596480000,3.39e-06,3.4e-06,19.559469115338704,target,2961312508.0,7
PEPE,1774598220000,1774598280000,3.39e-06,3.4e-06,19.563280035215598,target,2961889483.0,7
PEPE,1774598880000,1774598940000,3.39e-06,3.4e-06,19.56709170145571,target,2962466571.0,7
PEPE,1774599420000,1774599540000,3.39e-06,3.4e-06,19.570904114060866,target,2963043772.0,7
PEPE,1774656120000,1774656180000,3.27e-06,3.28e-06,20.661740852949592,target,3072377822.0,7
PEPE,1774656720000,1774656780000,3.27e-06,3.28e-06,20.665990091275113,target,3073009679.0,7
PEPE,1774657320000,1774657380000,3.27e-06,3.28e-06,20.670240210574583,target,3073641667.0,7
PEPE,1774657920000,1774657980000,3.2800000000000004e-06,3.2900000000000003e-06,20.580810201572096,target,3064900998.0,7
PEPE,1774658520000,1774658580000,3.2800000000000004e-06,3.2900000000000003e-06,20.585023622329086,target,3065528462.0,7
PEPE,1774659120000,1774659180000,3.2800000000000004e-06,3.2900000000000003e-06,20.58923790260997,target,3066156054.0,7
PEPE,1774659720000,1774659780000,3.2800000000000004e-06,3.2900000000000003e-06,20.593453049127554,target,3066783775.0,7
PEPE,1774662420000,1774662480000,3.27e-06,3.28e-06,20.69142678507542,target,3076792087.0,7
PEPE,1774663020000,1774663200000,3.2800000000000004e-06,3.2900000000000003e-06,20.60190511890142,target,3068042460.0,7
PEPE,1774663620000,1774663680000,3.2800000000000004e-06,3.2900000000000003e-06,20.606122857405378,target,3068670567.0,7
PEPE,1774664220000,1774666080000,3.2800000000000004e-06,3.26e-06,-76.42554016980051,time,3069298802.0,7
PEPE,1774669020000,1774669080000,3.26e-06,3.27e-06,20.782758708525392,target,3085784515.0,7
PEPE,1774669800000,1774669860000,3.2500000000000002e-06,3.26e-06,20.881971671970522,target,3095918706.0,7
PEPE,1774671120000,1774671180000,3.2500000000000002e-06,3.26e-06,20.88630548286002,target,3096561228.0,7
PEPE,1774674720000,1774674780000,3.26e-06,3.27e-06,20.79568144262946,target,3087703258.0,7
PEPE,1774675320000,1774675380000,3.26e-06,3.27e-06,20.799977726070267,target,3088341162.0,7
PEPE,1774675920000,1774675980000,3.27e-06,3.28e-06,20.709857938774334,target,3079532779.0,7
PEPE,1774676580000,1774676640000,3.27e-06,3.28e-06,20.714117076299736,target,3080166108.0,7
PEPE,1774677120000,1774677180000,3.2800000000000004e-06,3.2900000000000003e-06,20.624497239489962,target,3071406886.0,7
PEPE,1774677720000,1774677780000,3.2800000000000004e-06,3.2900000000000003e-06,20.628719597916906,target,3072035681.0,7
PEPE,1774678320000,1774678380000,3.2800000000000004e-06,3.2900000000000003e-06,20.632942829289703,target,3072664606.0,7
PEPE,1774678920000,1774678980000,3.2900000000000003e-06,3.3e-06,20.543800446402894,target,3063952341.0,7
PEPE,1774680120000,1774680180000,3.2900000000000003e-06,3.3e-06,20.547987256260818,target,3064576772.0,7
PEPE,1774681020000,1774681080000,3.2800000000000004e-06,3.2900000000000003e-06,20.645579458755705,target,3074546457.0,7
PEPE,1774743420000,1774743480000,3.2800000000000004e-06,3.2900000000000003e-06,20.64980613492416,target,3075175895.0,7
PEPE,1774744620000,1774745460000,3.2800000000000004e-06,3.2900000000000003e-06,20.654033684045746,target,3075805463.0,7
PEPE,1774746420000,1774746480000,3.2900000000000003e-06,3.3e-06,20.564800177859038,target,3067084292.0,7
PEPE,1774747020000,1774747080000,3.2900000000000003e-06,3.3e-06,20.568991272209036,target,3067709362.0,7
PEPE,1774747680000,1774747740000,3.2900000000000003e-06,3.3e-06,20.573183218094847,target,3068334559.0,7
PEPE,1774748220000,1774748280000,3.2900000000000003e-06,3.3e-06,20.577376022220633,target,3068959884.0,7
PEPE,1774748820000,1774748880000,3.2900000000000003e-06,3.3e-06,20.581569677880413,target,3069585336.0,7
PEPE,1774749420000,1774749480000,3.2900000000000003e-06,3.3e-06,20.585764191780168,target,3070210916.0,7
PEPE,1774750620000,1774750680000,3.3e-06,3.31e-06,20.49695042661497,target,3061531057.0,7
PEPE,1774752720000,1774752780000,3.3e-06,3.31e-06,20.50110882501458,target,3062152177.0,7
PEPE,1774753380000,1774753440000,3.3e-06,3.31e-06,20.505268066982833,target,3062773423.0,7
PEPE,1774754580000,1774754640000,3.31e-06,3.32e-06,20.41692473012492,target,3054139825.0,7
PEPE,1774755120000,1774755180000,3.32e-06,3.33e-06,20.329083476473674,target,3045555577.0,7
PEPE,1774755720000,1774755780000,3.31e-06,3.32e-06,20.42515395175567,target,3055370823.0,7
PEPE,1774756320000,1774756380000,3.31e-06,3.32e-06,20.429279091445146,target,3055987897.0,7
PEPE,1774757220000,1774757280000,3.31e-06,3.32e-06,20.433405066758834,target,3056605096.0,7
PEPE,1774758420000,1774758480000,3.31e-06,3.32e-06,20.4375318710153,target,3057222419.0,7
PEPE,1774759020000,1774759080000,3.31e-06,3.32e-06,20.441659510895967,target,3057839867.0,7
PEPE,1774759680000,1774759740000,3.31e-06,3.32e-06,20.445787986400845,target,3058457440.0,7
PEPE,1774760520000,1774760580000,3.31e-06,3.32e-06,20.449917290846685,target,3059075137.0,7
PEPE,1774765500000,1774765560000,3.3e-06,3.31e-06,20.546719048116024,target,3068964757.0,7
PEPE,1774765920000,1774765980000,3.3e-06,3.31e-06,20.55088753587993,target,3069587384.0,7
PEPE,1774767120000,1774767180000,3.31e-06,3.32e-06,20.462347660615357,target,3060934579.0,7
PEPE,1774767720000,1774767780000,3.3e-06,3.31e-06,20.559208255948445,target,3070830210.0,7
PEPE,1774828920000,1774828980000,3.27e-06,3.28e-06,20.845023088351645,target,3099631686.0,7
PEPE,1774829520000,1774829580000,3.2800000000000004e-06,3.2900000000000003e-06,20.75483688022088,target,3090817108.0,7
PEPE,1774830120000,1774830180000,3.3300000000000003e-06,3.34e-06,20.295136353814758,target,3045031711.0,7
PEPE,1774830720000,1774830780000,3.32e-06,3.33e-06,20.390888743275944,target,3054814793.0,7
PEPE,1774831320000,1774831380000,3.2900000000000003e-06,3.3e-06,20.673459657854817,target,3083290031.0,7
PEPE,1774832940000,1774833000000,3.32e-06,3.33e-06,20.399144903924967,target,3056051671.0,7
PEPE,1774833420000,1774833480000,3.32e-06,3.33e-06,20.403246237525092,target,3056666103.0,7
PEPE,1774834080000,1774834140000,3.32e-06,3.33e-06,20.407348398825903,target,3057280659.0,7
PEPE,1774834620000,1774835160000,3.3300000000000003e-06,3.34e-06,20.319668605885806,target,3048712469.0,7
PEPE,1774835520000,1774835760000,3.3300000000000003e-06,3.34e-06,20.32373558888527,target,3049322669.0,7
PEPE,1774836300000,1774836360000,3.32e-06,3.33e-06,20.41962290947552,target,3059119537.0,7
PEPE,1774836720000,1774836780000,3.3300000000000003e-06,3.34e-06,20.33189037634681,target,3050546193.0,7
PEPE,1774837380000,1774837440000,3.3300000000000003e-06,3.34e-06,20.335959812065433,target,3051156761.0,7
PEPE,1774837920000,1774838040000,3.3300000000000003e-06,3.34e-06,20.340030054252004,target,3051767450.0,7
PEPE,1774839900000,1774839960000,3.3300000000000003e-06,3.34e-06,20.344101116231197,target,3052378262.0,7
PEPE,1774841520000,1774841580000,3.34e-06,3.35e-06,20.256811834050314,target,3043848510.0,7
PEPE,1774843920000,1774843980000,3.36e-06,3.37e-06,20.079721080573723,target,3026333245.0,7
PEPE,1774844580000,1774844640000,3.35e-06,3.36e-06,20.173997193150516,target,3035966470.0,7
PEPE,1774845120000,1774845180000,3.36e-06,3.37e-06,20.087669989719235,target,3027531272.0,7
PEPE,1774845720000,1774845780000,3.35e-06,3.36e-06,20.18198342659437,target,3037168311.0,7
PEPE,1774846320000,1774846380000,3.35e-06,3.36e-06,20.18598668691022,target,3037770758.0,7
PEPE,1774849260000,1774849320000,3.3700000000000003e-06,3.3800000000000002e-06,20.009762013500595,target,3020341436.0,7
PEPE,1774849620000,1774849680000,3.3700000000000003e-06,3.3800000000000002e-06,20.013695680126247,target,3020935197.0,7
PEPE,1774850220000,1774850280000,3.3700000000000003e-06,3.3800000000000002e-06,20.01763012849907,target,3021529076.0,7
PEPE,1774915320000,1774915380000,3.31e-06,3.32e-06,20.569108307230273,target,3076904758.0,7
PEPE,1774915920000,1774915980000,3.31e-06,3.32e-06,20.573262519986194,target,3077526181.0,7
PEPE,1774916520000,1774916580000,3.31e-06,3.32e-06,20.577417575049566,target,3078147730.0,7
PEPE,1774917180000,1774917300000,3.32e-06,3.33e-06,20.48888581335071,target,3069496002.0,7
PEPE,1774917720000,1774917780000,3.32e-06,3.33e-06,20.493005189473365,target,3070113137.0,7
PEPE,1774918320000,1774918380000,3.3300000000000003e-06,3.34e-06,20.40495737836039,target,3061508984.0,7
PEPE,1774918920000,1774918980000,3.3300000000000003e-06,3.34e-06,20.409041430424406,target,3062121745.0,7
PEPE,1774919520000,1774919580000,3.3300000000000003e-06,3.34e-06,20.413126302286496,target,3062734629.0,7
PEPE,1774921380000,1774921440000,3.36e-06,3.37e-06,20.143835569930264,target,3035996318.0,7
PEPE,1774922580000,1774922640000,3.36e-06,3.37e-06,20.147813378495513,target,3036595837.0,7
PEPE,1774923720000,1774923780000,3.36e-06,3.37e-06,20.151791969990924,target,3037195474.0,7
PEPE,1774924320000,1774924440000,3.3700000000000003e-06,3.3800000000000002e-06,20.06567413162674,target,3028781001.0,7
PEPE,1774925520000,1774925580000,3.3700000000000003e-06,3.3800000000000002e-06,20.06961878912361,target,3029376421.0,7
PEPE,1774926120000,1774926180000,3.3700000000000003e-06,3.3800000000000002e-06,20.073564228376746,target,3029971959.0,7
PEPE,1774926720000,1774926780000,3.3700000000000003e-06,3.3800000000000002e-06,20.07751044275109,target,3030567614.0,7
PEPE,1774933920000,1774933980000,3.35e-06,3.36e-06,20.262331922533832,target,3049259883.0,7
PEPE,1774935120000,1774935180000,3.36e-06,3.37e-06,20.175626727885902,target,3040787751.0,7
PEPE,1774936320000,1774936380000,3.3700000000000003e-06,3.3800000000000002e-06,20.08940702812642,target,3032363325.0,7
PEPE,1774936920000,1774936980000,3.3800000000000002e-06,3.39e-06,20.003668693156026,target,3023986197.0,7
PEPE,1774937520000,1774937580000,3.3700000000000003e-06,3.3800000000000002e-06,20.09728882374948,target,3033553030.0,7
PEPE,1774938120000,1774938240000,3.3700000000000003e-06,3.3800000000000002e-06,20.101239702126637,target,3034149389.0,7
PEPE,1774939020000,1774939080000,3.3700000000000003e-06,3.3800000000000002e-06,20.105191355625003,target,3034745865.0,7
PEPE,1774939620000,1774939680000,3.3700000000000003e-06,3.3800000000000002e-06,20.10914378425003,target,3035342458.0,7
PEPE,1774940280000,1774940340000,3.3700000000000003e-06,3.3800000000000002e-06,20.113096994625867,target,3035939169.0,7
PEPE,1775001720000,1775001780000,3.4e-06,3.41e-06,19.849255296040567,target,3009743032.0,7
PEPE,1775003040000,1775003100000,3.39e-06,3.4e-06,19.941861270669847,target,3019206854.0,7
PEPE,1775003580000,1775003640000,3.39e-06,3.4e-06,19.94574669494616,target,3019795109.0,7
PEPE,1775005320000,1775005380000,3.4200000000000003e-06,3.43e-06,19.684819432025325,target,2993888887.0,7
PEPE,1775006520000,1775006580000,3.41e-06,3.42e-06,19.776374172479688,target,3003245888.0,7
PEPE,1775011320000,1775011380000,3.3700000000000003e-06,3.3800000000000002e-06,20.13655207837389,target,3039479559.0,7
PEPE,1775014500000,1775014560000,3.39e-06,3.4e-06,19.961244772624816,target,3022141525.0,7
PEPE,1775014920000,1775014980000,3.39e-06,3.4e-06,19.96513397495985,target,3022730352.0,7
PEPE,1775015520000,1775015580000,3.41e-06,3.42e-06,19.791791817359666,target,3005587216.0,7
PEPE,1775016360000,1775016420000,3.4e-06,3.41e-06,19.883986267549492,target,3015009290.0,7
PEPE,1775016720000,1775016780000,3.4e-06,3.41e-06,19.887843175236593,target,3015594113.0,7
PEPE,1775017320000,1775017380000,3.4e-06,3.41e-06,19.8917008347508,target,3016179050.0,7
PEPE,1775018520000,1775018580000,3.41e-06,3.42e-06,19.807135315140275,target,3007917284.0,7
PEPE,1775019300000,1775019360000,3.41e-06,3.42e-06,19.810960245315172,target,3008498139.0,7
PEPE,1775019900000,1775019960000,3.4e-06,3.41e-06,19.9032439841108,target,3017929338.0,7
PEPE,1775020620000,1775020680000,3.41e-06,3.42e-06,19.818629393131204,target,3009662778.0,7
PEPE,1775021820000,1775021880000,3.43e-06,3.44e-06,19.647019874755905,target,2992691527.0,7
PEPE,1775022420000,1775022480000,3.45e-06,3.46e-06,19.4773444916053,target,2975912069.0,7
PEPE,1775023020000,1775023080000,3.4700000000000002e-06,3.48e-06,19.309570471124708,target,2959321145.0,7
PEPE,1775024460000,1775024520000,3.5000000000000004e-06,3.5100000000000003e-06,19.059624504316105,target,2934507237.0,7
PEPE,1775024820000,1775024880000,3.5000000000000004e-06,3.5100000000000003e-06,19.063161428010744,target,2935051798.0,7
PEPE,1775025420000,1775025480000,3.5000000000000004e-06,3.5100000000000003e-06,19.066699007699654,target,2935596460.0,7
PEPE,1775026020000,1775026080000,3.5100000000000003e-06,3.52e-06,18.986628319779896,target,2927776148.0,7
PEPE,1775027820000,1775027880000,3.5000000000000004e-06,3.5100000000000003e-06,19.073760618510605,target,2936683698.0,7
PEPE,1775088120000,1775088180000,3.4e-06,3.41e-06,19.940758995299216,target,3023617740.0,7
PEPE,1775088720000,1775088780000,3.4e-06,3.41e-06,19.944626916636544,target,3024204233.0,7
PEPE,1775089320000,1775089380000,3.41e-06,3.42e-06,19.85983640030985,target,3015920486.0,7
PEPE,1775090520000,1775090580000,3.4200000000000003e-06,3.43e-06,19.775513765651656,target,3007682702.0,7
PEPE,1775091180000,1775091240000,3.4200000000000003e-06,3.43e-06,19.77931563447382,target,3008260933.0,7
PEPE,1775091720000,1775091780000,3.4200000000000003e-06,3.43e-06,19.783118239698872,target,3008839276.0,7
PEPE,1775092380000,1775092440000,3.41e-06,3.42e-06,19.875130161585354,target,3018243001.0,7
PEPE,1775100420000,1775100480000,3.3e-06,3.31e-06,20.88474036571042,target,3119453378.0,7
PEPE,1775101020000,1775101080000,3.3e-06,3.31e-06,20.88897743705531,target,3120086249.0,7
PEPE,1775101920000,1775101980000,3.2800000000000004e-06,3.2900000000000003e-06,21.083407981158835,target,3139748024.0,7
PEPE,1775103420000,1775103480000,3.2900000000000003e-06,3.3e-06,20.992319412749563,target,3130845550.0,7
PEPE,1775104020000,1775104080000,3.2900000000000003e-06,3.3e-06,20.99659763857403,target,3131483615.0,7
PEPE,1775104620000,1775104680000,3.2900000000000003e-06,3.3e-06,21.00087672934445,target,3132121809.0,7
PEPE,1775107020000,1775107080000,3.2800000000000004e-06,3.2900000000000003e-06,21.100619922880277,target,3142311232.0,7
PEPE,1775107620000,1775107680000,3.2800000000000004e-06,3.2900000000000003e-06,21.104939756245727,target,3142954543.0,7
PEPE,1775108220000,1775108280000,3.2800000000000004e-06,3.2900000000000003e-06,21.10926047598991,target,3143597986.0,7
PEPE,1775109660000,1775109720000,3.2900000000000003e-06,3.3e-06,21.01806021618199,target,3134684596.0,7
PEPE,1775110020000,1775110080000,3.3e-06,3.31e-06,20.927381389784696,target,3125822463.0,7
PEPE,1775110620000,1775110680000,3.31e-06,3.32e-06,20.837219457532328,target,3117011138.0,7
PEPE,1775111220000,1775111280000,3.32e-06,3.33e-06,20.747569931474395,target,3108250177.0,7
PEPE,1775111820000,1775111880000,3.32e-06,3.33e-06,20.75174131920067,target,3108875104.0,7
PEPE,1775112420000,1775112480000,3.31e-06,3.32e-06,20.84980917764662,target,3118894417.0,7
PEPE,1775113020000,1775113080000,3.32e-06,3.33e-06,20.760105488024323,target,3110128163.0,7
PEPE,1775113620000,1775113680000,3.3300000000000003e-06,3.34e-06,20.670910080225653,target,3101411865.0,7
PEPE,1775174520000,1775174580000,3.3300000000000003e-06,3.34e-06,20.675047365645796,target,3102032613.0,7
PEPE,1775175960000,1775176020000,3.32e-06,3.33e-06,20.77259217022443,target,3111998827.0,7
PEPE,1775176620000,1775176680000,3.32e-06,3.33e-06,20.77676859089909,target,3112624508.0,7
PEPE,1775177220000,1775177280000,3.32e-06,3.33e-06,20.780945845949034,target,3113250314.0,7
PEPE,1775178420000,1775178480000,3.32e-06,3.33e-06,20.785123942050706,target,3113876246.0,7
PEPE,1775179080000,1775179140000,3.32e-06,3.33e-06,20.789302879200463,target,3114502304.0,7
PEPE,1775180220000,1775180280000,3.32e-06,3.33e-06,20.79348265740012,target,3115128488.0,7
PEPE,1775180820000,1775180880000,3.32e-06,3.33e-06,20.79766326997507,target,3115754797.0,7
PEPE,1775182620000,1775182680000,3.32e-06,3.33e-06,20.801844730276354,target,3116381233.0,7
PEPE,1775183280000,1775183340000,3.3300000000000003e-06,3.34e-06,20.712469994315658,target,3107647411.0,7
PEPE,1775183820000,1775183940000,3.3300000000000003e-06,3.34e-06,20.716615597656748,target,3108269407.0,7
PEPE,1775185020000,1775185080000,3.3300000000000003e-06,3.34e-06,20.720762034120575,target,3108891528.0,7
PEPE,1775185620000,1775185680000,3.3300000000000003e-06,3.34e-06,20.724909297044817,target,3109513773.0,7
PEPE,1775186820000,1775186880000,3.36e-06,3.37e-06,20.45150550944959,target,3082367070.0,7
PEPE,1775188020000,1775188140000,3.36e-06,3.37e-06,20.455544068075586,target,3082975745.0,7
PEPE,1775189460000,1775189520000,3.36e-06,3.37e-06,20.459583429535545,target,3083584541.0,7
PEPE,1775190000000,1775190060000,3.3700000000000003e-06,3.3800000000000002e-06,20.372150255502017,target,3075041548.0,7
PEPE,1775190660000,1775190720000,3.35e-06,3.36e-06,20.559684017203363,target,3094008129.0,7
PEPE,1775191320000,1775191380000,3.36e-06,3.37e-06,20.471706410545313,target,3085411667.0,7
PEPE,1775192520000,1775192580000,3.39e-06,3.4e-06,20.202786313520477,target,3058711024.0,7
PEPE,1775193120000,1775193180000,3.4e-06,3.41e-06,20.1167879539242,target,3050309015.0,7
PEPE,1775194320000,1775194380000,3.4200000000000003e-06,3.43e-06,19.942363977000433,target,3033059160.0,7
PEPE,1775195100000,1775195160000,3.43e-06,3.44e-06,19.857797767079397,target,3024797832.0,7
PEPE,1775198520000,1775198580000,3.4600000000000003e-06,3.4700000000000002e-06,19.59941379051082,target,2999145186.0,7
PEPE,1775262840000,1775262900000,3.39e-06,3.4e-06,20.222215370159457,target,3061652592.0,7
PEPE,1775264220000,1775264280000,3.39e-06,3.4e-06,20.226155417784277,target,3062249117.0,7
PEPE,1775264820000,1775264880000,3.39e-06,3.4e-06,20.230096238194328,target,3062845759.0,7
PEPE,1775265720000,1775265780000,3.3700000000000003e-06,3.3800000000000002e-06,20.41575360062528,target,3081623185.0,7
PEPE,1775266320000,1775266380000,3.3700000000000003e-06,3.3800000000000002e-06,20.419767085250278,target,3082228994.0,7
PEPE,1775266920000,1775266980000,3.3700000000000003e-06,3.3800000000000002e-06,20.423781351626083,target,3082834921.0,7
PEPE,1775267520000,1775267580000,3.3700000000000003e-06,3.3800000000000002e-06,20.427796412999168,target,3083440968.0,7
PEPE,1775268120000,1775268180000,3.3800000000000002e-06,3.39e-06,20.340613892026774,target,3074922735.0,7
PEPE,1775268720000,1775268780000,3.3700000000000003e-06,3.3800000000000002e-06,20.43581097362568,target,3084650713.0,7
PEPE,1775269320000,1775269380000,3.36e-06,3.37e-06,20.531605618050577,target,3094439430.0,7
PEPE,1775269920000,1775270040000,3.3700000000000003e-06,3.3800000000000002e-06,20.44386466150106,target,3085866364.0,7
PEPE,1775270520000,1775270580000,3.36e-06,3.37e-06,20.53969705362915,target,3095658938.0,7
PEPE,1775271120000,1775271180000,3.35e-06,3.36e-06,20.636132795220313,target,3105512836.0,7
PEPE,1775272020000,1775272080000,3.36e-06,3.37e-06,20.547828053713758,target,3096884409.0,7
PEPE,1775272620000,1775272740000,3.36e-06,3.37e-06,20.551885641520137,target,3097495952.0,7
PEPE,1775273220000,1775273280000,3.36e-06,3.37e-06,20.555944025524056,target,3098107615.0,7
PEPE,1775273820000,1775273880000,3.36e-06,3.37e-06,20.560003212365576,target,3098719399.0,7
PEPE,1775274420000,1775274480000,3.3700000000000003e-06,3.3800000000000002e-06,20.47214089687444,target,3090134475.0,7
PEPE,1775275020000,1775275080000,3.3700000000000003e-06,3.3800000000000002e-06,20.476165465126854,target,3090741957.0,7
PEPE,1775276220000,1775276280000,3.3800000000000002e-06,3.39e-06,20.388776509711157,target,3082203554.0,7
PEPE,1775278020000,1775278080000,3.39e-06,3.4e-06,20.301874014934334,target,3073712947.0,7
PEPE,1775279220000,1775279280000,3.3700000000000003e-06,3.3800000000000002e-06,20.48819009850058,target,3092556996.0,7
PEPE,1775280120000,1775280180000,3.3700000000000003e-06,3.3800000000000002e-06,20.492217820250985,target,3093164954.0,7
PEPE,1775281620000,1775283480000,3.3800000000000002e-06,3.36e-06,-77.26972741785177,time,3084619857.0,7
PEPE,1775347320000,1775347380000,3.4e-06,3.41e-06,20.208414801620314,target,3064202396.0,7
PEPE,1775348520000,1775348640000,3.4e-06,3.41e-06,20.212334638795685,target,3064796761.0,7
PEPE,1775349300000,1775349360000,3.39e-06,3.4e-06,20.306634542262803,target,3074433693.0,7
PEPE,1775350320000,1775350380000,3.4e-06,3.41e-06,20.22019412452583,target,3065988495.0,7
PEPE,1775351100000,1775351160000,3.3800000000000002e-06,3.39e-06,20.40548015205031,target,3084728670.0,7
PEPE,1775351520000,1775351580000,3.3800000000000002e-06,3.39e-06,20.409473706930683,target,3085332382.0,7
PEPE,1775353980000,1775354040000,3.3800000000000002e-06,3.39e-06,20.41346804899438,target,3085936213.0,7
PEPE,1775355300000,1775355360000,3.36e-06,3.37e-06,20.601093933239284,target,3104912424.0,7
PEPE,1775357220000,1775357280000,3.3800000000000002e-06,3.39e-06,20.42149500751597,target,3087149661.0,7
PEPE,1775358420000,1775358480000,3.3800000000000002e-06,3.39e-06,20.425491697905898,target,3087753847.0,7
PEPE,1775359260000,1775359320000,3.3700000000000003e-06,3.3800000000000002e-06,20.521086025874254,target,3097522419.0,7
PEPE,1775359620000,1775359680000,3.3800000000000002e-06,3.39e-06,20.433505360276193,target,3088965285.0,7
PEPE,1775360820000,1775360880000,3.3800000000000002e-06,3.39e-06,20.437504398990534,target,3089569826.0,7
PEPE,1775361420000,1775361480000,3.3800000000000002e-06,3.39e-06,20.441504224891837,target,3090174486.0,7
PEPE,1775362020000,1775362140000,3.3800000000000002e-06,3.39e-06,20.445504831360957,target,3090779264.0,7
PEPE,1775362680000,1775362740000,3.3700000000000003e-06,3.3800000000000002e-06,20.541192828000128,target,3100557408.0,7
PEPE,1775363220000,1775363280000,3.3700000000000003e-06,3.3800000000000002e-06,20.545230970874456,target,3101166939.0,7
PEPE,1775365320000,1775365380000,3.36e-06,3.37e-06,20.641538524545453,target,3111008067.0,7
PEPE,1775365920000,1775365980000,3.3700000000000003e-06,3.3800000000000002e-06,20.55332777424974,target,3102389098.0,7
PEPE,1775366520000,1775366580000,3.36e-06,3.37e-06,20.649673286674137,target,3112234105.0,7
PEPE,1775368260000,1775368320000,3.35e-06,3.36e-06,20.746625376779622,target,3122140764.0,7
PEPE,1775368620000,1775368680000,3.35e-06,3.36e-06,20.750740638570647,target,3122760066.0,7
PEPE,1775371320000,1775371380000,3.3300000000000003e-06,3.34e-06,20.942353289118202,target,3142138528.0,7
PEPE,1775372220000,1775372280000,3.3300000000000003e-06,3.34e-06,20.946544900955544,target,3142767427.0,7
PEPE,1775434920000,1775434980000,3.57e-06,3.58e-06,18.83858625684964,target,2932075682.0,7
PEPE,1775435580000,1775435640000,3.61e-06,3.62e-06,18.51719694829087,target,2900109154.0,7
PEPE,1775436120000,1775436180000,3.6000000000000003e-06,3.61e-06,18.6010046287056,target,2908679379.0,7
PEPE,1775438820000,1775438880000,3.5600000000000002e-06,3.57e-06,18.931021416448665,target,2941883670.0,7
PEPE,1775440920000,1775440980000,3.5500000000000003e-06,3.5600000000000002e-06,19.017286854630253,target,2950703934.0,7
PEPE,1775442120000,1775442300000,3.6000000000000003e-06,3.5600000000000002e-06,-132.0089487544806,stop,2910250193.0,7
PEPE,1775442780000,1775442840000,3.57e-06,3.58e-06,18.831728635899594,target,2931008348.0,7
PEPE,1775443320000,1775443380000,3.5600000000000002e-06,3.57e-06,18.917423154629397,target,2939770498.0,7
PEPE,1775444220000,1775444280000,3.57e-06,3.58e-06,18.838522424474878,target,2932065747.0,7
PEPE,1775444940000,1775445000000,3.5600000000000002e-06,3.57e-06,18.92424786466686,target,2940831059.0,7
PEPE,1775449020000,1775449080000,3.52e-06,3.53e-06,19.261747210650196,target,2974787214.0,7
PEPE,1775449680000,1775449740000,3.5100000000000003e-06,3.52e-06,19.350015366116587,target,2983811159.0,7
PEPE,1775451000000,1775451060000,3.54e-06,3.55e-06,19.10080481547007,target,2959071234.0,7
PEPE,1775451480000,1775451540000,3.53e-06,3.54e-06,19.188087493980536,target,2967994972.0,7
PEPE,1775453160000,1775453220000,3.52e-06,3.53e-06,19.275893000699654,target,2976971892.0,7
PEPE,1775453580000,1775453640000,3.52e-06,3.53e-06,19.279438775450494,target,2977519502.0,7
PEPE,1775454120000,1775454180000,3.52e-06,3.53e-06,19.28298521065244,target,2978067214.0,7
PEPE,1775454720000,1775454780000,3.5100000000000003e-06,3.52e-06,19.371350685380143,target,2987101108.0,7
PEPE,1775455620000,1775455680000,3.5100000000000003e-06,3.52e-06,19.37492969851392,target,2987652999.0,7
PEPE,1775456220000,1775456280000,3.5100000000000003e-06,3.52e-06,19.378509366634923,target,2988204991.0,7
PEPE,1775458920000,1775459040000,3.5100000000000003e-06,3.52e-06,19.382089696226345,target,2988757085.0,7
PEPE,1775460120000,1775460180000,3.5000000000000004e-06,3.5100000000000003e-06,19.471036821674282,target,2997850165.0,7
PEPE,1775461020000,1775461080000,3.48e-06,3.49e-06,19.646886143530207,target,3015638702.0,7
PEPE,1775462820000,1775462880000,3.4700000000000002e-06,3.48e-06,19.737443111400534,target,3024895496.0,7
PEPE,1775520720000,1775520780000,3.3300000000000003e-06,3.34e-06,21.012485538341437,target,3152660996.0,7
PEPE,1775522160000,1775522220000,3.3300000000000003e-06,3.34e-06,21.016691186664687,target,3153292001.0,7
PEPE,1775522520000,1775522580000,3.3300000000000003e-06,3.34e-06,21.02089768144626,target,3153923133.0,7
PEPE,1775523120000,1775523180000,3.34e-06,3.35e-06,20.930704507791877,target,3145109618.0,7
PEPE,1775523720000,1775523780000,3.34e-06,3.35e-06,20.934874976675736,target,3145736285.0,7
PEPE,1775524920000,1775524980000,3.36e-06,3.37e-06,20.751856407009974,target,3127634726.0,7
PEPE,1775526180000,1775526240000,3.35e-06,3.36e-06,20.849288261160204,target,3137590408.0,7
PEPE,1775527020000,1775527800000,3.35e-06,3.36e-06,20.853423889874303,target,3138212775.0,7
PEPE,1775528220000,1775528280000,3.34e-06,3.35e-06,20.951490448624327,target,3148232975.0,7
PEPE,1775528820000,1775529060000,3.36e-06,3.37e-06,20.76832662674874,target,3130117050.0,7
PEPE,1775529480000,1775529540000,3.36e-06,3.37e-06,20.772427753425177,target,3130735155.0,7
PEPE,1775530020000,1775530080000,3.35e-06,3.36e-06,20.869956184724984,target,3140700705.0,7
PEPE,1775531820000,1775531880000,3.34e-06,3.35e-06,20.968100496748786,target,3150728850.0,7
PEPE,1775532480000,1775532540000,3.34e-06,3.35e-06,20.972278419235906,target,3151356637.0,7
PEPE,1775533320000,1775533380000,3.34e-06,3.35e-06,20.97645718025055,target,3151984550.0,7
PEPE,1775534520000,1775534580000,3.35e-06,3.36e-06,20.886575980936545,target,3143201803.0,7
PEPE,1775535120000,1775535180000,3.35e-06,3.36e-06,20.890719005534194,target,3143825283.0,7
PEPE,1775536320000,1775536380000,3.35e-06,3.36e-06,20.89486285411534,target,3144448887.0,7
PEPE,1775538120000,1775538180000,3.35e-06,3.36e-06,20.899007520029464,target,3145072614.0,7
PEPE,1775538720000,1775538780000,3.35e-06,3.36e-06,20.903153009923447,target,3145696465.0,7
PEPE,1775539380000,1775539440000,3.35e-06,3.36e-06,20.90729932379911,target,3146320440.0,7
PEPE,1775540520000,1775540580000,3.35e-06,3.36e-06,20.911446455009568,target,3146944538.0,7
PEPE,1775541120000,1775541180000,3.35e-06,3.36e-06,20.915594410199887,target,3147568760.0,7
PEPE,1775541720000,1775541780000,3.35e-06,3.36e-06,20.919743196015123,target,3148193107.0,7
PEPE,1775606520000,1775606580000,3.7200000000000004e-06,3.7300000000000003e-06,17.793570293301972,target,2835628732.0,7
PEPE,1775607120000,1775607180000,3.7200000000000004e-06,3.7300000000000003e-06,17.796571757575926,target,2836107053.0,7
PEPE,1775607720000,1775607780000,3.7300000000000003e-06,3.74e-06,17.723563891285277,target,2828980669.0,7
PEPE,1775612220000,1775612280000,3.66e-06,3.67e-06,18.26742296284492,target,2883571107.0,7
PEPE,1775612820000,1775612880000,3.66e-06,3.67e-06,18.270584824694623,target,2884070217.0,7
PEPE,1775613420000,1775613480000,3.66e-06,3.67e-06,18.273747231356083,target,2884569413.0,7
PEPE,1775614740000,1775614800000,3.6800000000000003e-06,3.6900000000000002e-06,18.12019137712418,target,2869388975.0,7
PEPE,1775615220000,1775615280000,3.6800000000000003e-06,3.6900000000000002e-06,18.123300857865523,target,2869881371.0,7
PEPE,1775616420000,1775616480000,3.67e-06,3.68e-06,18.20458359005042,target,2878195034.0,7
PEPE,1775617620000,1775617680000,3.7e-06,3.71e-06,17.974430352530263,target,2855350334.0,7
PEPE,1775618400000,1775618460000,3.6900000000000002e-06,3.7e-06,18.05484366621192,target,2863575522.0,7
PEPE,1775619060000,1775619120000,3.6900000000000002e-06,3.7e-06,18.057928652270526,target,2864064814.0,7
PEPE,1775619420000,1775619480000,3.7e-06,3.71e-06,17.98363248424994,target,2856812150.0,7
PEPE,1775620020000,1775620080000,3.7e-06,3.71e-06,17.986692131229777,target,2857298194.0,7
PEPE,1775621220000,1775623080000,3.7300000000000003e-06,3.71e-06,-72.49999618950099,time,2834799460.0,7
PEPE,1775623620000,1775625420000,3.7e-06,3.71e-06,17.977417506289875,target,2855824862.0,7
PEPE,1775625720000,1775625780000,3.7e-06,3.71e-06,17.980476095709463,target,2856310738.0,7
PEPE,1775626320000,1775626380000,3.7e-06,3.71e-06,17.983535207615564,target,2856796697.0,7
PEPE,1775627580000,1775627640000,3.6900000000000002e-06,3.7e-06,18.063989257860356,target,2865026052.0,7
PEPE,1775628720000,1775628780000,3.71e-06,3.72e-06,17.912677801095654,target,2850068067.0,7
PEPE,1775629320000,1775629380000,3.7e-06,3.71e-06,17.992715728600007,target,2858255080.0,7
PEPE,1775629920000,1775629980000,3.6900000000000002e-06,3.7e-06,18.07321085628444,target,2866488637.0,7
PEPE,1775630820000,1775630880000,3.6800000000000003e-06,3.6900000000000002e-06,18.154167043320058,target,2874769128.0,7
PEPE,1775631720000,1775631780000,3.6900000000000002e-06,3.7e-06,18.079400922438484,target,2867470408.0,7
PEPE,1775692920000,1775692980000,3.53e-06,3.54e-06,19.381765517896476,target,2997952903.0,7
PEPE,1775693640000,1775693700000,3.53e-06,3.54e-06,19.38531517786528,target,2998501961.0,7
PEPE,1775694180000,1775694240000,3.53e-06,3.54e-06,19.38886549079995,target,2999051120.0,7
PEPE,1775694720000,1775694780000,3.52e-06,3.53e-06,19.47758976870214,target,3008121972.0,7
PEPE,1775695920000,1775695980000,3.52e-06,3.53e-06,19.48117265167536,target,3008675313.0,7
PEPE,1775697120000,1775697180000,3.5100000000000003e-06,3.52e-06,19.57044633316168,target,3017802056.0,7
PEPE,1775698920000,1775698980000,3.5000000000000004e-06,3.5100000000000003e-06,19.66025785848183,target,3026983504.0,7
PEPE,1775700120000,1775700180000,3.5000000000000004e-06,3.5100000000000003e-06,19.663906236375524,target,3027545225.0,7
PEPE,1775700720000,1775700780000,3.5000000000000004e-06,3.5100000000000003e-06,19.667555296245393,target,3028107051.0,7
PEPE,1775701320000,1775701500000,3.5100000000000003e-06,3.52e-06,19.58496131307538,target,3020040295.0,7
PEPE,1775701920000,1775701980000,3.5100000000000003e-06,3.52e-06,19.58857978743523,target,3020598271.0,7
PEPE,1775702580000,1775702640000,3.5000000000000004e-06,3.5100000000000003e-06,19.678474521376266,target,3029788225.0,7
PEPE,1775703120000,1775703180000,3.5000000000000004e-06,3.5100000000000003e-06,19.682126283165296,target,3030350467.0,7
PEPE,1775703720000,1775703780000,3.5000000000000004e-06,3.5100000000000003e-06,19.685778726930508,target,3030912814.0,7
PEPE,1775705220000,1775707080000,3.5000000000000004e-06,3.49e-06,-46.199683038601464,time,3031475265.0,7
PEPE,1775707620000,1775707680000,3.48e-06,3.49e-06,19.85491828288695,target,3047569959.0,7
PEPE,1775708580000,1775708640000,3.48e-06,3.49e-06,19.85863537704457,target,3048140503.0,7
PEPE,1775709720000,1775709780000,3.48e-06,3.49e-06,19.862353161794324,target,3048711153.0,7
PEPE,1775710320000,1775710380000,3.4700000000000002e-06,3.48e-06,19.95390327217547,target,3058069467.0,7
PEPE,1775710920000,1775710980000,3.4700000000000002e-06,3.48e-06,19.957655408176592,target,3058644507.0,7
PEPE,1775711520000,1775711580000,3.4700000000000002e-06,3.48e-06,19.961408255400627,target,3059219656.0,7
PEPE,1775712120000,1775712180000,3.4700000000000002e-06,3.48e-06,19.965161800799326,target,3059794912.0,7
PEPE,1775712720000,1775712780000,3.4700000000000002e-06,3.48e-06,19.968916057424572,target,3060370277.0,7
PEPE,1775713320000,1775713380000,3.48e-06,3.49e-06,19.884756787435364,target,3052149929.0,7
PEPE,1775781120000,1775781180000,3.49e-06,3.5e-06,18.63896847555883,target,2865329512.0,8
PEPE,1775781720000,1775781780000,3.49e-06,3.5e-06,18.642442587900476,target,2865863580.0,8
PEPE,1775782320000,1775782380000,3.49e-06,3.5e-06,18.64591735074113,target,2866397748.0,8
PEPE,1775784180000,1775784240000,3.48e-06,3.49e-06,18.731734667374656,target,2875170325.0,8
PEPE,1775785320000,1775785380000,3.5100000000000003e-06,3.52e-06,18.48957731719603,target,2851129887.0,8
PEPE,1775786100000,1775786160000,3.49e-06,3.5e-06,18.656330424639336,target,2867998528.0,8
PEPE,1775786520000,1775786580000,3.48e-06,3.49e-06,18.74219566605947,target,2876776004.0,8
PEPE,1775788320000,1775788380000,3.5000000000000004e-06,3.5100000000000003e-06,18.581368680119652,target,2860872776.0,8
PEPE,1775788920000,1775788980000,3.5000000000000004e-06,3.5100000000000003e-06,18.584816849638944,target,2861403672.0,8
PEPE,1775789520000,1775789580000,3.5000000000000004e-06,3.5100000000000003e-06,18.58826566216518,target,2861934667.0,8
PEPE,1775790180000,1775790240000,3.5000000000000004e-06,3.5100000000000003e-06,18.591715111199242,target,2862465760.0,8
PEPE,1775790720000,1775790780000,3.5000000000000004e-06,3.5100000000000003e-06,18.59516520324025,target,2862996952.0,8
PEPE,1775791620000,1775791680000,3.49e-06,3.5e-06,18.680624426969253,target,2871733194.0,8
PEPE,1775792220000,1775792280000,3.49e-06,3.5e-06,18.684106306279727,target,2872268456.0,8
PEPE,1775792820000,1775792880000,3.5000000000000004e-06,3.5100000000000003e-06,18.605549759971034,target,2864595806.0,8
PEPE,1775793420000,1775794260000,3.5000000000000004e-06,3.5100000000000003e-06,18.609002417535233,target,2865127393.0,8
PEPE,1775794620000,1775794680000,3.5000000000000004e-06,3.5100000000000003e-06,18.61245571810456,target,2865659079.0,8
PEPE,1775795400000,1775795460000,3.49e-06,3.5e-06,18.69799440972558,target,2874403445.0,8
PEPE,1775796060000,1775796120000,3.5000000000000004e-06,3.5100000000000003e-06,18.619379472540786,target,2866725092.0,8
PEPE,1775797020000,1775797080000,3.53e-06,3.54e-06,18.379280294252016,target,2842889450.0,8
PEPE,1775797740000,1775797800000,3.52e-06,3.53e-06,18.46338466402429,target,2851487979.0,8
PEPE,1775799420000,1775799480000,3.5500000000000003e-06,3.5600000000000002e-06,18.225886349884277,target,2827910993.0,8
PEPE,1775800620000,1775800680000,3.5500000000000003e-06,3.5600000000000002e-06,18.22919524511031,target,2828424398.0,8
PEPE,1775801220000,1775801280000,3.5500000000000003e-06,3.5600000000000002e-06,18.23250474616394,target,2828937897.0,8
PEPE,1775865900000,1775865960000,3.61e-06,3.62e-06,17.76578103269111,target,2782424594.0,8
PEPE,1775867220000,1775867340000,3.61e-06,3.62e-06,17.768923263585272,target,2782916721.0,8
PEPE,1775868420000,1775868540000,3.5900000000000004e-06,3.6000000000000003e-06,17.927053079356075,target,2798915391.0,8
PEPE,1775869380000,1775869440000,3.5900000000000004e-06,3.6000000000000003e-06,17.930251486562117,target,2799414752.0,8
PEPE,1775869920000,1775869980000,3.6000000000000003e-06,3.61e-06,17.85571395988634,target,2792136663.0,8
PEPE,1775870820000,1775870880000,3.5900000000000004e-06,3.6000000000000003e-06,17.93663614428163,target,2800411576.0,8
PEPE,1775872020000,1775872080000,3.5900000000000004e-06,3.6000000000000003e-06,17.939836255213336,target,2800911203.0,8
PEPE,1775873820000,1775873880000,3.61e-06,3.62e-06,17.7879117236308,target,2785890638.0,8
PEPE,1775875020000,1775875080000,3.62e-06,3.63e-06,17.71412443574986,target,2778686186.0,8
PEPE,1775875620000,1775875680000,3.61e-06,3.62e-06,17.79419096249112,target,2786874074.0,8
PEPE,1775876220000,1775876280000,3.6000000000000003e-06,3.61e-06,17.874726365231314,target,2795109674.0,8
PEPE,1775877660000,1775877720000,3.6000000000000003e-06,3.61e-06,17.877901610630857,target,2795606194.0,8
PEPE,1775878620000,1775878680000,3.6000000000000003e-06,3.61e-06,17.881077425183303,target,2796102803.0,8
PEPE,1775879820000,1775879880000,3.5900000000000004e-06,3.6000000000000003e-06,17.962114555348084,target,2804389470.0,8
PEPE,1775881620000,1775881680000,3.5900000000000004e-06,3.6000000000000003e-06,17.96531921383462,target,2804889807.0,8
PEPE,1775882220000,1775882280000,3.58e-06,3.59e-06,18.046848125800366,target,2813226520.0,8
PEPE,1775882820000,1775882880000,3.5900000000000004e-06,3.6000000000000003e-06,17.97174422946032,target,2805892932.0,8
PEPE,1775883480000,1775883540000,3.5900000000000004e-06,3.6000000000000003e-06,17.974950610891177,target,2806393538.0,8
PEPE,1775884020000,1775884080000,3.5900000000000004e-06,3.6000000000000003e-06,17.978157562363766,target,2806894233.0,8
PEPE,1775884920000,1775884980000,3.58e-06,3.59e-06,18.05974472633114,target,2815236902.0,8
PEPE,1775885520000,1775885580000,3.6000000000000003e-06,3.61e-06,17.906628993015737,target,2800098357.0,8
PEPE,1775886720000,1775886780000,3.58e-06,3.59e-06,18.066189543250292,target,2816241550.0,8
PEPE,1775888520000,1775888580000,3.57e-06,3.58e-06,18.148287822723596,target,2824636237.0,8
PEPE,1775889720000,1775889780000,3.57e-06,3.58e-06,18.15155401002511,target,2825144593.0,8
PEPE,1775952420000,1775952480000,3.62e-06,3.63e-06,17.76473235412681,target,2786624683.0,8
PEPE,1775953920000,1775953980000,3.63e-06,3.64e-06,17.691119159205343,target,2779437417.0,8
PEPE,1775954580000,1775954640000,3.63e-06,3.64e-06,17.694221199241305,target,2779924776.0,8
PEPE,1775955120000,1775955180000,3.63e-06,3.64e-06,17.697323780301872,target,2780412220.0,8
PEPE,1775955720000,1775955780000,3.6400000000000003e-06,3.65e-06,17.624066759823656,target,2773259915.0,8
PEPE,1775956980000,1775957040000,3.6400000000000003e-06,3.65e-06,17.627143711015506,target,2773744093.0,8
PEPE,1775957520000,1775957580000,3.63e-06,3.64e-06,17.70660800480575,target,2781870857.0,8
PEPE,1775962080000,1775962140000,3.5100000000000003e-06,3.52e-06,18.660470867276246,target,2877482015.0,8
PEPE,1775962620000,1775962680000,3.5100000000000003e-06,3.52e-06,18.663918533220127,target,2878013652.0,8
PEPE,1775963220000,1775963280000,3.5000000000000004e-06,3.5100000000000003e-06,18.749569870485644,target,2886769803.0,8
PEPE,1775963820000,1775963880000,3.5000000000000004e-06,3.5100000000000003e-06,18.753049254975828,target,2887305505.0,8
PEPE,1775964720000,1775964780000,3.5100000000000003e-06,3.52e-06,18.674295745913238,target,2879613839.0,8
PEPE,1775965620000,1775965680000,3.49e-06,3.5e-06,18.842714781020952,target,2896651004.0,8
PEPE,1775967420000,1775967480000,3.49e-06,3.5e-06,18.84622686955052,target,2897190910.0,8
PEPE,1775968020000,1775968080000,3.49e-06,3.5e-06,18.84973960858091,target,2897730916.0,8
PEPE,1775968620000,1775968680000,3.49e-06,3.5e-06,18.85325300461625,target,2898271023.0,8
PEPE,1775969220000,1775969280000,3.5000000000000004e-06,3.5100000000000003e-06,18.773985289935908,target,2890528913.0,8
PEPE,1775969940000,1775970000000,3.49e-06,3.5e-06,18.860266337840876,target,2899349168.0,8
PEPE,1775970420000,1775970480000,3.49e-06,3.5e-06,18.863781691880984,target,2899889576.0,8
PEPE,1775971920000,1775971980000,3.5000000000000004e-06,3.5100000000000003e-06,18.78446971378619,target,2892143143.0,8
PEPE,1775972520000,1775972580000,3.5000000000000004e-06,3.5100000000000003e-06,18.78795557379051,target,2892679842.0,8
PEPE,1775973120000,1775973180000,3.5000000000000004e-06,3.5100000000000003e-06,18.79144208329543,target,2893216641.0,8
PEPE,1775973720000,1775973780000,3.5100000000000003e-06,3.52e-06,18.712527337095505,target,2885509227.0,8
PEPE,1775974320000,1775974380000,3.52e-06,3.53e-06,18.634035775426838,target,2877843363.0,8
PEPE,1776039120000,1776039180000,3.4700000000000002e-06,3.48e-06,19.05200722777586,target,2919847851.0,8
PEPE,1776039720000,1776039780000,3.4700000000000002e-06,3.48e-06,19.05558977250152,target,2920396900.0,8
PEPE,1776041520000,1776041580000,3.49e-06,3.5e-06,18.891867231035334,target,2904207107.0,8
PEPE,1776042180000,1776042240000,3.49e-06,3.5e-06,18.89538847860575,target,2904748421.0,8
PEPE,1776042960000,1776043020000,3.49e-06,3.5e-06,18.898910383181107,target,2905289836.0,8
PEPE,1776043320000,1776043380000,3.49e-06,3.5e-06,18.90243294475959,target,2905831352.0,8
PEPE,1776043980000,1776044040000,3.49e-06,3.5e-06,18.905956163346648,target,2906372969.0,8
PEPE,1776044520000,1776044580000,3.5000000000000004e-06,3.5100000000000003e-06,18.82646686441437,target,2898609217.0,8
PEPE,1776045720000,1776045780000,3.5000000000000004e-06,3.5100000000000003e-06,18.829960518422286,target,2899147116.0,8
PEPE,1776046620000,1776046680000,3.48e-06,3.49e-06,19.000020067580326,target,2916349972.0,8
PEPE,1776047220000,1776047280000,3.49e-06,3.5e-06,18.920040216906322,target,2908538081.0,8
PEPE,1776048420000,1776048480000,3.4700000000000002e-06,3.48e-06,19.09115320837632,target,2925847235.0,8
PEPE,1776049620000,1776050340000,3.48e-06,3.49e-06,19.01069328587468,target,2917988225.0,8
PEPE,1776052320000,1776052440000,3.48e-06,3.49e-06,19.01425232613549,target,2918534509.0,8
PEPE,1776052920000,1776052980000,3.48e-06,3.49e-06,19.017812037441068,target,2919080896.0,8
PEPE,1776054120000,1776054180000,3.48e-06,3.49e-06,19.021372406760445,target,2919627384.0,8
PEPE,1776054720000,1776054780000,3.48e-06,3.49e-06,19.024933453639168,target,2920173976.0,8
PEPE,1776055320000,1776055380000,3.48e-06,3.49e-06,19.02849515853533,target,2920720669.0,8
PEPE,1776056040000,1776056100000,3.4700000000000002e-06,3.48e-06,19.116201822075514,target,2929686103.0,8
PEPE,1776056820000,1776056880000,3.4700000000000002e-06,3.48e-06,19.119796438050095,target,2930237002.0,8
PEPE,1776058320000,1776058380000,3.4700000000000002e-06,3.48e-06,19.123391732626068,target,2930788005.0,8
PEPE,1776059940000,1776060000000,3.4700000000000002e-06,3.48e-06,19.126987705801614,target,2931339112.0,8
PEPE,1776060420000,1776060480000,3.49e-06,3.5e-06,18.962651720291166,target,2915088658.0,8
PEPE,1776061020000,1776061080000,3.49e-06,3.5e-06,18.966186160000632,target,2915632000.0,8
PEPE,1776124920000,1776124980000,3.75e-06,3.76e-06,16.948850563599265,target,2713987280.0,8
PEPE,1776125820000,1776125880000,3.7200000000000004e-06,3.7300000000000003e-06,17.170470047200233,target,2736329888.0,8
PEPE,1776127020000,1776127080000,3.7300000000000003e-06,3.74e-06,17.10003067576953,target,2729454218.0,8
PEPE,1776127620000,1776127680000,3.7300000000000003e-06,3.74e-06,17.102902833695776,target,2729912663.0,8
PEPE,1776128220000,1776128280000,3.7200000000000004e-06,3.7300000000000003e-06,17.179135859851,target,2737710894.0,8
PEPE,1776129720000,1776129780000,3.7200000000000004e-06,3.7300000000000003e-06,17.182033686224454,target,2738172699.0,8
PEPE,1776130320000,1776130380000,3.71e-06,3.72e-06,17.258712734609723,target,2746016346.0,8
PEPE,1776131220000,1776131280000,3.74e-06,3.75e-06,17.04144062344691,target,2724450939.0,8
PEPE,1776131820000,1776131880000,3.7200000000000004e-06,3.7300000000000003e-06,17.19071784069959,target,2739556628.0,8
PEPE,1776132480000,1776132540000,3.71e-06,3.72e-06,17.267435648399978,target,2747404240.0,8
PEPE,1776133620000,1776133680000,3.71e-06,3.72e-06,17.270360869664188,target,2747869669.0,8
PEPE,1776134340000,1776134400000,3.7e-06,3.71e-06,17.34752877744892,target,2755763110.0,8
PEPE,1776135960000,1776136020000,3.6900000000000002e-06,3.7e-06,17.425137490928982,target,2763701426.0,8
PEPE,1776136320000,1776136380000,3.6900000000000002e-06,3.7e-06,17.428114875860626,target,2764173652.0,8
PEPE,1776137520000,1776137580000,3.71e-06,3.72e-06,17.282129770995784,target,2749742207.0,8
PEPE,1776139620000,1776139680000,3.6900000000000002e-06,3.7e-06,17.43404571824528,target,2765114309.0,8
PEPE,1776140880000,1776140940000,3.71e-06,3.72e-06,17.288010934605577,target,2750677953.0,8
PEPE,1776141420000,1776141480000,3.71e-06,3.72e-06,17.290939644045075,target,2751143937.0,8
PEPE,1776142020000,1776142080000,3.7e-06,3.71e-06,17.3681995052811,target,2759046784.0,8
PEPE,1776147120000,1776147180000,3.65e-06,3.66e-06,17.74898135216954,target,2797317786.0,8
PEPE,1776148200000,1776148260000,3.6400000000000003e-06,3.65e-06,17.828891072571388,target,2805490334.0,8
PEPE,1776148620000,1776148680000,3.6400000000000003e-06,3.65e-06,17.83200378334458,target,2805980139.0,8
PEPE,1776149820000,1776149880000,3.6400000000000003e-06,3.65e-06,17.83511703429355,target,2806470029.0,8
PEPE,1776150420000,1776150480000,3.65e-06,3.66e-06,17.761366271882185,target,2799269704.0,8
PEPE,1776211320000,1776211380000,3.57e-06,3.58e-06,18.391536504450155,target,2862495954.0,8
PEPE,1776213120000,1776213180000,3.5900000000000004e-06,3.6000000000000003e-06,18.235426985998984,target,2847061200.0,8
PEPE,1776214320000,1776214380000,3.5900000000000004e-06,3.6000000000000003e-06,18.238680412156814,target,2847569151.0,8
PEPE,1776215520000,1776215580000,3.5900000000000004e-06,3.6000000000000003e-06,18.241934414759566,target,2848077192.0,8
PEPE,1776216180000,1776216240000,3.5900000000000004e-06,3.6000000000000003e-06,18.24518900021952,target,2848585324.0,8
PEPE,1776216720000,1776216780000,3.6000000000000003e-06,3.61e-06,18.169342250210768,target,2841179398.0,8
PEPE,1776217320000,1776217380000,3.61e-06,3.62e-06,18.093892180383808,target,2833812401.0,8
PEPE,1776217920000,1776217980000,3.61e-06,3.62e-06,18.097092438159695,target,2834313616.0,8
PEPE,1776218520000,1776218580000,3.61e-06,3.62e-06,18.100293270585563,target,2834814921.0,8
PEPE,1776219120000,1776219180000,3.61e-06,3.62e-06,18.103494664891414,target,2835316314.0,8
PEPE,1776219720000,1776219780000,3.6000000000000003e-06,3.61e-06,18.185429959860382,target,2843695068.0,8
PEPE,1776221820000,1776221880000,3.58e-06,3.59e-06,18.34747481607338,target,2860089605.0,8
PEPE,1776222420000,1776222480000,3.5900000000000004e-06,3.6000000000000003e-06,18.271119828463352,target,2852633853.0,8
PEPE,1776223860000,1776223920000,3.5900000000000004e-06,3.6000000000000003e-06,18.274379621189926,target,2853142798.0,8
PEPE,1776224220000,1776224280000,3.58e-06,3.59e-06,18.357311083121147,target,2861622928.0,8
PEPE,1776224820000,1776224880000,3.58e-06,3.59e-06,18.36060053474358,target,2862135703.0,8
PEPE,1776225660000,1776225720000,3.58e-06,3.59e-06,18.36389056371932,target,2862648568.0,8
PEPE,1776226020000,1776226080000,3.5900000000000004e-06,3.6000000000000003e-06,18.287467265131873,target,2855186146.0,8
PEPE,1776226620000,1776226680000,3.5900000000000004e-06,3.6000000000000003e-06,18.290729972131736,target,2855695546.0,8
PEPE,1776227220000,1776227280000,3.5900000000000004e-06,3.6000000000000003e-06,18.293993261985165,target,2856205037.0,8
PEPE,1776228420000,1776228480000,3.5900000000000004e-06,3.6000000000000003e-06,18.297257134695798,target,2856714619.0,8
PEPE,1776229020000,1776229080000,3.5900000000000004e-06,3.6000000000000003e-06,18.300521590259997,target,2857224292.0,8
PEPE,1776229620000,1776229680000,3.5900000000000004e-06,3.6000000000000003e-06,18.303786628679582,target,2857734056.0,8
PEPE,1776230220000,1776230280000,3.5900000000000004e-06,3.6000000000000003e-06,18.307052249954552,target,2858243911.0,8
PEPE,1776297840000,1776297900000,3.71e-06,3.72e-06,17.386116466124673,target,2766287425.0,8
PEPE,1776298320000,1776298380000,3.7e-06,3.71e-06,17.463801594739095,target,2774233772.0,8
PEPE,1776299040000,1776299100000,3.7e-06,3.71e-06,17.466772803265297,target,2774705767.0,8
PEPE,1776300360000,1776300420000,3.7300000000000003e-06,3.74e-06,17.246651460640777,target,2752857376.0,8
PEPE,1776300900000,1776300960000,3.7300000000000003e-06,3.74e-06,17.249548252545086,target,2753319753.0,8
PEPE,1776301320000,1776301500000,3.74e-06,3.75e-06,17.178851802015473,target,2746419153.0,8
PEPE,1776301920000,1776301980000,3.7200000000000004e-06,3.7300000000000003e-06,17.329332697374312,target,2761646645.0,8
PEPE,1776302580000,1776302640000,3.7300000000000003e-06,3.74e-06,17.258241610401605,target,2754707360.0,8
PEPE,1776303420000,1776303540000,3.74e-06,3.75e-06,17.187509535165926,target,2747803283.0,8
PEPE,1776304020000,1776304080000,3.75e-06,3.76e-06,17.11713371054545,target,2740934141.0,8
PEPE,1776305220000,1776305280000,3.7800000000000002e-06,3.79e-06,16.902522382736418,target,2719633529.0,8
PEPE,1776306060000,1776306120000,3.8e-06,3.81e-06,16.76221090404064,target,2705764472.0,8
PEPE,1776307020000,1776307080000,3.920000000000001e-06,3.880000000000001e-06,-120.25493952119862,stop,2623362555.0,8
PEPE,1776307620000,1776307680000,3.91e-06,3.87e-06,-120.38210764709982,stop,2626996348.0,8
PEPE,1776308220000,1776308280000,3.85e-06,3.86e-06,16.375255870735963,target,2664809743.0,8
PEPE,1776309420000,1776309480000,3.91e-06,3.87e-06,-120.2602121389486,stop,2624336326.0,8
PEPE,1776310020000,1776310080000,3.89e-06,3.9e-06,16.08507265728037,target,2634737536.0,8
PEPE,1776310920000,1776311160000,3.9e-06,3.91e-06,16.020062868419917,target,2628394236.0,8
PEPE,1776311520000,1776311580000,3.920000000000001e-06,3.9300000000000005e-06,15.888510877276076,target,2615392737.0,8
PEPE,1776312120000,1776312180000,3.97e-06,3.98e-06,15.56169231340175,target,2582853496.0,8
PEPE,1776312780000,1776312840000,3.98e-06,3.99e-06,15.499180789664852,target,2576754911.0,8
PEPE,1776313380000,1776313440000,3.98e-06,3.99e-06,15.501523193069003,target,2577144338.0,8
PEPE,1776313920000,1776313980000,3.98e-06,3.99e-06,15.503865951361934,target,2577533824.0,8
PEPE,1776314520000,1776314580000,4.0100000000000006e-06,4.0200000000000005e-06,15.313443390630818,target,2558637158.0,8
PEPE,1776385320000,1776385380000,3.97e-06,3.98e-06,15.573435707176118,target,2584802607.0,8
PEPE,1776386220000,1776386280000,3.98e-06,3.99e-06,15.510877011300034,target,2578699420.0,8
PEPE,1776387480000,1776387540000,3.96e-06,3.97e-06,15.643413077506615,target,2592114843.0,8
PEPE,1776388020000,1776388080000,4e-06,4.01e-06,15.386675756101056,target,2566584780.0,8
PEPE,1776388740000,1776388800000,4e-06,4.01e-06,15.388981834764802,target,2566969447.0,8
PEPE,1776391020000,1776391080000,3.95e-06,3.96e-06,15.716107310669464,target,2599852326.0,8
PEPE,1776393720000,1776393780000,3.94e-06,3.95e-06,15.784475672210693,target,2606849822.0,8
PEPE,1776394320000,1776394380000,3.9300000000000005e-06,3.94e-06,15.853210511420713,target,2613884668.0,8
PEPE,1776397320000,1776397380000,3.920000000000001e-06,3.9300000000000005e-06,15.922314746999641,target,2620957160.0,8
PEPE,1776397920000,1776397980000,3.9300000000000005e-06,3.94e-06,15.858114294390743,target,2614693206.0,8
PEPE,1776399300000,1776399360000,3.91e-06,3.92e-06,15.99425926379116,target,2628473174.0,8
PEPE,1776408420000,1776408480000,3.86e-06,3.87e-06,16.33710691825396,target,2662935113.0,8
PEPE,1776409080000,1776409140000,3.86e-06,3.87e-06,16.33970350179181,target,2663358354.0,8
PEPE,1776409620000,1776409680000,3.88e-06,3.89e-06,16.2050608193341,target,2650050829.0,8
PEPE,1776410220000,1776411120000,3.89e-06,3.9e-06,16.139513420910255,target,2643654942.0,8
PEPE,1776411420000,1776411480000,3.88e-06,3.89e-06,16.210158423979607,target,2650884452.0,8
PEPE,1776412620000,1776412680000,3.86e-06,3.87e-06,16.35001768219564,target,2665039557.0,8
PEPE,1776413220000,1776413400000,3.89e-06,3.9e-06,16.147156392511878,target,2644906862.0,8
PEPE,1776414420000,1776414480000,3.88e-06,3.89e-06,16.217834852539845,target,2652139796.0,8
PEPE,1776415020000,1776415080000,3.91e-06,3.92e-06,16.016971532374804,target,2632205675.0,8
PEPE,1776415620000,1776415680000,3.9e-06,3.91e-06,16.086933405139526,target,2639365612.0,8
PEPE,1776416280000,1776416340000,3.9e-06,3.91e-06,16.08944750731111,target,2639778098.0,8
PEPE,1776417120000,1776417180000,3.9e-06,3.91e-06,16.09196199956038,target,2640190648.0,8
PEPE,1776419520000,1776419580000,3.920000000000001e-06,3.9300000000000005e-06,15.959819585700442,target,2627130796.0,8
PEPE,1776472020000,1776472080000,3.95e-06,3.96e-06,15.762832887749447,target,2607581950.0,8
PEPE,1776472620000,1776472740000,3.95e-06,3.96e-06,15.765245199404845,target,2607981009.0,8
PEPE,1776474720000,1776474780000,3.97e-06,3.98e-06,15.636319047900702,target,2595239676.0,8
PEPE,1776475320000,1776475380000,3.96e-06,3.97e-06,15.704205593881206,target,2602188168.0,8
PEPE,1776477420000,1776477480000,3.94e-06,3.95e-06,15.83864374459634,target,2615795829.0,8
PEPE,1776478620000,1776478680000,3.94e-06,3.95e-06,15.841077830374097,target,2616197825.0,8
PEPE,1776479820000,1776479880000,3.94e-06,3.95e-06,15.843512285511924,target,2616599882.0,8
PEPE,1776480540000,1776480600000,3.94e-06,3.95e-06,15.845947122109663,target,2617002002.0,8
PEPE,1776481020000,1776481080000,3.94e-06,3.95e-06,15.848382328065652,target,2617404183.0,8
PEPE,1776482220000,1776482280000,3.9300000000000005e-06,3.94e-06,15.917395460280254,target,2624467512.0,8
PEPE,1776482820000,1776483480000,3.9300000000000005e-06,3.94e-06,15.919851918710258,target,2624872534.0,8
PEPE,1776484020000,1776484080000,3.9300000000000005e-06,3.94e-06,15.922308765301157,target,2625277620.0,8
PEPE,1776484920000,1776484980000,3.91e-06,3.92e-06,16.059004856449814,target,2639113370.0,8
PEPE,1776486420000,1776486480000,3.920000000000001e-06,3.9300000000000005e-06,15.994202931450683,target,2632790606.0,8
PEPE,1776487320000,1776487380000,3.920000000000001e-06,3.9300000000000005e-06,15.996681628650393,target,2633198622.0,8
PEPE,1776489120000,1776489180000,3.94e-06,3.95e-06,15.865541925591899,target,2620238138.0,8
PEPE,1776489720000,1776489780000,3.94e-06,3.95e-06,15.867980146934936,target,2620640817.0,8
PEPE,1776490320000,1776490440000,3.94e-06,3.95e-06,15.870418743689783,target,2621043558.0,8
PEPE,1776491220000,1776491280000,3.95e-06,3.96e-06,15.806525162416396,target,2614809787.0,8
PEPE,1776491820000,1776491880000,3.96e-06,3.97e-06,15.742936528045881,target,2608605887.0,8
PEPE,1776492420000,1776492480000,3.95e-06,3.96e-06,15.811353430860187,target,2615608508.0,8
PEPE,1776493020000,1776494100000,3.95e-06,3.96e-06,15.81377316577537,target,2616008795.0,8
PEPE,1776494520000,1776494580000,3.95e-06,3.96e-06,15.816193275479495,target,2616409144.0,8
PEPE,1776495120000,1776495180000,3.94e-06,3.95e-06,15.884997028110966,target,2623451202.0,8
PEPE,1776558780000,1776558840000,3.76e-06,3.77e-06,17.142910689875286,target,2749464425.0,8
PEPE,1776559320000,1776559380000,3.76e-06,3.77e-06,17.145753400955982,target,2749920353.0,8
PEPE,1776559920000,1776559980000,3.7700000000000003e-06,3.7800000000000002e-06,17.0756787830259,target,2743080929.0,8
PEPE,1776560580000,1776560640000,3.7800000000000002e-06,3.79e-06,17.005954339385493,target,2736275839.0,8
PEPE,1776561720000,1776561780000,3.7800000000000002e-06,3.79e-06,17.008750424381002,target,2736725732.0,8
PEPE,1776562320000,1776562380000,3.7700000000000003e-06,3.7800000000000002e-06,17.084114797199625,target,2744436112.0,8
PEPE,1776563820000,1776563880000,3.7700000000000003e-06,3.7800000000000002e-06,17.086935711975787,target,2744889271.0,8
PEPE,1776565320000,1776565380000,3.76e-06,3.77e-06,17.162735022014054,target,2752643949.0,8
PEPE,1776566520000,1776566580000,3.75e-06,3.76e-06,17.23896032747159,target,2760442006.0,8
PEPE,1776567120000,1776567180000,3.76e-06,3.77e-06,17.168439660444903,target,2753558887.0,8
PEPE,1776567840000,1776567900000,3.75e-06,3.76e-06,17.244690302318748,target,2761359536.0,8
PEPE,1776568320000,1776568380000,3.75e-06,3.76e-06,17.24756212177628,target,2761819395.0,8
PEPE,1776568920000,1776568980000,3.76e-06,3.77e-06,17.17700626987112,target,2754932842.0,8
PEPE,1776570120000,1776570180000,3.76e-06,3.77e-06,17.179854636094152,target,2755389677.0,8
PEPE,1776570720000,1776570780000,3.7700000000000003e-06,3.7800000000000002e-06,17.10964064624933,target,2748536650.0,8
PEPE,1776571320000,1776571380000,3.76e-06,3.77e-06,17.18554067552132,target,2756301632.0,8
PEPE,1776571920000,1776571980000,3.76e-06,3.77e-06,17.18839045709129,target,2756758694.0,8
PEPE,1776572520000,1776572580000,3.7700000000000003e-06,3.7800000000000002e-06,17.118141580950898,target,2749902262.0,8
PEPE,1776573120000,1776573180000,3.76e-06,3.77e-06,17.194079320970552,target,2757671102.0,8
PEPE,1776574980000,1776575040000,3.75e-06,3.76e-06,17.27044383299942,target,2765483400.0,8
PEPE,1776575520000,1776575580000,3.76e-06,3.77e-06,17.199794384319915,target,2758587712.0,8
PEPE,1776577620000,1776577680000,3.76e-06,3.77e-06,17.20264652895719,target,2759045153.0,8
PEPE,1776578220000,1776578280000,3.75e-06,3.76e-06,17.279049093279927,target,2766861344.0,8
PEPE,1776579720000,1776579780000,3.76e-06,3.77e-06,17.208364435464002,target,2759962219.0,8
PEPE,1776643380000,1776643440000,3.6400000000000003e-06,3.65e-06,18.120791525411057,target,2851422742.0,8
PEPE,1776643920000,1776643980000,3.66e-06,3.67e-06,17.968190466834326,target,2836336301.0,8
PEPE,1776645240000,1776645300000,3.6900000000000002e-06,3.7e-06,17.740779491695207,target,2813763599.0,8
PEPE,1776645960000,1776646020000,3.6800000000000003e-06,3.6900000000000002e-06,17.820246603331228,target,2821891782.0,8
PEPE,1776646920000,1776646980000,3.6900000000000002e-06,3.7e-06,17.746855702161923,target,2814727312.0,8
PEPE,1776648120000,1776648660000,3.6900000000000002e-06,3.7e-06,17.749888060385526,target,2815208257.0,8
PEPE,1776649020000,1776649080000,3.7e-06,3.71e-06,17.676859275334778,target,2808079313.0,8
PEPE,1776649620000,1776649680000,3.71e-06,3.72e-06,17.604202232836755,target,2800986831.0,8
PEPE,1776650220000,1776651120000,3.71e-06,3.67e-06,-127.53652741244962,stop,2801461338.0,8
PEPE,1776652680000,1776652740000,3.6800000000000003e-06,3.6900000000000002e-06,17.813564632365097,target,2820833671.0,8
PEPE,1776653220000,1776653280000,3.6900000000000002e-06,3.7e-06,17.74020125384002,target,2813671888.0,8
PEPE,1776653820000,1776653880000,3.7e-06,3.71e-06,17.66721232002992,target,2806546834.0,8
PEPE,1776655080000,1776655260000,3.6900000000000002e-06,3.7e-06,17.746251216589272,target,2814631438.0,8
PEPE,1776655920000,1776655980000,3.6900000000000002e-06,3.7e-06,17.749283473934977,target,2815112367.0,8
PEPE,1776656760000,1776656820000,3.6900000000000002e-06,3.7e-06,17.752316241985138,target,2815593377.0,8
PEPE,1776657120000,1776657180000,3.6900000000000002e-06,3.7e-06,17.755349533351534,target,2816074470.0,8
PEPE,1776657720000,1776657780000,3.7e-06,3.71e-06,17.682298274942656,target,2808943332.0,8
PEPE,1776658920000,1776659040000,3.7e-06,3.71e-06,17.68530665543964,target,2809421232.0,8
PEPE,1776659520000,1776659580000,3.71e-06,3.72e-06,17.61261489388412,target,2802325361.0,8
PEPE,1776660120000,1776660180000,3.71e-06,3.72e-06,17.615598590790746,target,2802800094.0,8
PEPE,1776660960000,1776661020000,3.7200000000000004e-06,3.7300000000000003e-06,17.54326362432642,target,2795739223.0,8
PEPE,1776661320000,1776661620000,3.7300000000000003e-06,3.6900000000000002e-06,-127.03987866095991,stop,2788714272.0,8
PEPE,1776664020000,1776664080000,3.6900000000000002e-06,3.7e-06,17.7517364657107,target,2815501422.0,8
PEPE,1776665220000,1776665280000,3.7e-06,3.71e-06,17.67870007812096,target,2808371736.0,8
PEPE,1776729720000,1776729780000,3.75e-06,3.76e-06,17.307381827695103,target,2771398211.0,8
PEPE,1776731520000,1776731580000,3.75e-06,3.76e-06,17.310264082544442,target,2771859741.0,8
PEPE,1776732120000,1776732180000,3.75e-06,3.76e-06,17.313146818260005,target,2772321348.0,8
PEPE,1776732720000,1776732780000,3.75e-06,3.76e-06,17.316030034839983,target,2772783032.0,8
PEPE,1776733320000,1776733380000,3.76e-06,3.77e-06,17.245194100369773,target,2765869142.0,8
PEPE,1776733920000,1776733980000,3.76e-06,3.77e-06,17.24805377688475,target,2766327791.0,8
PEPE,1776735180000,1776735240000,3.76e-06,3.77e-06,17.250913927260815,target,2766786516.0,8
PEPE,1776735720000,1776735780000,3.76e-06,3.77e-06,17.25377454526164,target,2767245316.0,8
PEPE,1776736440000,1776736500000,3.75e-06,3.76e-06,17.330404188809016,target,2775084738.0,8
PEPE,1776738720000,1776738780000,3.75e-06,3.76e-06,17.333290278090963,target,2775546882.0,8
PEPE,1776739500000,1776739560000,3.74e-06,3.75e-06,17.410364576684792,target,2783431587.0,8
PEPE,1776739920000,1776739980000,3.74e-06,3.75e-06,17.41327639177456,target,2783897105.0,8
PEPE,1776740520000,1776740580000,3.74e-06,3.75e-06,17.416188694754787,target,2784362701.0,8
PEPE,1776741720000,1776741780000,3.7300000000000003e-06,3.74e-06,17.493724428530793,target,2792294402.0,8
PEPE,1776742320000,1776742380000,3.74e-06,3.75e-06,17.422027236854117,target,2785296121.0,8
PEPE,1776742920000,1776742980000,3.7300000000000003e-06,3.74e-06,17.499588963464895,target,2793230481.0,8
PEPE,1776743520000,1776743580000,3.74e-06,3.75e-06,17.42786773677071,target,2786229854.0,8
PEPE,1776746220000,1776746280000,3.74e-06,3.75e-06,17.43078247919778,target,2786695840.0,8
PEPE,1776747420000,1776747480000,3.76e-06,3.77e-06,17.285518538890067,target,2772336574.0,8
PEPE,1776748620000,1776748680000,3.7800000000000002e-06,3.79e-06,17.141749460439478,target,2758125416.0,8
PEPE,1776749220000,1776749280000,3.7800000000000002e-06,3.79e-06,17.144567869715043,target,2758578901.0,8
PEPE,1776749820000,1776749880000,3.7800000000000002e-06,3.79e-06,17.14738674511594,target,2759032461.0,8
PEPE,1776751200000,1776751260000,3.7700000000000003e-06,3.7800000000000002e-06,17.223365401575027,target,2766805687.0,8
PEPE,1776751620000,1776751680000,3.7700000000000003e-06,3.7800000000000002e-06,17.226209317725992,target,2767262541.0,8
PEPE,1776817320000,1776817380000,3.82e-06,3.83e-06,16.8669678856255,target,2731492775.0,8
PEPE,1776817980000,1776818040000,3.81e-06,3.82e-06,16.9413628725653,target,2739104749.0,8
PEPE,1776818580000,1776818640000,3.81e-06,3.82e-06,16.944113069924665,target,2739549405.0,8
PEPE,1776819120000,1776819180000,3.81e-06,3.82e-06,16.946863706418593,target,2739994132.0,8
PEPE,1776820320000,1776820380000,3.8e-06,3.81e-06,17.02169554753639,target,2747650613.0,8
PEPE,1776821520000,1776821580000,3.79e-06,3.8e-06,17.096943473759325,target,2755349472.0,8
PEPE,1776822720000,1776822780000,3.79e-06,3.8e-06,17.09974259269418,target,2755800579.0,8
PEPE,1776823440000,1776823500000,3.7800000000000002e-06,3.79e-06,17.175422423665047,target,2763543431.0,8
PEPE,1776825120000,1776825180000,3.86e-06,3.87e-06,16.605683506530802,target,2706712878.0,8
PEPE,1776826320000,1776826380000,3.9e-06,3.91e-06,16.330805905166432,target,2679377507.0,8
PEPE,1776827100000,1776827160000,3.9e-06,3.91e-06,16.33335811937143,target,2679796246.0,8
PEPE,1776827520000,1776827580000,3.91e-06,3.92e-06,16.267397303801996,target,2673360280.0,8
PEPE,1776828120000,1776828180000,3.920000000000001e-06,3.880000000000001e-06,-122.25323865311884,stop,2666955468.0,8
PEPE,1776832920000,1776832980000,3.88e-06,3.89e-06,16.457293372770053,target,2691298998.0,8
PEPE,1776833520000,1776833580000,3.86e-06,3.87e-06,16.5992848794437,target,2705669907.0,8
PEPE,1776834120000,1776834180000,3.87e-06,3.88e-06,16.5320330332508,target,2699107434.0,8
PEPE,1776834720000,1776835020000,3.88e-06,3.89e-06,16.46510869132599,target,2692577055.0,8
PEPE,1776835320000,1776835380000,3.9e-06,3.91e-06,16.32967005315542,target,2679191149.0,8
PEPE,1776835920000,1776835980000,3.920000000000001e-06,3.9300000000000005e-06,16.19557565850223,target,2665938380.0,8
PEPE,1776836520000,1776836580000,3.91e-06,3.92e-06,16.266244597911083,target,2673170846.0,8
PEPE,1776837120000,1776837180000,3.9e-06,3.91e-06,16.337295288235044,target,2680442213.0,8
PEPE,1776841080000,1776841140000,3.88e-06,3.89e-06,16.477968138849782,target,2694679990.0,8
PEPE,1776841680000,1776841740000,3.88e-06,3.89e-06,16.480565118200484,target,2695104680.0,8
PEPE,1776842220000,1776842280000,3.88e-06,3.89e-06,16.483162507256246,target,2695529437.0,8
PEPE,1776902820000,1776902880000,3.8e-06,3.81e-06,17.05304583444108,target,2752711192.0,8
PEPE,1776904320000,1776904380000,3.7800000000000002e-06,3.79e-06,17.20142293831525,target,2767726941.0,8
PEPE,1776905520000,1776905580000,3.79e-06,3.8e-06,17.131248573271066,target,2760878094.0,8
PEPE,1776906720000,1776906780000,3.79e-06,3.8e-06,17.134053307730937,target,2761330106.0,8
PEPE,1776907920000,1776907980000,3.7800000000000002e-06,3.79e-06,17.20988499020936,target,2769088494.0,8
PEPE,1776909120000,1776909180000,3.8e-06,3.81e-06,17.067022027020883,target,2754967236.0,8
PEPE,1776909720000,1776909780000,3.79e-06,3.8e-06,17.14247032818049,target,2762686596.0,8
PEPE,1776910500000,1776910560000,3.7800000000000002e-06,3.79e-06,17.218339260923713,target,2770448795.0,8
PEPE,1776914820000,1776914880000,3.75e-06,3.76e-06,17.44273177354626,target,2793071541.0,8
PEPE,1776915420000,1776915480000,3.74e-06,3.75e-06,17.52029271765228,target,2801006030.0,8
PEPE,1776916920000,1776916980000,3.74e-06,3.75e-06,17.523222916184796,target,2801474487.0,8
PEPE,1776917520000,1776917580000,3.75e-06,3.76e-06,17.45147248162951,target,2794471174.0,8
PEPE,1776918120000,1776918180000,3.76e-06,3.77e-06,17.380082483176473,target,2787503205.0,8
PEPE,1776919320000,1776919380000,3.76e-06,3.77e-06,17.38296452463671,target,2787965441.0,8
PEPE,1776920520000,1776920580000,3.76e-06,3.77e-06,17.385847046188907,target,2788427754.0,8
PEPE,1776921120000,1776921180000,3.7700000000000003e-06,3.7800000000000002e-06,17.31479116732453,target,2781492557.0,8
PEPE,1776921720000,1776921780000,3.7700000000000003e-06,3.7800000000000002e-06,17.31765017287434,target,2781951835.0,8
PEPE,1776922920000,1776922980000,3.76e-06,3.77e-06,17.39447295046555,target,2789811219.0,8
PEPE,1776925320000,1776925380000,3.81e-06,3.82e-06,17.031362799134783,target,2753656071.0,8
PEPE,1776925920000,1776925980000,3.82e-06,3.83e-06,16.962066714124866,target,2746893395.0,8
PEPE,1776926640000,1776926700000,3.8e-06,3.81e-06,17.10933302830363,target,2761797099.0,8
PEPE,1776928020000,1776928080000,3.81e-06,3.82e-06,17.039658615935803,target,2754997351.0,8
PEPE,1776928620000,1776928680000,3.8e-06,3.81e-06,17.11490020842041,target,2762695756.0,8
PEPE,1776930720000,1776930780000,3.8e-06,3.81e-06,17.117690386860083,target,2763146148.0,8
PEPE,1776988920000,1776988980000,3.82e-06,3.83e-06,16.16492146522513,target,2617801047.0,9
PEPE,1776989520000,1776989580000,3.830000000000001e-06,3.8400000000000005e-06,16.09920774746923,target,2611388118.0,9
PEPE,1776990180000,1776990240000,3.830000000000001e-06,3.8400000000000005e-06,16.10179916823052,target,2611808462.0,9
PEPE,1776990720000,1776990780000,3.8400000000000005e-06,3.85e-06,16.036398236378545,target,2605426196.0,9
PEPE,1776991980000,1776992040000,3.85e-06,3.86e-06,15.971318240824779,target,2599075385.0,9
PEPE,1776992760000,1776992820000,3.85e-06,3.86e-06,15.973867426479295,target,2599490224.0,9
PEPE,1776994320000,1776994680000,3.8400000000000005e-06,3.85e-06,16.044089031978732,target,2606675716.0,9
PEPE,1776996480000,1776996540000,3.85e-06,3.86e-06,15.97897782355502,target,2600321859.0,9
PEPE,1776997020000,1776997080000,3.85e-06,3.86e-06,15.98152823820975,target,2600736898.0,9
PEPE,1776997620000,1776997680000,3.85e-06,3.86e-06,15.984079052290548,target,2601152002.0,9
PEPE,1777000020000,1777000080000,3.830000000000001e-06,3.8400000000000005e-06,16.12241442270006,target,2615152380.0,9
PEPE,1777003620000,1777003680000,3.81e-06,3.82e-06,16.26224137437488,target,2629303375.0,9
PEPE,1777004880000,1777004940000,3.81e-06,3.82e-06,16.264881317924885,target,2629730205.0,9
PEPE,1777005600000,1777005660000,3.8e-06,3.81e-06,16.336701747345167,target,2637078571.0,9
PEPE,1777006620000,1777006680000,3.82e-06,3.83e-06,16.201344653324515,target,2623699539.0,9
PEPE,1777007820000,1777007880000,3.8e-06,3.81e-06,16.342006309018856,target,2637934836.0,9
PEPE,1777008720000,1777008780000,3.81e-06,3.82e-06,16.275456684511077,target,2631440046.0,9
PEPE,1777009920000,1777009980000,3.82e-06,3.83e-06,16.20923617982499,target,2624977519.0,9
PEPE,1777011960000,1777012020000,3.8400000000000005e-06,3.85e-06,16.075185076779658,target,2611727876.0,9
PEPE,1777012320000,1777012380000,3.830000000000001e-06,3.8400000000000005e-06,16.14592987195571,target,2618966727.0,9
PEPE,1777012920000,1777012980000,3.8400000000000005e-06,3.85e-06,16.08034968804148,target,2612566968.0,9
PEPE,1777013520000,1777013580000,3.8400000000000005e-06,3.85e-06,16.082927149685464,target,2612985727.0,9
PEPE,1777014120000,1777014180000,3.830000000000001e-06,3.8400000000000005e-06,16.15370601456053,target,2620228064.0,9
PEPE,1777014780000,1777014840000,3.8400000000000005e-06,3.85e-06,16.088094247566573,target,2613825223.0,9
PEPE,1777075920000,1777075980000,3.85e-06,3.86e-06,16.022804455154887,target,2607453939.0,9
PEPE,1777076820000,1777076880000,3.85e-06,3.86e-06,16.02536185667471,target,2607870115.0,9
PEPE,1777077420000,1777077480000,3.85e-06,3.86e-06,16.027919676054534,target,2608286359.0,9
PEPE,1777079400000,1777079460000,3.87e-06,3.88e-06,15.895728631126238,target,2595221001.0,9
PEPE,1777081620000,1777081740000,3.88e-06,3.89e-06,15.831380152665112,target,2588941971.0,9
PEPE,1777083720000,1777083780000,3.87e-06,3.88e-06,15.90075004087537,target,2596040823.0,9
PEPE,1777084320000,1777084380000,3.88e-06,3.89e-06,15.836381232034583,target,2589759809.0,9
PEPE,1777084980000,1777085040000,3.87e-06,3.88e-06,15.905773036999042,target,2596860904.0,9
PEPE,1777086960000,1777087020000,3.87e-06,3.88e-06,15.908290418125013,target,2597271905.0,9
PEPE,1777087920000,1777087980000,3.87e-06,3.88e-06,15.910808203498977,target,2597682972.0,9
PEPE,1777088520000,1777088640000,3.88e-06,3.89e-06,15.84639868439037,target,2591397986.0,9
PEPE,1777089720000,1777089780000,3.88e-06,3.89e-06,15.848896123771055,target,2591806398.0,9
PEPE,1777090320000,1777090380000,3.89e-06,3.9e-06,15.784789361715905,target,2585551083.0,9
PEPE,1777091520000,1777091580000,3.88e-06,3.89e-06,15.853881689385847,target,2592621699.0,9
PEPE,1777092420000,1777092480000,3.87e-06,3.88e-06,15.923350176124696,target,2599730641.0,9
PEPE,1777093020000,1777093080000,3.87e-06,3.88e-06,15.925870344126583,target,2600142097.0,9
PEPE,1777094520000,1777094580000,3.86e-06,3.87e-06,15.995729082542793,target,2607290804.0,9
PEPE,1777095120000,1777095180000,3.86e-06,3.87e-06,15.99827140813695,target,2607705201.0,9
PEPE,1777096320000,1777096380000,3.88e-06,3.89e-06,15.866442199019076,target,2594675748.0,9
PEPE,1777096920000,1777096980000,3.88e-06,3.89e-06,15.86894279985594,target,2595084677.0,9
PEPE,1777098120000,1777098180000,3.87e-06,3.88e-06,15.93847727850065,target,2602200372.0,9
PEPE,1777098720000,1777098780000,3.87e-06,3.88e-06,15.940999841374888,target,2602612219.0,9
PEPE,1777100160000,1777100220000,3.86e-06,3.87e-06,16.010924943796148,target,2609767717.0,9
PEPE,1777101120000,1777101240000,3.86e-06,3.87e-06,16.013469686581086,target,2610182508.0,9
PEPE,1777162920000,1777162980000,3.8400000000000005e-06,3.85e-06,16.151915461029684,target,2624194226.0,9
PEPE,1777163520000,1777163580000,3.830000000000001e-06,3.8400000000000005e-06,16.22299793278567,target,2631467629.0,9
PEPE,1777164120000,1777164180000,3.830000000000001e-06,3.8400000000000005e-06,16.225609284989755,target,2631891206.0,9
PEPE,1777164960000,1777165200000,3.830000000000001e-06,3.8400000000000005e-06,16.228221056415958,target,2632314851.0,9
PEPE,1777166820000,1777166880000,3.82e-06,3.83e-06,16.299718646251385,target,2639630550.0,9
PEPE,1777167420000,1777167480000,3.830000000000001e-06,3.8400000000000005e-06,16.233456953924616,target,2633164145.0,9
PEPE,1777168020000,1777168080000,3.82e-06,3.83e-06,16.304977609701222,target,2640482204.0,9
PEPE,1777168620000,1777168980000,3.82e-06,3.83e-06,16.307613297300897,target,2640909036.0,9
PEPE,1777170420000,1777170480000,3.8400000000000005e-06,3.85e-06,16.17274861574537,target,2627578979.0,9
PEPE,1777171020000,1777171080000,3.830000000000001e-06,3.8400000000000005e-06,16.243922775060824,target,2634861764.0,9
PEPE,1777171620000,1777171680000,3.82e-06,3.83e-06,16.31548954067636,target,2642184541.0,9
PEPE,1777173120000,1777173180000,3.830000000000001e-06,3.8400000000000005e-06,16.249163734036035,target,2635711879.0,9
PEPE,1777173720000,1777173780000,3.85e-06,3.86e-06,16.11490562912541,target,2622441925.0,9
PEPE,1777174320000,1777174380000,3.830000000000001e-06,3.8400000000000005e-06,16.254373251510476,target,2636556894.0,9
PEPE,1777174920000,1777174980000,3.82e-06,3.83e-06,16.32598605884838,target,2643884382.0,9
PEPE,1777177320000,1777177380000,3.830000000000001e-06,3.8400000000000005e-06,16.25961758273931,target,2637407556.0,9
PEPE,1777179120000,1777179180000,3.85e-06,3.86e-06,16.125273104424657,target,2624129065.0,9
PEPE,1777181580000,1777181640000,3.87e-06,3.88e-06,15.992279131500789,target,2610984348.0,9
PEPE,1777182720000,1777182780000,3.86e-06,3.87e-06,16.062429170638936,target,2618162864.0,9
PEPE,1777183920000,1777183980000,3.88e-06,3.89e-06,15.930071287284484,target,2605081159.0,9
PEPE,1777184520000,1777184580000,3.88e-06,3.89e-06,15.932581916720888,target,2605491728.0,9
PEPE,1777185120000,1777185180000,3.88e-06,3.89e-06,15.935092943631561,target,2605902362.0,9
PEPE,1777185720000,1777185780000,3.89e-06,3.9e-06,15.870637523728298,target,2599613026.0,9
PEPE,1777186320000,1777186380000,3.89e-06,3.9e-06,15.873128278258928,target,2600021012.0,9
PEPE,1777249320000,1777249380000,3.89e-06,3.9e-06,15.875619423511022,target,2600429062.0,9
PEPE,1777249920000,1777249980000,3.88e-06,3.89e-06,15.945109325861512,target,2607540364.0,9
PEPE,1777250520000,1777250580000,3.9e-06,3.91e-06,15.813948101046305,target,2594577211.0,9
PEPE,1777251720000,1777251780000,3.95e-06,3.96e-06,15.488104950629957,target,2562134814.0,9
PEPE,1777252920000,1777252980000,3.9300000000000005e-06,3.94e-06,15.620818512920122,target,2575567768.0,9
PEPE,1777254120000,1777254180000,3.95e-06,3.96e-06,15.49286579919106,target,2562922382.0,9
PEPE,1777254720000,1777254780000,3.96e-06,3.97e-06,15.430538995649087,target,2556841590.0,9
PEPE,1777255320000,1777255380000,3.97e-06,3.98e-06,15.368508912526055,target,2550789861.0,9
PEPE,1777256760000,1777256820000,3.95e-06,3.96e-06,15.499950218805907,target,2564094329.0,9
PEPE,1777257120000,1777257180000,3.97e-06,3.98e-06,15.373193609100634,target,2551567404.0,9
PEPE,1777258320000,1777258380000,3.98e-06,3.99e-06,15.311439292379964,target,2545542692.0,9
PEPE,1777258920000,1777258980000,3.99e-06,4e-06,15.24997751915415,target,2539546631.0,9
PEPE,1777259520000,1777259580000,4e-06,4.01e-06,15.188806188930807,target,2533579014.0,9
PEPE,1777260120000,1777260180000,4e-06,4.01e-06,15.191082610331154,target,2533958734.0,9
PEPE,1777260720000,1777260780000,4.0100000000000006e-06,4.0200000000000005e-06,15.130190513026381,target,2528018465.0,9
PEPE,1777270920000,1777270980000,3.85e-06,3.86e-06,16.182685224926217,target,2633471965.0,9
PEPE,1777273620000,1777273680000,3.82e-06,3.83e-06,16.392014901598465,target,2654577312.0,9
PEPE,1777275120000,1777275180000,3.82e-06,3.83e-06,16.394664662026873,target,2655006423.0,9
PEPE,1777276920000,1777276980000,3.81e-06,3.82e-06,16.46697647125058,target,2662405250.0,9
PEPE,1777277520000,1777277580000,3.830000000000001e-06,3.8400000000000005e-06,16.330667611004507,target,2648932297.0,9
PEPE,1777278120000,1777278180000,3.82e-06,3.83e-06,16.402616561499514,target,2656294180.0,9
PEPE,1777278720000,1777278780000,3.82e-06,3.83e-06,16.405268026225905,target,2656723567.0,9
PEPE,1777279380000,1777279440000,3.82e-06,3.83e-06,16.407919929375335,target,2657153025.0,9
PEPE,1777279920000,1777279980000,3.830000000000001e-06,3.8400000000000005e-06,16.341218373511303,target,2650643694.0,9
PEPE,1777334520000,1777334580000,3.9e-06,3.91e-06,15.868253527085312,target,2603487043.0,9
PEPE,1777335120000,1777335180000,3.9e-06,3.91e-06,15.87073344849546,target,2603893921.0,9
PEPE,1777335720000,1777335780000,3.88e-06,3.89e-06,16.007388949811133,target,2617725094.0,9
PEPE,1777337820000,1777337880000,3.9e-06,3.91e-06,15.87571542835573,target,2604711309.0,9
PEPE,1777338420000,1777338480000,3.9e-06,3.91e-06,15.878196520004389,target,2605118379.0,9
PEPE,1777339020000,1777339080000,3.89e-06,3.9e-06,15.94762459570483,target,2612223521.0,9
PEPE,1777339860000,1777339920000,3.89e-06,3.9e-06,15.950127432029763,target,2612633486.0,9
PEPE,1777340520000,1777340580000,3.88e-06,3.89e-06,16.019943466745126,target,2619778163.0,9
PEPE,1777341420000,1777341480000,3.88e-06,3.89e-06,16.022468258520412,target,2620191048.0,9
PEPE,1777342020000,1777342140000,3.88e-06,3.89e-06,16.024993447769965,target,2620603998.0,9
PEPE,1777342620000,1777342680000,3.87e-06,3.88e-06,16.095211710376862,target,2627789667.0,9
PEPE,1777345020000,1777345080000,3.86e-06,3.87e-06,16.165813264243617,target,2635014387.0,9
PEPE,1777345620000,1777345680000,3.87e-06,3.88e-06,16.100317626751774,target,2628623286.0,9
PEPE,1777346280000,1777346340000,3.86e-06,3.87e-06,16.170941572093703,target,2635850297.0,9
PEPE,1777347120000,1777347180000,3.85e-06,3.86e-06,16.241952035470057,target,2643116686.0,9
PEPE,1777349220000,1777349280000,3.86e-06,3.87e-06,16.17609320521563,target,2636690009.0,9
PEPE,1777349820000,1777349880000,3.88e-06,3.89e-06,16.04279870729593,target,2623515733.0,9
PEPE,1777350420000,1777350480000,3.86e-06,3.87e-06,16.181214009960208,target,2637524696.0,9
PEPE,1777351020000,1777351140000,3.86e-06,3.87e-06,16.183785814231243,target,2637943898.0,9
PEPE,1777352520000,1777352580000,3.87e-06,3.88e-06,16.11821735737561,target,2631545691.0,9
PEPE,1777353120000,1777353180000,3.88e-06,3.89e-06,16.05296820912525,target,2625178775.0,9
PEPE,1777353720000,1777353780000,3.88e-06,3.89e-06,16.055498204765712,target,2625592511.0,9
PEPE,1777354320000,1777354380000,3.89e-06,3.9e-06,15.99055576767109,target,2619255654.0,9
PEPE,1777354920000,1777354980000,3.88e-06,3.89e-06,16.060548766715748,target,2626418441.0,9
PEPE,1777421520000,1777421580000,3.87e-06,3.88e-06,16.13092282462371,target,2633620053.0,9
PEPE,1777422120000,1777422180000,3.87e-06,3.88e-06,16.133475840999026,target,2634036872.0,9
PEPE,1777423920000,1777424100000,3.89e-06,3.9e-06,16.00064949994327,target,2620909009.0,9
PEPE,1777426320000,1777426380000,3.86e-06,3.87e-06,16.20678834642268,target,2641693292.0,9
PEPE,1777427520000,1777427580000,3.88e-06,3.89e-06,16.07324091395601,target,2628494017.0,9
PEPE,1777428120000,1777428180000,3.88e-06,3.89e-06,16.07577410774138,target,2628908276.0,9
PEPE,1777428720000,1777428780000,3.88e-06,3.89e-06,16.07830769900102,target,2629322600.0,9
PEPE,1777429500000,1777429560000,3.87e-06,3.88e-06,16.14875957799861,target,2636532176.0,9
PEPE,1777430280000,1777430340000,3.87e-06,3.88e-06,16.15131541800131,target,2636949456.0,9
PEPE,1777432380000,1777432440000,3.87e-06,3.88e-06,16.15387166837695,target,2637366803.0,9
PEPE,1777434720000,1777434780000,3.9e-06,3.91e-06,15.953623296958963,target,2617493568.0,9
PEPE,1777435380000,1777435440000,3.9e-06,3.91e-06,15.956116560325006,target,2617902635.0,9
PEPE,1777435920000,1777435980000,3.9e-06,3.91e-06,15.958610213768733,target,2618311766.0,9
PEPE,1777436520000,1777436580000,3.9e-06,3.91e-06,15.961104257295602,target,2618720961.0,9
PEPE,1777437720000,1777437780000,3.9300000000000005e-06,3.94e-06,15.763765055899865,target,2599136860.0,9
PEPE,1777438320000,1777438380000,3.94e-06,3.95e-06,15.70025268091069,target,2592940162.0,9
PEPE,1777438920000,1777440780000,3.94e-06,3.92e-06,-67.14153751905047,time,2593338645.0,9
PEPE,1777442220000,1777442280000,3.920000000000001e-06,3.9300000000000005e-06,15.824507307749679,target,2604857170.0,9
PEPE,1777443420000,1777443480000,3.91e-06,3.92e-06,15.893557101880905,target,2611923928.0,9
PEPE,1777444620000,1777444680000,3.9e-06,3.91e-06,15.962979902120898,target,2619028696.0,9
PEPE,1777445220000,1777445280000,3.9e-06,3.91e-06,15.965474628285985,target,2619438003.0,9
PEPE,1777447020000,1777447080000,3.89e-06,3.9e-06,16.035284337105654,target,2626582201.0,9
PEPE,1777447620000,1777447680000,3.9e-06,3.91e-06,15.970475776920402,target,2620258536.0,9
PEPE,1777448220000,1777448280000,3.94e-06,3.95e-06,15.707047032741015,target,2594062268.0,9
PEPE,1777507320000,1777507380000,3.85e-06,3.86e-06,16.315655005700712,target,2655110660.0,9
PEPE,1777507920000,1777507980000,3.85e-06,3.86e-06,16.31825915223502,target,2655534443.0,9
PEPE,1777508520000,1777508580000,3.85e-06,3.86e-06,16.320863716631145,target,2655958294.0,9
PEPE,1777509720000,1777509780000,3.89e-06,3.9e-06,16.050455426939937,target,2629067228.0,9
PEPE,1777510320000,1777510380000,3.9e-06,3.91e-06,15.98558555619505,target,2622737581.0,9
PEPE,1777510920000,1777510980000,3.920000000000001e-06,3.9300000000000005e-06,15.854316676651237,target,2609764062.0,9
PEPE,1777511520000,1777511580000,3.9e-06,3.91e-06,15.990561556859586,target,2623553988.0,9
PEPE,1777512120000,1777512180000,3.9e-06,3.91e-06,15.99306059828622,target,2623964003.0,9
PEPE,1777513020000,1777513080000,3.91e-06,3.92e-06,15.928474042793303,target,2617662127.0,9
PEPE,1777514220000,1777514580000,3.920000000000001e-06,3.9300000000000005e-06,15.864198842700745,target,2611390756.0,9
PEPE,1777515360000,1777515420000,3.9e-06,3.91e-06,16.000528649410562,target,2625189278.0,9
PEPE,1777519920000,1777519980000,3.85e-06,3.86e-06,16.343845703235043,target,2659698243.0,9
PEPE,1777520520000,1777520580000,3.86e-06,3.87e-06,16.27757371261351,target,2653231249.0,9
PEPE,1777521120000,1777521240000,3.86e-06,3.87e-06,16.280160835982716,target,2653652948.0,9
PEPE,1777521720000,1777521780000,3.8400000000000005e-06,3.85e-06,16.42091230694566,target,2667898019.0,9
PEPE,1777525920000,1777525980000,3.830000000000001e-06,3.8400000000000005e-06,16.493178601576346,target,2675292555.0,9
PEPE,1777526520000,1777526580000,3.82e-06,3.83e-06,16.56584352897542,target,2682727697.0,9
PEPE,1777527720000,1777527780000,3.8400000000000005e-06,3.85e-06,16.428843270647207,target,2669186559.0,9
PEPE,1777528380000,1777528440000,3.830000000000001e-06,3.8400000000000005e-06,16.501144465890867,target,2676584666.0,9
PEPE,1777529820000,1777529880000,3.830000000000001e-06,3.8400000000000005e-06,16.50380059449008,target,2677015506.0,9
PEPE,1777530420000,1777530480000,3.830000000000001e-06,3.8400000000000005e-06,16.506457142309593,target,2677446414.0,9
PEPE,1777531020000,1777531080000,3.85e-06,3.86e-06,16.370073165446442,target,2663966341.0,9
PEPE,1777532820000,1777532880000,3.88e-06,3.89e-06,16.166779347779073,target,2643790572.0,9
PEPE,1777533420000,1777533480000,3.89e-06,3.9e-06,16.101386792369905,target,2637409794.0,9
PEPE,1777595700000,1777595760000,3.88e-06,3.89e-06,16.171864911990284,target,2644622226.0,9
PEPE,1777597320000,1777597380000,3.88e-06,3.89e-06,16.174413650104576,target,2645039027.0,9
PEPE,1777597920000,1777597980000,3.9e-06,3.91e-06,16.041366209940627,target,2631889452.0,9
PEPE,1777598520000,1777598580000,3.91e-06,3.92e-06,15.976584578070813,target,2625568542.0,9
PEPE,1777599120000,1777599180000,3.9e-06,3.91e-06,16.046370046471104,target,2632710426.0,9
PEPE,1777599720000,1777599780000,3.91e-06,3.92e-06,15.981568205240574,target,2626387544.0,9
PEPE,1777600380000,1777600440000,3.91e-06,3.92e-06,15.984055363801563,target,2626796280.0,9
PEPE,1777600920000,1777601340000,3.920000000000001e-06,3.9300000000000005e-06,15.919555876874275,target,2620503025.0,9
PEPE,1777602060000,1777602120000,3.9e-06,3.91e-06,16.05636139712139,target,2634349696.0,9
PEPE,1777604220000,1777604280000,3.9300000000000005e-06,3.94e-06,15.857844456477387,target,2614648715.0,9
PEPE,1777604820000,1777604880000,3.920000000000001e-06,3.9300000000000005e-06,15.926968889550182,target,2621723274.0,9
PEPE,1777605420000,1777605480000,3.9300000000000005e-06,3.94e-06,15.862749670785147,target,2615457489.0,9
PEPE,1777606020000,1777606080000,3.96e-06,3.97e-06,15.667125491720427,target,2596043992.0,9
PEPE,1777606620000,1777606680000,3.97e-06,3.98e-06,15.604144342899922,target,2589899476.0,9
PEPE,1777608960000,1777609020000,3.95e-06,3.96e-06,15.737600954985174,target,2603407933.0,9
PEPE,1777609500000,1777609560000,3.95e-06,3.96e-06,15.740009403884844,target,2603806353.0,9
PEPE,1777610520000,1777610580000,3.94e-06,3.95e-06,15.808481743005776,target,2610814491.0,9
PEPE,1777612920000,1777612980000,3.96e-06,3.97e-06,15.679097549703627,target,2598027763.0,9
PEPE,1777615140000,1777615200000,3.94e-06,3.95e-06,15.813320759739582,target,2611613668.0,9
PEPE,1777615620000,1777615680000,3.94e-06,3.95e-06,15.815750958209962,target,2612015022.0,9
PEPE,1777616940000,1777617000000,3.9300000000000005e-06,3.94e-06,15.884621989456152,target,2619063807.0,9
PEPE,1777617420000,1777617480000,3.9300000000000005e-06,3.94e-06,15.887073389675574,target,2619467995.0,9
PEPE,1777618920000,1777618980000,3.920000000000001e-06,3.9300000000000005e-06,15.956325233550093,target,2626555594.0,9
PEPE,1777619580000,1777619640000,3.920000000000001e-06,3.9300000000000005e-06,15.958798056225643,target,2626962643.0,9
PEPE,1777680120000,1777680180000,3.9300000000000005e-06,3.94e-06,15.894450497839745,target,2620684336.0,9
PEPE,1777683120000,1777683180000,3.9300000000000005e-06,3.94e-06,15.896903420375377,target,2621088775.0,9
PEPE,1777683720000,1777683780000,3.9300000000000005e-06,3.94e-06,15.899356725004246,target,2621493277.0,9
PEPE,1777684440000,1777684500000,3.94e-06,3.95e-06,15.835298042235731,target,2615243277.0,9
PEPE,1777684920000,1777684980000,3.9300000000000005e-06,3.94e-06,15.90425419430981,target,2622300774.0,9
PEPE,1777685760000,1777685820000,3.9300000000000005e-06,3.94e-06,15.906708633095812,target,2622705463.0,9
PEPE,1777686120000,1777686180000,3.9300000000000005e-06,3.94e-06,15.909163447911034,target,2623110214.0,9
PEPE,1777686720000,1777686780000,3.94e-06,3.95e-06,15.845065253744968,target,2616856359.0,9
PEPE,1777687320000,1777687380000,3.9300000000000005e-06,3.94e-06,15.91406393758566,target,2623918209.0,9
PEPE,1777688520000,1777688580000,3.9300000000000005e-06,3.94e-06,15.916519886556195,target,2624323147.0,9
PEPE,1777689120000,1777689180000,3.920000000000001e-06,3.9300000000000005e-06,15.985900089225373,target,2631423883.0,9
PEPE,1777689840000,1777689900000,3.9300000000000005e-06,3.94e-06,15.921443253411173,target,2625134914.0,9
PEPE,1777690320000,1777690380000,3.9300000000000005e-06,3.94e-06,15.923900336535201,target,2625540039.0,9
PEPE,1777690920000,1777692300000,3.9300000000000005e-06,3.94e-06,15.926357807820125,target,2625945228.0,9
PEPE,1777692720000,1777692780000,3.920000000000001e-06,3.9300000000000005e-06,15.995780888399501,target,2633050352.0,9
PEPE,1777693320000,1777693380000,3.920000000000001e-06,3.9300000000000005e-06,15.998259828600085,target,2633458408.0,9
PEPE,1777693920000,1777693980000,3.920000000000001e-06,3.9300000000000005e-06,16.000739151525412,target,2633866527.0,9
PEPE,1777694520000,1777694580000,3.9300000000000005e-06,3.94e-06,15.936222481800241,target,2627571720.0,9
PEPE,1777695120000,1777695180000,3.91e-06,3.92e-06,16.07303802259825,target,2641419560.0,9
PEPE,1777696620000,1777696680000,3.91e-06,3.92e-06,16.07553941397616,target,2641830635.0,9
PEPE,1777697220000,1777697280000,3.9e-06,3.91e-06,16.145757109535225,target,2649016753.0,9
PEPE,1777697820000,1777697880000,3.91e-06,3.92e-06,16.080553910350194,target,2642654710.0,9
PEPE,1777698600000,1777698660000,3.9e-06,3.91e-06,16.150793505553406,target,2649843069.0,9
PEPE,1777699260000,1777699320000,3.89e-06,3.9e-06,16.221413528265735,target,2657070193.0,9
PEPE,1777766700000,1777766760000,3.98e-06,3.99e-06,15.623320482959238,target,2597393264.0,9
PEPE,1777770720000,1777770780000,3.94e-06,3.95e-06,15.889284379850029,target,2624159270.0,9
PEPE,1777771620000,1777771680000,3.94e-06,3.95e-06,15.891726246305204,target,2624562551.0,9
PEPE,1777774020000,1777774080000,3.920000000000001e-06,3.9300000000000005e-06,16.0280283552748,target,2638358577.0,9
PEPE,1777774920000,1777775580000,3.920000000000001e-06,3.9300000000000005e-06,16.030512295200392,target,2638767456.0,9
PEPE,1777776300000,1777776360000,3.91e-06,3.92e-06,16.100460981763657,target,2645926209.0,9
PEPE,1777776720000,1777776780000,3.920000000000001e-06,3.9300000000000005e-06,16.035491772227083,target,2639587123.0,9
PEPE,1777777440000,1777777500000,3.91e-06,3.92e-06,16.10546218849996,target,2646748100.0,9
PEPE,1777777920000,1777777980000,3.920000000000001e-06,3.9300000000000005e-06,16.040472804450644,target,2640407046.0,9
PEPE,1777778520000,1777778580000,3.9300000000000005e-06,3.94e-06,15.97579592145416,target,2634096607.0,9
PEPE,1777779120000,1777779180000,3.9300000000000005e-06,3.94e-06,15.978261398541402,target,2634503116.0,9
PEPE,1777779720000,1777779780000,3.94e-06,3.95e-06,15.91388480944639,target,2628222099.0,9
PEPE,1777780920000,1777780980000,3.94e-06,3.95e-06,15.916330460274738,target,2628626005.0,9
PEPE,1777781520000,1777781580000,3.94e-06,3.95e-06,15.918776486514894,target,2629029973.0,9
PEPE,1777782720000,1777782780000,3.94e-06,3.95e-06,15.921222888165044,target,2629434003.0,9
PEPE,1777783320000,1777783380000,3.94e-06,3.95e-06,15.923669665225182,target,2629838095.0,9
PEPE,1777783920000,1777783980000,3.9300000000000005e-06,3.94e-06,15.993010635505968,target,2636934977.0,9
PEPE,1777784520000,1777784580000,3.94e-06,3.95e-06,15.928574626965231,target,2630648163.0,9
PEPE,1777785120000,1777785180000,3.94e-06,3.95e-06,15.93102253025534,target,2631052441.0,9
PEPE,1777785720000,1777785780000,3.94e-06,3.95e-06,15.933470815010823,target,2631456782.0,9
PEPE,1777786320000,1777786380000,3.94e-06,3.95e-06,15.935919475174478,target,2631861185.0,9
PEPE,1777786920000,1777786980000,3.9300000000000005e-06,3.94e-06,16.005313791254533,target,2638963527.0,9
PEPE,1777787820000,1777787880000,3.9300000000000005e-06,3.94e-06,16.00778382315509,target,2639370787.0,9
PEPE,1777788420000,1777788480000,3.920000000000001e-06,3.9300000000000005e-06,16.077561839775964,target,2646512237.0,9
PEPE,1777855920000,1777855980000,3.9300000000000005e-06,3.94e-06,16.012735416519394,target,2640187208.0,9
PEPE,1777856520000,1777856580000,3.95e-06,3.96e-06,15.881572447063903,target,2627224557.0,9
PEPE,1777857120000,1777857300000,3.95e-06,3.96e-06,15.884002929989059,target,2627626622.0,9
PEPE,1777857720000,1777857780000,3.94e-06,3.95e-06,15.953101669961095,target,2634698872.0,9
PEPE,1777858920000,1777858980000,3.99e-06,4e-06,15.62550495011465,target,2602082423.0,9
PEPE,1777860120000,1777860180000,4.03e-06,4.04e-06,15.369675685880159,target,2576643032.0,9
PEPE,1777861440000,1777861500000,4.05e-06,4.06e-06,15.244753791816851,target,2564298367.0,9
PEPE,1777861920000,1777861980000,4.06e-06,4.07e-06,15.18385382194483,target,2558357847.0,9
PEPE,1777863720000,1777863780000,4.07e-06,4.08e-06,15.123236767199954,target,2552445024.0,9
PEPE,1777864320000,1777864380000,4.07e-06,4.08e-06,15.125438366850188,target,2552816602.0,9
PEPE,1777864980000,1777865040000,4.07e-06,4.08e-06,15.127640286450355,target,2553188234.0,9
PEPE,1777865820000,1777865880000,4.06e-06,4.07e-06,15.192706645994658,target,2559849477.0,9
PEPE,1777867020000,1777867080000,4.08e-06,4.09e-06,15.069489142889438,target,2547673566.0,9
PEPE,1777867620000,1777867680000,4.09e-06,4.1e-06,15.009405658711039,target,2541812982.0,9
PEPE,1777868220000,1777868280000,4.09e-06,4.1e-06,15.01157266379904,target,2542179960.0,9
PEPE,1777869000000,1777869060000,4.09e-06,4.1e-06,15.013739981854567,target,2542546991.0,9
PEPE,1777869480000,1777869540000,4.1000000000000006e-06,4.1100000000000005e-06,14.953916332169728,target,2536711846.0,9
PEPE,1777870020000,1777870080000,4.12e-06,4.13e-06,14.83296893624898,target,2524760670.0,9
PEPE,1777870620000,1777870680000,4.09e-06,4.1e-06,15.02020814170534,target,2543642361.0,9
PEPE,1777877820000,1777877880000,4.03e-06,4.04e-06,15.40094806330547,target,2581885677.0,9
PEPE,1777878420000,1777878480000,4.03e-06,4.04e-06,15.403227635775572,target,2582267835.0,9
PEPE,1777879140000,1777879200000,4.03e-06,4.04e-06,15.405507542285896,target,2582650049.0,9
PEPE,1777879620000,1777879680000,4.04e-06,4.05e-06,15.343883309625664,target,2576638675.0,9
PEPE,1777880220000,1777880280000,4.03e-06,4.04e-06,15.410058908866134,target,2583413061.0,9
PEPE,1777939320000,1777939380000,3.98e-06,3.99e-06,15.73677494379066,target,2616255186.0,9
PEPE,1777939920000,1777939980000,3.99e-06,4e-06,15.673605828805812,target,2610092561.0,9
PEPE,1777940520000,1777940580000,3.99e-06,4e-06,15.675964724914746,target,2610485383.0,9
PEPE,1777941780000,1777941840000,3.99e-06,4e-06,15.678323981324063,target,2610878265.0,9
PEPE,1777942980000,1777943040000,3.99e-06,4e-06,15.68068358602575,target,2611271205.0,9
PEPE,1777944720000,1777944780000,4e-06,4.01e-06,15.617784588780083,target,2605135044.0,9
PEPE,1777947120000,1777947180000,4.03e-06,4.04e-06,15.426262568904708,target,2586129517.0,9
PEPE,1777948920000,1777948980000,4.03e-06,4.04e-06,15.428545887396126,target,2586512303.0,9
PEPE,1777949580000,1777949700000,4.0200000000000005e-06,4.03e-06,15.495147992799417,target,2593330208.0,9
PEPE,1777950120000,1777950180000,4.0200000000000005e-06,4.03e-06,15.497451062524728,target,2593715659.0,9
PEPE,1777950720000,1777950780000,4.0200000000000005e-06,4.03e-06,15.499754478801115,target,2594101168.0,9
PEPE,1777951320000,1777951380000,4.03e-06,4.04e-06,15.437711103930948,target,2588048802.0,9
PEPE,1777951920000,1777951980000,4.04e-06,4.05e-06,15.375958053210564,target,2582024862.0,9
PEPE,1777952520000,1777952580000,4.04e-06,4.05e-06,15.378224484524765,target,2582405455.0,9
PEPE,1777953180000,1777953240000,4.04e-06,4.05e-06,15.380491249320883,target,2582786104.0,9
PEPE,1777954020000,1777954080000,4.03e-06,4.04e-06,15.44682472917988,target,2589576652.0,9
PEPE,1777954620000,1777954680000,4.0200000000000005e-06,4.03e-06,15.513505744126451,target,2596402635.0,9
PEPE,1777955400000,1777955460000,4.03e-06,4.04e-06,15.451407322536845,target,2590344899.0,9
PEPE,1777955820000,1777955880000,4.03e-06,4.04e-06,15.45369435721959,target,2590728308.0,9
PEPE,1777956420000,1777956480000,4.0200000000000005e-06,4.03e-06,15.520405028825731,target,2597557327.0,9
PEPE,1777957020000,1777957080000,4.03e-06,4.04e-06,15.458278990605503,target,2591496897.0,9
PEPE,1777958340000,1777958400000,4.04e-06,4.05e-06,15.396443664105409,target,2585464931.0,9
PEPE,1777958820000,1777958880000,4.05e-06,4.06e-06,15.334896988568943,target,2579461226.0,9
PEPE,1777961220000,1777961280000,4.06e-06,4.07e-06,15.273636917300388,target,2573485580.0,9
PEPE,1778025780000,1778025840000,4.1100000000000005e-06,4.12e-06,14.962904343036083,target,2542549591.0,9
PEPE,1778026920000,1778027460000,4.12e-06,4.13e-06,14.903356494626319,target,2536741531.0,9
PEPE,1778027820000,1778027880000,4.12e-06,4.13e-06,14.90548167012632,target,2537103263.0,9
PEPE,1778028720000,1778028780000,4.12e-06,4.13e-06,14.907607151124058,target,2537465047.0,9
PEPE,1778029920000,1778029980000,4.14e-06,4.15e-06,14.787193900894398,target,2525566849.0,9
PEPE,1778030520000,1778030580000,4.16e-06,4.17e-06,14.667907245271085,target,2513780162.0,9
PEPE,1778032560000,1778032620000,4.1900000000000005e-06,4.2000000000000004e-06,14.490045128024946,target,2496131805.0,9
PEPE,1778033640000,1778033700000,4.1900000000000005e-06,4.2000000000000004e-06,14.492052642149455,target,2496477630.0,9
PEPE,1778034120000,1778034180000,4.18e-06,4.19e-06,14.553763182660692,target,2502796764.0,9
PEPE,1778035620000,1778035680000,4.17e-06,4.18e-06,14.615785270950756,target,2509147686.0,9
PEPE,1778036940000,1778037000000,4.2000000000000004e-06,4.21e-06,14.438666676616142,target,2491573197.0,9
PEPE,1778037420000,1778037480000,4.1900000000000005e-06,4.2000000000000004e-06,14.500102093156181,target,2497864271.0,9
PEPE,1778038020000,1778038200000,4.22e-06,4.23e-06,14.324601903151969,target,2480450546.0,9
PEPE,1778038620000,1778038680000,4.24e-06,4.25e-06,14.209602314761227,target,2469088152.0,9
PEPE,1778039220000,1778039640000,4.23e-06,4.24e-06,14.269880610461083,target,2475261164.0,9
PEPE,1778040120000,1778040180000,4.22e-06,4.23e-06,14.33045957227597,target,2481464861.0,9
PEPE,1778041320000,1778041380000,4.21e-06,4.22e-06,14.391341422379313,target,2487699468.0,9
PEPE,1778043120000,1778043720000,4.2000000000000004e-06,4.21e-06,14.452528409333414,target,2493965213.0,9
PEPE,1778044020000,1778044080000,4.2000000000000004e-06,4.21e-06,14.454522515195936,target,2494309321.0,9
PEPE,1778045520000,1778045580000,4.22e-06,4.23e-06,14.338345987350522,target,2482830474.0,9
PEPE,1778046720000,1778046780000,4.21e-06,4.22e-06,14.399261341919466,target,2489068512.0,9
PEPE,1778047500000,1778047560000,4.23e-06,4.24e-06,14.28359617961016,target,2477640274.0,9
PEPE,1778048520000,1778048580000,4.22e-06,4.23e-06,14.34423336307506,target,2483849933.0,9
PEPE,1778049720000,1778049780000,4.24e-06,4.25e-06,14.229076175840994,target,2472471968.0,9
PEPE,1778112180000,1778112240000,4.16e-06,4.17e-06,14.706309650086013,target,2520361551.0,9
PEPE,1778112720000,1778112780000,4.15e-06,4.16e-06,14.769082172600383,target,2526789080.0,9
PEPE,1778113320000,1778113380000,4.14e-06,4.15e-06,14.832173925478346,target,2533249176.0,9
PEPE,1778117520000,1778117580000,4.12e-06,4.13e-06,14.957200728625335,target,2545906507.0,9
PEPE,1778118180000,1778118240000,4.1100000000000005e-06,4.12e-06,15.021255630479931,target,2552464848.0,9
PEPE,1778118720000,1778119680000,4.1100000000000005e-06,4.070000000000001e-06,-117.74929892512371,stop,2552830329.0,9
PEPE,1778122020000,1778122080000,4.09e-06,4.1e-06,15.1311766141554,target,2562434651.0,9
PEPE,1778123220000,1778123280000,4.09e-06,4.1e-06,15.133361198431476,target,2562804606.0,9
PEPE,1778124060000,1778124120000,4.09e-06,4.1e-06,15.1355461015736,target,2563174615.0,9
PEPE,1778126460000,1778126520000,4.08e-06,4.09e-06,15.200531880623572,target,2569827875.0,9
PEPE,1778126820000,1778126880000,4.08e-06,4.09e-06,15.202735584854262,target,2570200437.0,9
PEPE,1778127420000,1778127480000,4.1000000000000006e-06,4.1100000000000005e-06,15.079608502336303,target,2558033673.0,9
PEPE,1778128680000,1778128740000,4.12e-06,4.13e-06,14.957644502625012,target,2545982043.0,9
PEPE,1778129220000,1778129280000,4.1100000000000005e-06,4.12e-06,15.02170131330186,target,2552540580.0,9
PEPE,1778129820000,1778129880000,4.13e-06,4.14e-06,14.90028663044835,target,2540543330.0,9
PEPE,1778131020000,1778131080000,4.15e-06,4.16e-06,14.78001063339735,target,2528658791.0,9
PEPE,1778131620000,1778131740000,4.15e-06,4.16e-06,14.78209230092062,target,2529014936.0,9
PEPE,1778132820000,1778132880000,4.15e-06,4.16e-06,14.78417426069516,target,2529371131.0,9
PEPE,1778134020000,1778134080000,4.14e-06,4.15e-06,14.847330482941025,target,2535837828.0,9
PEPE,1778134620000,1778134680000,4.14e-06,4.15e-06,14.849430273300403,target,2536196460.0,9
PEPE,1778135520000,1778135580000,4.14e-06,4.15e-06,14.851530350554915,target,2536555141.0,9
PEPE,1778136180000,1778136240000,4.16e-06,4.17e-06,14.731724704454571,target,2524717173.0,9
PEPE,1778136720000,1778136780000,4.16e-06,4.17e-06,14.733791041336206,target,2525071301.0,9
PEPE,1778137920000,1778137980000,4.18e-06,4.19e-06,14.615084328947484,target,2513342103.0,9
PEPE,1778198580000,1778198640000,4.15e-06,4.16e-06,14.084337348130049,target,2409638554.0,10
PEPE,1778199300000,1778199360000,4.15e-06,4.16e-06,14.086321030077311,target,2409977935.0,10
PEPE,1778199720000,1778199780000,4.16e-06,4.17e-06,14.030393648056105,target,2404523333.0,10
PEPE,1778200320000,1778200500000,4.15e-06,4.16e-06,14.090281087715578,target,2410655447.0,10
PEPE,1778200920000,1778200980000,4.14e-06,4.15e-06,14.150473084505338,target,2416818631.0,10
PEPE,1778204220000,1778204280000,4.12e-06,4.13e-06,14.26975353075111,target,2428894218.0,10
PEPE,1778204820000,1778204880000,4.12e-06,4.13e-06,14.271788354626366,target,2429240571.0,10
PEPE,1778207220000,1778207280000,4.1000000000000006e-06,4.1100000000000005e-06,14.392280653111488,target,2441438618.0,10
PEPE,1778207820000,1778207880000,4.1100000000000005e-06,4.12e-06,14.334968746175448,target,2435848555.0,10
PEPE,1778208480000,1778208540000,4.1100000000000005e-06,4.12e-06,14.337021334131611,target,2436197338.0,10
PEPE,1778209020000,1778209140000,4.1100000000000005e-06,4.12e-06,14.33907421044914,target,2436546170.0,10
PEPE,1778209620000,1778209680000,4.1000000000000006e-06,4.1100000000000005e-06,14.400534130603793,target,2442838699.0,10
PEPE,1778212080000,1778212140000,4.13e-06,4.14e-06,14.225221963351846,target,2425442790.0,10
PEPE,1778212620000,1778212680000,4.13e-06,4.14e-06,14.22724208049084,target,2425787226.0,10
PEPE,1778213220000,1778213280000,4.13e-06,4.14e-06,14.229262485015532,target,2426131711.0,10
PEPE,1778213820000,1778213880000,4.13e-06,4.14e-06,14.23128317692592,target,2426476245.0,10
PEPE,1778214420000,1778214480000,4.14e-06,4.15e-06,14.174714605410031,target,2420958942.0,10
PEPE,1778215620000,1778215680000,4.12e-06,4.13e-06,14.294199399875769,target,2433055217.0,10
PEPE,1778216220000,1778216280000,4.13e-06,4.14e-06,14.237347018020916,target,2427510148.0,10
PEPE,1778216820000,1778216880000,4.13e-06,4.14e-06,14.239368859472275,target,2427854878.0,10
PEPE,1778218020000,1778218080000,4.13e-06,4.14e-06,14.241390988305696,target,2428199657.0,10
PEPE,1778219220000,1778219280000,4.14e-06,4.15e-06,14.184782242780383,target,2422678436.0,10
PEPE,1778219820000,1778219880000,4.13e-06,4.14e-06,14.245427779832024,target,2428887942.0,10
PEPE,1778221320000,1778221380000,4.13e-06,4.14e-06,14.247450770820716,target,2429232868.0,10
PEPE,1778284920000,1778284980000,4.31e-06,4.32e-06,13.235308499492877,target,2328110554.0,10
PEPE,1778287980000,1778288040000,4.33e-06,4.34e-06,13.129559886631757,target,2317662822.0,10
PEPE,1778289180000,1778289240000,4.33e-06,4.34e-06,13.1312776449249,target,2317966045.0,10
PEPE,1778289720000,1778289780000,4.33e-06,4.34e-06,13.132995629820735,target,2318269308.0,10
PEPE,1778290380000,1778290440000,4.33e-06,4.34e-06,13.134713841315623,target,2318572611.0,10
PEPE,1778292120000,1778292180000,4.34e-06,4.35e-06,13.0830286682557,target,2313532921.0,10
PEPE,1778292960000,1778293020000,4.34e-06,4.35e-06,13.084733379314457,target,2313834373.0,10
PEPE,1778293320000,1778293380000,4.34e-06,4.35e-06,13.086438310922341,target,2314135864.0,10
PEPE,1778293920000,1778293980000,4.34e-06,4.35e-06,13.08814346872737,target,2314437395.0,10
PEPE,1778294820000,1778296380000,4.34e-06,4.35e-06,13.08984884707425,target,2314738965.0,10
PEPE,1778296920000,1778296980000,4.34e-06,4.35e-06,13.091554451625553,target,2315040575.0,10
PEPE,1778297520000,1778297580000,4.34e-06,4.35e-06,13.093260271065233,target,2315342223.0,10
PEPE,1778298120000,1778298900000,4.34e-06,4.35e-06,13.09496632235917,target,2315643912.0,10
PEPE,1778299320000,1778299380000,4.33e-06,4.34e-06,13.150131886596506,target,2321294243.0,10
PEPE,1778299920000,1778299980000,4.35e-06,4.36e-06,13.04516557356111,target,2310923928.0,10
PEPE,1778300520000,1778300580000,4.34e-06,4.35e-06,13.10008582213691,target,2316549217.0,10
PEPE,1778301120000,1778301180000,4.34e-06,4.35e-06,13.101792755610987,target,2316851062.0,10
PEPE,1778302320000,1778302380000,4.33e-06,4.34e-06,13.156987086100493,target,2322504340.0,10
PEPE,1778303520000,1778303580000,4.33e-06,4.34e-06,13.15870843034006,target,2322808196.0,10
PEPE,1778304120000,1778304180000,4.33e-06,4.34e-06,13.160430001180497,target,2323112092.0,10
PEPE,1778305320000,1778305440000,4.35e-06,4.36e-06,13.055381488120513,target,2312733656.0,10
PEPE,1778305920000,1778306580000,4.34e-06,4.35e-06,13.110344744250739,target,2318363350.0,10
PEPE,1778307120000,1778307180000,4.34e-06,4.35e-06,13.112053017959997,target,2318665432.0,10
PEPE,1778307720000,1778307840000,4.33e-06,4.34e-06,13.167290565441562,target,2324323136.0,10
PEPE,1778371320000,1778371380000,4.24e-06,4.25e-06,13.662201568414423,target,2373970733.0,10
PEPE,1778372700000,1778372760000,4.24e-06,4.25e-06,13.664055956026846,target,2374292955.0,10
PEPE,1778373120000,1778373180000,4.24e-06,4.25e-06,13.665910596854921,target,2374615221.0,10
PEPE,1778373720000,1778373780000,4.24e-06,4.25e-06,13.667765485149705,target,2374937530.0,10
PEPE,1778374620000,1778374680000,4.23e-06,4.24e-06,13.725745262809017,target,2380875154.0,10
PEPE,1778377020000,1778377080000,4.21e-06,4.22e-06,13.840680485320712,target,2392511752.0,10
PEPE,1778377620000,1778377680000,4.21e-06,4.22e-06,13.842582350349815,target,2392840510.0,10
PEPE,1778379720000,1778379780000,4.22e-06,4.23e-06,13.787802653624553,target,2387498295.0,10
PEPE,1778380320000,1778380380000,4.22e-06,4.23e-06,13.789689490501395,target,2387825020.0,10
PEPE,1778380920000,1778380980000,4.23e-06,4.24e-06,13.735147326365563,target,2382506041.0,10
PEPE,1778381520000,1778381580000,4.23e-06,4.24e-06,13.737019267985147,target,2382830749.0,10
PEPE,1778382120000,1778382180000,4.22e-06,4.23e-06,13.795336106474593,target,2388802789.0,10
PEPE,1778383620000,1778383680000,4.22e-06,4.23e-06,13.79722397707534,target,2389129693.0,10
PEPE,1778384820000,1778386560000,4.23e-06,4.24e-06,13.74265201311978,target,2383807808.0,10
PEPE,1778386920000,1778386980000,4.22e-06,4.23e-06,13.80099275940117,target,2389782296.0,10
PEPE,1778387520000,1778387580000,4.23e-06,4.24e-06,13.746405892869927,target,2384458958.0,10
PEPE,1778388120000,1778388180000,4.23e-06,4.24e-06,13.748279367981024,target,2384783932.0,10
PEPE,1778388720000,1778388780000,4.23e-06,4.24e-06,13.750153096749694,target,2385108950.0,10
PEPE,1778389320000,1778389380000,4.22e-06,4.23e-06,13.808525692499781,target,2391086700.0,10
PEPE,1778389980000,1778390040000,4.22e-06,4.23e-06,13.810415364900031,target,2391413916.0,10
PEPE,1778390520000,1778390580000,4.22e-06,4.23e-06,13.812305297173271,target,2391741177.0,10
PEPE,1778391720000,1778391780000,4.23e-06,4.24e-06,13.757673683375558,target,2386413475.0,10
PEPE,1778393520000,1778393580000,4.22e-06,4.23e-06,13.816078202849539,target,2392394494.0,10
PEPE,1778394720000,1778394780000,4.22e-06,4.23e-06,13.817968914750832,target,2392721890.0,10
PEPE,1778458020000,1778458080000,4.41e-06,4.3700000000000005e-06,-106.65430159882409,stop,2289947431.0,10
PEPE,1778462220000,1778462280000,4.35e-06,4.36e-06,13.091212753050325,target,2319081090.0,10
PEPE,1778462820000,1778462880000,4.3700000000000005e-06,4.38e-06,12.986814465000705,target,2308767016.0,10
PEPE,1778463420000,1778463480000,4.360000000000001e-06,4.3700000000000005e-06,13.041419817160111,target,2314360216.0,10
PEPE,1778464020000,1778464080000,4.34e-06,4.35e-06,13.149718326419372,target,2325325964.0,10
PEPE,1778464920000,1778464980000,4.35e-06,4.36e-06,13.097995728599663,target,2320282680.0,10
PEPE,1778465520000,1778465580000,4.34e-06,4.35e-06,13.153138391251511,target,2325930750.0,10
PEPE,1778468220000,1778468280000,4.32e-06,4.33e-06,13.26249440282447,target,2337003419.0,10
PEPE,1778471220000,1778471280000,4.2900000000000004e-06,4.3e-06,13.42760319554463,target,2353655249.0,10
PEPE,1778472420000,1778472900000,4.2900000000000004e-06,4.3e-06,13.429388849135819,target,2353968247.0,10
PEPE,1778475720000,1778475780000,4.31e-06,4.32e-06,13.321981969695099,target,2343356547.0,10
PEPE,1778476920000,1778476980000,4.32e-06,4.33e-06,13.269514780749915,target,2338240490.0,10
PEPE,1778478720000,1778479800000,4.34e-06,4.35e-06,13.163544654389442,target,2327770938.0,10
PEPE,1778480220000,1778480280000,4.34e-06,4.35e-06,13.165259855473568,target,2328074245.0,10
PEPE,1778480820000,1778480880000,4.34e-06,4.35e-06,13.166975282762113,target,2328377592.0,10
PEPE,1778481420000,1778481480000,4.33e-06,4.34e-06,13.222444206675624,target,2334058995.0,10
PEPE,1778484120000,1778484180000,4.31e-06,4.32e-06,13.332443125801547,target,2345196680.0,10
PEPE,1778486520000,1778486580000,4.31e-06,4.32e-06,13.334201712330783,target,2345506018.0,10
PEPE,1778488320000,1778488380000,4.31e-06,4.32e-06,13.335960526259251,target,2345815396.0,10
PEPE,1778489700000,1778489760000,4.32e-06,4.33e-06,13.283438279750806,target,2340693970.0,10
PEPE,1778490120000,1778490180000,4.31e-06,4.32e-06,13.339471690275381,target,2346433015.0,10
PEPE,1778490720000,1778490780000,4.33e-06,4.34e-06,13.232890823568834,target,2335903058.0,10
PEPE,1778491920000,1778491980000,4.33e-06,4.34e-06,13.234622104219508,target,2336208668.0,10
PEPE,1778493120000,1778493180000,4.32e-06,4.33e-06,13.290412542625981,target,2341922915.0,10
PEPE,1778544720000,1778544780000,4.34e-06,4.35e-06,13.18427552812547,target,2331436875.0,10
PEPE,1778545320000,1778545380000,4.34e-06,4.35e-06,13.185993432301126,target,2331740660.0,10
PEPE,1778545920000,1778545980000,4.34e-06,4.35e-06,13.187711557020453,target,2332044484.0,10
PEPE,1778546520000,1778546580000,4.34e-06,4.35e-06,13.189429913595855,target,2332348349.0,10
PEPE,1778547120000,1778547180000,4.34e-06,4.35e-06,13.191148490714928,target,2332652253.0,10
PEPE,1778547720000,1778547780000,4.34e-06,4.35e-06,13.192867288379492,target,2332956196.0,10
PEPE,1778551920000,1778551980000,4.3e-06,4.31e-06,13.411525247876314,target,2354964925.0,10
PEPE,1778553120000,1778553180000,4.2800000000000005e-06,4.2900000000000004e-06,13.523306133420071,target,2366282788.0,10
PEPE,1778554320000,1778554380000,4.2800000000000005e-06,4.2900000000000004e-06,13.525111873394163,target,2366598753.0,10
PEPE,1778554980000,1778555340000,4.3e-06,4.31e-06,13.41688383853045,target,2355905854.0,10
PEPE,1778555820000,1778555880000,4.2900000000000004e-06,4.3e-06,13.473556827919204,target,2361710224.0,10
PEPE,1778556420000,1778556480000,4.2800000000000005e-06,4.2900000000000004e-06,13.53050847931549,target,2367543041.0,10
PEPE,1778557020000,1778557080000,4.2900000000000004e-06,4.3e-06,13.477147925744926,target,2362339689.0,10
PEPE,1778557920000,1778557980000,4.27e-06,4.28e-06,13.589547778600272,target,2373720136.0,10
PEPE,1778559120000,1778559240000,4.2800000000000005e-06,4.2900000000000004e-06,13.535929345410015,target,2368491574.0,10
PEPE,1778559720000,1778559780000,4.2900000000000004e-06,4.3e-06,13.482547411583543,target,2363286137.0,10
PEPE,1778560320000,1778560380000,4.2900000000000004e-06,4.3e-06,13.484340373281547,target,2363600416.0,10
PEPE,1778560920000,1778560980000,4.2900000000000004e-06,4.3e-06,13.48613356888108,target,2363914736.0,10
PEPE,1778561520000,1778561580000,4.2900000000000004e-06,4.3e-06,13.487927004091537,target,2364229098.0,10
PEPE,1778562120000,1778562180000,4.2900000000000004e-06,4.3e-06,13.4897206789111,target,2364543502.0,10
PEPE,1778562720000,1778562780000,4.2900000000000004e-06,4.3e-06,13.491514593339767,target,2364857948.0,10
PEPE,1778563320000,1778563380000,4.2900000000000004e-06,4.3e-06,13.49330874167542,target,2365172435.0,10
PEPE,1778563920000,1778563980000,4.2900000000000004e-06,4.3e-06,13.495103135324117,target,2365486965.0,10
PEPE,1778564520000,1778564580000,4.2900000000000004e-06,4.3e-06,13.496897762881618,target,2365801536.0,10
PEPE,1778630520000,1778630880000,4.14e-06,4.15e-06,14.355552445724916,target,2451844995.0,10
PEPE,1778631420000,1778631480000,4.14e-06,4.15e-06,14.357582678684516,target,2452191747.0,10
PEPE,1778632020000,1778632080000,4.15e-06,4.16e-06,14.300545441210565,target,2446628818.0,10
PEPE,1778633220000,1778633280000,4.16e-06,4.17e-06,14.243767507934256,target,2441091261.0,10
PEPE,1778634420000,1778634480000,4.17e-06,4.18e-06,14.187247109974983,target,2435578903.0,10
PEPE,1778635020000,1778635080000,4.18e-06,4.19e-06,14.130982462105091,target,2430091567.0,10
PEPE,1778635620000,1778635680000,4.1900000000000005e-06,4.2000000000000004e-06,14.074971809399798,target,2424629080.0,10
PEPE,1778636220000,1778636280000,4.1900000000000005e-06,4.2000000000000004e-06,14.076921819195455,target,2424964999.0,10
PEPE,1778636820000,1778636880000,4.1900000000000005e-06,4.2000000000000004e-06,14.078872090215764,target,2425300963.0,10
PEPE,1778637420000,1778637480000,4.1900000000000005e-06,4.2000000000000004e-06,14.080822639875334,target,2425636975.0,10
PEPE,1778638020000,1778638080000,4.18e-06,4.19e-06,14.140782068741883,target,2431776796.0,10
PEPE,1778638620000,1778638680000,4.1900000000000005e-06,4.2000000000000004e-06,14.08473257440456,target,2426310521.0,10
PEPE,1778639220000,1778639280000,4.1900000000000005e-06,4.2000000000000004e-06,14.086683930959389,target,2426646672.0,10
PEPE,1778639820000,1778639880000,4.18e-06,4.19e-06,14.146668319935653,target,2432789049.0,10
PEPE,1778640420000,1778640480000,4.18e-06,4.19e-06,14.14863633109105,target,2433127486.0,10
PEPE,1778641320000,1778641380000,4.18e-06,4.19e-06,14.15060461554867,target,2433465970.0,10
PEPE,1778641920000,1778642760000,4.1900000000000005e-06,4.2000000000000004e-06,14.094516193695686,target,2427995899.0,10
PEPE,1778643120000,1778643180000,4.1900000000000005e-06,4.2000000000000004e-06,14.096468908621246,target,2428332284.0,10
PEPE,1778643720000,1778643780000,4.1900000000000005e-06,4.2000000000000004e-06,14.098421890576327,target,2428668715.0,10
PEPE,1778644320000,1778644380000,4.2000000000000004e-06,4.21e-06,14.042570603363487,target,2423221847.0,10
PEPE,1778644920000,1778644980000,4.1900000000000005e-06,4.2000000000000004e-06,14.102320662089458,target,2429340338.0,10
PEPE,1778646120000,1778646180000,4.2000000000000004e-06,4.21e-06,14.046453925584757,target,2423891963.0,10
PEPE,1778647320000,1778647380000,4.21e-06,4.22e-06,13.990838218825767,target,2418468145.0,10
PEPE,1778647920000,1778647980000,4.21e-06,4.22e-06,13.992760713163701,target,2418800469.0,10
PEPE,1778716920000,1778716980000,4.05e-06,4.06e-06,14.949912420455625,target,2514703519.0,10
PEPE,1778717520000,1778717580000,4.07e-06,4.08e-06,14.828577920026547,target,2502713573.0,10
PEPE,1778718120000,1778718180000,4.07e-06,4.08e-06,14.830736628600691,target,2503077912.0,10
PEPE,1778718720000,1778718780000,4.08e-06,4.09e-06,14.77156744472388,target,2497306415.0,10
PEPE,1778719320000,1778719380000,4.08e-06,4.09e-06,14.77370896456092,target,2497668464.0,10
PEPE,1778719920000,1778719980000,4.08e-06,4.09e-06,14.775850786059898,target,2498030564.0,10
PEPE,1778721120000,1778721180000,4.08e-06,4.09e-06,14.777992921055155,target,2498392717.0,10
PEPE,1778722320000,1778722380000,4.07e-06,4.08e-06,14.841499142249564,target,2504894370.0,10
PEPE,1778722920000,1778723340000,4.08e-06,4.09e-06,14.782287021773733,target,2499118685.0,10
PEPE,1778723820000,1778723880000,4.08e-06,4.09e-06,14.784430091339743,target,2499480996.0,10
PEPE,1778724420000,1778724480000,4.08e-06,4.09e-06,14.786573474400216,target,2499843360.0,10
PEPE,1778725020000,1778725080000,4.08e-06,4.09e-06,14.788717165038886,target,2500205776.0,10
PEPE,1778726280000,1778726340000,4.07e-06,4.08e-06,14.852269470974836,target,2506712147.0,10
PEPE,1778731920000,1778731980000,4.0200000000000005e-06,4.03e-06,15.166101217550395,target,2538259618.0,10
PEPE,1778732520000,1778732580000,4.03e-06,4.04e-06,15.105393408203735,target,2532337537.0,10
PEPE,1778733720000,1778733780000,4.03e-06,4.04e-06,15.107629233365529,target,2532712361.0,10
PEPE,1778734320000,1778734380000,4.04e-06,4.05e-06,15.047196557010125,target,2526817222.0,10
PEPE,1778735700000,1778735760000,4.04e-06,4.05e-06,15.049414526535578,target,2527189677.0,10
PEPE,1778736120000,1778736180000,4.05e-06,4.06e-06,14.989255086885573,target,2521321293.0,10
PEPE,1778737320000,1778737380000,4.07e-06,4.08e-06,14.867601279451623,target,2509299794.0,10
PEPE,1778737920000,1778737980000,4.07e-06,4.08e-06,14.869765670099003,target,2509665092.0,10
PEPE,1778738520000,1778738580000,4.07e-06,4.08e-06,14.87193036885197,target,2510030442.0,10
PEPE,1778739120000,1778739180000,4.07e-06,4.08e-06,14.874095387551233,target,2510395846.0,10
PEPE,1778740020000,1778740080000,4.06e-06,4.07e-06,14.938071210140762,target,2516945444.0,10
PEPE,1778804520000,1778804580000,4.1100000000000005e-06,4.12e-06,14.634165506509053,target,2486689126.0,10
PEPE,1778805120000,1778805180000,4.1000000000000006e-06,4.1100000000000005e-06,14.69689024693422,target,2493111153.0,10
PEPE,1778805720000,1778805780000,4.1000000000000006e-06,4.1100000000000005e-06,14.699003368634997,target,2493469613.0,10
PEPE,1778806620000,1778806680000,4.1000000000000006e-06,4.1100000000000005e-06,14.701116802770906,target,2493828126.0,10
PEPE,1778807220000,1778807340000,4.1100000000000005e-06,4.12e-06,14.642575071464334,target,2488118109.0,10
PEPE,1778807880000,1778807940000,4.1000000000000006e-06,4.1100000000000005e-06,14.705335854270874,target,2494543826.0,10
PEPE,1778808660000,1778808960000,4.09e-06,4.1e-06,14.76841975068983,target,2501002498.0,10
PEPE,1778809320000,1778809380000,4.1000000000000006e-06,4.1100000000000005e-06,14.709573604710602,target,2495262698.0,10
PEPE,1778810220000,1778810280000,4.08e-06,4.09e-06,14.833961768991632,target,2507854906.0,10
PEPE,1778813220000,1778813280000,4.08e-06,4.09e-06,14.836112332859729,target,2508218484.0,10
PEPE,1778813820000,1778813880000,4.09e-06,4.1e-06,14.776959343205224,target,2502448661.0,10
PEPE,1778814420000,1778814480000,4.08e-06,4.09e-06,14.840405499009371,target,2508944294.0,10
PEPE,1778815020000,1778815500000,4.09e-06,4.1e-06,14.781235395809576,target,2503172802.0,10
PEPE,1778815920000,1778815980000,4.08e-06,4.09e-06,14.844699913226048,target,2509670315.0,10
PEPE,1778817720000,1778817780000,4.07e-06,4.08e-06,14.908492797302277,target,2516201316.0,10
PEPE,1778818320000,1778818380000,4.08e-06,4.09e-06,14.849013397400213,target,2510399560.0,10
PEPE,1778818920000,1778820780000,4.07e-06,4.05e-06,-65.6541831669311,time,2516932458.0,10
PEPE,1778826420000,1778826480000,4e-06,4.01e-06,15.343227844890404,target,2559337422.0,10
PEPE,1778827020000,1778827080000,4.0200000000000005e-06,4.03e-06,15.218241780199135,target,2546986072.0,10
PEPE,1778827620000,1778827680000,4.0200000000000005e-06,4.03e-06,15.220503694125535,target,2547364635.0,10
PEPE,1778828220000,1778828280000,4.0200000000000005e-06,4.03e-06,15.222765948624005,target,2547743255.0,10
PEPE,1778828820000,1778828880000,4.03e-06,4.04e-06,15.161831315356167,target,2541799047.0,10
PEPE,1778829420000,1778829480000,4.03e-06,4.04e-06,15.164075497481134,target,2542175272.0,10
PEPE,1778830140000,1778830200000,4.05e-06,4.06e-06,15.040824680244581,target,2529995741.0,10
PEPE,1778889720000,1778889780000,3.89e-06,3.9e-06,16.083280107181633,target,2634443916.0,10
PEPE,1778890320000,1778890380000,3.91e-06,3.92e-06,15.95109630814645,target,2621379837.0,10
PEPE,1778891520000,1778891580000,3.91e-06,3.92e-06,15.95357872040682,target,2621787793.0,10
PEPE,1778892720000,1778892780000,3.91e-06,3.92e-06,15.956061522104733,target,2622195813.0,10
PEPE,1778893320000,1778893380000,3.9e-06,3.91e-06,16.025757341590122,target,2629328522.0,10
PEPE,1778893920000,1778893980000,3.9e-06,3.91e-06,16.02826188070577,target,2629739439.0,10
PEPE,1778894520000,1778894580000,3.9e-06,3.91e-06,16.030766809899102,target,2630150420.0,10
PEPE,1778895120000,1778895180000,3.89e-06,3.9e-06,16.100862006570964,target,2637323834.0,10
PEPE,1778895720000,1778895780000,3.89e-06,3.9e-06,16.1033888904916,target,2637737738.0,10
PEPE,1778896320000,1778896380000,3.89e-06,3.9e-06,16.105916171235904,target,2638151707.0,10
PEPE,1778896920000,1778896980000,3.9e-06,3.91e-06,16.040822145862265,target,2631800188.0,10
PEPE,1778897520000,1778897580000,3.9e-06,3.91e-06,16.04332903764389,target,2632211491.0,10
PEPE,1778898720000,1778898780000,3.89e-06,3.9e-06,16.113479161230508,target,2639390526.0,10
PEPE,1778899320000,1778899380000,3.9e-06,3.91e-06,16.048354566279958,target,2633036024.0,10
PEPE,1778899920000,1778899980000,3.89e-06,3.9e-06,16.118526665340305,target,2640217308.0,10
PEPE,1778901120000,1778901180000,3.89e-06,3.9e-06,16.121056320931718,target,2640631666.0,10
PEPE,1778901720000,1778901780000,3.89e-06,3.9e-06,16.12358637944901,target,2641046090.0,10
PEPE,1778902320000,1778902380000,3.89e-06,3.9e-06,16.126116828691405,target,2641460578.0,10
PEPE,1778902920000,1778902980000,3.89e-06,3.9e-06,16.128647674753832,target,2641875131.0,10
PEPE,1778904180000,1778904240000,3.88e-06,3.89e-06,16.199245118009966,target,2649099774.0,10
PEPE,1778904720000,1778904780000,3.88e-06,3.89e-06,16.20179816720004,target,2649517280.0,10
PEPE,1778905320000,1778906040000,3.88e-06,3.8400000000000005e-06,-121.31401752455929,stop,2649934852.0,10
PEPE,1778910120000,1778910180000,3.85e-06,3.86e-06,16.39137383089038,target,2667432682.0,10
PEPE,1778910720000,1778910780000,3.85e-06,3.86e-06,16.393990064640843,target,2667858432.0,10
PEPE,1778976120000,1778976180000,3.76e-06,3.77e-06,17.03497243366053,target,2732152756.0,10
PEPE,1778976720000,1778976780000,3.76e-06,3.77e-06,17.037797250290126,target,2732605814.0,10
PEPE,1778977320000,1778977380000,3.75e-06,3.76e-06,17.113467664480787,target,2740347104.0,10
PEPE,1778977920000,1778977980000,3.75e-06,3.76e-06,17.1163176264351,target,2740803463.0,10
PEPE,1778978640000,1778978700000,3.75e-06,3.76e-06,17.119168063010672,target,2741259898.0,10
PEPE,1778979720000,1778979780000,3.74e-06,3.75e-06,17.195290248509423,target,2749047202.0,10
PEPE,1778980440000,1778980500000,3.74e-06,3.75e-06,17.198166091094546,target,2749506969.0,10
PEPE,1778981040000,1778981100000,3.7300000000000003e-06,3.74e-06,17.274731203170198,target,2757339378.0,10
PEPE,1778981520000,1778981640000,3.7300000000000003e-06,3.74e-06,17.277632712620203,target,2757802508.0,10
PEPE,1778983020000,1778983080000,3.7200000000000004e-06,3.7300000000000003e-06,17.35464456019928,target,2765680408.0,10
PEPE,1778983920000,1778983980000,3.7300000000000003e-06,3.74e-06,17.283449633556536,target,2758730987.0,10
PEPE,1778984520000,1778984580000,3.7300000000000003e-06,3.74e-06,17.28635260274983,target,2759194350.0,10
PEPE,1778986320000,1778986380000,3.7200000000000004e-06,3.7300000000000003e-06,17.363403318148876,target,2767076226.0,10
PEPE,1778987520000,1778987580000,3.74e-06,3.75e-06,17.21840927269497,target,2752743289.0,10
PEPE,1778988120000,1778988180000,3.74e-06,3.75e-06,17.221288980871222,target,2753203674.0,10
PEPE,1778988720000,1778988780000,3.74e-06,3.75e-06,17.224169176936115,target,2753664137.0,10
PEPE,1778991720000,1778991780000,3.7700000000000003e-06,3.7800000000000002e-06,17.007998317125576,target,2732208565.0,10
PEPE,1778992380000,1778992500000,3.76e-06,3.77e-06,17.083447444995663,target,2739927417.0,10
PEPE,1778993520000,1778993580000,3.7800000000000002e-06,3.79e-06,16.94135905385098,target,2725882390.0,10
PEPE,1778994120000,1778994180000,3.7700000000000003e-06,3.7800000000000002e-06,17.016424819499345,target,2733562220.0,10
PEPE,1778995320000,1778995380000,3.7800000000000002e-06,3.79e-06,16.946942323959973,target,2726780744.0,10
PEPE,1778995920000,1778995980000,3.7800000000000002e-06,3.79e-06,16.94972870733927,target,2727229076.0,10
PEPE,1778997120000,1778997180000,3.7800000000000002e-06,3.79e-06,16.95251554441488,target,2727677481.0,10
PEPE,1778997720000,1778997780000,3.7700000000000003e-06,3.7800000000000002e-06,17.027630747025135,target,2735362369.0,10
PEPE,1779065100000,1779065160000,3.6400000000000003e-06,3.65e-06,18.007030238270694,target,2833521674.0,10
PEPE,1779065520000,1779065580000,3.6400000000000003e-06,3.65e-06,18.010174050415717,target,2834016373.0,10
PEPE,1779066120000,1779066180000,3.66e-06,3.67e-06,17.858504534710942,target,2819022026.0,10
PEPE,1779066720000,1779066780000,3.66e-06,3.67e-06,17.861595615604287,target,2819509963.0,10
PEPE,1779067320000,1779067380000,3.63e-06,3.64e-06,18.097628387845734,target,2843303753.0,10
PEPE,1779068820000,1779068880000,3.63e-06,3.64e-06,18.10080170315053,target,2843802310.0,10
PEPE,1779069420000,1779069480000,3.65e-06,3.66e-06,17.948201395679554,target,2828715744.0,10
PEPE,1779070620000,1779070680000,3.67e-06,3.68e-06,17.79721827757532,target,2813789451.0,10
PEPE,1779071820000,1779071880000,3.66e-06,3.67e-06,17.877139811441577,target,2821963664.0,10
PEPE,1779072420000,1779072480000,3.67e-06,3.68e-06,17.803366519124644,target,2814761505.0,10
PEPE,1779073020000,1779073080000,3.67e-06,3.68e-06,17.80643480825178,target,2815246610.0,10
PEPE,1779074220000,1779074280000,3.67e-06,3.68e-06,17.809503628675962,target,2815731799.0,10
PEPE,1779074820000,1779074880000,3.66e-06,3.67e-06,17.88948032808836,target,2823911654.0,10
PEPE,1779076020000,1779076080000,3.66e-06,3.67e-06,17.892576768393955,target,2824400437.0,10
PEPE,1779076920000,1779076980000,3.66e-06,3.67e-06,17.895673753511304,target,2824889306.0,10
PEPE,1779078120000,1779079260000,3.66e-06,3.67e-06,17.89877126443044,target,2825378258.0,10
PEPE,1779081420000,1779081480000,3.66e-06,3.67e-06,17.90186932016133,target,2825867296.0,10
PEPE,1779082620000,1779082680000,3.65e-06,3.66e-06,17.98236361170192,target,2834099860.0,10
PEPE,1779084000000,1779084060000,3.6400000000000003e-06,3.65e-06,18.063324073850698,target,2842379870.0,10
PEPE,1779084420000,1779084480000,3.65e-06,3.61e-06,-128.81219660965658,stop,2835087413.0,10
PEPE,1779085020000,1779085080000,3.6400000000000003e-06,3.65e-06,18.04398865588958,target,2839337318.0,10
PEPE,1779086820000,1779086880000,3.63e-06,3.64e-06,18.125332120360735,target,2847656264.0,10
PEPE,1779088320000,1779088380000,3.62e-06,3.63e-06,18.207149289750564,target,2856023418.0,10
PEPE,1779089220000,1779089280000,3.62e-06,3.63e-06,18.210355653376396,target,2856526377.0,10
PEPE,1779148920000,1779148980000,3.6900000000000002e-06,3.7e-06,17.67184968198033,target,2802831036.0,10
PEPE,1779150720000,1779150780000,3.71e-06,3.72e-06,17.523822953024673,target,2788197765.0,10
PEPE,1779151920000,1779151980000,3.71e-06,3.72e-06,17.526791609925375,target,2788670105.0,10
PEPE,1779152520000,1779152580000,3.7e-06,3.71e-06,17.60510530865934,target,2796680748.0,10
PEPE,1779153120000,1779153180000,3.7e-06,3.71e-06,17.60810055779117,target,2797156562.0,10
PEPE,1779157320000,1779157380000,3.6800000000000003e-06,3.6900000000000002e-06,17.76306553501488,target,2812836981.0,10
PEPE,1779158520000,1779158580000,3.67e-06,3.68e-06,17.842732617051485,target,2820985394.0,10
PEPE,1779159120000,1779159180000,3.67e-06,3.68e-06,17.845807692900014,target,2821471572.0,10
PEPE,1779159720000,1779159780000,3.66e-06,3.67e-06,17.925947419835857,target,2829668101.0,10
PEPE,1779160320000,1779160380000,3.67e-06,3.68e-06,17.851972714674808,target,2822446279.0,10
PEPE,1779160920000,1779160980000,3.67e-06,3.68e-06,17.85504938442538,target,2822932709.0,10
PEPE,1779162720000,1779162780000,3.6800000000000003e-06,3.6900000000000002e-06,17.781441597721496,target,2815746888.0,10
PEPE,1779164520000,1779165360000,3.6900000000000002e-06,3.7e-06,17.708210509794107,target,2808598019.0,10
PEPE,1779167520000,1779167580000,3.6800000000000003e-06,3.6900000000000002e-06,17.78753173320002,target,2816711280.0,10
PEPE,1779168720000,1779168780000,3.67e-06,3.68e-06,17.867308550023857,target,2824870917.0,10
PEPE,1779169320000,1779169380000,3.6900000000000002e-06,3.7e-06,17.717328504460742,target,2810044172.0,10
PEPE,1779169920000,1779169980000,3.6900000000000002e-06,3.7e-06,17.720355818684173,target,2810524317.0,10
PEPE,1779170520000,1779170580000,3.6800000000000003e-06,3.6900000000000002e-06,17.799731441730415,target,2818643142.0,10
PEPE,1779172320000,1779172380000,3.6900000000000002e-06,3.7e-06,17.726425036904907,target,2811486921.0,10
PEPE,1779172920000,1779172980000,3.6900000000000002e-06,3.7e-06,17.72945390216119,target,2811967312.0,10
PEPE,1779173520000,1779173580000,3.6900000000000002e-06,3.7e-06,17.732483284424184,target,2812447785.0,10
PEPE,1779174120000,1779174180000,3.6800000000000003e-06,3.6900000000000002e-06,17.811913234605488,target,2820572167.0,10
PEPE,1779176520000,1779176580000,3.7e-06,3.71e-06,17.662556538031023,target,2805807234.0,10
PEPE,1779177120000,1779177180000,3.71e-06,3.72e-06,17.58995828593448,target,2798720491.0,10
PEPE,1779235320000,1779235380000,3.6400000000000003e-06,3.65e-06,18.130975648043343,target,2853025279.0,10
PEPE,1779235920000,1779235980000,3.63e-06,3.64e-06,18.212711254085825,target,2861384329.0,10
PEPE,1779237180000,1779237240000,3.63e-06,3.64e-06,18.215904746440426,target,2861886056.0,10
PEPE,1779238320000,1779238380000,3.63e-06,3.64e-06,18.219098805281433,target,2862387872.0,10
PEPE,1779238920000,1779238980000,3.63e-06,3.64e-06,18.22229342424021,target,2862889776.0,10
PEPE,1779239520000,1779239580000,3.6400000000000003e-06,3.65e-06,18.14686331962982,target,2855525306.0,10
PEPE,1779240120000,1779240180000,3.6400000000000003e-06,3.65e-06,18.15003154133027,target,2856023846.0,10
PEPE,1779240720000,1779240780000,3.62e-06,3.63e-06,18.310940333250002,target,2872304366.0,10
PEPE,1779241920000,1779241980000,3.6400000000000003e-06,3.65e-06,18.15639718595416,target,2857025521.0,10
PEPE,1779243120000,1779243180000,3.6400000000000003e-06,3.65e-06,18.15956707902008,target,2857524324.0,10
PEPE,1779243720000,1779243780000,3.6400000000000003e-06,3.65e-06,18.1627375186145,target,2858023213.0,10
PEPE,1779244320000,1779244380000,3.6400000000000003e-06,3.65e-06,18.16590851109559,target,2858522189.0,10
PEPE,1779244980000,1779245040000,3.6400000000000003e-06,3.65e-06,18.169080062816082,target,2859021253.0,10
PEPE,1779245820000,1779245880000,3.63e-06,3.64e-06,18.250987442550358,target,2867397870.0,10
PEPE,1779246540000,1779246600000,3.63e-06,3.64e-06,18.25418764997869,target,2867900652.0,10
PEPE,1779247020000,1779247080000,3.6400000000000003e-06,3.65e-06,18.178625520660617,target,2860523292.0,10
PEPE,1779248820000,1779248880000,3.65e-06,3.66e-06,18.10345430101433,target,2853184287.0,10
PEPE,1779249420000,1779249480000,3.65e-06,3.66e-06,18.10660132584086,target,2853680272.0,10
PEPE,1779250020000,1779250080000,3.65e-06,3.66e-06,18.109748896334786,target,2854176343.0,10
PEPE,1779250620000,1779250680000,3.65e-06,3.66e-06,18.11289701884383,target,2854672501.0,10
PEPE,1779251820000,1779251880000,3.6400000000000003e-06,3.65e-06,18.194445168324265,target,2863012615.0,10
PEPE,1779252420000,1779252480000,3.6400000000000003e-06,3.65e-06,18.197621696010287,target,2863512462.0,10
PEPE,1779253020000,1779253080000,3.65e-06,3.66e-06,18.122371918514503,target,2856165787.0,10
PEPE,1779254820000,1779254880000,3.67e-06,3.68e-06,17.96992365492553,target,2841094649.0,10
PEPE,1779322320000,1779322380000,3.7200000000000004e-06,3.7300000000000003e-06,17.591278242624238,target,2803390955.0,10
PEPE,1779322920000,1779322980000,3.7200000000000004e-06,3.7300000000000003e-06,17.594245589724824,target,2803863839.0,10
PEPE,1779323520000,1779323580000,3.7300000000000003e-06,3.74e-06,17.522067733345708,target,2796818473.0,10
PEPE,1779324360000,1779324420000,3.7300000000000003e-06,3.74e-06,17.525010786009947,target,2797288234.0,10
PEPE,1779324720000,1779324780000,3.74e-06,3.75e-06,17.453185368435058,target,2790277437.0,10
PEPE,1779325320000,1779325380000,3.74e-06,3.75e-06,17.456104345499725,target,2790744100.0,10
PEPE,1779325920000,1779325980000,3.74e-06,3.75e-06,17.459023804201244,target,2791210840.0,10
PEPE,1779326520000,1779326580000,3.74e-06,3.75e-06,17.46194375704319,target,2791677659.0,10
PEPE,1779327720000,1779327780000,3.74e-06,3.75e-06,17.464864197781058,target,2792144556.0,10
PEPE,1779328320000,1779328380000,3.75e-06,3.76e-06,17.39335272091317,target,2785164567.0,10
PEPE,1779328920000,1779328980000,3.74e-06,3.75e-06,17.47069409547147,target,2793076594.0,10
PEPE,1779329520000,1779329580000,3.74e-06,3.75e-06,17.473615999875257,target,2793543725.0,10
PEPE,1779330240000,1779330300000,3.75e-06,3.76e-06,17.402068686310386,target,2786560238.0,10
PEPE,1779331320000,1779331380000,3.76e-06,3.77e-06,17.330880782590402,target,2779611994.0,10
PEPE,1779331920000,1779331980000,3.76e-06,3.77e-06,17.333754668670828,target,2780072922.0,10
PEPE,1779332520000,1779332580000,3.75e-06,3.76e-06,17.41073952533642,target,2787948683.0,10
PEPE,1779333120000,1779333180000,3.76e-06,3.77e-06,17.33951615782887,target,2780996978.0,10
PEPE,1779333720000,1779333780000,3.76e-06,3.77e-06,17.34239147172526,target,2781458135.0,10
PEPE,1779334380000,1779334440000,3.7700000000000003e-06,3.7800000000000002e-06,17.271513199424113,target,2774540273.0,10
PEPE,1779335160000,1779335220000,3.7700000000000003e-06,3.7800000000000002e-06,17.274365058676764,target,2774998403.0,10
PEPE,1779335580000,1779335640000,3.7700000000000003e-06,3.7800000000000002e-06,17.277217391026696,target,2775456609.0,10
PEPE,1779336720000,1779336780000,3.7800000000000002e-06,3.79e-06,17.206670007999787,target,2768571200.0,10
PEPE,1779337920000,1779337980000,3.7700000000000003e-06,3.7800000000000002e-06,17.282911348724376,target,2776371301.0,10
PEPE,1779338520000,1779338580000,3.7700000000000003e-06,3.7800000000000002e-06,17.285765087925327,target,2776829733.0,10
PEPE,1779408120000,1779408180000,3.79e-06,3.8e-06,16.37203165953551,target,2638522427.0,11
PEPE,1779408780000,1779408840000,3.7800000000000002e-06,3.79e-06,16.444490798119883,target,2645935768.0,11
PEPE,1779410220000,1779410280000,3.7800000000000002e-06,3.79e-06,16.447194565504528,target,2646370807.0,11
PEPE,1779412320000,1779412380000,3.7700000000000003e-06,3.7800000000000002e-06,16.52007072817498,target,2653826623.0,11
PEPE,1779413040000,1779413100000,3.7700000000000003e-06,3.7800000000000002e-06,16.52279851072704,target,2654264821.0,11
PEPE,1779413520000,1779413580000,3.7800000000000002e-06,3.79e-06,16.455331622619397,target,2647680068.0,11
PEPE,1779414720000,1779414840000,3.79e-06,3.8e-06,16.388200989810812,target,2641128282.0,11
PEPE,1779415320000,1779415380000,3.8e-06,3.81e-06,16.3214040745346,target,2634609213.0,11
PEPE,1779415920000,1779415980000,3.8e-06,3.81e-06,16.324064895179376,target,2635038724.0,11
PEPE,1779416760000,1779416820000,3.79e-06,3.8e-06,16.39622880163673,target,2642422047.0,11
PEPE,1779417360000,1779417420000,3.79e-06,3.8e-06,16.398913196325623,target,2642854665.0,11
PEPE,1779418440000,1779418500000,3.8e-06,3.81e-06,16.332072614129988,target,2636331334.0,11
PEPE,1779419520000,1779419580000,3.8e-06,3.81e-06,16.334735175571947,target,2636761126.0,11
PEPE,1779420420000,1779420600000,3.79e-06,3.8e-06,16.406946251375327,target,2644149275.0,11
PEPE,1779421920000,1779421980000,3.7800000000000002e-06,3.79e-06,16.479559911375215,target,2651578425.0,11
PEPE,1779423120000,1779423180000,3.8e-06,3.81e-06,16.342759534288703,target,2638056422.0,11
PEPE,1779423780000,1779423840000,3.79e-06,3.8e-06,16.415006081001252,target,2645448200.0,11
PEPE,1779425520000,1779425580000,3.7800000000000002e-06,3.79e-06,16.48765541500017,target,2652881000.0,11
PEPE,1779426120000,1779426180000,3.7800000000000002e-06,3.79e-06,16.490366279916024,target,2653317181.0,11
PEPE,1779426780000,1779426840000,3.7800000000000002e-06,3.79e-06,16.49307759230915,target,2653753434.0,11
PEPE,1779427320000,1779427860000,3.79e-06,3.8e-06,16.425792977099377,target,2647186620.0,11
PEPE,1779429480000,1779429540000,3.7800000000000002e-06,3.79e-06,16.498490049359297,target,2654624304.0,11
PEPE,1779430860000,1779430920000,3.7700000000000003e-06,3.7800000000000002e-06,16.571593496926134,target,2662103373.0,11
PEPE,1779431220000,1779431280000,3.7700000000000003e-06,3.7800000000000002e-06,16.574329789050715,target,2662542938.0,11
PEPE,1779496320000,1779496380000,3.6000000000000003e-06,3.61e-06,17.833957319349985,target,2788734530.0,11
PEPE,1779497220000,1779497280000,3.5900000000000004e-06,3.6000000000000003e-06,17.914780907206232,target,2796999361.0,11
PEPE,1779498420000,1779498480000,3.61e-06,3.62e-06,17.763068556991417,target,2781999774.0,11
PEPE,1779499080000,1779499140000,3.61e-06,3.62e-06,17.766210309009686,target,2782491826.0,11
PEPE,1779499620000,1779499680000,3.61e-06,3.62e-06,17.769352610141574,target,2782983964.0,11
PEPE,1779500880000,1779500940000,3.61e-06,3.62e-06,17.77249547314981,target,2783476190.0,11
PEPE,1779501420000,1779501600000,3.62e-06,3.63e-06,17.698772135249826,target,2776277982.0,11
PEPE,1779502260000,1779502320000,3.61e-06,3.62e-06,17.778769271992125,target,2784458774.0,11
PEPE,1779502620000,1779504360000,3.62e-06,3.63e-06,17.705019909376194,target,2777258025.0,11
PEPE,1779504840000,1779504900000,3.62e-06,3.63e-06,17.70813785175028,target,2777747114.0,11
PEPE,1779505320000,1779505380000,3.62e-06,3.63e-06,17.711256342376885,target,2778236289.0,11
PEPE,1779506160000,1779506220000,3.62e-06,3.63e-06,17.714375381250555,target,2778725550.0,11
PEPE,1779506520000,1779506580000,3.62e-06,3.63e-06,17.717494974750373,target,2779214898.0,11
PEPE,1779507180000,1779507240000,3.62e-06,3.63e-06,17.720615110125443,target,2779704331.0,11
PEPE,1779507780000,1779507840000,3.62e-06,3.63e-06,17.72373580012485,target,2780193851.0,11
PEPE,1779508920000,1779510180000,3.62e-06,3.58e-06,-126.21522211323092,stop,2780683457.0,11
PEPE,1779511020000,1779511080000,3.6000000000000003e-06,3.61e-06,17.858841479399977,target,2792625720.0,11
PEPE,1779511920000,1779511980000,3.5900000000000004e-06,3.6000000000000003e-06,17.93977783520976,target,2800902082.0,11
PEPE,1779513600000,1779513660000,3.58e-06,3.59e-06,18.021190832930007,target,2809226942.0,11
PEPE,1779514620000,1779514680000,3.58e-06,3.59e-06,18.024420054120068,target,2809730328.0,11
PEPE,1779515280000,1779515340000,3.58e-06,3.59e-06,18.027649846246163,target,2810233803.0,11
PEPE,1779515820000,1779515880000,3.58e-06,3.59e-06,18.030880222135565,target,2810737369.0,11
PEPE,1779516420000,1779516480000,3.58e-06,3.59e-06,18.034111175374644,target,2811241025.0,11
PEPE,1779517020000,1779517080000,3.58e-06,3.59e-06,18.03734270596521,target,2811744771.0,11
PEPE,1779580920000,1779580980000,3.6400000000000003e-06,3.65e-06,17.577249131653957,target,2765892861.0,11
PEPE,1779581520000,1779581580000,3.63e-06,3.64e-06,17.65648849902925,target,2773996622.0,11
PEPE,1779582720000,1779582780000,3.6400000000000003e-06,3.65e-06,17.58340051745674,target,2766860821.0,11
PEPE,1779583320000,1779583680000,3.6400000000000003e-06,3.65e-06,17.58647036375445,target,2767343881.0,11
PEPE,1779584220000,1779584280000,3.63e-06,3.64e-06,17.665751305309232,target,2775451894.0,11
PEPE,1779584820000,1779584880000,3.6400000000000003e-06,3.65e-06,17.59262497789556,target,2768312349.0,11
PEPE,1779585480000,1779585540000,3.63e-06,3.64e-06,17.671933661633844,target,2776423199.0,11
PEPE,1779586620000,1779586740000,3.6400000000000003e-06,3.65e-06,17.59878174002526,target,2769281155.0,11
PEPE,1779587220000,1779587280000,3.6400000000000003e-06,3.65e-06,17.601854274490975,target,2769764638.0,11
PEPE,1779588420000,1779588480000,3.6400000000000003e-06,3.65e-06,17.604927349130648,target,2770248206.0,11
PEPE,1779589080000,1779589140000,3.63e-06,3.64e-06,17.68429149371946,target,2778364728.0,11
PEPE,1779589920000,1779589980000,3.62e-06,3.63e-06,17.764117816875633,target,2786528285.0,11
PEPE,1779591360000,1779591420000,3.63e-06,3.64e-06,17.690507170820183,target,2779341268.0,11
PEPE,1779591720000,1779591780000,3.63e-06,3.64e-06,17.693609102651223,target,2779828610.0,11
PEPE,1779592440000,1779592500000,3.63e-06,3.64e-06,17.69671157550505,target,2780316037.0,11
PEPE,1779593520000,1779593580000,3.62e-06,3.63e-06,17.776593959624858,target,2788485327.0,11
PEPE,1779594720000,1779594780000,3.61e-06,3.62e-06,17.85694284465017,target,2796702090.0,11
PEPE,1779596580000,1779596640000,3.62e-06,3.63e-06,17.7828692036253,target,2789469679.0,11
PEPE,1779597120000,1779597180000,3.62e-06,3.63e-06,17.786000858624156,target,2789960919.0,11
PEPE,1779598320000,1779598380000,3.62e-06,3.63e-06,17.789133061875535,target,2790452245.0,11
PEPE,1779598920000,1779598980000,3.62e-06,3.63e-06,17.792265813375796,target,2790943657.0,11
PEPE,1779599520000,1779599580000,3.61e-06,3.62e-06,17.872685534641313,target,2799167664.0,11
PEPE,1779600720000,1779600840000,3.61e-06,3.62e-06,17.875846671520762,target,2799662752.0,11
PEPE,1779601620000,1779601680000,3.6000000000000003e-06,3.61e-06,17.956751640879784,target,2807936144.0,11
PEPE,1779667320000,1779667380000,3.57e-06,3.58e-06,18.19582639130183,target,2832035236.0,11
PEPE,1779667920000,1779667980000,3.58e-06,3.59e-06,18.12001932860598,target,2824632787.0,11
PEPE,1779669120000,1779669540000,3.5900000000000004e-06,3.6000000000000003e-06,18.044610923325617,target,2817269465.0,11
PEPE,1779670020000,1779670080000,3.58e-06,3.59e-06,18.126499665379935,target,2825642972.0,11
PEPE,1779671220000,1779671280000,3.58e-06,3.59e-06,18.12974775308442,target,2826149299.0,11
PEPE,1779671820000,1779671880000,3.57e-06,3.58e-06,18.212134859574974,target,2834573519.0,11
PEPE,1779672540000,1779672600000,3.57e-06,3.58e-06,18.215412534777442,target,2835083663.0,11
PEPE,1779673080000,1779673140000,3.57e-06,3.58e-06,18.21869080107343,target,2835593899.0,11
PEPE,1779673620000,1779673680000,3.57e-06,3.58e-06,18.221969652049758,target,2836104226.0,11
PEPE,1779675120000,1779675180000,3.57e-06,3.58e-06,18.22524910055098,target,2836614646.0,11
PEPE,1779676560000,1779676620000,3.5500000000000003e-06,3.5600000000000002e-06,18.388287253644886,target,2853108961.0,11
PEPE,1779677520000,1779677580000,3.5500000000000003e-06,3.5600000000000002e-06,18.391625634745893,target,2853626941.0,11
PEPE,1779678120000,1779678180000,3.5500000000000003e-06,3.5600000000000002e-06,18.39496461522948,target,2854145014.0,11
PEPE,1779679080000,1779679140000,3.54e-06,3.55e-06,18.478904095366467,target,2862727203.0,11
PEPE,1779680700000,1779680760000,3.54e-06,3.55e-06,18.48227362473081,target,2863249206.0,11
PEPE,1779681480000,1779681600000,3.5500000000000003e-06,3.5600000000000002e-06,18.405014484190403,target,2855704342.0,11
PEPE,1779682620000,1779682680000,3.5500000000000003e-06,3.5600000000000002e-06,18.40835590733032,target,2856222794.0,11
PEPE,1779683820000,1779683880000,3.5600000000000002e-06,3.57e-06,18.331492505039385,target,2848716784.0,11
PEPE,1779684480000,1779684540000,3.57e-06,3.58e-06,18.255035574024127,target,2841250673.0,11
PEPE,1779685080000,1779685140000,3.58e-06,3.59e-06,18.178981832439916,target,2833824136.0,11
PEPE,1779685620000,1779685680000,3.58e-06,3.59e-06,18.182239318118395,target,2834331928.0,11
PEPE,1779686220000,1779686280000,3.5900000000000004e-06,3.6000000000000003e-06,18.106571977411594,target,2826943322.0,11
PEPE,1779686880000,1779686940000,3.5900000000000004e-06,3.6000000000000003e-06,18.10980241602197,target,2827447684.0,11
PEPE,1779687420000,1779687480000,3.5900000000000004e-06,3.6000000000000003e-06,18.1130334246759,target,2827952135.0,11
PEPE,1779753720000,1779753780000,3.5900000000000004e-06,3.6000000000000003e-06,18.116265009780214,target,2828456676.0,11
PEPE,1779754320000,1779754380000,3.5900000000000004e-06,3.6000000000000003e-06,18.119497177739913,target,2828961308.0,11
PEPE,1779754920000,1779754980000,3.58e-06,3.59e-06,18.201725765890487,target,2837369566.0,11
PEPE,1779755520000,1779755580000,3.58e-06,3.59e-06,18.20498733150943,target,2837877994.0,11
PEPE,1779760920000,1779760980000,3.52e-06,3.53e-06,18.691823453974827,target,2886768101.0,11
PEPE,1779761520000,1779761580000,3.53e-06,3.54e-06,18.613509513465274,target,2879119801.0,11
PEPE,1779762240000,1779762300000,3.53e-06,3.54e-06,18.6169184756399,target,2879647096.0,11
PEPE,1779762720000,1779762780000,3.53e-06,3.54e-06,18.62032806492032,target,2880174488.0,11
PEPE,1779763920000,1779763980000,3.54e-06,3.55e-06,18.542403195544917,target,2872564399.0,11
PEPE,1779764520000,1779764580000,3.53e-06,3.54e-06,18.627134210040325,target,2881227256.0,11
PEPE,1779765240000,1779765300000,3.52e-06,3.53e-06,18.7123727729745,target,2889941741.0,11
PEPE,1779767520000,1779767580000,3.53e-06,3.54e-06,18.633972738345047,target,2882285033.0,11
PEPE,1779768120000,1779768180000,3.54e-06,3.55e-06,18.555990770439486,target,2874669368.0,11
PEPE,1779768780000,1779768840000,3.53e-06,3.54e-06,18.640783874444054,target,2883338573.0,11
PEPE,1779769980000,1779770040000,3.5500000000000003e-06,3.5600000000000002e-06,18.481807703279344,target,2867619504.0,11
PEPE,1779770520000,1779770580000,3.5500000000000003e-06,3.5600000000000002e-06,18.485163060510335,target,2868140118.0,11
PEPE,1779771180000,1779771240000,3.5500000000000003e-06,3.5600000000000002e-06,18.488519030015752,target,2868660827.0,11
PEPE,1779771720000,1779771780000,3.5500000000000003e-06,3.5600000000000002e-06,18.491875611795592,target,2869181631.0,11
PEPE,1779773520000,1779773580000,3.57e-06,3.58e-06,18.334545533698545,target,2853625764.0,11
PEPE,1779774120000,1779774180000,3.57e-06,3.58e-06,18.337845233801637,target,2854139336.0,11
PEPE,1779774720000,1779774780000,3.57e-06,3.58e-06,18.341145531425994,target,2854653001.0,11
PEPE,1779775320000,1779775380000,3.5600000000000002e-06,3.57e-06,18.424607637150594,target,2863186890.0,11
PEPE,1779776820000,1779776880000,3.5600000000000002e-06,3.57e-06,18.42793804565884,target,2863704436.0,11
PEPE,1779777420000,1779777480000,3.5600000000000002e-06,3.57e-06,18.43126904618991,target,2864222074.0,11
PEPE,1779840720000,1779840780000,3.52e-06,3.53e-06,18.75997650030141,target,2897293668.0,11
PEPE,1779841980000,1779842040000,3.52e-06,3.53e-06,18.763427377449794,target,2897826622.0,11
PEPE,1779842580000,1779842640000,3.52e-06,3.53e-06,18.76687888914921,target,2898359674.0,11
PEPE,1779843120000,1779843180000,3.53e-06,3.54e-06,18.68825048629344,target,2890680663.0,11
PEPE,1779843720000,1779843780000,3.53e-06,3.54e-06,18.691673134874762,target,2891210075.0,11
PEPE,1779844440000,1779844500000,3.53e-06,3.54e-06,18.695096410561877,target,2891739584.0,11
PEPE,1779844920000,1779846780000,3.53e-06,3.52e-06,-44.20833456914868,time,2892269190.0,11
PEPE,1779847380000,1779847440000,3.5100000000000003e-06,3.52e-06,18.855071742100808,target,2907489860.0,11
PEPE,1779848220000,1779848280000,3.5100000000000003e-06,3.52e-06,18.858555360884775,target,2908027041.0,11
PEPE,1779849720000,1779849780000,3.5100000000000003e-06,3.52e-06,18.862039628170944,target,2908564322.0,11
PEPE,1779850320000,1779850380000,3.5000000000000004e-06,3.5100000000000003e-06,18.94860016939701,target,2917413421.0,11
PEPE,1779850920000,1779850980000,3.5100000000000003e-06,3.52e-06,18.869025438780035,target,2909641548.0,11
PEPE,1779851520000,1779851580000,3.52e-06,3.53e-06,18.789877435175562,target,2901911573.0,11
PEPE,1779852780000,1779852840000,3.52e-06,3.53e-06,18.793333809598913,target,2902445376.0,11
PEPE,1779853620000,1779853680000,3.5100000000000003e-06,3.52e-06,18.879455432890747,target,2911249874.0,11
PEPE,1779854280000,1779854340000,3.5100000000000003e-06,3.52e-06,18.882943558748632,target,2911787750.0,11
PEPE,1779854820000,1779854880000,3.5100000000000003e-06,3.52e-06,18.886432333110534,target,2912325726.0,11
PEPE,1779855480000,1779855540000,3.5000000000000004e-06,3.5100000000000003e-06,18.973104817156212,target,2921186269.0,11
PEPE,1779858720000,1779858780000,3.5000000000000004e-06,3.5100000000000003e-06,18.976625685209193,target,2921728358.0,11
PEPE,1779859920000,1779859980000,3.5100000000000003e-06,3.52e-06,18.896933260149936,target,2913944990.0,11
PEPE,1779862380000,1779862440000,3.52e-06,3.53e-06,18.8176681934509,target,2906203582.0,11
PEPE,1779863520000,1779864780000,3.54e-06,3.55e-06,18.656989295875928,target,2890315925.0,11
PEPE,1779865320000,1779865380000,3.54e-06,3.55e-06,18.660391300345566,target,2890842959.0,11
PEPE,1779865980000,1779866040000,3.53e-06,3.54e-06,18.745661464168926,target,2899560938.0,11
PEPE,1779926520000,1779926580000,3.4700000000000002e-06,3.48e-06,19.250300731499863,target,2950237660.0,11
PEPE,1779927120000,1779927180000,3.45e-06,3.46e-06,19.424895459968795,target,2967898466.0,11
PEPE,1779927900000,1779927960000,3.4600000000000003e-06,3.4700000000000002e-06,19.34282977183006,target,2959882138.0,11
PEPE,1779929820000,1779929880000,3.4600000000000003e-06,3.4700000000000002e-06,19.346483111302003,target,2960441180.0,11
PEPE,1779931020000,1779931080000,3.45e-06,3.46e-06,19.43592031612056,target,2969582936.0,11
PEPE,1779931620000,1779931680000,3.45e-06,3.46e-06,19.439607507318684,target,2970146296.0,11
PEPE,1779932880000,1779932940000,3.45e-06,3.46e-06,19.4432953988365,target,2970709763.0,11
PEPE,1779934020000,1779934080000,3.45e-06,3.46e-06,19.44698399066491,target,2971273337.0,11
PEPE,1779934680000,1779934740000,3.4600000000000003e-06,3.4700000000000002e-06,19.364824980755948,target,2963247893.0,11
PEPE,1779936420000,1779936480000,3.45e-06,3.46e-06,19.454346984765184,target,2972398317.0,11
PEPE,1779937020000,1779937080000,3.45e-06,3.46e-06,19.458037670993985,target,2972962211.0,11
PEPE,1779937860000,1779937920000,3.43e-06,3.44e-06,19.63502581670517,target,2990864557.0,11
PEPE,1779943920000,1779943980000,3.36e-06,3.37e-06,20.26168838398536,target,3053758611.0,11
PEPE,1779944520000,1779944580000,3.36e-06,3.37e-06,20.265689468131825,target,3054361638.0,11
PEPE,1779948720000,1779948780000,3.32e-06,3.33e-06,20.637575349900036,target,3091771588.0,11
PEPE,1779949320000,1779949380000,3.3300000000000003e-06,3.34e-06,20.5489063954407,target,3083106736.0,11
PEPE,1779949920000,1779949980000,3.32e-06,3.33e-06,20.645856067874217,target,3093012145.0,11
PEPE,1779950820000,1779950880000,3.34e-06,3.35e-06,20.464852078715044,target,3075109253.0,11
PEPE,1779951480000,1779951540000,3.3300000000000003e-06,3.34e-06,20.561247576040614,target,3084958376.0,11
PEPE,1779952020000,1779952080000,3.3300000000000003e-06,3.34e-06,20.565362913614496,target,3085575831.0,11
PEPE,1779952620000,1779952680000,3.34e-06,3.35e-06,20.477124271395226,target,3076953309.0,11
PEPE,1779953820000,1779953880000,3.35e-06,3.36e-06,20.389382647993884,target,3068379631.0,11
PEPE,1779954540000,1779954600000,3.35e-06,3.36e-06,20.39342704750439,target,3068988269.0,11
PEPE,1779955620000,1779955680000,3.36e-06,3.37e-06,20.306160878105104,target,3060461323.0,11
PEPE,1780012920000,1780013160000,3.39e-06,3.4e-06,20.039415416579402,target,3033976596.0,11
PEPE,1780014120000,1780014180000,3.39e-06,3.4e-06,20.04331985665071,target,3034567730.0,11
PEPE,1780014720000,1780015020000,3.39e-06,3.4e-06,20.04722504969029,target,3035158978.0,11
PEPE,1780015920000,1780015980000,3.4e-06,3.41e-06,19.961888874079783,target,3026821664.0,11
PEPE,1780016520000,1780016580000,3.4e-06,3.41e-06,19.965760890909564,target,3027408778.0,11
PEPE,1780017120000,1780017180000,3.4e-06,3.41e-06,19.969633666164682,target,3027996007.0,11
PEPE,1780018080000,1780018140000,3.3800000000000002e-06,3.39e-06,20.152623695400766,target,3046503960.0,11
PEPE,1780018620000,1780018680000,3.3800000000000002e-06,3.39e-06,20.156567770078986,target,3047100192.0,11
PEPE,1780019280000,1780019340000,3.39e-06,3.4e-06,20.070655012424865,target,3038706285.0,11
PEPE,1780019820000,1780019880000,3.39e-06,3.4e-06,20.074565529093636,target,3039298339.0,11
PEPE,1780020420000,1780020480000,3.4e-06,3.41e-06,19.989112974723444,target,3030949655.0,11
PEPE,1780021620000,1780021680000,3.3800000000000002e-06,3.39e-06,20.172281504130964,target,3049475662.0,11
PEPE,1780022580000,1780022700000,3.3800000000000002e-06,3.39e-06,20.17622942212509,target,3050072475.0,11
PEPE,1780023120000,1780023180000,3.3800000000000002e-06,3.39e-06,20.180178114075165,target,3050669405.0,11
PEPE,1780023720000,1780023780000,3.3700000000000003e-06,3.3800000000000002e-06,20.27462433937487,target,3060320655.0,11
PEPE,1780024320000,1780024380000,3.39e-06,3.4e-06,20.098114982884738,target,3042863737.0,11
PEPE,1780024980000,1780025040000,3.3800000000000002e-06,3.39e-06,20.192028932880937,target,3052460912.0,11
PEPE,1780025520000,1780025580000,3.3800000000000002e-06,3.39e-06,20.19598071403567,target,3053058309.0,11
PEPE,1780026720000,1780026780000,3.3800000000000002e-06,3.39e-06,20.19993326914635,target,3053655823.0,11
PEPE,1780028820000,1780028880000,3.36e-06,3.37e-06,20.38559649808921,target,3072433534.0,11
PEPE,1780029420000,1780029480000,3.3700000000000003e-06,3.3800000000000002e-06,20.298479506875765,target,3063921435.0,11
PEPE,1780030080000,1780030140000,3.3700000000000003e-06,3.3800000000000002e-06,20.30246993649973,target,3064523764.0,11
PEPE,1780030620000,1780030740000,3.3800000000000002e-06,3.39e-06,20.215822280850155,target,3056057790.0,11
PEPE,1780033020000,1780033080000,3.39e-06,3.4e-06,20.129656962234108,target,3047639207.0,11
PEPE,1780099320000,1780099380000,3.3800000000000002e-06,3.39e-06,20.223718295444325,target,3057251443.0,11
PEPE,1780099920000,1780100160000,3.39e-06,3.4e-06,20.137519323059088,target,3048829572.0,11
PEPE,1780101120000,1780101180000,3.3800000000000002e-06,3.39e-06,20.231617399244968,target,3058445563.0,11
PEPE,1780101720000,1780101780000,3.39e-06,3.4e-06,20.145384755209864,target,3050020402.0,11
PEPE,1780102320000,1780102380000,3.39e-06,3.4e-06,20.149309835905406,target,3050614661.0,11
PEPE,1780102920000,1780102980000,3.39e-06,3.4e-06,20.15323568278113,target,3051209036.0,11
PEPE,1780104120000,1780104180000,3.41e-06,3.42e-06,19.978260381810497,target,3033904386.0,11
PEPE,1780104720000,1780104780000,3.4200000000000003e-06,3.43e-06,19.893434931001533,target,3025617480.0,11
PEPE,1780105320000,1780105380000,3.4200000000000003e-06,3.43e-06,19.897259476998443,target,3026199160.0,11
PEPE,1780105920000,1780105980000,3.4200000000000003e-06,3.43e-06,19.901084752826378,target,3026780951.0,11
PEPE,1780106760000,1780106820000,3.43e-06,3.44e-06,19.81669358649412,target,3018536723.0,11
PEPE,1780107720000,1780107780000,3.43e-06,3.44e-06,19.820486488984322,target,3019114469.0,11
PEPE,1780108320000,1780108380000,3.43e-06,3.44e-06,19.8242801201903,target,3019692326.0,11
PEPE,1780108920000,1780108980000,3.44e-06,3.45e-06,19.740319821090768,target,3011490438.0,11
PEPE,1780110180000,1780110240000,3.44e-06,3.45e-06,19.74408138162027,target,3012064284.0,11
PEPE,1780110720000,1780110780000,3.45e-06,3.46e-06,19.660564482020092,target,3003905956.0,11
PEPE,1780111320000,1780111380000,3.44e-06,3.45e-06,19.75159002924005,target,3013209768.0,11
PEPE,1780112220000,1780112280000,3.43e-06,3.44e-06,19.843175234024308,target,3022570485.0,11
PEPE,1780113420000,1780113480000,3.4200000000000003e-06,3.43e-06,19.935325176500182,target,3031988620.0,11
PEPE,1780114020000,1780114440000,3.4200000000000003e-06,3.43e-06,19.93915777030119,target,3032571524.0,11
PEPE,1780115220000,1780115700000,3.41e-06,3.37e-06,-137.12037769665025,stop,3042049422.0,11
PEPE,1780118820000,1780118880000,3.4200000000000003e-06,3.43e-06,19.916629512475154,target,3029145173.0,11
PEPE,1780119420000,1780119480000,3.4200000000000003e-06,3.43e-06,19.920458509750475,target,3029727530.0,11
PEPE,1780120080000,1780120140000,3.43e-06,3.44e-06,19.835985193505486,target,3021475277.0,11
PEPE,1780185720000,1780186860000,3.41e-06,3.42e-06,20.01693971039959,target,3039778240.0,11
PEPE,1780187220000,1780187340000,3.41e-06,3.42e-06,20.020805151495416,target,3040365247.0,11
PEPE,1780187880000,1780187940000,3.4e-06,3.41e-06,20.114066395275277,target,3049896345.0,11
PEPE,1780189020000,1780189080000,3.4200000000000003e-06,3.43e-06,19.939666017799798,target,3032648824.0,11
PEPE,1780189680000,1780189740000,3.4200000000000003e-06,3.43e-06,19.943499446627044,target,3033231855.0,11
PEPE,1780190220000,1780190280000,3.4200000000000003e-06,3.43e-06,19.947333618425397,target,3033814999.0,11
PEPE,1780190940000,1780191000000,3.4200000000000003e-06,3.43e-06,19.951168520051134,target,3034398254.0,11
PEPE,1780191540000,1780191660000,3.43e-06,3.44e-06,19.86656497663479,target,3026133279.0,11
PEPE,1780192620000,1780192680000,3.43e-06,3.44e-06,19.8703674246346,target,3026712479.0,11
PEPE,1780193220000,1780193280000,3.44e-06,3.45e-06,19.786211933265193,target,3018491523.0,11
PEPE,1780193820000,1780193880000,3.45e-06,3.46e-06,19.70251681282492,target,3010315785.0,11
PEPE,1780194420000,1780194480000,3.44e-06,3.45e-06,19.793736601305774,target,3019639451.0,11
PEPE,1780195920000,1780196040000,3.43e-06,3.44e-06,19.885517225666085,target,3029020141.0,11
PEPE,1780197720000,1780197780000,3.44e-06,3.45e-06,19.80129757749059,target,3020792918.0,11
PEPE,1780199580000,1780199640000,3.45e-06,3.46e-06,19.71753864811508,target,3012610947.0,11
PEPE,1780200120000,1780200180000,3.45e-06,3.46e-06,19.72127926615006,target,3013182470.0,11
PEPE,1780200720000,1780200780000,3.44e-06,3.45e-06,19.812585916770942,target,3022515014.0,11
PEPE,1780202520000,1780202580000,3.4600000000000003e-06,3.4700000000000002e-06,19.64170348114519,target,3005616447.0,11
PEPE,1780203780000,1780203840000,3.4600000000000003e-06,3.4700000000000002e-06,19.645413263411086,target,3006184126.0,11
PEPE,1780204320000,1780204380000,3.45e-06,3.46e-06,19.73623240511872,target,3015467136.0,11
PEPE,1780205100000,1780205160000,3.45e-06,3.46e-06,19.739976570546474,target,3016039201.0,11
PEPE,1780205520000,1780205580000,3.45e-06,3.46e-06,19.743721442830765,target,3016611374.0,11
PEPE,1780206120000,1780206180000,3.45e-06,3.46e-06,19.74746702852118,target,3017183656.0,11
PEPE,1780206960000,1780207020000,3.44e-06,3.45e-06,19.838894927115632,target,3026528593.0,11
PEPE,1780272120000,1780272180000,3.4200000000000003e-06,3.43e-06,20.01961046312588,target,3044807675.0,11
PEPE,1780272720000,1780272780000,3.4200000000000003e-06,3.43e-06,20.023459264298516,target,3045393044.0,11
PEPE,1780273920000,1780273980000,3.43e-06,3.44e-06,19.938549164365682,target,3037098121.0,11
PEPE,1780274520000,1780274580000,3.43e-06,3.44e-06,19.942365392300285,target,3037679420.0,11
PEPE,1780275300000,1780275360000,3.43e-06,3.44e-06,19.946182348950664,target,3038260830.0,11
PEPE,1780275720000,1780275780000,3.43e-06,3.44e-06,19.950000034315003,target,3038842351.0,11
PEPE,1780277820000,1780277880000,3.41e-06,3.42e-06,20.13199465444632,target,3057250517.0,11
PEPE,1780280580000,1780280640000,3.4e-06,3.41e-06,20.22577384405944,target,3066834548.0,11
PEPE,1780281720000,1780281780000,3.41e-06,3.42e-06,20.139788087549974,target,3058434030.0,11
PEPE,1780282980000,1780283040000,3.43e-06,3.44e-06,19.96539765096323,target,3041187761.0,11
PEPE,1780283580000,1780283700000,3.44e-06,3.45e-06,19.880839683840513,target,3032927488.0,11
PEPE,1780284840000,1780284900000,3.44e-06,3.45e-06,19.884628028099712,target,3033505420.0,11
PEPE,1780285320000,1780285380000,3.43e-06,3.44e-06,19.976830106090603,target,3042929186.0,11
PEPE,1780287420000,1780287480000,3.41e-06,3.42e-06,20.15906948117942,target,3061362108.0,11
PEPE,1780290420000,1780290480000,3.4e-06,3.41e-06,20.252974789660165,target,3070959028.0,11
PEPE,1780291020000,1780291080000,3.39e-06,3.4e-06,20.347464307490394,target,3080615338.0,11
PEPE,1780292220000,1780292340000,3.39e-06,3.4e-06,20.351428760591705,target,3081215558.0,11
PEPE,1780292820000,1780292880000,3.39e-06,3.4e-06,20.355393986476436,target,3081815895.0,11
PEPE,1780293480000,1780293540000,3.39e-06,3.4e-06,20.35935998514458,target,3082416349.0,11
PEPE,1780294080000,1780294140000,3.3800000000000002e-06,3.39e-06,20.454494669280148,target,3092138272.0,11
PEPE,1780297020000,1780297080000,3.3700000000000003e-06,3.3800000000000002e-06,20.550224736874735,target,3101920715.0,11
PEPE,1780297680000,1780297740000,3.3700000000000003e-06,3.3800000000000002e-06,20.55426465525056,target,3102530514.0,11
PEPE,1780298220000,1780298280000,3.3800000000000002e-06,3.39e-06,20.466542383562103,target,3093959544.0,11
PEPE,1780299000000,1780299060000,3.36e-06,3.37e-06,20.654656092055383,target,3112985093.0,11
PEPE,1780358520000,1780358580000,3.41e-06,3.42e-06,20.20242347493126,target,3067945858.0,11
PEPE,1780359360000,1780359420000,3.4e-06,3.41e-06,20.29653074170948,target,3077563418.0,11
PEPE,1780360020000,1780360080000,3.39e-06,3.4e-06,20.391223456265354,target,3087240493.0,11
PEPE,1780360800000,1780360860000,3.4e-06,3.41e-06,20.304422965020898,target,3078760116.0,11
PEPE,1780362300000,1780362360000,3.39e-06,3.4e-06,20.39915250777723,target,3088440955.0,11
PEPE,1780363800000,1780364340000,3.39e-06,3.35e-06,-139.14592842150017,stop,3089042700.0,11
PEPE,1780364880000,1780364940000,3.3700000000000003e-06,3.3800000000000002e-06,20.559006989249582,target,3103246338.0,11
PEPE,1780367580000,1780367640000,3.3700000000000003e-06,3.3800000000000002e-06,20.563048636750622,target,3103856398.0,11
PEPE,1780368120000,1780368420000,3.3700000000000003e-06,3.3800000000000002e-06,20.567091072624795,target,3104466577.0,11
PEPE,1780369920000,1780369980000,3.39e-06,3.4e-06,20.388035526594535,target,3086757839.0,11
PEPE,1780371120000,1780371180000,3.39e-06,3.4e-06,20.39200788588269,target,3087359256.0,11
PEPE,1780371720000,1780371780000,3.39e-06,3.4e-06,20.395981017950625,target,3087960790.0,11
PEPE,1780372980000,1780373220000,3.4e-06,3.41e-06,20.309160272230358,target,3079478434.0,11
PEPE,1780374120000,1780374180000,3.39e-06,3.4e-06,20.40391191885975,target,3089161532.0,11
PEPE,1780374720000,1780374780000,3.39e-06,3.4e-06,20.40788736928521,target,3089763417.0,11
PEPE,1780375380000,1780375440000,3.39e-06,3.4e-06,20.41186359909913,target,3090365420.0,11
PEPE,1780377420000,1780377480000,3.3700000000000003e-06,3.3800000000000002e-06,20.59918909162582,target,3109311561.0,11
PEPE,1780380120000,1780380180000,3.34e-06,3.35e-06,20.882433350404373,target,3137856251.0,11
PEPE,1780381920000,1780381980000,3.3300000000000003e-06,3.34e-06,20.980795776096407,target,3147906343.0,11
PEPE,1780382520000,1780382580000,3.3300000000000003e-06,3.34e-06,20.98499508600484,target,3148536397.0,11
PEPE,1780383360000,1780383420000,3.32e-06,3.33e-06,21.08400222015193,target,3158652018.0,11
PEPE,1780383720000,1780383780000,3.32e-06,3.33e-06,21.088241252326647,target,3159287079.0,11
PEPE,1780384320000,1780384380000,3.32e-06,3.33e-06,21.092481125551263,target,3159922266.0,11
PEPE,1780384980000,1780385040000,3.3300000000000003e-06,3.34e-06,21.001857675971856,target,3151066418.0,11
PEPE,1780444920000,1780444980000,3.1100000000000003e-06,3.12e-06,23.234442798014726,target,3374646739.0,11
PEPE,1780445520000,1780445640000,3.12e-06,3.13e-06,23.131454891875983,target,3364575257.0,11
PEPE,1780446120000,1780446180000,3.13e-06,3.14e-06,23.02908762659912,target,3354564840.0,11
PEPE,1780447020000,1780447080000,3.13e-06,3.14e-06,23.03413857094576,target,3355300593.0,11
PEPE,1780447620000,1780447680000,3.13e-06,3.14e-06,23.039190627421444,target,3356036508.0,11
PEPE,1780448460000,1780448520000,3.12e-06,3.13e-06,23.15177886312527,target,3367531471.0,11
PEPE,1780448820000,1780448880000,3.13e-06,3.14e-06,23.04932165116968,target,3357512258.0,11
PEPE,1780449720000,1780449780000,3.12e-06,3.13e-06,23.161959397501,target,3369012276.0,11
PEPE,1780450320000,1780450380000,3.14e-06,3.15e-06,22.952536457056112,target,3348291241.0,11
PEPE,1780451820000,1780451880000,3.13e-06,3.14e-06,23.064491289724472,target,3359721965.0,11
PEPE,1780452420000,1780452480000,3.13e-06,3.14e-06,23.069550005251493,target,3360458850.0,11
PEPE,1780453020000,1780453080000,3.13e-06,3.14e-06,23.074609826039723,target,3361195896.0,11
PEPE,1780457220000,1780457520000,3.1100000000000003e-06,3.12e-06,23.295764140021237,target,3383553252.0,11
PEPE,1780459920000,1780459980000,3.09e-06,3.1e-06,23.519860591710565,target,3406207182.0,11
PEPE,1780460520000,1780460580000,3.09e-06,3.1e-06,23.52511640151188,target,3406968342.0,11
PEPE,1780461780000,1780461840000,3.1100000000000003e-06,3.12e-06,23.31133636450601,target,3385815013.0,11
PEPE,1780462380000,1780462440000,3.1100000000000003e-06,3.12e-06,23.31649708510652,target,3386564573.0,11
PEPE,1780462920000,1780462980000,3.13e-06,3.14e-06,23.105325366936523,target,3365670119.0,11
PEPE,1780463520000,1780463640000,3.18e-06,3.19e-06,22.58134820840031,target,3313477360.0,11
PEPE,1780464240000,1780464300000,3.1600000000000002e-06,3.17e-06,22.795841394725176,target,3335163335.0,11
PEPE,1780464720000,1780464780000,3.1500000000000003e-06,3.1600000000000002e-06,22.906620231884865,target,3346474833.0,11
PEPE,1780465920000,1780465980000,3.17e-06,3.18e-06,22.70052352522626,target,3326084033.0,11
PEPE,1780466520000,1780466580000,3.18e-06,3.19e-06,22.60084689794648,target,3316338503.0,11
PEPE,1780467120000,1780467180000,3.17e-06,3.18e-06,22.710276900675115,target,3327513099.0,11
PEPE,1780531320000,1780531380000,3.13e-06,3.14e-06,23.140286594539155,target,3370762796.0,11
PEPE,1780531920000,1780531980000,3.13e-06,3.14e-06,23.145361930229544,target,3371502102.0,11
PEPE,1780532520000,1780532760000,3.14e-06,3.1e-06,-150.1582920171602,stop,3361501948.0,11
PEPE,1780541220000,1780541340000,3e-06,3.01e-06,24.576000500189302,target,3513366762.0,11
PEPE,1780541820000,1780541880000,3e-06,3.01e-06,24.5817308041903,target,3514185962.0,11
PEPE,1780542420000,1780542480000,3.0300000000000002e-06,3.04e-06,24.23961612379987,target,3480203320.0,11
PEPE,1780543020000,1780543080000,3.05e-06,3.06e-06,24.0170396539181,target,3458177056.0,11
PEPE,1780543620000,1780543920000,3.0700000000000003e-06,3.08e-06,23.797281413326623,target,3436430529.0,11
PEPE,1780545480000,1780545540000,3.09e-06,3.1e-06,23.580287745096072,target,3414958399.0,11
PEPE,1780546020000,1780546080000,3.1e-06,3.11e-06,23.47542759180462,target,3404703059.0,11
PEPE,1780546620000,1780546680000,3.1e-06,3.11e-06,23.480648982245995,target,3405460331.0,11
PEPE,1780548780000,1780548840000,3.08e-06,3.09e-06,23.706943910221188,target,3428336068.0,11
PEPE,1780553220000,1780553280000,3.04e-06,3.05e-06,24.16323895758472,target,3474225587.0,11
PEPE,1780554480000,1780554540000,3.0600000000000003e-06,3.0700000000000003e-06,23.94175513392907,target,3452307878.0,11
PEPE,1780555020000,1780555080000,3.0600000000000003e-06,3.0700000000000003e-06,23.947181154214093,target,3453090289.0,11
PEPE,1780555620000,1780555680000,3.0600000000000003e-06,3.0700000000000003e-06,23.952608395058753,target,3453872876.0,11
PEPE,1780561920000,1780562640000,3e-06,2.96e-06,-156.665869602841,stop,3523748754.0,11
PEPE,1780563120000,1780563180000,2.99e-06,3e-06,24.729710913030406,target,3530294206.0,11
PEPE,1780568520000,1780568580000,2.9300000000000003e-06,2.9400000000000002e-06,25.238396438864346,target,3572313721.0,11
PEPE,1780569420000,1780569480000,2.9300000000000003e-06,2.9400000000000002e-06,25.244429524964456,target,3573167661.0,11
PEPE,1780570020000,1780570080000,2.92e-06,2.93e-06,25.294758468923927,target,3575230879.0,11
PEPE,1780572120000,1780572180000,2.9300000000000003e-06,2.9400000000000002e-06,25.25651061844486,target,3574877653.0,11
PEPE,1780572780000,1780572840000,2.9400000000000002e-06,2.95e-06,25.218262389460065,target,3574523372.0,11
PEPE,1780573620000,1780573680000,2.92e-06,2.93e-06,25.312902497450693,target,3577795406.0,11
PEPE,1780617720000,1780617780000,2.9400000000000002e-06,2.95e-06,23.86249999875543,target,3382352941.0,12
PEPE,1780618320000,1780618380000,2.9400000000000002e-06,2.95e-06,23.86819418802525,target,3383160055.0,12
PEPE,1780619220000,1780619280000,2.9400000000000002e-06,2.95e-06,23.873889731856316,target,3383967361.0,12
PEPE,1780619880000,1780619940000,2.95e-06,2.96e-06,23.837680176605545,target,3383630969.0,12
PEPE,1780623480000,1780623960000,2.9400000000000002e-06,2.95e-06,23.885274907424897,target,3385581135.0,12
PEPE,1780630320000,1780630380000,2.8900000000000003e-06,2.9e-06,24.101032714254575,target,3392122831.0,12
PEPE,1780631520000,1780631580000,2.88e-06,2.89e-06,24.148941548744734,target,3394088763.0,12
PEPE,1780632720000,1780632780000,2.9e-06,2.91e-06,24.07055879745008,target,3392608710.0,12
PEPE,1780633320000,1780633380000,2.8900000000000003e-06,2.9e-06,24.118441932342122,target,3394573108.0,12
PEPE,1780633920000,1780633980000,2.9e-06,2.91e-06,24.082138752705426,target,3394240839.0,12
PEPE,1780635780000,1780635840000,2.9e-06,2.91e-06,24.087925761075866,target,3395056485.0,12
PEPE,1780636320000,1780636380000,2.8900000000000003e-06,2.9e-06,24.13584344150148,target,3397022300.0,12
PEPE,1780636980000,1780637040000,2.8900000000000003e-06,2.9e-06,24.141653498408928,target,3397840042.0,12
PEPE,1780637700000,1780637880000,2.9e-06,2.86e-06,-150.54355524243167,stop,3397507453.0,12
PEPE,1780644720000,1780644780000,2.7500000000000004e-06,2.7600000000000003e-06,24.70344125130024,target,3409722740.0,12
PEPE,1780645440000,1780645500000,2.78e-06,2.79e-06,24.582124754070843,target,3407085898.0,12
PEPE,1780646520000,1780646580000,2.79e-06,2.8e-06,24.545733892296074,target,3406763899.0,12
PEPE,1780651320000,1780651380000,2.77e-06,2.78e-06,24.636640643499884,target,3409915660.0,12
PEPE,1780651920000,1780652100000,2.79e-06,2.8e-06,24.557780652295968,target,3408435899.0,12
PEPE,1780652520000,1780652580000,2.78e-06,2.79e-06,24.60624949906557,target,3410429591.0,12
PEPE,1780653120000,1780653180000,2.79e-06,2.8e-06,24.569822923580315,target,3410107276.0,12
PEPE,1780653720000,1780654080000,2.81e-06,2.77e-06,-150.576058851,stop,3408626120.0,12
PEPE,1780655220000,1780655280000,2.78e-06,2.79e-06,24.581369596094756,target,3406981233.0,12
PEPE,1780656120000,1780656300000,2.79e-06,2.8e-06,24.544979853018237,target,3406659244.0,12
PEPE,1780704420000,1780704480000,2.7100000000000003e-06,2.7200000000000002e-06,24.891253671884325,target,3416781561.0,12
PEPE,1780705020000,1780705080000,2.73e-06,2.74e-06,24.81217466037623,target,3415302775.0,12
PEPE,1780706220000,1780706280000,2.7200000000000002e-06,2.73e-06,24.860941518976823,target,3417311549.0,12
PEPE,1780707000000,1780707060000,2.73e-06,2.74e-06,24.82446800661871,target,3416994908.0,12
PEPE,1780707480000,1780707540000,2.73e-06,2.74e-06,24.830611690194424,target,3417840563.0,12
PEPE,1780708020000,1780708080000,2.74e-06,2.75e-06,24.79412803733488,target,3417522817.0,12
PEPE,1780710120000,1780710420000,2.7200000000000002e-06,2.73e-06,24.88556150122397,target,3420695739.0,12
PEPE,1780714500000,1780714560000,2.69e-06,2.7e-06,25.01994252643421,target,3425043467.0,12
PEPE,1780723620000,1780723680000,2.61e-06,2.62e-06,25.369446189430104,target,3435266918.0,12
PEPE,1780724340000,1780724400000,2.6e-06,2.61e-06,25.41890620764152,target,3437309832.0,12
PEPE,1780725480000,1780725540000,2.6200000000000003e-06,2.6300000000000002e-06,25.339242540374908,target,3435829497.0,12
PEPE,1780726020000,1780726080000,2.64e-06,2.65e-06,25.259632945364377,target,3434348463.0,12
PEPE,1780726620000,1780726680000,2.64e-06,2.65e-06,25.265981222386383,target,3435211587.0,12
PEPE,1780727220000,1780727280000,2.65e-06,2.66e-06,25.229353757724486,target,3434901805.0,12
PEPE,1780727940000,1780728000000,2.66e-06,2.67e-06,25.192724874975625,target,3434590985.0,12
PEPE,1780728420000,1780728480000,2.64e-06,2.65e-06,25.285003216169915,target,3437797854.0,12
PEPE,1780730520000,1780730580000,2.6700000000000003e-06,2.68e-06,25.162416849400763,target,3435142232.0,12
PEPE,1780732320000,1780732380000,2.68e-06,2.69e-06,25.125776014955065,target,3434829257.0,12
PEPE,1780732920000,1780732980000,2.6700000000000003e-06,2.68e-06,25.174990893124594,target,3436858825.0,12
PEPE,1780733520000,1780733580000,2.68e-06,2.69e-06,25.138331744294533,target,3436545693.0,12
PEPE,1780734120000,1780734180000,2.68e-06,2.69e-06,25.144606602499504,target,3437403500.0,12
PEPE,1780734720000,1780734780000,2.7100000000000003e-06,2.7200000000000002e-06,25.02213272548925,target,3434747114.0,12
PEPE,1780735920000,1780735980000,2.7100000000000003e-06,2.7200000000000002e-06,25.028346611940737,target,3435600084.0,12
PEPE,1780736820000,1780736880000,2.7e-06,2.71e-06,25.07747084422018,target,3437624516.0,12
PEPE,1780790520000,1780790580000,2.68e-06,2.69e-06,25.169635950303423,target,3440825147.0,12
PEPE,1780791420000,1780791480000,2.6700000000000003e-06,2.68e-06,25.21893673985027,target,3442858258.0,12
PEPE,1780792320000,1780792380000,2.68e-06,2.69e-06,25.182213602700983,target,3442544580.0,12
PEPE,1780792920000,1780792980000,2.6700000000000003e-06,2.68e-06,25.23153902877428,target,3444578707.0,12
PEPE,1780793580000,1780793640000,2.6700000000000003e-06,2.68e-06,25.237847912099927,target,3445439988.0,12
PEPE,1780794480000,1780794540000,2.69e-06,2.7e-06,25.158065466436394,target,3443951467.0,12
PEPE,1780795620000,1780795680000,2.74e-06,2.75e-06,24.949561544230434,target,3438947146.0,12
PEPE,1780796220000,1780796280000,2.7500000000000004e-06,2.7600000000000003e-06,24.912848094120623,target,3438626376.0,12
PEPE,1780797060000,1780797120000,2.73e-06,2.74e-06,25.004797838744793,target,3441816633.0,12
PEPE,1780798620000,1780798680000,2.73e-06,2.74e-06,25.010986143949047,target,3442668430.0,12
PEPE,1780800720000,1780800900000,2.73e-06,2.74e-06,25.01717598933467,target,3443520439.0,12
PEPE,1780801920000,1780801980000,2.73e-06,2.74e-06,25.023367360369452,target,3444372658.0,12
PEPE,1780802520000,1780802580000,2.73e-06,2.74e-06,25.02956027158379,target,3445225089.0,12
PEPE,1780803120000,1780803180000,2.73e-06,2.74e-06,25.035754708450924,target,3446077730.0,12
PEPE,1780804020000,1780804080000,2.7200000000000002e-06,2.73e-06,25.08496100137541,target,3448104605.0,12
PEPE,1780804620000,1780804680000,2.7200000000000002e-06,2.73e-06,25.091179816875798,target,3448959425.0,12
PEPE,1780805220000,1780805280000,2.7200000000000002e-06,2.73e-06,25.097400167401464,target,3449814456.0,12
PEPE,1780805820000,1780805880000,2.7200000000000002e-06,2.73e-06,25.103622067500076,target,3450669700.0,12
PEPE,1780808220000,1780808280000,2.74e-06,2.75e-06,25.023768840153714,target,3449175581.0,12
PEPE,1780808820000,1780808880000,2.73e-06,2.74e-06,25.072985523181597,target,3451202412.0,12
PEPE,1780809420000,1780809480000,2.74e-06,2.75e-06,25.036145746819525,target,3450881564.0,12
PEPE,1780810020000,1780810080000,2.7500000000000004e-06,2.7600000000000003e-06,24.999304888845927,target,3450559681.0,12
PEPE,1780810620000,1780810680000,2.7500000000000004e-06,2.7600000000000003e-06,25.005470608440525,target,3451410712.0,12
PEPE,1780811220000,1780811280000,2.74e-06,2.75e-06,25.054685369704313,target,3453436991.0,12
PEPE,1780876920000,1780876980000,2.81e-06,2.82e-06,24.760082364284074,target,3446079661.0,12
PEPE,1780878180000,1780878240000,2.8000000000000003e-06,2.81e-06,24.8090194937027,target,3448091660.0,12
PEPE,1780878720000,1780878900000,2.82e-06,2.83e-06,24.729307243198356,target,3446593344.0,12
PEPE,1780879320000,1780879380000,2.83e-06,2.84e-06,24.69247706038193,target,3446263372.0,12
PEPE,1780879980000,1780880040000,2.83e-06,2.84e-06,24.6984835085398,target,3447101676.0,12
PEPE,1780885140000,1780885200000,2.79e-06,2.8e-06,24.87617376678358,target,3452626477.0,12
PEPE,1780888620000,1780890480000,2.81e-06,2.8000000000000003e-06,-49.02325696106957,time,3451126854.0,12
PEPE,1780891080000,1780891140000,2.81e-06,2.82e-06,24.78438012307695,target,3449461395.0,12
PEPE,1780898520000,1780898580000,2.7600000000000003e-06,2.77e-06,25.005399015454774,target,3456171253.0,12
PEPE,1780899720000,1780899780000,2.77e-06,2.78e-06,24.96849272540097,target,3455846744.0,12
PEPE,1780900320000,1780900380000,2.78e-06,2.79e-06,24.93158546521488,target,3455521201.0,12
PEPE,1780900920000,1780900980000,2.77e-06,2.78e-06,24.98075754582405,target,3457544297.0,12
PEPE,1780901520000,1780901580000,2.77e-06,2.78e-06,24.986897502549457,target,3458394118.0,12
PEPE,1780904820000,1780904880000,2.79e-06,2.8e-06,24.90691637059986,target,3456893320.0,12
PEPE,1780905420000,1780905480000,2.79e-06,2.8e-06,24.913017089069633,target,3457740054.0,12
PEPE,1780907820000,1780907880000,2.78e-06,2.79e-06,24.962187050775288,target,3459762585.0,12
PEPE,1780909920000,1780909980000,2.77e-06,2.78e-06,25.011419492124283,target,3461788165.0,12
PEPE,1780911120000,1780911240000,2.78e-06,2.79e-06,24.974448770116197,target,3461462061.0,12
PEPE,1780911720000,1780911780000,2.78e-06,2.79e-06,24.980576599485715,target,3462311379.0,12
PEPE,1780912320000,1780912380000,2.79e-06,2.8e-06,24.9435958800048,target,3461984161.0,12
PEPE,1780912920000,1780912980000,2.8000000000000003e-06,2.81e-06,24.90661425805985,target,3461655908.0,12
PEPE,1780913520000,1780913580000,2.79e-06,2.8e-06,24.955806222325442,target,3463678865.0,12
PEPE,1780914120000,1780914180000,2.79e-06,2.8e-06,24.961918908298586,target,3464527260.0,12
PEPE,1780915080000,1780915140000,2.8000000000000003e-06,2.81e-06,24.924910121369994,target,3464198766.0,12
PEPE,1780964520000,1780964700000,2.81e-06,2.77e-06,-153.0164235444734,stop,3463869237.0,12
PEPE,1780969080000,1780969140000,2.77e-06,2.78e-06,25.022883724750198,target,3463374910.0,12
PEPE,1780969620000,1780969680000,2.77e-06,2.78e-06,25.02903404212361,target,3464226165.0,12
PEPE,1780970220000,1780970280000,2.77e-06,2.78e-06,25.035185869525492,target,3465077629.0,12
PEPE,1780970820000,1780970880000,2.77e-06,2.78e-06,25.041339206948578,target,3465929302.0,12
PEPE,1780972020000,1780972200000,2.77e-06,2.78e-06,25.047494054400136,target,3466781184.0,12
PEPE,1780973820000,1780973880000,2.77e-06,2.78e-06,25.053650419100812,target,3467633276.0,12
PEPE,1780975020000,1780975080000,2.78e-06,2.79e-06,25.016617277732006,target,3467306622.0,12
PEPE,1780975620000,1780975680000,2.77e-06,2.78e-06,25.065957065049872,target,3469336618.0,12
PEPE,1780976640000,1780976700000,2.7600000000000003e-06,2.77e-06,25.115359591389883,target,3471369674.0,12
PEPE,1780977480000,1780977540000,2.77e-06,2.78e-06,25.078291007048982,target,3471043738.0,12
PEPE,1780978020000,1780978080000,2.77e-06,2.78e-06,25.084454943550313,target,3471896878.0,12
PEPE,1780978680000,1780978740000,2.78e-06,2.79e-06,25.047376265729227,target,3471569822.0,12
PEPE,1780979220000,1780979640000,2.78e-06,2.79e-06,25.05352198830062,target,3472421620.0,12
PEPE,1780980120000,1780980180000,2.82e-06,2.83e-06,24.8869015692494,target,3468557710.0,12
PEPE,1780980720000,1780980900000,2.82e-06,2.83e-06,24.89296581467725,target,3469402901.0,12
PEPE,1780981380000,1780981440000,2.81e-06,2.82e-06,24.942200487434885,target,3471426651.0,12
PEPE,1780982820000,1780982880000,2.82e-06,2.83e-06,24.905109265399066,target,3471095368.0,12
PEPE,1780983540000,1780983600000,2.83e-06,2.84e-06,24.86801726041524,target,3470763051.0,12
PEPE,1780984020000,1780984080000,2.83e-06,2.84e-06,24.874066411976557,target,3471607315.0,12
PEPE,1780984620000,1780984680000,2.82e-06,2.83e-06,24.92329872269984,target,3473630484.0,12
PEPE,1780986480000,1780986540000,2.83e-06,2.84e-06,24.886179625460443,target,3473297924.0,12
PEPE,1780987020000,1780987080000,2.82e-06,2.83e-06,24.935435916825284,target,3475322079.0,12
PEPE,1780988520000,1780988640000,2.81e-06,2.82e-06,24.984754591169327,target,3477349282.0,12
PEPE,1781050920000,1781050980000,2.77e-06,2.78e-06,25.164159987549283,target,3482928718.0,12
PEPE,1781051640000,1781051700000,2.7600000000000003e-06,2.77e-06,25.213756068901645,target,3484969740.0,12
PEPE,1781052120000,1781052180000,2.7600000000000003e-06,2.77e-06,25.219963981063827,target,3485827779.0,12
PEPE,1781053320000,1781053440000,2.78e-06,2.79e-06,25.139338114603895,target,3484315747.0,12
PEPE,1781054580000,1781054640000,2.7600000000000003e-06,2.77e-06,25.232363020194562,target,3487541537.0,12
PEPE,1781056320000,1781056380000,2.7600000000000003e-06,2.77e-06,25.238575519350785,target,3488400210.0,12
PEPE,1781060820000,1781061000000,2.74e-06,2.75e-06,25.331807245525326,target,3491634355.0,12
PEPE,1781062920000,1781062980000,2.73e-06,2.74e-06,25.38162978530477,target,3493686137.0,12
PEPE,1781063580000,1781063700000,2.73e-06,2.74e-06,25.38791135131629,target,3494550771.0,12
PEPE,1781064720000,1781064780000,2.73e-06,2.74e-06,25.394194479300218,target,3495415620.0,12
PEPE,1781065740000,1781065800000,2.73e-06,2.74e-06,25.400479161995907,target,3496280683.0,12
PEPE,1781066220000,1781066280000,2.7200000000000002e-06,2.73e-06,25.450402300649937,target,3498337086.0,12
PEPE,1781067120000,1781067180000,2.7200000000000002e-06,2.73e-06,25.456711704449646,target,3499204358.0,12
PEPE,1781068020000,1781068080000,2.7200000000000002e-06,2.73e-06,25.46302267965017,target,3500071846.0,12
PEPE,1781069820000,1781069940000,2.7200000000000002e-06,2.73e-06,25.46933521897494,target,3500939549.0,12
PEPE,1781070420000,1781070480000,2.7200000000000002e-06,2.73e-06,25.475649322423962,target,3501807467.0,12
PEPE,1781071620000,1781071680000,2.7200000000000002e-06,2.73e-06,25.481964989999053,target,3502675600.0,12
PEPE,1781072220000,1781072280000,2.73e-06,2.74e-06,25.44458037098589,target,3502351049.0,12
PEPE,1781074320000,1781074380000,2.73e-06,2.74e-06,25.45087752042007,target,3503217828.0,12
PEPE,1781077020000,1781077080000,2.7500000000000004e-06,2.7600000000000003e-06,25.36981852859944,target,3501700280.0,12
PEPE,1781077620000,1781077680000,2.7500000000000004e-06,2.7600000000000003e-06,25.376075629378867,target,3502563924.0,12
PEPE,1781083620000,1781083680000,2.7100000000000003e-06,2.7200000000000002e-06,25.5572549939494,target,3508202470.0,12
PEPE,1781084220000,1781084340000,2.7200000000000002e-06,2.73e-06,25.51981602930036,target,3507878492.0,12
PEPE,1781084880000,1781084940000,2.7100000000000003e-06,2.7200000000000002e-06,25.569939235274433,target,3509943615.0,12
PEPE,1781136120000,1781136180000,2.69e-06,2.7e-06,25.66399370274005,target,3513209268.0,12
PEPE,1781137320000,1781137380000,2.7100000000000003e-06,2.7200000000000002e-06,25.582662429494334,target,3511690107.0,12
PEPE,1781138100000,1781138160000,2.7e-06,2.71e-06,25.63287464791886,target,3513759376.0,12
PEPE,1781139120000,1781139720000,2.7100000000000003e-06,2.7200000000000002e-06,25.595381063304757,target,3513435973.0,12
PEPE,1781140620000,1781140680000,2.7100000000000003e-06,2.7200000000000002e-06,25.601737298654186,target,3514308483.0,12
PEPE,1781141820000,1781141940000,2.7200000000000002e-06,2.73e-06,25.564233170776077,target,3513983941.0,12
PEPE,1781142540000,1781142600000,2.73e-06,2.74e-06,25.526727861896426,target,3513658343.0,12
PEPE,1781143020000,1781143080000,2.73e-06,2.74e-06,25.53304533879933,target,3514527920.0,12
PEPE,1781143620000,1781143740000,2.73e-06,2.74e-06,25.539364384944385,target,3515397713.0,12
PEPE,1781144220000,1781144280000,2.73e-06,2.74e-06,25.54568499306549,target,3516267721.0,12
PEPE,1781146920000,1781146980000,2.7200000000000002e-06,2.73e-06,25.59589351972544,target,3518335879.0,12
PEPE,1781148240000,1781148300000,2.7100000000000003e-06,2.7200000000000002e-06,25.646166153315118,target,3520407159.0,12
PEPE,1781149320000,1781149380000,2.73e-06,2.74e-06,25.56468880185968,target,3518883524.0,12
PEPE,1781149920000,1781149980000,2.73e-06,2.74e-06,25.571015679676005,target,3519754395.0,12
PEPE,1781150520000,1781150580000,2.77e-06,2.78e-06,25.401923358174898,target,3515837143.0,12
PEPE,1781151720000,1781151900000,2.77e-06,2.78e-06,25.40816683470175,target,3516701292.0,12
PEPE,1781152620000,1781152740000,2.7600000000000003e-06,2.77e-06,25.458243822441318,target,3518762104.0,12
PEPE,1781153220000,1781153340000,2.77e-06,2.78e-06,25.42066916977609,target,3518431719.0,12
PEPE,1781153820000,1781153940000,2.78e-06,2.79e-06,25.38309351298534,target,3518100279.0,12
PEPE,1781154720000,1781154780000,2.7600000000000003e-06,2.77e-06,25.47702040554604,target,3521357347.0,12
PEPE,1781156220000,1781156280000,2.7600000000000003e-06,2.77e-06,25.48329314330972,target,3522224346.0,12
PEPE,1781156820000,1781156880000,2.77e-06,2.78e-06,25.445681512874394,target,3521893635.0,12
PEPE,1781157720000,1781157780000,2.7500000000000004e-06,2.7600000000000003e-06,25.53975900913496,target,3525156523.0,12
PEPE,1781160180000,1781160240000,2.7600000000000003e-06,2.77e-06,25.50212062464039,target,3524826624.0,12
PEPE,1781222520000,1781222580000,2.78e-06,2.79e-06,25.42059272512568,target,3523297675.0,12
PEPE,1781223120000,1781223180000,2.79e-06,2.8e-06,25.38296061306579,target,3522964693.0,12
PEPE,1781224320000,1781224380000,2.79e-06,2.8e-06,25.389177930049307,target,3523827610.0,12
PEPE,1781224920000,1781224980000,2.79e-06,2.8e-06,25.395396767291647,target,3524690738.0,12
PEPE,1781225640000,1781225700000,2.79e-06,2.8e-06,25.40161713199071,target,3525554078.0,12
PEPE,1781227620000,1781227740000,2.78e-06,2.79e-06,25.451751431339762,target,3527616276.0,12
PEPE,1781229480000,1781229540000,2.78e-06,2.79e-06,25.45799637458933,target,3528481826.0,12
PEPE,1781230020000,1781230080000,2.78e-06,2.79e-06,25.464242847421556,target,3529347588.0,12
PEPE,1781231220000,1781231280000,2.79e-06,2.8e-06,25.42654611496989,target,3529014034.0,12
PEPE,1781231820000,1781231880000,2.79e-06,2.8e-06,25.432774109765596,target,3529878433.0,12
PEPE,1781233740000,1781233800000,2.8000000000000003e-06,2.81e-06,25.395067223691314,target,3529543742.0,12
PEPE,1781235420000,1781235540000,2.8000000000000003e-06,2.81e-06,25.401276767710183,target,3530406778.0,12
PEPE,1781236080000,1781236140000,2.8000000000000003e-06,2.81e-06,25.407487822679496,target,3531270024.0,12
PEPE,1781236800000,1781236860000,2.8000000000000003e-06,2.81e-06,25.413700402988702,target,3532133482.0,12
PEPE,1781237580000,1781237700000,2.8000000000000003e-06,2.81e-06,25.419914501444897,target,3532997151.0,12
PEPE,1781239320000,1781239380000,2.81e-06,2.82e-06,25.382169845431196,target,3532661078.0,12
PEPE,1781239920000,1781239980000,2.81e-06,2.82e-06,25.38836549966985,target,3533523382.0,12
PEPE,1781240520000,1781240580000,2.81e-06,2.82e-06,25.394562669945476,target,3534385897.0,12
PEPE,1781242020000,1781242320000,2.8000000000000003e-06,2.81e-06,25.444753821528938,target,3536449454.0,12
PEPE,1781248020000,1781248080000,2.77e-06,2.78e-06,25.583164737375217,target,3540922455.0,12
PEPE,1781248680000,1781248740000,2.7600000000000003e-06,2.77e-06,25.633586630334797,target,3542997461.0,12
PEPE,1781249220000,1781249280000,2.77e-06,2.78e-06,25.59575317999939,target,3542664800.0,12
PEPE,1781249820000,1781249880000,2.77e-06,2.78e-06,25.602044298175343,target,3543535543.0,12
PEPE,1781250480000,1781250540000,2.77e-06,2.78e-06,25.608336962499337,target,3544406500.0,12
PEPE,1781308920000,1781308980000,2.8000000000000003e-06,2.81e-06,25.482279358420524,target,3541664956.0,12
PEPE,1781311320000,1781311620000,2.81e-06,2.82e-06,25.444442096729958,target,3541328058.0,12
PEPE,1781311920000,1781311980000,2.8000000000000003e-06,2.81e-06,25.494731831260697,target,3543395668.0,12
PEPE,1781312520000,1781312580000,2.81e-06,2.82e-06,25.45687608410999,target,3543058606.0,12
PEPE,1781313120000,1781313180000,2.82e-06,2.83e-06,25.419019494224244,target,3542720487.0,12
PEPE,1781313720000,1781313780000,2.82e-06,2.83e-06,25.425213413424117,target,3543583751.0,12
PEPE,1781314380000,1781314440000,2.82e-06,2.83e-06,25.431408832201512,target,3544447224.0,12
PEPE,1781314920000,1781314980000,2.82e-06,2.83e-06,25.437605764900404,target,3545310908.0,12
PEPE,1781315520000,1781315580000,2.83e-06,2.84e-06,25.399720690024903,target,3544971485.0,12
PEPE,1781316120000,1781316180000,2.83e-06,2.84e-06,25.40589917700114,target,3545833800.0,12
PEPE,1781319120000,1781319180000,2.82e-06,2.83e-06,25.456184128725354,target,3547900227.0,12
PEPE,1781319720000,1781319780000,2.82e-06,2.83e-06,25.462387095599738,target,3548764752.0,12
PEPE,1781320380000,1781320440000,2.82e-06,2.83e-06,25.46859157640108,target,3549629488.0,12
PEPE,1781322720000,1781322780000,2.81e-06,2.82e-06,25.518964751475167,target,3551700035.0,12
PEPE,1781323320000,1781323380000,2.81e-06,2.82e-06,25.525193801594643,target,3552566987.0,12
PEPE,1781324220000,1781324280000,2.8000000000000003e-06,2.81e-06,25.575643139005187,target,3554641159.0,12
PEPE,1781324880000,1781324940000,2.81e-06,2.82e-06,25.537667248994296,target,3554303027.0,12
PEPE,1781325480000,1781325540000,2.81e-06,2.82e-06,25.54390086159141,target,3555170614.0,12
PEPE,1781326920000,1781326980000,2.8000000000000003e-06,2.81e-06,25.59438717886621,target,3557246307.0,12
PEPE,1781327520000,1781327580000,2.8000000000000003e-06,2.81e-06,25.600645454621507,target,3558116116.0,12
PEPE,1781328120000,1781328180000,2.8000000000000003e-06,2.81e-06,25.60690526291142,target,3558986138.0,12
PEPE,1781330220000,1781330280000,2.79e-06,2.8e-06,25.657480342669984,target,3561065974.0,12
PEPE,1781330820000,1781330880000,2.79e-06,2.8e-06,25.663764896715698,target,3561938223.0,12
PEPE,1781332920000,1781332980000,2.8000000000000003e-06,2.81e-06,25.62571554713511,target,3561600493.0,12
PEPE,1781395320000,1781395380000,2.8500000000000002e-06,2.86e-06,25.410701152639504,target,3556431232.0,12
PEPE,1781398260000,1781398320000,2.8400000000000003e-06,2.8500000000000002e-06,25.461067607324665,target,3558500015.0,12
PEPE,1781398620000,1781398680000,2.8400000000000003e-06,2.8500000000000002e-06,25.467250278599074,target,3559364120.0,12
PEPE,1781399220000,1781399280000,2.8400000000000003e-06,2.8500000000000002e-06,25.473434445269167,target,3560228434.0,12
PEPE,1781399820000,1781399880000,2.8500000000000002e-06,2.86e-06,25.435381168710897,target,3559885398.0,12
PEPE,1781401080000,1781401140000,2.8400000000000003e-06,2.8500000000000002e-06,25.485796546606107,target,3561956191.0,12
PEPE,1781402520000,1781402580000,2.8400000000000003e-06,2.8500000000000002e-06,25.491985213769034,target,3562821134.0,12
PEPE,1781403720000,1781403780000,2.8400000000000003e-06,2.8500000000000002e-06,25.49817539063889,target,3563686288.0,12
PEPE,1781404320000,1781404380000,2.8400000000000003e-06,2.8500000000000002e-06,25.50436707006097,target,3564551652.0,12
PEPE,1781405880000,1781405940000,2.8400000000000003e-06,2.8500000000000002e-06,25.5105602520298,target,3565417226.0,12
PEPE,1781406720000,1781406780000,2.8400000000000003e-06,2.8500000000000002e-06,25.51675493654903,target,3566283010.0,12
PEPE,1781407320000,1781407380000,2.8400000000000003e-06,2.8500000000000002e-06,25.52295112362048,target,3567149004.0,12
PEPE,1781408160000,1781408220000,2.8400000000000003e-06,2.8500000000000002e-06,25.529148820395218,target,3568015209.0,12
PEPE,1781408520000,1781408580000,2.8400000000000003e-06,2.8500000000000002e-06,25.535348019720352,target,3568881624.0,12
PEPE,1781409120000,1781409180000,2.8400000000000003e-06,2.8500000000000002e-06,25.54154872159407,target,3569748249.0,12
PEPE,1781409720000,1781409780000,2.8500000000000002e-06,2.86e-06,25.503393694920312,target,3569404296.0,12
PEPE,1781410920000,1781410980000,2.8500000000000002e-06,2.86e-06,25.509575891880026,target,3570269544.0,12
PEPE,1781412120000,1781413980000,2.8400000000000003e-06,2.82e-06,-86.59367615424048,time,3572346376.0,12
PEPE,1781416620000,1781416680000,2.82e-06,2.83e-06,25.627885710175022,target,3571830761.0,12
PEPE,1781417340000,1781417400000,2.83e-06,2.84e-06,25.589717244835157,target,3571488799.0,12
PEPE,1781417820000,1781418000000,2.83e-06,2.84e-06,25.595941946058666,target,3572357564.0,12
PEPE,1781418420000,1781418480000,2.82e-06,2.83e-06,25.646603046573546,target,3574439449.0,12
PEPE,1781419920000,1781419980000,2.82e-06,2.83e-06,25.652852414174323,target,3575310441.0,12
PEPE,1781420820000,1781420880000,2.82e-06,2.83e-06,25.659103302875874,target,3576181645.0,12
PEPE,1781481780000,1781481840000,2.91e-06,2.92e-06,25.266232859140658,target,3566158484.0,12
PEPE,1781482320000,1781482380000,2.92e-06,2.93e-06,25.228086237149157,target,3565807242.0,12
PEPE,1781482920000,1781482980000,2.92e-06,2.93e-06,25.234127438150274,target,3566661122.0,12
PEPE,1781483520000,1781483580000,2.91e-06,2.92e-06,25.284398820395854,target,3568722487.0,12
PEPE,1781487420000,1781487480000,2.88e-06,2.89e-06,25.423361999162154,target,3573206184.0,12
PEPE,1781488680000,1781488740000,2.8900000000000003e-06,2.9e-06,25.385152693811968,target,3572857522.0,12
PEPE,1781489820000,1781489880000,2.91e-06,2.92e-06,25.302652217634773,target,3571298831.0,12
PEPE,1781490420000,1781490540000,2.9e-06,2.91e-06,25.353023156671195,target,3573364786.0,12
PEPE,1781491020000,1781491080000,2.9e-06,2.91e-06,25.35911556222042,target,3574223476.0,12
PEPE,1781492520000,1781492580000,2.9e-06,2.91e-06,25.365209429340254,target,3575082372.0,12
PEPE,1781493780000,1781493840000,2.9e-06,2.91e-06,25.37130475803069,target,3575941474.0,12
PEPE,1781494380000,1781494440000,2.9e-06,2.91e-06,25.37740156248114,target,3576800784.0,12
PEPE,1781494920000,1781494980000,2.91e-06,2.92e-06,25.339145309726128,target,3576449585.0,12
PEPE,1781496120000,1781496180000,2.91e-06,2.92e-06,25.345223736690624,target,3577307514.0,12
PEPE,1781496720000,1781496780000,2.91e-06,2.92e-06,25.351303630249514,target,3578165650.0,12
PEPE,1781497320000,1781497380000,2.91e-06,2.92e-06,25.357384976234307,target,3579023991.0,12
PEPE,1781499720000,1781499780000,2.9e-06,2.91e-06,25.407864867330147,target,3581094414.0,12
PEPE,1781500440000,1781500500000,2.9e-06,2.91e-06,25.41397044829621,target,3581954961.0,12
PEPE,1781500920000,1781500980000,2.91e-06,2.92e-06,25.375659075843938,target,3581603257.0,12
PEPE,1781501520000,1781501580000,2.92e-06,2.93e-06,25.33734723797464,target,3581250493.0,12
PEPE,1781503620000,1781503680000,2.92e-06,2.93e-06,25.34341460939974,target,3582108072.0,12
PEPE,1781504820000,1781504880000,2.92e-06,2.93e-06,25.349483424125136,target,3582965855.0,12
PEPE,1781506320000,1781506380000,2.92e-06,2.93e-06,25.355553703374923,target,3583823845.0,12
PEPE,1781507220000,1781507280000,2.91e-06,2.92e-06,25.406066988963364,target,3585895129.0,12
PEPE,1781568720000,1781568780000,2.95e-06,2.96e-06,25.234532842400526,target,3581906720.0,12
PEPE,1781569320000,1781569980000,2.95e-06,2.96e-06,25.240543868885467,target,3582759953.0,12
PEPE,1781570580000,1781570640000,2.95e-06,2.96e-06,25.246556318460875,target,3583613388.0,12
PEPE,1781571420000,1781571780000,2.95e-06,2.96e-06,25.252570205215214,target,3584467027.0,12
PEPE,1781572320000,1781572440000,2.95e-06,2.96e-06,25.25858552915031,target,3585320870.0,12
PEPE,1781572920000,1781572980000,2.95e-06,2.96e-06,25.264602283221016,target,3586174916.0,12
PEPE,1781573520000,1781573580000,2.95e-06,2.96e-06,25.27062046742369,target,3587029165.0,12
PEPE,1781574420000,1781574480000,2.95e-06,2.96e-06,25.276640081765613,target,3587883617.0,12
PEPE,1781575020000,1781575080000,2.95e-06,2.96e-06,25.282661140331616,target,3588738274.0,12
PEPE,1781575620000,1781575680000,2.9400000000000002e-06,2.95e-06,25.333140943969198,target,3590806654.0,12
PEPE,1781579880000,1781580060000,2.92e-06,2.93e-06,25.428212177549884,target,3594093594.0,12
PEPE,1781580420000,1781580480000,2.9300000000000003e-06,2.9400000000000002e-06,25.389762530760173,target,3593738504.0,12
PEPE,1781581620000,1781581680000,2.9400000000000002e-06,2.95e-06,25.351312500413933,target,3593382353.0,12
PEPE,1781582820000,1781584140000,2.96e-06,2.92e-06,-159.39672265440032,stop,3590016276.0,12
PEPE,1781587320000,1781587380000,2.9300000000000003e-06,2.9400000000000002e-06,25.363789040294208,target,3590062143.0,12
PEPE,1781589720000,1781589780000,2.9400000000000002e-06,2.95e-06,25.325378348636423,target,3589706357.0,12
PEPE,1781591040000,1781591100000,2.9400000000000002e-06,2.95e-06,25.331421619305978,target,3590562951.0,12
PEPE,1781592720000,1781592780000,2.95e-06,2.96e-06,25.2930014249904,target,3590206022.0,12
PEPE,1781593320000,1781593740000,2.96e-06,2.97e-06,25.241959946280318,target,3588054008.0,12
PEPE,1781594460000,1781594520000,2.9400000000000002e-06,2.95e-06,25.349525236100458,target,3593129020.0,12
PEPE,1781594820000,1781594880000,2.95e-06,2.96e-06,25.31107757757335,target,3592771835.0,12
PEPE,1781595420000,1781595480000,2.96e-06,2.97e-06,25.259999620906346,target,3590618283.0,12
PEPE,1781596020000,1781596080000,2.95e-06,2.96e-06,25.323123928751013,target,3594481750.0,12
PEPE,1781597520000,1781597580000,2.96e-06,2.97e-06,25.272021662056435,target,3592327173.0,12
PEPE,1781654580000,1781654640000,2.95e-06,2.96e-06,25.3351760075108,target,3596192478.0,12
PEPE,1781655720000,1781655900000,2.95e-06,2.96e-06,25.341211001085277,target,3597049113.0,12
PEPE,1781656320000,1781656380000,2.95e-06,2.96e-06,25.347247438885656,target,3597905953.0,12
PEPE,1781656980000,1781657040000,2.96e-06,2.97e-06,25.29609648730625,target,3595749323.0,12
PEPE,1781657640000,1781657700000,2.95e-06,2.96e-06,25.359310993948764,target,3599618310.0,12
PEPE,1781658180000,1781658300000,2.96e-06,2.97e-06,25.308135707926372,target,3597460655.0,12
PEPE,1781659020000,1781659140000,2.96e-06,2.97e-06,25.314150661065597,target,3598315659.0,12
PEPE,1781659620000,1781659680000,2.95e-06,2.96e-06,25.377410289360952,target,3602187408.0,12
PEPE,1781660220000,1781660280000,2.96e-06,2.97e-06,25.32619847141982,target,3600028212.0,12
PEPE,1781660820000,1781660880000,2.9800000000000003e-06,2.99e-06,25.09066849931719,target,3576716821.0,12
PEPE,1781662680000,1781662740000,2.99e-06,3e-06,24.976983938549346,target,3565593710.0,12
PEPE,1781663220000,1781663280000,3e-06,3.01e-06,24.864014043181516,target,3554540964.0,12
PEPE,1781663820000,1781663880000,2.99e-06,3e-06,24.98866073416488,target,3567260633.0,12
PEPE,1781664420000,1781664480000,2.99e-06,3e-06,24.994515106876722,target,3568096375.0,12
PEPE,1781665620000,1781665680000,2.99e-06,3e-06,25.00037084555945,target,3568932312.0,12
PEPE,1781666520000,1781666640000,2.99e-06,3e-06,25.006227950220335,target,3569768444.0,12
PEPE,1781667720000,1781667780000,2.9800000000000003e-06,2.99e-06,25.131845476020224,target,3582586668.0,12
PEPE,1781668620000,1781668680000,2.9800000000000003e-06,2.99e-06,25.137761583284384,target,3583430019.0,12
PEPE,1781669220000,1781669280000,2.9800000000000003e-06,2.99e-06,25.143679079521647,target,3584273568.0,12
PEPE,1781670420000,1781670480000,2.9800000000000003e-06,2.99e-06,25.14959796472474,target,3585117315.0,12
PEPE,1781672220000,1781672700000,2.99e-06,3e-06,25.035646400399767,target,3573968080.0,12
PEPE,1781673480000,1781673540000,2.9800000000000003e-06,2.99e-06,25.161411708762657,target,3586801384.0,12
PEPE,1781674380000,1781674440000,2.9800000000000003e-06,2.99e-06,25.167334774905342,target,3587645727.0,12
PEPE,1781675220000,1781675280000,2.99e-06,3e-06,25.053302839139654,target,3576488628.0,12
PEPE,1781741520000,1781742120000,2.96e-06,2.97e-06,25.421557945665377,target,3613583219.0,12
PEPE,1781742420000,1781742480000,2.95e-06,2.96e-06,25.48508598481986,target,3617471396.0,12
PEPE,1781743140000,1781743200000,2.95e-06,2.96e-06,25.49115668950094,target,3618333100.0,12
PEPE,1781743620000,1781743740000,2.95e-06,2.96e-06,25.497228838404283,target,3619195009.0,12
PEPE,1781745120000,1781745180000,2.96e-06,2.97e-06,25.445775229665568,target,3617025619.0,12
PEPE,1781746320000,1781746380000,2.95e-06,2.96e-06,25.509363780454862,target,3620917499.0,12
PEPE,1781747820000,1781747880000,2.9400000000000002e-06,2.95e-06,25.560296225430427,target,3623004426.0,12
PEPE,1781749320000,1781749380000,2.9400000000000002e-06,2.95e-06,25.566395548075437,target,3623868965.0,12
PEPE,1781750040000,1781750100000,2.9400000000000002e-06,2.95e-06,25.572496331104826,target,3624733711.0,12
PEPE,1781750520000,1781750580000,2.9400000000000002e-06,2.95e-06,25.578598567464812,target,3625598663.0,12
PEPE,1781751120000,1781751240000,2.9400000000000002e-06,2.95e-06,25.584702264211,target,3626463822.0,12
PEPE,1781760540000,1781760600000,2.86e-06,2.87e-06,25.951179488483834,target,3637166011.0,12
PEPE,1781761380000,1781761440000,2.86e-06,2.87e-06,25.957459294520124,target,3638046152.0,12
PEPE,1781761920000,1781761980000,2.86e-06,2.87e-06,25.963740620309103,target,3638926506.0,12
PEPE,1781762520000,1781762580000,2.87e-06,2.88e-06,25.924837313249732,target,3638573658.0,12
PEPE,1781763180000,1781763240000,2.86e-06,2.87e-06,25.97629689320022,target,3640686320.0,12
PEPE,1781763720000,1781763780000,2.87e-06,2.88e-06,25.937374776748214,target,3640333302.0,12
PEPE,1781764320000,1781764380000,2.87e-06,2.88e-06,25.943640316499415,target,3641212676.0,12
PEPE,1781764920000,1781764980000,2.88e-06,2.89e-06,25.904708170580278,target,3640858492.0,12
PEPE,1781765580000,1781765640000,2.88e-06,2.89e-06,25.910954927129424,target,3641736462.0,12
PEPE,1781767020000,1781767080000,2.88e-06,2.89e-06,25.91720318494545,target,3642614643.0,12
PEPE,1781767680000,1781767740000,2.8900000000000003e-06,2.9e-06,25.87825167994675,target,3642259209.0,12
PEPE,1781770380000,1781770440000,2.9e-06,2.91e-06,25.839299621025187,target,3641902695.0,12
PEPE,1781770920000,1781770980000,2.9e-06,2.91e-06,25.845508881224983,target,3642777855.0,12
PEPE,1781827920000,1781827980000,2.8400000000000003e-06,2.8500000000000002e-06,24.282827333909534,target,3393826322.0,13
PEPE,1781828580000,1781828640000,2.8400000000000003e-06,2.8500000000000002e-06,24.28872389104629,target,3394650439.0,13
PEPE,1781829120000,1781829180000,2.8500000000000002e-06,2.86e-06,24.252440392909588,target,3394323358.0,13
PEPE,1781829720000,1781829780000,2.8500000000000002e-06,2.86e-06,24.25831934178055,target,3395146164.0,13
PEPE,1781830320000,1781830380000,2.8500000000000002e-06,2.86e-06,24.26419971965067,target,3395969170.0,13
PEPE,1781831220000,1781831280000,2.86e-06,2.87e-06,24.227897971333864,target,3395640921.0,13
PEPE,1781832540000,1781833080000,2.8500000000000002e-06,2.86e-06,24.27595453075071,target,3397614350.0,13
PEPE,1781834220000,1781834280000,2.86e-06,2.87e-06,24.239635189035212,target,3397285941.0,13
PEPE,1781835480000,1781835540000,2.8500000000000002e-06,2.86e-06,24.28771503641641,target,3399260327.0,13
PEPE,1781838120000,1781838180000,2.8500000000000002e-06,2.86e-06,24.293602537851342,target,3400084330.0,13
PEPE,1781838720000,1781838960000,2.8500000000000002e-06,2.81e-06,-150.43918895725662,stop,3400908533.0,13
PEPE,1781842800000,1781842860000,2.81e-06,2.82e-06,24.431995555830092,target,3400416918.0,13
PEPE,1781846820000,1781846880000,2.79e-06,2.8e-06,24.52263796218424,target,3403558357.0,13
PEPE,1781849280000,1781849340000,2.8000000000000003e-06,2.81e-06,24.486280451384733,target,3403235643.0,13
PEPE,1781849820000,1781849880000,2.8000000000000003e-06,2.81e-06,24.492267777831223,target,3404067794.0,13
PEPE,1781850420000,1781850480000,2.81e-06,2.82e-06,24.455900539410884,target,3403743986.0,13
PEPE,1781851020000,1781851200000,2.8000000000000003e-06,2.81e-06,24.504236466066228,target,3405731267.0,13
PEPE,1781851920000,1781851980000,2.79e-06,2.8e-06,24.55263371011078,target,3407721542.0,13
PEPE,1781853120000,1781853180000,2.79e-06,2.8e-06,24.558647651561635,target,3408556232.0,13
PEPE,1781853720000,1781853780000,2.79e-06,2.8e-06,24.56466306282958,target,3409391126.0,13
PEPE,1781856120000,1781856180000,2.78e-06,2.79e-06,24.61314548783918,target,3411385376.0,13
PEPE,1781856720000,1781856780000,2.78e-06,2.79e-06,24.619184666504687,target,3412222407.0,13
PEPE,1781857320000,1781857380000,2.79e-06,2.8e-06,24.582738945214786,target,3411899923.0,13
PEPE,1781859120000,1781859180000,2.79e-06,2.8e-06,24.58876025737937,target,3412735636.0,13
PEPE,1781913780000,1781913840000,2.82e-06,2.83e-06,24.467434573925573,target,3410095411.0,13
PEPE,1781914320000,1781914380000,2.82e-06,2.83e-06,24.47339661147373,target,3410926357.0,13
PEPE,1781914980000,1781915040000,2.82e-06,2.83e-06,24.479360098373633,target,3411757505.0,13
PEPE,1781915580000,1781915640000,2.83e-06,2.84e-06,24.44290217638393,target,3411430869.0,13
PEPE,1781916720000,1781916780000,2.83e-06,2.84e-06,24.448847915500576,target,3412260700.0,13
PEPE,1781917380000,1781917440000,2.83e-06,2.84e-06,24.45479510194397,target,3413090733.0,13
PEPE,1781917920000,1781917980000,2.82e-06,2.83e-06,24.503197572174713,target,3415079801.0,13
PEPE,1781918580000,1781919420000,2.83e-06,2.84e-06,24.466704141590675,target,3414752846.0,13
PEPE,1781919720000,1781921580000,2.83e-06,2.8000000000000003e-06,-116.86418893927384,time,3415583485.0,13
PEPE,1781922420000,1781922480000,2.81e-06,2.82e-06,24.529107591915384,target,3413932859.0,13
PEPE,1781923620000,1781923680000,2.81e-06,2.82e-06,24.535095017669313,target,3414766182.0,13
PEPE,1781924280000,1781924340000,2.81e-06,2.82e-06,24.541083909164882,target,3415599709.0,13
PEPE,1781925720000,1781925900000,2.82e-06,2.83e-06,24.504589184950166,target,3415273754.0,13
PEPE,1781926320000,1781926380000,2.82e-06,2.83e-06,24.51056027017465,target,3416105961.0,13
PEPE,1781926980000,1781927100000,2.82e-06,2.83e-06,24.516532819100327,target,3416938372.0,13
PEPE,1781927820000,1781927880000,2.82e-06,2.83e-06,24.522506817374108,target,3417770985.0,13
PEPE,1781928420000,1781928480000,2.82e-06,2.83e-06,24.5284822793509,target,3418603802.0,13
PEPE,1781929020000,1781929140000,2.82e-06,2.83e-06,24.534459190675797,target,3419436821.0,13
PEPE,1781929620000,1781929680000,2.82e-06,2.83e-06,24.540437558526254,target,3420270043.0,13
PEPE,1781930400000,1781930460000,2.82e-06,2.83e-06,24.546417382900447,target,3421103468.0,13
PEPE,1781930820000,1781930880000,2.82e-06,2.83e-06,24.55239867097401,target,3421937097.0,13
PEPE,1781931420000,1781931480000,2.83e-06,2.84e-06,24.515831967190557,target,3421609486.0,13
PEPE,1781932020000,1781932080000,2.83e-06,2.84e-06,24.52179544684449,target,3422441793.0,13
PEPE,1781932620000,1781932680000,2.8500000000000002e-06,2.86e-06,24.442706691395845,target,3420952651.0,13
PEPE,1782000120000,1782000180000,2.83e-06,2.84e-06,24.533706069954412,target,3424104127.0,13
PEPE,1782001380000,1782001440000,2.83e-06,2.84e-06,24.539673898764683,target,3424937041.0,13
PEPE,1782001980000,1782002100000,2.83e-06,2.84e-06,24.545643174905344,target,3425770157.0,13
PEPE,1782004080000,1782004200000,2.83e-06,2.84e-06,24.551613905539746,target,3426603476.0,13
PEPE,1782004620000,1782004740000,2.83e-06,2.84e-06,24.55758609066971,target,3427436998.0,13
PEPE,1782006420000,1782006480000,2.83e-06,2.84e-06,24.563559730295232,target,3428270723.0,13
PEPE,1782007140000,1782007200000,2.83e-06,2.84e-06,24.569534817251146,target,3429104650.0,13
PEPE,1782007620000,1782007680000,2.83e-06,2.84e-06,24.575511365864152,target,3429938781.0,13
PEPE,1782008220000,1782008340000,2.83e-06,2.84e-06,24.58148936180937,target,3430773114.0,13
PEPE,1782008820000,1782008940000,2.83e-06,2.84e-06,24.58746881225015,target,3431607650.0,13
PEPE,1782009420000,1782009480000,2.83e-06,2.84e-06,24.593449717186488,target,3432442389.0,13
PEPE,1782010140000,1782010260000,2.83e-06,2.84e-06,24.599432076614754,target,3433277331.0,13
PEPE,1782010620000,1782010680000,2.83e-06,2.84e-06,24.60541589770557,target,3434112477.0,13
PEPE,1782011820000,1782011940000,2.8400000000000003e-06,2.8500000000000002e-06,24.568714832130294,target,3433782646.0,13
PEPE,1782013920000,1782013980000,2.8400000000000003e-06,2.8500000000000002e-06,24.574680814230817,target,3434616466.0,13
PEPE,1782014820000,1782014880000,2.83e-06,2.84e-06,24.62335530944441,target,3436616233.0,13
PEPE,1782016320000,1782016380000,2.83e-06,2.84e-06,24.629344941350478,target,3437452190.0,13
PEPE,1782016980000,1782017040000,2.83e-06,2.84e-06,24.635336034917287,target,3438288351.0,13
PEPE,1782021720000,1782021780000,2.81e-06,2.82e-06,24.726892140539213,target,3441460284.0,13
PEPE,1782023820000,1782023880000,2.81e-06,2.82e-06,24.73292784230995,target,3442300326.0,13
PEPE,1782025080000,1782025140000,2.82e-06,2.83e-06,24.696147830024657,target,3441971823.0,13
PEPE,1782027720000,1782027780000,2.83e-06,2.84e-06,24.65936703651131,target,3441642294.0,13
PEPE,1782028320000,1782028380000,2.82e-06,2.83e-06,24.70817440717421,target,3443648001.0,13
PEPE,1782029100000,1782029160000,2.82e-06,2.83e-06,24.71419510035157,target,3444487122.0,13
PEPE,1782086520000,1782086580000,2.79e-06,2.8e-06,24.84888142131961,target,3448838504.0,13
PEPE,1782088980000,1782089040000,2.82e-06,2.83e-06,24.72627225407491,target,3446170349.0,13
PEPE,1782090360000,1782090420000,2.82e-06,2.83e-06,24.732297359875446,target,3447010085.0,13
PEPE,1782090780000,1782090840000,2.82e-06,2.83e-06,24.738323943724794,target,3447850027.0,13
PEPE,1782091920000,1782091980000,2.8500000000000002e-06,2.86e-06,24.615824246799214,target,3445181840.0,13
PEPE,1782092640000,1782092700000,2.8500000000000002e-06,2.86e-06,24.621791286375338,target,3446016975.0,13
PEPE,1782096720000,1782096840000,2.83e-06,2.84e-06,24.713457391263628,target,3449191541.0,13
PEPE,1782098520000,1782098580000,2.83e-06,2.84e-06,24.719468940904633,target,3450030557.0,13
PEPE,1782099900000,1782099960000,2.82e-06,2.83e-06,24.768395265599597,target,3452041152.0,13
PEPE,1782101880000,1782101940000,2.82e-06,2.83e-06,24.774430638824423,target,3452882319.0,13
PEPE,1782102720000,1782102780000,2.82e-06,2.83e-06,24.780467482926067,target,3453723691.0,13
PEPE,1782103320000,1782103380000,2.82e-06,2.83e-06,24.78650579790089,target,3454565268.0,13
PEPE,1782103920000,1782103980000,2.82e-06,2.83e-06,24.792545583748893,target,3455407050.0,13
PEPE,1782104580000,1782104640000,2.83e-06,2.84e-06,24.755621223774543,target,3455076235.0,13
PEPE,1782107580000,1782107640000,2.82e-06,2.83e-06,24.804619106923603,target,3457089771.0,13
PEPE,1782108180000,1782108240000,2.83e-06,2.84e-06,24.767676759008992,target,3456758794.0,13
PEPE,1782109020000,1782109080000,2.83e-06,2.84e-06,24.773701499415196,target,3457599651.0,13
PEPE,1782110520000,1782110580000,2.82e-06,2.83e-06,24.822735171151763,target,3459614658.0,13
PEPE,1782111720000,1782111780000,2.82e-06,2.83e-06,24.828783782249758,target,3460457670.0,13
PEPE,1782112320000,1782112380000,2.83e-06,2.84e-06,24.79180544821451,target,3460126371.0,13
PEPE,1782114720000,1782114780000,2.8400000000000003e-06,2.8500000000000002e-06,24.75482637051158,target,3459794042.0,13
PEPE,1782115320000,1782115380000,2.8400000000000003e-06,2.8500000000000002e-06,24.76083754359037,target,3460634178.0,13
PEPE,1782115920000,1782116100000,2.8400000000000003e-06,2.8500000000000002e-06,24.766850176291264,target,3461474518.0,13
PEPE,1782116520000,1782116580000,2.8400000000000003e-06,2.8500000000000002e-06,24.772864268608796,target,3462315062.0,13
PEPE,1782172920000,1782172980000,2.8000000000000003e-06,2.81e-06,24.95126121887964,target,3467861184.0,13
PEPE,1782174120000,1782174180000,2.8000000000000003e-06,2.81e-06,24.95736224071507,target,3468709137.0,13
PEPE,1782175080000,1782175140000,2.8000000000000003e-06,2.81e-06,24.963464759109673,target,3469557298.0,13
PEPE,1782175620000,1782175740000,2.81e-06,2.82e-06,24.926397863099467,target,3469227260.0,13
PEPE,1782178920000,1782178980000,2.81e-06,2.82e-06,24.932482264798846,target,3470074080.0,13
PEPE,1782180600000,1782180660000,2.8000000000000003e-06,2.81e-06,24.98176013316033,target,3472100088.0,13
PEPE,1782181020000,1782181260000,2.81e-06,2.82e-06,24.944666070480707,target,3471769808.0,13
PEPE,1782182220000,1782182580000,2.81e-06,2.82e-06,24.950754934063422,target,3472617249.0,13
PEPE,1782183120000,1782183180000,2.81e-06,2.82e-06,24.95684528494604,target,3473464897.0,13
PEPE,1782183780000,1782183840000,2.8000000000000003e-06,2.81e-06,25.006171307577134,target,3475492885.0,13
PEPE,1782185220000,1782185280000,2.8000000000000003e-06,2.81e-06,25.012285762473326,target,3476342705.0,13
PEPE,1782185820000,1782185880000,2.8000000000000003e-06,2.81e-06,25.018401699546523,target,3477192731.0,13
PEPE,1782186420000,1782186480000,2.8000000000000003e-06,2.81e-06,25.024519140371797,target,3478042966.0,13
PEPE,1782188220000,1782188280000,2.81e-06,2.82e-06,24.987361589385422,target,3477712121.0,13
PEPE,1782191220000,1782191280000,2.79e-06,2.8e-06,25.080064394440466,target,3480924968.0,13
PEPE,1782192120000,1782192180000,2.79e-06,2.8e-06,25.08620752153952,target,3481777588.0,13
PEPE,1782194220000,1782194280000,2.78e-06,2.79e-06,25.135719308698693,target,3483814180.0,13
PEPE,1782194820000,1782194880000,2.78e-06,2.79e-06,25.14188670513021,target,3484668982.0,13
PEPE,1782199320000,1782199380000,2.74e-06,2.75e-06,25.321904729159964,target,3490269432.0,13
PEPE,1782199920000,1782200040000,2.73e-06,2.74e-06,25.371707785914573,target,3492320411.0,13
PEPE,1782200520000,1782200580000,2.74e-06,2.75e-06,25.33442910095613,target,3491995741.0,13
PEPE,1782201120000,1782202560000,2.74e-06,2.7e-06,-153.93027294918133,stop,3492858474.0,13
PEPE,1782206520000,1782206580000,2.69e-06,2.7e-06,25.52047072411316,target,3493562043.0,13
PEPE,1782207120000,1782207180000,2.7e-06,2.71e-06,25.483197326099962,target,3493241580.0,13
PEPE,1782260040000,1782260100000,2.69e-06,2.7e-06,25.53318017496086,target,3495301872.0,13
PEPE,1782260580000,1782260640000,2.69e-06,2.7e-06,25.53954270577657,target,3496172855.0,13
PEPE,1782261720000,1782261780000,2.7e-06,2.71e-06,25.502241456134918,target,3495852153.0,13
PEPE,1782262440000,1782262500000,2.7e-06,2.71e-06,25.50858541428023,target,3496721784.0,13
PEPE,1782262920000,1782262980000,2.7e-06,2.71e-06,25.514930955439333,target,3497591632.0,13
PEPE,1782263520000,1782263580000,2.7e-06,2.71e-06,25.52127807961586,target,3498461697.0,13
PEPE,1782265680000,1782265740000,2.7e-06,2.71e-06,25.527626772214866,target,3499331977.0,13
PEPE,1782266220000,1782266280000,2.7e-06,2.71e-06,25.533977055125135,target,3500202475.0,13
PEPE,1782269520000,1782269580000,2.69e-06,2.7e-06,25.584059499960382,target,3502266872.0,13
PEPE,1782270420000,1782270480000,2.68e-06,2.69e-06,25.634206033592054,target,3504334386.0,13
PEPE,1782271020000,1782271860000,2.68e-06,2.69e-06,25.64060466891041,target,3505209114.0,13
PEPE,1782272340000,1782272400000,2.68e-06,2.69e-06,25.64700489889918,target,3506084060.0,13
PEPE,1782273420000,1782273480000,2.68e-06,2.69e-06,25.653406730874934,target,3506959225.0,13
PEPE,1782279720000,1782279780000,2.68e-06,2.69e-06,25.65981015751929,target,3507834608.0,13
PEPE,1782280380000,1782280440000,2.6700000000000003e-06,2.68e-06,25.710071067723717,target,3509907313.0,13
PEPE,1782282420000,1782282480000,2.6700000000000003e-06,2.68e-06,25.716499604925886,target,3510784929.0,13
PEPE,1782283620000,1782283680000,2.6700000000000003e-06,2.68e-06,25.72292975362664,target,3511662765.0,13
PEPE,1782284580000,1782284640000,2.6700000000000003e-06,2.68e-06,25.729361506500776,target,3512540820.0,13
PEPE,1782287040000,1782287100000,2.66e-06,2.67e-06,25.779724592355294,target,3514618213.0,13
PEPE,1782287820000,1782287940000,2.66e-06,2.67e-06,25.7861815488444,target,3515498507.0,13
PEPE,1782288420000,1782288480000,2.66e-06,2.67e-06,25.792640126370063,target,3516379022.0,13
PEPE,1782289020000,1782289080000,2.66e-06,2.67e-06,25.799100317594807,target,3517259757.0,13
PEPE,1782289620000,1782289680000,2.66e-06,2.67e-06,25.805562129854287,target,3518140713.0,13
PEPE,1782290520000,1782290640000,2.66e-06,2.67e-06,25.812025555814664,target,3519021889.0,13
PEPE,1782345720000,1782345780000,2.5300000000000003e-06,2.5400000000000002e-06,26.393180880326085,target,3535590205.0,13
PEPE,1782346440000,1782346500000,2.5300000000000003e-06,2.5400000000000002e-06,26.399938631296077,target,3536495463.0,13
PEPE,1782346920000,1782346980000,2.5300000000000003e-06,2.5400000000000002e-06,26.40669811414528,target,3537400953.0,13
PEPE,1782347520000,1782347580000,2.5300000000000003e-06,2.5400000000000002e-06,26.413459321411175,target,3538306674.0,13
PEPE,1782349320000,1782349380000,2.5300000000000003e-06,2.5400000000000002e-06,26.420222268020613,target,3539212628.0,13
PEPE,1782350280000,1782350340000,2.52e-06,2.53e-06,26.47146302384989,target,3541332846.0,13
PEPE,1782350940000,1782351000000,2.52e-06,2.53e-06,26.478252222500103,target,3542241100.0,13
PEPE,1782351420000,1782351480000,2.52e-06,2.53e-06,26.485043170301434,target,3543149588.0,13
PEPE,1782352620000,1782352680000,2.52e-06,2.53e-06,26.491835852298852,target,3544058308.0,13
PEPE,1782353220000,1782353280000,2.52e-06,2.53e-06,26.498630283449206,target,3544967262.0,13
PEPE,1782354480000,1782354540000,2.52e-06,2.53e-06,26.505426448799284,target,3545876448.0,13
PEPE,1782355020000,1782355080000,2.52e-06,2.53e-06,26.512224363300476,target,3546785868.0,13
PEPE,1782355620000,1782355680000,2.51e-06,2.52e-06,26.56361057896379,target,3548912569.0,13
PEPE,1782357120000,1782357180000,2.51e-06,2.52e-06,26.570434870528484,target,3549824298.0,13
PEPE,1782358080000,1782358140000,2.51e-06,2.52e-06,26.577260913583906,target,3550736261.0,13
PEPE,1782358620000,1782358680000,2.51e-06,2.52e-06,26.584088708130054,target,3551648458.0,13
PEPE,1782359340000,1782359400000,2.51e-06,2.52e-06,26.59091826165035,target,3552560890.0,13
PEPE,1782359820000,1782359940000,2.51e-06,2.52e-06,26.597749566659562,target,3553473556.0,13
PEPE,1782360780000,1782360840000,2.51e-06,2.52e-06,26.604582623159494,target,3554386456.0,13
PEPE,1782361380000,1782361440000,2.51e-06,2.52e-06,26.611417438635403,target,3555299591.0,13
PEPE,1782361920000,1782361980000,2.51e-06,2.52e-06,26.618254013085462,target,3556212961.0,13
PEPE,1782362580000,1782362640000,2.51e-06,2.52e-06,26.625092339026246,target,3557126565.0,13
PEPE,1782363120000,1782363180000,2.52e-06,2.53e-06,26.58723118187536,target,3556820225.0,13
PEPE,1782363720000,1782363780000,2.5400000000000002e-06,2.55e-06,26.504716613444472,target,3555293979.0,13
PEPE,1782432120000,1782432180000,2.3600000000000003e-06,2.37e-06,27.320135221456272,target,3578275733.0,13
PEPE,1782433080000,1782433140000,2.35e-06,2.36e-06,27.372562550465275,target,3580452917.0,13
PEPE,1782433620000,1782433680000,2.35e-06,2.36e-06,27.379784621421148,target,3581397596.0,13
PEPE,1782434520000,1782434580000,2.35e-06,2.36e-06,27.387008595978887,target,3582342524.0,13
PEPE,1782436980000,1782437040000,2.34e-06,2.35e-06,27.43953252900556,target,3584524171.0,13
PEPE,1782439020000,1782439080000,2.33e-06,2.34e-06,27.492125542770854,target,3586709138.0,13
PEPE,1782443820000,1782443880000,2.3e-06,2.31e-06,27.63565112448081,target,3591377664.0,13
PEPE,1782445020000,1782445080000,2.3e-06,2.31e-06,27.643002981345415,target,3592333071.0,13
PEPE,1782446880000,1782446940000,2.33e-06,2.34e-06,27.514036320856114,target,3589567687.0,13
PEPE,1782448020000,1782448080000,2.34e-06,2.35e-06,27.475930285700112,target,3589278940.0,13
PEPE,1782448680000,1782448740000,2.33e-06,2.34e-06,27.528593067989878,target,3591466806.0,13
PEPE,1782450420000,1782450480000,2.33e-06,2.34e-06,27.53588033678922,target,3592417526.0,13
PEPE,1782451020000,1782451200000,2.34e-06,2.35e-06,27.497744050248333,target,3592128550.0,13
PEPE,1782451680000,1782451740000,2.33e-06,2.34e-06,27.550448635081327,target,3594318152.0,13
PEPE,1782453120000,1782453180000,2.33e-06,2.34e-06,27.557741690954586,target,3595269627.0,13
PEPE,1782453720000,1782454980000,2.33e-06,2.34e-06,27.56503667074593,target,3596221353.0,13
PEPE,1782455520000,1782455580000,2.33e-06,2.34e-06,27.57233358977865,target,3597173332.0,13
PEPE,1782456120000,1782456180000,2.35e-06,2.36e-06,27.488692577444382,target,3595643241.0,13
PEPE,1782456780000,1782456840000,2.3600000000000003e-06,2.37e-06,27.45051041273897,target,3595351724.0,13
PEPE,1782459780000,1782459840000,2.38e-06,2.39e-06,27.366941348434864,target,3593820269.0,13
PEPE,1782460320000,1782460380000,2.37e-06,2.38e-06,27.419522303126087,target,3596002925.0,13
PEPE,1782462720000,1782462780000,2.3600000000000003e-06,2.37e-06,27.472172243865927,target,3598188899.0,13
PEPE,1782463680000,1782463800000,2.35e-06,2.36e-06,27.524891331354173,target,3600378199.0,13
PEPE,1782464820000,1782464880000,2.35e-06,2.36e-06,27.532153592073435,target,3601328135.0,13
PEPE,1782518520000,1782518580000,2.38e-06,2.39e-06,27.40299171792372,target,3598554395.0,13
PEPE,1782519240000,1782519300000,2.38e-06,2.39e-06,27.410186004406032,target,3599499147.0,13
PEPE,1782520320000,1782520380000,2.38e-06,2.39e-06,27.41738217940328,target,3600444147.0,13
PEPE,1782520920000,1782521160000,2.38e-06,2.39e-06,27.424580242924556,target,3601389395.0,13
PEPE,1782522420000,1782522480000,2.38e-06,2.39e-06,27.431780194964404,target,3602334891.0,13
PEPE,1782523680000,1782523740000,2.38e-06,2.39e-06,27.438982035526458,target,3603280635.0,13
PEPE,1782524460000,1782524580000,2.38e-06,2.39e-06,27.446185764605268,target,3604226627.0,13
PEPE,1782525180000,1782525240000,2.38e-06,2.39e-06,27.453391389820194,target,3605172868.0,13
PEPE,1782525720000,1782525780000,2.39e-06,2.4e-06,27.415090748566477,target,3604877153.0,13
PEPE,1782526320000,1782526440000,2.4000000000000003e-06,2.4100000000000002e-06,27.376787545590677,target,3604580322.0,13
PEPE,1782528720000,1782528780000,2.42e-06,2.43e-06,27.29304380144896,target,3603042086.0,13
PEPE,1782529320000,1782529380000,2.42e-06,2.43e-06,27.30016177139988,target,3603981752.0,13
PEPE,1782529920000,1782529980000,2.4100000000000002e-06,2.42e-06,27.352743320999366,target,3606162600.0,13
PEPE,1782530520000,1782530580000,2.42e-06,2.43e-06,27.314415133801543,target,3605863384.0,13
PEPE,1782531120000,1782531180000,2.42e-06,2.43e-06,27.32153867895037,target,3606803786.0,13
PEPE,1782533220000,1782533280000,2.4100000000000002e-06,2.42e-06,27.374161396485594,target,3608986341.0,13
PEPE,1782533820000,1782533880000,2.42e-06,2.43e-06,27.335803199323564,target,3608686891.0,13
PEPE,1782535920000,1782535980000,2.4100000000000002e-06,2.42e-06,27.3884533948093,target,3610870586.0,13
PEPE,1782537720000,1782537780000,2.4100000000000002e-06,2.42e-06,27.395608143270685,target,3611813862.0,13
PEPE,1782538320000,1782538380000,2.4000000000000003e-06,2.4100000000000002e-06,27.448340982370123,target,3614001446.0,13
PEPE,1782539520000,1782539580000,2.4100000000000002e-06,2.42e-06,27.409935138785247,target,3613702721.0,13
PEPE,1782540720000,1782540780000,2.4100000000000002e-06,2.42e-06,27.417095492559245,target,3614646736.0,13
PEPE,1782541920000,1782542040000,2.42e-06,2.43e-06,27.378677138773966,target,3614346817.0,13
PEPE,1782542520000,1782542580000,2.42e-06,2.43e-06,27.385817439823025,target,3615289431.0,13
PEPE,1782605580000,1782605640000,2.37e-06,2.38e-06,27.62129581562634,target,3622465025.0,13
PEPE,1782606120000,1782606180000,2.37e-06,2.38e-06,27.62855943637434,target,3623417631.0,13
PEPE,1782606720000,1782606780000,2.37e-06,2.38e-06,27.635824971000012,target,3624370488.0,13
PEPE,1782607320000,1782607380000,2.37e-06,2.38e-06,27.64309241187354,target,3625323595.0,13
PEPE,1782607980000,1782608100000,2.37e-06,2.38e-06,27.65036176662474,target,3626276953.0,13
PEPE,1782610920000,1782610980000,2.37e-06,2.38e-06,27.657633035249983,target,3627230562.0,13
PEPE,1782611520000,1782611580000,2.37e-06,2.38e-06,27.664906210124897,target,3628184421.0,13
PEPE,1782613320000,1782613380000,2.37e-06,2.38e-06,27.672181306501855,target,3629138532.0,13
PEPE,1782613920000,1782613980000,2.37e-06,2.38e-06,27.679458309126662,target,3630092893.0,13
PEPE,1782614520000,1782614640000,2.37e-06,2.38e-06,27.686737225623688,target,3631047505.0,13
PEPE,1782615420000,1782615480000,2.37e-06,2.38e-06,27.69401805599839,target,3632002368.0,13
PEPE,1782617280000,1782617400000,2.38e-06,2.39e-06,27.655438159229284,target,3631705602.0,13
PEPE,1782617880000,1782617940000,2.37e-06,2.38e-06,27.708573403250966,target,3633911266.0,13
PEPE,1782618480000,1782618540000,2.37e-06,2.38e-06,27.715859975251426,target,3634866882.0,13
PEPE,1782619380000,1782619440000,2.38e-06,2.39e-06,27.677249651429612,target,3634569882.0,13
PEPE,1782620100000,1782620160000,2.37e-06,2.38e-06,27.730426805750046,target,3636777286.0,13
PEPE,1782621780000,1782621840000,2.38e-06,2.39e-06,27.691796182334542,target,3636480129.0,13
PEPE,1782622320000,1782622380000,2.38e-06,2.39e-06,27.69906629136892,target,3637434838.0,13
PEPE,1782622920000,1782622980000,2.38e-06,2.39e-06,27.70633830415514,target,3638389797.0,13
PEPE,1782625680000,1782625740000,2.37e-06,2.38e-06,27.759571347624792,target,3640599521.0,13
PEPE,1782626880000,1782626940000,2.37e-06,2.38e-06,27.76687133199952,target,3641556896.0,13
PEPE,1782627720000,1782627780000,2.3600000000000003e-06,2.37e-06,27.82018824086942,target,3643770562.0,13
PEPE,1782628920000,1782628980000,2.3600000000000003e-06,2.37e-06,27.82751629096687,target,3644730359.0,13
PEPE,1782629580000,1782629640000,2.3600000000000003e-06,2.37e-06,27.834846265079644,target,3645690408.0,13
PEPE,1782691320000,1782691380000,2.34e-06,2.35e-06,27.93437627859032,target,3649167378.0,13
PEPE,1782694080000,1782694140000,2.34e-06,2.35e-06,27.941758768245126,target,3650131779.0,13
PEPE,1782695820000,1782696960000,2.35e-06,2.36e-06,27.9030038726453,target,3649837001.0,13
PEPE,1782697440000,1782697500000,2.35e-06,2.36e-06,27.910365900616497,target,3650799987.0,13
PEPE,1782697980000,1782698040000,2.35e-06,2.36e-06,27.91772987041596,target,3651763227.0,13
PEPE,1782698700000,1782698760000,2.34e-06,2.35e-06,27.97127164090283,target,3653987151.0,13
PEPE,1782701520000,1782701580000,2.3600000000000003e-06,2.37e-06,27.886319610314995,target,3652432169.0,13
PEPE,1782702180000,1782702240000,2.3600000000000003e-06,2.37e-06,27.893665075844908,target,3653394247.0,13
PEPE,1782702720000,1782702780000,2.38e-06,2.39e-06,27.808746895435924,target,3651838069.0,13
PEPE,1782703500000,1782703620000,2.38e-06,2.39e-06,27.816047708150368,target,3652796810.0,13
PEPE,1782703920000,1782704220000,2.39e-06,2.35e-06,-159.04799005145927,stop,3652497188.0,13
PEPE,1782706020000,1782706080000,2.37e-06,2.38e-06,27.827666394874033,target,3649530019.0,13
PEPE,1782707220000,1782707280000,2.3600000000000003e-06,2.37e-06,27.881100049455206,target,3651748533.0,13
PEPE,1782708540000,1782708660000,2.35e-06,2.36e-06,27.934603860901028,target,3653970420.0,13
PEPE,1782711420000,1782711480000,2.34e-06,2.35e-06,27.988177999296038,target,3656195689.0,13
PEPE,1782712020000,1782712080000,2.35e-06,2.36e-06,27.949358726188876,target,3655900422.0,13
PEPE,1782714420000,1782714480000,2.37e-06,2.38e-06,27.864372245122883,target,3654343901.0,13
PEPE,1782715020000,1782715080000,2.35e-06,2.36e-06,27.96408481569926,target,3657826660.0,13
PEPE,1782718620000,1782718680000,2.34e-06,2.35e-06,28.017715482780364,target,3660054276.0,13
PEPE,1782719280000,1782719340000,2.34e-06,2.35e-06,28.025120003524123,target,3661021555.0,13
PEPE,1782720420000,1782720480000,2.35e-06,2.36e-06,27.98624949020969,target,3660725898.0,13
PEPE,1782723120000,1782723180000,2.34e-06,2.35e-06,28.039922676053614,target,3662955281.0,13
PEPE,1782725220000,1782725280000,2.33e-06,2.34e-06,28.09366644923945,target,3665188056.0,13
PEPE,1782725820000,1782725880000,2.34e-06,2.35e-06,28.054757645030747,target,3664893226.0,13
PEPE,1782783120000,1782783180000,2.34e-06,2.35e-06,28.062171948865448,target,3665861783.0,13
PEPE,1782784320000,1782784380000,2.33e-06,2.34e-06,28.115958369449203,target,3668096330.0,13
PEPE,1782785220000,1782785280000,2.33e-06,2.34e-06,28.123401122774045,target,3669067335.0,13
PEPE,1782787440000,1782787500000,2.33e-06,2.34e-06,28.130845846005037,target,3670038597.0,13
PEPE,1782788100000,1782788160000,2.34e-06,2.35e-06,28.09188555093752,target,3669743377.0,13
PEPE,1782789180000,1782789300000,2.34e-06,2.35e-06,28.099309668480643,target,3670713216.0,13
PEPE,1782789780000,1782789840000,2.34e-06,2.35e-06,28.10673574570498,target,3671683311.0,13
PEPE,1782792420000,1782792480000,2.33e-06,2.34e-06,28.16060757698828,target,3673921406.0,13
PEPE,1782793140000,1782793200000,2.33e-06,2.34e-06,28.168062157408958,target,3674893954.0,13
PEPE,1782793920000,1782793980000,2.34e-06,2.35e-06,28.129050315665282,target,3674598343.0,13
PEPE,1782795900000,1782795960000,2.34e-06,2.35e-06,28.13648425457621,target,3675569465.0,13
PEPE,1782796920000,1782796980000,2.34e-06,2.35e-06,28.14392016082045,target,3676540844.0,13
PEPE,1782798180000,1782798240000,2.34e-06,2.35e-06,28.151358026745896,target,3677512479.0,13
PEPE,1782799020000,1782799080000,2.34e-06,2.35e-06,28.158797860006473,target,3678484371.0,13
PEPE,1782799620000,1782799740000,2.34e-06,2.35e-06,28.166239660600354,target,3679456520.0,13
PEPE,1782800220000,1782800280000,2.34e-06,2.35e-06,28.173683428529365,target,3680428926.0,13
PEPE,1782801420000,1782801480000,2.34e-06,2.35e-06,28.181129163795326,target,3681401589.0,13
PEPE,1782802080000,1782802140000,2.34e-06,2.35e-06,28.188576866394595,target,3682374509.0,13
PEPE,1782802620000,1782802680000,2.34e-06,2.35e-06,28.196026536330805,target,3683347686.0,13
PEPE,1782803220000,1782803280000,2.34e-06,2.35e-06,28.20347817360033,target,3684321120.0,13
PEPE,1782804420000,1782806280000,2.34e-06,2.3200000000000002e-06,-86.56757513388091,time,3685294812.0,13
PEPE,1782806820000,1782806880000,2.33e-06,2.34e-06,28.234619582924825,target,3683577245.0,13
PEPE,1782807420000,1782807480000,2.33e-06,2.34e-06,28.242093747421407,target,3684552348.0,13
PEPE,1782808020000,1782808080000,2.33e-06,2.34e-06,28.249569889484878,target,3685527709.0,13
PEPE,1782864180000,1782864240000,2.3200000000000002e-06,2.33e-06,28.303683041099095,target,3687776292.0,13
PEPE,1782865080000,1782865200000,2.3200000000000002e-06,2.33e-06,28.311187855650843,target,3688754118.0,13
PEPE,1782865680000,1782865740000,2.3100000000000003e-06,2.3200000000000002e-06,28.36538665857067,target,3691006722.0,13
PEPE,1782867300000,1782867360000,2.3200000000000002e-06,2.33e-06,28.326215835674887,target,3690712161.0,13
PEPE,1782867780000,1782867960000,2.3200000000000002e-06,2.33e-06,28.333726621376535,target,3691690765.0,13
PEPE,1782870120000,1782870180000,2.3200000000000002e-06,2.33e-06,28.341239402574395,target,3692669629.0,13
PEPE,1782870720000,1782870780000,2.3100000000000003e-06,2.3200000000000002e-06,28.395495735442033,target,3694924624.0,13
PEPE,1782871320000,1782871380000,2.3100000000000003e-06,2.3200000000000002e-06,28.403037302600254,target,3695905960.0,13
PEPE,1782874320000,1782874380000,2.3200000000000002e-06,2.33e-06,28.36381448640144,target,3695611008.0,13
PEPE,1782876420000,1782876480000,2.3100000000000003e-06,2.3200000000000002e-06,28.41811403531512,target,3697867799.0,13
PEPE,1782877020000,1782877080000,2.3100000000000003e-06,2.3200000000000002e-06,28.425661612145213,target,3698849917.0,13
PEPE,1782877620000,1782877680000,2.3200000000000002e-06,2.33e-06,28.386407552749848,target,3698554730.0,13
PEPE,1782878220000,1782878280000,2.33e-06,2.34e-06,28.347150567015223,target,3698258391.0,13
PEPE,1782880620000,1782880680000,2.33e-06,2.34e-06,28.354654517699714,target,3699237380.0,13
PEPE,1782881220000,1782881280000,2.34e-06,2.35e-06,28.315384260858117,target,3698939812.0,13
PEPE,1782882600000,1782882660000,2.33e-06,2.34e-06,28.369656003466957,target,3701194521.0,13
PEPE,1782883620000,1782883680000,2.33e-06,2.34e-06,28.37716591752053,target,3702174288.0,13
PEPE,1782884280000,1782884340000,2.33e-06,2.34e-06,28.384677816810825,target,3703154314.0,13
PEPE,1782884820000,1782884880000,2.33e-06,2.34e-06,28.39219170133602,target,3704134599.0,13
PEPE,1782885420000,1782885480000,2.33e-06,2.34e-06,28.399707578760495,target,3705115144.0,13
PEPE,1782886320000,1782886380000,2.3200000000000002e-06,2.33e-06,28.454108328651163,target,3707375678.0,13
PEPE,1782892020000,1782892080000,2.26e-06,2.27e-06,28.743706425524568,target,3716057715.0,13
PEPE,1782892620000,1782892680000,2.26e-06,2.27e-06,28.751403446673947,target,3717052805.0,13
PEPE,1782893220000,1782893280000,2.2700000000000003e-06,2.28e-06,28.711987098900245,target,3716762084.0,13
PEPE,1782952020000,1782953880000,2.3200000000000002e-06,2.31e-06,-49.99170877038214,time,3711336954.0,13
PEPE,1782954420000,1782954480000,2.3200000000000002e-06,2.33e-06,28.47125566014908,target,3709609858.0,13
PEPE,1782955080000,1782955140000,2.3200000000000002e-06,2.33e-06,28.47880490527555,target,3710593473.0,13
PEPE,1782956220000,1782956280000,2.34e-06,2.35e-06,28.392516507814413,target,3709015873.0,13
PEPE,1782957060000,1782957120000,2.33e-06,2.34e-06,28.44693609712685,target,3711276725.0,13
PEPE,1782958020000,1782958080000,2.34e-06,2.35e-06,28.40753802913872,target,3710978188.0,13
PEPE,1782958620000,1782958680000,2.34e-06,2.35e-06,28.415045563219863,target,3711958924.0,13
PEPE,1782959820000,1782959880000,2.34e-06,2.35e-06,28.422555087599704,target,3712939920.0,13
PEPE,1782960540000,1782960600000,2.35e-06,2.36e-06,28.383133335151143,target,3712640070.0,13
PEPE,1782961920000,1782961980000,2.34e-06,2.35e-06,28.43756768319554,target,3714901069.0,13
PEPE,1782962880000,1782962940000,2.34e-06,2.35e-06,28.445083155509725,target,3715882842.0,13
PEPE,1782963420000,1782963480000,2.3600000000000003e-06,2.37e-06,28.358692097563342,target,3714301519.0,13
PEPE,1782964020000,1782964080000,2.37e-06,2.38e-06,28.319243938127094,target,3713999205.0,13
PEPE,1782964620000,1782964680000,2.38e-06,2.39e-06,28.279793052484187,target,3713695739.0,13
PEPE,1782965280000,1782965340000,2.38e-06,2.39e-06,28.287217525184637,target,3714670719.0,13
PEPE,1782965820000,1782965880000,2.37e-06,2.38e-06,28.341566628875547,target,3716926771.0,13
PEPE,1782967680000,1782967740000,2.38e-06,2.39e-06,28.302084647590426,target,3716623066.0,13
PEPE,1782968820000,1782968880000,2.37e-06,2.38e-06,28.356462310374877,target,3718880303.0,13
PEPE,1782969420000,1782969660000,2.38e-06,2.39e-06,28.316959575369506,target,3718576438.0,13
PEPE,1782970020000,1782970080000,2.38e-06,2.39e-06,28.32439381049973,target,3719552700.0,13
PEPE,1782973920000,1782973980000,2.3600000000000003e-06,2.37e-06,28.425831096134857,target,3723095101.0,13
PEPE,1782975720000,1782975780000,2.3600000000000003e-06,2.37e-06,28.43331867192021,target,3724075792.0,13
PEPE,1782976320000,1782976380000,2.3600000000000003e-06,2.37e-06,28.440808217535277,target,3725056741.0,13
PEPE,1782976920000,1782976980000,2.3600000000000003e-06,2.37e-06,28.44829974061489,target,3726037949.0,13
PEPE,1783036920000,1783036980000,2.4400000000000004e-06,2.4500000000000003e-06,25.993045041698966,target,3440508940.0,14
PEPE,1783037520000,1783037580000,2.43e-06,2.44e-06,26.043171161856392,target,3442587067.0,14
PEPE,1783038420000,1783038480000,2.43e-06,2.44e-06,26.04995186048071,target,3443483392.0,14
PEPE,1783039320000,1783039380000,2.43e-06,2.44e-06,26.05673433688154,target,3444379952.0,14
PEPE,1783041420000,1783041480000,2.4400000000000004e-06,2.4500000000000003e-06,26.02011495423057,target,3444091986.0,14
PEPE,1783042620000,1783042680000,2.46e-06,2.47e-06,25.940138098270275,target,3442619522.0,14
PEPE,1783044000000,1783044060000,2.46e-06,2.47e-06,25.946858255834883,target,3443511381.0,14
PEPE,1783045080000,1783045140000,2.4500000000000003e-06,2.46e-06,25.99695785349045,target,3445587522.0,14
PEPE,1783045620000,1783047360000,2.46e-06,2.47e-06,25.960315042476232,target,3445297285.0,14
PEPE,1783047720000,1783047780000,2.47e-06,2.48e-06,25.923670052174586,target,3445005987.0,14
PEPE,1783048380000,1783048440000,2.4500000000000003e-06,2.46e-06,26.017167739590008,target,3448266102.0,14
PEPE,1783048920000,1783048980000,2.46e-06,2.47e-06,25.980496439866577,target,3447975639.0,14
PEPE,1783050120000,1783050180000,2.46e-06,2.47e-06,25.98722705601068,target,3448868886.0,14
PEPE,1783051020000,1783051080000,2.46e-06,2.47e-06,25.99395941274007,target,3449762364.0,14
PEPE,1783051620000,1783052100000,2.46e-06,2.47e-06,26.000693517590456,target,3450656074.0,14
PEPE,1783052520000,1783052580000,2.4500000000000003e-06,2.46e-06,26.050897066034317,target,3452736523.0,14
PEPE,1783053720000,1783053780000,2.4500000000000003e-06,2.46e-06,26.057657197409124,target,3453632498.0,14
PEPE,1783054860000,1783054920000,2.4500000000000003e-06,2.46e-06,26.064419086767977,target,3454528706.0,14
PEPE,1783055280000,1783055340000,2.46e-06,2.47e-06,26.02768118252586,target,3454237715.0,14
PEPE,1783056120000,1783056180000,2.4500000000000003e-06,2.46e-06,26.077936837033278,target,3456320323.0,14
PEPE,1783057380000,1783057860000,2.47e-06,2.48e-06,25.997685673749096,target,3454841950.0,14
PEPE,1783058220000,1783058280000,2.46e-06,2.47e-06,26.047914948165335,target,3456923019.0,14
PEPE,1783059180000,1783059240000,2.47e-06,2.48e-06,26.011146303451564,target,3456630738.0,14
PEPE,1783059720000,1783059780000,2.47e-06,2.48e-06,26.017873608301656,target,3457524732.0,14
PEPE,1783123920000,1783123980000,2.78e-06,2.79e-06,24.689567121376495,target,3421977425.0,14
PEPE,1783124520000,1783124700000,2.79e-06,2.8e-06,24.653017199689774,target,3421654018.0,14
PEPE,1783125120000,1783125180000,2.8000000000000003e-06,2.81e-06,24.616466392856257,target,3421329589.0,14
PEPE,1783130220000,1783130280000,2.7600000000000003e-06,2.77e-06,24.793058414419868,target,3426822172.0,14
PEPE,1783131000000,1783131060000,2.7600000000000003e-06,2.77e-06,24.799162750323788,target,3427665895.0,14
PEPE,1783131420000,1783131480000,2.77e-06,2.78e-06,24.762560847949437,target,3427344062.0,14
PEPE,1783132920000,1783132980000,2.8000000000000003e-06,2.81e-06,24.6406666026743,target,3424693065.0,14
PEPE,1783134120000,1783134180000,2.79e-06,2.8e-06,24.689333303305027,target,3426694421.0,14
PEPE,1783135320000,1783135380000,2.79e-06,2.8e-06,24.69538072638852,target,3427533758.0,14
PEPE,1783135920000,1783135980000,2.8000000000000003e-06,2.81e-06,24.658767107346144,target,3427208771.0,14
PEPE,1783136520000,1783136580000,2.83e-06,2.84e-06,24.536951514026114,target,3424557085.0,14
PEPE,1783137300000,1783137360000,2.81e-06,2.82e-06,24.62814198193464,target,3427716351.0,14
PEPE,1783137720000,1783137780000,2.81e-06,2.82e-06,24.634153585214996,target,3428553039.0,14
PEPE,1783138320000,1783138380000,2.8500000000000002e-06,2.86e-06,24.46975539642829,target,3424738334.0,14
PEPE,1783139220000,1783139280000,2.81e-06,2.82e-06,24.646139595029684,target,3430221238.0,14
PEPE,1783140900000,1783140960000,2.83e-06,2.84e-06,24.566850643456224,target,3428730027.0,14
PEPE,1783141320000,1783141380000,2.82e-06,2.83e-06,24.615474899576085,target,3430728209.0,14
PEPE,1783142220000,1783142700000,2.81e-06,2.77e-06,-151.6408212450001,stop,3432729400.0,14
PEPE,1783150020000,1783150320000,2.74e-06,2.75e-06,24.926324069430866,target,3435744186.0,14
PEPE,1783152420000,1783152480000,2.7200000000000002e-06,2.73e-06,25.01824503187604,target,3438934025.0,14
PEPE,1783153020000,1783153080000,2.7200000000000002e-06,2.73e-06,25.024447304025816,target,3439786571.0,14
PEPE,1783154220000,1783154280000,2.7200000000000002e-06,2.73e-06,25.030651118473795,target,3440639329.0,14
PEPE,1783154820000,1783154880000,2.7200000000000002e-06,2.73e-06,25.036856460675946,target,3441492297.0,14
PEPE,1783155420000,1783155480000,2.7200000000000002e-06,2.73e-06,25.043063352449224,target,3442345478.0,14
PEPE,1783212420000,1783212480000,2.7200000000000002e-06,2.73e-06,25.04927177925142,target,3443198870.0,14
PEPE,1783214280000,1783214340000,2.7200000000000002e-06,2.73e-06,25.05548174107526,target,3444052473.0,14
PEPE,1783214820000,1783214880000,2.7200000000000002e-06,2.73e-06,25.061693245199116,target,3444906288.0,14
PEPE,1783216020000,1783216080000,2.7200000000000002e-06,2.73e-06,25.067906291624816,target,3445760315.0,14
PEPE,1783216620000,1783216680000,2.7200000000000002e-06,2.73e-06,25.074120873073976,target,3446614553.0,14
PEPE,1783217220000,1783217280000,2.7200000000000002e-06,2.73e-06,25.080336996824975,target,3447469003.0,14
PEPE,1783219920000,1783220040000,2.7e-06,2.71e-06,25.17266873399444,target,3450674261.0,14
PEPE,1783221120000,1783221180000,2.7100000000000003e-06,2.7200000000000002e-06,25.135848289954424,target,3450356663.0,14
PEPE,1783221780000,1783221900000,2.7e-06,2.71e-06,25.185183532640735,target,3452389792.0,14
PEPE,1783223820000,1783223940000,2.7e-06,2.71e-06,25.19144862454168,target,3453248612.0,14
PEPE,1783224420000,1783224480000,2.7e-06,2.71e-06,25.197715270277428,target,3454107645.0,14
PEPE,1783225080000,1783225140000,2.7e-06,2.71e-06,25.203983477141815,target,3454966892.0,14
PEPE,1783228620000,1783228680000,2.7e-06,2.71e-06,25.210253245134837,target,3455826353.0,14
PEPE,1783229280000,1783229340000,2.7e-06,2.71e-06,25.21652457426014,target,3456686028.0,14
PEPE,1783229940000,1783230000000,2.69e-06,2.7e-06,25.265984371799153,target,3458724760.0,14
PEPE,1783234020000,1783234080000,2.65e-06,2.66e-06,25.445365954969876,target,3464311226.0,14
PEPE,1783234920000,1783234980000,2.66e-06,2.67e-06,25.4084234522409,target,3463997744.0,14
PEPE,1783235520000,1783235640000,2.66e-06,2.67e-06,25.414787408263365,target,3464865359.0,14
PEPE,1783236420000,1783236480000,2.66e-06,2.67e-06,25.421152963320857,target,3465733192.0,14
PEPE,1783238400000,1783238460000,2.6700000000000003e-06,2.68e-06,25.3841905491259,target,3465418505.0,14
PEPE,1783238820000,1783238880000,2.6700000000000003e-06,2.68e-06,25.39053760302555,target,3466284997.0,14
PEPE,1783239480000,1783239540000,2.6700000000000003e-06,2.68e-06,25.396886246449977,target,3467151706.0,14
PEPE,1783240020000,1783240080000,2.6700000000000003e-06,2.68e-06,25.403236479401006,target,3468018632.0,14
PEPE,1783241580000,1783241640000,2.6700000000000003e-06,2.68e-06,25.409588294551607,target,3468885774.0,14
PEPE,1783299120000,1783299180000,2.7600000000000003e-06,2.77e-06,25.026815968401895,target,3459131440.0,14
PEPE,1783299900000,1783299960000,2.7600000000000003e-06,2.77e-06,25.032977851495886,target,3459983117.0,14
PEPE,1783300320000,1783300380000,2.7600000000000003e-06,2.77e-06,25.039141261175097,target,3460835005.0,14
PEPE,1783301820000,1783301880000,2.7600000000000003e-06,2.77e-06,25.04530618297007,target,3461687102.0,14
PEPE,1783304520000,1783304580000,2.74e-06,2.75e-06,25.137823976908436,target,3464896482.0,14
PEPE,1783305120000,1783305180000,2.74e-06,2.75e-06,25.144034532601342,target,3465752520.0,14
PEPE,1783305720000,1783305840000,2.74e-06,2.75e-06,25.15024661909586,target,3466608769.0,14
PEPE,1783306920000,1783306980000,2.74e-06,2.75e-06,25.156460243649455,target,3467465230.0,14
PEPE,1783307520000,1783307580000,2.74e-06,2.75e-06,25.162675406263954,target,3468321903.0,14
PEPE,1783308240000,1783308300000,2.73e-06,2.74e-06,25.212165291024757,target,3470359985.0,14
PEPE,1783313280000,1783313340000,2.7100000000000003e-06,2.7200000000000002e-06,25.30506121025475,target,3473584243.0,14
PEPE,1783313820000,1783314540000,2.7100000000000003e-06,2.6700000000000003e-06,-152.96252283540042,stop,3474446856.0,14
PEPE,1783318320000,1783318380000,2.68e-06,2.69e-06,25.403402326996783,target,3472782273.0,14
PEPE,1783318920000,1783318980000,2.6700000000000003e-06,2.68e-06,25.453160998449604,target,3474834266.0,14
PEPE,1783319520000,1783319580000,2.68e-06,2.69e-06,25.416096792625936,target,3474517675.0,14
PEPE,1783320420000,1783320480000,2.68e-06,2.69e-06,25.422440982400175,target,3475384960.0,14
PEPE,1783321320000,1783321380000,2.68e-06,2.69e-06,25.428786759531896,target,3476252462.0,14
PEPE,1783322520000,1783322580000,2.69e-06,2.7e-06,25.39170272051928,target,3475934664.0,14
PEPE,1783323780000,1783323840000,2.7e-06,2.71e-06,25.35461738501411,target,3475615817.0,14
PEPE,1783324320000,1783324500000,2.7e-06,2.71e-06,25.36092462742468,target,3476480415.0,14
PEPE,1783324920000,1783324980000,2.7e-06,2.71e-06,25.367233438261366,target,3477345228.0,14
PEPE,1783326480000,1783326660000,2.7e-06,2.71e-06,25.37354381751871,target,3478210256.0,14
PEPE,1783327320000,1783327380000,2.69e-06,2.7e-06,25.423311587011323,target,3480261682.0,14
PEPE,1783328520000,1783328580000,2.69e-06,2.7e-06,25.42964674599212,target,3481128918.0,14
PEPE,1783382520000,1783382580000,2.73e-06,2.74e-06,25.262251181798742,target,3477254120.0,14
PEPE,1783384260000,1783384320000,2.73e-06,2.74e-06,25.268503208319558,target,3478114688.0,14
PEPE,1783384740000,1783384800000,2.73e-06,2.74e-06,25.274756782284207,target,3478975469.0,14
PEPE,1783386000000,1783386060000,2.73e-06,2.74e-06,25.28101190369633,target,3479836463.0,14
PEPE,1783386720000,1783388580000,2.7200000000000002e-06,2.7e-06,-83.77410964764088,time,3481883194.0,14
PEPE,1783390080000,1783390140000,2.7100000000000003e-06,2.7200000000000002e-06,25.353357423725875,target,3480213785.0,14
PEPE,1783395420000,1783395480000,2.68e-06,2.69e-06,25.490140553955385,target,3484639857.0,14
PEPE,1783396620000,1783396680000,2.6700000000000003e-06,2.68e-06,25.54006912752621,target,3486698857.0,14
PEPE,1783397580000,1783397640000,2.6700000000000003e-06,2.68e-06,25.54645515774915,target,3487570670.0,14
PEPE,1783398120000,1783398240000,2.6700000000000003e-06,2.68e-06,25.55284278482572,target,3488442701.0,14
PEPE,1783398720000,1783398780000,2.6700000000000003e-06,2.68e-06,25.55923200875046,target,3489314950.0,14
PEPE,1783399380000,1783399440000,2.6700000000000003e-06,2.68e-06,25.56562282952337,target,3490187417.0,14
PEPE,1783400280000,1783400340000,2.6700000000000003e-06,2.68e-06,25.572015254475115,target,3491060103.0,14
PEPE,1783401720000,1783401780000,2.66e-06,2.67e-06,25.62207034932007,target,3493124792.0,14
PEPE,1783403220000,1783403280000,2.68e-06,2.69e-06,25.54117357830418,target,3491616347.0,14
PEPE,1783403820000,1783403880000,2.69e-06,2.7e-06,25.503925636920854,target,3491297144.0,14
PEPE,1783404480000,1783404540000,2.68e-06,2.69e-06,25.553915108643906,target,3493358183.0,14
PEPE,1783405020000,1783405080000,2.68e-06,2.69e-06,25.56029370086444,target,3494230171.0,14
PEPE,1783405680000,1783405740000,2.69e-06,2.7e-06,25.523017875345,target,3493910729.0,14
PEPE,1783406220000,1783406280000,2.7e-06,2.71e-06,25.485740757030396,target,3493590234.0,14
PEPE,1783406940000,1783407000000,2.7e-06,2.71e-06,25.492080615385934,target,3494459303.0,14
PEPE,1783407420000,1783407480000,2.7100000000000003e-06,2.7200000000000002e-06,25.45479296237708,target,3494137675.0,14
PEPE,1783408860000,1783408920000,2.7e-06,2.71e-06,25.50475420429477,target,3496196601.0,14
PEPE,1783412820000,1783412880000,2.68e-06,2.69e-06,25.598489675605915,target,3499451767.0,14
PEPE,1783469880000,1783470060000,2.66e-06,2.67e-06,25.69241141495968,target,3502714576.0,14
PEPE,1783470480000,1783470540000,2.6700000000000003e-06,2.68e-06,25.65505459689865,target,3502396532.0,14
PEPE,1783471200000,1783471260000,2.6700000000000003e-06,2.68e-06,25.661469377750247,target,3503272270.0,14
PEPE,1783472220000,1783472280000,2.6700000000000003e-06,2.68e-06,25.667885762773402,target,3504148227.0,14
PEPE,1783473180000,1783473240000,2.66e-06,2.67e-06,25.71812851909501,target,3506220657.0,14
PEPE,1783479720000,1783479780000,2.61e-06,2.62e-06,25.94419836287956,target,3513093888.0,14
PEPE,1783480320000,1783480380000,2.6200000000000003e-06,2.6300000000000002e-06,25.906755169750554,target,3512780362.0,14
PEPE,1783480920000,1783480980000,2.6200000000000003e-06,2.6300000000000002e-06,25.913288247125926,target,3513666203.0,14
PEPE,1783481580000,1783481640000,2.6200000000000003e-06,2.6300000000000002e-06,25.91982297650139,target,3514552268.0,14
PEPE,1783483920000,1783483980000,2.61e-06,2.62e-06,25.97038946477699,target,3516640415.0,14
PEPE,1783484520000,1783484580000,2.61e-06,2.62e-06,25.976949707974963,target,3517528735.0,14
PEPE,1783485240000,1783485300000,2.61e-06,2.62e-06,25.98351161279966,target,3518417280.0,14
PEPE,1783485720000,1783485780000,2.61e-06,2.62e-06,25.990075179251072,target,3519306050.0,14
PEPE,1783486620000,1783486680000,2.61e-06,2.62e-06,25.996640399939434,target,3520195044.0,14
PEPE,1783487580000,1783487640000,2.6200000000000003e-06,2.6300000000000002e-06,25.959121519500286,target,3519880884.0,14
PEPE,1783488180000,1783488240000,2.61e-06,2.62e-06,26.009764674844156,target,3521972197.0,14
PEPE,1783488780000,1783488840000,2.61e-06,2.62e-06,26.016334865640413,target,3522861864.0,14
PEPE,1783490280000,1783490340000,2.61e-06,2.62e-06,26.02290671806157,target,3523751756.0,14
PEPE,1783493520000,1783493580000,2.6e-06,2.61e-06,26.073640716946,target,3525847291.0,14
PEPE,1783495020000,1783495080000,2.6e-06,2.61e-06,26.080238217960865,target,3526739448.0,14
PEPE,1783495620000,1783495740000,2.61e-06,2.62e-06,26.042654555155785,target,3526425803.0,14
PEPE,1783496220000,1783496280000,2.6200000000000003e-06,2.6300000000000002e-06,26.0050692740001,target,3526111088.0,14
PEPE,1783497060000,1783497120000,2.61e-06,2.62e-06,26.055802063270036,target,3528206102.0,14
PEPE,1783498020000,1783498080000,2.6200000000000003e-06,2.6300000000000002e-06,26.018197806500588,target,3527891228.0,14
PEPE,1783555320000,1783555380000,2.6e-06,2.61e-06,26.11318366767041,target,3531194546.0,14
PEPE,1783555920000,1783556100000,2.59e-06,2.6e-06,26.164060093770416,target,3533296434.0,14
PEPE,1783556820000,1783556880000,2.5800000000000003e-06,2.59e-06,26.215002144744386,target,3535401503.0,14
PEPE,1783558320000,1783558380000,2.5800000000000003e-06,2.59e-06,26.22165790806541,target,3536299111.0,14
PEPE,1783559220000,1783559280000,2.5800000000000003e-06,2.59e-06,26.22831536200579,target,3537196947.0,14
PEPE,1783560420000,1783560540000,2.6e-06,2.61e-06,26.146316425337204,target,3535674973.0,14
PEPE,1783561140000,1783561200000,2.59e-06,2.6e-06,26.19725740484015,target,3537779528.0,14
PEPE,1783563120000,1783563180000,2.59e-06,2.6e-06,26.203897423910018,target,3538676222.0,14
PEPE,1783564140000,1783564260000,2.59e-06,2.6e-06,26.21053912391351,target,3539573143.0,14
PEPE,1783566420000,1783566480000,2.57e-06,2.58e-06,26.305991224425043,target,3542894441.0,14
PEPE,1783568340000,1783568400000,2.5800000000000003e-06,2.59e-06,26.268250535124757,target,3542582675.0,14
PEPE,1783569420000,1783569480000,2.5800000000000003e-06,2.59e-06,26.2749198159904,target,3543482106.0,14
PEPE,1783574220000,1783574280000,2.6e-06,2.61e-06,26.19277518005979,target,3541957428.0,14
PEPE,1783574880000,1783574940000,2.6e-06,2.61e-06,26.19940283049153,target,3542853662.0,14
PEPE,1783575480000,1783575540000,2.6e-06,2.61e-06,26.20603215219025,target,3543750122.0,14
PEPE,1783576020000,1783576080000,2.6e-06,2.61e-06,26.212663152554367,target,3544646809.0,14
PEPE,1783576620000,1783576680000,2.61e-06,2.62e-06,26.174888659219135,target,3544331572.0,14
PEPE,1783577340000,1783577400000,2.6200000000000003e-06,2.6300000000000002e-06,26.137112527750656,target,3544015258.0,14
PEPE,1783579260000,1783579320000,2.6200000000000003e-06,2.6300000000000002e-06,26.143703698000024,target,3544908976.0,14
PEPE,1783579620000,1783579680000,2.6300000000000002e-06,2.64e-06,26.105916449055933,target,3544591507.0,14
PEPE,1783580820000,1783580880000,2.6200000000000003e-06,2.6300000000000002e-06,26.156879828748437,target,3546695570.0,14
PEPE,1783583220000,1783583280000,2.6200000000000003e-06,2.6300000000000002e-06,26.163475984500774,target,3547589964.0,14
PEPE,1783585920000,1783585980000,2.6200000000000003e-06,2.6300000000000002e-06,26.170073799625236,target,3548484583.0,14
PEPE,1783586520000,1783586580000,2.6200000000000003e-06,2.6300000000000002e-06,26.17667328149932,target,3549379428.0,14
PEPE,1783641780000,1783641840000,2.6e-06,2.61e-06,26.272237701465635,target,3552702867.0,14
PEPE,1783642320000,1783642380000,2.6e-06,2.61e-06,26.278885451504376,target,3553601819.0,14
PEPE,1783642920000,1783642980000,2.6e-06,2.61e-06,26.2855348876051,target,3554500999.0,14
PEPE,1783644180000,1783644240000,2.6e-06,2.61e-06,26.292186009765985,target,3555400407.0,14
PEPE,1783644780000,1783644840000,2.6e-06,2.61e-06,26.29883881059044,target,3556300042.0,14
PEPE,1783645380000,1783645800000,2.61e-06,2.62e-06,26.26094012668016,target,3555983768.0,14
PEPE,1783646220000,1783646280000,2.61e-06,2.62e-06,26.267573769394648,target,3556882027.0,14
PEPE,1783646820000,1783646880000,2.6200000000000003e-06,2.6300000000000002e-06,26.229663873373926,target,3556564593.0,14
PEPE,1783649220000,1783649280000,2.64e-06,2.65e-06,26.147256792825402,target,3555031515.0,14
PEPE,1783649880000,1783649940000,2.64e-06,2.65e-06,26.15382814699373,target,3555924969.0,14
PEPE,1783651920000,1783651980000,2.65e-06,2.66e-06,26.11591359819007,target,3555604302.0,14
PEPE,1783652520000,1783652580000,2.65e-06,2.66e-06,26.122465911099372,target,3556496380.0,14
PEPE,1783655820000,1783655880000,2.65e-06,2.66e-06,26.129019869289092,target,3557388682.0,14
PEPE,1783657800000,1783657860000,2.65e-06,2.66e-06,26.135575472761047,target,3558281208.0,14
PEPE,1783658220000,1783658280000,2.66e-06,2.67e-06,26.097630900704633,target,3557959223.0,14
PEPE,1783660020000,1783660140000,2.66e-06,2.67e-06,26.104167478621555,target,3558850372.0,14
PEPE,1783660620000,1783660680000,2.66e-06,2.67e-06,26.110705699576574,target,3559741745.0,14
PEPE,1783661220000,1783661280000,2.66e-06,2.67e-06,26.117245556234028,target,3560633341.0,14
PEPE,1783661880000,1783661940000,2.6700000000000003e-06,2.68e-06,26.079271021024624,target,3560310037.0,14
PEPE,1783662480000,1783662540000,2.66e-06,2.67e-06,26.130319034806227,target,3562415683.0,14
PEPE,1783663020000,1783663080000,2.66e-06,2.67e-06,26.136863805915745,target,3563307949.0,14
PEPE,1783664220000,1783664280000,2.66e-06,2.67e-06,26.143410212729517,target,3564200438.0,14
PEPE,1783667520000,1783667580000,2.64e-06,2.65e-06,26.239170815665148,target,3567528323.0,14
PEPE,1783668120000,1783668180000,2.64e-06,2.65e-06,26.24576527189098,target,3568424918.0,14
PEPE,1783731900000,1783731960000,2.78e-06,2.79e-06,25.630108006229264,target,3552336522.0,14
PEPE,1783732320000,1783732380000,2.78e-06,2.79e-06,25.63639671566976,target,3553208138.0,14
PEPE,1783732920000,1783732980000,2.79e-06,2.8e-06,25.598445123241415,target,3552872328.0,14
PEPE,1783733520000,1783733580000,2.79e-06,2.8e-06,25.604715224054214,target,3553742571.0,14
PEPE,1783734480000,1783734540000,2.78e-06,2.79e-06,25.655250369253956,target,3555821257.0,14
PEPE,1783735200000,1783735260000,2.78e-06,2.79e-06,25.661545240304353,target,3556693727.0,14
PEPE,1783735920000,1783735980000,2.78e-06,2.79e-06,25.667841662580678,target,3557566412.0,14
PEPE,1783738020000,1783738080000,2.77e-06,2.78e-06,25.718465845700187,target,3559649252.0,14
PEPE,1783738620000,1783738680000,2.77e-06,2.78e-06,25.72478712824968,target,3560524170.0,14
PEPE,1783739220000,1783739280000,2.77e-06,2.78e-06,25.73110996417513,target,3561399303.0,14
PEPE,1783740720000,1783740780000,2.7600000000000003e-06,2.77e-06,25.781823438381373,target,3563486308.0,14
PEPE,1783741620000,1783741680000,2.7600000000000003e-06,2.77e-06,25.788171224801967,target,3564363680.0,14
PEPE,1783742280000,1783742340000,2.77e-06,2.78e-06,25.750109611700612,target,3564029012.0,14
PEPE,1783743420000,1783743480000,2.77e-06,2.78e-06,25.75643866835052,target,3564905006.0,14
PEPE,1783744020000,1783744080000,2.77e-06,2.78e-06,25.762769278374563,target,3565781215.0,14
PEPE,1783744620000,1783744680000,2.77e-06,2.78e-06,25.76910144899884,target,3566657640.0,14
PEPE,1783747620000,1783747680000,2.7600000000000003e-06,2.77e-06,25.819889804845637,target,3568747727.0,14
PEPE,1783748880000,1783749300000,2.7500000000000004e-06,2.7600000000000003e-06,25.87074279867025,target,3570840966.0,14
PEPE,1783750080000,1783750140000,2.7500000000000004e-06,2.7600000000000003e-06,25.877123441190562,target,3571721662.0,14
PEPE,1783750620000,1783750800000,2.7600000000000003e-06,2.77e-06,25.83898788240924,target,3571387406.0,14
PEPE,1783751220000,1783751280000,2.7600000000000003e-06,2.77e-06,25.84534973367078,target,3572266722.0,14
PEPE,1783754400000,1783754460000,2.7500000000000004e-06,2.7600000000000003e-06,25.896252871126627,target,3574362025.0,14
PEPE,1783754820000,1783754880000,2.7500000000000004e-06,2.7600000000000003e-06,25.902639809550383,target,3575243590.0,14
PEPE,1783756020000,1783756080000,2.7500000000000004e-06,2.7600000000000003e-06,25.90902832014052,target,3576125372.0,14
PEPE,1783818420000,1783818480000,2.69e-06,2.7e-06,26.18349273705121,target,3584324810.0,14
PEPE,1783820040000,1783820100000,2.7100000000000003e-06,2.7200000000000002e-06,26.100515131930944,target,3582774898.0,14
PEPE,1783821120000,1783821240000,2.7200000000000002e-06,2.73e-06,26.062280347348793,target,3582444034.0,14
PEPE,1783821720000,1783821780000,2.7200000000000002e-06,2.73e-06,26.06874144217635,target,3583332157.0,14
PEPE,1783824480000,1783824540000,2.7100000000000003e-06,2.7200000000000002e-06,26.119942791785313,target,3585441701.0,14
PEPE,1783825320000,1783825380000,2.7100000000000003e-06,2.7200000000000002e-06,26.126429297504504,target,3586332093.0,14
PEPE,1783825980000,1783826040000,2.7100000000000003e-06,2.7200000000000002e-06,26.132917413209167,target,3587222706.0,14
PEPE,1783826520000,1783826580000,2.7200000000000002e-06,2.73e-06,26.094635153250316,target,3586891430.0,14
PEPE,1783827720000,1783827780000,2.73e-06,2.74e-06,26.056351687141884,target,3586559076.0,14
PEPE,1783828320000,1783828380000,2.73e-06,2.74e-06,26.062800246437945,target,3587446696.0,14
PEPE,1783829520000,1783829580000,2.73e-06,2.74e-06,26.06925039677447,target,3588334535.0,14
PEPE,1783830540000,1783830600000,2.73e-06,2.74e-06,26.07570214541029,target,3589222594.0,14
PEPE,1783831620000,1783831680000,2.7200000000000002e-06,2.73e-06,26.12695239105086,target,3591333662.0,14
PEPE,1783834320000,1783834380000,2.7100000000000003e-06,2.7200000000000002e-06,26.178268068060802,target,3593447916.0,14
PEPE,1783835280000,1783835340000,2.7100000000000003e-06,2.7200000000000002e-06,26.18476905636039,target,3594340296.0,14
PEPE,1783835820000,1783835940000,2.7200000000000002e-06,2.73e-06,26.14641084082536,target,3594008363.0,14
PEPE,1783840020000,1783840080000,2.7e-06,2.71e-06,26.242667265175445,target,3597349865.0,14
PEPE,1783841220000,1783841280000,2.7e-06,2.71e-06,26.249195414775045,target,3598244745.0,14
PEPE,1783842420000,1783842480000,2.69e-06,2.7e-06,26.30068069393591,target,3600366967.0,14
PEPE,1783843080000,1783843140000,2.7e-06,2.71e-06,26.262267777564062,target,3600036707.0,14
PEPE,1783843620000,1783843680000,2.7e-06,2.71e-06,26.26880080022392,target,3600932255.0,14
PEPE,1783844220000,1783844280000,2.7100000000000003e-06,2.7200000000000002e-06,26.2303770319788,target,3600600828.0,14
PEPE,1783844820000,1783844880000,2.7100000000000003e-06,2.7200000000000002e-06,26.236890965725316,target,3601494985.0,14
PEPE,1783845480000,1783845540000,2.7100000000000003e-06,2.7200000000000002e-06,26.24340650945548,target,3602389363.0,14
PEPE,1783900920000,1783900980000,2.7600000000000003e-06,2.77e-06,26.02542315355042,target,3597155930.0,14
PEPE,1783901640000,1783901700000,2.79e-06,2.8e-06,25.897463675709183,target,3594373862.0,14
PEPE,1783902180000,1783902240000,2.79e-06,2.8e-06,25.903807022553085,target,3595254271.0,14
PEPE,1783902900000,1783902960000,2.78e-06,2.79e-06,25.954932472171308,target,3597357238.0,14
PEPE,1783904940000,1783905000000,2.77e-06,2.78e-06,26.006122884374793,target,3599463375.0,14
PEPE,1783907040000,1783907100000,2.7600000000000003e-06,2.77e-06,26.057378383209954,target,3601572686.0,14
PEPE,1783907580000,1783908540000,2.7600000000000003e-06,2.7200000000000002e-06,-158.86846108349886,stop,3602459435.0,14
PEPE,1783909020000,1783909080000,2.7600000000000003e-06,2.77e-06,26.024678773342224,target,3597053044.0,14
PEPE,1783910220000,1783910280000,2.7600000000000003e-06,2.77e-06,26.031086349800404,target,3597938680.0,14
PEPE,1783911780000,1783912200000,2.7500000000000004e-06,2.7100000000000003e-06,-158.70816192840016,stop,3600049040.0,14
PEPE,1783916520000,1783916580000,2.73e-06,2.74e-06,26.132888651031422,target,3597094102.0,14
PEPE,1783917120000,1783917180000,2.73e-06,2.74e-06,26.13935614292056,target,3597984328.0,14
PEPE,1783917840000,1783917900000,2.73e-06,2.74e-06,26.145825240375096,target,3598874775.0,14
PEPE,1783918380000,1783918440000,2.73e-06,2.74e-06,26.152295936130745,target,3599765442.0,14
PEPE,1783920480000,1783920540000,2.73e-06,2.74e-06,26.158768237449973,target,3600656330.0,14
PEPE,1783922520000,1783922700000,2.7200000000000002e-06,2.73e-06,26.2101817448265,target,3602774123.0,14
PEPE,1783924500000,1783924560000,2.7200000000000002e-06,2.73e-06,26.216679512925303,target,3603667287.0,14
PEPE,1783924920000,1783924980000,2.7200000000000002e-06,2.73e-06,26.223178888800447,target,3604560672.0,14
PEPE,1783926120000,1783926180000,2.7200000000000002e-06,2.73e-06,26.229679879724863,target,3605454279.0,14
PEPE,1783927620000,1783927680000,2.7200000000000002e-06,2.73e-06,26.23618247842744,target,3606348107.0,14
PEPE,1783928280000,1783928340000,2.7200000000000002e-06,2.73e-06,26.242686692177468,target,3607242157.0,14
PEPE,1783929420000,1783929480000,2.7200000000000002e-06,2.73e-06,26.249192513700198,target,3608136428.0,14
PEPE,1783930800000,1783930860000,2.7100000000000003e-06,2.7200000000000002e-06,26.30074828159075,target,3610260574.0,14
PEPE,1783931520000,1783931580000,2.7200000000000002e-06,2.73e-06,26.262220169023685,target,3609927171.0,14
PEPE,1783987380000,1783987440000,2.7200000000000002e-06,2.73e-06,26.268730835699678,target,3610822108.0,14
PEPE,1783991040000,1783991100000,2.7500000000000004e-06,2.7600000000000003e-06,26.140181602816753,target,3608030587.0,14
PEPE,1783991700000,1783991760000,2.73e-06,2.74e-06,26.236661257181453,target,3611378012.0,14
PEPE,1783993920000,1783993980000,2.73e-06,2.74e-06,26.24315443810969,target,3612271774.0,14
PEPE,1783994820000,1783994880000,2.73e-06,2.74e-06,26.249649224603328,target,3613165757.0,14
PEPE,1783995420000,1783995480000,2.7200000000000002e-06,2.73e-06,26.301241355700004,target,3615290908.0,14
PEPE,1783997220000,1783997280000,2.7200000000000002e-06,2.73e-06,26.30776169085101,target,3616187174.0,14
PEPE,1783998420000,1783998480000,2.7200000000000002e-06,2.73e-06,26.314283648326033,target,3617083663.0,14
PEPE,1784000520000,1784000580000,2.7200000000000002e-06,2.73e-06,26.320807228125062,target,3617980375.0,14
PEPE,1784002440000,1784002500000,2.7200000000000002e-06,2.73e-06,26.327332415700432,target,3618877308.0,14
PEPE,1784002980000,1784003040000,2.73e-06,2.74e-06,26.28870755735173,target,3618541990.0,14
PEPE,1784003520000,1784003580000,2.73e-06,2.74e-06,26.29521361912459,target,3619437525.0,14
PEPE,1784004300000,1784004360000,2.73e-06,2.74e-06,26.30172128646466,target,3620333281.0,14
PEPE,1784004780000,1784004840000,2.73e-06,2.74e-06,26.308230566636233,target,3621229259.0,14
PEPE,1784005320000,1784005380000,2.73e-06,2.74e-06,26.314741459633858,target,3622125459.0,14
PEPE,1784006820000,1784006880000,2.74e-06,2.75e-06,26.276077170854634,target,3621788721.0,14
PEPE,1784007420000,1784007540000,2.74e-06,2.75e-06,26.282568944854535,target,3622683521.0,14
PEPE,1784008320000,1784008380000,2.73e-06,2.74e-06,26.334261432148608,target,3624812310.0,14
PEPE,1784009220000,1784009280000,2.74e-06,2.75e-06,26.295568468364607,target,3624475323.0,14
PEPE,1784012340000,1784012400000,2.73e-06,2.74e-06,26.347286523724918,target,3626605165.0,14
PEPE,1784012820000,1784012880000,2.73e-06,2.74e-06,26.35380707917571,target,3627502695.0,14
PEPE,1784013420000,1784013480000,2.74e-06,2.75e-06,26.315085397789797,target,3627165458.0,14
PEPE,1784014620000,1784014680000,2.74e-06,2.75e-06,26.321586806429533,target,3628061586.0,14
PEPE,1784016120000,1784016180000,2.74e-06,2.75e-06,26.328089818425543,target,3628957935.0,14
PEPE,1784074320000,1784074380000,2.81e-06,2.82e-06,26.018513609581213,target,3621226668.0,14
PEPE,1784078220000,1784078280000,2.79e-06,2.8e-06,26.115041980500653,target,3624572100.0,14
PEPE,1784078820000,1784078880000,2.8000000000000003e-06,2.81e-06,26.076323561047307,target,3624228431.0,14
PEPE,1784079660000,1784079720000,2.79e-06,2.8e-06,26.12782576877138,target,3626346394.0,14
PEPE,1784081580000,1784081700000,2.79e-06,2.8e-06,26.134225530767107,target,3627234633.0,14
PEPE,1784083020000,1784083080000,2.78e-06,2.79e-06,26.185805755004147,target,3629356307.0,14
PEPE,1784084220000,1784084280000,2.78e-06,2.79e-06,26.192230806299705,target,3630246820.0,14
PEPE,1784084880000,1784084940000,2.78e-06,2.79e-06,26.19865743768011,target,3631137552.0,14
PEPE,1784085480000,1784085540000,2.79e-06,2.8e-06,26.159873493489386,target,3630794378.0,14
PEPE,1784086020000,1784086080000,2.78e-06,2.79e-06,26.21150433680951,target,3632918134.0,14
PEPE,1784086620000,1784086680000,2.79e-06,2.8e-06,26.172701369154936,target,3632574791.0,14
PEPE,1784087220000,1784087340000,2.79e-06,2.8e-06,26.17911212597994,target,3633464556.0,14
PEPE,1784087820000,1784087880000,2.8000000000000003e-06,2.81e-06,26.140298716582336,target,3633120044.0,14
PEPE,1784088480000,1784088540000,2.79e-06,2.8e-06,26.191927277616216,target,3635243203.0,14
PEPE,1784089380000,1784089500000,2.79e-06,2.8e-06,26.198342746511948,target,3636133622.0,14
PEPE,1784090820000,1784090880000,2.78e-06,2.79e-06,26.250049507499085,target,3638260500.0,14
PEPE,1784093580000,1784093640000,2.77e-06,2.78e-06,26.301821976624087,target,3640390585.0,14
PEPE,1784094180000,1784094240000,2.78e-06,2.79e-06,26.262943845254,target,3640047657.0,14
PEPE,1784094720000,1784094780000,2.78e-06,2.79e-06,26.269387828710656,target,3640940794.0,14
PEPE,1784095320000,1784095380000,2.79e-06,2.8e-06,26.230499173064423,target,3640596693.0,14
PEPE,1784095980000,1784096040000,2.79e-06,2.8e-06,26.236924087715337,target,3641488423.0,14
PEPE,1784096520000,1784096580000,2.8000000000000003e-06,2.81e-06,26.198024964248628,target,3641143150.0,14
PEPE,1784097120000,1784097180000,2.8000000000000003e-06,2.81e-06,26.20443083823368,target,3642033473.0,14
PEPE,1784097720000,1784097780000,2.8000000000000003e-06,2.81e-06,26.210838280730616,target,3642924014.0,14
PEPE,1784160420000,1784160540000,2.79e-06,2.8e-06,26.262606166115354,target,3645052903.0,14
PEPE,1784161020000,1784161080000,2.79e-06,2.8e-06,26.26903894141963,target,3645945724.0,14
PEPE,1784161620000,1784163480000,2.79e-06,2.77e-06,-88.12585873205985,time,3646838764.0,14
PEPE,1784164020000,1784164080000,2.78e-06,2.79e-06,26.299262329859253,target,3645081404.0,14
PEPE,1784166360000,1784166420000,2.77e-06,2.78e-06,26.35113185744999,target,3647215482.0,14
PEPE,1784166840000,1784166900000,2.78e-06,2.79e-06,26.31218083786524,target,3646871911.0,14
PEPE,1784167380000,1784167440000,2.78e-06,2.79e-06,26.31863689922998,target,3647766722.0,14
PEPE,1784168820000,1784168880000,2.78e-06,2.79e-06,26.325094547895205,target,3648661753.0,14
PEPE,1784169600000,1784169780000,2.78e-06,2.79e-06,26.331553776645283,target,3649557003.0,14
PEPE,1784170320000,1784170440000,2.78e-06,2.79e-06,26.33801459269585,target,3650452473.0,14
PEPE,1784171220000,1784171280000,2.79e-06,2.8e-06,26.299024342965073,target,3650107473.0,14
PEPE,1784172000000,1784172060000,2.78e-06,2.79e-06,26.35092982509101,target,3652242526.0,14
PEPE,1784172420000,1784172480000,2.78e-06,2.79e-06,26.357395388611764,target,3653138654.0,14
PEPE,1784175480000,1784175540000,2.77e-06,2.78e-06,26.409379569024885,target,3655277449.0,14
PEPE,1784176020000,1784176080000,2.77e-06,2.78e-06,26.415870667974026,target,3656175871.0,14
PEPE,1784177520000,1784177580000,2.77e-06,2.78e-06,26.42236336365024,target,3657074514.0,14
PEPE,1784179320000,1784179380000,2.77e-06,2.78e-06,26.428857648823794,target,3657973377.0,14
PEPE,1784180520000,1784180580000,2.78e-06,2.79e-06,26.38979174149554,target,3657628793.0,14
PEPE,1784181120000,1784181180000,2.78e-06,2.79e-06,26.396266843245048,target,3658526243.0,14
PEPE,1784181840000,1784181900000,2.78e-06,2.79e-06,26.402743539510684,target,3659423914.0,14
PEPE,1784183220000,1784183340000,2.77e-06,2.78e-06,26.45481716052536,target,3661566389.0,14
PEPE,1784186040000,1784186220000,2.7600000000000003e-06,2.77e-06,26.506956992854317,target,3663712093.0,14
PEPE,1784186820000,1784186940000,2.7600000000000003e-06,2.77e-06,26.5134833101349,target,3664614141.0,14
PEPE,1784191320000,1784191380000,2.7200000000000002e-06,2.73e-06,26.702962454325327,target,3670510303.0,14
PEPE,1784247720000,1784247780000,2.7200000000000002e-06,2.73e-06,24.790999654426248,target,3407697547.0,15
PEPE,1784248380000,1784248440000,2.7100000000000003e-06,2.7200000000000002e-06,24.83969140350529,target,3409703693.0,15
PEPE,1784248920000,1784248980000,2.7200000000000002e-06,2.73e-06,24.803303600025817,target,3409388811.0,15
PEPE,1784249520000,1784249580000,2.73e-06,2.74e-06,24.766914647562054,target,3409072904.0,15
PEPE,1784250120000,1784250180000,2.74e-06,2.75e-06,24.730524584115102,target,3408755973.0,15
PEPE,1784250900000,1784250960000,2.74e-06,2.75e-06,24.736634512955863,target,3409598141.0,15
PEPE,1784251320000,1784251380000,2.73e-06,2.74e-06,24.785286466739592,target,3411601716.0,15
PEPE,1784254980000,1784255040000,2.7200000000000002e-06,2.73e-06,24.834000477076017,target,3413608313.0,15
PEPE,1784258880000,1784258940000,2.7500000000000004e-06,2.7600000000000003e-06,24.712472274210512,target,3410969258.0,15
PEPE,1784260260000,1784260320000,2.74e-06,2.75e-06,24.761110365469825,target,3412971794.0,15
PEPE,1784260620000,1784260680000,2.7500000000000004e-06,2.7600000000000003e-06,24.724674223515443,target,3412653447.0,15
PEPE,1784263620000,1784263680000,2.7600000000000003e-06,2.77e-06,24.688237039860525,target,3412334076.0,15
PEPE,1784264220000,1784264280000,2.7600000000000003e-06,2.77e-06,24.694315568521233,target,3413174232.0,15
PEPE,1784264820000,1784264880000,2.7500000000000004e-06,2.7600000000000003e-06,24.742951706655695,target,3415176219.0,15
PEPE,1784265780000,1784265840000,2.7600000000000003e-06,2.77e-06,24.706487587821517,target,3414856612.0,15
PEPE,1784269620000,1784269680000,2.74e-06,2.75e-06,24.79775378162566,target,3418022575.0,15
PEPE,1784270220000,1784270280000,2.74e-06,2.75e-06,24.80388031715983,target,3418867032.0,15
PEPE,1784271120000,1784271180000,2.73e-06,2.74e-06,24.852664525043412,target,3420876053.0,15
PEPE,1784275080000,1784275140000,2.7100000000000003e-06,2.7200000000000002e-06,24.944235837759365,target,3424054336.0,15
PEPE,1784275620000,1784275680000,2.7100000000000003e-06,2.7200000000000002e-06,24.950430375249862,target,3424904650.0,15
PEPE,1784276220000,1784276280000,2.7100000000000003e-06,2.7200000000000002e-06,24.956626449873834,target,3425755175.0,15
PEPE,1784276820000,1784276880000,2.7100000000000003e-06,2.7200000000000002e-06,24.96282406163492,target,3426605911.0,15
PEPE,1784277420000,1784277480000,2.7100000000000003e-06,2.7200000000000002e-06,24.969023217816495,target,3427456859.0,15
PEPE,1784278860000,1784278920000,2.73e-06,2.74e-06,24.889697136045775,target,3425973453.0,15
PEPE,1784333640000,1784333700000,2.74e-06,2.75e-06,24.853126669505485,target,3425654951.0,15
PEPE,1784334720000,1784335020000,2.7500000000000004e-06,2.7600000000000003e-06,24.816555117899853,target,3425335420.0,15
PEPE,1784335320000,1784335440000,2.7500000000000004e-06,2.7600000000000003e-06,24.822675766350386,target,3426180230.0,15
PEPE,1784336040000,1784336100000,2.74e-06,2.75e-06,24.871530761734544,target,3428191697.0,15
PEPE,1784336520000,1784336580000,2.7500000000000004e-06,2.7600000000000003e-06,24.83493213285174,target,3427871930.0,15
PEPE,1784338020000,1784338080000,2.74e-06,2.75e-06,24.88381124945101,target,3429884390.0,15
PEPE,1784340480000,1784340540000,2.73e-06,2.74e-06,24.932752664525974,target,3431899885.0,15
PEPE,1784341020000,1784341080000,2.74e-06,2.75e-06,24.89611893616073,target,3431580832.0,15
PEPE,1784341620000,1784341680000,2.74e-06,2.75e-06,24.90226977594481,target,3432428639.0,15
PEPE,1784342220000,1784342280000,2.74e-06,2.75e-06,24.908422132026484,target,3433276655.0,15
PEPE,1784344740000,1784344800000,2.74e-06,2.75e-06,24.914576011655946,target,3434124881.0,15
PEPE,1784345220000,1784345280000,2.74e-06,2.75e-06,24.92073140757936,target,3434973316.0,15
PEPE,1784346420000,1784346480000,2.74e-06,2.75e-06,24.926888334309844,target,3435821962.0,15
PEPE,1784347320000,1784347380000,2.74e-06,2.75e-06,24.93304677008046,target,3436670816.0,15
PEPE,1784347920000,1784347980000,2.74e-06,2.75e-06,24.939206736656324,target,3437519881.0,15
PEPE,1784349420000,1784349600000,2.74e-06,2.75e-06,24.945368219524326,target,3438369155.0,15
PEPE,1784350020000,1784350080000,2.74e-06,2.75e-06,24.951531225945565,target,3439218639.0,15
PEPE,1784352120000,1784352180000,2.73e-06,2.74e-06,25.00060583203354,target,3441239619.0,15
PEPE,1784352720000,1784352780000,2.73e-06,2.74e-06,25.006793105610996,target,3442091274.0,15
PEPE,1784353320000,1784353380000,2.73e-06,2.74e-06,25.012981912098255,target,3442943140.0,15
PEPE,1784353980000,1784355660000,2.73e-06,2.74e-06,25.019172251504422,target,3443795217.0,15
PEPE,1784356020000,1784357880000,2.73e-06,2.71e-06,-82.9298886588006,time,3444647504.0,15
PEPE,1784358420000,1784358480000,2.7200000000000002e-06,2.73e-06,25.047786798975533,target,3442994749.0,15
PEPE,1784359620000,1784360160000,2.7200000000000002e-06,2.73e-06,25.053996397049502,target,3443848302.0,15
PEPE,1784420520000,1784420580000,2.7500000000000004e-06,2.7600000000000003e-06,24.93139161365969,target,3441185868.0,15
PEPE,1784421120000,1784421180000,2.7500000000000004e-06,2.7600000000000003e-06,24.937540590060404,target,3442034588.0,15
PEPE,1784421780000,1784421900000,2.7500000000000004e-06,2.7600000000000003e-06,24.94369107342078,target,3442883516.0,15
PEPE,1784422980000,1784423040000,2.7500000000000004e-06,2.7600000000000003e-06,24.949843078231204,target,3443732654.0,15
PEPE,1784423520000,1784423580000,2.7500000000000004e-06,2.7600000000000003e-06,24.955996597244663,target,3444582001.0,15
PEPE,1784424120000,1784424180000,2.7500000000000004e-06,2.7600000000000003e-06,24.962151637709987,target,3445431558.0,15
PEPE,1784426520000,1784426580000,2.74e-06,2.75e-06,25.011281142386395,target,3447454327.0,15
PEPE,1784428920000,1784428980000,2.7600000000000003e-06,2.77e-06,24.93152254621503,target,3445960269.0,15
PEPE,1784430120000,1784430180000,2.7500000000000004e-06,2.7600000000000003e-06,24.980625873314043,target,3447981487.0,15
PEPE,1784431320000,1784431380000,2.74e-06,2.75e-06,25.02979173801295,target,3450005753.0,15
PEPE,1784432820000,1784432880000,2.74e-06,2.75e-06,25.035975602558835,target,3450858112.0,15
PEPE,1784433720000,1784433780000,2.74e-06,2.75e-06,25.04216099065614,target,3451710681.0,15
PEPE,1784434620000,1784434680000,2.74e-06,2.75e-06,25.04834791681071,target,3452563462.0,15
PEPE,1784436420000,1784436480000,2.7500000000000004e-06,2.7600000000000003e-06,25.011489095144285,target,3452241421.0,15
PEPE,1784437620000,1784437680000,2.7600000000000003e-06,2.77e-06,24.974629233310033,target,3451918346.0,15
PEPE,1784438220000,1784438280000,2.7600000000000003e-06,2.77e-06,24.980778274280382,target,3452768248.0,15
PEPE,1784438820000,1784438880000,2.7600000000000003e-06,2.77e-06,24.98692882736649,target,3453618359.0,15
PEPE,1784440020000,1784440080000,2.7600000000000003e-06,2.77e-06,24.99308089256653,target,3454468679.0,15
PEPE,1784440620000,1784440680000,2.7600000000000003e-06,2.77e-06,24.999234477115248,target,3455319209.0,15
PEPE,1784441220000,1784441280000,2.7600000000000003e-06,2.77e-06,25.00538958101445,target,3456169949.0,15
PEPE,1784441820000,1784441880000,2.7600000000000003e-06,2.77e-06,25.01154618979468,target,3457020897.0,15
PEPE,1784442420000,1784442480000,2.7600000000000003e-06,2.77e-06,25.017704317925393,target,3457872055.0,15
PEPE,1784444220000,1784444280000,2.78e-06,2.79e-06,24.937725062249115,target,3456372150.0,15
PEPE,1784446620000,1784446680000,2.82e-06,2.83e-06,24.77187475314981,target,3452526098.0,15
PEPE,1784505720000,1784505780000,2.83e-06,2.84e-06,24.734981173069734,target,3452195558.0,15
PEPE,1784506380000,1784506440000,2.8500000000000002e-06,2.86e-06,24.655204850295654,target,3450693471.0,15
PEPE,1784506980000,1784507040000,2.86e-06,2.87e-06,24.618318107684843,target,3450359931.0,15
PEPE,1784508120000,1784508180000,2.87e-06,2.88e-06,24.58143074700112,target,3450025368.0,15
PEPE,1784509020000,1784509080000,2.86e-06,2.87e-06,24.630223725654368,target,3452028553.0,15
PEPE,1784509920000,1784509980000,2.88e-06,2.89e-06,24.550482208827166,target,3450524555.0,15
PEPE,1784511120000,1784511180000,2.88e-06,2.89e-06,24.556402401104528,target,3451356627.0,15
PEPE,1784512380000,1784512860000,2.86e-06,2.87e-06,24.648067026412505,target,3454529366.0,15
PEPE,1784513520000,1784513580000,2.87e-06,2.88e-06,24.61113508575036,target,3454194398.0,15
PEPE,1784514420000,1784514540000,2.86e-06,2.87e-06,24.659987035676508,target,3456200005.0,15
PEPE,1784516820000,1784517120000,2.92e-06,2.88e-06,-152.97385868844077,stop,3450019366.0,15
PEPE,1784517480000,1784517540000,2.9e-06,2.91e-06,24.457700047937024,target,3447174073.0,15
PEPE,1784518020000,1784518200000,2.8900000000000003e-06,2.9e-06,24.506353318931403,target,3449170066.0,15
PEPE,1784523000000,1784523060000,2.87e-06,2.88e-06,24.597912175875607,target,3452338551.0,15
PEPE,1784523420000,1784523480000,2.86e-06,2.87e-06,24.64673787580049,target,3454343080.0,15
PEPE,1784527920000,1784527980000,2.83e-06,2.84e-06,24.781558975171283,target,3458696298.0,15
PEPE,1784528520000,1784528580000,2.83e-06,2.84e-06,24.78758709745548,target,3459537627.0,15
PEPE,1784529120000,1784529180000,2.83e-06,2.84e-06,24.793616681398586,target,3460379160.0,15
PEPE,1784530020000,1784530080000,2.82e-06,2.83e-06,24.842689764549352,target,3462395786.0,15
PEPE,1784530620000,1784530680000,2.82e-06,2.83e-06,24.84874324030065,target,3463239476.0,15
PEPE,1784531220000,1784531280000,2.82e-06,2.83e-06,24.85479819409894,target,3464083372.0,15
PEPE,1784534220000,1784534280000,2.82e-06,2.83e-06,24.86085461877405,target,3464927473.0,15
PEPE,1784534820000,1784534880000,2.82e-06,2.83e-06,24.866912521501604,target,3465771780.0,15
PEPE,1784535660000,1784535720000,2.81e-06,2.82e-06,24.91609566522065,target,3467793412.0,15
PEPE,1784595180000,1784595240000,2.9300000000000003e-06,2.9400000000000002e-06,24.40649157259364,target,3454563563.0,15
PEPE,1784595720000,1784595780000,2.9400000000000002e-06,2.95e-06,24.36953060127448,target,3454221205.0,15
PEPE,1784596320000,1784596380000,2.9400000000000002e-06,2.95e-06,24.375345783795076,target,3455045469.0,15
PEPE,1784597040000,1784597100000,2.9300000000000003e-06,2.9400000000000002e-06,24.42397797040598,target,3457038637.0,15
PEPE,1784599800000,1784599860000,2.92e-06,2.93e-06,24.472671210000524,target,3459034800.0,15
PEPE,1784600820000,1784601120000,2.92e-06,2.93e-06,24.47853151739983,target,3459863112.0,15
PEPE,1784601480000,1784601540000,2.92e-06,2.93e-06,24.48439322565124,target,3460691622.0,15
PEPE,1784602020000,1784602080000,2.92e-06,2.93e-06,24.490256341825816,target,3461520331.0,15
PEPE,1784602680000,1784602740000,2.92e-06,2.93e-06,24.496120865925377,target,3462349239.0,15
PEPE,1784605620000,1784605680000,2.9300000000000003e-06,2.9400000000000002e-06,24.459080620724905,target,3462007165.0,15
PEPE,1784606220000,1784606280000,2.9300000000000003e-06,2.9400000000000002e-06,24.464927416904825,target,3462834737.0,15
PEPE,1784606820000,1784606940000,2.9400000000000002e-06,2.95e-06,24.427877955799428,target,3462491560.0,15
PEPE,1784610720000,1784610780000,2.91e-06,2.92e-06,24.5625178626754,target,3466833855.0,15
PEPE,1784611320000,1784611380000,2.9e-06,2.91e-06,24.611415386909822,target,3468839378.0,15
PEPE,1784612220000,1784612280000,2.91e-06,2.92e-06,24.574313856299206,target,3468498780.0,15
PEPE,1784613480000,1784613540000,2.92e-06,2.93e-06,24.537211885774887,target,3468157157.0,15
PEPE,1784614080000,1784614140000,2.91e-06,2.92e-06,24.58609487931921,target,3470161592.0,15
PEPE,1784614620000,1784614680000,2.91e-06,2.92e-06,24.591992660040244,target,3470994024.0,15
PEPE,1784617020000,1784617080000,2.91e-06,2.92e-06,24.59789186484474,target,3471826657.0,15
PEPE,1784618220000,1784618280000,2.91e-06,2.92e-06,24.60379247956603,target,3472659489.0,15
PEPE,1784619120000,1784619180000,2.91e-06,2.92e-06,24.60969451128563,target,3473492521.0,15
PEPE,1784619720000,1784619780000,2.92e-06,2.93e-06,24.57253912245194,target,3473150406.0,15
PEPE,1784620920000,1784620980000,2.91e-06,2.92e-06,24.621492488711066,target,3475157726.0,15
PEPE,1784621820000,1784621880000,2.91e-06,2.92e-06,24.627398771431046,target,3475991358.0,15
PEPE,1784679780000,1784679840000,2.88e-06,2.89e-06,24.762751069019888,target,3480358548.0,15
PEPE,1784680320000,1784680380000,2.88e-06,2.89e-06,24.768722446608802,target,3481197814.0,15
PEPE,1784681520000,1784681580000,2.88e-06,2.89e-06,24.77469526142859,target,3482037282.0,15
PEPE,1784682420000,1784682480000,2.88e-06,2.89e-06,24.78066952059396,target,3482876953.0,15
PEPE,1784683080000,1784683140000,2.88e-06,2.89e-06,24.786645216990202,target,3483716826.0,15
PEPE,1784683980000,1784684040000,2.87e-06,2.88e-06,24.835881169500787,target,3485737708.0,15
PEPE,1784686020000,1784686080000,2.87e-06,2.88e-06,24.84188062612743,target,3486579737.0,15
PEPE,1784686620000,1784686680000,2.88e-06,2.89e-06,24.804601833425114,target,3486240595.0,15
PEPE,1784687820000,1784687880000,2.87e-06,2.88e-06,24.853873447499986,target,3488262940.0,15
PEPE,1784691240000,1784691420000,2.87e-06,2.88e-06,24.85987725750005,target,3489105580.0,15
PEPE,1784692320000,1784692440000,2.87e-06,2.88e-06,24.86588251387569,target,3489948423.0,15
PEPE,1784693280000,1784693340000,2.87e-06,2.88e-06,24.87188922375025,target,3490791470.0,15
PEPE,1784693820000,1784693880000,2.86e-06,2.87e-06,24.921258756011476,target,3492818326.0,15
PEPE,1784694780000,1784694900000,2.86e-06,2.87e-06,24.92728932936034,target,3493663536.0,15
PEPE,1784696220000,1784696340000,2.87e-06,2.88e-06,24.88993901475011,target,3493324774.0,15
PEPE,1784697420000,1784697480000,2.86e-06,2.87e-06,24.939344368499377,target,3495353100.0,15
PEPE,1784702220000,1784702280000,2.8400000000000003e-06,2.8500000000000002e-06,25.03227433873425,target,3498570837.0,15
PEPE,1784702880000,1784702940000,2.83e-06,2.84e-06,25.081855180763682,target,3500607841.0,15
PEPE,1784704320000,1784704380000,2.8400000000000003e-06,2.8500000000000002e-06,25.044443469719603,target,3500271624.0,15
PEPE,1784704920000,1784704980000,2.8400000000000003e-06,2.8500000000000002e-06,25.050524962139864,target,3501121588.0,15
PEPE,1784705520000,1784705580000,2.8400000000000003e-06,2.8500000000000002e-06,25.056607942801094,target,3501971760.0,15
PEPE,1784706420000,1784706480000,2.8400000000000003e-06,2.8500000000000002e-06,25.06269239739021,target,3502822138.0,15
PEPE,1784707620000,1784707680000,2.8400000000000003e-06,2.8500000000000002e-06,25.068778325909044,target,3503672722.0,15
PEPE,1784710620000,1784710680000,2.83e-06,2.84e-06,25.11843146684174,target,3505712696.0,15
PEPE,1784764920000,1784765100000,2.88e-06,2.89e-06,24.906955107054845,target,3500626157.0,15
PEPE,1784765520000,1784765700000,2.88e-06,2.89e-06,24.912961255651037,target,3501470310.0,15
PEPE,1784767680000,1784767740000,2.8900000000000003e-06,2.9e-06,24.87551904404005,target,3501128648.0,15
PEPE,1784768880000,1784768940000,2.88e-06,2.89e-06,24.924967426824075,target,3503157755.0,15
PEPE,1784774820000,1784774880000,2.8500000000000002e-06,2.86e-06,25.061567072398425,target,3507567120.0,15
PEPE,1784775420000,1784775480000,2.8500000000000002e-06,2.86e-06,25.067642158665336,target,3508417377.0,15
PEPE,1784776980000,1784777040000,2.8400000000000003e-06,2.8500000000000002e-06,25.117328635649866,target,3510458230.0,15
PEPE,1784777520000,1784777580000,2.8400000000000003e-06,2.8500000000000002e-06,25.123427836694475,target,3511310669.0,15
PEPE,1784778420000,1784778480000,2.8400000000000003e-06,2.8500000000000002e-06,25.12952851167244,target,3512163314.0,15
PEPE,1784779320000,1784779380000,2.8400000000000003e-06,2.8500000000000002e-06,25.13563067488591,target,3513016167.0,15
PEPE,1784781120000,1784781180000,2.8500000000000002e-06,2.86e-06,25.098082023600323,target,3512677680.0,15
PEPE,1784781720000,1784782140000,2.8500000000000002e-06,2.86e-06,25.104165969665264,target,3513529177.0,15
PEPE,1784782620000,1784782680000,2.8400000000000003e-06,2.8500000000000002e-06,25.153924843621432,target,3515573004.0,15
PEPE,1784783820000,1784783880000,2.8400000000000003e-06,2.8500000000000002e-06,25.160032924019724,target,3516426684.0,15
PEPE,1784785860000,1784785920000,2.8400000000000003e-06,2.8500000000000002e-06,25.16614249265898,target,3517280572.0,15
PEPE,1784786220000,1784786280000,2.8400000000000003e-06,2.8500000000000002e-06,25.172253542384485,target,3518134667.0,15
PEPE,1784786820000,1784786880000,2.8400000000000003e-06,2.8500000000000002e-06,25.178366080349136,target,3518988970.0,15
PEPE,1784787420000,1784787480000,2.8400000000000003e-06,2.8500000000000002e-06,25.184480099401856,target,3519843480.0,15
PEPE,1784788320000,1784788380000,2.8400000000000003e-06,2.8500000000000002e-06,25.190595599537183,target,3520698197.0,15
PEPE,1784789220000,1784789280000,2.8400000000000003e-06,2.8500000000000002e-06,25.19671258790984,target,3521553122.0,15
PEPE,1784789820000,1784789940000,2.8500000000000002e-06,2.86e-06,25.15907269388433,target,3521213813.0,15
PEPE,1784790720000,1784790780000,2.83e-06,2.84e-06,25.25273907657992,target,3524457652.0,15
PEPE,1784792220000,1784792340000,2.8400000000000003e-06,2.8500000000000002e-06,25.215072475320696,target,3524119144.0,15
PEPE,1784793720000,1784793900000,2.8400000000000003e-06,2.8500000000000002e-06,25.221195409500677,target,3524974900.0,15
PEPE,1784851320000,1784851380000,2.78e-06,2.79e-06,25.490750447175948,target,3533021545.0,15
PEPE,1784852520000,1784852580000,2.77e-06,2.78e-06,25.5410253583765,target,3535090015.0,15
PEPE,1784853420000,1784853480000,2.77e-06,2.78e-06,25.547303030825372,target,3535958897.0,15
PEPE,1784854500000,1784854620000,2.77e-06,2.78e-06,25.553582234975547,target,3536827991.0,15
PEPE,1784855220000,1784855280000,2.78e-06,2.79e-06,25.515810119085007,target,3536494819.0,15
PEPE,1784855880000,1784855940000,2.77e-06,2.78e-06,25.56613445867464,target,3538565323.0,15
PEPE,1784856480000,1784856540000,2.77e-06,2.78e-06,25.572418301274393,target,3539435059.0,15
PEPE,1784858580000,1784858700000,2.78e-06,2.79e-06,25.534618339814855,target,3539101641.0,15
PEPE,1784860320000,1784860380000,2.78e-06,2.79e-06,25.540883614935776,target,3539970009.0,15
PEPE,1784860980000,1784861040000,2.77e-06,2.78e-06,25.591257402075108,target,3542042547.0,15
PEPE,1784861940000,1784862000000,2.77e-06,2.78e-06,25.597547414825744,target,3542913137.0,15
PEPE,1784863140000,1784863200000,2.79e-06,2.8e-06,25.515611637506098,target,3541375661.0,15
PEPE,1784864400000,1784864460000,2.78e-06,2.79e-06,25.565970927510797,target,3543447114.0,15
PEPE,1784865420000,1784865480000,2.78e-06,2.79e-06,25.57224389381881,target,3544316548.0,15
PEPE,1784866020000,1784866080000,2.78e-06,2.79e-06,25.57851839692512,target,3545186195.0,15
PEPE,1784867520000,1784867640000,2.78e-06,2.79e-06,25.5847944440399,target,3546056056.0,15
PEPE,1784868420000,1784868480000,2.77e-06,2.78e-06,25.635254841550132,target,3548132158.0,15
PEPE,1784869920000,1784870040000,2.78e-06,2.79e-06,25.59736200001568,target,3547797921.0,15
PEPE,1784871300000,1784871420000,2.77e-06,2.78e-06,25.64784717845061,target,3549875042.0,15
PEPE,1784872440000,1784872500000,2.77e-06,2.78e-06,25.654151106549982,target,3550747558.0,15
PEPE,1784872920000,1784873040000,2.77e-06,2.78e-06,25.660456573574933,target,3551620287.0,15
PEPE,1784873580000,1784873640000,2.78e-06,2.79e-06,25.62252648423009,target,3551285722.0,15
PEPE,1784874180000,1784874300000,2.78e-06,2.79e-06,25.62881332498383,target,3552157079.0,15
PEPE,1784875680000,1784875800000,2.78e-06,2.79e-06,25.63510171696532,target,3553028651.0,15
PEPE,1784937720000,1784937780000,2.7100000000000003e-06,2.7200000000000002e-06,25.951912933629977,target,3562376518.0,15
PEPE,1784938320000,1784938380000,2.7100000000000003e-06,2.7200000000000002e-06,25.95835771815482,target,3563261183.0,15
PEPE,1784939040000,1784939100000,2.7100000000000003e-06,2.7200000000000002e-06,25.964804090809537,target,3564146066.0,15
PEPE,1784941440000,1784941500000,2.7100000000000003e-06,2.7200000000000002e-06,25.971252073449723,target,3565031170.0,15
PEPE,1784942520000,1784942580000,2.7100000000000003e-06,2.7200000000000002e-06,25.97770165150498,target,3565916493.0,15
PEPE,1784943120000,1784943240000,2.7100000000000003e-06,2.7200000000000002e-06,25.98415283225869,target,3566802036.0,15
PEPE,1784943720000,1784943780000,2.7100000000000003e-06,2.7200000000000002e-06,25.990605615714493,target,3567687799.0,15
PEPE,1784944320000,1784944380000,2.7100000000000003e-06,2.7200000000000002e-06,25.99706000187056,target,3568573782.0,15
PEPE,1784944920000,1784944980000,2.7100000000000003e-06,2.7200000000000002e-06,26.003515990725084,target,3569459985.0,15
PEPE,1784945580000,1784945700000,2.7100000000000003e-06,2.7200000000000002e-06,26.009973582279876,target,3570346408.0,15
PEPE,1784946120000,1784946240000,2.7100000000000003e-06,2.7200000000000002e-06,26.01643277653494,target,3571233051.0,15
PEPE,1784947080000,1784947140000,2.7100000000000003e-06,2.7200000000000002e-06,26.022893580773662,target,3572119915.0,15
PEPE,1784949480000,1784949540000,2.7e-06,2.71e-06,26.073969857639447,target,3574224792.0,15
PEPE,1784951280000,1784951340000,2.7e-06,2.71e-06,26.080456046400123,target,3575113920.0,15
PEPE,1784952840000,1784952900000,2.7e-06,2.71e-06,26.0869438473554,target,3576003269.0,15
PEPE,1784953920000,1784953980000,2.7e-06,2.71e-06,26.093433260503453,target,3576892839.0,15
PEPE,1784954520000,1784954580000,2.7e-06,2.71e-06,26.09992428584974,target,3577782630.0,15
PEPE,1784955180000,1784955240000,2.7e-06,2.71e-06,26.106416930684464,target,3578672643.0,15
PEPE,1784955720000,1784955780000,2.7e-06,2.71e-06,26.112911187715603,target,3579562877.0,15
PEPE,1784956440000,1784956500000,2.7e-06,2.71e-06,26.119407064235176,target,3580453333.0,15
PEPE,1784957220000,1784957280000,2.7e-06,2.71e-06,26.12590455294935,target,3581344010.0,15
PEPE,1784958420000,1784958480000,2.69e-06,2.7e-06,26.177148008520426,target,3583456264.0,15
PEPE,1784959920000,1784959980000,2.69e-06,2.7e-06,26.18367100826825,target,3584349214.0,15
PEPE,1784960520000,1784960580000,2.69e-06,2.7e-06,26.190195637035657,target,3585242387.0,15
PEPE,1785024420000,1785024480000,2.74e-06,2.75e-06,25.97313768105617,target,3580032761.0,15
PEPE,1785025020000,1785025080000,2.74e-06,2.75e-06,25.97955460522119,target,3580917244.0,15
PEPE,1785025620000,1785025680000,2.74e-06,2.75e-06,25.985973118229364,target,3581801946.0,15
PEPE,1785026280000,1785026340000,2.74e-06,2.75e-06,25.99239322008433,target,3582686867.0,15
PEPE,1785026880000,1785027000000,2.74e-06,2.75e-06,25.99881490353045,target,3583572006.0,15
PEPE,1785027720000,1785027780000,2.74e-06,2.75e-06,26.005238175819727,target,3584457364.0,15
PEPE,1785028920000,1785028980000,2.74e-06,2.75e-06,26.011663029698333,target,3585342940.0,15
PEPE,1785029940000,1785030000000,2.74e-06,2.75e-06,26.018089479681198,target,3586228736.0,15
PEPE,1785030420000,1785030480000,2.74e-06,2.75e-06,26.024517511249755,target,3587114750.0,15
PEPE,1785031020000,1785031080000,2.7600000000000003e-06,2.77e-06,25.941527801010785,target,3585560166.0,15
PEPE,1785031740000,1785031800000,2.7600000000000003e-06,2.77e-06,25.947914902421026,target,3586442972.0,15
PEPE,1785032220000,1785032280000,2.78e-06,2.79e-06,25.864961847855753,target,3584887297.0,15
PEPE,1785032820000,1785032880000,2.8000000000000003e-06,2.81e-06,25.782065940620928,target,3583330916.0,15
PEPE,1785034020000,1785034080000,2.87e-06,2.88e-06,25.476898744874312,target,3575705087.0,15
PEPE,1785034620000,1785034680000,2.86e-06,2.87e-06,25.52746919020979,target,3577781246.0,15
PEPE,1785035280000,1785035340000,2.8400000000000003e-06,2.8500000000000002e-06,25.62259065191921,target,3581074864.0,15
PEPE,1785036120000,1785036180000,2.86e-06,2.87e-06,25.539846759890807,target,3579516014.0,15
PEPE,1785036780000,1785036840000,2.8500000000000002e-06,2.86e-06,25.590505592078667,target,3581596304.0,15
PEPE,1785037920000,1785037980000,2.87e-06,2.88e-06,25.50776035462723,target,3580036541.0,15
PEPE,1785038640000,1785038700000,2.9e-06,2.91e-06,25.380692947170502,target,3577264686.0,15
PEPE,1785039120000,1785039180000,2.91e-06,2.92e-06,25.342431736569154,target,3576913442.0,15
PEPE,1785039720000,1785039780000,2.9e-06,2.91e-06,25.39288185918175,target,3578982644.0,15
PEPE,1785040440000,1785040500000,2.91e-06,2.92e-06,25.354602278719774,target,3578631232.0,15
PEPE,1785040920000,1785040980000,2.91e-06,2.92e-06,25.36068441114043,target,3579489684.0,15
PEPE,1785110520000,1785110580000,2.9700000000000004e-06,2.9800000000000003e-06,25.012410869325624,target,3560485533.0,15
PEPE,1785111120000,1785111180000,2.9700000000000004e-06,2.9800000000000003e-06,25.018327106550146,target,3561327702.0,15
PEPE,1785112020000,1785112080000,2.9700000000000004e-06,2.9800000000000003e-06,25.024244741749715,target,3562170070.0,15
PEPE,1785113220000,1785113280000,2.9700000000000004e-06,2.9800000000000003e-06,25.03016377492615,target,3563012637.0,15
PEPE,1785114120000,1785114240000,2.9700000000000004e-06,2.9800000000000003e-06,25.03608420607582,target,3563855403.0,15
PEPE,1785118320000,1785118380000,2.9400000000000002e-06,2.95e-06,25.2635966060002,target,3580949200.0,15
PEPE,1785118920000,1785118980000,2.9300000000000003e-06,2.9400000000000002e-06,25.31400097499965,target,3583015000.0,15
PEPE,1785120540000,1785120600000,2.9300000000000003e-06,2.9400000000000002e-06,25.320052140434143,target,3583871499.0,15
PEPE,1785121020000,1785121080000,2.9300000000000003e-06,2.9400000000000002e-06,25.326104747128475,target,3584728202.0,15
PEPE,1785121620000,1785121680000,2.9300000000000003e-06,2.9400000000000002e-06,25.332158802150534,target,3585585110.0,15
PEPE,1785122220000,1785122280000,2.9400000000000002e-06,2.95e-06,25.293796006186536,target,3585229767.0,15
PEPE,1785122820000,1785122880000,2.9400000000000002e-06,2.95e-06,25.29983174211565,target,3586085293.0,15
PEPE,1785124020000,1785124080000,2.9400000000000002e-06,2.95e-06,25.305868917265975,target,3586941023.0,15
PEPE,1785125520000,1785125640000,2.9300000000000003e-06,2.9400000000000002e-06,25.356357628201266,target,3589010280.0,15
PEPE,1785126840000,1785126900000,2.9400000000000002e-06,2.95e-06,25.317958188888927,target,3588654598.0,15
PEPE,1785127320000,1785127380000,2.95e-06,2.96e-06,25.279558409609123,target,3588297858.0,15
PEPE,1785128040000,1785128100000,2.95e-06,2.96e-06,25.285580158584917,target,3589152613.0,15
PEPE,1785129120000,1785129180000,2.95e-06,2.96e-06,25.291603344741468,target,3590007572.0,15
PEPE,1785130320000,1785130380000,2.99e-06,3e-06,24.880759160624514,target,3551857125.0,15
PEPE,1785130920000,1785130980000,2.99e-06,3e-06,24.886588245286624,target,3552689257.0,15
PEPE,1785132360000,1785132420000,3.0300000000000002e-06,3.04e-06,24.423541491718733,target,3506610408.0,15
PEPE,1785132840000,1785132900000,3.0300000000000002e-06,3.04e-06,24.429155685688503,target,3507416466.0,15
PEPE,1785133320000,1785133380000,3.0300000000000002e-06,3.04e-06,24.434771168185236,target,3508222709.0,15
PEPE,1785134520000,1785134580000,3.0600000000000003e-06,3.0700000000000003e-06,24.096537482150428,target,3474626890.0,15
PEPE,1785197880000,1785197940000,2.82e-06,2.83e-06,25.91398920109875,target,3611705812.0,15
PEPE,1785202620000,1785202680000,2.79e-06,2.8e-06,26.055214102994242,target,3616268439.0,15
PEPE,1785203220000,1785203280000,2.79e-06,2.8e-06,26.061596083052148,target,3617154210.0,15
PEPE,1785204720000,1785204780000,2.79e-06,2.8e-06,26.067979626590873,target,3618040198.0,15
PEPE,1785205320000,1785205380000,2.79e-06,2.8e-06,26.074364733614054,target,3618926403.0,15
PEPE,1785205920000,1785205980000,2.79e-06,2.8e-06,26.080751404125326,target,3619812825.0,15
PEPE,1785207420000,1785207480000,2.8000000000000003e-06,2.81e-06,26.042083822365694,target,3619469607.0,15
PEPE,1785208080000,1785208140000,2.8000000000000003e-06,2.81e-06,26.04845157004632,target,3620354631.0,15
PEPE,1785208620000,1785208680000,2.8000000000000003e-06,2.81e-06,26.054820879040467,target,3621239872.0,15
PEPE,1785209220000,1785209280000,2.8000000000000003e-06,2.81e-06,26.061191742155227,target,3622125329.0,15
PEPE,1785210120000,1785210180000,2.8000000000000003e-06,2.81e-06,26.067564159390596,target,3623011002.0,15
PEPE,1785211320000,1785211380000,2.8000000000000003e-06,2.81e-06,26.073938137939486,target,3623896892.0,15
PEPE,1785211980000,1785212040000,2.81e-06,2.82e-06,26.03522235581967,target,3623552172.0,15
PEPE,1785214020000,1785214140000,2.81e-06,2.82e-06,26.041577416470936,target,3624436662.0,15
PEPE,1785215220000,1785215280000,2.82e-06,2.83e-06,26.002851332151526,target,3624090778.0,15
PEPE,1785216180000,1785216240000,2.81e-06,2.82e-06,26.05428119341548,target,3626204759.0,15
PEPE,1785217320000,1785217380000,2.82e-06,2.83e-06,26.01553621555015,target,3625858706.0,15
PEPE,1785217980000,1785218040000,2.82e-06,2.83e-06,26.021875478724592,target,3626742227.0,15
PEPE,1785218580000,1785218640000,2.81e-06,2.82e-06,26.073342969675203,target,3628857755.0,15
PEPE,1785220020000,1785220080000,2.82e-06,2.83e-06,26.034569646575328,target,3628511449.0,15
PEPE,1785221880000,1785221940000,2.83e-06,2.84e-06,25.99579549706494,target,3628164061.0,15
PEPE,1785222420000,1785222480000,2.82e-06,2.83e-06,26.047248007899277,target,3630278468.0,15
PEPE,1785223020000,1785223080000,2.82e-06,2.83e-06,26.05359499855055,target,3631163066.0,15
PEPE,1785224520000,1785225960000,2.82e-06,2.83e-06,26.05994353899966,target,3632047880.0,15
PEPE,1785283980000,1785284040000,2.81e-06,2.82e-06,26.11148632405623,target,3634166503.0,15
PEPE,1785284520000,1785284580000,2.81e-06,2.82e-06,26.117860008225442,target,3635053585.0,15
PEPE,1785285120000,1785285180000,2.8000000000000003e-06,2.81e-06,26.169480722816232,target,3637175917.0,15
PEPE,1785286020000,1785287520000,2.81e-06,2.77e-06,-160.65696233444845,stop,3636829934.0,15
PEPE,1785289320000,1785289380000,2.79e-06,2.8e-06,26.18181549961996,target,3633839764.0,15
PEPE,1785289920000,1785289980000,2.78e-06,2.79e-06,26.233489646713686,target,3635965301.0,15
PEPE,1785291420000,1785291780000,2.78e-06,2.79e-06,26.23992640074048,target,3636857436.0,15
PEPE,1785292320000,1785292380000,2.8000000000000003e-06,2.81e-06,26.15582874993997,target,3635278492.0,15
PEPE,1785292920000,1785292980000,2.8000000000000003e-06,2.81e-06,26.162224313489475,target,3636167382.0,15
PEPE,1785300120000,1785300180000,2.74e-06,2.75e-06,26.440732189029593,target,3644484106.0,15
PEPE,1785301320000,1785301380000,2.74e-06,2.75e-06,26.447264641815735,target,3645384513.0,15
PEPE,1785302220000,1785302340000,2.74e-06,2.75e-06,26.45379870521016,target,3646285142.0,15
PEPE,1785304620000,1785304680000,2.7600000000000003e-06,2.77e-06,26.36944006002552,target,3644704915.0,15
PEPE,1785306480000,1785306540000,2.7600000000000003e-06,2.77e-06,26.375932517505845,target,3645602283.0,15
PEPE,1785309420000,1785309480000,2.7600000000000003e-06,2.77e-06,26.382426573920547,target,3646499872.0,15
PEPE,1785310620000,1785310680000,2.7500000000000004e-06,2.7600000000000003e-06,26.43438749741919,target,3648638716.0,15
PEPE,1785311520000,1785311580000,2.7500000000000004e-06,2.7600000000000003e-06,26.44090715699863,target,3649538600.0,15
PEPE,1785312120000,1785312180000,2.7600000000000003e-06,2.77e-06,26.401940736334474,target,3649197061.0,15
PEPE,1785312780000,1785312840000,2.74e-06,2.75e-06,26.499469960419983,target,3652580284.0,15
PEPE,1785314520000,1785314580000,2.74e-06,2.75e-06,26.50601692320469,target,3653482691.0,15
PEPE,1785315120000,1785315180000,2.74e-06,2.75e-06,26.51256550385333,target,3654385321.0,15
PEPE,1785316320000,1785316380000,2.74e-06,2.75e-06,26.519115702369536,target,3655288174.0,15
PEPE,1785316920000,1785316980000,2.74e-06,2.75e-06,26.52566751875149,target,3656191250.0,15
PEPE,1785317820000,1785317880000,2.74e-06,2.75e-06,26.53222095299555,target,3657094549.0,15
PEPE,1785370020000,1785370080000,2.7200000000000002e-06,2.73e-06,26.630063993400068,target,3660489896.0,15
PEPE,1785370620000,1785370740000,2.73e-06,2.74e-06,26.590994995331492,target,3660150722.0,15
PEPE,1785375120000,1785375180000,2.73e-06,2.74e-06,26.59757587207661,target,3661056555.0,15
PEPE,1785375720000,1785375780000,2.74e-06,2.75e-06,26.558496016490736,target,3660716198.0,15
PEPE,1785376320000,1785376380000,2.7500000000000004e-06,2.7600000000000003e-06,26.519415005788648,target,3660374742.0,15
PEPE,1785376920000,1785376980000,2.7500000000000004e-06,2.7600000000000003e-06,26.525955639646067,target,3661277521.0,15
PEPE,1785377760000,1785377820000,2.7500000000000004e-06,2.7600000000000003e-06,26.532497881890368,target,3662180522.0,15
PEPE,1785378420000,1785378540000,2.7500000000000004e-06,2.7600000000000003e-06,26.539041747015567,target,3663083747.0,15
PEPE,1785379320000,1785379380000,2.7500000000000004e-06,2.7600000000000003e-06,26.54558722053128,target,3663987194.0,15
PEPE,1785382620000,1785382680000,2.7500000000000004e-06,2.7600000000000003e-06,26.552134309680884,target,3664890864.0,15
PEPE,1785383820000,1785383880000,2.7500000000000004e-06,2.7600000000000003e-06,26.558683014466197,target,3665794757.0,15
PEPE,1785384420000,1785384480000,2.7500000000000004e-06,2.7600000000000003e-06,26.565233327640208,target,3666698872.0,15
PEPE,1785385020000,1785385140000,2.7500000000000004e-06,2.7600000000000003e-06,26.571785263696935,target,3667603211.0,15
PEPE,1785385620000,1785385680000,2.7500000000000004e-06,2.7600000000000003e-06,26.57833881538573,target,3668507773.0,15
PEPE,1785386220000,1785386400000,2.7500000000000004e-06,2.7600000000000003e-06,26.584893982710238,target,3669412558.0,15
PEPE,1785390120000,1785390180000,2.74e-06,2.75e-06,26.637217300864204,target,3671566823.0,15
PEPE,1785391320000,1785391380000,2.74e-06,2.75e-06,26.643798296854804,target,3672473921.0,15
PEPE,1785393180000,1785393300000,2.74e-06,2.75e-06,26.6503809179668,target,3673381243.0,15
PEPE,1785393720000,1785393780000,2.74e-06,2.75e-06,26.656965164194734,target,3674288789.0,15
PEPE,1785394320000,1785394380000,2.73e-06,2.74e-06,26.709394015294922,target,3676447903.0,15
PEPE,1785394920000,1785394980000,2.74e-06,2.75e-06,26.6701498643234,target,3676106115.0,15
PEPE,1785397020000,1785397080000,2.73e-06,2.74e-06,26.722604647705325,target,3678266297.0,15
PEPE,1785397800000,1785397860000,2.73e-06,2.74e-06,26.729218093444793,target,3679176613.0,15
PEPE,1785398220000,1785398280000,2.73e-06,2.74e-06,26.735833173810445,target,3680087154.0,15
PEPE,1785456120000,1785456180000,2.7600000000000003e-06,2.77e-06,24.621147955640623,target,3403061224.0,16
PEPE,1785457800000,1785457860000,2.7600000000000003e-06,2.77e-06,24.62720996679649,target,3403899097.0,16
PEPE,1785458640000,1785458700000,2.77e-06,2.78e-06,24.590861858599883,target,3403579496.0,16
PEPE,1785459120000,1785459240000,2.77e-06,2.78e-06,24.596905982923843,target,3404416053.0,16
PEPE,1785459720000,1785459840000,2.78e-06,2.79e-06,24.560547979110243,target,3404095354.0,16
PEPE,1785460320000,1785460380000,2.79e-06,2.8e-06,24.524189061789645,target,3403773638.0,16
PEPE,1785461520000,1785461580000,2.79e-06,2.8e-06,24.530196028800866,target,3404607360.0,16
PEPE,1785468180000,1785468240000,2.74e-06,2.75e-06,24.74852295498012,target,3411236796.0,16
PEPE,1785469320000,1785469380000,2.74e-06,2.75e-06,24.754637331136415,target,3412079577.0,16
PEPE,1785469920000,1785470040000,2.74e-06,2.75e-06,24.760753216329192,target,3412922566.0,16
PEPE,1785470580000,1785470640000,2.74e-06,2.75e-06,24.76687061056392,target,3413765763.0,16
PEPE,1785471180000,1785471240000,2.74e-06,2.75e-06,24.772989513840592,target,3414609168.0,16
PEPE,1785472320000,1785472380000,2.74e-06,2.75e-06,24.7791099334094,target,3415452782.0,16
PEPE,1785474420000,1785474540000,2.7500000000000004e-06,2.7600000000000003e-06,24.742647307979396,target,3415134204.0,16
PEPE,1785475020000,1785475080000,2.7500000000000004e-06,2.7600000000000003e-06,24.74874972801195,target,3415976498.0,16
PEPE,1785475620000,1785475680000,2.74e-06,2.75e-06,24.797459221370246,target,3417981974.0,16
PEPE,1785477780000,1785477840000,2.74e-06,2.75e-06,24.803585684355212,target,3418826421.0,16
PEPE,1785480720000,1785480780000,2.73e-06,2.74e-06,24.852369311770783,target,3420835418.0,16
PEPE,1785481320000,1785481380000,2.73e-06,2.74e-06,24.858519897094602,target,3421682023.0,16
PEPE,1785484620000,1785484740000,2.74e-06,2.75e-06,24.821995239601357,target,3421363920.0,16
PEPE,1785485400000,1785485580000,2.73e-06,2.74e-06,24.87081508138509,target,3423374409.0,16
PEPE,1785486120000,1785486180000,2.73e-06,2.74e-06,24.87697022912964,target,3424221642.0,16
PEPE,1785487020000,1785487080000,2.73e-06,2.74e-06,24.883126909791276,target,3425069086.0,16
PEPE,1785487920000,1785487980000,2.73e-06,2.74e-06,24.889285108834148,target,3425916739.0,16
PEPE,1785542520000,1785542580000,2.7500000000000004e-06,2.7600000000000003e-06,24.81001473762047,target,3424432676.0,16
PEPE,1785543240000,1785543300000,2.7600000000000003e-06,2.77e-06,24.773451788706268,target,3424112203.0,16
PEPE,1785544320000,1785544680000,2.77e-06,2.78e-06,24.73688783640015,target,3423790704.0,16
PEPE,1785545340000,1785545400000,2.77e-06,2.78e-06,24.742967854523986,target,3424632229.0,16
PEPE,1785545820000,1785545880000,2.77e-06,2.78e-06,24.749049368225926,target,3425473961.0,16
PEPE,1785546480000,1785546540000,2.78e-06,2.79e-06,24.712466477986027,target,3425151279.0,16
PEPE,1785547320000,1785547380000,2.77e-06,2.78e-06,24.761206391650024,target,3427156594.0,16
PEPE,1785548580000,1785548640000,2.78e-06,2.79e-06,24.72460553511172,target,3426833754.0,16
PEPE,1785549120000,1785549180000,2.77e-06,2.78e-06,24.773369390149522,target,3428840054.0,16
PEPE,1785549720000,1785549780000,2.78e-06,2.79e-06,24.736750551825796,target,3428517055.0,16
PEPE,1785551520000,1785551580000,2.78e-06,2.79e-06,24.74282005513482,target,3429358289.0,16
PEPE,1785552120000,1785552180000,2.77e-06,2.78e-06,24.791619841299518,target,3431366068.0,16
PEPE,1785553020000,1785553080000,2.77e-06,2.78e-06,24.797713312374718,target,3432209455.0,16
PEPE,1785555120000,1785555180000,2.77e-06,2.78e-06,24.803808286250472,target,3433053050.0,16
PEPE,1785555780000,1785555840000,2.77e-06,2.78e-06,24.8099047484746,target,3433896851.0,16
PEPE,1785558120000,1785558180000,2.79e-06,2.8e-06,24.730490158219148,target,3432406684.0,16
PEPE,1785558720000,1785558780000,2.79e-06,2.8e-06,24.7365476611011,target,3433247420.0,16
PEPE,1785561240000,1785561300000,2.79e-06,2.8e-06,24.742606648210508,target,3434088362.0,16
PEPE,1785562020000,1785562080000,2.78e-06,2.79e-06,24.791440273468936,target,3436097058.0,16
PEPE,1785563520000,1785563580000,2.78e-06,2.79e-06,24.79752320389591,target,3436940153.0,16
PEPE,1785564120000,1785564180000,2.79e-06,2.8e-06,24.760813467059457,target,3436615332.0,16
PEPE,1785566520000,1785566580000,2.78e-06,2.79e-06,24.80968303300509,target,3438625507.0,16
PEPE,1785567720000,1785567780000,2.79e-06,2.8e-06,24.772955297035274,target,3438300527.0,16
PEPE,1785568320000,1785568380000,2.78e-06,2.79e-06,24.82184882170447,target,3440311687.0,16
PEPE,1785628920000,1785628980000,2.77e-06,2.78e-06,24.870804475776534,target,3442325879.0,16
PEPE,1785629520000,1785629580000,2.78e-06,2.79e-06,24.83404160893434,target,3442001609.0,16
PEPE,1785630180000,1785630240000,2.78e-06,2.79e-06,24.84013498668053,target,3442846152.0,16
PEPE,1785631620000,1785631680000,2.78e-06,2.79e-06,24.846229865146817,target,3443690903.0,16
PEPE,1785633420000,1785633480000,2.81e-06,2.82e-06,24.723778959074917,target,3441026995.0,16
PEPE,1785634020000,1785634080000,2.81e-06,2.82e-06,24.729813906419306,target,3441866932.0,16
PEPE,1785634620000,1785634680000,2.81e-06,2.82e-06,24.7358503266896,target,3442707074.0,16
PEPE,1785635820000,1785635880000,2.8400000000000003e-06,2.8500000000000002e-06,24.613508609461263,target,3440043132.0,16
PEPE,1785637020000,1785637080000,2.86e-06,2.87e-06,24.534023376854417,target,3438545673.0,16
PEPE,1785637740000,1785637800000,2.8500000000000002e-06,2.86e-06,24.582687144364577,target,3440544037.0,16
PEPE,1785638220000,1785638280000,2.8500000000000002e-06,2.86e-06,24.5886461529604,target,3441378048.0,16
PEPE,1785639420000,1785639480000,2.8500000000000002e-06,2.86e-06,24.594606604845715,target,3442212261.0,16
PEPE,1785641820000,1785641940000,2.88e-06,2.89e-06,24.47238149417484,target,3439547645.0,16
PEPE,1785642420000,1785642480000,2.87e-06,2.88e-06,24.520993191000795,target,3441542904.0,16
PEPE,1785643020000,1785643200000,2.87e-06,2.88e-06,24.526916588248362,target,3442374258.0,16
PEPE,1785646320000,1785646380000,2.88e-06,2.89e-06,24.49011043772557,target,3442039415.0,16
PEPE,1785647040000,1785647100000,2.88e-06,2.89e-06,24.496016065600735,target,3442869440.0,16
PEPE,1785648180000,1785648240000,2.88e-06,2.89e-06,24.50192312359025,target,3443699666.0,16
PEPE,1785649380000,1785649440000,2.91e-06,2.92e-06,24.37971956309491,target,3441033107.0,16
PEPE,1785651180000,1785651240000,2.92e-06,2.93e-06,24.342911387176038,target,3440694189.0,16
PEPE,1785653220000,1785653280000,2.92e-06,2.93e-06,24.348740621176265,target,3441518109.0,16
PEPE,1785654420000,1785654480000,2.92e-06,2.93e-06,24.35457125602496,target,3442342227.0,16
PEPE,1785655020000,1785655080000,2.92e-06,2.93e-06,24.360403284651063,target,3443166542.0,16
PEPE,1785655620000,1785655680000,2.92e-06,2.93e-06,24.36623670704912,target,3443991054.0,16
PEPE,1785715380000,1785715440000,2.9e-06,2.91e-06,24.4575155566505,target,3447148070.0,16
PEPE,1785715920000,1785715980000,2.8900000000000003e-06,2.9e-06,24.506168453935054,target,3449144047.0,16
PEPE,1785717840000,1785719700000,2.8900000000000003e-06,2.87e-06,-83.88612597984259,time,3449974336.0,16
PEPE,1785721620000,1785721680000,2.87e-06,2.88e-06,24.577462734749147,target,3449468454.0,16
PEPE,1785723720000,1785723780000,2.87e-06,2.88e-06,24.58339976924982,target,3450301722.0,16
PEPE,1785724320000,1785724380000,2.86e-06,2.87e-06,24.63219666017967,target,3452305068.0,16
PEPE,1785725100000,1785725220000,2.87e-06,2.88e-06,24.595288501500622,target,3451970316.0,16
PEPE,1785725580000,1785725640000,2.87e-06,2.88e-06,24.60122984662373,target,3452804189.0,16
PEPE,1785727020000,1785727080000,2.86e-06,2.87e-06,24.650062129380803,target,3454808988.0,16
PEPE,1785727740000,1785727860000,2.86e-06,2.87e-06,24.656027082135846,target,3455645001.0,16
PEPE,1785728220000,1785728280000,2.86e-06,2.87e-06,24.661993483294644,target,3456481217.0,16
PEPE,1785728820000,1785730080000,2.86e-06,2.87e-06,24.667961318589594,target,3457317634.0,16
PEPE,1785730920000,1785730980000,2.86e-06,2.87e-06,24.673930609423916,target,3458154255.0,16
PEPE,1785731700000,1785731760000,2.86e-06,2.87e-06,24.67990133439621,target,3458991077.0,16
PEPE,1785732120000,1785732180000,2.86e-06,2.87e-06,24.685873507770438,target,3459828102.0,16
PEPE,1785732720000,1785732780000,2.86e-06,2.87e-06,24.69184712955024,target,3460665330.0,16
PEPE,1785733320000,1785733440000,2.86e-06,2.87e-06,24.697822192601812,target,3461502760.0,16
PEPE,1785734220000,1785734280000,2.86e-06,2.87e-06,24.70379870405532,target,3462340393.0,16
PEPE,1785736320000,1785736380000,2.8500000000000002e-06,2.86e-06,24.75279922697012,target,3464352586.0,16
PEPE,1785736980000,1785737040000,2.8500000000000002e-06,2.86e-06,24.75879946935972,target,3465192368.0,16
PEPE,1785737520000,1785737640000,2.8500000000000002e-06,2.86e-06,24.764801162186707,target,3466032353.0,16
PEPE,1785742620000,1785742680000,2.83e-06,2.84e-06,24.85699969007115,target,3469225358.0,16
PEPE,1785743220000,1785743280000,2.83e-06,2.84e-06,24.86304615475625,target,3470069247.0,16
PEPE,1785743820000,1785743880000,2.83e-06,2.84e-06,24.86909409543061,target,3470913342.0,16
PEPE,1785801720000,1785801780000,2.9e-06,2.91e-06,24.573750522255313,target,3463530729.0,16
PEPE,1785802320000,1785802500000,2.9e-06,2.91e-06,24.579655662373742,target,3464363025.0,16
PEPE,1785802920000,1785802980000,2.9e-06,2.91e-06,24.585562221494563,target,3465195521.0,16
PEPE,1785804420000,1785804480000,2.8900000000000003e-06,2.9e-06,24.63446984764492,target,3467201949.0,16
PEPE,1785805140000,1785805200000,2.8900000000000003e-06,2.9e-06,24.640399936424455,target,3468036585.0,16
PEPE,1785805620000,1785805680000,2.8900000000000003e-06,2.9e-06,24.646331446206823,target,3468871421.0,16
PEPE,1785806220000,1785806280000,2.9e-06,2.91e-06,24.609233688600362,target,3468531880.0,16
PEPE,1785806820000,1785806940000,2.91e-06,2.92e-06,24.572135445520647,target,3468191312.0,16
PEPE,1785807420000,1785807480000,2.9300000000000003e-06,2.9400000000000002e-06,24.49207271533511,target,3466676959.0,16
PEPE,1785810420000,1785810480000,2.9400000000000002e-06,2.95e-06,24.454982144054785,target,3466333401.0,16
PEPE,1785811020000,1785811080000,2.95e-06,2.96e-06,24.41789124394389,target,3465988821.0,16
PEPE,1785812520000,1785812640000,2.9400000000000002e-06,2.95e-06,24.466644432970764,target,3467986454.0,16
PEPE,1785814020000,1785814080000,2.9300000000000003e-06,2.9400000000000002e-06,24.515458776720358,target,3469987088.0,16
PEPE,1785814620000,1785814680000,2.9400000000000002e-06,2.95e-06,24.47833279011098,target,3469643202.0,16
PEPE,1785815220000,1785815340000,2.9400000000000002e-06,2.95e-06,24.484173927973437,target,3470471145.0,16
PEPE,1785816780000,1785816840000,2.9300000000000003e-06,2.9400000000000002e-06,24.53302324277929,target,3472473212.0,16
PEPE,1785818220000,1785818280000,2.9400000000000002e-06,2.95e-06,24.495870659399948,target,3472129080.0,16
PEPE,1785818820000,1785818880000,2.95e-06,2.96e-06,24.458717744578653,target,3471783924.0,16
PEPE,1785819420000,1785820500000,2.96e-06,2.92e-06,-154.0548084492008,stop,3469702893.0,16
PEPE,1785821820000,1785821880000,2.9300000000000003e-06,2.9400000000000002e-06,24.513764137559388,target,3469747224.0,16
PEPE,1785823320000,1785823380000,2.9300000000000003e-06,2.9400000000000002e-06,24.519624003989996,target,3470576646.0,16
PEPE,1785823920000,1785823980000,2.9300000000000003e-06,2.9400000000000002e-06,24.5254852763556,target,3471406267.0,16
PEPE,1785829020000,1785829080000,2.92e-06,2.93e-06,24.574380886450705,target,3473410726.0,16
PEPE,1785829620000,1785829680000,2.92e-06,2.93e-06,24.580265553074838,target,3474242481.0,16
PEPE,1785889920000,1785889980000,2.88e-06,2.89e-06,24.75865752492121,target,3479783208.0,16
PEPE,1785892920000,1785892980000,2.87e-06,2.88e-06,24.807837874876476,target,3481801807.0,16
PEPE,1785896520000,1785896580000,2.8900000000000003e-06,2.9e-06,24.727419034954412,target,3480284171.0,16
PEPE,1785897120000,1785897240000,2.8900000000000003e-06,2.9e-06,24.733371497378865,target,3481121956.0,16
PEPE,1785898020000,1785898140000,2.8900000000000003e-06,2.9e-06,24.7393253879104,target,3481959942.0,16
PEPE,1785898860000,1785898920000,2.8900000000000003e-06,2.9e-06,24.745280713649635,target,3482798130.0,16
PEPE,1785899220000,1785899280000,2.88e-06,2.89e-06,24.79447020860936,target,3484816614.0,16
PEPE,1785903720000,1785904440000,2.86e-06,2.87e-06,24.887023499118566,target,3488020112.0,16
PEPE,1785904920000,1785904980000,2.8500000000000002e-06,2.86e-06,24.93638745120516,target,3490047229.0,16
PEPE,1785906000000,1785906060000,2.8500000000000002e-06,2.86e-06,24.942432192655087,target,3490893239.0,16
PEPE,1785906420000,1785906480000,2.86e-06,2.87e-06,24.90511574002549,target,3490555815.0,16
PEPE,1785907020000,1785907080000,2.86e-06,2.87e-06,24.911142410529767,target,3491400478.0,16
PEPE,1785908520000,1785908580000,2.86e-06,2.87e-06,24.917170543710856,target,3492245346.0,16
PEPE,1785909120000,1785909180000,2.86e-06,2.87e-06,24.923200132429503,target,3493090418.0,16
PEPE,1785910620000,1785910680000,2.86e-06,2.87e-06,24.929231176691165,target,3493935694.0,16
PEPE,1785911520000,1785911580000,2.8500000000000002e-06,2.86e-06,24.97867884910345,target,3495966249.0,16
PEPE,1785912180000,1785912240000,2.8500000000000002e-06,2.86e-06,24.984733850775342,target,3496813695.0,16
PEPE,1785912720000,1785912780000,2.8500000000000002e-06,2.86e-06,24.990790310025247,target,3497661345.0,16
PEPE,1785913320000,1785913380000,2.8500000000000002e-06,2.86e-06,24.996848248289574,target,3498509202.0,16
PEPE,1785913920000,1785913980000,2.8500000000000002e-06,2.86e-06,25.002907651279806,target,3499357264.0,16
PEPE,1785914820000,1785914880000,2.8500000000000002e-06,2.86e-06,25.00896851899595,target,3500205531.0,16
PEPE,1785916020000,1785916140000,2.8500000000000002e-06,2.86e-06,25.015030858578616,target,3501054004.0,16
PEPE,1785916620000,1785916680000,2.8500000000000002e-06,2.86e-06,25.021094670035087,target,3501902683.0,16
PEPE,1785917220000,1785918540000,2.86e-06,2.87e-06,24.983660524189737,target,3501564194.0,16
PEPE,1785976020000,1785976080000,2.88e-06,2.89e-06,24.902774738608503,target,3500038614.0,16
PEPE,1785976740000,1785976800000,2.87e-06,2.88e-06,24.952241368499262,target,3502068964.0,16
PEPE,1785977220000,1785977280000,2.88e-06,2.89e-06,24.91479695411013,target,3501728314.0,16
PEPE,1785977820000,1785977880000,2.8900000000000003e-06,2.9e-06,24.877351984834686,target,3501386627.0,16
PEPE,1785979020000,1785979080000,2.88e-06,2.89e-06,24.926804007545055,target,3503415883.0,16
PEPE,1785984600000,1785984660000,2.8400000000000003e-06,2.8500000000000002e-06,25.107005709315356,target,3509015473.0,16
PEPE,1785985080000,1785985140000,2.8400000000000003e-06,2.8500000000000002e-06,25.113102398954588,target,3509867561.0,16
PEPE,1785985620000,1785985680000,2.8400000000000003e-06,2.8500000000000002e-06,25.119200569681887,target,3510719856.0,16
PEPE,1785986220000,1785986280000,2.8400000000000003e-06,2.8500000000000002e-06,25.12530022148816,target,3511572358.0,16
PEPE,1785986820000,1785986880000,2.8400000000000003e-06,2.8500000000000002e-06,25.131401354386142,target,3512425067.0,16
PEPE,1785987780000,1785987840000,2.8400000000000003e-06,2.8500000000000002e-06,25.13750396836491,target,3513277983.0,16
PEPE,1785988620000,1785988740000,2.8400000000000003e-06,2.8500000000000002e-06,25.143608070584648,target,3514131107.0,16
PEPE,1785990120000,1785990180000,2.83e-06,2.84e-06,25.19340942305121,target,3516177170.0,16
PEPE,1785991200000,1785991260000,2.8400000000000003e-06,2.8500000000000002e-06,25.155831321992235,target,3515839458.0,16
PEPE,1785991620000,1785991680000,2.8400000000000003e-06,2.8500000000000002e-06,25.16193986746708,target,3516693203.0,16
PEPE,1785992520000,1785992580000,2.8400000000000003e-06,2.8500000000000002e-06,25.168049894026353,target,3517547155.0,16
PEPE,1785993120000,1785993240000,2.8500000000000002e-06,2.86e-06,25.130452817639988,target,3517208232.0,16
PEPE,1785993720000,1785993780000,2.8500000000000002e-06,2.86e-06,25.136544608916306,target,3518060827.0,16
PEPE,1785994920000,1785995040000,2.8500000000000002e-06,2.86e-06,25.14263787920341,target,3518913629.0,16
PEPE,1785995820000,1785995880000,2.8500000000000002e-06,2.86e-06,25.148732621364317,target,3519766637.0,16
PEPE,1785997920000,1785997980000,2.8500000000000002e-06,2.86e-06,25.15482884253965,target,3520619852.0,16
PEPE,1785999120000,1785999180000,2.8500000000000002e-06,2.86e-06,25.160926535585148,target,3521473273.0,16
PEPE,1785999720000,1785999780000,2.8500000000000002e-06,2.86e-06,25.16702571479115,target,3522326902.0,16
PEPE,1786000320000,1786000380000,2.8400000000000003e-06,2.8500000000000002e-06,25.216909178130276,target,3524375846.0,16
PEPE,1786060980000,1786061040000,2.8000000000000003e-06,2.81e-06,25.398503836294957,target,3530021381.0,16
PEPE,1786061520000,1786061640000,2.81e-06,2.82e-06,25.360790971334104,target,3529685591.0,16
PEPE,1786062720000,1786062840000,2.8000000000000003e-06,2.81e-06,25.410915376780665,target,3531746404.0,16
PEPE,1786063560000,1786063680000,2.81e-06,2.82e-06,25.373184083250024,target,3531410450.0,16
PEPE,1786064220000,1786064280000,2.81e-06,2.82e-06,25.37937754606503,target,3532272449.0,16
PEPE,1786067880000,1786067940000,2.8000000000000003e-06,2.81e-06,25.429538684540734,target,3534334772.0,16
PEPE,1786068660000,1786068780000,2.79e-06,2.8e-06,25.47976345540982,target,3536400202.0,16
PEPE,1786069320000,1786069380000,2.79e-06,2.8e-06,25.48600448405034,target,3537266410.0,16
PEPE,1786070220000,1786070280000,2.8000000000000003e-06,2.81e-06,25.44821868170496,target,3536931019.0,16
PEPE,1786071120000,1786071180000,2.8000000000000003e-06,2.81e-06,25.454441219897284,target,3537795861.0,16
PEPE,1786071720000,1786071780000,2.8000000000000003e-06,2.81e-06,25.460665276229314,target,3538660914.0,16
PEPE,1786073220000,1786073340000,2.8000000000000003e-06,2.81e-06,25.466890857904875,target,3539526179.0,16
PEPE,1786074720000,1786074780000,2.8000000000000003e-06,2.81e-06,25.473117957725606,target,3540391655.0,16
PEPE,1786075680000,1786075740000,2.79e-06,2.8e-06,25.523428803126116,target,3542460625.0,16
PEPE,1786076520000,1786076580000,2.8000000000000003e-06,2.81e-06,25.485587511495783,target,3542124741.0,16
PEPE,1786077120000,1786077240000,2.8000000000000003e-06,2.81e-06,25.491819187334375,target,3542990853.0,16
PEPE,1786079520000,1786079580000,2.79e-06,2.8e-06,25.542166961904414,target,3545061341.0,16
PEPE,1786080120000,1786080180000,2.79e-06,2.8e-06,25.548423279555305,target,3545929671.0,16
PEPE,1786080720000,1786081620000,2.79e-06,2.8e-06,25.55468112466474,target,3546798213.0,16
PEPE,1786083720000,1786083780000,2.81e-06,2.82e-06,25.4726764739107,target,3545257686.0,16
PEPE,1786084320000,1786084680000,2.81e-06,2.82e-06,25.47889422202343,target,3546123065.0,16
PEPE,1786085820000,1786085880000,2.8000000000000003e-06,2.81e-06,25.52925205262545,target,3548193475.0,16
PEPE,1786086720000,1786086780000,2.8000000000000003e-06,2.81e-06,25.53549440584511,target,3549061071.0,16
PEPE,1786087320000,1786087380000,2.8000000000000003e-06,2.81e-06,25.541738284404666,target,3549928879.0,16
PEPE,1786149120000,1786150500000,2.81e-06,2.82e-06,25.503812736075727,target,3549591195.0,16
PEPE,1786150980000,1786151040000,2.81e-06,2.82e-06,25.51003808592067,target,3550457632.0,16
PEPE,1786151580000,1786151640000,2.81e-06,2.82e-06,25.516264951800768,target,3551324280.0,16
PEPE,1786154040000,1786154100000,2.83e-06,2.84e-06,25.43417673795824,target,3549780424.0,16
PEPE,1786154700000,1786154760000,2.83e-06,2.84e-06,25.440363600819822,target,3550643908.0,16
PEPE,1786155180000,1786157040000,2.8400000000000003e-06,2.82e-06,-86.05934193240094,time,3550302885.0,16
PEPE,1786157580000,1786157700000,2.83e-06,2.84e-06,25.425618023653815,target,3548585907.0,16
PEPE,1786158120000,1786158180000,2.83e-06,2.84e-06,25.431802808666156,target,3549449101.0,16
PEPE,1786159980000,1786160040000,2.8400000000000003e-06,2.8500000000000002e-06,25.393869120916165,target,3549108193.0,16
PEPE,1786161720000,1786161780000,2.86e-06,2.87e-06,25.31186384583095,target,3547563258.0,16
PEPE,1786162320000,1786162380000,2.8500000000000002e-06,2.86e-06,25.36207047495476,target,3549624979.0,16
PEPE,1786163520000,1786163580000,2.86e-06,2.87e-06,25.324126192396704,target,3549281877.0,16
PEPE,1786164720000,1786164780000,2.87e-06,2.88e-06,25.286181269249635,target,3548937722.0,16
PEPE,1786165380000,1786165560000,2.87e-06,2.88e-06,25.29228950325053,target,3549795018.0,16
PEPE,1786166820000,1786166880000,2.86e-06,2.87e-06,25.342493508955133,target,3551856133.0,16
PEPE,1786167420000,1786167480000,2.86e-06,2.87e-06,25.348626020049643,target,3552715630.0,16
PEPE,1786168020000,1786168140000,2.86e-06,2.87e-06,25.354760015226013,target,3553575335.0,16
PEPE,1786168620000,1786168680000,2.86e-06,2.87e-06,25.360895494480605,target,3554435248.0,16
PEPE,1786169520000,1786169580000,2.86e-06,2.87e-06,25.367032457815238,target,3555295369.0,16
PEPE,1786170240000,1786170300000,2.86e-06,2.87e-06,25.373170912363715,target,3556155699.0,16
PEPE,1786171620000,1786171740000,2.86e-06,2.87e-06,25.37931084386025,target,3557016236.0,16
PEPE,1786173120000,1786173180000,2.86e-06,2.87e-06,25.385452266570624,target,3557876982.0,16
PEPE,1786173720000,1786173780000,2.86e-06,2.87e-06,25.391595173359224,target,3558737936.0,16
PEPE,1786174920000,1786174980000,2.86e-06,2.87e-06,25.397739571365303,target,3559599099.0,16
PEPE,1786236720000,1786236780000,2.8500000000000002e-06,2.86e-06,25.448116531031562,target,3561667814.0,16
PEPE,1786238520000,1786238700000,2.8500000000000002e-06,2.86e-06,25.454285323969714,target,3562531186.0,16
PEPE,1786239420000,1786239600000,2.8500000000000002e-06,2.86e-06,25.46045561736052,target,3563394768.0,16
PEPE,1786240080000,1786240140000,2.8500000000000002e-06,2.86e-06,25.466627396911832,target,3564258558.0,16
PEPE,1786242120000,1786242240000,2.8500000000000002e-06,2.86e-06,25.472800676912165,target,3565122558.0,16
PEPE,1786243320000,1786243440000,2.8400000000000003e-06,2.8500000000000002e-06,25.523290220536857,target,3567196397.0,16
PEPE,1786244520000,1786244580000,2.8400000000000003e-06,2.8500000000000002e-06,25.529487996017114,target,3568062613.0,16
PEPE,1786245120000,1786245180000,2.8400000000000003e-06,2.8500000000000002e-06,25.535687281200662,target,3568929040.0,16
PEPE,1786245720000,1786245780000,2.8400000000000003e-06,2.8500000000000002e-06,25.541888068936423,target,3569795677.0,16
PEPE,1786246320000,1786246380000,2.8400000000000003e-06,2.8500000000000002e-06,25.548090359218946,target,3570662524.0,16
PEPE,1786249020000,1786249080000,2.8500000000000002e-06,2.86e-06,25.50992556103488,target,3570318483.0,16
PEPE,1786250280000,1786250340000,2.8500000000000002e-06,2.86e-06,25.516109337039556,target,3571183952.0,16
PEPE,1786250820000,1786250940000,2.8500000000000002e-06,2.86e-06,25.522294613496893,target,3572049631.0,16
PEPE,1786251420000,1786251540000,2.8500000000000002e-06,2.86e-06,25.52848139039961,target,3572915520.0,16
PEPE,1786252080000,1786252200000,2.8500000000000002e-06,2.86e-06,25.534669660610728,target,3573781618.0,16
PEPE,1786252620000,1786252680000,2.8500000000000002e-06,2.86e-06,25.540859438415126,target,3574647927.0,16
PEPE,1786253520000,1786253700000,2.8500000000000002e-06,2.86e-06,25.547050709526104,target,3575514445.0,16
PEPE,1786254120000,1786254180000,2.8500000000000002e-06,2.86e-06,25.553243488228546,target,3576381174.0,16
PEPE,1786255380000,1786255560000,2.8500000000000002e-06,2.86e-06,25.559437760239383,target,3577248112.0,16
PEPE,1786255920000,1786255980000,2.8500000000000002e-06,2.86e-06,25.565633539845322,target,3578115261.0,16
PEPE,1786256520000,1786256580000,2.8500000000000002e-06,2.86e-06,25.571830819900285,target,3578982620.0,16
PEPE,1786257180000,1786257240000,2.8500000000000002e-06,2.86e-06,25.578029600404264,target,3579850189.0,16
PEPE,1786257780000,1786257840000,2.86e-06,2.87e-06,25.53976222440981,target,3579504166.0,16
PEPE,1786258320000,1786258380000,2.87e-06,2.88e-06,25.501494195001303,target,3579157080.0,16
PEPE,1786321320000,1786321380000,2.8900000000000003e-06,2.9e-06,25.418826748947012,target,3577597009.0,16
PEPE,1786323420000,1786323540000,2.9e-06,2.91e-06,25.380566223374622,target,3577246825.0,16
PEPE,1786324020000,1786324080000,2.8900000000000003e-06,2.9e-06,25.43105533496636,target,3579318133.0,16
PEPE,1786324740000,1786324800000,2.9e-06,2.91e-06,25.39277640619594,target,3578967781.0,16
PEPE,1786325520000,1786325580000,2.8900000000000003e-06,2.9e-06,25.44328980392514,target,3581040085.0,16
PEPE,1786326120000,1786326180000,2.8900000000000003e-06,2.9e-06,25.4494145910183,target,3581902124.0,16
PEPE,1786326900000,1786326960000,2.92e-06,2.93e-06,25.322332559775045,target,3579128277.0,16
PEPE,1786330920000,1786330980000,2.9e-06,2.91e-06,25.417193054054273,target,3582409169.0,16
PEPE,1786331520000,1786331820000,2.91e-06,2.87e-06,-158.77469514150073,stop,3582057420.0,16
PEPE,1786332120000,1786332180000,2.9e-06,2.91e-06,25.385146861799353,target,3577892440.0,16
PEPE,1786333620000,1786333740000,2.8900000000000003e-06,2.9e-06,25.435645086808968,target,3579964122.0,16
PEPE,1786334520000,1786334580000,2.8900000000000003e-06,2.9e-06,25.441768033710332,target,3580825902.0,16
PEPE,1786335420000,1786335480000,2.9e-06,2.91e-06,25.403472977190017,target,3580475402.0,16
PEPE,1786336320000,1786336380000,2.8900000000000003e-06,2.9e-06,25.454007653796207,target,3582548579.0,16
PEPE,1786337820000,1786337880000,2.88e-06,2.89e-06,25.504605978510487,target,3584624874.0,16
PEPE,1786338480000,1786338600000,2.8900000000000003e-06,2.9e-06,25.466274571288977,target,3584275098.0,16
PEPE,1786340520000,1786340580000,2.9e-06,2.91e-06,25.4279426247005,target,3583924260.0,16
PEPE,1786341120000,1786341180000,2.8900000000000003e-06,2.9e-06,25.478525978570115,target,3585999434.0,16
PEPE,1786341720000,1786341780000,2.9e-06,2.91e-06,25.44017559666011,target,3585648428.0,16
PEPE,1786342620000,1786342680000,2.9e-06,2.91e-06,25.446288946652167,target,3586510070.0,16
PEPE,1786343520000,1786343580000,2.9e-06,2.91e-06,25.45240375820937,target,3587371918.0,16
PEPE,1786344120000,1786344180000,2.9e-06,2.91e-06,25.45852004553023,target,3588233974.0,16
PEPE,1786344720000,1786344780000,2.8900000000000003e-06,2.9e-06,25.509164230620733,target,3590311644.0,16
PEPE,1786345320000,1786345380000,2.9e-06,2.91e-06,25.470767732519928,target,3589960216.0,16
PEPE,1786406880000,1786406940000,2.87e-06,2.88e-06,25.610622547501137,target,3594473340.0,16
PEPE,1786407420000,1786407540000,2.87e-06,2.88e-06,25.6168091636264,target,3595341637.0,16
PEPE,1786409280000,1786409340000,2.87e-06,2.88e-06,25.62299726887459,target,3596210143.0,16
PEPE,1786410480000,1786410540000,2.87e-06,2.88e-06,25.629186870374507,target,3597078859.0,16
PEPE,1786411260000,1786411320000,2.87e-06,2.88e-06,25.63537796812615,target,3597947785.0,16
PEPE,1786411620000,1786411740000,2.87e-06,2.88e-06,25.641570554998896,target,3598816920.0,16
PEPE,1786412340000,1786412400000,2.87e-06,2.88e-06,25.647764645250355,target,3599686266.0,16
PEPE,1786412820000,1786412880000,2.87e-06,2.88e-06,25.653960231751718,target,3600555822.0,16
PEPE,1786415340000,1786415400000,2.88e-06,2.89e-06,25.615462794193924,target,3600205593.0,16
PEPE,1786416420000,1786416480000,2.88e-06,2.89e-06,25.621639795283663,target,3601073759.0,16
PEPE,1786417020000,1786417080000,2.88e-06,2.89e-06,25.627818290525568,target,3601942135.0,16
PEPE,1786420920000,1786420980000,2.86e-06,2.87e-06,25.72348231690498,target,3605253303.0,16
PEPE,1786423020000,1786423080000,2.86e-06,2.87e-06,25.72970702646998,target,3606125722.0,16
PEPE,1786423620000,1786423740000,2.86e-06,2.87e-06,25.735933234386266,target,3606998351.0,16
PEPE,1786424220000,1786424340000,2.86e-06,2.87e-06,25.742160954921435,target,3607871192.0,16
PEPE,1786425120000,1786425180000,2.86e-06,2.87e-06,25.74839018094169,target,3608744244.0,16
PEPE,1786425720000,1786425780000,2.8500000000000002e-06,2.86e-06,25.79946266754439,target,3610841521.0,16
PEPE,1786426320000,1786426380000,2.8500000000000002e-06,2.86e-06,25.805716628883786,target,3611716813.0,16
PEPE,1786427520000,1786427580000,2.86e-06,2.87e-06,25.767108610848215,target,3611367710.0,16
PEPE,1786428120000,1786428300000,2.86e-06,2.87e-06,25.77334387308005,target,3612241608.0,16
PEPE,1786429380000,1786429440000,2.87e-06,2.88e-06,25.734725847376303,target,3611891347.0,16
PEPE,1786430520000,1786430580000,2.87e-06,2.88e-06,25.740942438374045,target,3612763851.0,16
PEPE,1786431720000,1786431780000,2.86e-06,2.87e-06,25.792037002278768,target,3614861528.0,16
PEPE,1786434720000,1786434780000,2.8500000000000002e-06,2.86e-06,25.843196062199628,target,3616962360.0,16
PEPE,1786492920000,1786492980000,2.83e-06,2.84e-06,25.93940941182527,target,3620294405.0,16
PEPE,1786494120000,1786494240000,2.83e-06,2.84e-06,25.945719175931014,target,3621175042.0,16
PEPE,1786495320000,1786495380000,2.8400000000000003e-06,2.8500000000000002e-06,25.907018937975582,target,3620827245.0,16
PEPE,1786496520000,1786496700000,2.8400000000000003e-06,2.8500000000000002e-06,25.913309893019118,target,3621706484.0,16
PEPE,1786499520000,1786499580000,2.8500000000000002e-06,2.86e-06,25.8745995232713,target,3621357526.0,16
PEPE,1786501320000,1786501800000,2.8500000000000002e-06,2.86e-06,25.880871697215206,target,3622235367.0,16
PEPE,1786502580000,1786502700000,2.8400000000000003e-06,2.8500000000000002e-06,25.93217007233978,target,3624342428.0,16
PEPE,1786503480000,1786503540000,2.8400000000000003e-06,2.8500000000000002e-06,25.938467137756383,target,3625222521.0,16
PEPE,1786504020000,1786504080000,2.8400000000000003e-06,2.8500000000000002e-06,25.9447657271839,target,3626102827.0,16
PEPE,1786505100000,1786505160000,2.8400000000000003e-06,2.8500000000000002e-06,25.951065854939028,target,3626983348.0,16
PEPE,1786506720000,1786506960000,2.8500000000000002e-06,2.86e-06,25.9122990726013,target,3626633880.0,16
PEPE,1786507320000,1786507380000,2.8400000000000003e-06,2.8500000000000002e-06,25.963659742499164,target,3628743500.0,16
PEPE,1786508520000,1786508580000,2.8500000000000002e-06,2.86e-06,25.924874151136102,target,3628393863.0,16
PEPE,1786509180000,1786509240000,2.8400000000000003e-06,2.8500000000000002e-06,25.976259747585267,target,3630504507.0,16
PEPE,1786509720000,1786510020000,2.8500000000000002e-06,2.86e-06,25.937455331499343,target,3630154700.0,16
PEPE,1786510620000,1786510680000,2.8500000000000002e-06,2.86e-06,25.943742745730383,target,3631034674.0,16
PEPE,1786511220000,1786511340000,2.8400000000000003e-06,2.8500000000000002e-06,25.995165740369952,target,3633146854.0,16
PEPE,1786512420000,1786512480000,2.8500000000000002e-06,2.86e-06,25.956333085985097,target,3632796793.0,16
PEPE,1786513020000,1786513140000,2.8500000000000002e-06,2.86e-06,25.962625073014888,target,3633677407.0,16
PEPE,1786513620000,1786513680000,2.8400000000000003e-06,2.8500000000000002e-06,26.014085492221113,target,3635791124.0,16
PEPE,1786514640000,1786514700000,2.8400000000000003e-06,2.8500000000000002e-06,26.020402448535958,target,3636673997.0,16
PEPE,1786515480000,1786515540000,2.8400000000000003e-06,2.8500000000000002e-06,26.026720936018243,target,3637557084.0,16
PEPE,1786517520000,1786517580000,2.83e-06,2.84e-06,26.078271453815304,target,3639675011.0,16
PEPE,1786518240000,1786518300000,2.83e-06,2.84e-06,26.08461499372992,target,3640560362.0,16
PEPE,1786579320000,1786579380000,2.6700000000000003e-06,2.68e-06,26.81919957455063,target,3661324174.0,16
PEPE,1786579920000,1786579980000,2.6700000000000003e-06,2.68e-06,26.82590543625228,target,3662239650.0,16
PEPE,1786580520000,1786580580000,2.68e-06,2.69e-06,26.786842280274655,target,3661905985.0,16
PEPE,1786581120000,1786581180000,2.68e-06,2.69e-06,26.793528621860915,target,3662820044.0,16
PEPE,1786582620000,1786582740000,2.68e-06,2.69e-06,26.800216638579855,target,3663734332.0,16
PEPE,1786583220000,1786583280000,2.68e-06,2.69e-06,26.80690633043512,target,3664648849.0,16
PEPE,1786583940000,1786584000000,2.68e-06,2.69e-06,26.813597682797198,target,3665563593.0,16
PEPE,1786584480000,1786584540000,2.68e-06,2.69e-06,26.82029071029014,target,3666478566.0,16
PEPE,1786585020000,1786585080000,2.68e-06,2.69e-06,26.826985405604653,target,3667393767.0,16
PEPE,1786585920000,1786585980000,2.68e-06,2.69e-06,26.833681776053663,target,3668309197.0,16
PEPE,1786586520000,1786586580000,2.68e-06,2.69e-06,26.840379814324244,target,3669224855.0,16
PEPE,1786587420000,1786587480000,2.6700000000000003e-06,2.68e-06,26.892953153649497,target,3671392922.0,16
PEPE,1786588320000,1786588380000,2.68e-06,2.69e-06,26.853792364244395,target,3671058423.0,16
PEPE,1786589220000,1786589280000,2.6700000000000003e-06,2.68e-06,26.906391972226153,target,3673227573.0,16
PEPE,1786590480000,1786590540000,2.7100000000000003e-06,2.7200000000000002e-06,26.729675225519866,target,3669138672.0,16
PEPE,1786591080000,1786591140000,2.7100000000000003e-06,2.7200000000000002e-06,26.73631314996684,target,3670049849.0,16
PEPE,1786591620000,1786591680000,2.7100000000000003e-06,2.7200000000000002e-06,26.74295272082164,target,3670961252.0,16
PEPE,1786592820000,1786592880000,2.7100000000000003e-06,2.7200000000000002e-06,26.749593938084274,target,3671872881.0,16
PEPE,1786593420000,1786593480000,2.7200000000000002e-06,2.73e-06,26.71040831497517,target,3671533789.0,16
PEPE,1786594620000,1786594740000,2.7100000000000003e-06,2.7200000000000002e-06,26.762869947245335,target,3673695257.0,16
PEPE,1786595820000,1786595880000,2.7100000000000003e-06,2.7200000000000002e-06,26.769516118309138,target,3674607566.0,16
PEPE,1786596420000,1786596480000,2.7100000000000003e-06,2.7200000000000002e-06,26.776163935786226,target,3675520101.0,16
PEPE,1786597020000,1786597080000,2.7100000000000003e-06,2.7200000000000002e-06,26.78281339967115,target,3676432862.0,16
PEPE,1786598220000,1786598280000,2.7100000000000003e-06,2.7200000000000002e-06,26.78946451725092,target,3677345850.0,16
PEPE,1786665720000,1786665780000,2.68e-06,2.69e-06,24.961314801117403,target,3412346521.0,17
PEPE,1786666380000,1786666440000,2.68e-06,2.69e-06,24.96754546940558,target,3413198287.0,17
PEPE,1786667520000,1786667580000,2.68e-06,2.69e-06,24.973777695788595,target,3414050266.0,17
PEPE,1786668120000,1786668180000,2.68e-06,2.69e-06,24.980011480270086,target,3414902458.0,17
PEPE,1786668960000,1786669020000,2.68e-06,2.69e-06,24.986246822846415,target,3415754863.0,17
PEPE,1786670160000,1786670220000,2.68e-06,2.69e-06,24.992483716199192,target,3416607480.0,17
PEPE,1786671120000,1786671180000,2.69e-06,2.7e-06,24.956035961177513,target,3416295135.0,17
PEPE,1786671720000,1786671780000,2.7e-06,2.71e-06,24.919586931903595,target,3415981759.0,17
PEPE,1786672320000,1786672380000,2.7e-06,2.71e-06,24.925785952990495,target,3416831522.0,17
PEPE,1786672920000,1786672980000,2.7e-06,2.71e-06,24.93198651331906,target,3417681496.0,17
PEPE,1786673520000,1786673580000,2.7e-06,2.71e-06,24.93818862019041,target,3418531682.0,17
PEPE,1786674180000,1786674240000,2.7e-06,2.71e-06,24.944392273599085,target,3419382080.0,17
PEPE,1786674720000,1786674780000,2.7e-06,2.71e-06,24.950597458961045,target,3420232688.0,17
PEPE,1786675380000,1786675500000,2.7e-06,2.71e-06,24.95680419815599,target,3421083509.0,17
PEPE,1786676220000,1786676280000,2.7e-06,2.71e-06,24.96301247659442,target,3421934541.0,17
PEPE,1786681020000,1786681080000,2.69e-06,2.7e-06,25.011975028681405,target,3423952776.0,17
PEPE,1786681620000,1786681740000,2.69e-06,2.7e-06,25.018207691205532,target,3424805981.0,17
PEPE,1786682220000,1786682280000,2.68e-06,2.69e-06,25.067245115603416,target,3426827767.0,17
PEPE,1786683720000,1786683840000,2.68e-06,2.69e-06,25.073502227620782,target,3427683148.0,17
PEPE,1786684920000,1786684980000,2.68e-06,2.69e-06,25.07976090504592,target,3428538743.0,17
PEPE,1786686360000,1786686420000,2.6700000000000003e-06,2.68e-06,25.128885651050552,target,3430564594.0,17
PEPE,1786687020000,1786687080000,2.6700000000000003e-06,2.68e-06,25.135168867574855,target,3431422371.0,17
PEPE,1786689420000,1786689480000,2.66e-06,2.67e-06,25.184368879650066,target,3433451790.0,17
PEPE,1786690320000,1786690380000,2.66e-06,2.67e-06,25.190676715590644,target,3434311754.0,17
PEPE,1786752120000,1786752300000,2.66e-06,2.67e-06,25.196986135891272,target,3435171934.0,17
PEPE,1786755180000,1786755240000,2.66e-06,2.67e-06,25.203297133214466,target,3436032329.0,17
PEPE,1786755780000,1786755840000,2.66e-06,2.67e-06,25.209609714899532,target,3436892940.0,17
PEPE,1786756320000,1786756380000,2.65e-06,2.66e-06,25.25892220838973,target,3438927462.0,17
PEPE,1786757820000,1786757880000,2.65e-06,2.66e-06,25.265259511113705,target,3439790267.0,17
PEPE,1786760040000,1786760100000,2.65e-06,2.66e-06,25.271598400360027,target,3440653288.0,17
PEPE,1786761120000,1786761180000,2.66e-06,2.67e-06,25.2349081812452,target,3440341947.0,17
PEPE,1786762380000,1786762440000,2.66e-06,2.67e-06,25.241228677394858,target,3441203637.0,17
PEPE,1786764780000,1786764840000,2.66e-06,2.67e-06,25.24755075790457,target,3442065543.0,17
PEPE,1786766340000,1786766400000,2.66e-06,2.67e-06,25.253874422774334,target,3442927665.0,17
PEPE,1786767120000,1786767180000,2.66e-06,2.67e-06,25.260199672005967,target,3443790003.0,17
PEPE,1786767720000,1786767780000,2.66e-06,2.67e-06,25.266526505595834,target,3444652557.0,17
PEPE,1786768320000,1786768380000,2.66e-06,2.67e-06,25.272854923543935,target,3445515327.0,17
PEPE,1786768920000,1786768980000,2.66e-06,2.67e-06,25.279184925855724,target,3446378313.0,17
PEPE,1786769820000,1786770060000,2.66e-06,2.67e-06,25.285516512525746,target,3447241515.0,17
PEPE,1786770480000,1786770540000,2.66e-06,2.67e-06,25.291849690889666,target,3448104934.0,17
PEPE,1786772820000,1786772940000,2.66e-06,2.67e-06,25.29818444627979,target,3448968568.0,17
PEPE,1786773420000,1786773600000,2.65e-06,2.66e-06,25.347670205457,target,3451010239.0,17
PEPE,1786774020000,1786774080000,2.65e-06,2.66e-06,25.354029770874902,target,3451876075.0,17
PEPE,1786774980000,1786775040000,2.65e-06,2.66e-06,25.360390930159458,target,3452742128.0,17
PEPE,1786776180000,1786776240000,2.65e-06,2.66e-06,25.366753690654974,target,3453608399.0,17
PEPE,1786777080000,1786777140000,2.65e-06,2.66e-06,25.37311804501532,target,3454474887.0,17
PEPE,1786777860000,1786777920000,2.65e-06,2.66e-06,25.379484000584807,target,3455341593.0,17
PEPE,1786778520000,1786778580000,2.64e-06,2.65e-06,25.429095469826297,target,3457388915.0,17
PEPE,1786839480000,1786839540000,2.6200000000000003e-06,2.6300000000000002e-06,25.52208460975173,target,3460621642.0,17
PEPE,1786840320000,1786840380000,2.6200000000000003e-06,2.6300000000000002e-06,25.52852067637541,target,3461494329.0,17
PEPE,1786840980000,1786841160000,2.6200000000000003e-06,2.6300000000000002e-06,25.5349583728758,target,3462367237.0,17
PEPE,1786841520000,1786841580000,2.6200000000000003e-06,2.6300000000000002e-06,25.541397691877215,target,3463240365.0,17
PEPE,1786843020000,1786843080000,2.61e-06,2.62e-06,25.591225922008046,target,3465298026.0,17
PEPE,1786844220000,1786844280000,2.61e-06,2.62e-06,25.59769038914389,target,3466173377.0,17
PEPE,1786844880000,1786844940000,2.61e-06,2.62e-06,25.60415648836556,target,3467048949.0,17
PEPE,1786845480000,1786845540000,2.61e-06,2.62e-06,25.61062422705556,target,3467924743.0,17
PEPE,1786846020000,1786846140000,2.61e-06,2.62e-06,25.617093597829573,target,3468800758.0,17
PEPE,1786847520000,1786847580000,2.61e-06,2.62e-06,25.6235645933051,target,3469676993.0,17
PEPE,1786848180000,1786848240000,2.61e-06,2.62e-06,25.630037235635086,target,3470553451.0,17
PEPE,1786848720000,1786848780000,2.6e-06,2.61e-06,25.680005295856226,target,3472617349.0,17
PEPE,1786849380000,1786849440000,2.61e-06,2.62e-06,25.642998398043694,target,3472308517.0,17
PEPE,1786849920000,1786849980000,2.61e-06,2.62e-06,25.64947594401549,target,3473185639.0,17
PEPE,1786852020000,1786852080000,2.61e-06,2.62e-06,25.655955129457425,target,3474062983.0,17
PEPE,1786853520000,1786853580000,2.61e-06,2.62e-06,25.66243594697973,target,3474940548.0,17
PEPE,1786854180000,1786854240000,2.61e-06,2.62e-06,25.668918403975823,target,3475818335.0,17
PEPE,1786855620000,1786855680000,2.61e-06,2.62e-06,25.67540250044024,target,3476696344.0,17
PEPE,1786856220000,1786856280000,2.61e-06,2.62e-06,25.68188822898867,target,3477574574.0,17
PEPE,1786856820000,1786856880000,2.61e-06,2.62e-06,25.68837560439701,target,3478453027.0,17
PEPE,1786857420000,1786857480000,2.61e-06,2.62e-06,25.694864611885723,target,3479331701.0,17
PEPE,1786859040000,1786859100000,2.6e-06,2.61e-06,25.744959056503642,target,3481400819.0,17
PEPE,1786860780000,1786860960000,2.6e-06,2.61e-06,25.75147339335035,target,3482281730.0,17
PEPE,1786861320000,1786861800000,2.6e-06,2.61e-06,25.757989379279735,target,3483162864.0,17
PEPE,1786925520000,1786925640000,2.56e-06,2.57e-06,25.939353532539627,target,3488816884.0,17
PEPE,1786927320000,1786927380000,2.56e-06,2.57e-06,25.945961596971326,target,3489705662.0,17
PEPE,1786927920000,1786928040000,2.56e-06,2.57e-06,25.95257134914498,target,3490594667.0,17
PEPE,1786928520000,1786928580000,2.57e-06,2.58e-06,25.915392803024403,target,3490288593.0,17
PEPE,1786929180000,1786929240000,2.5800000000000003e-06,2.59e-06,25.878212503656485,target,3489981457.0,17
PEPE,1786930320000,1786930380000,2.59e-06,2.6e-06,25.841030468084202,target,3489673257.0,17
PEPE,1786931700000,1786931820000,2.59e-06,2.6e-06,25.847580197990812,target,3490557758.0,17
PEPE,1786932120000,1786932180000,2.59e-06,2.6e-06,25.854131586615363,target,3491442483.0,17
PEPE,1786933320000,1786933380000,2.59e-06,2.6e-06,25.860684633961498,target,3492327432.0,17
PEPE,1786933980000,1786934040000,2.59e-06,2.6e-06,25.867239340025577,target,3493212605.0,17
PEPE,1786934520000,1786934580000,2.6e-06,2.61e-06,25.830017914244223,target,3492903031.0,17
PEPE,1786935720000,1786935780000,2.61e-06,2.62e-06,25.792794837073586,target,3492592395.0,17
PEPE,1786936320000,1786936380000,2.61e-06,2.62e-06,25.7993102237854,target,3493474641.0,17
PEPE,1786936920000,1786936980000,2.61e-06,2.62e-06,25.80582724996554,target,3494357109.0,17
PEPE,1786937520000,1786937580000,2.61e-06,2.62e-06,25.812345930386265,target,3495239801.0,17
PEPE,1786938600000,1786938660000,2.61e-06,2.62e-06,25.81886625765963,target,3496122716.0,17
PEPE,1786939140000,1786939200000,2.61e-06,2.62e-06,25.825388224404954,target,3497005853.0,17
PEPE,1786939620000,1786939680000,2.61e-06,2.62e-06,25.831911845392682,target,3497889214.0,17
PEPE,1786940280000,1786940340000,2.61e-06,2.62e-06,25.83843711323123,target,3498772798.0,17
PEPE,1786941120000,1786941180000,2.61e-06,2.62e-06,25.844964027924235,target,3499656605.0,17
PEPE,1786943580000,1786943640000,2.6e-06,2.61e-06,25.895351112344915,target,3501737811.0,17
PEPE,1786945020000,1786945080000,2.6e-06,2.61e-06,25.901903496465902,target,3502623867.0,17
PEPE,1786945920000,1786945980000,2.6e-06,2.61e-06,25.908457544460926,target,3503510148.0,17
PEPE,1786947180000,1786947240000,2.6e-06,2.61e-06,25.915013248935217,target,3504396653.0,17
PEPE,1787011320000,1787011380000,2.5800000000000003e-06,2.59e-06,26.009466619887124,target,3507682619.0,17
PEPE,1787011920000,1787011980000,2.5800000000000003e-06,2.59e-06,26.016070196434956,target,3508573189.0,17
PEPE,1787012580000,1787012640000,2.5800000000000003e-06,2.59e-06,26.022675456190097,target,3509463986.0,17
PEPE,1787013240000,1787013300000,2.5800000000000003e-06,2.59e-06,26.02928239173505,target,3510355009.0,17
PEPE,1787014020000,1787014080000,2.5800000000000003e-06,2.59e-06,26.03589100307163,target,3511246258.0,17
PEPE,1787014740000,1787014800000,2.5800000000000003e-06,2.59e-06,26.042501290194377,target,3512137733.0,17
PEPE,1787015220000,1787015280000,2.5800000000000003e-06,2.59e-06,26.049113260524436,target,3513029435.0,17
PEPE,1787016000000,1787016060000,2.5800000000000003e-06,2.59e-06,26.055726906646125,target,3513921363.0,17
PEPE,1787017320000,1787017380000,2.57e-06,2.58e-06,26.106424799402127,target,3516016808.0,17
PEPE,1787022480000,1787022540000,2.55e-06,2.56e-06,26.201342410483587,target,3519320673.0,17
PEPE,1787023620000,1787023680000,2.55e-06,2.56e-06,26.208028489520675,target,3520218736.0,17
PEPE,1787024640000,1787024700000,2.55e-06,2.56e-06,26.214716266015,target,3521117027.0,17
PEPE,1787025120000,1787025180000,2.55e-06,2.56e-06,26.22140575486067,target,3522015548.0,17
PEPE,1787025780000,1787025840000,2.55e-06,2.56e-06,26.22809694860881,target,3522914298.0,17
PEPE,1787026920000,1787026980000,2.55e-06,2.56e-06,26.234789854710115,target,3523813278.0,17
PEPE,1787027640000,1787027700000,2.55e-06,2.56e-06,26.241484465715715,target,3524712487.0,17
PEPE,1787028240000,1787028300000,2.56e-06,2.57e-06,26.203947635941265,target,3524404524.0,17
PEPE,1787028780000,1787028840000,2.56e-06,2.57e-06,26.210623106080583,target,3525302368.0,17
PEPE,1787029320000,1787029380000,2.56e-06,2.57e-06,26.21730027883323,target,3526200441.0,17
PEPE,1787029920000,1787029980000,2.56e-06,2.57e-06,26.223979146771697,target,3527098742.0,17
PEPE,1787030520000,1787030580000,2.56e-06,2.57e-06,26.230659724756457,target,3527997273.0,17
PEPE,1787031120000,1787031180000,2.56e-06,2.57e-06,26.237341997919764,target,3528896032.0,17
PEPE,1787033220000,1787033280000,2.55e-06,2.56e-06,26.288326782705056,target,3531004269.0,17
PEPE,1787033880000,1787033940000,2.55e-06,2.56e-06,26.295035055284323,target,3531905313.0,17
PEPE,1787098500000,1787098680000,2.57e-06,2.58e-06,26.213128553698873,target,3530387684.0,17
PEPE,1787099220000,1787099280000,2.57e-06,2.58e-06,26.219795104799662,target,3531285536.0,17
PEPE,1787100240000,1787100300000,2.5800000000000003e-06,2.59e-06,26.182178075265185,target,3530974791.0,17
PEPE,1787101380000,1787101440000,2.5800000000000003e-06,2.59e-06,26.18882550412399,target,3531871275.0,17
PEPE,1787103720000,1787103780000,2.59e-06,2.6e-06,26.151197186686876,target,3531559377.0,17
PEPE,1787104320000,1787104380000,2.59e-06,2.6e-06,26.157825528071363,target,3532454494.0,17
PEPE,1787106780000,1787106840000,2.5800000000000003e-06,2.59e-06,26.208755437316203,target,3534559061.0,17
PEPE,1787107500000,1787107560000,2.59e-06,2.6e-06,26.17109847962597,target,3534246925.0,17
PEPE,1787107980000,1787108160000,2.5800000000000003e-06,2.59e-06,26.22205423239966,target,3536352560.0,17
PEPE,1787108520000,1787108580000,2.5800000000000003e-06,2.59e-06,26.228711790150513,target,3537250410.0,17
PEPE,1787109720000,1787109780000,2.59e-06,2.6e-06,26.191026156580623,target,3536938036.0,17
PEPE,1787110320000,1787110380000,2.59e-06,2.6e-06,26.197664598386396,target,3537834517.0,17
PEPE,1787110920000,1787110980000,2.59e-06,2.6e-06,26.20430471372057,target,3538731224.0,17
PEPE,1787111520000,1787111580000,2.59e-06,2.6e-06,26.21094651739541,target,3539628159.0,17
PEPE,1787112120000,1787112180000,2.59e-06,2.6e-06,26.217590002007512,target,3540525321.0,17
PEPE,1787112720000,1787112780000,2.59e-06,2.6e-06,26.224235174954824,target,3541422711.0,17
PEPE,1787113380000,1787113440000,2.59e-06,2.6e-06,26.23088202884122,target,3542320328.0,17
PEPE,1787114100000,1787114160000,2.59e-06,2.6e-06,26.237530571064642,target,3543218173.0,17
PEPE,1787114820000,1787114880000,2.59e-06,2.6e-06,26.24418079422533,target,3544116245.0,17
PEPE,1787115720000,1787115780000,2.59e-06,2.6e-06,26.250832705726683,target,3545014545.0,17
PEPE,1787116320000,1787116380000,2.59e-06,2.6e-06,26.25748629816166,target,3545913072.0,17
PEPE,1787117220000,1787117280000,2.59e-06,2.6e-06,26.264141578933668,target,3546811827.0,17
PEPE,1787118780000,1787118900000,2.59e-06,2.6e-06,26.27079854804998,target,3547710810.0,17
PEPE,1787119320000,1787120340000,2.59e-06,2.6e-06,26.277457205505144,target,3548610021.0,17
PEPE,1787184420000,1787184480000,2.88e-06,2.89e-06,25.006660882070896,target,3514639618.0,17
PEPE,1787185020000,1787185080000,2.8900000000000003e-06,2.9e-06,24.969077847456504,target,3514296671.0,17
PEPE,1787185620000,1787185680000,2.8900000000000003e-06,2.9e-06,24.975088478516405,target,3515142643.0,17
PEPE,1787186220000,1787186280000,2.9e-06,2.91e-06,24.93749586833974,target,3514798572.0,17
PEPE,1787186820000,1787186880000,2.91e-06,2.92e-06,24.899902771184735,target,3514453461.0,17
PEPE,1787187420000,1787187480000,2.91e-06,2.92e-06,24.905875837115627,target,3515296519.0,17
PEPE,1787188020000,1787188080000,2.9e-06,2.91e-06,24.95545689631377,target,3517330077.0,17
PEPE,1787192040000,1787192100000,2.91e-06,2.92e-06,24.917836719945047,target,3516984717.0,17
PEPE,1787194020000,1787194080000,2.91e-06,2.92e-06,24.92381408647059,target,3517828382.0,17
PEPE,1787198220000,1787198280000,2.91e-06,2.92e-06,24.92979288416475,target,3518672249.0,17
PEPE,1787198820000,1787198880000,2.91e-06,2.92e-06,24.935773120114504,target,3519516319.0,17
PEPE,1787200620000,1787200680000,2.9400000000000002e-06,2.95e-06,24.81095518553089,target,3516790246.0,17
PEPE,1787201220000,1787201280000,2.95e-06,2.96e-06,24.773324379249686,target,3516440650.0,17
PEPE,1787202060000,1787202120000,2.9400000000000002e-06,2.95e-06,24.822787231855127,target,3518467361.0,17
PEPE,1787202420000,1787202840000,2.9400000000000002e-06,2.9e-06,-156.15164959334936,stop,3519306955.0,17
PEPE,1787206920000,1787206980000,2.8900000000000003e-06,2.9e-06,25.009424364399184,target,3519975280.0,17
PEPE,1787207640000,1787207700000,2.91e-06,2.92e-06,24.928144991100968,target,3518439660.0,17
PEPE,1787208780000,1787208840000,2.92e-06,2.93e-06,24.890508802776175,target,3518093117.0,17
PEPE,1787210820000,1787210880000,2.9400000000000002e-06,2.95e-06,24.809304731773896,target,3516556305.0,17
PEPE,1787211420000,1787211540000,2.9400000000000002e-06,2.95e-06,24.815224850365414,target,3517395443.0,17
PEPE,1787212620000,1787212680000,2.96e-06,2.97e-06,24.72169734111097,target,3514100546.0,17
PEPE,1787214420000,1787214480000,3.08e-06,3.09e-06,23.35880216384965,target,3377990190.0,17
PEPE,1787215020000,1787215080000,3.12e-06,3.13e-06,22.9310902081246,target,3335431303.0,17
PEPE,1787215620000,1787215680000,3.1500000000000003e-06,3.1600000000000002e-06,22.618571878390846,target,3304393262.0,17
PEPE,1787271480000,1787271540000,3.21e-06,3.22e-06,22.00601800105123,target,3243333530.0,17
PEPE,1787274720000,1787274780000,3.2000000000000003e-06,3.21e-06,22.111994341619454,target,3254156636.0,17
PEPE,1787276520000,1787276580000,3.22e-06,3.23e-06,21.914626312250412,target,3234631190.0,17
PEPE,1787277120000,1787277180000,3.2400000000000003e-06,3.2500000000000002e-06,21.719626489296036,target,3215340709.0,17
PEPE,1787277720000,1787277780000,3.23e-06,3.24e-06,21.823671882870595,target,3225967758.0,17
PEPE,1787278320000,1787278380000,3.22e-06,3.23e-06,21.928398904876282,target,3236664045.0,17
PEPE,1787280120000,1787280180000,3.23e-06,3.24e-06,21.832835433914134,target,3227322311.0,17
PEPE,1787280840000,1787280900000,3.23e-06,3.24e-06,21.83740816801458,target,3227998251.0,17
PEPE,1787281620000,1787281680000,3.22e-06,3.23e-06,21.942201104250472,target,3238701270.0,17
PEPE,1787282220000,1787282280000,3.22e-06,3.23e-06,21.946817826375995,target,3239382705.0,17
PEPE,1787283120000,1787283180000,3.22e-06,3.23e-06,21.951435517323866,target,3240064283.0,17
PEPE,1787284680000,1787284740000,3.2400000000000003e-06,3.2500000000000002e-06,21.756108156999765,target,3220741400.0,17
PEPE,1787285220000,1787285460000,3.23e-06,3.24e-06,21.860328312735614,target,3231386299.0,17
PEPE,1787285820000,1787285880000,3.22e-06,3.23e-06,21.96523124657467,target,3242100553.0,17
PEPE,1787287020000,1787287080000,3.2500000000000002e-06,3.26e-06,21.670668690380648,target,3212849324.0,17
PEPE,1787288220000,1787288280000,3.3e-06,3.31e-06,21.188513250125542,target,3164826475.0,17
PEPE,1787289420000,1787289480000,3.31e-06,3.32e-06,21.097226282055274,target,3155905203.0,17
PEPE,1787290020000,1787290080000,3.31e-06,3.32e-06,21.10148715398538,target,3156542581.0,17
PEPE,1787290620000,1787290680000,3.34e-06,3.35e-06,20.822311627865183,target,3128822183.0,17
PEPE,1787291220000,1787291280000,3.36e-06,3.37e-06,20.640277118154735,target,3110817953.0,17
PEPE,1787292420000,1787292480000,3.3800000000000002e-06,3.39e-06,20.46033659407451,target,3093021405.0,17
PEPE,1787293020000,1787293080000,3.41e-06,3.42e-06,20.192310396555825,target,3066410083.0,17
PEPE,1787293620000,1787293680000,3.4200000000000003e-06,3.43e-06,20.106576114248995,target,3058034390.0,17
PEPE,1787294220000,1787294280000,3.44e-06,3.45e-06,19.9327036697694,target,3040839614.0,17
PEPE,1787360820000,1787361180000,4.1100000000000005e-06,4.070000000000001e-06,-117.41653555537218,stop,2545615947.0,17
PEPE,1787362020000,1787362080000,4.1000000000000006e-06,4.1100000000000005e-06,15.02612479435491,target,2548960949.0,17
PEPE,1787362620000,1787362680000,4.12e-06,4.13e-06,14.904593375999552,target,2536952064.0,17
PEPE,1787363220000,1787363280000,4.13e-06,4.14e-06,14.845313275784667,target,2531170209.0,17
PEPE,1787363820000,1787363880000,4.14e-06,4.15e-06,14.78630396431467,target,2525414853.0,17
PEPE,1787364420000,1787364540000,4.23e-06,4.1900000000000005e-06,-114.46745009489837,stop,2472032180.0,17
PEPE,1787365020000,1787365080000,4.23e-06,4.24e-06,14.235664931909369,target,2469326094.0,17
PEPE,1787365620000,1787365680000,4.2800000000000005e-06,4.2900000000000004e-06,13.949237356740959,target,2440811436.0,17
PEPE,1787369520000,1787369580000,4.31e-06,4.32e-06,13.781268173745108,target,2424145677.0,17
PEPE,1787370120000,1787370120000,4.2900000000000004e-06,4.250000000000001e-06,-113.0074701393129,entry_bar_stop,2435768297.0,17
PEPE,1787370420000,1787370540000,4.27e-06,4.28e-06,13.994937129676195,target,2444530503.0,17
PEPE,1787372220000,1787372400000,4.360000000000001e-06,4.320000000000001e-06,-111.33918131399902,stop,2394390996.0,17
PEPE,1787372820000,1787372880000,4.450000000000001e-06,4.4600000000000005e-06,12.994502922769142,target,2343463106.0,17
PEPE,1787373420000,1787373480000,4.450000000000001e-06,4.4600000000000005e-06,12.996122129309118,target,2343755118.0,17
PEPE,1787374020000,1787374080000,4.51e-06,4.52e-06,12.686050823470225,target,2312862502.0,17
PEPE,1787380920000,1787380980000,4.1000000000000006e-06,4.060000000000001e-06,-117.32496617258813,stop,2544458169.0,17
PEPE,1787381520000,1787381580000,4.1100000000000005e-06,4.12e-06,14.920903451136915,target,2535412651.0,17
PEPE,1787382120000,1787382180000,4.13e-06,4.14e-06,14.80030347695968,target,2523495904.0,17
PEPE,1787382720000,1787382780000,4.13e-06,4.14e-06,14.802405264225152,target,2523854265.0,17
PEPE,1787383920000,1787383980000,4.24e-06,4.25e-06,14.149968285386228,target,2458726027.0,17
PEPE,1787384520000,1787384520000,4.2000000000000004e-06,4.160000000000001e-06,-114.83949565619785,entry_bar_stop,2482479370.0,17
PEPE,1787384820000,1787384880000,4.18e-06,4.14e-06,-115.18712590814843,stop,2491609905.0,17
PEPE,1787391720000,1787391960000,4.1000000000000006e-06,4.060000000000001e-06,-117.00030902861866,stop,2537417242.0,17
PEPE,1787396820000,1787396880000,4e-06,4.01e-06,15.5745763516762,target,2597927665.0,17
PEPE,1787443320000,1787443380000,4.07e-06,4.08e-06,15.130249040249954,target,2553628530.0,17
PEPE,1787443980000,1787444040000,4.05e-06,4.06e-06,15.258512073458856,target,2566612628.0,17
PEPE,1787446020000,1787446080000,4.12e-06,4.13e-06,14.824830968500503,target,2523375484.0,17
PEPE,1787446860000,1787446920000,4.13e-06,4.14e-06,14.765868108915658,target,2517624571.0,17
PEPE,1787447220000,1787447400000,4.13e-06,4.14e-06,14.767965004771215,target,2517982098.0,17
PEPE,1787447820000,1787447880000,4.1100000000000005e-06,4.12e-06,14.892547867450107,target,2530594370.0,17
PEPE,1787448420000,1787448480000,4.13e-06,4.14e-06,14.772177083549929,target,2518700270.0,17
PEPE,1787449800000,1787449860000,4.1000000000000006e-06,4.1100000000000005e-06,14.958504027495277,target,2537490081.0,17
PEPE,1787452620000,1787452680000,4.09e-06,4.1e-06,15.022673987033844,target,2544059947.0,17
PEPE,1787453220000,1787453280000,4.09e-06,4.1e-06,15.024842905345439,target,2544427249.0,17
PEPE,1787453940000,1787454000000,4.07e-06,4.08e-06,15.152000947649485,target,2557299738.0,17
PEPE,1787459040000,1787459100000,4.0100000000000006e-06,4.0200000000000005e-06,15.536709458551316,target,2595941430.0,17
PEPE,1787459520000,1787459700000,4.03e-06,3.990000000000001e-06,-118.8513353313591,stop,2583443872.0,17
PEPE,1787460120000,1787460180000,4e-06,4.01e-06,15.586091265909928,target,2599848418.0,17
PEPE,1787461620000,1787461680000,4e-06,4.01e-06,15.588427229650144,target,2600238070.0,17
PEPE,1787469300000,1787469360000,3.89e-06,3.9e-06,16.32579187932092,target,2674167384.0,17
PEPE,1787470020000,1787470080000,3.920000000000001e-06,3.9300000000000005e-06,16.123768623898215,target,2654118292.0,17
PEPE,1787470920000,1787470980000,3.88e-06,3.89e-06,16.399793410155038,target,2681895897.0,17
PEPE,1787473740000,1787473800000,3.920000000000001e-06,3.9300000000000005e-06,16.128808942051787,target,2654947974.0,17
PEPE,1787474220000,1787474280000,3.94e-06,3.95e-06,15.996586076310626,target,2641880442.0,17
PEPE,1787474880000,1787474940000,3.96e-06,3.97e-06,15.865662344775913,target,2628941565.0,17
PEPE,1787476140000,1787476200000,3.98e-06,3.99e-06,15.73601856957093,target,2616129438.0,17
PEPE,1787476620000,1787476740000,3.98e-06,3.99e-06,15.738396768240497,target,2616524816.0,17
PEPE,1787477220000,1787477280000,3.98e-06,3.99e-06,15.740775321795205,target,2616920253.0,17
PEPE,1787533620000,1787533680000,4.05e-06,4.06e-06,15.291004863330734,target,2572078194.0,17
PEPE,1787537820000,1787537880000,4.0100000000000006e-06,4.0200000000000005e-06,15.549725193658976,target,2598116156.0,17
PEPE,1787539020000,1787539260000,4.06e-06,4.07e-06,15.23219322181502,target,2566502649.0,17
PEPE,1787539620000,1787539680000,4.03e-06,4.04e-06,15.425407074569698,target,2585986098.0,17
PEPE,1787540280000,1787540340000,4.0200000000000005e-06,4.03e-06,15.491995630600048,target,2592802616.0,17
PEPE,1787544480000,1787544540000,4e-06,4.01e-06,15.623892804355624,target,2606153929.0,17
PEPE,1787545020000,1787545080000,4.0100000000000006e-06,4.0200000000000005e-06,15.561265823774892,target,2600044415.0,17
PEPE,1787545680000,1787545740000,4.03e-06,4.04e-06,15.434599181326906,target,2587527105.0,17
PEPE,1787546220000,1787546280000,4.03e-06,4.04e-06,15.436883728605435,target,2587910097.0,17
PEPE,1787546820000,1787546880000,4.03e-06,4.04e-06,15.43916862185582,target,2588293147.0,17
PEPE,1787548620000,1787548680000,4.03e-06,4.04e-06,15.441453843181522,target,2588676252.0,17
PEPE,1787550300000,1787550360000,4.0100000000000006e-06,4.0200000000000005e-06,15.572804993550712,target,2601972430.0,17
PEPE,1787550840000,1787550900000,4e-06,4.01e-06,15.640155752595309,target,2608866681.0,17
PEPE,1787551320000,1787551980000,4.0100000000000006e-06,4.0200000000000005e-06,15.577463585880873,target,2602750808.0,17
PEPE,1787552580000,1787552640000,4e-06,4.01e-06,15.64483449039533,target,2609647121.0,17
PEPE,1787553120000,1787553180000,4e-06,4.01e-06,15.647179260789873,target,2610038242.0,17
PEPE,1787554320000,1787554380000,4.0100000000000006e-06,4.0200000000000005e-06,15.584458943655036,target,2603919623.0,17
PEPE,1787554920000,1787554980000,4.0200000000000005e-06,4.03e-06,15.522033556900737,target,2597829884.0,17
PEPE,1787556960000,1787557020000,4.0200000000000005e-06,4.03e-06,15.524340623900475,target,2598216004.0,17
PEPE,1787557320000,1787557380000,4.0200000000000005e-06,4.03e-06,15.526648037451285,target,2598602182.0,17
PEPE,1787557980000,1787558040000,4.0100000000000006e-06,4.0200000000000005e-06,15.593736058740795,target,2605469684.0,17
PEPE,1787558520000,1787558640000,4.0100000000000006e-06,4.0200000000000005e-06,15.596063457660001,target,2605858556.0,17
PEPE,1787559120000,1787559240000,4.0100000000000006e-06,4.0200000000000005e-06,15.598391197727315,target,2606247485.0,17
PEPE,1787560920000,1787561160000,4.0200000000000005e-06,4.03e-06,15.535910004452086,target,2600152302.0,17
PEPE,1787617320000,1787617380000,4.0100000000000006e-06,4.0200000000000005e-06,15.60303804748574,target,2607023901.0,17
PEPE,1787617980000,1787618040000,4.0200000000000005e-06,4.03e-06,15.540538245424358,target,2600926903.0,17
PEPE,1787618520000,1787618580000,4.04e-06,4.05e-06,15.414134557770968,target,2588435694.0,17
PEPE,1787619120000,1787619180000,4.1000000000000006e-06,4.1100000000000005e-06,15.037744735395833,target,2550932101.0,17
PEPE,1787619720000,1787619780000,4.13e-06,4.14e-06,14.854675158871014,target,2532766438.0,17
PEPE,1787620320000,1787620380000,4.09e-06,4.1e-06,15.104399293326527,target,2557899965.0,17
PEPE,1787622120000,1787622180000,4.1000000000000006e-06,4.1100000000000005e-06,15.044214403574632,target,2552029585.0,17
PEPE,1787622780000,1787622840000,4.08e-06,4.09e-06,15.171432387476322,target,2564908265.0,17
PEPE,1787623980000,1787624040000,4.09e-06,4.1e-06,15.110942446675939,target,2559008035.0,17
PEPE,1787624520000,1787624580000,4.17e-06,4.18e-06,14.62236194059955,target,2510276728.0,17
PEPE,1787625240000,1787625300000,4.17e-06,4.18e-06,14.624404511800137,target,2510627384.0,17
PEPE,1787625720000,1787625780000,4.21e-06,4.22e-06,14.387993914774645,target,2487120815.0,17
PEPE,1787626320000,1787626380000,4.16e-06,4.17e-06,14.688795366600178,target,2517359960.0,17
PEPE,1787626920000,1787627040000,4.1900000000000005e-06,4.2000000000000004e-06,14.510679964155951,target,2499686471.0,17
PEPE,1787627520000,1787627580000,4.25e-06,4.26e-06,14.159920999215434,target,2464738207.0,17
PEPE,1787628120000,1787628180000,4.23e-06,4.24e-06,14.278328652988968,target,2476726566.0,17
PEPE,1787629320000,1787629380000,4.2800000000000005e-06,4.2900000000000004e-06,13.99104266175009,target,2448126450.0,17
PEPE,1787635200000,1787635260000,4.23e-06,4.24e-06,14.282181437079739,target,2477394872.0,17
PEPE,1787635620000,1787635680000,4.24e-06,4.25e-06,14.225720067020395,target,2471888804.0,17
PEPE,1787636220000,1787636280000,4.22e-06,4.23e-06,14.344759384725364,target,2483941019.0,17
PEPE,1787636880000,1787636940000,4.22e-06,4.23e-06,14.34672244005226,target,2484280942.0,17
PEPE,1787637420000,1787637480000,4.23e-06,4.24e-06,14.28997704879605,target,2478747103.0,17
PEPE,1787649420000,1787649480000,4.08e-06,4.09e-06,15.202897176740029,target,2570227756.0,17
PEPE,1787650020000,1787650140000,4.08e-06,4.09e-06,15.20510122404102,target,2570600376.0,17
PEPE,1787704380000,1787704440000,3.82e-06,3.83e-06,16.956307600373346,target,2745960745.0,17
PEPE,1787705220000,1787705280000,3.81e-06,3.82e-06,17.031096640030306,target,2753613038.0,17
PEPE,1787705880000,1787705940000,3.830000000000001e-06,3.8400000000000005e-06,16.890118162109502,target,2739678534.0,17
PEPE,1787706540000,1787706600000,3.8400000000000005e-06,3.85e-06,16.821515295156075,target,2732983801.0,17
PEPE,1787707680000,1787707740000,3.82e-06,3.83e-06,16.96725109592574,target,2747732971.0,17
PEPE,1787708280000,1787708340000,3.8400000000000005e-06,3.85e-06,16.826931178135858,target,2733863717.0,17
PEPE,1787708820000,1787708880000,3.85e-06,3.86e-06,16.75864299222095,target,2727199836.0,17
PEPE,1787709420000,1787709540000,3.85e-06,3.86e-06,16.761317843126193,target,2727635125.0,17
PEPE,1787710020000,1787710680000,3.85e-06,3.86e-06,16.763993124181333,target,2728070484.0,17
PEPE,1787711460000,1787711520000,3.86e-06,3.87e-06,16.696017491939987,target,2721437244.0,17
PEPE,1787711880000,1787711940000,3.87e-06,3.88e-06,16.628373734000895,target,2714836528.0,17
PEPE,1787712420000,1787712480000,3.87e-06,3.88e-06,16.631005487250192,target,2715266202.0,17
PEPE,1787713020000,1787713080000,3.87e-06,3.88e-06,16.633637657001003,target,2715695944.0,17
PEPE,1787713620000,1787713680000,3.86e-06,3.87e-06,16.706601011114525,target,2723162349.0,17
PEPE,1787714820000,1787714880000,3.86e-06,3.87e-06,16.709256318870054,target,2723595162.0,17
PEPE,1787715420000,1787715480000,3.85e-06,3.86e-06,16.782630651089896,target,2731103442.0,17
PEPE,1787716020000,1787716080000,3.85e-06,3.86e-06,16.78530933647449,target,2731539355.0,17
PEPE,1787716620000,1787716680000,3.85e-06,3.86e-06,16.787988445866763,target,2731975337.0,17
PEPE,1787717820000,1787717880000,3.8400000000000005e-06,3.85e-06,16.861788949665623,target,2739527043.0,17
PEPE,1787718480000,1787718540000,3.8400000000000005e-06,3.85e-06,16.86449166556086,target,2739966152.0,17
PEPE,1787719020000,1787719080000,3.8400000000000005e-06,3.85e-06,16.867194812305232,target,2740405331.0,17
PEPE,1787719620000,1787719680000,3.8400000000000005e-06,3.85e-06,16.869898396056875,target,2740844581.0,17
PEPE,1787720220000,1787720340000,3.830000000000001e-06,3.8400000000000005e-06,16.94414062066398,target,2748441301.0,17
PEPE,1787722020000,1787722140000,3.830000000000001e-06,3.8400000000000005e-06,16.946868053655,target,2748883707.0,17
PEPE,1787788920000,1787788980000,3.8400000000000005e-06,3.85e-06,16.878034684400916,target,2742166480.0,17
PEPE,1787789520000,1787789580000,3.830000000000001e-06,3.8400000000000005e-06,16.952312710394622,target,2749766863.0,17
PEPE,1787790300000,1787790360000,3.830000000000001e-06,3.8400000000000005e-06,16.955041456531106,target,2750209482.0,17
PEPE,1787790720000,1787790780000,3.830000000000001e-06,3.8400000000000005e-06,16.957770646545875,target,2750652173.0,17
PEPE,1787791320000,1787791380000,3.82e-06,3.83e-06,17.032482455949854,target,2758296754.0,17
PEPE,1787791920000,1787791980000,3.82e-06,3.83e-06,17.035235740250467,target,2758742630.0,17
PEPE,1787792820000,1787792880000,3.82e-06,3.83e-06,17.037989475324935,target,2759188579.0,17
PEPE,1787793420000,1787793480000,3.81e-06,3.82e-06,17.113138790974812,target,2766877735.0,17
PEPE,1787794620000,1787794680000,3.830000000000001e-06,3.8400000000000005e-06,16.971481187325388,target,2752876105.0,17
PEPE,1787795220000,1787795280000,3.82e-06,3.83e-06,17.046253403726773,target,2760526867.0,17
PEPE,1787795940000,1787796000000,3.830000000000001e-06,3.8400000000000005e-06,16.97695689100528,target,2753764297.0,17
PEPE,1787796420000,1787796480000,3.8400000000000005e-06,3.85e-06,16.908001311321957,target,2747035144.0,17
PEPE,1787797020000,1787797080000,3.830000000000001e-06,3.8400000000000005e-06,16.982411220631132,target,2754649022.0,17
PEPE,1787802180000,1787802300000,3.8e-06,3.81e-06,17.202543351419816,target,2776843156.0,17
PEPE,1787802720000,1787803260000,3.8e-06,3.81e-06,17.20534782172352,target,2777295855.0,17
PEPE,1787803980000,1787804040000,3.8e-06,3.81e-06,17.20815274426595,target,2777748627.0,17
PEPE,1787804520000,1787804580000,3.8e-06,3.81e-06,17.210958125234328,target,2778201473.0,17
PEPE,1787808420000,1787808480000,3.7800000000000002e-06,3.79e-06,17.360709205621443,target,2793356268.0,17
PEPE,1787809320000,1787809380000,3.7800000000000002e-06,3.79e-06,17.363563618388987,target,2793815546.0,17
PEPE,1787810160000,1787810220000,3.7800000000000002e-06,3.79e-06,17.366418503500924,target,2794274900.0,17
PEPE,1787811120000,1787811180000,3.7700000000000003e-06,3.7800000000000002e-06,17.443367670826262,target,2802147417.0,17
PEPE,1787811780000,1787811900000,3.7700000000000003e-06,3.7800000000000002e-06,17.446247909850115,target,2802610106.0,17
PEPE,1787812320000,1787812380000,3.7800000000000002e-06,3.79e-06,17.37501033702442,target,2795657335.0,17
PEPE,1787813580000,1787813640000,3.79e-06,3.8e-06,17.304127815669016,target,2788739374.0,17
PEPE,1787875320000,1787875380000,3.89e-06,3.9e-06,15.694087401137146,target,2570694087.0,18
PEPE,1787876520000,1787876580000,3.88e-06,3.89e-06,15.762782712511964,target,2577724074.0,18
PEPE,1787877420000,1787877480000,3.88e-06,3.89e-06,15.765266974065902,target,2578130331.0,18
PEPE,1787878020000,1787878080000,3.87e-06,3.88e-06,15.834347170251569,target,2585199538.0,18
PEPE,1787878620000,1787878680000,3.88e-06,3.89e-06,15.770247170709865,target,2578944754.0,18
PEPE,1787879280000,1787879340000,3.89e-06,3.9e-06,15.706458536505401,target,2572720481.0,18
PEPE,1787880420000,1787880480000,3.9300000000000005e-06,3.94e-06,15.447158870590531,target,2546934686.0,18
PEPE,1787881020000,1787881080000,3.95e-06,3.910000000000001e-06,-116.29231513556975,stop,2534429882.0,18
PEPE,1787881620000,1787881680000,3.91e-06,3.92e-06,15.561677532624717,target,2557383325.0,18
PEPE,1787887320000,1787887380000,3.830000000000001e-06,3.8400000000000005e-06,16.098094632060434,target,2611207564.0,18
PEPE,1787889840000,1787889900000,3.81e-06,3.82e-06,16.23771065621942,target,2625337212.0,18
PEPE,1787890320000,1787890380000,3.8e-06,3.81e-06,16.309411112086764,target,2632673303.0,18
PEPE,1787891040000,1787891100000,3.82e-06,3.83e-06,16.174280134675968,target,2619316621.0,18
PEPE,1787891580000,1787891640000,3.81e-06,3.82e-06,16.24561989196539,target,2626615989.0,18
PEPE,1787893320000,1787893380000,3.82e-06,3.83e-06,16.179520783075603,target,2620165309.0,18
PEPE,1787893920000,1787893980000,3.8e-06,3.81e-06,16.319992958849873,target,2634381430.0,18
PEPE,1787894520000,1787894580000,3.81e-06,3.82e-06,16.25353298096493,target,2627895389.0,18
PEPE,1787895120000,1787895180000,3.81e-06,3.82e-06,16.256171514334195,target,2628321991.0,18
PEPE,1787895720000,1787895780000,3.82e-06,3.83e-06,16.190029472174416,target,2621867121.0,18
PEPE,1787896320000,1787896380000,3.81e-06,3.82e-06,16.261438697444916,target,2629173597.0,18
PEPE,1787898720000,1787898780000,3.81e-06,3.82e-06,16.26407851729581,target,2629600407.0,18
PEPE,1787899920000,1787899980000,3.82e-06,3.83e-06,16.197904301474242,target,2623142397.0,18
PEPE,1787900640000,1787900700000,3.81e-06,3.82e-06,16.26934826099443,target,2630452427.0,18
PEPE,1787903820000,1787903880000,3.79e-06,3.8e-06,16.410752634164645,target,2644762713.0,18
PEPE,1787962380000,1787962440000,3.6900000000000002e-06,3.7e-06,17.12993618667619,target,2716881235.0,18
PEPE,1787962920000,1787962980000,3.6900000000000002e-06,3.7e-06,17.13286313160613,target,2717345461.0,18
PEPE,1787964180000,1787964240000,3.6900000000000002e-06,3.7e-06,17.135790574630562,target,2717809766.0,18
PEPE,1787965560000,1787965620000,3.67e-06,3.68e-06,17.286779285049473,target,2733087634.0,18
PEPE,1787966520000,1787966640000,3.67e-06,3.68e-06,17.289758543476147,target,2733558663.0,18
PEPE,1787967120000,1787967240000,3.6800000000000003e-06,3.6900000000000002e-06,17.218481178676466,target,2726600345.0,18
PEPE,1787967780000,1787967840000,3.67e-06,3.68e-06,17.295705808149467,target,2734498942.0,18
PEPE,1787968440000,1787968500000,3.67e-06,3.68e-06,17.298686609874657,target,2734970215.0,18
PEPE,1787968980000,1787969040000,3.67e-06,3.68e-06,17.301667923925567,target,2735441569.0,18
PEPE,1787970120000,1787970180000,3.66e-06,3.67e-06,17.379364094960874,target,2743388176.0,18
PEPE,1787970720000,1787970780000,3.66e-06,3.67e-06,17.382372244370455,target,2743863022.0,18
PEPE,1787971380000,1787971440000,3.66e-06,3.67e-06,17.385380913251836,target,2744337950.0,18
PEPE,1787973780000,1787973840000,3.67e-06,3.68e-06,17.313636955451486,target,2737333906.0,18
PEPE,1787974980000,1787975040000,3.66e-06,3.62e-06,-124.77324919994997,stop,2745286011.0,18
PEPE,1787977920000,1787977980000,3.6400000000000003e-06,3.65e-06,17.520367452220356,target,2756942164.0,18
PEPE,1787978940000,1787979000000,3.6400000000000003e-06,3.65e-06,17.523426291660872,target,2757423492.0,18
PEPE,1787979420000,1787979480000,3.65e-06,3.66e-06,17.450964411345076,target,2750349001.0,18
PEPE,1787980020000,1787980080000,3.65e-06,3.66e-06,17.453998012950457,target,2750827110.0,18
PEPE,1787981220000,1787981280000,3.65e-06,3.66e-06,17.457032141190997,target,2751305302.0,18
PEPE,1787981880000,1787981940000,3.65e-06,3.66e-06,17.46006678972079,target,2751783576.0,18
PEPE,1787982420000,1787982480000,3.66e-06,3.67e-06,17.387941159154693,target,2744742093.0,18
PEPE,1787983620000,1787983680000,3.6400000000000003e-06,3.65e-06,17.54171148232097,target,2760300784.0,18
PEPE,1787986680000,1787986740000,3.62e-06,3.63e-06,17.69722722412697,target,2776035643.0,18
PEPE,1787987220000,1787987280000,3.63e-06,3.64e-06,17.623893754121653,target,2768875688.0,18
PEPE,1788048120000,1788048180000,3.65e-06,3.66e-06,17.475314059486884,target,2754186613.0,18
PEPE,1788049920000,1788049980000,3.65e-06,3.66e-06,17.478351893205748,target,2754665389.0,18
PEPE,1788051120000,1788051420000,3.65e-06,3.66e-06,17.481390253559766,target,2755144248.0,18
PEPE,1788051720000,1788051840000,3.65e-06,3.66e-06,17.48442914055076,target,2755623190.0,18
PEPE,1788052320000,1788052440000,3.6400000000000003e-06,3.65e-06,17.56314779337455,target,2763673925.0,18
PEPE,1788053220000,1788053340000,3.63e-06,3.64e-06,17.64232359252386,target,2771771185.0,18
PEPE,1788054120000,1788054240000,3.6400000000000003e-06,3.65e-06,17.569294241339033,target,2764641108.0,18
PEPE,1788055140000,1788055200000,3.63e-06,3.64e-06,17.648497750730826,target,2772741202.0,18
PEPE,1788055620000,1788055680000,3.63e-06,3.64e-06,17.651592318254973,target,2773227387.0,18
PEPE,1788056220000,1788056280000,3.63e-06,3.64e-06,17.654687420442368,target,2773713656.0,18
PEPE,1788056820000,1788056880000,3.63e-06,3.64e-06,17.657783070015725,target,2774200011.0,18
PEPE,1788058020000,1788058080000,3.63e-06,3.64e-06,17.6608792669805,target,2774686452.0,18
PEPE,1788058740000,1788059940000,3.6400000000000003e-06,3.65e-06,17.58777310698067,target,2767548876.0,18
PEPE,1788060420000,1788060480000,3.63e-06,3.64e-06,17.66705991748454,target,2775657489.0,18
PEPE,1788061020000,1788061080000,3.6400000000000003e-06,3.65e-06,17.59392817232493,target,2768517415.0,18
PEPE,1788061620000,1788061680000,3.6400000000000003e-06,3.65e-06,17.596999861575192,target,2769000765.0,18
PEPE,1788062220000,1788062280000,3.63e-06,3.64e-06,17.67632826768093,target,2777113632.0,18
PEPE,1788062820000,1788063420000,3.6400000000000003e-06,3.65e-06,17.603158155259596,target,2769969812.0,18
PEPE,1788063720000,1788063780000,3.63e-06,3.64e-06,17.682514322069657,target,2778085518.0,18
PEPE,1788064920000,1788064980000,3.63e-06,3.64e-06,17.6856148535999,target,2778572640.0,18
PEPE,1788066960000,1788067020000,3.6400000000000003e-06,3.65e-06,17.61240630078554,target,2771425067.0,18
PEPE,1788069180000,1788069240000,3.6400000000000003e-06,3.65e-06,17.61548121837595,target,2771908925.0,18
PEPE,1788070380000,1788070440000,3.63e-06,3.64e-06,17.69489293588145,target,2780030312.0,18
PEPE,1788072120000,1788072180000,3.65e-06,3.66e-06,17.54571467704451,target,2765282061.0,18
PEPE,1788137220000,1788137280000,3.44e-06,3.45e-06,19.236322232368973,target,2934602934.0,18
PEPE,1788137820000,1788137880000,3.44e-06,3.45e-06,19.239987762150516,target,2935162130.0,18
PEPE,1788138420000,1788138480000,3.41e-06,3.42e-06,19.501799460404534,target,2961548893.0,18
PEPE,1788139620000,1788139680000,3.43e-06,3.44e-06,19.332933369881115,target,2944848952.0,18
PEPE,1788140820000,1788141900000,3.43e-06,3.44e-06,19.33663367961254,target,2945412594.0,18
PEPE,1788142920000,1788143100000,3.45e-06,3.46e-06,19.169638856443864,target,2928898221.0,18
PEPE,1788144240000,1788144300000,3.43e-06,3.44e-06,19.344003758690477,target,2946535226.0,18
PEPE,1788146520000,1788146580000,3.43e-06,3.44e-06,19.34770618891519,target,2947099191.0,18
PEPE,1788147180000,1788147240000,3.44e-06,3.45e-06,19.265764290181288,target,2939094476.0,18
PEPE,1788147780000,1788147840000,3.44e-06,3.45e-06,19.269435424485824,target,2939654527.0,18
PEPE,1788148320000,1788148380000,3.45e-06,3.46e-06,19.187926260579946,target,2931692324.0,18
PEPE,1788148920000,1788148980000,3.43e-06,3.44e-06,19.362457501009963,target,2949346154.0,18
PEPE,1788150720000,1788150780000,3.4200000000000003e-06,3.43e-06,19.45237503502494,target,2958536127.0,18
PEPE,1788152220000,1788152280000,3.43e-06,3.44e-06,19.369886638830923,target,2950477782.0,18
PEPE,1788152820000,1788152880000,3.43e-06,3.44e-06,19.373594025629735,target,2951042502.0,18
PEPE,1788154080000,1788154140000,3.4600000000000003e-06,3.4700000000000002e-06,19.12151037106743,target,2926015359.0,18
PEPE,1788154620000,1788154680000,3.4600000000000003e-06,3.4700000000000002e-06,19.125121899604036,target,2926568003.0,18
PEPE,1788156420000,1788156780000,3.4700000000000002e-06,3.48e-06,19.044421230149265,target,2918685246.0,18
PEPE,1788157920000,1788157980000,3.4700000000000002e-06,3.48e-06,19.048002352425467,target,2919234077.0,18
PEPE,1788158520000,1788158580000,3.48e-06,3.49e-06,18.967724280935776,target,2911392829.0,18
PEPE,1788159120000,1788159180000,3.48e-06,3.49e-06,18.971275281684868,target,2911937879.0,18
PEPE,1788160440000,1788160500000,3.48e-06,3.49e-06,18.974826946965976,target,2912483031.0,18
PEPE,1788161520000,1788161580000,3.5000000000000004e-06,3.5100000000000003e-06,18.81200373995922,target,2896382408.0,18
PEPE,1788162120000,1788162180000,3.5000000000000004e-06,3.5100000000000003e-06,18.81549471153077,target,2896919894.0,18
PEPE,1788220920000,1788220980000,3.5500000000000003e-06,3.5600000000000002e-06,18.411097771455772,target,2856648219.0,18
PEPE,1788221520000,1788221640000,3.5600000000000002e-06,3.57e-06,18.334222927019646,target,2849141092.0,18
PEPE,1788222720000,1788223020000,3.5600000000000002e-06,3.57e-06,18.337536997063882,target,2849656099.0,18
PEPE,1788223920000,1788223980000,3.5600000000000002e-06,3.57e-06,18.34085165913094,target,2850171198.0,18
PEPE,1788224580000,1788224700000,3.5600000000000002e-06,3.57e-06,18.34416691964992,target,2850686390.0,18
PEPE,1788225300000,1788225360000,3.54e-06,3.55e-06,18.508487082801672,target,2867310160.0,18
PEPE,1788225720000,1788225780000,3.5500000000000003e-06,3.5600000000000002e-06,18.43111837121983,target,2859754596.0,18
PEPE,1788226620000,1788226680000,3.5500000000000003e-06,3.5600000000000002e-06,18.434464524990283,target,2860273782.0,18
PEPE,1788227220000,1788227280000,3.5600000000000002e-06,3.57e-06,18.357492112243477,target,2852757127.0,18
PEPE,1788227820000,1788227880000,3.5500000000000003e-06,3.5600000000000002e-06,18.4411440778757,target,2861310175.0,18
PEPE,1788228420000,1788228600000,3.5500000000000003e-06,3.5600000000000002e-06,18.444492055579403,target,2861829644.0,18
PEPE,1788229620000,1788229680000,3.5500000000000003e-06,3.5600000000000002e-06,18.44784063911434,target,2862349207.0,18
PEPE,1788230340000,1788230400000,3.54e-06,3.55e-06,18.532021399576745,target,2870956065.0,18
PEPE,1788231180000,1788231300000,3.54e-06,3.55e-06,18.535400617894094,target,2871479569.0,18
PEPE,1788231720000,1788231780000,3.5500000000000003e-06,3.5600000000000002e-06,18.457919401010848,target,2863913018.0,18
PEPE,1788233940000,1788234000000,3.57e-06,3.58e-06,18.300878225299563,target,2848385716.0,18
PEPE,1788235020000,1788235200000,3.5600000000000002e-06,3.57e-06,18.384157092015293,target,2856900869.0,18
PEPE,1788236220000,1788236280000,3.5500000000000003e-06,3.5600000000000002e-06,18.4679305612994,target,2865466340.0,18
PEPE,1788236820000,1788236880000,3.5600000000000002e-06,3.57e-06,18.390818417401743,target,2857936040.0,18
PEPE,1788237420000,1788237480000,3.5500000000000003e-06,3.5600000000000002e-06,18.47462224367585,target,2866504615.0,18
PEPE,1788238020000,1788238140000,3.54e-06,3.5e-06,-130.15686203136178,stop,2875123968.0,18
PEPE,1788239220000,1788239280000,3.54e-06,3.55e-06,18.535191805099135,target,2871447220.0,18
PEPE,1788239820000,1788239880000,3.53e-06,3.54e-06,18.619889867219968,target,2880106708.0,18
PEPE,1788241320000,1788241380000,3.5500000000000003e-06,3.5600000000000002e-06,18.461091887808976,target,2864405258.0,18
PEPE,1788307320000,1788307380000,3.4700000000000002e-06,3.48e-06,19.124614746001317,target,2930975440.0,18
PEPE,1788309540000,1788309720000,3.4600000000000003e-06,3.4700000000000002e-06,19.21289478507014,target,2939999202.0,18
PEPE,1788310920000,1788310980000,3.4600000000000003e-06,3.4700000000000002e-06,19.21652357908144,target,2940554488.0,18
PEPE,1788312120000,1788312180000,3.4700000000000002e-06,3.48e-06,19.13543722845101,target,2932634058.0,18
PEPE,1788312780000,1788312900000,3.4600000000000003e-06,3.4700000000000002e-06,19.22376722141161,target,2941662926.0,18
PEPE,1788316020000,1788316080000,3.4700000000000002e-06,3.48e-06,19.142650302750233,target,2933739510.0,18
PEPE,1788317820000,1788317880000,3.4700000000000002e-06,3.48e-06,19.146249897299732,target,2934291172.0,18
PEPE,1788319740000,1788319800000,3.49e-06,3.5e-06,18.981748416264477,target,2918024353.0,18
PEPE,1788320220000,1788320280000,3.48e-06,3.49e-06,19.069111388495827,target,2926954933.0,18
PEPE,1788321060000,1788321120000,3.4700000000000002e-06,3.48e-06,19.157005257075067,target,2935939503.0,18
PEPE,1788323520000,1788323580000,3.4600000000000003e-06,3.4700000000000002e-06,19.245434811179617,target,2944978548.0,18
PEPE,1788324120000,1788324180000,3.4700000000000002e-06,3.48e-06,19.164226468049602,target,2937046202.0,18
PEPE,1788324720000,1788324780000,3.4700000000000002e-06,3.48e-06,19.167830114625087,target,2937598485.0,18
PEPE,1788325320000,1788326280000,3.4700000000000002e-06,3.48e-06,19.171434439798325,target,2938150872.0,18
PEPE,1788326820000,1788326880000,3.4700000000000002e-06,3.48e-06,19.175039443576594,target,2938703363.0,18
PEPE,1788327480000,1788327540000,3.4600000000000003e-06,3.4700000000000002e-06,19.263552242595377,target,2947750917.0,18
PEPE,1788328620000,1788328680000,3.4600000000000003e-06,3.4700000000000002e-06,19.26719060384603,target,2948307667.0,18
PEPE,1788329220000,1788329340000,3.4600000000000003e-06,3.4700000000000002e-06,19.270829651271967,target,2948864522.0,18
PEPE,1788329820000,1788329880000,3.45e-06,3.46e-06,19.359917125394663,target,2957970531.0,18
PEPE,1788331320000,1788331380000,3.4600000000000003e-06,3.4700000000000002e-06,19.278125952630575,target,2949981018.0,18
PEPE,1788333720000,1788333780000,3.4600000000000003e-06,3.4700000000000002e-06,19.281767065116064,target,2950538189.0,18
PEPE,1788334920000,1788335040000,3.45e-06,3.46e-06,19.37090510046974,target,2959649366.0,18
PEPE,1788335580000,1788335760000,3.45e-06,3.46e-06,19.374579954344497,target,2960210841.0,18
PEPE,1788336780000,1788336840000,3.45e-06,3.46e-06,19.3782555085353,target,2960772423.0,18
PEPE,1788393720000,1788393780000,3.43e-06,3.44e-06,19.554517967790698,target,2978601366.0,18
PEPE,1788394560000,1788394680000,3.41e-06,3.42e-06,19.732904789775837,target,2996644615.0,18
PEPE,1788395220000,1788395280000,3.41e-06,3.42e-06,19.73671538440499,target,2997223293.0,18
PEPE,1788396360000,1788396420000,3.4e-06,3.41e-06,19.828653274465267,target,3006619147.0,18
PEPE,1788396780000,1788396900000,3.41e-06,3.42e-06,19.744355788694968,target,2998383567.0,18
PEPE,1788398940000,1788399000000,3.44e-06,3.45e-06,19.48676192653401,target,2972808837.0,18
PEPE,1788399420000,1788399480000,3.44e-06,3.45e-06,19.49047517671603,target,2973375313.0,18
PEPE,1788400260000,1788400320000,3.43e-06,3.44e-06,19.58084962476505,target,2982612281.0,18
PEPE,1788400620000,1788402480000,3.45e-06,3.44e-06,-44.97771178044036,time,2965889336.0,18
PEPE,1788403020000,1788403080000,3.4700000000000002e-06,3.48e-06,19.23242891962603,target,2947498685.0,18
PEPE,1788404820000,1788404880000,3.4600000000000003e-06,3.4700000000000002e-06,19.321206633132572,target,2956573318.0,18
PEPE,1788405420000,1788405480000,3.4600000000000003e-06,3.4700000000000002e-06,19.32485588822656,target,2957131735.0,18
PEPE,1788406020000,1788406080000,3.4600000000000003e-06,3.4700000000000002e-06,19.328505822960352,target,2957690256.0,18
PEPE,1788406920000,1788407040000,3.45e-06,3.46e-06,19.41785992531139,target,2966823518.0,18
PEPE,1788407820000,1788407880000,3.45e-06,3.46e-06,19.421543693475144,target,2967386355.0,18
PEPE,1788409020000,1788409080000,3.44e-06,3.45e-06,19.51146261518923,target,2976577058.0,18
PEPE,1788409620000,1788409680000,3.44e-06,3.45e-06,19.515180565305428,target,2977144251.0,18
PEPE,1788410220000,1788410280000,3.43e-06,3.44e-06,19.6056695723196,target,2986392928.0,18
PEPE,1788410820000,1788410880000,3.44e-06,3.45e-06,19.522635134175605,target,2978281485.0,18
PEPE,1788412020000,1788412080000,3.45e-06,3.46e-06,19.440054943155594,target,2970214659.0,18
PEPE,1788412680000,1788412920000,3.45e-06,3.41e-06,-134.08607130376444,stop,2970778139.0,18
PEPE,1788414720000,1788414780000,3.44e-06,3.45e-06,19.504509156406098,target,2975516271.0,18
PEPE,1788415320000,1788415380000,3.45e-06,3.46e-06,19.422005633030295,target,2967456934.0,18
PEPE,1788416700000,1788416760000,3.45e-06,3.46e-06,19.42569018659647,target,2968019891.0,18
PEPE,1788480120000,1788480180000,3.7e-06,3.71e-06,17.424579042374454,target,2768003025.0,18
PEPE,1788480720000,1788480780000,3.6900000000000002e-06,3.7e-06,17.5025324566952,target,2775976599.0,18
PEPE,1788481560000,1788481620000,3.6900000000000002e-06,3.7e-06,17.50552306321143,target,2776450922.0,18
PEPE,1788482220000,1788482280000,3.7e-06,3.71e-06,17.43349967428605,target,2769420123.0,18
PEPE,1788482820000,1788482880000,3.6900000000000002e-06,3.7e-06,17.511492996595585,target,2777397779.0,18
PEPE,1788486720000,1788486780000,3.65e-06,3.66e-06,17.818757291789364,target,2808314782.0,18
PEPE,1788487320000,1788488220000,3.66e-06,3.67e-06,17.745149947068988,target,2801128642.0,18
PEPE,1788489480000,1788489540000,3.65e-06,3.66e-06,17.82493956792073,target,2809289136.0,18
PEPE,1788490620000,1788490680000,3.6800000000000003e-06,3.6900000000000002e-06,17.599094753925737,target,2786871695.0,18
PEPE,1788491820000,1788491880000,3.67e-06,3.68e-06,17.678026435574438,target,2794944891.0,18
PEPE,1788493020000,1788493080000,3.66e-06,3.67e-06,17.757412707930953,target,2803064358.0,18
PEPE,1788493620000,1788493680000,3.66e-06,3.67e-06,17.760486291555537,target,2803549533.0,18
PEPE,1788494220000,1788494280000,3.66e-06,3.67e-06,17.76356041365643,target,2804034793.0,18
PEPE,1788494820000,1788494880000,3.66e-06,3.67e-06,17.766635061560926,target,2804520136.0,18
PEPE,1788496020000,1788496080000,3.6800000000000003e-06,3.6900000000000002e-06,17.617340512920965,target,2789760968.0,18
PEPE,1788496740000,1788496800000,3.67e-06,3.68e-06,17.696354021225712,target,2797842533.0,18
PEPE,1788497460000,1788497520000,3.65e-06,3.66e-06,17.85266006076251,target,2813658008.0,18
PEPE,1788499620000,1788499680000,3.66e-06,3.67e-06,17.77891267166184,target,2806458196.0,18
PEPE,1788500820000,1788500880000,3.6400000000000003e-06,3.65e-06,17.936140550085877,target,2822366727.0,18
PEPE,1788502500000,1788502560000,3.63e-06,3.64e-06,18.016997828116132,target,2830635951.0,18
PEPE,1788503820000,1788503940000,3.62e-06,3.63e-06,18.098325974251374,target,2838953094.0,18
PEPE,1788505680000,1788505740000,3.6400000000000003e-06,3.65e-06,17.945577286589764,target,2823851658.0,18
PEPE,1788506220000,1788506280000,3.6400000000000003e-06,3.65e-06,17.948710365139117,target,2824344668.0,18
PEPE,1788506820000,1788506880000,3.6400000000000003e-06,3.65e-06,17.951843990218787,target,2824837764.0,18
PEPE,1788567180000,1788567240000,3.5100000000000003e-06,3.52e-06,19.00087382849128,target,2929972834.0,18
PEPE,1788567720000,1788567780000,3.5100000000000003e-06,3.52e-06,19.00438438596568,target,2930514169.0,18
PEPE,1788568320000,1788568380000,3.5100000000000003e-06,3.52e-06,19.007895598425478,target,2931055605.0,18
PEPE,1788570420000,1788570480000,3.49e-06,3.5e-06,19.179323291620577,target,2948397124.0,18
PEPE,1788571620000,1788571680000,3.5000000000000004e-06,3.5100000000000003e-06,19.09868462893376,target,2940521113.0,18
PEPE,1788572220000,1788572280000,3.49e-06,3.5e-06,19.186457917075252,target,2949493915.0,18
PEPE,1788572820000,1788572880000,3.49e-06,3.5e-06,19.190034073351022,target,2950043670.0,18
PEPE,1788573420000,1788573480000,3.49e-06,3.5e-06,19.193610899639964,target,2950593528.0,18
PEPE,1788574920000,1788574980000,3.48e-06,3.49e-06,19.281948959274036,target,2959623785.0,18
PEPE,1788575520000,1788575640000,3.48e-06,3.44e-06,-133.74083589552032,stop,2960177864.0,18
PEPE,1788576120000,1788576180000,3.4600000000000003e-06,3.4700000000000002e-06,19.431321768695312,target,2973423377.0,18
PEPE,1788577920000,1788577980000,3.45e-06,3.46e-06,19.521151177989967,target,2982605222.0,18
PEPE,1788578820000,1788578880000,3.4600000000000003e-06,3.4700000000000002e-06,19.43867883248339,target,2974549171.0,18
PEPE,1788579420000,1788579480000,3.45e-06,3.46e-06,19.52854225668493,target,2983734493.0,18
PEPE,1788580140000,1788580200000,3.45e-06,3.46e-06,19.532247014665096,target,2984300537.0,18
PEPE,1788580620000,1788580680000,3.4600000000000003e-06,3.4700000000000002e-06,19.449727792245895,target,2976239907.0,18
PEPE,1788581220000,1788581280000,3.4600000000000003e-06,3.4700000000000002e-06,19.453401318330044,target,2976802038.0,18
PEPE,1788581820000,1788581880000,3.45e-06,3.46e-06,19.543332798220536,target,2985994316.0,18
PEPE,1788582480000,1788582540000,3.4700000000000002e-06,3.48e-06,19.374990369076357,target,2969347183.0,18
PEPE,1788583020000,1788583080000,3.4700000000000002e-06,3.48e-06,19.37863364850024,target,2969905540.0,18
PEPE,1788583620000,1788583680000,3.48e-06,3.49e-06,19.296962131790327,target,2961928186.0,18
PEPE,1788584400000,1788584460000,3.4700000000000002e-06,3.48e-06,19.38590622427595,target,2971020111.0,18
PEPE,1788584820000,1788584880000,3.4700000000000002e-06,3.48e-06,19.389551552550433,target,2971578782.0,18
PEPE,1788586920000,1788586980000,3.4700000000000002e-06,3.48e-06,19.393197572476375,target,2972137559.0,18
PEPE,1788653220000,1788653280000,3.6000000000000003e-06,3.61e-06,18.32390729625445,target,2865349069.0,18
PEPE,1788654420000,1788654480000,3.61e-06,3.62e-06,18.247815381771154,target,2857919402.0,18
PEPE,1788655020000,1788655080000,3.62e-06,3.63e-06,18.172120334999054,target,2850528680.0,18
PEPE,1788655680000,1788655740000,3.61e-06,3.62e-06,18.254256965641577,target,2858928264.0,18
PEPE,1788656220000,1788656280000,3.61e-06,3.62e-06,18.257485591970617,target,2859433922.0,18
PEPE,1788657420000,1788657480000,3.63e-06,3.64e-06,18.10322114149019,target,2844182426.0,18
PEPE,1788658020000,1788658080000,3.63e-06,3.64e-06,18.10639544336927,target,2844681138.0,18
PEPE,1788659220000,1788659280000,3.63e-06,3.64e-06,18.109570292641585,target,2845179936.0,18
PEPE,1788660420000,1788660480000,3.6400000000000003e-06,3.65e-06,18.034606807519086,target,2837861024.0,18
PEPE,1788661020000,1788661080000,3.6400000000000003e-06,3.65e-06,18.03775543040073,target,2838356480.0,18
PEPE,1788662220000,1788662280000,3.6400000000000003e-06,3.65e-06,18.04090460616359,target,2838852023.0,18
PEPE,1788664620000,1788664680000,3.66e-06,3.67e-06,17.88897629648366,target,2823832091.0,18
PEPE,1788666420000,1788667500000,3.6800000000000003e-06,3.6400000000000003e-06,-127.75201431467937,stop,2808971291.0,18
PEPE,1788671220000,1788671280000,3.63e-06,3.64e-06,18.10297029683982,target,2844143016.0,18
PEPE,1788672780000,1788672840000,3.63e-06,3.64e-06,18.10614455416575,target,2844641721.0,18
PEPE,1788673380000,1788673440000,3.65e-06,3.66e-06,17.95349920419075,target,2829550702.0,18
PEPE,1788673920000,1788673980000,3.65e-06,3.66e-06,17.956620157410537,target,2830042578.0,18
PEPE,1788674520000,1788674580000,3.65e-06,3.66e-06,17.959741656299542,target,2830534540.0,18
PEPE,1788675120000,1788675180000,3.6400000000000003e-06,3.65e-06,18.040600271570774,target,2838804134.0,18
PEPE,1788676620000,1788676680000,3.6400000000000003e-06,3.65e-06,18.043749943025823,target,2839299755.0,18
PEPE,1788677220000,1788677280000,3.6400000000000003e-06,3.65e-06,18.046900161011195,target,2839795462.0,18
PEPE,1788677820000,1788677880000,3.63e-06,3.64e-06,18.128256748750402,target,2848115750.0,18
PEPE,1788678420000,1788678480000,3.6400000000000003e-06,3.65e-06,18.0532159061763,target,2840789285.0,18
PEPE,1788679320000,1788679380000,3.62e-06,3.63e-06,18.213266376374026,target,2856982961.0,18
PEPE,1788739920000,1788739980000,3.65e-06,3.66e-06,17.981729384535523,target,2833999903.0,18
PEPE,1788741120000,1788741180000,3.66e-06,3.67e-06,17.907448820731215,target,2826748038.0,18
PEPE,1788747720000,1788747780000,3.5900000000000004e-06,3.6000000000000003e-06,18.461544635310187,target,2882364502.0,18
PEPE,1788749520000,1788749940000,3.6400000000000003e-06,3.6000000000000003e-06,-129.14172168797987,stop,2843278769.0,18
PEPE,1788750420000,1788750480000,3.61e-06,3.62e-06,18.282360715534857,target,2863329791.0,18
PEPE,1788751920000,1788751980000,3.58e-06,3.59e-06,18.52546059482385,target,2887834855.0,18
PEPE,1788753720000,1788753840000,3.57e-06,3.58e-06,18.609645947325294,target,2896442949.0,18
PEPE,1788754320000,1788754500000,3.58e-06,3.59e-06,18.532114835833546,target,2888872149.0,18
PEPE,1788754920000,1788754980000,3.58e-06,3.59e-06,18.535435605491102,target,2889389806.0,18
PEPE,1788755520000,1788755580000,3.58e-06,3.59e-06,18.538756965325614,target,2889907555.0,18
PEPE,1788757320000,1788757380000,3.5900000000000004e-06,3.6000000000000003e-06,18.461605937565665,target,2882374073.0,18
PEPE,1788757980000,1788758040000,3.6000000000000003e-06,3.61e-06,18.38485952489409,target,2874880301.0,18
PEPE,1788760380000,1788760440000,3.6000000000000003e-06,3.61e-06,18.38812539383847,target,2875390992.0,18
PEPE,1788761220000,1788761280000,3.6000000000000003e-06,3.61e-06,18.39139183833576,target,2875901773.0,18
PEPE,1788761940000,1788762000000,3.61e-06,3.62e-06,18.315019684054825,target,2868444743.0,18
PEPE,1788763140000,1788763200000,3.5900000000000004e-06,3.6000000000000003e-06,18.478009341119325,target,2884935104.0,18
PEPE,1788764280000,1788764340000,3.5900000000000004e-06,3.6000000000000003e-06,18.481306045859817,target,2885449812.0,18
PEPE,1788766080000,1788766140000,3.58e-06,3.59e-06,18.56517656547507,target,2894025965.0,18
PEPE,1788768480000,1788768540000,3.5600000000000002e-06,3.57e-06,18.731036815921065,target,2910806032.0,18
PEPE,1788769020000,1788769080000,3.57e-06,3.58e-06,18.652913458602537,target,2903177192.0,18
PEPE,1788769620000,1788769680000,3.58e-06,3.59e-06,18.575202087851284,target,2895588790.0,18
PEPE,1788770220000,1788770280000,3.58e-06,3.59e-06,18.578530574750232,target,2896107650.0,18
PEPE,1788770820000,1788770880000,3.5900000000000004e-06,3.6000000000000003e-06,18.501214028431686,target,2888558006.0,18
PEPE,1788771420000,1788771480000,3.58e-06,3.59e-06,18.585174891754498,target,2897143397.0,18
PEPE,1788825720000,1788825780000,3.62e-06,3.63e-06,18.268481558250933,target,2865644166.0,18
PEPE,1788826320000,1788826380000,3.61e-06,3.62e-06,18.35105373165037,target,2874088290.0,18
PEPE,1788826980000,1788827100000,3.61e-06,3.62e-06,18.354299482548846,target,2874596630.0,18
PEPE,1788827940000,1788828000000,3.62e-06,3.63e-06,18.278162722500223,target,2867162780.0,18
PEPE,1788828420000,1788828540000,3.63e-06,3.64e-06,18.20242198971485,target,2859767791.0,18
PEPE,1788829020000,1788829200000,3.6400000000000003e-06,3.65e-06,18.12707414195924,target,2852411352.0,18
PEPE,1788829620000,1788829680000,3.63e-06,3.64e-06,18.208792158095427,target,2860768603.0,18
PEPE,1788830220000,1788830280000,3.63e-06,3.64e-06,18.21198496939553,target,2861270223.0,18
PEPE,1788831480000,1788831540000,3.6400000000000003e-06,3.65e-06,18.136597541600352,target,2853909920.0,18
PEPE,1788832020000,1788832080000,3.6400000000000003e-06,3.65e-06,18.139763971190014,target,2854408178.0,18
PEPE,1788832620000,1788832680000,3.6400000000000003e-06,3.65e-06,18.142930953664532,target,2854906523.0,18
PEPE,1788833220000,1788833280000,3.65e-06,3.66e-06,18.067907333159873,target,2847581928.0,18
PEPE,1788834420000,1788834480000,3.66e-06,3.67e-06,17.99327077617962,target,2840295308.0,18
PEPE,1788835320000,1788835380000,3.63e-06,3.64e-06,18.231043574325188,target,2864264505.0,18
PEPE,1788839220000,1788840120000,3.61e-06,3.62e-06,18.392873770470217,target,2880638022.0,18
PEPE,1788840420000,1788840480000,3.6000000000000003e-06,3.61e-06,18.47611877126405,target,2889150707.0,18
PEPE,1788841320000,1788841380000,3.6000000000000003e-06,3.61e-06,18.479400851535345,target,2889663933.0,18
PEPE,1788841920000,1788841980000,3.5900000000000004e-06,3.6000000000000003e-06,18.56314958421037,target,2898227882.0,18
PEPE,1788843240000,1788843300000,3.5900000000000004e-06,3.6000000000000003e-06,18.566461481609988,target,2898744962.0,18
PEPE,1788844920000,1788844980000,3.62e-06,3.63e-06,18.32962375612649,target,2875235099.0,18
PEPE,1788845640000,1788847140000,3.62e-06,3.58e-06,-130.52990405237955,stop,2875741442.0,18
PEPE,1788847920000,1788848100000,3.5900000000000004e-06,3.6000000000000003e-06,18.549756056685084,target,2896136777.0,18
PEPE,1788850920000,1788850980000,3.58e-06,3.59e-06,18.633937218423906,target,2904744695.0,18
PEPE,1788853320000,1788853860000,3.62e-06,3.58e-06,-130.4128603090205,stop,2873162818.0,18
PEPE,1788912720000,1788912780000,3.6800000000000003e-06,3.6900000000000002e-06,17.8258174563612,target,2822773944.0,18
PEPE,1788913320000,1788913620000,3.7300000000000003e-06,3.6900000000000002e-06,-126.88949172052469,stop,2785413055.0,18
PEPE,1788913920000,1788913980000,3.6900000000000002e-06,3.7e-06,17.73072236097468,target,2812168495.0,18
PEPE,1788914520000,1788914580000,3.6900000000000002e-06,3.7e-06,17.7337519576107,target,2812649002.0,18
PEPE,1788915420000,1788915480000,3.6900000000000002e-06,3.7e-06,17.736782077561134,target,2813129592.0,18
PEPE,1788916020000,1788916260000,3.6800000000000003e-06,3.6900000000000002e-06,17.816231286359937,target,2821255944.0,18
PEPE,1788919920000,1788920280000,3.65e-06,3.61e-06,-129.25950654727285,stop,2844932465.0,18
PEPE,1788920820000,1788920880000,3.63e-06,3.64e-06,18.18509878294142,target,2857046156.0,18
PEPE,1788921420000,1788921480000,3.63e-06,3.64e-06,18.1882874378941,target,2857547123.0,18
PEPE,1788922020000,1788922080000,3.6400000000000003e-06,3.65e-06,18.11299810293612,target,2850196397.0,18
PEPE,1788922620000,1788922680000,3.6400000000000003e-06,3.65e-06,18.116160408128426,target,2850694006.0,18
PEPE,1788923280000,1788923460000,3.6400000000000003e-06,3.65e-06,18.11932327256376,target,2851191703.0,18
PEPE,1788923820000,1788923880000,3.63e-06,3.64e-06,18.20100635006455,target,2859545381.0,18
PEPE,1788924420000,1788924480000,3.63e-06,3.64e-06,18.20419779289065,target,2860046786.0,18
PEPE,1788925020000,1788925080000,3.6400000000000003e-06,3.65e-06,18.12884259865109,target,2852689630.0,18
PEPE,1788925620000,1788925680000,3.6400000000000003e-06,3.65e-06,18.132007674625854,target,2853187675.0,18
PEPE,1788926220000,1788926280000,3.6400000000000003e-06,3.65e-06,18.135173303485473,target,2853685807.0,18
PEPE,1788926820000,1788926880000,3.6800000000000003e-06,3.6900000000000002e-06,17.82825721240374,target,2823160287.0,18
PEPE,1788927420000,1788927480000,3.66e-06,3.67e-06,17.985536976505784,target,2839074503.0,18
PEPE,1788928260000,1788928320000,3.6800000000000003e-06,3.6900000000000002e-06,17.834402970407183,target,2824133487.0,18
PEPE,1788928620000,1788928680000,3.6900000000000002e-06,3.7e-06,17.760953770430206,target,2816963326.0,18
PEPE,1788929880000,1788929940000,3.7200000000000004e-06,3.7300000000000003e-06,17.536888864374298,target,2794723325.0,18
PEPE,1788930420000,1788930480000,3.7e-06,3.71e-06,17.690863100860845,target,2810303908.0,18
PEPE,1788932520000,1788932580000,3.6800000000000003e-06,3.6900000000000002e-06,17.84655644682015,target,2826058028.0,18
PEPE,1788998520000,1788998580000,3.4700000000000002e-06,3.48e-06,19.559351660175388,target,2997601787.0,18
PEPE,1788999180000,1788999240000,3.4700000000000002e-06,3.48e-06,19.563029606924637,target,2998165457.0,18
PEPE,1788999720000,1788999780000,3.4600000000000003e-06,3.4700000000000002e-06,19.653333389334577,target,3007396081.0,18
PEPE,1789000320000,1789000380000,3.4600000000000003e-06,3.4700000000000002e-06,19.657045367358865,target,3007964096.0,18
PEPE,1789001820000,1789001880000,3.45e-06,3.46e-06,19.74791828009095,target,3017252602.0,18
PEPE,1789002420000,1789002480000,3.4700000000000002e-06,3.48e-06,19.577813586524968,target,3000431201.0,18
PEPE,1789003020000,1789003080000,3.4700000000000002e-06,3.48e-06,19.58149500457609,target,3000995403.0,18
PEPE,1789003620000,1789003680000,3.4600000000000003e-06,3.4700000000000002e-06,19.671884025900084,target,3010234740.0,18
PEPE,1789005720000,1789005780000,3.44e-06,3.45e-06,19.850558684354343,target,3028307961.0,18
PEPE,1789006920000,1789006980000,3.44e-06,3.45e-06,19.854341260215065,target,3028885013.0,18
PEPE,1789008120000,1789008180000,3.4600000000000003e-06,3.4700000000000002e-06,19.68309868711974,target,3011950832.0,18
PEPE,1789008720000,1789008780000,3.4700000000000002e-06,3.48e-06,19.600043563351413,target,3003838094.0,18
PEPE,1789009320000,1789009380000,3.4700000000000002e-06,3.48e-06,19.603729163927323,target,3004402937.0,18
PEPE,1789009920000,1789009980000,3.4700000000000002e-06,3.48e-06,19.60741545614923,target,3004967886.0,18
PEPE,1789010520000,1789010580000,3.4700000000000002e-06,3.48e-06,19.61110244002623,target,3005532941.0,18
PEPE,1789011720000,1789011780000,3.4600000000000003e-06,3.4700000000000002e-06,19.701628130680675,target,3014786248.0,18
PEPE,1789012320000,1789012380000,3.4600000000000003e-06,3.4700000000000002e-06,19.705349231565698,target,3015355659.0,18
PEPE,1789012920000,1789012980000,3.4600000000000003e-06,3.4700000000000002e-06,19.70907103823066,target,3015925178.0,18
PEPE,1789013580000,1789013640000,3.4700000000000002e-06,3.48e-06,19.625906320874343,target,3007801735.0,18
PEPE,1789014120000,1789014540000,3.4700000000000002e-06,3.48e-06,19.629596782574616,target,3008367323.0,18
PEPE,1789015020000,1789015440000,3.4700000000000002e-06,3.48e-06,19.633287942449552,target,3008933018.0,18
PEPE,1789015920000,1789015980000,3.4600000000000003e-06,3.4700000000000002e-06,19.723916035720336,target,3018196792.0,18
PEPE,1789016520000,1789016580000,3.4600000000000003e-06,3.4700000000000002e-06,19.727641345143034,target,3018766847.0,18
PEPE,1789017120000,1789017180000,3.4600000000000003e-06,3.4700000000000002e-06,19.731367360349306,target,3019337010.0,18
PEPE,1789085220000,1789085280000,3.2400000000000003e-06,3.2500000000000002e-06,20.848765431515794,target,3086419753.0,19
PEPE,1789085940000,1789086000000,3.2500000000000002e-06,3.26e-06,20.758173071864878,target,3077564577.0,19
PEPE,1789086420000,1789086480000,3.2500000000000002e-06,3.26e-06,20.762481191048504,target,3078203290.0,19
PEPE,1789087020000,1789087080000,3.2500000000000002e-06,3.26e-06,20.766790200575382,target,3078842135.0,19
PEPE,1789087620000,1789087680000,3.2500000000000002e-06,3.26e-06,20.77110011393021,target,3079481114.0,19
PEPE,1789088820000,1789088880000,3.27e-06,3.28e-06,20.587118551525794,target,3061281569.0,19
PEPE,1789089420000,1789089480000,3.26e-06,3.27e-06,20.685229139850875,target,3071303510.0,19
PEPE,1789090020000,1789090080000,3.26e-06,3.27e-06,20.68950260511098,target,3071938026.0,19
PEPE,1789090620000,1789090680000,3.27e-06,3.28e-06,20.59986146484953,target,3063176426.0,19
PEPE,1789091220000,1789091280000,3.26e-06,3.27e-06,20.698032785684852,target,3073204571.0,19
PEPE,1789092420000,1789092540000,3.2800000000000004e-06,3.2900000000000003e-06,20.514973373539146,target,3055096556.0,19
PEPE,1789093020000,1789093080000,3.2800000000000004e-06,3.2900000000000003e-06,20.51917331729317,target,3055722013.0,19
PEPE,1789093620000,1789093740000,3.27e-06,3.28e-06,20.616793669850598,target,3065694226.0,19
PEPE,1789094520000,1789094580000,3.27e-06,3.28e-06,20.621033668026342,target,3066324709.0,19
PEPE,1789095120000,1789095180000,3.2800000000000004e-06,3.2900000000000003e-06,20.531816554320137,target,3057604848.0,19
PEPE,1789095720000,1789095780000,3.2800000000000004e-06,3.2900000000000003e-06,20.536019942869814,target,3058230818.0,19
PEPE,1789096320000,1789096380000,3.27e-06,3.28e-06,20.63372044777411,target,3068211219.0,19
PEPE,1789097520000,1789097880000,3.2800000000000004e-06,3.2900000000000003e-06,20.544448442996384,target,3059485993.0,19
PEPE,1789098420000,1789098480000,3.2800000000000004e-06,3.2900000000000003e-06,20.54865441682146,target,3060112348.0,19
PEPE,1789100220000,1789100280000,3.2900000000000003e-06,3.3e-06,20.45987619416937,target,3051435674.0,19
PEPE,1789100940000,1789101000000,3.31e-06,3.32e-06,20.279723755514688,target,3033616119.0,19
PEPE,1789101420000,1789101480000,3.3e-06,3.31e-06,20.375719877241497,target,3043423432.0,19
PEPE,1789102080000,1789102140000,3.31e-06,3.32e-06,20.28793468030056,target,3034844380.0,19
PEPE,1789103220000,1789103280000,3.3e-06,3.31e-06,20.383969670479566,target,3044655664.0,19
PEPE,1789171920000,1789171980000,3.2900000000000003e-06,3.3e-06,20.480620371256073,target,3054529511.0,19
PEPE,1789172820000,1789172880000,3.3e-06,3.31e-06,20.392260229574468,target,3045893985.0,19
PEPE,1789173540000,1789173600000,3.3e-06,3.31e-06,20.396397391434647,target,3046511933.0,19
PEPE,1789174020000,1789174080000,3.3e-06,3.31e-06,20.400535383476054,target,3047130005.0,19
PEPE,1789174620000,1789174680000,3.3e-06,3.31e-06,20.404674219084292,target,3047748203.0,19
PEPE,1789175220000,1789175280000,3.3e-06,3.31e-06,20.408813898264807,target,3048366527.0,19
PEPE,1789176480000,1789176540000,3.3e-06,3.31e-06,20.412954414320264,target,3048984976.0,19
PEPE,1789177020000,1789177080000,3.3e-06,3.31e-06,20.417095767250657,target,3049603550.0,19
PEPE,1789177620000,1789177680000,3.3e-06,3.31e-06,20.421237963749697,target,3050222250.0,19
PEPE,1789178220000,1789178280000,3.3e-06,3.31e-06,20.425380997123675,target,3050841075.0,19
PEPE,1789178880000,1789178940000,3.3e-06,3.31e-06,20.429524874071756,target,3051460026.0,19
PEPE,1789180020000,1789180080000,3.31e-06,3.32e-06,20.341507869199418,target,3042858320.0,19
PEPE,1789181820000,1789181880000,3.31e-06,3.32e-06,20.345616115895233,target,3043472867.0,19
PEPE,1789182420000,1789182480000,3.32e-06,3.33e-06,20.258081655000684,target,3034918600.0,19
PEPE,1789183020000,1789183080000,3.32e-06,3.33e-06,20.262154626524534,target,3035528783.0,19
PEPE,1789183920000,1789183980000,3.32e-06,3.33e-06,20.266228419074455,target,3036139089.0,19
PEPE,1789184520000,1789184580000,3.32e-06,3.33e-06,20.270303025975842,target,3036749517.0,19
PEPE,1789185120000,1789185180000,3.32e-06,3.33e-06,20.274378460576095,target,3037360069.0,19
PEPE,1789186320000,1789186380000,3.3300000000000003e-06,3.34e-06,20.18726997382058,target,3028847708.0,19
PEPE,1789186920000,1789186980000,3.32e-06,3.33e-06,20.282513443274798,target,3038578793.0,19
PEPE,1789187580000,1789187640000,3.3300000000000003e-06,3.34e-06,20.19537000164044,target,3030063016.0,19
PEPE,1789188120000,1789188180000,3.3300000000000003e-06,3.34e-06,20.199412110861452,target,3030669484.0,19
PEPE,1789188720000,1789188780000,3.32e-06,3.33e-06,20.294712873526315,target,3040406423.0,19
PEPE,1789189320000,1789189380000,3.32e-06,3.33e-06,20.298793207575486,target,3041017709.0,19
PEPE,1789258380000,1789258440000,3.41e-06,3.42e-06,19.50049973944489,target,2961351517.0,19
PEPE,1789259580000,1789259640000,3.4200000000000003e-06,3.43e-06,19.417702811375936,target,2953262785.0,19
PEPE,1789260120000,1789260180000,3.4200000000000003e-06,3.43e-06,19.42143589254995,target,2953830554.0,19
PEPE,1789261320000,1789261380000,3.4200000000000003e-06,3.43e-06,19.42516969040036,target,2954398432.0,19
PEPE,1789261920000,1789261980000,3.4200000000000003e-06,3.43e-06,19.42890420492534,target,2954966419.0,19
PEPE,1789262520000,1789262580000,3.4200000000000003e-06,3.43e-06,19.4326394427004,target,2955534516.0,19
PEPE,1789263720000,1789263780000,3.44e-06,3.45e-06,19.264594891290105,target,2938916078.0,19
PEPE,1789264320000,1789264380000,3.44e-06,3.45e-06,19.268265802724276,target,2939476095.0,19
PEPE,1789264920000,1789264980000,3.44e-06,3.45e-06,19.27193741554428,target,2940036219.0,19
PEPE,1789265520000,1789265580000,3.43e-06,3.44e-06,19.3612985421695,target,2949169618.0,19
PEPE,1789266120000,1789266720000,3.44e-06,3.45e-06,19.279299073846182,target,2941159279.0,19
PEPE,1789267020000,1789267080000,3.44e-06,3.45e-06,19.282972784265468,target,2941719723.0,19
PEPE,1789267620000,1789267680000,3.44e-06,3.45e-06,19.28664720262517,target,2942280275.0,19
PEPE,1789268220000,1789268280000,3.43e-06,3.44e-06,19.376076527858945,target,2951420644.0,19
PEPE,1789268820000,1789269540000,3.44e-06,3.45e-06,19.294014472004648,target,2943404191.0,19
PEPE,1789270020000,1789270080000,3.4600000000000003e-06,3.4700000000000002e-06,19.127604689876588,target,2926947925.0,19
PEPE,1789270620000,1789270680000,3.44e-06,3.45e-06,19.301335803946586,target,2944521099.0,19
PEPE,1789271220000,1789271280000,3.44e-06,3.45e-06,19.305013716120836,target,2945082184.0,19
PEPE,1789272120000,1789272180000,3.44e-06,3.45e-06,19.3086923296791,target,2945643376.0,19
PEPE,1789272720000,1789272780000,3.45e-06,3.46e-06,19.227017110840556,target,2937664952.0,19
PEPE,1789273320000,1789273380000,3.44e-06,3.45e-06,19.31603539800003,target,2946763600.0,19
PEPE,1789273920000,1789273980000,3.45e-06,3.46e-06,19.23432911939215,target,2938782142.0,19
PEPE,1789274520000,1789274580000,3.44e-06,3.45e-06,19.32338126530425,target,2947884251.0,19
PEPE,1789275120000,1789275180000,3.44e-06,3.45e-06,19.327063379235284,target,2948445977.0,19
PEPE,1789344420000,1789344480000,3.3700000000000003e-06,3.3800000000000002e-06,19.94299346812401,target,3010263165.0,19
PEPE,1789345020000,1789345080000,3.3700000000000003e-06,3.3800000000000002e-06,19.946914010625903,target,3010854945.0,19
PEPE,1789346520000,1789346580000,3.36e-06,3.37e-06,20.040416906435578,target,3020409481.0,19
PEPE,1789347120000,1789347180000,3.3700000000000003e-06,3.3800000000000002e-06,19.954775023623856,target,3012041513.0,19
PEPE,1789347780000,1789347840000,3.3700000000000003e-06,3.3800000000000002e-06,19.958697884874322,target,3012633643.0,19
PEPE,1789348320000,1789348380000,3.3800000000000002e-06,3.39e-06,19.8735173973,target,3004311020.0,19
PEPE,1789348920000,1789348980000,3.36e-06,3.37e-06,20.05618044559499,target,3022785297.0,19
PEPE,1789349580000,1789350060000,3.3700000000000003e-06,3.3800000000000002e-06,19.970471198875426,target,3014410747.0,19
PEPE,1789350420000,1789350480000,3.36e-06,3.37e-06,20.06408451541051,target,3023976566.0,19
PEPE,1789351020000,1789351080000,3.3800000000000002e-06,3.39e-06,19.889167203989686,target,3006676826.0,19
PEPE,1789351620000,1789351680000,3.39e-06,3.4e-06,19.804394179768348,target,2998394274.0,19
PEPE,1789352280000,1789352340000,3.4200000000000003e-06,3.43e-06,19.5453160724498,target,2972671646.0,19
PEPE,1789352820000,1789352880000,3.45e-06,3.46e-06,19.29066007561047,target,2947388858.0,19
PEPE,1789353480000,1789353540000,3.43e-06,3.44e-06,19.466125777085637,target,2965137209.0,19
PEPE,1789354140000,1789354200000,3.44e-06,3.45e-06,19.383682335944588,target,2957083499.0,19
PEPE,1789355220000,1789355280000,3.43e-06,3.44e-06,19.47356160464028,target,2966269856.0,19
PEPE,1789355820000,1789355880000,3.44e-06,3.45e-06,19.39108667384901,target,2958213070.0,19
PEPE,1789356420000,1789356480000,3.43e-06,3.44e-06,19.48100027484077,target,2967402936.0,19
PEPE,1789357020000,1789357080000,3.43e-06,3.44e-06,19.484728925676052,target,2967970895.0,19
PEPE,1789357620000,1789357680000,3.43e-06,3.44e-06,19.488458292095217,target,2968538963.0,19
PEPE,1789358280000,1789358340000,3.43e-06,3.44e-06,19.492188374101893,target,2969107140.0,19
PEPE,1789359420000,1789359480000,3.44e-06,3.45e-06,19.409634557641205,target,2961042648.0,19
PEPE,1789360020000,1789360080000,3.44e-06,3.45e-06,19.41333310495723,target,2961606881.0,19
PEPE,1789361220000,1789361280000,3.44e-06,3.45e-06,19.41703236021003,target,2962171222.0,19
PEPE,1789430880000,1789430940000,3.44e-06,3.45e-06,19.42073232340507,target,2962735671.0,19
PEPE,1789431420000,1789431480000,3.45e-06,3.46e-06,19.33858317429419,target,2954710951.0,19
PEPE,1789432020000,1789432080000,3.45e-06,3.46e-06,19.342251902050442,target,2955271490.0,19
PEPE,1789432620000,1789432680000,3.45e-06,3.46e-06,19.345921323576803,target,2955832135.0,19
PEPE,1789433220000,1789433400000,3.45e-06,3.46e-06,19.34959143886963,target,2956392886.0,19
PEPE,1789433820000,1789433880000,3.45e-06,3.46e-06,19.353262254480327,target,2956953744.0,19
PEPE,1789434480000,1789434540000,3.44e-06,3.45e-06,19.442865044925934,target,2966112135.0,19
PEPE,1789435140000,1789435200000,3.44e-06,3.45e-06,19.446569924369115,target,2966677334.0,19
PEPE,1789435620000,1789435920000,3.4600000000000003e-06,3.4700000000000002e-06,19.27884435824979,target,2950090950.0,19
PEPE,1789436280000,1789436340000,3.45e-06,3.46e-06,19.36796887602413,target,2959200745.0,19
PEPE,1789436820000,1789436880000,3.45e-06,3.46e-06,19.371643180121374,target,2959762136.0,19
PEPE,1789437420000,1789437480000,3.4600000000000003e-06,3.4700000000000002e-06,19.2898024684414,target,2951767784.0,19
PEPE,1789438020000,1789438320000,3.4600000000000003e-06,3.4700000000000002e-06,19.293445789754436,target,2952325293.0,19
PEPE,1789439820000,1789439880000,3.4600000000000003e-06,3.4700000000000002e-06,19.29708979724458,target,2952882907.0,19
PEPE,1789440420000,1789440480000,3.4600000000000003e-06,3.4700000000000002e-06,19.300734490910017,target,2953440626.0,19
PEPE,1789441020000,1789441080000,3.4700000000000002e-06,3.48e-06,19.21929280267487,target,2945485487.0,19
PEPE,1789441680000,1789441740000,3.4600000000000003e-06,3.4700000000000002e-06,19.30800987373635,target,2954553921.0,19
PEPE,1789442520000,1789442580000,3.45e-06,3.46e-06,19.39726922440953,target,2963677498.0,19
PEPE,1789444020000,1789444080000,3.4600000000000003e-06,3.4700000000000002e-06,19.31532025148623,target,2955672571.0,19
PEPE,1789444620000,1789444680000,3.45e-06,3.46e-06,19.40461339509008,target,2964799602.0,19
PEPE,1789445220000,1789445280000,3.4600000000000003e-06,3.4700000000000002e-06,19.322633393540105,target,2956791644.0,19
PEPE,1789445820000,1789445880000,3.45e-06,3.46e-06,19.411960347397,target,2965922131.0,19
PEPE,1789446420000,1789446480000,3.44e-06,3.45e-06,19.501834899943233,target,2975108299.0,19
PEPE,1789447920000,1789447980000,3.45e-06,3.46e-06,19.41934268851437,target,2967050067.0,19
PEPE,1789517820000,1789517880000,3.39e-06,3.4e-06,19.94800534735053,target,3020137070.0,19
PEPE,1789518420000,1789518480000,3.39e-06,3.4e-06,19.95189197373478,target,3020725507.0,19
PEPE,1789519020000,1789519080000,3.3800000000000002e-06,3.39e-06,20.045122649054722,target,3030252857.0,19
PEPE,1789519980000,1789520040000,3.3800000000000002e-06,3.39e-06,20.0490456814212,target,3030845908.0,19
PEPE,1789521120000,1789521180000,3.3700000000000003e-06,3.3800000000000002e-06,20.14287818487536,target,3040434443.0,19
PEPE,1789521720000,1789521780000,3.3700000000000003e-06,3.3800000000000002e-06,20.146838026873862,target,3041032155.0,19
PEPE,1789524420000,1789524480000,3.34e-06,3.35e-06,20.423862336514624,target,3068950013.0,19
PEPE,1789525380000,1789525440000,3.36e-06,3.37e-06,20.24531118694717,target,3051290307.0,19
PEPE,1789526700000,1789526760000,3.3700000000000003e-06,3.3800000000000002e-06,20.158793693999712,target,3042836784.0,19
PEPE,1789527120000,1789527180000,3.3700000000000003e-06,3.3800000000000002e-06,20.162756662999623,target,3043434968.0,19
PEPE,1789528920000,1789528980000,3.39e-06,3.4e-06,19.98722122045464,target,3026074371.0,19
PEPE,1789529640000,1789529700000,3.3800000000000002e-06,3.39e-06,20.080616986079853,target,3035618592.0,19
PEPE,1789530180000,1789530240000,3.3800000000000002e-06,3.39e-06,20.084546964196083,target,3036212693.0,19
PEPE,1789530720000,1789530780000,3.3800000000000002e-06,3.39e-06,20.088477709650938,target,3036806910.0,19
PEPE,1789531320000,1789531380000,3.3800000000000002e-06,3.39e-06,20.092409229059925,target,3037401244.0,19
PEPE,1789531980000,1789532040000,3.39e-06,3.4e-06,20.006769926669495,target,3029034054.0,19
PEPE,1789533900000,1789533960000,3.4e-06,3.41e-06,19.921605961176347,target,3020713565.0,19
PEPE,1789534320000,1789535040000,3.4e-06,3.36e-06,-136.1397552447021,stop,3021299495.0,19
PEPE,1789537320000,1789537380000,3.3800000000000002e-06,3.39e-06,20.07751197784663,target,3035149203.0,19
PEPE,1789538520000,1789538580000,3.3800000000000002e-06,3.39e-06,20.08144134738,target,3035743212.0,19
PEPE,1789539180000,1789539240000,3.3700000000000003e-06,3.3800000000000002e-06,20.17542547162504,target,3045347241.0,19
PEPE,1789539840000,1789539900000,3.3700000000000003e-06,3.3800000000000002e-06,20.17939170674975,target,3045945918.0,19
PEPE,1789540320000,1789540380000,3.3700000000000003e-06,3.3800000000000002e-06,20.18335872362527,target,3046544713.0,19
PEPE,1789540920000,1789540980000,3.36e-06,3.37e-06,20.27796997731057,target,3056212506.0,19
PEPE,1789603320000,1789603380000,3.4e-06,3.41e-06,19.9225286676255,target,3020853475.0,19
PEPE,1789603920000,1789603980000,3.4e-06,3.41e-06,19.92639305403977,target,3021439432.0,19
PEPE,1789604520000,1789604580000,3.41e-06,3.42e-06,19.84168005393067,target,3013163258.0,19
PEPE,1789605120000,1789605180000,3.4e-06,3.41e-06,19.934106889195927,target,3022609081.0,19
PEPE,1789605720000,1789605780000,3.4e-06,3.41e-06,19.937973524506024,target,3023195379.0,19
PEPE,1789607220000,1789607280000,3.39e-06,3.4e-06,20.030993407501047,target,3032701500.0,19
PEPE,1789607880000,1789607940000,3.39e-06,3.4e-06,20.034896202924337,target,3033292385.0,19
PEPE,1789608420000,1789608480000,3.4200000000000003e-06,3.43e-06,19.77280269590006,target,3007270372.0,19
PEPE,1789609020000,1789609080000,3.43e-06,3.44e-06,19.688955519157485,target,2999079287.0,19
PEPE,1789609860000,1789609920000,3.43e-06,3.44e-06,19.692723973585117,target,2999653309.0,19
PEPE,1789610220000,1789610280000,3.44e-06,3.45e-06,19.6093208401954,target,2991505849.0,19
PEPE,1789610820000,1789611660000,3.44e-06,3.4e-06,-135.00246406655972,stop,2992075888.0,19
PEPE,1789612140000,1789612200000,3.43e-06,3.44e-06,19.674406967086217,target,2996863209.0,19
PEPE,1789612680000,1789612740000,3.44e-06,3.45e-06,19.591081415038225,target,2988723328.0,19
PEPE,1789613220000,1789613400000,3.4600000000000003e-06,3.4700000000000002e-06,19.422109444544688,target,2972013687.0,19
PEPE,1789613820000,1789613880000,3.44e-06,3.45e-06,19.59851546676003,target,2989857432.0,19
PEPE,1789615320000,1789615380000,3.43e-06,3.44e-06,19.689390883695182,target,2999145603.0,19
PEPE,1789615920000,1789615980000,3.4600000000000003e-06,3.4700000000000002e-06,19.433198169780354,target,2973710508.0,19
PEPE,1789617180000,1789617240000,3.45e-06,3.46e-06,19.523036255800083,target,2982893240.0,19
PEPE,1789617720000,1789617780000,3.4600000000000003e-06,3.4700000000000002e-06,19.440555945883855,target,2974836411.0,19
PEPE,1789618320000,1789618380000,3.45e-06,3.46e-06,19.530428041355222,target,2984022619.0,19
PEPE,1789618920000,1789618980000,3.44e-06,3.45e-06,19.62085108519703,target,2993264849.0,19
PEPE,1789619820000,1789619880000,3.44e-06,3.45e-06,19.624589880210742,target,2993835222.0,19
PEPE,1789621020000,1789621080000,3.4600000000000003e-06,3.4700000000000002e-06,19.455328901534223,target,2977097001.0,19
PEPE,1789689720000,1789689780000,3.61e-06,3.62e-06,18.22236755562988,target,2853933838.0,19
PEPE,1789690320000,1789690380000,3.61e-06,3.62e-06,18.22559054400502,target,2854438613.0,19
PEPE,1789690920000,1789691160000,3.6000000000000003e-06,3.61e-06,18.3080784370189,target,2862873876.0,19
PEPE,1789692420000,1789692480000,3.6000000000000003e-06,3.61e-06,18.311330659035356,target,2863382433.0,19
PEPE,1789693020000,1789693080000,3.62e-06,3.63e-06,18.1564365536263,target,2848068479.0,19
PEPE,1789693620000,1789693680000,3.63e-06,3.64e-06,18.0812002273693,target,2840722738.0,19
PEPE,1789694220000,1789694280000,3.6400000000000003e-06,3.65e-06,18.00635416795065,target,2833415290.0,19
PEPE,1789695420000,1789695480000,3.6400000000000003e-06,3.65e-06,18.009497859348528,target,2833909970.0,19
PEPE,1789696020000,1789696080000,3.6400000000000003e-06,3.65e-06,18.012642103636722,target,2834404737.0,19
PEPE,1789696620000,1789696680000,3.65e-06,3.66e-06,17.938157247989853,target,2827132742.0,19
PEPE,1789697400000,1789697460000,3.6400000000000003e-06,3.65e-06,18.018918676580533,target,2835392396.0,19
PEPE,1789697820000,1789697880000,3.6400000000000003e-06,3.65e-06,18.022064560456045,target,2835887421.0,19
PEPE,1789698420000,1789698480000,3.6400000000000003e-06,3.65e-06,18.025210997214593,target,2836382533.0,19
PEPE,1789699020000,1789699080000,3.65e-06,3.66e-06,17.950674162736583,target,2829105463.0,19
PEPE,1789700400000,1789700460000,3.65e-06,3.66e-06,17.953794633735242,target,2829597263.0,19
PEPE,1789700820000,1789700880000,3.65e-06,3.66e-06,17.956915644060857,target,2830089148.0,19
PEPE,1789702020000,1789702080000,3.66e-06,3.67e-06,17.88273758215157,target,2822847290.0,19
PEPE,1789702620000,1789702680000,3.67e-06,3.68e-06,17.808941190700427,target,2815642876.0,19
PEPE,1789703220000,1789703280000,3.67e-06,3.68e-06,17.812010441225507,target,2816128133.0,19
PEPE,1789703820000,1789703880000,3.67e-06,3.68e-06,17.81508022305127,target,2816613474.0,19
PEPE,1789704420000,1789704480000,3.66e-06,3.67e-06,17.895081963149636,target,2824795890.0,19
PEPE,1789705320000,1789705380000,3.66e-06,3.67e-06,17.8981793790444,target,2825284827.0,19
PEPE,1789706220000,1789706280000,3.66e-06,3.67e-06,17.901277327081846,target,2825773848.0,19
PEPE,1789706820000,1789706880000,3.67e-06,3.68e-06,17.82740442862562,target,2818561965.0,19
PEPE,1789776420000,1789776480000,3.81e-06,3.82e-06,16.795124243949758,target,2715460670.0,19
PEPE,1789777020000,1789777080000,3.82e-06,3.83e-06,16.726789346476675,target,2708791797.0,19
PEPE,1789777620000,1789777680000,3.82e-06,3.83e-06,16.729493218426548,target,2709229671.0,19
PEPE,1789778220000,1789778280000,3.830000000000001e-06,3.8400000000000005e-06,16.66148440238887,target,2702592766.0,19
PEPE,1789778880000,1789778940000,3.82e-06,3.83e-06,16.73489084150032,target,2710103780.0,19
PEPE,1789779420000,1789779600000,3.82e-06,3.83e-06,16.737596022549354,target,2710541866.0,19
PEPE,1789784220000,1789784280000,3.7700000000000003e-06,3.7800000000000002e-06,17.099668295851146,target,2746934666.0,19
PEPE,1789784820000,1789784880000,3.7700000000000003e-06,3.7800000000000002e-06,17.102491781551187,target,2747388238.0,19
PEPE,1789785420000,1789785480000,3.7700000000000003e-06,3.7800000000000002e-06,17.10531573412628,target,2747841885.0,19
PEPE,1789786020000,1789786080000,3.7700000000000003e-06,3.7800000000000002e-06,17.108140153576418,target,2748295607.0,19
PEPE,1789786620000,1789786680000,3.76e-06,3.77e-06,17.184033520146627,target,2756059907.0,19
PEPE,1789787220000,1789787280000,3.7700000000000003e-06,3.7800000000000002e-06,17.11380245092581,target,2749205213.0,19
PEPE,1789787820000,1789789680000,3.7700000000000003e-06,3.76e-06,-43.01841755820068,time,2749659160.0,19
PEPE,1789790820000,1789790880000,3.7700000000000003e-06,3.7800000000000002e-06,17.109525097800702,target,2748518088.0,19
PEPE,1789791420000,1789791480000,3.8e-06,3.81e-06,16.895434626838636,target,2727269512.0,19
PEPE,1789792080000,1789792140000,3.79e-06,3.8e-06,16.970124386916115,target,2734911263.0,19
PEPE,1789794120000,1789794180000,3.7700000000000003e-06,3.7800000000000002e-06,17.11794206970054,target,2749870212.0,19
PEPE,1789795920000,1789795980000,3.7700000000000003e-06,3.7800000000000002e-06,17.120768574525528,target,2750324269.0,19
PEPE,1789797720000,1789797780000,3.76e-06,3.77e-06,17.196717966733402,target,2758094301.0,19
PEPE,1789799520000,1789799640000,3.76e-06,3.77e-06,17.199569606337025,target,2758551661.0,19
PEPE,1789800120000,1789800180000,3.7700000000000003e-06,3.7800000000000002e-06,17.129275037026275,target,2751690769.0,19
PEPE,1789800720000,1789800780000,3.7700000000000003e-06,3.7800000000000002e-06,17.132103415575507,target,2752145127.0,19
PEPE,1789802520000,1789802580000,3.76e-06,3.77e-06,17.20810308920673,target,2759920303.0,19
PEPE,1789803120000,1789803180000,3.75e-06,3.76e-06,17.28452988638508,target,2767738973.0,19
PEPE,1789862520000,1789862640000,4.12e-06,4.080000000000001e-06,-116.2543171465195,stop,2519599418.0,19
PEPE,1789864080000,1789864140000,4.1000000000000006e-06,4.1100000000000005e-06,14.908777315020695,target,2529054676.0,19
PEPE,1789864680000,1789864740000,4.12e-06,4.13e-06,14.788195003125896,target,2517139575.0,19
PEPE,1789865220000,1789865280000,4.12e-06,4.13e-06,14.790303752124846,target,2517498511.0,19
PEPE,1789865820000,1789865880000,4.12e-06,4.13e-06,14.792412806625173,target,2517857499.0,19
PEPE,1789870320000,1789870380000,4.06e-06,4.07e-06,15.166486314534534,target,2555431561.0,19
PEPE,1789870920000,1789871220000,4.04e-06,4.000000000000001e-06,-118.20041971841924,stop,2568457621.0,19
PEPE,1789876620000,1789876680000,4.0200000000000005e-06,4.03e-06,15.405316855300207,target,2578295708.0,19
PEPE,1789877280000,1789877340000,4.0100000000000006e-06,4.0200000000000005e-06,15.471880626825204,target,2585109545.0,19
PEPE,1789877820000,1789877880000,4e-06,4.01e-06,15.538794900419813,target,2591959116.0,19
PEPE,1789879020000,1789879080000,4e-06,4.01e-06,15.54112377806988,target,2592347586.0,19
PEPE,1789879620000,1789879680000,3.99e-06,4e-06,15.608401370999642,target,2599234200.0,19
PEPE,1789880520000,1789880580000,4e-06,4.01e-06,15.545792312379426,target,2593126324.0,19
PEPE,1789881360000,1789881420000,4e-06,4.01e-06,15.548122239156125,target,2593514969.0,19
PEPE,1789882920000,1789882980000,4.0100000000000006e-06,4.0200000000000005e-06,15.485798983725061,target,2587435085.0,19
PEPE,1789883580000,1789883640000,4.0200000000000005e-06,4.03e-06,15.423768790550167,target,2581383898.0,19
PEPE,1789884120000,1789884180000,4.0200000000000005e-06,4.03e-06,15.426061254651039,target,2581767574.0,19
PEPE,1789884720000,1789884780000,4e-06,4.01e-06,15.557397067685315,target,2595062063.0,19
PEPE,1789887420000,1789887480000,3.99e-06,4e-06,15.624745107440162,target,2601955888.0,19
PEPE,1789888020000,1789888140000,4e-06,4.01e-06,15.562070493914955,target,2595841617.0,19
PEPE,1789888620000,1789888680000,4e-06,4.01e-06,15.564402854661873,target,2596230668.0,19
PEPE,1789889220000,1789889280000,4e-06,4.01e-06,15.566735569110941,target,2596619778.0,19
PEPE,1789889820000,1789889880000,3.99e-06,4e-06,15.63412403470424,target,2603517741.0,19
PEPE,1789890420000,1789890480000,3.99e-06,4e-06,15.636476991869994,target,2603909574.0,19
PEPE,1789948920000,1789948980000,3.99e-06,4e-06,15.6388302973263,target,2604301465.0,19
PEPE,1789949520000,1789949580000,4e-06,4.01e-06,15.576099189585662,target,2598181683.0,19
PEPE,1789950720000,1789950780000,4.06e-06,4.07e-06,15.19460038579505,target,2560168557.0,19
PEPE,1789951320000,1789951380000,4.04e-06,4.05e-06,15.323517727709863,target,2573218762.0,19
PEPE,1789951920000,1789951980000,4.05e-06,4.06e-06,15.26226257182934,target,2567243494.0,19
PEPE,1789952520000,1789952580000,4.05e-06,4.06e-06,15.264502921299083,target,2567620340.0,19
PEPE,1789953120000,1789953180000,4.07e-06,4.08e-06,15.140615183250503,target,2555378090.0,19
PEPE,1789954320000,1789954380000,4.06e-06,4.07e-06,15.205737353945834,target,2562045047.0,19
PEPE,1789960020000,1789960740000,4.0200000000000005e-06,4.03e-06,15.462799796902434,target,2587916284.0,19
PEPE,1789961220000,1789961340000,4.0200000000000005e-06,4.03e-06,15.465098062724724,target,2588300931.0,19
PEPE,1789961820000,1789961880000,4.0100000000000006e-06,4.0200000000000005e-06,15.531920141849753,target,2595141210.0,19
PEPE,1789962420000,1789962480000,4.0100000000000006e-06,4.0200000000000005e-06,15.534238311899841,target,2595528540.0,19
PEPE,1789966020000,1789966080000,4.0100000000000006e-06,4.0200000000000005e-06,15.53655682309622,target,2595915927.0,19
PEPE,1789966620000,1789966680000,4e-06,4.01e-06,15.603750815344704,target,2602794131.0,19
PEPE,1789967340000,1789967400000,3.99e-06,4e-06,15.671299518479515,target,2609708496.0,19
PEPE,1789969020000,1789969080000,4.0200000000000005e-06,4.03e-06,15.478971785675856,target,2590622893.0,19
PEPE,1789969620000,1789969680000,4.0100000000000006e-06,4.0200000000000005e-06,15.545853814363209,target,2597469309.0,19
PEPE,1789970820000,1789970880000,4.0100000000000006e-06,4.0200000000000005e-06,15.548174061209231,target,2597856986.0,19
PEPE,1789972680000,1789972740000,4.0200000000000005e-06,4.03e-06,15.485894014375738,target,2591781425.0,19
PEPE,1789973220000,1789973280000,4.0200000000000005e-06,4.03e-06,15.48819571582467,target,2592166647.0,19
PEPE,1789974480000,1789974540000,4.03e-06,4.04e-06,15.426198606209901,target,2586118794.0,19
PEPE,1789975620000,1789975680000,4.0100000000000006e-06,4.0200000000000005e-06,15.55741998247525,target,2599401835.0,19
PEPE,1789977120000,1789977180000,4.0100000000000006e-06,4.0200000000000005e-06,15.559741958983274,target,2599789801.0,19
PEPE,1789978440000,1789978500000,4.03e-06,4.04e-06,15.433087715938054,target,2587273716.0,19
PEPE,1790036220000,1790036280000,4.87e-06,4.88e-06,10.974294448251484,target,2141325746.0,19
PEPE,1790036820000,1790036880000,4.93e-06,4.94e-06,10.714944638285449,target,2115487589.0,19
PEPE,1790038020000,1790038080000,5.04e-06,5e-06,-98.34401004912021,stop,2069528831.0,19
PEPE,1790038620000,1790038680000,5.01e-06,4.970000000000001e-06,-98.74601863087538,stop,2079958265.0,19
PEPE,1790039520000,1790039580000,5e-06,5.01e-06,10.400305588694803,target,2082143261.0,19
PEPE,1790040420000,1790040480000,5.02e-06,5.03e-06,10.318423858825339,target,2074055047.0,19
PEPE,1790041020000,1790041080000,5.04e-06,5.05e-06,10.237175677000575,target,2066029400.0,19
PEPE,1790041620000,1790041680000,5.06e-06,5.07e-06,10.156553696520739,target,2058065592.0,19
PEPE,1790042220000,1790042280000,5.070000000000001e-06,5.0800000000000005e-06,10.11696758872462,target,2054206617.0,19
PEPE,1790042820000,1790042880000,5.04e-06,5e-06,-98.206484317919,stop,2066634771.0,19
PEPE,1790044920000,1790044980000,5.01e-06,5.02e-06,10.354092355699692,target,2077049620.0,19
PEPE,1790046120000,1790046240000,5.05e-06,5.06e-06,10.190669717431554,target,2060802774.0,19
PEPE,1790047020000,1790047080000,5.0800000000000005e-06,5.09e-06,10.07001558102911,target,2048833282.0,19
PEPE,1790048220000,1790048280000,5.14e-06,5.15e-06,9.831922911025629,target,2025112855.0,19
PEPE,1790048820000,1790048880000,5.1600000000000006e-06,5.1700000000000005e-06,9.7543906798705,target,2017454122.0,19
PEPE,1790049420000,1790049480000,5.23e-06,5.24e-06,9.485391861640544,target,1990638376.0,19
PEPE,1790050620000,1790050680000,5.32e-06,5.28e-06,-93.82531365239984,stop,1957140460.0,19
PEPE,1790051220000,1790051280000,5.28e-06,5.29e-06,9.289447203205889,target,1970190287.0,19
PEPE,1790056380000,1790056440000,5.14e-06,5.15e-06,9.82668403102935,target,2024033786.0,19
PEPE,1790056920000,1790056980000,5.19e-06,5.150000000000001e-06,-95.71553606443344,stop,2004723763.0,19
PEPE,1790057520000,1790057580000,5.14e-06,5.15e-06,9.818571379434115,target,2022362797.0,19
PEPE,1790059920000,1790059980000,5.14e-06,5.15e-06,9.819498791244163,target,2022553819.0,19
PEPE,1790061120000,1790061180000,5.15e-06,5.16e-06,9.78116933399994,target,2018817200.0,19
PEPE,1790061720000,1790061780000,5.15e-06,5.16e-06,9.782089525470855,target,2019007126.0,19
PEPE,1790121720000,1790121780000,4.97e-06,4.98e-06,10.51394288857617,target,2092326943.0,19
PEPE,1790122920000,1790122980000,4.97e-06,4.98e-06,10.51500591727562,target,2092538491.0,19
PEPE,1790123520000,1790123580000,4.96e-06,4.97e-06,10.558240501023379,target,2096969315.0,19
PEPE,1790124180000,1790124240000,4.94e-06,4.95e-06,10.64417599894607,target,2105672799.0,19
PEPE,1790127120000,1790127420000,4.94e-06,4.9000000000000005e-06,-99.7559272551605,stop,2105888268.0,19
PEPE,1790131380000,1790131440000,4.88e-06,4.89e-06,10.893600448168398,target,2129736158.0,19
PEPE,1790131920000,1790131980000,4.88e-06,4.89e-06,10.894742269620263,target,2129959388.0,19
PEPE,1790132520000,1790132580000,4.92e-06,4.93e-06,10.722785221226161,target,2112864083.0,19
PEPE,1790133120000,1790133180000,4.9100000000000004e-06,4.92e-06,10.766906055675129,target,2117385655.0,19
PEPE,1790134440000,1790134500000,4.92e-06,4.93e-06,10.725001889876527,target,2113300865.0,19
PEPE,1790134920000,1790134980000,4.95e-06,4.96e-06,10.598080174159678,target,2100709648.0,19
PEPE,1790135520000,1790135580000,4.95e-06,4.96e-06,10.599160318751728,target,2100923750.0,19
PEPE,1790136120000,1790136180000,4.95e-06,4.96e-06,10.600240579375566,target,2101137875.0,19
PEPE,1790136960000,1790137020000,4.94e-06,4.95e-06,10.643837167350942,target,2105605770.0,19
PEPE,1790137320000,1790137380000,4.94e-06,4.95e-06,10.644926327760999,target,2105821232.0,19
PEPE,1790137920000,1790137980000,5e-06,5.01e-06,10.393417558618896,target,2080764276.0,19
PEPE,1790138760000,1790138820000,5.02e-06,5.03e-06,10.311590059524809,target,2072681419.0,19
PEPE,1790139120000,1790139180000,5.03e-06,5.04e-06,10.271422102666461,target,2068765781.0,19
PEPE,1790139720000,1790139780000,5.02e-06,5.03e-06,10.313629909023179,target,2073091439.0,19
PEPE,1790140320000,1790140380000,5.01e-06,5.02e-06,10.356014506893558,target,2077435207.0,19
PEPE,1790141820000,1790141880000,5e-06,5.01e-06,10.39857699901544,target,2081797197.0,19
PEPE,1790142420000,1790142480000,5.01e-06,5.02e-06,10.3580796079494,target,2077849470.0,19
PEPE,1790144520000,1790144580000,4.9900000000000005e-06,5e-06,10.442357430506108,target,2086385101.0,19
PEPE,1790145120000,1790145180000,4.96e-06,4.97e-06,10.569547006397258,target,2099214897.0,19
PEPE,1790208120000,1790208180000,4.32e-06,4.33e-06,13.67932850434996,target,2410454362.0,19
PEPE,1790208720000,1790208780000,4.32e-06,4.33e-06,13.681125498775632,target,2410771013.0,19
PEPE,1790209320000,1790209380000,4.34e-06,4.35e-06,13.5718682554654,target,2399976703.0,19
PEPE,1790209920000,1790209980000,4.35e-06,4.36e-06,13.518485185240205,target,2394771512.0,19
PEPE,1790210580000,1790210640000,4.32e-06,4.33e-06,13.686481472973519,target,2411714797.0,19
PEPE,1790211420000,1790211480000,4.32e-06,4.33e-06,13.688279409451175,target,2412031614.0,19
PEPE,1790212320000,1790212380000,4.32e-06,4.33e-06,13.69007757860054,target,2412348472.0,19
PEPE,1790212920000,1790213160000,4.32e-06,4.33e-06,13.69187598609964,target,2412665372.0,19
PEPE,1790213820000,1790213880000,4.34e-06,4.35e-06,13.582532889899777,target,2401862580.0,19
PEPE,1790214420000,1790214480000,4.31e-06,4.32e-06,13.751423879385454,target,2418896021.0,19
PEPE,1790215140000,1790215200000,4.3e-06,4.31e-06,13.80947041189655,target,2424841161.0,19
PEPE,1790216220000,1790216280000,4.34e-06,4.35e-06,13.587893858174418,target,2402810585.0,19
PEPE,1790216820000,1790216880000,4.360000000000001e-06,4.3700000000000005e-06,13.479484441045608,target,2392100167.0,19
PEPE,1790217420000,1790217480000,4.360000000000001e-06,4.3700000000000005e-06,13.481226568915275,target,2392409329.0,19
PEPE,1790218020000,1790218080000,4.38e-06,4.39e-06,13.373766998740276,target,2381792876.0,19
PEPE,1790218620000,1790218680000,4.38e-06,4.39e-06,13.375481471609966,target,2382098214.0,19
PEPE,1790219220000,1790219580000,4.4e-06,4.360000000000001e-06,-110.42050792848002,stop,2371574483.0,19
PEPE,1790222220000,1790222280000,4.360000000000001e-06,4.3700000000000005e-06,13.472154990910093,target,2390799466.0,19
PEPE,1790223120000,1790223360000,4.360000000000001e-06,4.3700000000000005e-06,13.473896177734872,target,2391108461.0,19
PEPE,1790223720000,1790223780000,4.360000000000001e-06,4.3700000000000005e-06,13.475637584325877,target,2391417495.0,19
PEPE,1790224320000,1790224380000,4.3700000000000005e-06,4.38e-06,13.422675999375965,target,2386253511.0,19
PEPE,1790225520000,1790225580000,4.38e-06,4.39e-06,13.36994330165533,target,2381111897.0,19
PEPE,1790226780000,1790226840000,4.43e-06,4.44e-06,13.10300870025084,target,2354538850.0,19
PEPE,1790227320000,1790227380000,4.41e-06,4.42e-06,13.211396533335169,target,2365514151.0,19
