coin,entry_ts,exit_ts,entry,exit,pnl,reason,quantity,episode
PEPE,1767312180000,1767312240000,4.92e-06,4.93e-06,15.472560971525155,target,3048780487.0,1
PEPE,1767313620000,1767313980000,4.9000000000000005e-06,4.9100000000000004e-06,15.599352018205472,target,3061698139.0,1
PEPE,1767316020000,1767316080000,4.890000000000001e-06,4.9000000000000005e-06,15.664374907739836,target,3068437788.0,1
PEPE,1767316680000,1767316740000,4.9000000000000005e-06,4.9100000000000004e-06,15.604228203239728,target,3062655192.0,1
PEPE,1767317820000,1767317880000,4.92e-06,4.93e-06,15.48220664847475,target,3050681113.0,1
PEPE,1767318420000,1767318660000,4.890000000000001e-06,4.9000000000000005e-06,15.671695855512029,target,3069871862.0,1
PEPE,1767320220000,1767320280000,4.88e-06,4.89e-06,15.737035568926338,target,3076644295.0,1
PEPE,1767322020000,1767322080000,4.9100000000000004e-06,4.92e-06,15.551591910211766,target,3058326826.0,1
PEPE,1767322620000,1767322680000,4.93e-06,4.94e-06,15.429980509546278,target,3046392993.0,1
PEPE,1767323220000,1767323280000,4.96e-06,4.97e-06,15.248164490134727,target,3028433861.0,1
PEPE,1767324420000,1767324480000,5.12e-06,5.13e-06,14.304429881625282,target,2934242027.0,1
PEPE,1767325020000,1767325080000,5.13e-06,5.14e-06,14.249295605474115,target,2928940515.0,1
PEPE,1767325740000,1767325800000,5.11e-06,5.12e-06,14.365917204174107,target,2940822355.0,1
PEPE,1767326820000,1767326880000,5.12e-06,5.13e-06,14.310559760249873,target,2935499438.0,1
PEPE,1767327420000,1767327480000,5.13e-06,5.14e-06,14.25540185671042,target,2930195654.0,1
PEPE,1767328020000,1767328080000,5.13e-06,5.14e-06,14.257429710335911,target,2930612479.0,1
PEPE,1767328620000,1767328680000,5.12e-06,5.13e-06,14.316675896250898,target,2936754030.0,1
PEPE,1767329220000,1767329280000,5.13e-06,5.14e-06,14.26149441783409,target,2931447979.0,1
PEPE,1767329820000,1767329880000,5.13e-06,5.14e-06,14.263523137429484,target,2931864982.0,1
PEPE,1767331020000,1767331080000,5.12e-06,5.13e-06,14.322794640376113,target,2938009157.0,1
PEPE,1767332280000,1767332460000,5.11e-06,5.12e-06,14.382315001198984,target,2944179120.0,1
PEPE,1767333420000,1767333480000,5.1600000000000006e-06,5.1700000000000005e-06,14.099190438405984,target,2916068343.0,1
PEPE,1767334020000,1767334080000,5.21e-06,5.22e-06,13.821419716665389,target,2888488969.0,1
PEPE,1767334620000,1767334680000,5.21e-06,5.22e-06,13.82332381171495,target,2888886899.0,1
PEPE,1767398820000,1767398880000,6.02e-06,6.03e-06,9.939595949925948,target,2500527283.0,1
PEPE,1767399420000,1767399420000,6.11e-06,6.07e-06,-121.04098642687244,entry_bar_stop,2463938655.0,1
PEPE,1767399720000,1767399780000,6.1e-06,6.11e-06,9.601180768495478,target,2465001481.0,1
PEPE,1767400320000,1767400380000,6.12e-06,6.13e-06,9.52157731662678,target,2457181243.0,1
PEPE,1767400920000,1767400980000,6.18e-06,6.19e-06,9.28401698311462,target,2433556221.0,1
PEPE,1767401520000,1767401580000,6.220000000000001e-06,6.2300000000000005e-06,9.128441629575548,target,2418130233.0,1
PEPE,1767402120000,1767402120000,6.16e-06,6.120000000000001e-06,-120.14176206359883,entry_bar_stop,2441905733.0,1
PEPE,1767406920000,1767406980000,6.11e-06,6.12e-06,9.552978500624953,target,2458939125.0,1
PEPE,1767407520000,1767407580000,6.17e-06,6.18e-06,9.314867514825258,target,2435259481.0,1
PEPE,1767408720000,1767408780000,6.2300000000000005e-06,6.24e-06,9.08129375194428,target,2412030213.0,1
PEPE,1767409320000,1767409380000,6.2e-06,6.21e-06,9.198780331620737,target,2423921036.0,1
PEPE,1767411120000,1767411180000,6.220000000000001e-06,6.2300000000000005e-06,9.121717146575058,target,2416348913.0,1
PEPE,1767411720000,1767411780000,6.24e-06,6.25e-06,9.045132156135423,target,2408823477.0,1
PEPE,1767417420000,1767417480000,6.1e-06,6.11e-06,9.598566798939423,target,2464330372.0,1
PEPE,1767418020000,1767418080000,6.09e-06,6.1e-06,9.63993497164481,target,2468613309.0,1
PEPE,1767419760000,1767419820000,6.08e-06,6.09e-06,9.681447958741774,target,2472911356.0,1
PEPE,1767420120000,1767420180000,6.07e-06,6.08e-06,9.723106515751152,target,2477224590.0,1
PEPE,1767420720000,1767420780000,6.09e-06,6.1e-06,9.642728534449681,target,2469328690.0,1
PEPE,1767421320000,1767421380000,6.1e-06,6.11e-06,9.603191546667151,target,2465517727.0,1
PEPE,1767421920000,1767421980000,6.1e-06,6.11e-06,9.604111327543743,target,2465753871.0,1
PEPE,1767429120000,1767429180000,5.85e-06,5.86e-06,10.65834617091621,target,2571374227.0,1
PEPE,1767429720000,1767429780000,6.09e-06,6.1e-06,9.646528540715092,target,2470301803.0,1
PEPE,1767430320000,1767430380000,6.09e-06,6.1e-06,9.647456364808662,target,2470539402.0,1
PEPE,1767430920000,1767430980000,6.09e-06,6.1e-06,9.648384278721839,target,2470777024.0,1
PEPE,1767485820000,1767485880000,6.21e-06,6.22e-06,9.172060273289606,target,2423265594.0,1
PEPE,1767486420000,1767486480000,6.18e-06,6.19e-06,9.290485014230075,target,2435251642.0,1
PEPE,1767487080000,1767487260000,6.21e-06,6.17e-06,-119.42838657697392,stop,2423711549.0,1
PEPE,1767487920000,1767487980000,6.24e-06,6.25e-06,9.04650174732576,target,2409188215.0,1
PEPE,1767488520000,1767488580000,6.220000000000001e-06,6.2300000000000005e-06,9.124752439100934,target,2417152964.0,1
PEPE,1767489420000,1767489480000,6.21e-06,6.22e-06,9.164490765339778,target,2421265724.0,1
PEPE,1767491220000,1767491280000,6.2e-06,6.21e-06,9.204365345834319,target,2425392713.0,1
PEPE,1767492120000,1767492180000,6.24e-06,6.25e-06,9.04980001916432,target,2410066583.0,1
PEPE,1767874020000,1767874080000,6.2300000000000005e-06,6.190000000000001e-06,-119.02981174210504,stop,2414152961.0,1
PEPE,1767878520000,1767878580000,6.1400000000000005e-06,6.15e-06,9.43176510327108,target,2446631674.0,1
PEPE,1767879120000,1767879180000,6.15e-06,6.110000000000001e-06,-120.15322268498757,stop,2442883454.0,1
PEPE,1767883320000,1767883380000,6.0600000000000004e-06,6.07e-06,9.743806906284483,target,2476189811.0,1
PEPE,1767883920000,1767883980000,6.08e-06,6.09e-06,9.663335148600344,target,2468284840.0,1
PEPE,1767884520000,1767884640000,6.08e-06,6.040000000000001e-06,-121.1551208645988,stop,2468523245.0,1
PEPE,1767885120000,1767885180000,6.09e-06,6.1e-06,9.612101752220681,target,2461485724.0,1
PEPE,1767885720000,1767885780000,6.1e-06,6.11e-06,9.572690339174619,target,2457686865.0,1
PEPE,1767886320000,1767886380000,6.130000000000001e-06,6.1400000000000005e-06,9.453377507874965,target,2445893275.0,1
PEPE,1767888120000,1767888180000,6.220000000000001e-06,6.2300000000000005e-06,9.100507682801624,target,2410730512.0,1
PEPE,1767888720000,1767888780000,6.16e-06,6.17e-06,9.336051540596976,target,2434433257.0,1
PEPE,1767890820000,1767890880000,6.130000000000001e-06,6.1400000000000005e-06,9.456015223506519,target,2446575737.0,1
PEPE,1767892020000,1767892080000,6.17e-06,6.18e-06,9.298362777525089,target,2430944517.0,1
PEPE,1767892620000,1767892680000,6.16e-06,6.17e-06,9.338674757294966,target,2435117277.0,1
PEPE,1767893220000,1767893280000,6.17e-06,6.130000000000001e-06,-119.66123317928978,stop,2431397606.0,1
PEPE,1767894120000,1767894180000,6.17e-06,6.18e-06,9.288968512502047,target,2428488500.0,1
PEPE,1767895320000,1767895380000,6.2e-06,6.21e-06,9.172372619190575,target,2416962482.0,1
PEPE,1767895920000,1767895980000,6.19e-06,6.2e-06,9.212245079485438,target,2421089377.0,1
PEPE,1767896520000,1767896580000,6.17e-06,6.18e-06,9.291541884524586,target,2429161277.0,1
PEPE,1767897120000,1767897180000,6.19e-06,6.2e-06,9.213951222461601,target,2421537772.0,1
PEPE,1767898320000,1767898620000,6.17e-06,6.130000000000001e-06,-119.57331363312139,stop,2429611168.0,1
PEPE,1767899280000,1767899400000,6.17e-06,6.18e-06,9.282143561176992,target,2426704199.0,1
PEPE,1767899820000,1767899820000,6.1400000000000005e-06,6.100000000000001e-06,-119.91519720773817,entry_bar_stop,2438787822.0,1
PEPE,1767901620000,1767901680000,6.130000000000001e-06,6.1400000000000005e-06,9.429950548590465,target,2439831966.0,1
PEPE,1767918420000,1767918480000,6.1e-06,6.11e-06,9.550785474585052,target,2452063023.0,1
PEPE,1767919080000,1767919140000,6.1e-06,6.11e-06,9.551700238706587,target,2452297879.0,1
PEPE,1767919620000,1767919800000,6.1e-06,6.11e-06,9.552615084621053,target,2452532756.0,1
PEPE,1767920220000,1767920280000,6.09e-06,6.1e-06,9.593785216951298,target,2456795190.0,1
PEPE,1767921480000,1767921540000,6.1e-06,6.11e-06,9.554448905152942,target,2453003570.0,1
PEPE,1767924420000,1767924480000,6.08e-06,6.09e-06,9.636022303785364,target,2461308379.0,1
PEPE,1767925020000,1767925200000,6.12e-06,6.08e-06,-120.16978513721907,stop,2445457573.0,1
PEPE,1767925620000,1767925680000,6.09e-06,6.1e-06,9.584995550076691,target,2454544315.0,1
PEPE,1767929820000,1767929880000,6.03e-06,6.04e-06,9.830052083409193,target,2479206074.0,1
PEPE,1767930420000,1767930480000,6.040000000000001e-06,6.0500000000000005e-06,9.789991658158616,target,2475345552.0,1
PEPE,1767931140000,1767931200000,6.130000000000001e-06,6.1400000000000005e-06,9.42767170207549,target,2439242355.0,1
PEPE,1767931620000,1767931800000,6.1400000000000005e-06,6.15e-06,9.388852365074662,target,2435499965.0,1
PEPE,1767932880000,1767932940000,6.130000000000001e-06,6.1400000000000005e-06,9.429451287216018,target,2439702791.0,1
PEPE,1767935220000,1767935280000,6.12e-06,6.13e-06,9.470191348500368,target,2443920348.0,1
PEPE,1767935820000,1767935880000,6.1e-06,6.11e-06,9.551186862126977,target,2452166075.0,1
PEPE,1767936420000,1767937080000,6.11e-06,6.07e-06,-120.27702075787427,stop,2448387191.0,1
PEPE,1767937620000,1767937680000,6.12e-06,6.13e-06,9.460574544002611,target,2441438592.0,1
PEPE,1767938460000,1767938520000,6.130000000000001e-06,6.1400000000000005e-06,9.421661491802494,target,2437687320.0,1
PEPE,1767938820000,1767938880000,6.12e-06,6.13e-06,9.462367893998467,target,2441901392.0,1
PEPE,1767939540000,1767939600000,6.12e-06,6.13e-06,9.463266587875083,target,2442133313.0,1
PEPE,1767940020000,1767940080000,6.1400000000000005e-06,6.15e-06,9.384649270139127,target,2434409668.0,1
PEPE,1767940740000,1767940800000,6.1400000000000005e-06,6.15e-06,9.385533094427192,target,2434638935.0,1
PEPE,1767941220000,1767941280000,6.16e-06,6.17e-06,9.307402364846666,target,2426962807.0,1
PEPE,1767941820000,1767941880000,6.16e-06,6.17e-06,9.308271533081161,target,2427189448.0,1
PEPE,1768005120000,1768005180000,6.11e-06,6.12e-06,9.507684353999633,target,2447280400.0,1
PEPE,1768005780000,1768005840000,6.09e-06,6.1e-06,9.588929095625295,target,2455551625.0,1
PEPE,1768006620000,1768006680000,6.08e-06,6.09e-06,9.630222430950486,target,2459826930.0,1
PEPE,1768009680000,1768009740000,6.07e-06,6.08e-06,9.671660567350823,target,2464117342.0,1
PEPE,1768012500000,1768012560000,6.0500000000000005e-06,6.0600000000000004e-06,9.754024248210127,target,2472502978.0,1
PEPE,1768015620000,1768015680000,6.02e-06,6.03e-06,9.878143161450545,target,2485067462.0,1
PEPE,1768016580000,1768016640000,5.99e-06,6e-06,10.003532436541473,target,2497760908.0,1
PEPE,1768017420000,1768017480000,6.01e-06,6.02e-06,9.921448777541169,target,2489698564.0,1
PEPE,1768018620000,1768018680000,5.9700000000000004e-06,5.98e-06,10.089182707101305,target,2506629244.0,1
PEPE,1768020720000,1768020780000,5.99e-06,6e-06,10.006542622576362,target,2498512515.0,1
PEPE,1768021320000,1768021560000,6e-06,6.01e-06,9.965920971545629,target,2494598491.0,1
PEPE,1768021920000,1768021980000,6e-06,6.01e-06,9.966916317805953,target,2494847639.0,1
PEPE,1768024320000,1768024380000,5.9700000000000004e-06,5.98e-06,10.09323082267575,target,2507634987.0,1
PEPE,1768024920000,1768025820000,5.9700000000000004e-06,5.930000000000001e-06,-122.67337018419042,stop,2507888586.0,1
PEPE,1768029840000,1768029900000,5.94e-06,5.95e-06,10.208287640289717,target,2517456878.0,1
PEPE,1768030320000,1768030380000,5.92e-06,5.93e-06,10.294348354125479,target,2526220455.0,1
PEPE,1768032000000,1768032060000,5.93e-06,5.94e-06,10.252827486961017,target,2522220784.0,1
PEPE,1768032420000,1768032480000,5.950000000000001e-06,5.9600000000000005e-06,10.169134874225513,target,2514001205.0,1
PEPE,1768033020000,1768033080000,5.9600000000000005e-06,5.9700000000000004e-06,10.12800743359406,target,2510039017.0,1
PEPE,1768034220000,1768034280000,5.94e-06,5.95e-06,10.213515374676582,target,2518746085.0,1
PEPE,1768034820000,1768034880000,5.950000000000001e-06,5.9600000000000005e-06,10.17224619519021,target,2514770382.0,1
PEPE,1768035420000,1768035480000,5.950000000000001e-06,5.9600000000000005e-06,10.173283507125447,target,2515026825.0,1
PEPE,1768036200000,1768036260000,5.9600000000000005e-06,5.9700000000000004e-06,10.132139285699314,target,2511063020.0,1
PEPE,1768036620000,1768036680000,5.950000000000001e-06,5.9600000000000005e-06,10.17535414667006,target,2515538726.0,1
PEPE,1768089840000,1768089900000,5.93e-06,5.94e-06,10.26119910649767,target,2524280223.0,1
PEPE,1768091820000,1768092240000,5.950000000000001e-06,5.910000000000001e-06,-122.9972965147035,stop,2516053933.0,1
PEPE,1768092720000,1768092840000,5.950000000000001e-06,5.9600000000000005e-06,10.164895536243908,target,2512953161.0,1
PEPE,1768095120000,1768095540000,5.9600000000000005e-06,5.9700000000000004e-06,10.123785241875016,target,2508992625.0,1
PEPE,1768096020000,1768096080000,5.9700000000000004e-06,5.98e-06,10.08280340410072,target,2505044324.0,1
PEPE,1768097220000,1768097280000,5.98e-06,5.99e-06,10.04194941898649,target,2501108199.0,1
PEPE,1768097820000,1768097880000,6e-06,6.01e-06,9.959623772896204,target,2493022221.0,1
PEPE,1768098600000,1768098660000,5.98e-06,5.99e-06,10.04396379266517,target,2501609911.0,1
PEPE,1768099080000,1768099140000,5.9700000000000004e-06,5.98e-06,10.086861606324494,target,2506052573.0,1
PEPE,1768100220000,1768100280000,5.9700000000000004e-06,5.98e-06,10.087881698300134,target,2506306012.0,1
PEPE,1768101780000,1768101840000,5.9700000000000004e-06,5.98e-06,10.088901890899486,target,2506559476.0,1
PEPE,1768102320000,1768102380000,5.9700000000000004e-06,5.98e-06,10.089922188149758,target,2506812966.0,1
PEPE,1768102920000,1768103040000,5.98e-06,5.99e-06,10.049039362945123,target,2502874063.0,1
PEPE,1768104240000,1768104240000,5.9600000000000005e-06,5.920000000000001e-06,-122.81361558089992,entry_bar_stop,2511525881.0,1
PEPE,1768107420000,1768107480000,5.93e-06,5.94e-06,10.248373783529553,target,2521125162.0,1
PEPE,1768108020000,1768108080000,5.92e-06,5.93e-06,10.29199722582511,target,2525643491.0,1
PEPE,1768108620000,1768108680000,5.93e-06,5.94e-06,10.25048583964604,target,2521644733.0,1
PEPE,1768109340000,1768109400000,5.92e-06,5.93e-06,10.294118271474192,target,2526163993.0,1
PEPE,1768109820000,1768110120000,5.93e-06,5.94e-06,10.252598330714214,target,2522164411.0,1
PEPE,1768110420000,1768110480000,5.93e-06,5.94e-06,10.25365255188034,target,2522423752.0,1
PEPE,1768111020000,1768111080000,5.92e-06,5.93e-06,10.2972984626003,target,2526944408.0,1
PEPE,1768112340000,1768112400000,5.92e-06,5.93e-06,10.298361674925353,target,2527205319.0,1
PEPE,1768115220000,1768115280000,5.98e-06,5.99e-06,10.045959861962437,target,2502107064.0,1
PEPE,1768115820000,1768115880000,5.98e-06,5.99e-06,10.046971597796365,target,2502359053.0,1
PEPE,1768176120000,1768176180000,5.7900000000000005e-06,5.8e-06,10.868809611134619,target,2584734747.0,1
PEPE,1768177320000,1768177380000,5.8e-06,5.81e-06,10.82544667461103,target,2580559398.0,1
PEPE,1768177920000,1768177980000,5.8e-06,5.760000000000001e-06,-125.58364354955776,stop,2580839366.0,1
PEPE,1768180560000,1768180620000,5.84e-06,5.85e-06,10.63653730843533,target,2559936777.0,1
PEPE,1768180920000,1768180980000,5.85e-06,5.86e-06,10.59393005646005,target,2555833548.0,1
PEPE,1768181520000,1768181580000,5.86e-06,5.87e-06,10.55145826845554,target,2551743233.0,1
PEPE,1768182120000,1768182180000,5.85e-06,5.86e-06,10.596177434011041,target,2556375738.0,1
PEPE,1768183320000,1768183380000,5.8800000000000005e-06,5.89e-06,10.466927641225343,target,2543603315.0,1
PEPE,1768183920000,1768183980000,5.9e-06,5.91e-06,10.38183662470668,target,2535247039.0,1
PEPE,1768185120000,1768185180000,5.92e-06,5.93e-06,10.297301156173933,target,2526945069.0,1
PEPE,1768186440000,1768186500000,5.98e-06,5.99e-06,10.044925332968248,target,2501849398.0,1
PEPE,1768186920000,1768186980000,5.9700000000000004e-06,5.98e-06,10.087827256150028,target,2506292486.0,1
PEPE,1768187580000,1768187640000,5.950000000000001e-06,5.9600000000000005e-06,10.17305896108559,target,2514971313.0,1
PEPE,1768188720000,1768188900000,5.98e-06,5.940000000000001e-06,-122.45268660260834,stop,2502609577.0,1
PEPE,1768189320000,1768189380000,5.94e-06,5.95e-06,10.20388005804042,target,2516369928.0,1
PEPE,1768191420000,1768191480000,5.94e-06,5.95e-06,10.204924922054385,target,2516627601.0,1
PEPE,1768192320000,1768192380000,5.9700000000000004e-06,5.98e-06,10.07955648892635,target,2504237637.0,1
PEPE,1768193100000,1768193160000,5.99e-06,6e-06,9.996995251260156,target,2496128652.0,1
PEPE,1768194120000,1768194180000,5.9700000000000004e-06,5.98e-06,10.081586843825662,target,2504742073.0,1
PEPE,1768194720000,1768194780000,5.99e-06,6e-06,9.999008973269898,target,2496631454.0,1
PEPE,1768195320000,1768195620000,6.03e-06,5.99e-06,-121.54802196091501,stop,2480318783.0,1
PEPE,1768195920000,1768195980000,6.01e-06,6.02e-06,9.904873357333827,target,2485539111.0,1
PEPE,1768196520000,1768196580000,6e-06,5.9600000000000005e-06,-121.90693843007958,stop,2489929298.0,1
PEPE,1768198620000,1768198680000,5.9700000000000004e-06,5.98e-06,10.059998534950571,target,2499378518.0,1
PEPE,1768262880000,1768262940000,5.74e-06,5.75e-06,11.062109526366772,target,2599790723.0,1
PEPE,1768263720000,1768263780000,5.74e-06,5.75e-06,11.063339557509813,target,2600079802.0,1
PEPE,1768265820000,1768265880000,5.74e-06,5.75e-06,11.064569729070886,target,2600368914.0,1
PEPE,1768267020000,1768267080000,5.75e-06,5.76e-06,11.020593813631969,target,2596135174.0,1
PEPE,1768267620000,1768267680000,5.74e-06,5.75e-06,11.067025455516276,target,2600946053.0,1
PEPE,1768270020000,1768270080000,5.76e-06,5.77e-06,10.977980526591702,target,2592203194.0,1
PEPE,1768271220000,1768271280000,5.74e-06,5.75e-06,11.069476714211092,target,2601522142.0,1
PEPE,1768273080000,1768273140000,5.73e-06,5.74e-06,11.116091693705084,target,2606352097.0,1
PEPE,1768273920000,1768273980000,5.72e-06,5.73e-06,11.162880692550075,target,2611200162.0,1
PEPE,1768275180000,1768275240000,5.75e-06,5.76e-06,11.027948450176329,target,2597867715.0,1
PEPE,1768276320000,1768276380000,5.75e-06,5.76e-06,11.029169673000627,target,2598155400.0,1
PEPE,1768277280000,1768277340000,5.75e-06,5.76e-06,11.030391035908785,target,2598443118.0,1
PEPE,1768277880000,1768277940000,5.77e-06,5.78e-06,10.941580245375963,target,2589723135.0,1
PEPE,1768278420000,1768278480000,5.76e-06,5.77e-06,10.98772494396572,target,2594504119.0,1
PEPE,1768279620000,1768279680000,5.76e-06,5.77e-06,10.988936738395967,target,2594790257.0,1
PEPE,1768280820000,1768280880000,5.8e-06,5.81e-06,10.811267369057461,target,2577179349.0,1
PEPE,1768282020000,1768282080000,5.8700000000000005e-06,5.8800000000000005e-06,10.505230902376432,target,2546722643.0,1
PEPE,1768285620000,1768285680000,5.86e-06,5.87e-06,10.549780525284802,target,2551337491.0,1
PEPE,1768286280000,1768286340000,5.85e-06,5.86e-06,10.594492578555782,target,2555969259.0,1
PEPE,1768286820000,1768286880000,5.86e-06,5.87e-06,10.55201853614435,target,2551878727.0,1
PEPE,1768287660000,1768287720000,5.8700000000000005e-06,5.8800000000000005e-06,10.509679314749818,target,2547801046.0,1
PEPE,1768288620000,1768288680000,5.85e-06,5.86e-06,10.59785706262042,target,2556780956.0,1
PEPE,1768289820000,1768290840000,5.85e-06,5.86e-06,10.59898342492187,target,2557052696.0,1
PEPE,1768291320000,1768291380000,5.86e-06,5.87e-06,10.556491378050433,target,2552960430.0,1
PEPE,1768419420000,1768419480000,6.24e-06,6.25e-06,9.003534157238681,target,2397745448.0,1
PEPE,1768425420000,1768425480000,6.24e-06,6.25e-06,9.004346855647647,target,2397961879.0,1
PEPE,1768427820000,1768427880000,6.24e-06,6.25e-06,9.005159625394604,target,2398178329.0,1
PEPE,1768429620000,1768429680000,6.24e-06,6.25e-06,9.005972470246247,target,2398394799.0,1
PEPE,1768433220000,1768433280000,6.2300000000000005e-06,6.24e-06,9.045267125822352,target,2402461388.0,1
PEPE,1768435320000,1768435380000,6.2300000000000005e-06,6.24e-06,9.046087078814692,target,2402679171.0,1
PEPE,1768436220000,1768436280000,6.24e-06,6.25e-06,9.00841839463542,target,2399046177.0,1
PEPE,1768438320000,1768438380000,6.21e-06,6.22e-06,9.12507999409572,target,2410853367.0,1
PEPE,1768438920000,1768438980000,6.2300000000000005e-06,6.24e-06,9.048550909874718,target,2403333575.0,1
PEPE,1768440120000,1768440540000,6.2e-06,6.21e-06,9.165613887374509,target,2415181525.0,1
PEPE,1768443120000,1768443180000,6.17e-06,6.130000000000001e-06,-119.45206598423937,stop,2427147536.0,1
PEPE,1768444020000,1768444320000,6.16e-06,6.17e-06,9.312066369124455,target,2428178975.0,1
PEPE,1768447080000,1768447140000,6.11e-06,6.12e-06,9.511560484545956,target,2448278117.0,1
PEPE,1768450020000,1768450080000,6.07e-06,6.08e-06,9.67373866252707,target,2464646793.0,1
PEPE,1768450620000,1768450680000,6.09e-06,6.1e-06,9.593768792521342,target,2456790984.0,1
PEPE,1768451220000,1768451280000,6.09e-06,6.1e-06,9.594691544019867,target,2457027284.0,1
PEPE,1768451820000,1768451880000,6.1e-06,6.11e-06,9.555351512975712,target,2453235305.0,1
PEPE,1768452480000,1768452540000,6.1e-06,6.11e-06,9.556266713335313,target,2453470273.0,1
PEPE,1768453020000,1768453320000,6.11e-06,6.12e-06,9.51704323741674,target,2449689379.0,1
PEPE,1768453620000,1768453680000,6.1e-06,6.11e-06,9.558093530655967,target,2453939289.0,1
PEPE,1768456020000,1768456140000,6.09e-06,6.1e-06,9.599287272134802,target,2458204167.0,1
PEPE,1768456620000,1768456680000,6.08e-06,6.09e-06,9.640625212350693,target,2462484090.0,1
PEPE,1768457220000,1768457280000,6.08e-06,6.09e-06,9.641556371610498,target,2462721934.0,1
PEPE,1768457820000,1768457880000,6.09e-06,6.1e-06,9.602065156364073,target,2458915533.0,1
PEPE,1768458420000,1768458480000,6.08e-06,6.09e-06,9.643415060924038,target,2463196695.0,1
PEPE,1768460820000,1768460880000,6.07e-06,6.08e-06,9.684909966125046,target,2467492985.0,1
PEPE,1768461420000,1768461480000,6.07e-06,6.08e-06,9.685849336374668,target,2467732315.0,1
PEPE,1768462020000,1768462080000,6.09e-06,6.1e-06,9.605779354159608,target,2459866672.0,1
PEPE,1768462620000,1768462680000,6.07e-06,6.08e-06,9.687720497699274,target,2468209044.0,1
PEPE,1768521720000,1768521780000,5.91e-06,5.92e-06,10.368020300524286,target,2538071065.0,2
PEPE,1768522440000,1768522500000,5.91e-06,5.92e-06,10.36909526010409,target,2538334213.0,2
PEPE,1768522920000,1768522980000,5.92e-06,5.93e-06,10.32731005927479,target,2534309217.0,2
PEPE,1768523520000,1768523580000,5.9e-06,5.91e-06,10.414251068130321,target,2543162654.0,2
PEPE,1768524720000,1768525560000,5.92e-06,5.8800000000000005e-06,-123.8013298249185,stop,2534834763.0,2
PEPE,1768528020000,1768528080000,5.92e-06,5.93e-06,10.316668962875728,target,2531697905.0,2
PEPE,1768528860000,1768528980000,5.91e-06,5.92e-06,10.360554705669024,target,2536243502.0,2
PEPE,1768531020000,1768531080000,5.89e-06,5.9e-06,10.447715079530862,target,2545119386.0,2
PEPE,1768531920000,1768531980000,5.89e-06,5.9e-06,10.44880730098576,target,2545385457.0,2
PEPE,1768532520000,1768532580000,5.9e-06,5.91e-06,10.406774572740819,target,2541336892.0,2
PEPE,1768533120000,1768533180000,5.9e-06,5.91e-06,10.407858023747027,target,2541601471.0,2
PEPE,1768533720000,1768533780000,5.9e-06,5.91e-06,10.408941585314958,target,2541866077.0,2
PEPE,1768540020000,1768540080000,5.7900000000000005e-06,5.8e-06,10.892744710821445,target,2590426804.0,2
PEPE,1768540620000,1768540680000,5.8e-06,5.81e-06,10.849286280702039,target,2586242260.0,2
PEPE,1768542120000,1768542180000,5.85e-06,5.86e-06,10.629503540741187,target,2564415812.0,2
PEPE,1768542780000,1768542840000,5.85e-06,5.86e-06,10.630633268778698,target,2564688364.0,2
PEPE,1768543920000,1768543980000,5.84e-06,5.85e-06,10.675661714999883,target,2569353000.0,2
PEPE,1768544520000,1768544580000,5.85e-06,5.86e-06,10.632897744456296,target,2565234679.0,2
PEPE,1768546320000,1768546380000,5.8800000000000005e-06,5.89e-06,10.503200045310026,target,2552417994.0,2
PEPE,1768546920000,1768546980000,5.8800000000000005e-06,5.89e-06,10.504302614294321,target,2552685933.0,2
PEPE,1768548720000,1768548780000,5.9e-06,5.91e-06,10.418907758807407,target,2544299819.0,2
PEPE,1768549320000,1768549380000,5.8800000000000005e-06,5.89e-06,10.506499016118617,target,2553219688.0,2
PEPE,1768551120000,1768551180000,5.92e-06,5.93e-06,10.335155245201612,target,2536234416.0,2
PEPE,1768551720000,1768552200000,5.9700000000000004e-06,5.98e-06,10.123891710974931,target,2515252599.0,2
PEPE,1768608120000,1768608180000,5.92e-06,5.93e-06,10.337267676300634,target,2536752804.0,2
PEPE,1768609620000,1768609680000,5.91e-06,5.92e-06,10.381241043545225,target,2541307477.0,2
PEPE,1768610820000,1768610880000,5.9e-06,5.91e-06,10.425373309258836,target,2545878708.0,2
PEPE,1768611960000,1768612020000,5.89e-06,5.9e-06,10.469665327319047,target,2550466584.0,2
PEPE,1768612440000,1768612500000,5.89e-06,5.9e-06,10.470759843470447,target,2550733214.0,2
PEPE,1768612920000,1768612980000,5.89e-06,5.9e-06,10.471854474560391,target,2550999872.0,2
PEPE,1768613520000,1768613580000,5.8800000000000005e-06,5.89e-06,10.51631641028968,target,2555605446.0,2
PEPE,1768616520000,1768616580000,5.86e-06,5.87e-06,10.60460792513187,target,2564596838.0,2
PEPE,1768617120000,1768617180000,5.85e-06,5.86e-06,10.64955234616433,target,2569252677.0,2
PEPE,1768617720000,1768617780000,5.8700000000000005e-06,5.8800000000000005e-06,10.56318025125113,target,2560770970.0,2
PEPE,1768618920000,1768618980000,5.8800000000000005e-06,5.89e-06,10.520760363390224,target,2556685386.0,2
PEPE,1768619760000,1768619820000,5.8800000000000005e-06,5.89e-06,10.521864775895946,target,2556953773.0,2
PEPE,1768620720000,1768620780000,5.8700000000000005e-06,5.8800000000000005e-06,10.566511782751245,target,2561578614.0,2
PEPE,1768622820000,1768622880000,5.86e-06,5.87e-06,10.6113212837056,target,2566220383.0,2
PEPE,1768623420000,1768623480000,5.85e-06,5.86e-06,10.656294155506107,target,2570879169.0,2
PEPE,1768624620000,1768624680000,5.86e-06,5.87e-06,10.613572348759472,target,2566764776.0,2
PEPE,1768625820000,1768625880000,5.8700000000000005e-06,5.8800000000000005e-06,10.570986149624845,target,2562663309.0,2
PEPE,1768626420000,1768626480000,5.8700000000000005e-06,5.8800000000000005e-06,10.572100423500771,target,2562933436.0,2
PEPE,1768627020000,1768627140000,5.86e-06,5.87e-06,10.616933619966442,target,2567577659.0,2
PEPE,1768628880000,1768628940000,5.8700000000000005e-06,5.8800000000000005e-06,10.574333933625653,target,2563474893.0,2
PEPE,1768629600000,1768629660000,5.86e-06,5.87e-06,10.619176605231237,target,2568120098.0,2
PEPE,1768631520000,1768631580000,5.85e-06,5.86e-06,10.664182770286759,target,2572782333.0,2
PEPE,1768632120000,1768632480000,5.86e-06,5.82e-06,-125.22241358250004,stop,2568664894.0,2
PEPE,1768633020000,1768633080000,5.84e-06,5.85e-06,10.695989479109885,target,2574245362.0,2
PEPE,1768695120000,1768695180000,5.81e-06,5.82e-06,10.830000129434069,target,2587813651.0,2
PEPE,1768696320000,1768696380000,5.82e-06,5.83e-06,10.78672355299922,target,2583646360.0,2
PEPE,1768699320000,1768699380000,5.8e-06,5.81e-06,10.8769405261415,target,2592834452.0,2
PEPE,1768699920000,1768699980000,5.7900000000000005e-06,5.8e-06,10.922884296415333,target,2597594363.0,2
PEPE,1768701420000,1768701480000,5.7800000000000006e-06,5.7900000000000005e-06,10.96899771445704,target,2602371937.0,2
PEPE,1768702620000,1768702680000,5.81e-06,5.82e-06,10.835876296304171,target,2589217753.0,2
PEPE,1768703340000,1768703400000,5.7800000000000006e-06,5.7900000000000005e-06,10.971382860720762,target,2602937808.0,2
PEPE,1768704420000,1768704780000,5.8e-06,5.760000000000001e-06,-126.23600563997968,stop,2594245903.0,2
PEPE,1768706520000,1768706580000,5.8e-06,5.81e-06,10.86916604170865,target,2590981178.0,2
PEPE,1768707840000,1768707900000,5.7900000000000005e-06,5.8e-06,10.915076973835507,target,2595737687.0,2
PEPE,1768708560000,1768708620000,5.7900000000000005e-06,5.8e-06,10.916266038504293,target,2596020461.0,2
PEPE,1768709220000,1768709280000,5.8e-06,5.81e-06,10.872713765797453,target,2591826881.0,2
PEPE,1768710360000,1768710420000,5.7800000000000006e-06,5.7900000000000005e-06,10.963540836360515,target,2601077304.0,2
PEPE,1768710720000,1768711140000,5.7900000000000005e-06,5.8e-06,10.91983402726052,target,2596868972.0,2
PEPE,1768712460000,1768712520000,5.7800000000000006e-06,5.7900000000000005e-06,10.965934568581655,target,2601645212.0,2
PEPE,1768713420000,1768713480000,5.7900000000000005e-06,5.8e-06,10.92221821600545,target,2597435961.0,2
PEPE,1768714020000,1768714080000,5.7900000000000005e-06,5.8e-06,10.92340805860058,target,2597718920.0,2
PEPE,1768715820000,1768715880000,5.7900000000000005e-06,5.8e-06,10.92459803155025,target,2598001910.0,2
PEPE,1768718280000,1768718340000,5.8e-06,5.81e-06,10.881012516154868,target,2593805129.0,2
PEPE,1768719420000,1768719480000,5.7900000000000005e-06,5.8e-06,10.926973486512107,target,2598566822.0,2
PEPE,1768720020000,1768720200000,5.7900000000000005e-06,5.750000000000001e-06,-126.4210535800784,stop,2598849904.0,2
PEPE,1768721220000,1768721280000,5.7800000000000006e-06,5.7900000000000005e-06,10.95927549661462,target,2600065361.0,2
PEPE,1768722120000,1768722180000,5.7800000000000006e-06,5.7900000000000005e-06,10.960474284765432,target,2600349771.0,2
PEPE,1768722720000,1768722780000,5.7800000000000006e-06,5.7900000000000005e-06,10.96167320779537,target,2600634213.0,2
PEPE,1768785240000,1768785300000,5.21e-06,5.22e-06,13.806984328664848,target,2885472169.0,2
PEPE,1768785720000,1768785840000,5.21e-06,5.22e-06,13.80888643315498,target,2885869683.0,2
PEPE,1768786920000,1768786980000,5.21e-06,5.22e-06,13.810788800819655,target,2886267252.0,2
PEPE,1768789020000,1768789080000,5.18e-06,5.19e-06,13.97978920278221,target,2903383012.0,2
PEPE,1768789620000,1768789680000,5.19e-06,5.2e-06,13.92581671632632,target,2898192865.0,2
PEPE,1768791480000,1768791540000,5.23e-06,5.24e-06,13.706171586340446,target,2876426356.0,2
PEPE,1768792020000,1768792080000,5.23e-06,5.24e-06,13.70804471736965,target,2876819458.0,2
PEPE,1768792680000,1768792740000,5.23e-06,5.24e-06,13.7099181104777,target,2877212615.0,2
PEPE,1768793220000,1768793280000,5.23e-06,5.24e-06,13.71179175136158,target,2877605824.0,2
PEPE,1768795020000,1768795080000,5.24e-06,5.25e-06,13.658769467865138,target,2872506723.0,2
PEPE,1768795620000,1768795680000,5.24e-06,5.25e-06,13.660628653845091,target,2872897719.0,2
PEPE,1768796820000,1768796880000,5.24e-06,5.25e-06,13.662488087084398,target,2873288767.0,2
PEPE,1768797420000,1768797960000,5.2600000000000005e-06,5.220000000000001e-06,-136.98274684049855,stop,2862753330.0,2
PEPE,1768800120000,1768800180000,5.22e-06,5.23e-06,13.755599638525087,target,2880753851.0,2
PEPE,1768800720000,1768800780000,5.23e-06,5.24e-06,13.702425729305546,target,2875640237.0,2
PEPE,1768801320000,1768801380000,5.24e-06,5.25e-06,13.64943966334644,target,2870544619.0,2
PEPE,1768802100000,1768802160000,5.21e-06,5.22e-06,13.816527896325724,target,2887466645.0,2
PEPE,1768802820000,1768802880000,5.21e-06,5.22e-06,13.818431316690397,target,2887864434.0,2
PEPE,1768803420000,1768803480000,5.21e-06,5.22e-06,13.820334995445876,target,2888262277.0,2
PEPE,1768804020000,1768804080000,5.22e-06,5.23e-06,13.76692829260214,target,2883126344.0,2
PEPE,1768804740000,1768804860000,5.2e-06,5.21e-06,13.8796665251319,target,2894612414.0,2
PEPE,1768805220000,1768805280000,5.2e-06,5.21e-06,13.881586323256768,target,2895012789.0,2
PEPE,1768806120000,1768806180000,5.21e-06,5.22e-06,13.827960026925215,target,2889855805.0,2
PEPE,1768807320000,1768807380000,5.22e-06,5.23e-06,13.774523856450239,target,2884717038.0,2
PEPE,1768867320000,1768867380000,5.2600000000000005e-06,5.27e-06,13.557123378458677,target,2863172836.0,2
PEPE,1768867920000,1768867980000,5.2600000000000005e-06,5.27e-06,13.558953976810129,target,2863559446.0,2
PEPE,1768870020000,1768870080000,5.23e-06,5.24e-06,13.724982572206214,target,2880374097.0,2
PEPE,1768872600000,1768872660000,5.2500000000000006e-06,5.2600000000000005e-06,13.61716961657034,target,2869793386.0,2
PEPE,1768873020000,1768873080000,5.24e-06,5.25e-06,13.673762800725108,target,2875659895.0,2
PEPE,1768876380000,1768876440000,5.22e-06,5.23e-06,13.785762463574738,target,2887070673.0,2
PEPE,1768876920000,1768876980000,5.23e-06,5.24e-06,13.732471960955248,target,2881945847.0,2
PEPE,1768877520000,1768877580000,5.23e-06,5.24e-06,13.734348684794046,target,2882339703.0,2
PEPE,1768878120000,1768878180000,5.22e-06,5.23e-06,13.791422839299642,target,2888256092.0,2
PEPE,1768879680000,1768879740000,5.21e-06,5.22e-06,13.848731860259253,target,2894196836.0,2
PEPE,1768880520000,1768880580000,5.21e-06,5.22e-06,13.850639716319478,target,2894595552.0,2
PEPE,1768881240000,1768881300000,5.21e-06,5.22e-06,13.852547835556067,target,2894994323.0,2
PEPE,1768881780000,1768881840000,5.21e-06,5.22e-06,13.854456213179827,target,2895393148.0,2
PEPE,1768884120000,1768884180000,5.18e-06,5.19e-06,14.023990965375136,target,2912563025.0,2
PEPE,1768884720000,1768884780000,5.2e-06,5.21e-06,13.913965083409915,target,2901765398.0,2
PEPE,1768885620000,1768885680000,5.22e-06,5.23e-06,13.804751096250278,target,2891047350.0,2
PEPE,1768886220000,1768886280000,5.2e-06,5.21e-06,13.917799059920842,target,2902564976.0,2
PEPE,1768886820000,1768886880000,5.2e-06,5.21e-06,13.919724132546314,target,2902966451.0,2
PEPE,1768887420000,1768887540000,5.22e-06,5.23e-06,13.810464942427028,target,2892243967.0,2
PEPE,1768888680000,1768888740000,5.23e-06,5.24e-06,13.757078945103608,target,2887109957.0,2
PEPE,1768889460000,1768889520000,5.21e-06,5.22e-06,13.869748317151497,target,2898588990.0,2
PEPE,1768889820000,1768889880000,5.2e-06,5.1600000000000006e-06,-138.72194263487924,stop,2904563288.0,2
PEPE,1768891620000,1768891680000,5.2e-06,5.21e-06,13.90819332272977,target,2900561694.0,2
PEPE,1768893420000,1768893480000,5.19e-06,5.2e-06,13.965984358880046,target,2906552416.0,2
PEPE,1768953720000,1768953780000,4.980000000000001e-06,4.9900000000000005e-06,15.19313578311599,target,3029538541.0,2
PEPE,1768955520000,1768955580000,5.02e-06,5.03e-06,14.954117530749295,target,3005852770.0,2
PEPE,1768956720000,1768956780000,5.0800000000000005e-06,5.09e-06,14.601443318951446,target,2970792130.0,2
PEPE,1768957380000,1768957440000,5.070000000000001e-06,5.0800000000000005e-06,14.662137104300072,target,2977083676.0,2
PEPE,1768958040000,1768958100000,5.09e-06,5.1e-06,14.547337231140455,target,2965817988.0,2
PEPE,1768958520000,1768958580000,5.09e-06,5.1e-06,14.549440024261447,target,2966246692.0,2
PEPE,1768959240000,1768959300000,5.09e-06,5.1e-06,14.551543116586473,target,2966675457.0,2
PEPE,1768959720000,1768959780000,5.0800000000000005e-06,5.09e-06,14.612024876517367,target,2972945041.0,2
PEPE,1768960320000,1768960380000,5.0800000000000005e-06,5.09e-06,14.614145487669264,target,2973376498.0,2
PEPE,1768962120000,1768962180000,5.12e-06,5.13e-06,14.384053822126901,target,2950575143.0,2
PEPE,1768964220000,1768964280000,5.0800000000000005e-06,5.09e-06,14.618353936761284,target,2974232744.0,2
PEPE,1768967220000,1768967280000,5.04e-06,5.05e-06,14.856441902380677,target,2998272836.0,2
PEPE,1768968420000,1768968600000,5.04e-06,5.05e-06,14.858632785361497,target,2998714992.0,2
PEPE,1768969020000,1768969080000,5.03e-06,5.04e-06,14.920419573647138,target,3005119753.0,2
PEPE,1768969620000,1768969680000,5.05e-06,5.06e-06,14.803655964206005,target,2993661469.0,2
PEPE,1768970220000,1768970280000,5.05e-06,5.06e-06,14.80583034499083,target,2994101182.0,2
PEPE,1768970820000,1768971240000,5.06e-06,5.02e-06,-142.10901860969727,stop,2988622894.0,2
PEPE,1768974120000,1768974180000,5.03e-06,5.04e-06,14.905971850634984,target,3002209839.0,2
PEPE,1768974720000,1768974780000,5.04e-06,5.05e-06,14.848632163366723,target,2996696703.0,2
PEPE,1768975320000,1768975380000,5.03e-06,5.04e-06,14.910377364644573,target,3003097153.0,2
PEPE,1768975980000,1768976040000,5.03e-06,5.04e-06,14.912585017141076,target,3003541796.0,2
PEPE,1768976520000,1768976580000,5.05e-06,5.06e-06,14.795882720904187,target,2992089529.0,2
PEPE,1768977720000,1768977780000,5.05e-06,5.06e-06,14.798055959396088,target,2992529011.0,2
PEPE,1768978320000,1768978380000,5.05e-06,5.06e-06,14.800229514365697,target,2992968557.0,2
PEPE,1769041320000,1769041380000,5.1700000000000005e-06,5.18e-06,14.107955856874288,target,2923928675.0,2
PEPE,1769041920000,1769041980000,5.1700000000000005e-06,5.18e-06,14.109930835524363,target,2924337997.0,2
PEPE,1769042640000,1769042700000,5.2e-06,5.21e-06,13.94325502923532,target,2907873833.0,2
PEPE,1769043240000,1769043300000,5.2e-06,5.21e-06,13.945183621390658,target,2908276042.0,2
PEPE,1769043720000,1769043780000,5.2e-06,5.21e-06,13.947112482064398,target,2908678307.0,2
PEPE,1769044320000,1769044380000,5.19e-06,5.2e-06,14.005065235365105,target,2914685793.0,2
PEPE,1769044920000,1769044980000,5.22e-06,5.23e-06,13.839559981974544,target,2898337169.0,2
PEPE,1769045520000,1769045580000,5.22e-06,5.23e-06,13.84145894695057,target,2898734858.0,2
PEPE,1769046120000,1769046180000,5.2e-06,5.21e-06,13.95480751724609,target,2910283111.0,2
PEPE,1769047620000,1769047680000,5.23e-06,5.24e-06,13.789860253402054,target,2893989560.0,2
PEPE,1769048880000,1769048940000,5.22e-06,5.23e-06,13.84716509105051,target,2899929862.0,2
PEPE,1769049720000,1769049780000,5.22e-06,5.23e-06,13.849065096974032,target,2900327769.0,2
PEPE,1769050920000,1769050980000,5.21e-06,5.22e-06,13.906613641469075,target,2906293342.0,2
PEPE,1769052360000,1769052420000,5.2e-06,5.21e-06,13.96439947840091,target,2912283520.0,2
PEPE,1769055180000,1769055240000,5.21e-06,5.22e-06,13.91045325945036,target,2907095770.0,2
PEPE,1769056380000,1769056440000,5.2e-06,5.21e-06,13.968255051590248,target,2913087602.0,2
PEPE,1769057220000,1769057280000,5.2e-06,5.21e-06,13.97018710573605,target,2913490533.0,2
PEPE,1769057880000,1769057940000,5.2e-06,5.21e-06,13.972119423606063,target,2913893519.0,2
PEPE,1769058420000,1769058540000,5.2e-06,5.21e-06,13.9740520099963,target,2914296561.0,2
PEPE,1769060820000,1769060880000,5.18e-06,5.19e-06,14.088465259876614,target,2925953325.0,2
PEPE,1769063820000,1769063880000,5.15e-06,5.16e-06,14.260812036165827,target,2943408057.0,2
PEPE,1769064420000,1769064480000,5.15e-06,5.16e-06,14.262824474745486,target,2943823421.0,2
PEPE,1769068500000,1769068560000,5.12e-06,5.13e-06,14.437264929751244,target,2961490242.0,2
PEPE,1769069520000,1769069760000,5.12e-06,5.13e-06,14.439326893876029,target,2961913209.0,2
PEPE,1769126520000,1769126580000,4.94e-06,4.95e-06,15.520243223715308,target,3070275613.0,2
PEPE,1769127120000,1769127180000,4.94e-06,4.95e-06,15.522625453124684,target,3070746875.0,2
PEPE,1769127720000,1769127780000,4.93e-06,4.94e-06,15.587273421030241,target,3077447862.0,2
PEPE,1769129220000,1769129280000,4.92e-06,4.93e-06,15.652203649426882,target,3084178059.0,2
PEPE,1769129880000,1769129940000,4.93e-06,4.94e-06,15.59208765794645,target,3078398353.0,2
PEPE,1769130480000,1769130540000,4.94e-06,4.95e-06,15.532196317154153,target,3072640221.0,2
PEPE,1769131020000,1769131080000,4.95e-06,4.96e-06,15.47252835930157,target,3066903540.0,2
PEPE,1769131740000,1769131800000,4.94e-06,4.95e-06,15.536955291299837,target,3073581660.0,2
PEPE,1769132280000,1769132340000,4.96e-06,4.97e-06,15.415448296855292,target,3061658053.0,2
PEPE,1769132820000,1769132880000,4.97e-06,4.98e-06,15.356214230776777,target,3055963031.0,2
PEPE,1769133420000,1769133480000,4.980000000000001e-06,4.9900000000000005e-06,15.29719981142555,target,3050289095.0,2
PEPE,1769134680000,1769134740000,4.97e-06,4.98e-06,15.360863124599868,target,3056888184.0,2
PEPE,1769135220000,1769135280000,4.97e-06,4.98e-06,15.363192754801375,target,3057351792.0,2
PEPE,1769135820000,1769135880000,4.97e-06,4.98e-06,15.365522731726127,target,3057815469.0,2
PEPE,1769136420000,1769136480000,4.97e-06,4.98e-06,15.367853070450947,target,3058279218.0,2
PEPE,1769137320000,1769137380000,4.97e-06,4.98e-06,15.370183755900829,target,3058743036.0,2
PEPE,1769137980000,1769138040000,4.9900000000000005e-06,5e-06,15.249962602874565,target,3046945575.0,2
PEPE,1769138520000,1769138580000,5.01e-06,5.02e-06,15.130664944424744,target,3035238705.0,2
PEPE,1769139120000,1769139180000,5.01e-06,5.02e-06,15.132923219214305,target,3035691719.0,2
PEPE,1769139720000,1769139780000,5e-06,5.01e-06,15.195874364551251,target,3042217090.0,2
PEPE,1769142120000,1769142180000,5.03e-06,5.04e-06,15.016770651615488,target,3024525811.0,2
PEPE,1769142720000,1769142780000,5.01e-06,5.02e-06,15.139691109448755,target,3037049370.0,2
PEPE,1769143320000,1769143380000,5.02e-06,5.03e-06,15.081472968675671,target,3031451853.0,2
PEPE,1769145120000,1769145180000,5.03e-06,5.04e-06,15.023468655074058,target,3025874855.0,2
PEPE,1769213520000,1769213580000,5.03e-06,5.04e-06,15.025693054515246,target,3026322871.0,2
PEPE,1769214120000,1769214180000,5.04e-06,5.05e-06,14.967892829526564,target,3020765455.0,2
PEPE,1769214720000,1769214780000,5.04e-06,5.05e-06,14.970100148241002,target,3021210928.0,2
PEPE,1769215380000,1769215440000,5.04e-06,5.05e-06,14.972307793985383,target,3021656467.0,2
PEPE,1769215920000,1769215980000,5.04e-06,5.05e-06,14.974515761805483,target,3022102071.0,2
PEPE,1769218020000,1769218200000,5.02e-06,5.03e-06,15.097084075901375,target,3034589764.0,2
PEPE,1769219220000,1769219280000,5.01e-06,5.02e-06,15.159877707429867,target,3041098838.0,2
PEPE,1769220120000,1769220300000,5.01e-06,5.02e-06,15.162140344095945,target,3041552727.0,2
PEPE,1769221380000,1769221440000,5e-06,5.01e-06,15.225213031515175,target,3048090697.0,2
PEPE,1769221920000,1769221980000,5.01e-06,5.02e-06,15.166675702080326,target,3042462528.0,2
PEPE,1769222520000,1769223180000,5.02e-06,5.03e-06,15.108353789175037,target,3036855033.0,2
PEPE,1769223720000,1769223780000,5.01e-06,5.02e-06,15.171194295511029,target,3043368966.0,2
PEPE,1769224920000,1769224980000,5.06e-06,5.07e-06,14.872835962214982,target,3013745889.0,2
PEPE,1769225580000,1769225640000,5.070000000000001e-06,5.0800000000000005e-06,14.815590086851188,target,3008241642.0,2
PEPE,1769226180000,1769226240000,5.0800000000000005e-06,5.09e-06,14.758552493209258,target,3002757374.0,2
PEPE,1769226720000,1769226780000,5.070000000000001e-06,5.0800000000000005e-06,14.819899333798428,target,3009116616.0,2
PEPE,1769227620000,1769227740000,5.0800000000000005e-06,5.09e-06,14.762845155910117,target,3003630754.0,2
PEPE,1769228220000,1769228520000,5.12e-06,5.0800000000000005e-06,-141.99565985015752,stop,2980597394.0,2
PEPE,1769228820000,1769228880000,5.0800000000000005e-06,5.09e-06,14.744380115285946,target,2999873879.0,2
PEPE,1769229420000,1769229660000,5.0800000000000005e-06,5.09e-06,14.746519939175975,target,3000309245.0,2
PEPE,1769231160000,1769231400000,5.06e-06,5.07e-06,14.867207278876222,target,3012605325.0,2
PEPE,1769232420000,1769233500000,5.070000000000001e-06,5.0800000000000005e-06,14.809983067925609,target,3007103161.0,2
PEPE,1769234580000,1769235660000,5.0800000000000005e-06,5.040000000000001e-06,-142.81712570501722,stop,3001620969.0,2
PEPE,1769236020000,1769236260000,5.05e-06,5.06e-06,14.910214874159738,target,3015210288.0,2
PEPE,1769299320000,1769299380000,5e-06,5.01e-06,15.213819436515234,target,3045809697.0,2
PEPE,1769299920000,1769300460000,5e-06,5.01e-06,15.21609922943938,target,3046266112.0,2
PEPE,1769301540000,1769301600000,4.9900000000000005e-06,5e-06,15.27940539625521,target,3052828251.0,2
PEPE,1769302620000,1769302680000,5e-06,5.01e-06,15.220668980113867,target,3047180977.0,2
PEPE,1769303220000,1769303400000,5e-06,5.01e-06,15.222949797016536,target,3047637597.0,2
PEPE,1769303820000,1769304120000,5e-06,5.01e-06,15.22523095357457,target,3048094285.0,2
PEPE,1769304660000,1769304720000,4.9900000000000005e-06,5e-06,15.288575116813927,target,3054660363.0,2
PEPE,1769305140000,1769305200000,4.9900000000000005e-06,5e-06,15.290875294694974,target,3055119939.0,2
PEPE,1769305620000,1769305680000,5.01e-06,5.02e-06,15.171257585069936,target,3043381662.0,2
PEPE,1769306220000,1769306280000,4.9900000000000005e-06,5e-06,15.295458353174691,target,3056035635.0,2
PEPE,1769306880000,1769306940000,4.9900000000000005e-06,5e-06,15.297759567092736,target,3056495418.0,2
PEPE,1769308920000,1769308980000,4.980000000000001e-06,4.9900000000000005e-06,15.361415081025559,target,3063093735.0,2
PEPE,1769309520000,1769309580000,4.980000000000001e-06,4.9900000000000005e-06,15.363735486420925,target,3063556428.0,2
PEPE,1769310120000,1769310180000,4.97e-06,4.98e-06,15.427675705500036,target,3070184220.0,2
PEPE,1769310900000,1769310960000,4.97e-06,4.98e-06,15.430015466099755,target,3070649844.0,2
PEPE,1769314320000,1769314380000,4.95e-06,4.96e-06,15.55637901386963,target,3083524086.0,2
PEPE,1769314920000,1769314980000,4.95e-06,4.96e-06,15.558757252095297,target,3083995491.0,2
PEPE,1769315520000,1769315580000,4.96e-06,4.97e-06,15.498980120012144,target,3078248286.0,2
PEPE,1769316180000,1769316240000,4.96e-06,4.97e-06,15.5013401201755,target,3078717005.0,2
PEPE,1769316720000,1769316780000,4.97e-06,4.98e-06,15.441776006249317,target,3072990250.0,2
PEPE,1769317500000,1769317560000,4.95e-06,4.96e-06,15.568235868724841,target,3085874305.0,2
PEPE,1769317920000,1769318100000,4.96e-06,4.97e-06,15.508422315931185,target,3080123598.0,2
PEPE,1769318520000,1769318580000,4.96e-06,4.97e-06,15.510783756105136,target,3080592603.0,2
PEPE,1769319180000,1769319240000,4.980000000000001e-06,4.9900000000000005e-06,15.389470004055383,target,3068687937.0,2
PEPE,1769385720000,1769385780000,4.7e-06,4.71e-06,17.219311099890767,target,3251994542.0,2
PEPE,1769386320000,1769386380000,4.7300000000000005e-06,4.74e-06,17.01603169051625,target,3231914851.0,2
PEPE,1769386920000,1769386980000,4.75e-06,4.76e-06,16.882837498567373,target,3218844137.0,2
PEPE,1769387520000,1769387760000,4.74e-06,4.700000000000001e-06,-151.85578490297786,stop,3226169214.0,2
PEPE,1769388120000,1769388180000,4.7200000000000005e-06,4.7300000000000005e-06,17.06469619667535,target,3235013497.0,2
PEPE,1769388720000,1769388780000,4.74e-06,4.75e-06,16.931103801617283,target,3221903673.0,2
PEPE,1769389920000,1769389980000,4.8200000000000004e-06,4.83e-06,16.399342099126244,target,3168954995.0,2
PEPE,1769390700000,1769390760000,4.83e-06,4.84e-06,16.33639558582092,target,3162903308.0,2
PEPE,1769391780000,1769391840000,4.84e-06,4.85e-06,16.273688959935214,target,3156874677.0,2
PEPE,1769392920000,1769393340000,4.86e-06,4.8200000000000004e-06,-148.57222423049774,stop,3144385698.0,2
PEPE,1769394120000,1769394180000,4.83e-06,4.84e-06,16.317794824835026,target,3159301999.0,2
PEPE,1769394720000,1769394780000,4.85e-06,4.86e-06,16.19017602048004,target,3146778624.0,2
PEPE,1769395320000,1769396760000,4.85e-06,4.86e-06,16.192752260896466,target,3147279351.0,2
PEPE,1769397660000,1769397720000,4.83e-06,4.84e-06,16.32560660326171,target,3160814444.0,2
PEPE,1769399220000,1769399760000,4.8200000000000004e-06,4.780000000000001e-06,-149.4922670627099,stop,3167880209.0,2
PEPE,1769400420000,1769400480000,4.8200000000000004e-06,4.83e-06,16.369704693001008,target,3163227960.0,2
PEPE,1769401020000,1769401080000,4.83e-06,4.84e-06,16.306871939650122,target,3157187210.0,2
PEPE,1769401620000,1769402280000,4.9000000000000005e-06,4.860000000000001e-06,-147.2563360297485,stop,3112583725.0,2
PEPE,1769402820000,1769402880000,4.86e-06,4.87e-06,16.091327411250393,target,3133656750.0,2
PEPE,1769404320000,1769404380000,4.85e-06,4.86e-06,16.15846709221548,target,3140615567.0,2
PEPE,1769406720000,1769406780000,4.84e-06,4.85e-06,16.225904919412052,target,3147605222.0,2
PEPE,1769407620000,1769407680000,4.8200000000000004e-06,4.83e-06,16.35905878650219,target,3161170780.0,2
PEPE,1769409120000,1769409180000,4.83e-06,4.84e-06,16.29626689306972,target,3155133958.0,2
PEPE,1769409720000,1769409780000,4.83e-06,4.84e-06,16.298880873746153,target,3155640053.0,2
PEPE,1769472120000,1769472180000,5e-06,5.01e-06,15.228942103710104,target,3048837258.0,2
PEPE,1769473320000,1769473380000,5e-06,5.01e-06,15.23122415937074,target,3049294126.0,2
PEPE,1769473920000,1769473980000,5.03e-06,5.04e-06,15.051703805745003,target,3031561693.0,2
PEPE,1769474520000,1769474580000,5.05e-06,5.06e-06,14.933912797661357,target,3020002588.0,2
PEPE,1769475120000,1769475180000,5.04e-06,5.05e-06,14.996005829692152,target,3026439118.0,2
PEPE,1769475720000,1769475780000,5.03e-06,5.04e-06,15.058363856747466,target,3032903093.0,2
PEPE,1769476320000,1769476380000,5.05e-06,5.06e-06,14.940520731932352,target,3021338874.0,2
PEPE,1769476920000,1769476980000,5.06e-06,5.07e-06,14.883026046314363,target,3015810749.0,2
PEPE,1769477520000,1769477580000,5.1e-06,5.11e-06,14.648752852966414,target,2992595067.0,2
PEPE,1769478120000,1769478180000,5.11e-06,5.12e-06,14.592319192315784,target,2987168719.0,2
PEPE,1769478720000,1769478960000,5.18e-06,5.140000000000001e-06,-140.67100782035934,stop,2947224132.0,2
PEPE,1769479920000,1769479920000,5.1600000000000006e-06,5.120000000000001e-06,-140.93242652159964,entry_bar_stop,2954558208.0,2
PEPE,1769480220000,1769480280000,5.14e-06,5.15e-06,14.380227094295828,target,2961941729.0,2
PEPE,1769480820000,1769480880000,5.14e-06,5.15e-06,14.38226452903038,target,2962361386.0,2
PEPE,1769482020000,1769482080000,5.13e-06,5.14e-06,14.442027387096726,target,2968556503.0,2
PEPE,1769483520000,1769483580000,5.14e-06,5.15e-06,14.386348438510314,target,2963202562.0,2
PEPE,1769484120000,1769484180000,5.13e-06,5.14e-06,14.446128265869618,target,2969399438.0,2
PEPE,1769484720000,1769484780000,5.12e-06,5.13e-06,14.50615858087454,target,2975622273.0,2
PEPE,1769485680000,1769486220000,5.11e-06,5.070000000000001e-06,-142.01161713824663,stop,2981871226.0,2
PEPE,1769487120000,1769487180000,5.11e-06,5.12e-06,14.54607713749417,target,2977702587.0,2
PEPE,1769487720000,1769487780000,5.1e-06,5.11e-06,14.60652847527679,target,2983969045.0,2
PEPE,1769488320000,1769488440000,5.09e-06,5.1e-06,14.667234658740659,target,2990261908.0,2
PEPE,1769489820000,1769489880000,5.09e-06,5.1e-06,14.669354781224259,target,2990694145.0,2
PEPE,1769492220000,1769492280000,5.06e-06,5.07e-06,14.84872604932508,target,3008860395.0,2
PEPE,1769560020000,1769560260000,5.02e-06,4.980000000000001e-06,-144.05042279684957,stop,3033279065.0,2
PEPE,1769561520000,1769561580000,5.01e-06,5.02e-06,15.129577830581024,target,3035020628.0,2
PEPE,1769562720000,1769562780000,5e-06,5.01e-06,15.192515057218788,target,3041544556.0,2
PEPE,1769563320000,1769563380000,5.01e-06,4.970000000000001e-06,-144.13070435062554,stop,3035928475.0,2
PEPE,1769565420000,1769565480000,5.01e-06,5.02e-06,15.112591722240548,target,3031613184.0,2
PEPE,1769566020000,1769567100000,5.02e-06,5.03e-06,15.054477787851578,target,3026025686.0,2
PEPE,1769567580000,1769567820000,5.02e-06,5.03e-06,15.056715716974843,target,3026475521.0,2
PEPE,1769568120000,1769568180000,5.02e-06,5.03e-06,15.058953974450162,target,3026925422.0,2
PEPE,1769569440000,1769569500000,5.02e-06,5.03e-06,15.061192570226002,target,3027375391.0,2
PEPE,1769569920000,1769569980000,5.01e-06,5.02e-06,15.1238369201368,target,3033868991.0,2
PEPE,1769570820000,1769571240000,5.01e-06,5.02e-06,15.126094173000567,target,3034321800.0,2
PEPE,1769571840000,1769571900000,5e-06,5.01e-06,15.189016908868982,target,3040844226.0,2
PEPE,1769572380000,1769572440000,4.9900000000000005e-06,5e-06,15.252210403431416,target,3047394686.0,2
PEPE,1769572980000,1769573040000,4.9900000000000005e-06,5e-06,15.254505115850852,target,3047853170.0,2
PEPE,1769575020000,1769575080000,4.980000000000001e-06,4.9900000000000005e-06,15.317980642450557,target,3054432830.0,2
PEPE,1769576220000,1769576280000,4.980000000000001e-06,4.9900000000000005e-06,15.32029448822399,target,3054894215.0,2
PEPE,1769577000000,1769577060000,5.01e-06,5.02e-06,15.13974472811099,target,3037060126.0,2
PEPE,1769577420000,1769577480000,4.980000000000001e-06,4.9900000000000005e-06,15.324895605289884,target,3055811686.0,2
PEPE,1769578080000,1769578140000,4.97e-06,4.98e-06,15.388674178050675,target,3062422722.0,2
PEPE,1769579160000,1769579220000,5e-06,5.01e-06,15.20732668077217,target,3044509846.0,2
PEPE,1769579520000,1769579580000,5.01e-06,5.02e-06,15.14885812066507,target,3038888289.0,2
PEPE,1769580120000,1769580180000,5.03e-06,5.04e-06,15.03033095535147,target,3027256990.0,2
PEPE,1769580720000,1769580780000,5.03e-06,5.04e-06,15.032556367650127,target,3027705210.0,2
PEPE,1769581320000,1769581380000,5.02e-06,5.03e-06,15.09507373809957,target,3034185676.0,2
PEPE,1769651220000,1769651280000,4.890000000000001e-06,4.9000000000000005e-06,15.903668464489574,target,3115312138.0,2
PEPE,1769652780000,1769652840000,4.890000000000001e-06,4.9000000000000005e-06,15.906158897901433,target,3115799980.0,2
PEPE,1769653920000,1769653920000,4.87e-06,4.83e-06,-147.89624014793944,entry_bar_stop,3129085796.0,2
PEPE,1769658120000,1769658180000,4.8200000000000004e-06,4.83e-06,16.3371780171015,target,3156942612.0,2
PEPE,1769659020000,1769659080000,4.8200000000000004e-06,4.83e-06,16.339809085426218,target,3157451031.0,2
PEPE,1769661180000,1769661240000,4.8100000000000005e-06,4.8200000000000004e-06,16.408061787976187,target,3164524935.0,2
PEPE,1769661720000,1769661780000,4.8100000000000005e-06,4.8200000000000004e-06,16.41071487988402,target,3165036621.0,2
PEPE,1769662320000,1769662380000,4.8200000000000004e-06,4.83e-06,16.34772596085081,target,3158980862.0,2
PEPE,1769662920000,1769662980000,4.8200000000000004e-06,4.83e-06,16.350358726574626,target,3159489609.0,2
PEPE,1769663520000,1769663580000,4.83e-06,4.84e-06,16.2876002296684,target,3153455998.0,2
PEPE,1769664240000,1769664300000,4.8200000000000004e-06,4.83e-06,16.35561499477617,target,3160505313.0,2
PEPE,1769664720000,1769664780000,4.8200000000000004e-06,4.83e-06,16.358249028375038,target,3161014305.0,2
PEPE,1769665320000,1769665380000,4.8200000000000004e-06,4.83e-06,16.36088348632641,target,3161523379.0,2
PEPE,1769666100000,1769666160000,4.8100000000000005e-06,4.8200000000000004e-06,16.429224225480617,target,3168606408.0,2
PEPE,1769668020000,1769668080000,4.8200000000000004e-06,4.83e-06,16.36616425815057,target,3162543818.0,2
PEPE,1769668620000,1769668680000,4.83e-06,4.84e-06,16.303345091711698,target,3156504374.0,2
PEPE,1769669280000,1769669340000,4.8200000000000004e-06,4.83e-06,16.371425608199047,target,3163560504.0,2
PEPE,1769669820000,1769669880000,4.83e-06,4.84e-06,16.308586249636157,target,3157519119.0,2
PEPE,1769670420000,1769670480000,4.85e-06,4.86e-06,16.181039462594924,target,3145002811.0,2
PEPE,1769671620000,1769673480000,4.86e-06,4.84e-06,-85.60137607902016,time,3139031026.0,2
PEPE,1769675520000,1769675580000,4.84e-06,4.85e-06,16.234895610572174,target,3149349294.0,2
PEPE,1769676120000,1769676180000,4.83e-06,4.84e-06,16.302671064375588,target,3156373875.0,2
PEPE,1769676720000,1769676780000,4.8200000000000004e-06,4.83e-06,16.370748764774923,target,3163429713.0,2
PEPE,1769677620000,1769677680000,4.83e-06,4.84e-06,16.307912000205793,target,3157388577.0,2
PEPE,1769731320000,1769731380000,4.74e-06,4.75e-06,16.629746835309533,target,3164556962.0,3
PEPE,1769731920000,1769732580000,4.74e-06,4.700000000000001e-06,-148.98046711832922,stop,3165083219.0,3
PEPE,1769733720000,1769733780000,4.74e-06,4.75e-06,16.607737245240717,target,3160368648.0,3
PEPE,1769734320000,1769734680000,4.74e-06,4.75e-06,16.610499068294473,target,3160894209.0,3
PEPE,1769735820000,1769736120000,4.77e-06,4.7300000000000005e-06,-148.0135022801094,stop,3141536714.0,3
PEPE,1769736420000,1769736480000,4.76e-06,4.77e-06,16.45607743815069,target,3143472290.0,3
PEPE,1769740920000,1769740980000,4.69e-06,4.7e-06,16.902037281513554,target,3186057923.0,3
PEPE,1769742120000,1769742180000,4.65e-06,4.66e-06,17.054138141259838,target,3190671308.0,3
PEPE,1769743320000,1769743380000,4.6400000000000005e-06,4.65e-06,17.094428197876187,target,3192236825.0,3
PEPE,1769746920000,1769746980000,4.6300000000000006e-06,4.6400000000000005e-06,17.134761856046993,target,3193804633.0,3
PEPE,1769748720000,1769748780000,4.62e-06,4.63e-06,17.175139195250246,target,3195374734.0,3
PEPE,1769749920000,1769750100000,4.61e-06,4.62e-06,17.215560311204644,target,3196947133.0,3
PEPE,1769750520000,1769750580000,4.61e-06,4.62e-06,17.218528383195896,target,3197498307.0,3
PEPE,1769751120000,1769751180000,4.6300000000000006e-06,4.6400000000000005e-06,17.14656216818017,target,3196004132.0,3
PEPE,1769751720000,1769751780000,4.61e-06,4.62e-06,17.22445313251584,target,3198598539.0,3
PEPE,1769752800000,1769752860000,4.6e-06,4.61e-06,17.264939015935614,target,3200174053.0,3
PEPE,1769753220000,1769753460000,4.6e-06,4.56e-06,-149.98606647023746,stop,3200726984.0,3
PEPE,1769757420000,1769757480000,4.6e-06,4.61e-06,17.242007244735962,target,3195923493.0,3
PEPE,1769758020000,1769758080000,4.6e-06,4.61e-06,17.24498634755208,target,3196475690.0,3
PEPE,1769758680000,1769758740000,4.58e-06,4.59e-06,17.322996789090055,target,3199076046.0,3
PEPE,1769759220000,1769759340000,4.59e-06,4.6e-06,17.288468970275623,target,3198606655.0,3
PEPE,1769759940000,1769760000000,4.6e-06,4.61e-06,17.253946190910657,target,3198136458.0,3
PEPE,1769760420000,1769760480000,4.59e-06,4.6e-06,17.294450240565173,target,3199713273.0,3
PEPE,1769761080000,1769761140000,4.59e-06,4.6e-06,17.297444902434535,target,3200267327.0,3
PEPE,1769817720000,1769817780000,4.6300000000000006e-06,4.6400000000000005e-06,17.15044059642593,target,3196727045.0,3
PEPE,1769818320000,1769818380000,4.61e-06,4.62e-06,17.2283491800139,target,3199322039.0,3
PEPE,1769820120000,1769820180000,4.62e-06,4.63e-06,17.193818696252233,target,3198849990.0,3
PEPE,1769822820000,1769822880000,4.62e-06,4.63e-06,17.196776564124953,target,3199400291.0,3
PEPE,1769824020000,1769824380000,4.61e-06,4.62e-06,17.237248603333587,target,3200974671.0,3
PEPE,1769824920000,1769824980000,4.6e-06,4.61e-06,17.277764560225247,target,3202551355.0,3
PEPE,1769825520000,1769825580000,4.59e-06,4.6e-06,17.318324525536216,target,3204130347.0,3
PEPE,1769827020000,1769827080000,4.59e-06,4.6e-06,17.321323322229446,target,3204685166.0,3
PEPE,1769827740000,1769827800000,4.59e-06,4.6e-06,17.32432263780541,target,3205240081.0,3
PEPE,1769828220000,1769828280000,4.6e-06,4.61e-06,17.289728258661594,target,3204768908.0,3
PEPE,1769828820000,1769828880000,4.59e-06,4.6e-06,17.330316312570204,target,3206348994.0,3
PEPE,1769830320000,1769830380000,4.6e-06,4.61e-06,17.295709970306284,target,3205877659.0,3
PEPE,1769830920000,1769830980000,4.6e-06,4.61e-06,17.298698347126074,target,3206431575.0,3
PEPE,1769831580000,1769831640000,4.58e-06,4.59e-06,17.37695176786617,target,3209040031.0,3
PEPE,1769833200000,1769833260000,4.58e-06,4.59e-06,17.379967245990155,target,3209596906.0,3
PEPE,1769833680000,1769833740000,4.58e-06,4.59e-06,17.382983249370508,target,3210153878.0,3
PEPE,1769834220000,1769834280000,4.58e-06,4.59e-06,17.385999772591987,target,3210710946.0,3
PEPE,1769836620000,1769836680000,4.56e-06,4.57e-06,17.46443015795943,target,3213326616.0,3
PEPE,1769837220000,1769837280000,4.56e-06,4.57e-06,17.46747395905649,target,3213886653.0,3
PEPE,1769837820000,1769837880000,4.56e-06,4.57e-06,17.470518292780135,target,3214446788.0,3
PEPE,1769839020000,1769839140000,4.56e-06,4.57e-06,17.473563159135818,target,3215007021.0,3
PEPE,1769844720000,1769844840000,4.47e-06,4.430000000000001e-06,-150.4885520168985,stop,3224869860.0,3
PEPE,1769846880000,1769846940000,4.4600000000000005e-06,4.47e-06,17.82859763105919,target,3221065516.0,3
PEPE,1769847780000,1769847840000,4.450000000000001e-06,4.4600000000000005e-06,17.86973453850011,target,3222675300.0,3
PEPE,1769904120000,1769904180000,4.14e-06,4.15e-06,19.062201061185647,target,3255713247.0,3
PEPE,1769904720000,1769904780000,4.16e-06,4.17e-06,18.988364124764594,target,3254218359.0,3
PEPE,1769905320000,1769905380000,4.18e-06,4.19e-06,18.9145843322261,target,3252723015.0,3
PEPE,1769905920000,1769905980000,4.17e-06,4.18e-06,18.95683904442631,target,3254392969.0,3
PEPE,1769907720000,1769907960000,4.16e-06,4.12e-06,-150.4302205097988,stop,3256065379.0,3
PEPE,1769909520000,1769909640000,4.16e-06,4.17e-06,18.970628525564884,target,3251178839.0,3
PEPE,1769910120000,1769910180000,4.14e-06,4.15e-06,19.051631363421087,target,3253908004.0,3
PEPE,1769910720000,1769910780000,4.15e-06,4.16e-06,19.01653371061618,target,3253470267.0,3
PEPE,1769911320000,1769911380000,4.17e-06,4.18e-06,18.942759256350612,target,3251975838.0,3
PEPE,1769911920000,1769912220000,4.18e-06,4.19e-06,18.907679624485976,target,3251535619.0,3
PEPE,1769912520000,1769912580000,4.15e-06,4.16e-06,19.02733441140248,target,3255318120.0,3
PEPE,1769913720000,1769913780000,4.17e-06,4.18e-06,18.95351805464999,target,3253822842.0,3
PEPE,1769914320000,1769914380000,4.16e-06,4.17e-06,18.995813091600922,target,3255494960.0,3
PEPE,1769915100000,1769915160000,4.16e-06,4.17e-06,18.999413613361906,target,3256112016.0,3
PEPE,1769915640000,1769915700000,4.16e-06,4.17e-06,19.00301481197961,target,3256729188.0,3
PEPE,1769916180000,1769916240000,4.16e-06,4.17e-06,19.006616699130156,target,3257346478.0,3
PEPE,1769916720000,1769916780000,4.16e-06,4.17e-06,19.01021926314106,target,3257963884.0,3
PEPE,1769917320000,1769917380000,4.16e-06,4.17e-06,19.01382251567935,target,3258581408.0,3
PEPE,1769917920000,1769917980000,4.18e-06,4.19e-06,18.93994379727063,target,3257084058.0,3
PEPE,1769918520000,1769918580000,4.1900000000000005e-06,4.2000000000000004e-06,18.90480817417457,target,3256642235.0,3
PEPE,1769919960000,1769920020000,4.2000000000000004e-06,4.21e-06,18.86967643861121,target,3256199558.0,3
PEPE,1769920320000,1769920380000,4.21e-06,4.22e-06,18.834548621978385,target,3255756028.0,3
PEPE,1769920920000,1769920980000,4.21e-06,4.22e-06,18.838082250389718,target,3256366854.0,3
PEPE,1769922120000,1769922180000,4.21e-06,4.22e-06,18.84161653828857,target,3256977794.0,3
PEPE,1769991420000,1769991480000,4.1900000000000005e-06,4.2000000000000004e-06,18.92257073113484,target,3259702107.0,3
PEPE,1769992020000,1769992080000,4.21e-06,4.22e-06,18.848701624479183,target,3258202528.0,3
PEPE,1769992620000,1769992680000,4.22e-06,4.23e-06,18.81355137584881,target,3257757814.0,3
PEPE,1769993340000,1769993400000,4.21e-06,4.22e-06,18.85576759124478,target,3259423957.0,3
PEPE,1769994420000,1769994480000,4.22e-06,4.180000000000001e-06,-150.8581414280387,stop,3258979076.0,3
PEPE,1769995320000,1769995380000,4.2000000000000004e-06,4.21e-06,18.86967011626524,target,3256198467.0,3
PEPE,1769995920000,1769995980000,4.22e-06,4.23e-06,18.795892089975734,target,3254699929.0,3
PEPE,1769996520000,1769996580000,4.22e-06,4.23e-06,18.799411230600626,target,3255309304.0,3
PEPE,1769997120000,1769997180000,4.21e-06,4.22e-06,18.841595718074597,target,3256974195.0,3
PEPE,1770004680000,1770004740000,4.15e-06,4.16e-06,19.077689875477216,target,3263933255.0,3
PEPE,1770005520000,1770005580000,4.1000000000000006e-06,4.060000000000001e-06,-150.77338823264802,stop,3269863115.0,3
PEPE,1770006120000,1770006180000,4.1100000000000005e-06,4.12e-06,19.208016743191493,target,3263894094.0,3
PEPE,1770006720000,1770006840000,4.1900000000000005e-06,4.2000000000000004e-06,18.901358860589976,target,3256048038.0,3
PEPE,1770007320000,1770007380000,4.17e-06,4.18e-06,18.98236703702595,target,3258775457.0,3
PEPE,1770008100000,1770008160000,4.13e-06,4.14e-06,19.14118396183617,target,3263628979.0,3
PEPE,1770013320000,1770013380000,4.07e-06,4.08e-06,19.37847641024855,target,3270628930.0,3
PEPE,1770013920000,1770013980000,4.04e-06,4.05e-06,19.499403440281387,target,3274459016.0,3
PEPE,1770014940000,1770015000000,4.08e-06,4.09e-06,19.34696217681539,target,3270830461.0,3
PEPE,1770015420000,1770015480000,4.07e-06,4.08e-06,19.389715572377078,target,3272525835.0,3
PEPE,1770016020000,1770016080000,4.08e-06,4.09e-06,19.354424481666722,target,3272092051.0,3
PEPE,1770016680000,1770016740000,4.08e-06,4.09e-06,19.35815295459338,target,3272722393.0,3
PEPE,1770017220000,1770017280000,4.09e-06,4.1e-06,19.322858620492536,target,3272287658.0,3
PEPE,1770018540000,1770018600000,4.09e-06,4.1e-06,19.326573509135645,target,3272916767.0,3
PEPE,1770019020000,1770019080000,4.08e-06,4.09e-06,19.369327637661293,target,3274611604.0,3
PEPE,1770076920000,1770077280000,4.25e-06,4.21e-06,-150.9231712407722,stop,3257217465.0,3
PEPE,1770078420000,1770078480000,4.24e-06,4.25e-06,18.723215781060052,target,3253382412.0,3
PEPE,1770079020000,1770079080000,4.24e-06,4.25e-06,18.72670690218024,target,3253989036.0,3
PEPE,1770080880000,1770080940000,4.25e-06,4.26e-06,18.69159974366895,target,3253542166.0,3
PEPE,1770081480000,1770081540000,4.24e-06,4.25e-06,18.7336839131243,target,3255201375.0,3
PEPE,1770082920000,1770082980000,4.24e-06,4.25e-06,18.737176990944135,target,3255808339.0,3
PEPE,1770088620000,1770088680000,4.1900000000000005e-06,4.2000000000000004e-06,18.934149117104575,target,3261696661.0,3
PEPE,1770089220000,1770089280000,4.1900000000000005e-06,4.2000000000000004e-06,18.937716022576307,target,3262311115.0,3
PEPE,1770089820000,1770089880000,4.21e-06,4.22e-06,18.86378779376103,target,3260810336.0,3
PEPE,1770090540000,1770090600000,4.23e-06,4.24e-06,18.78991699032513,target,3259309105.0,3
PEPE,1770092400000,1770092460000,4.25e-06,4.26e-06,18.716103662370415,target,3257807426.0,3
PEPE,1770092820000,1770092880000,4.24e-06,4.25e-06,18.758243001549467,target,3259468810.0,3
PEPE,1770094020000,1770094140000,4.2800000000000005e-06,4.2900000000000004e-06,18.60723496223907,target,3255859136.0,3
PEPE,1770094620000,1770094680000,4.26e-06,4.27e-06,18.687893014274245,target,3258568965.0,3
PEPE,1770095220000,1770095280000,4.24e-06,4.25e-06,18.76869469733373,target,3261284917.0,3
PEPE,1770097320000,1770097380000,4.23e-06,4.24e-06,18.810904847552408,target,3262949670.0,3
PEPE,1770099720000,1770099780000,4.22e-06,4.23e-06,18.853162430025616,target,3264616871.0,3
PEPE,1770100380000,1770100440000,4.22e-06,4.23e-06,18.856692289049704,target,3265228102.0,3
PEPE,1770100920000,1770100980000,4.23e-06,4.24e-06,18.821465428211695,target,3264781514.0,3
PEPE,1770101520000,1770101580000,4.23e-06,4.24e-06,18.824982112798693,target,3265391520.0,3
PEPE,1770102120000,1770102180000,4.22e-06,4.23e-06,18.867271315199744,target,3267059968.0,3
PEPE,1770102900000,1770102960000,4.22e-06,4.23e-06,18.87080381917626,target,3267671657.0,3
PEPE,1770103320000,1770103380000,4.22e-06,4.23e-06,18.874336981499134,target,3268283460.0,3
PEPE,1770104520000,1770104580000,4.23e-06,4.24e-06,18.8390771573126,target,3267836454.0,3
PEPE,1770164520000,1770164580000,4.13e-06,4.14e-06,19.231740963570264,target,3279069218.0,3
PEPE,1770165120000,1770165180000,4.14e-06,4.15e-06,19.19637290624501,target,3278629019.0,3
PEPE,1770165720000,1770165780000,4.16e-06,4.17e-06,19.12201625851605,target,3277123609.0,3
PEPE,1770166320000,1770166620000,4.17e-06,4.13e-06,-151.43180811700373,stop,3276680907.0,3
PEPE,1770168120000,1770168180000,4.22e-06,4.23e-06,18.863820648751318,target,3266462450.0,3
PEPE,1770169380000,1770169440000,4.23e-06,4.24e-06,18.8285804759091,target,3266015694.0,3
PEPE,1770169920000,1770170040000,4.21e-06,4.22e-06,18.90968217723138,target,3268743678.0,3
PEPE,1770170520000,1770170580000,4.2000000000000004e-06,4.21e-06,18.95206676418626,target,3270417043.0,3
PEPE,1770172020000,1770172920000,4.2000000000000004e-06,4.160000000000001e-06,-151.3179347225392,stop,3271031879.0,3
PEPE,1770174420000,1770174480000,4.1900000000000005e-06,4.2000000000000004e-06,18.965993106376324,target,3267182275.0,3
PEPE,1770175080000,1770175140000,4.24e-06,4.25e-06,18.775725707447215,target,3262506639.0,3
PEPE,1770175680000,1770175740000,4.22e-06,4.23e-06,18.85670181780047,target,3265229752.0,3
PEPE,1770176820000,1770176880000,4.26e-06,4.27e-06,18.705353256183596,target,3261613471.0,3
PEPE,1770177600000,1770177660000,4.26e-06,4.27e-06,18.70882668187433,target,3262219125.0,3
PEPE,1770178080000,1770178140000,4.26e-06,4.27e-06,18.712300755620554,target,3262824892.0,3
PEPE,1770180120000,1770180180000,4.27e-06,4.28e-06,18.67709679485149,target,3262374986.0,3
PEPE,1770180840000,1770180900000,4.25e-06,4.26e-06,18.757954539628358,target,3265092174.0,3
PEPE,1770181920000,1770181980000,4.26e-06,4.27e-06,18.722726842245468,target,3264642867.0,3
PEPE,1770182520000,1770182580000,4.24e-06,4.25e-06,18.80367914090968,target,3267363882.0,3
PEPE,1770183120000,1770183180000,4.25e-06,4.26e-06,18.7684276803752,target,3266915175.0,3
PEPE,1770183720000,1770183780000,4.25e-06,4.26e-06,18.77192002565957,target,3267523068.0,3
PEPE,1770184320000,1770184380000,4.25e-06,4.26e-06,18.775413020130127,target,3268131074.0,3
PEPE,1770185820000,1770185880000,4.26e-06,4.27e-06,18.740152536516213,target,3267681349.0,3
PEPE,1770186420000,1770186480000,4.24e-06,4.25e-06,18.821180176481334,target,3270404896.0,3
PEPE,1770253620000,1770253680000,4.17e-06,4.18e-06,19.096950314949886,target,3278446406.0,3
PEPE,1770254220000,1770254340000,4.16e-06,4.12e-06,-151.5420604235992,stop,3280131178.0,3
PEPE,1770255120000,1770255180000,4.17e-06,4.18e-06,19.071897461775272,target,3274145487.0,3
PEPE,1770258120000,1770258180000,4.1100000000000005e-06,4.12e-06,19.309594809232188,target,3281154598.0,3
PEPE,1770259020000,1770259080000,4.14e-06,4.15e-06,19.196110766185644,target,3278584247.0,3
PEPE,1770259680000,1770260160000,4.1100000000000005e-06,4.070000000000001e-06,-151.40104326224875,stop,3282407442.0,3
PEPE,1770261780000,1770261840000,4.1000000000000006e-06,4.1100000000000005e-06,19.327037883886902,target,3278547563.0,3
PEPE,1770262320000,1770262380000,4.1000000000000006e-06,4.1100000000000005e-06,19.330746080581335,target,3279176604.0,3
PEPE,1770263220000,1770263280000,4.09e-06,4.1e-06,19.373555437015717,target,3280873063.0,3
PEPE,1770264120000,1770264180000,4.09e-06,4.1e-06,19.377280068909034,target,3281503822.0,3
PEPE,1770264720000,1770264780000,4.1000000000000006e-06,4.1100000000000005e-06,19.341889935524843,target,3281066995.0,3
PEPE,1770265320000,1770265380000,4.1000000000000006e-06,4.1100000000000005e-06,19.345600979503914,target,3281696519.0,3
PEPE,1770266940000,1770267000000,4.09e-06,4.1e-06,19.388443229305803,target,3283394281.0,3
PEPE,1770270420000,1770270960000,4.1000000000000006e-06,4.060000000000001e-06,-151.37715658422024,stop,3282957202.0,3
PEPE,1770271440000,1770271620000,4.07e-06,4.03e-06,-151.14997732361994,stop,3281232548.0,3
PEPE,1770273420000,1770273540000,4.06e-06,4.07e-06,19.451223236400445,target,3277375440.0,3
PEPE,1770275220000,1770275280000,4.06e-06,4.07e-06,19.45498547444606,target,3278009347.0,3
PEPE,1770276720000,1770276780000,4.03e-06,4.04e-06,19.576237612140275,target,3281850396.0,3
PEPE,1770279240000,1770279300000,4.0200000000000005e-06,4.03e-06,19.619268675723852,target,3283559611.0,3
PEPE,1770279720000,1770279780000,4.03e-06,4.04e-06,19.58386455061492,target,3283129011.0,3
PEPE,1770280320000,1770280380000,4.06e-06,4.07e-06,19.470117492885656,target,3280558971.0,3
PEPE,1770280920000,1770281280000,4.08e-06,4.09e-06,19.395623929500925,target,3279057300.0,3
PEPE,1770281820000,1770281880000,4.06e-06,4.07e-06,19.4776348707148,target,3281825589.0,3
PEPE,1770282420000,1770282480000,4.07e-06,4.08e-06,19.4422446375007,target,3281391500.0,3
PEPE,1770338820000,1770338880000,3.44e-06,3.4e-06,-151.18647741024003,stop,3350764127.0,3
PEPE,1770339420000,1770339480000,3.4200000000000003e-06,3.3800000000000002e-06,-150.9595843055402,stop,3347961506.0,3
PEPE,1770340020000,1770340080000,3.41e-06,3.42e-06,22.020566029936738,target,3344049511.0,3
PEPE,1770340620000,1770340680000,3.4600000000000003e-06,3.4700000000000002e-06,21.821845549993796,target,3339226557.0,3
PEPE,1770341220000,1770341280000,3.4600000000000003e-06,3.4700000000000002e-06,21.82658565343091,target,3339951898.0,3
PEPE,1770341940000,1770342000000,3.4700000000000002e-06,3.48e-06,21.790680580125912,target,3339567905.0,3
PEPE,1770342420000,1770342480000,3.48e-06,3.49e-06,21.754777082125262,target,3339182975.0,3
PEPE,1770343080000,1770343140000,3.52e-06,3.53e-06,21.5972072489262,target,3335476023.0,3
PEPE,1770343620000,1770343980000,3.52e-06,3.48e-06,-150.92934729756146,stop,3336192469.0,3
PEPE,1770346020000,1770346260000,3.4700000000000002e-06,3.48e-06,21.772080845775314,target,3336717371.0,3
PEPE,1770348180000,1770348240000,3.4700000000000002e-06,3.48e-06,21.776801337450614,target,3337440818.0,3
PEPE,1770348720000,1770348780000,3.49e-06,3.5e-06,21.700345512900096,target,3335948580.0,3
PEPE,1770349380000,1770349440000,3.4600000000000003e-06,3.4700000000000002e-06,21.826865678181445,target,3339994748.0,3
PEPE,1770350220000,1770350280000,3.4600000000000003e-06,3.4700000000000002e-06,21.831606866425865,target,3340720255.0,3
PEPE,1770351120000,1770351180000,3.4700000000000002e-06,3.48e-06,21.795693535351134,target,3340336174.0,3
PEPE,1770351720000,1770351780000,3.49e-06,3.5e-06,21.719171386210856,target,3338842642.0,3
PEPE,1770352320000,1770352380000,3.53e-06,3.54e-06,21.561655461885593,target,3335136189.0,3
PEPE,1770352980000,1770353040000,3.5100000000000003e-06,3.52e-06,21.647345396674176,target,3338064055.0,3
PEPE,1770354720000,1770354780000,3.57e-06,3.58e-06,21.4090718197999,target,3332151256.0,3
PEPE,1770355380000,1770355440000,3.5900000000000004e-06,3.6000000000000003e-06,21.332847087617797,target,3330655283.0,3
PEPE,1770357120000,1770357180000,3.6900000000000002e-06,3.7e-06,20.934980793221026,target,3320377604.0,3
PEPE,1770357960000,1770358020000,3.7200000000000004e-06,3.7300000000000003e-06,20.819110293774777,target,3317786501.0,3
PEPE,1770358320000,1770358440000,3.7200000000000004e-06,3.7300000000000003e-06,20.823415470875364,target,3318472585.0,3
PEPE,1770359100000,1770359160000,3.6900000000000002e-06,3.7e-06,20.94799590838621,target,3322441857.0,3
PEPE,1770425820000,1770426240000,3.89e-06,3.85e-06,-151.18592998795373,stop,3301363249.0,3
PEPE,1770427920000,1770427980000,3.86e-06,3.87e-06,20.243359480097027,target,3299651097.0,3
PEPE,1770429120000,1770429180000,3.9e-06,3.91e-06,20.08907448863654,target,3295992533.0,3
PEPE,1770429720000,1770429780000,3.9e-06,3.91e-06,20.093085754414062,target,3296650657.0,3
PEPE,1770430320000,1770430380000,3.9e-06,3.91e-06,20.097097824735794,target,3297308913.0,3
PEPE,1770430920000,1770430980000,3.91e-06,3.92e-06,20.061562074365618,target,3296887769.0,3
PEPE,1770431520000,1770431580000,3.920000000000001e-06,3.9300000000000005e-06,20.02602935834826,target,3296465738.0,3
PEPE,1770432120000,1770432180000,3.91e-06,3.92e-06,20.069550778785644,target,3298200621.0,3
PEPE,1770433620000,1770433680000,3.91e-06,3.92e-06,20.073550266736543,target,3298857891.0,3
PEPE,1770435060000,1770435120000,3.920000000000001e-06,3.9300000000000005e-06,20.037996312524136,target,3298435607.0,3
PEPE,1770435420000,1770435840000,3.920000000000001e-06,3.880000000000001e-06,-151.2303602733578,stop,3299091629.0,3
PEPE,1770437520000,1770437580000,3.9e-06,3.91e-06,20.090934969100708,target,3296297780.0,3
PEPE,1770438360000,1770438420000,3.91e-06,3.92e-06,20.055410115025595,target,3295876765.0,3
PEPE,1770439080000,1770439140000,3.9e-06,3.91e-06,20.098951155765725,target,3297612987.0,3
PEPE,1770440520000,1770440580000,3.89e-06,3.9e-06,20.14254256805939,target,3299351772.0,3
PEPE,1770441120000,1770441180000,3.9e-06,3.91e-06,20.106986340544875,target,3298931311.0,3
PEPE,1770442440000,1770442500000,3.89e-06,3.9e-06,20.150595185159833,target,3300670792.0,3
PEPE,1770442920000,1770442980000,3.89e-06,3.9e-06,20.154626658539108,target,3301331148.0,3
PEPE,1770444120000,1770444180000,3.89e-06,3.9e-06,20.158658937781063,target,3301991636.0,3
PEPE,1770444720000,1770444780000,3.9e-06,3.91e-06,20.123074257610874,target,3301570838.0,3
PEPE,1770445620000,1770445680000,3.89e-06,3.9e-06,20.16671798955122,target,3303311710.0,3
PEPE,1770446220000,1770446280000,3.89e-06,3.9e-06,20.170752692474323,target,3303972595.0,3
PEPE,1770447120000,1770447180000,3.87e-06,3.88e-06,20.254149228250757,target,3306799874.0,3
PEPE,1770451620000,1770451680000,3.7800000000000002e-06,3.79e-06,20.616705362827336,target,3317249455.0,3
PEPE,1770508920000,1770509100000,3.86e-06,3.87e-06,20.302093957815572,target,3309224769.0,3
PEPE,1770509520000,1770509580000,3.85e-06,3.86e-06,20.34594942494954,target,3310976310.0,3
PEPE,1770510720000,1770510780000,3.85e-06,3.86e-06,20.35005202973458,target,3311643943.0,3
PEPE,1770512820000,1770512880000,3.86e-06,3.87e-06,20.314369706309712,target,3311225706.0,3
PEPE,1770513420000,1770513480000,3.86e-06,3.87e-06,20.31845793534033,target,3311892084.0,3
PEPE,1770514920000,1770514980000,3.86e-06,3.87e-06,20.322546986461667,target,3312558596.0,3
PEPE,1770516120000,1770516180000,3.85e-06,3.86e-06,20.36644663778827,target,3314311902.0,3
PEPE,1770516720000,1770516780000,3.85e-06,3.86e-06,20.37055337201555,target,3314980207.0,3
PEPE,1770517560000,1770517620000,3.8400000000000005e-06,3.85e-06,20.414512905145724,target,3316736459.0,3
PEPE,1770519720000,1770520800000,3.830000000000001e-06,3.7900000000000006e-06,-151.67182796072888,stop,3318495306.0,3
PEPE,1770522120000,1770522360000,3.81e-06,3.82e-06,20.507551550215446,target,3315691439.0,3
PEPE,1770524520000,1770524580000,3.79e-06,3.8e-06,20.59157127203699,target,3318544927.0,3
PEPE,1770525120000,1770525180000,3.8e-06,3.81e-06,20.555824871714023,target,3318131537.0,3
PEPE,1770525720000,1770525780000,3.79e-06,3.8e-06,20.599965855206335,target,3319897801.0,3
PEPE,1770526320000,1770526380000,3.79e-06,3.8e-06,20.60416850791085,target,3320575102.0,3
PEPE,1770526920000,1770526980000,3.8e-06,3.81e-06,20.56840024470047,target,3320161460.0,3
PEPE,1770528120000,1770528180000,3.82e-06,3.83e-06,20.49270723435053,target,3318657042.0,3
PEPE,1770528720000,1770528780000,3.81e-06,3.82e-06,20.536799215325082,target,3320420245.0,3
PEPE,1770529320000,1770529380000,3.8e-06,3.81e-06,20.58094261691999,target,3322186056.0,3
PEPE,1770530520000,1770530580000,3.8e-06,3.81e-06,20.585133243255562,target,3322862509.0,3
PEPE,1770531120000,1770531180000,3.79e-06,3.8e-06,20.629337160655258,target,3324631291.0,3
PEPE,1770532020000,1770532080000,3.8e-06,3.81e-06,20.59352520088619,target,3324217143.0,3
PEPE,1770532620000,1770532680000,3.79e-06,3.8e-06,20.637747144634904,target,3325986647.0,3
PEPE,1770533280000,1770533340000,3.79e-06,3.8e-06,20.64195750395044,target,3326665190.0,3
PEPE,1770595440000,1770595500000,3.76e-06,3.77e-06,20.766462057225148,target,3330627435.0,3
PEPE,1770596220000,1770596760000,3.79e-06,3.8e-06,20.65040534463548,target,3328026647.0,3
PEPE,1770597120000,1770597180000,3.75e-06,3.76e-06,20.815127834134792,target,3333086923.0,3
PEPE,1770598320000,1770598380000,3.7700000000000003e-06,3.7800000000000002e-06,20.739083315026647,target,3331579649.0,3
PEPE,1770598920000,1770598980000,3.7700000000000003e-06,3.7800000000000002e-06,20.743330775700592,target,3332261972.0,3
PEPE,1770599520000,1770599580000,3.76e-06,3.77e-06,20.78774438176464,target,3334040799.0,3
PEPE,1770600120000,1770600180000,3.7700000000000003e-06,3.7800000000000002e-06,20.75183654099989,target,3333628360.0,3
PEPE,1770600720000,1770600840000,3.79e-06,3.8e-06,20.67580235999476,target,3332119639.0,3
PEPE,1770601320000,1770601380000,3.7700000000000003e-06,3.7300000000000003e-06,-152.12563015655877,stop,3334991344.0,3
PEPE,1770601920000,1770601980000,3.7700000000000003e-06,3.7800000000000002e-06,20.729165066101125,target,3329986356.0,3
PEPE,1770603540000,1770603600000,3.7700000000000003e-06,3.7800000000000002e-06,20.73341049742581,target,3330668353.0,3
PEPE,1770604020000,1770604080000,3.7700000000000003e-06,3.7800000000000002e-06,20.737656794026897,target,3331350489.0,3
PEPE,1770604620000,1770604680000,3.79e-06,3.8e-06,20.661674573999846,target,3329842800.0,3
PEPE,1770605220000,1770605280000,3.82e-06,3.83e-06,20.545718763375824,target,3327241905.0,3
PEPE,1770605820000,1770605880000,3.81e-06,3.82e-06,20.589924796579275,target,3329009668.0,3
PEPE,1770607320000,1770607380000,3.81e-06,3.82e-06,20.594109116076726,target,3329686195.0,3
PEPE,1770608520000,1770608580000,3.8400000000000005e-06,3.85e-06,20.47820781800994,target,3327084942.0,3
PEPE,1770609720000,1770609780000,3.830000000000001e-06,3.8400000000000005e-06,20.52235579270512,target,3328849277.0,3
PEPE,1770610320000,1770610740000,3.830000000000001e-06,3.8400000000000005e-06,20.526510164266398,target,3329523141.0,3
PEPE,1770611220000,1770611280000,3.830000000000001e-06,3.8400000000000005e-06,20.530665368101502,target,3330197140.0,3
PEPE,1770611820000,1770611880000,3.830000000000001e-06,3.8400000000000005e-06,20.534821422705292,target,3330871277.0,3
PEPE,1770614220000,1770614280000,3.8e-06,3.81e-06,20.659265270909337,target,3334828938.0,3
PEPE,1770615420000,1770615540000,3.82e-06,3.83e-06,20.583237878126123,target,3333317875.0,3
PEPE,1770616680000,1770616740000,3.81e-06,3.82e-06,20.627524642396605,target,3335088867.0,3
PEPE,1770681720000,1770681780000,3.82e-06,3.83e-06,20.591596506326177,target,3334671499.0,3
PEPE,1770682620000,1770682680000,3.81e-06,3.82e-06,20.63590125385082,target,3336443210.0,3
PEPE,1770683520000,1770683580000,3.81e-06,3.82e-06,20.64009491269455,target,3337121247.0,3
PEPE,1770684120000,1770684240000,3.81e-06,3.82e-06,20.644289418885347,target,3337799421.0,3
PEPE,1770685080000,1770685140000,3.8e-06,3.81e-06,20.688663866431718,target,3339574474.0,3
PEPE,1770686220000,1770686280000,3.830000000000001e-06,3.8400000000000005e-06,20.57239376860627,target,3336965737.0,3
PEPE,1770686820000,1770686880000,3.830000000000001e-06,3.8400000000000005e-06,20.576558263095187,target,3337641243.0,3
PEPE,1770687420000,1770687480000,3.82e-06,3.83e-06,20.620874373450818,target,3339412854.0,3
PEPE,1770688320000,1770688380000,3.81e-06,3.82e-06,20.665242114541034,target,3341187084.0,3
PEPE,1770689520000,1770689580000,3.81e-06,3.82e-06,20.669441735723577,target,3341866085.0,3
PEPE,1770690240000,1770690300000,3.81e-06,3.82e-06,20.673642210440875,target,3342545224.0,3
PEPE,1770691320000,1770691380000,3.8e-06,3.81e-06,20.718079746001294,target,3344322800.0,3
PEPE,1770692220000,1770692280000,3.8e-06,3.81e-06,20.72229829939669,target,3345003761.0,3
PEPE,1770692820000,1770692880000,3.7800000000000002e-06,3.79e-06,20.807102298015177,target,3347884521.0,3
PEPE,1770696420000,1770696480000,3.76e-06,3.77e-06,20.892062565805535,target,3350771863.0,3
PEPE,1770697020000,1770697080000,3.7700000000000003e-06,3.7800000000000002e-06,20.85597453487522,target,3350357355.0,3
PEPE,1770697620000,1770697680000,3.7700000000000003e-06,3.7800000000000002e-06,20.860245936899936,target,3351043524.0,3
PEPE,1770698400000,1770698460000,3.76e-06,3.77e-06,20.904909864360736,target,3352832376.0,3
PEPE,1770698820000,1770698880000,3.76e-06,3.77e-06,20.90919957553578,target,3353520381.0,3
PEPE,1770699420000,1770699540000,3.7800000000000002e-06,3.79e-06,20.83270027954503,target,3352003263.0,3
PEPE,1770700020000,1770700080000,3.7700000000000003e-06,3.7800000000000002e-06,20.877348576601065,target,3353790936.0,3
PEPE,1770700620000,1770700680000,3.7700000000000003e-06,3.7800000000000002e-06,20.881624354802028,target,3354477808.0,3
PEPE,1770701820000,1770701880000,3.76e-06,3.77e-06,20.926334060090504,target,3356268494.0,3
PEPE,1770703920000,1770703980000,3.74e-06,3.75e-06,21.011590729665535,target,3359167183.0,3
PEPE,1770768120000,1770768180000,3.65e-06,3.66e-06,21.381648943007466,target,3369842229.0,3
PEPE,1770768900000,1770768960000,3.6400000000000003e-06,3.65e-06,21.426909512484787,target,3371661607.0,3
PEPE,1770769380000,1770769440000,3.65e-06,3.66e-06,21.39062075397114,target,3371256226.0,3
PEPE,1770771180000,1770771300000,3.66e-06,3.67e-06,21.35433420519145,target,3370849914.0,3
PEPE,1770772320000,1770772380000,3.66e-06,3.67e-06,21.358801115049445,target,3371555030.0,3
PEPE,1770772920000,1770773580000,3.67e-06,3.68e-06,21.322509221474412,target,3371147703.0,3
PEPE,1770774180000,1770774240000,3.66e-06,3.67e-06,21.367729207930214,target,3372964358.0,3
PEPE,1770775920000,1770775980000,3.6800000000000003e-06,3.6900000000000002e-06,21.290672270100266,target,3371444540.0,3
PEPE,1770776520000,1770776580000,3.6900000000000002e-06,3.7e-06,21.25437738365474,target,3371035271.0,3
PEPE,1770777960000,1770778080000,3.6800000000000003e-06,3.6900000000000002e-06,21.299537917545777,target,3372848443.0,3
PEPE,1770781440000,1770781500000,3.6800000000000003e-06,3.6900000000000002e-06,21.30397636477633,target,3373551285.0,3
PEPE,1770782520000,1770782580000,3.67e-06,3.68e-06,21.349199576649326,target,3375367522.0,3
PEPE,1770783840000,1770783900000,3.65e-06,3.66e-06,21.43532239568912,target,3378301402.0,3
PEPE,1770788160000,1770788220000,3.6000000000000003e-06,3.61e-06,21.644494061135997,target,3384596413.0,3
PEPE,1770789420000,1770789480000,3.5900000000000004e-06,3.6000000000000003e-06,21.690099387494392,target,3386432379.0,3
PEPE,1770794220000,1770794280000,3.54e-06,3.55e-06,21.900277561010284,target,3392761822.0,3
PEPE,1770795480000,1770795540000,3.5500000000000003e-06,3.5600000000000002e-06,21.863784665220656,target,3392363796.0,3
PEPE,1770796620000,1770796680000,3.5500000000000003e-06,3.5600000000000002e-06,21.868454505980694,target,3393088364.0,3
PEPE,1770797220000,1770797280000,3.54e-06,3.55e-06,21.914322279006797,target,3394937611.0,3
PEPE,1770798420000,1770798480000,3.54e-06,3.55e-06,21.91901173322647,target,3395664095.0,3
PEPE,1770799020000,1770799860000,3.5500000000000003e-06,3.5600000000000002e-06,21.882487623404703,target,3395265729.0,3
PEPE,1770800220000,1770800280000,3.54e-06,3.55e-06,21.928384832164745,target,3397116163.0,3
PEPE,1770800820000,1770802200000,3.54e-06,3.55e-06,21.9330772944152,target,3397843113.0,3
PEPE,1770802620000,1770802680000,3.54e-06,3.55e-06,21.937770757190755,target,3398570218.0,3
PEPE,1770855120000,1770855180000,3.5900000000000004e-06,3.6000000000000003e-06,21.736488938641937,target,3393675088.0,3
PEPE,1770855720000,1770855780000,3.5900000000000004e-06,3.6000000000000003e-06,21.741096676424032,target,3394394485.0,3
PEPE,1770856320000,1770856380000,3.58e-06,3.59e-06,21.78686356249944,target,3396237500.0,3
PEPE,1770856920000,1770856980000,3.61e-06,3.62e-06,21.668071620045314,target,3393589917.0,3
PEPE,1770857520000,1770857580000,3.61e-06,3.62e-06,21.672647481375407,target,3394306575.0,3
PEPE,1770858720000,1770858780000,3.61e-06,3.62e-06,21.67722431322365,target,3395023385.0,3
PEPE,1770859920000,1770860220000,3.63e-06,3.64e-06,21.599606565514602,target,3393496711.0,3
PEPE,1770860520000,1770860580000,3.63e-06,3.64e-06,21.60415067904473,target,3394210633.0,3
PEPE,1770861120000,1770861180000,3.62e-06,3.63e-06,21.649797221626766,target,3396046623.0,3
PEPE,1770862320000,1770863700000,3.62e-06,3.63e-06,21.654360555000743,target,3396762440.0,3
PEPE,1770864120000,1770864180000,3.62e-06,3.63e-06,21.658924851000712,target,3397478408.0,3
PEPE,1770865320000,1770865380000,3.61e-06,3.62e-06,21.704644772345365,target,3399317897.0,3
PEPE,1770865920000,1770865980000,3.62e-06,3.63e-06,21.668065000875345,target,3398912157.0,3
PEPE,1770866520000,1770866580000,3.61e-06,3.62e-06,21.71380421447121,target,3400752422.0,3
PEPE,1770867120000,1770867180000,3.6000000000000003e-06,3.61e-06,21.759597698109236,target,3402595418.0,3
PEPE,1770868380000,1770868440000,3.62e-06,3.63e-06,21.681795488624562,target,3401065959.0,3
PEPE,1770869520000,1770869580000,3.62e-06,3.63e-06,21.68636556675051,target,3401782834.0,3
PEPE,1770870240000,1770870300000,3.61e-06,3.62e-06,21.7321434094045,target,3403624653.0,3
PEPE,1770870720000,1770870780000,3.61e-06,3.62e-06,21.736732800550058,target,3404343430.0,3
PEPE,1770871380000,1770871440000,3.63e-06,3.64e-06,21.658901982589114,target,3402812566.0,3
PEPE,1770871920000,1770871980000,3.63e-06,3.64e-06,21.663458565154226,target,3403528447.0,3
PEPE,1770873240000,1770873300000,3.62e-06,3.63e-06,21.70923042225202,target,3405369478.0,3
PEPE,1770873720000,1770873780000,3.62e-06,3.63e-06,21.713806282502127,target,3406087260.0,3
PEPE,1770874320000,1770874380000,3.63e-06,3.64e-06,21.67715141779904,target,3405679720.0,3
PEPE,1770940920000,1770940980000,3.71e-06,3.72e-06,20.718756175169545,target,3296540362.0,4
PEPE,1770945240000,1770945300000,3.6900000000000002e-06,3.7e-06,20.80270184278166,target,3299397596.0,4
PEPE,1770945720000,1770945780000,3.6900000000000002e-06,3.7e-06,20.807028472489726,target,3300083818.0,4
PEPE,1770946320000,1770946380000,3.6800000000000003e-06,3.6900000000000002e-06,20.851238492504457,target,3301858827.0,4
PEPE,1770947580000,1770947640000,3.7e-06,3.71e-06,20.77582821834093,target,3300369852.0,4
PEPE,1770948120000,1770948360000,3.6900000000000002e-06,3.7e-06,20.82001375870038,target,3302143340.0,4
PEPE,1770948720000,1770948780000,3.7e-06,3.71e-06,20.784462912465038,target,3301741527.0,4
PEPE,1770949620000,1770949680000,3.6900000000000002e-06,3.7e-06,20.828666822666627,target,3303515753.0,4
PEPE,1770950820000,1770950880000,3.6900000000000002e-06,3.7e-06,20.8329988494575,target,3304202831.0,4
PEPE,1770951420000,1770951480000,3.7200000000000004e-06,3.7300000000000003e-06,20.71769280252595,target,3301624351.0,4
PEPE,1770952080000,1770952140000,3.6900000000000002e-06,3.7e-06,20.841640728351077,target,3305573470.0,4
PEPE,1770952920000,1770952980000,3.6800000000000003e-06,3.6900000000000002e-06,20.885924293080176,target,3307351432.0,4
PEPE,1770953520000,1770953580000,3.7e-06,3.71e-06,20.810388567805447,target,3305859979.0,4
PEPE,1770954300000,1770954360000,3.6900000000000002e-06,3.7e-06,20.854647615488346,target,3307636418.0,4
PEPE,1770955380000,1770955440000,3.6900000000000002e-06,3.7e-06,20.858985045666092,target,3308324353.0,4
PEPE,1770956220000,1770956280000,3.6800000000000003e-06,3.6900000000000002e-06,20.90330546542622,target,3310103795.0,4
PEPE,1770957120000,1770957300000,3.6800000000000003e-06,3.6900000000000002e-06,20.907661344029968,target,3310793562.0,4
PEPE,1770957720000,1770957780000,3.67e-06,3.68e-06,20.95204327589951,target,3312576012.0,4
PEPE,1770958620000,1770958680000,3.6800000000000003e-06,3.6900000000000002e-06,20.91638417774984,target,3312174850.0,4
PEPE,1770960120000,1770960180000,3.66e-06,3.67e-06,21.000852893266163,target,3315051759.0,4
PEPE,1770961980000,1770963840000,3.6800000000000003e-06,3.6400000000000003e-06,-150.70061947728064,stop,3313558036.0,4
PEPE,1770966420000,1770966480000,3.6800000000000003e-06,3.6900000000000002e-06,20.893715620095946,target,3308585213.0,4
PEPE,1770967620000,1770967680000,3.6900000000000002e-06,3.7e-06,20.858097440376703,target,3308183575.0,4
PEPE,1770968220000,1770970080000,3.7e-06,3.6900000000000002e-06,-51.40291715957954,time,3307781027.0,4
PEPE,1771027920000,1771027980000,3.7700000000000003e-06,3.7800000000000002e-06,20.53301158109966,target,3298475756.0,4
PEPE,1771028520000,1771029060000,3.7700000000000003e-06,3.7800000000000002e-06,20.53721684250172,target,3299151300.0,4
PEPE,1771029720000,1771029780000,3.7700000000000003e-06,3.7800000000000002e-06,20.541422956724794,target,3299826981.0,4
PEPE,1771030320000,1771030380000,3.79e-06,3.8e-06,20.466159733594264,target,3298333559.0,4
PEPE,1771030920000,1771030980000,3.7800000000000002e-06,3.79e-06,20.510065235605275,target,3300090947.0,4
PEPE,1771031520000,1771031580000,3.79e-06,3.8e-06,20.474519401229184,target,3299680806.0,4
PEPE,1771032120000,1771033980000,3.81e-06,3.8e-06,-51.798015244709234,time,3298186262.0,4
PEPE,1771034520000,1771034580000,3.8e-06,3.81e-06,20.428429250040235,target,3297567272.0,4
PEPE,1771035360000,1771035420000,3.8e-06,3.81e-06,20.432588820839207,target,3298238712.0,4
PEPE,1771036920000,1771036980000,3.81e-06,3.82e-06,20.397059395055173,target,3297826903.0,4
PEPE,1771037520000,1771037580000,3.81e-06,3.82e-06,20.40120451402171,target,3298497092.0,4
PEPE,1771038720000,1771038780000,3.81e-06,3.82e-06,20.405350480331684,target,3299167418.0,4
PEPE,1771039320000,1771039380000,3.830000000000001e-06,3.8400000000000005e-06,20.33014739296523,target,3297671921.0,4
PEPE,1771039920000,1771039980000,3.8400000000000005e-06,3.85e-06,20.29461892769946,target,3297257340.0,4
PEPE,1771040520000,1771040580000,3.85e-06,3.86e-06,20.259093266569813,target,3296841866.0,4
PEPE,1771041720000,1771041780000,3.8400000000000005e-06,3.85e-06,20.30281226674103,target,3298588508.0,4
PEPE,1771044720000,1771044780000,3.82e-06,3.83e-06,20.38627610142456,target,3301421231.0,4
PEPE,1771046220000,1771046280000,3.81e-06,3.82e-06,20.43013908206131,target,3303175276.0,4
PEPE,1771049220000,1771049280000,3.7800000000000002e-06,3.79e-06,20.553656226345794,target,3307104783.0,4
PEPE,1771050420000,1771050480000,3.7800000000000002e-06,3.79e-06,20.55785757256089,target,3307780784.0,4
PEPE,1771051020000,1771051080000,3.7800000000000002e-06,3.79e-06,20.56205977022988,target,3308456922.0,4
PEPE,1771051620000,1771051680000,3.7800000000000002e-06,3.79e-06,20.566262831785412,target,3309133199.0,4
PEPE,1771052280000,1771052340000,3.7700000000000003e-06,3.7800000000000002e-06,20.610340106027174,target,3310898009.0,4
PEPE,1771052820000,1771052880000,3.79e-06,3.8e-06,20.534824369081264,target,3309399576.0,4
PEPE,1771114020000,1771114080000,4.88e-06,4.89e-06,15.828499032226144,target,3094525715.0,4
PEPE,1771117920000,1771117980000,4.88e-06,4.89e-06,15.830987638291738,target,3095012246.0,4
PEPE,1771118820000,1771118880000,4.8100000000000005e-06,4.8200000000000004e-06,16.283739793389813,target,3140547694.0,4
PEPE,1771120320000,1771120380000,4.8e-06,4.81e-06,16.351778721955124,target,3147599369.0,4
PEPE,1771120920000,1771120980000,4.8200000000000004e-06,4.83e-06,16.223871661201002,target,3135047664.0,4
PEPE,1771123500000,1771123560000,4.8200000000000004e-06,4.83e-06,16.226484477302016,target,3135552556.0,4
PEPE,1771123920000,1771123980000,4.84e-06,4.85e-06,16.099573355172154,target,3123098614.0,4
PEPE,1771125120000,1771125180000,4.890000000000001e-06,4.9000000000000005e-06,15.782918898911657,target,3091658942.0,4
PEPE,1771125720000,1771125780000,4.9000000000000005e-06,4.9100000000000004e-06,15.7223170205752,target,3085832585.0,4
PEPE,1771126320000,1771126380000,4.87e-06,4.88e-06,15.91479616512449,target,3105326081.0,4
PEPE,1771127220000,1771127280000,4.890000000000001e-06,4.9000000000000005e-06,15.79034464212117,target,3093113544.0,4
PEPE,1771127820000,1771127880000,4.92e-06,4.93e-06,15.604277633174851,target,3074734509.0,4
PEPE,1771128420000,1771128480000,4.95e-06,4.96e-06,15.420408822496968,target,3056572611.0,4
PEPE,1771129020000,1771129080000,5.02e-06,5.03e-06,14.996698953751805,target,3014411850.0,4
PEPE,1771131300000,1771131420000,4.94e-06,4.9000000000000005e-06,-145.12669222673992,stop,3063683602.0,4
PEPE,1771131780000,1771131840000,4.95e-06,4.96e-06,15.402872160335331,target,3053096563.0,4
PEPE,1771132920000,1771132980000,4.95e-06,4.9100000000000004e-06,-144.69309777604357,stop,3053563317.0,4
PEPE,1771138020000,1771138080000,4.890000000000001e-06,4.850000000000001e-06,-145.98036452533353,stop,3086591913.0,4
PEPE,1771138620000,1771138680000,4.88e-06,4.89e-06,15.79731840142401,target,3088429795.0,4
PEPE,1771139820000,1771139880000,4.92e-06,4.93e-06,15.548796342625838,target,3063802235.0,4
PEPE,1771140420000,1771140480000,4.9100000000000004e-06,4.92e-06,15.61357981962082,target,3070517172.0,4
PEPE,1771141200000,1771141260000,4.93e-06,4.94e-06,15.491483685180162,target,3058535772.0,4
PEPE,1771141920000,1771141980000,4.890000000000001e-06,4.9000000000000005e-06,15.743971455140194,target,3084029668.0,4
PEPE,1771144020000,1771144080000,4.9000000000000005e-06,4.9100000000000004e-06,15.683519120361506,target,3078217688.0,4
PEPE,1771200420000,1771200480000,4.42e-06,4.43e-06,18.06060918912608,target,3239571155.0,4
PEPE,1771201020000,1771201200000,4.47e-06,4.430000000000001e-06,-150.95872457108928,stop,3234945346.0,4
PEPE,1771202220000,1771202700000,4.47e-06,4.430000000000001e-06,-150.7321732291638,stop,3230090501.0,4
PEPE,1771203120000,1771203180000,4.4600000000000005e-06,4.47e-06,17.857459794465775,target,3226279999.0,4
PEPE,1771203720000,1771203780000,4.4600000000000005e-06,4.47e-06,17.860639552335382,target,3226854481.0,4
PEPE,1771204320000,1771204380000,4.48e-06,4.440000000000001e-06,-150.55956589176031,stop,3225354882.0,4
PEPE,1771205520000,1771205580000,4.450000000000001e-06,4.4600000000000005e-06,17.87498418407605,target,3223622035.0,4
PEPE,1771207320000,1771207380000,4.44e-06,4.45e-06,17.9161784918617,target,3225234652.0,4
PEPE,1771208220000,1771208280000,4.4600000000000005e-06,4.47e-06,17.843383835595045,target,3223736917.0,4
PEPE,1771208820000,1771208880000,4.44e-06,4.45e-06,17.922573080115,target,3226385793.0,4
PEPE,1771209720000,1771209780000,4.450000000000001e-06,4.4600000000000005e-06,17.88775300491072,target,3225924798.0,4
PEPE,1771210320000,1771210380000,4.450000000000001e-06,4.4600000000000005e-06,17.890944939801788,target,3226500440.0,4
PEPE,1771210920000,1771211520000,4.44e-06,4.45e-06,17.932176030836512,target,3228114497.0,4
PEPE,1771212420000,1771212480000,4.42e-06,4.43e-06,18.011546970275617,target,3230770757.0,4
PEPE,1771213020000,1771213080000,4.44e-06,4.45e-06,17.9386035435747,target,3229271565.0,4
PEPE,1771213620000,1771213680000,4.44e-06,4.45e-06,17.941811356093893,target,3229849029.0,4
PEPE,1771214220000,1771214280000,4.450000000000001e-06,4.4600000000000005e-06,17.906953909302068,target,3229387540.0,4
PEPE,1771214820000,1771214880000,4.450000000000001e-06,4.4600000000000005e-06,17.91014926545659,target,3229963799.0,4
PEPE,1771215420000,1771215540000,4.450000000000001e-06,4.4600000000000005e-06,17.913345192745968,target,3230540161.0,4
PEPE,1771216020000,1771216080000,4.450000000000001e-06,4.4600000000000005e-06,17.916541696715935,target,3231116627.0,4
PEPE,1771217220000,1771217280000,4.450000000000001e-06,4.4600000000000005e-06,17.919738766275042,target,3231693195.0,4
PEPE,1771217820000,1771217880000,4.52e-06,4.53e-06,17.656922462775384,target,3225008669.0,4
PEPE,1771218420000,1771218660000,4.51e-06,4.52e-06,17.697961899955317,target,3226611103.0,4
PEPE,1771219020000,1771219080000,4.47e-06,4.48e-06,17.853092277476296,target,3231328919.0,4
PEPE,1771288620000,1771288680000,4.4600000000000005e-06,4.47e-06,17.89433548105506,target,3232942273.0,4
PEPE,1771291020000,1771291080000,4.44e-06,4.45e-06,17.97375084516031,target,3235598712.0,4
PEPE,1771291740000,1771291800000,4.44e-06,4.45e-06,17.976964945939788,target,3236177308.0,4
PEPE,1771292220000,1771292280000,4.4600000000000005e-06,4.47e-06,17.903923307685034,target,3234674491.0,4
PEPE,1771293000000,1771293060000,4.450000000000001e-06,4.4600000000000005e-06,17.94523401642201,target,3236291076.0,4
PEPE,1771293420000,1771293480000,4.44e-06,4.45e-06,17.986590222205407,target,3237910031.0,4
PEPE,1771294980000,1771295040000,4.4600000000000005e-06,4.47e-06,17.913509479350587,target,3236406410.0,4
PEPE,1771295520000,1771295580000,4.4600000000000005e-06,4.47e-06,17.91669921682597,target,3236982695.0,4
PEPE,1771296120000,1771296180000,4.4600000000000005e-06,4.47e-06,17.91988951886936,target,3237559082.0,4
PEPE,1771296720000,1771296780000,4.47e-06,4.48e-06,17.884948250651032,target,3237094706.0,4
PEPE,1771297320000,1771297380000,4.47e-06,4.48e-06,17.88812613119794,target,3237669888.0,4
PEPE,1771297920000,1771297980000,4.4600000000000005e-06,4.47e-06,17.92945026828162,target,3239286408.0,4
PEPE,1771298520000,1771298580000,4.4600000000000005e-06,4.47e-06,17.93264283967483,target,3239863205.0,4
PEPE,1771299120000,1771299180000,4.4600000000000005e-06,4.47e-06,17.93583598671204,target,3240440106.0,4
PEPE,1771299720000,1771299780000,4.4600000000000005e-06,4.47e-06,17.93902969831543,target,3241017109.0,4
PEPE,1771303920000,1771303980000,4.42e-06,4.43e-06,18.09516127185149,target,3245768838.0,4
PEPE,1771304520000,1771304580000,4.41e-06,4.42e-06,18.136713585399907,target,3247397240.0,4
PEPE,1771305240000,1771305300000,4.4e-06,4.41e-06,18.178311833445825,target,3249028031.0,4
PEPE,1771308720000,1771309020000,4.42e-06,4.43e-06,18.10493230674961,target,3247521490.0,4
PEPE,1771309320000,1771309380000,4.42e-06,4.43e-06,18.108183613299268,target,3248104684.0,4
PEPE,1771309920000,1771309980000,4.42e-06,4.43e-06,18.111435499652018,target,3248687982.0,4
PEPE,1771310520000,1771310580000,4.42e-06,4.43e-06,18.114687971374046,target,3249271385.0,4
PEPE,1771311720000,1771311780000,4.41e-06,4.42e-06,18.156285123238913,target,3250901544.0,4
PEPE,1771315620000,1771315680000,4.38e-06,4.39e-06,18.274753912865158,target,3254631151.0,4
PEPE,1771372920000,1771372980000,4.39e-06,4.4e-06,18.23963135839171,target,3254171518.0,4
PEPE,1771373520000,1771373580000,4.4e-06,4.41e-06,18.204513319153882,target,3253711049.0,4
PEPE,1771374300000,1771374360000,4.39e-06,4.4e-06,18.246217614530313,target,3255346586.0,4
PEPE,1771374720000,1771374780000,4.39e-06,4.4e-06,18.249515108895935,target,3255934899.0,4
PEPE,1771379220000,1771379280000,4.360000000000001e-06,4.3700000000000005e-06,18.36826745291942,target,3259674792.0,4
PEPE,1771379820000,1771379880000,4.360000000000001e-06,4.3700000000000005e-06,18.371607999255584,target,3260267613.0,4
PEPE,1771380420000,1771380480000,4.360000000000001e-06,4.3700000000000005e-06,18.374949154171926,target,3260860542.0,4
PEPE,1771381020000,1771381080000,4.38e-06,4.39e-06,18.301254584779457,target,3259350772.0,4
PEPE,1771381680000,1771381740000,4.3700000000000005e-06,4.38e-06,18.34308170999951,target,3260992304.0,4
PEPE,1771382220000,1771382280000,4.39e-06,4.4e-06,18.269396094340255,target,3259481908.0,4
PEPE,1771382820000,1771383000000,4.4e-06,4.41e-06,18.23422074376516,target,3259020687.0,4
PEPE,1771383420000,1771383480000,4.4e-06,4.41e-06,18.237509126684746,target,3259608423.0,4
PEPE,1771384020000,1771384140000,4.4e-06,4.41e-06,18.24079810826918,target,3260196266.0,4
PEPE,1771385220000,1771385280000,4.39e-06,4.4e-06,18.282585528116364,target,3261835063.0,4
PEPE,1771385820000,1771385880000,4.4e-06,4.41e-06,18.247384788449946,target,3261373510.0,4
PEPE,1771386480000,1771386540000,4.39e-06,4.4e-06,18.289187298896927,target,3263012899.0,4
PEPE,1771387260000,1771387320000,4.39e-06,4.4e-06,18.29249255618562,target,3263602597.0,4
PEPE,1771387980000,1771388040000,4.4e-06,4.41e-06,18.257272736835027,target,3263140793.0,4
PEPE,1771388580000,1771388640000,4.4e-06,4.41e-06,18.260565276842335,target,3263729272.0,4
PEPE,1771389720000,1771389780000,4.39e-06,4.4e-06,18.302397986832013,target,3265369846.0,4
PEPE,1771390320000,1771390380000,4.39e-06,4.4e-06,18.305705631851403,target,3265959970.0,4
PEPE,1771390980000,1771391040000,4.39e-06,4.4e-06,18.309013871000595,target,3266550200.0,4
PEPE,1771391520000,1771391580000,4.39e-06,4.4e-06,18.312322715489252,target,3267140538.0,4
PEPE,1771392120000,1771392300000,4.41e-06,4.42e-06,18.238522120356183,target,3265626163.0,4
PEPE,1771459920000,1771459980000,4.22e-06,4.23e-06,18.978517611900863,target,3286323396.0,4
PEPE,1771460580000,1771460640000,4.22e-06,4.23e-06,18.982070940524686,target,3286938691.0,4
PEPE,1771461120000,1771461180000,4.22e-06,4.23e-06,18.985624939049142,target,3287554102.0,4
PEPE,1771462620000,1771462680000,4.21e-06,4.22e-06,19.028227274941184,target,3289235484.0,4
PEPE,1771463820000,1771463880000,4.23e-06,4.24e-06,18.953712527754973,target,3287721167.0,4
PEPE,1771464420000,1771464480000,4.23e-06,4.24e-06,18.957253921135724,target,3288335459.0,4
PEPE,1771465020000,1771465080000,4.23e-06,4.24e-06,18.960795977490164,target,3288949866.0,4
PEPE,1771465620000,1771465680000,4.24e-06,4.25e-06,18.92531240106924,target,3288499114.0,4
PEPE,1771466220000,1771466280000,4.24e-06,4.25e-06,18.92884121168489,target,3289112287.0,4
PEPE,1771466820000,1771466880000,4.24e-06,4.25e-06,18.932370678370024,target,3289725574.0,4
PEPE,1771467420000,1771467480000,4.24e-06,4.25e-06,18.935900801124646,target,3290338975.0,4
PEPE,1771468320000,1771470180000,4.23e-06,4.21e-06,-86.66238856567578,time,3292018559.0,4
PEPE,1771471320000,1771471380000,4.22e-06,4.23e-06,19.001342000023406,target,3290275671.0,4
PEPE,1771471920000,1771471980000,4.23e-06,4.24e-06,18.96584491260566,target,3289825657.0,4
PEPE,1771472520000,1771472580000,4.22e-06,4.23e-06,19.008450557249162,target,3291506590.0,4
PEPE,1771473720000,1771473780000,4.23e-06,4.24e-06,18.972940192119818,target,3291056408.0,4
PEPE,1771474320000,1771474380000,4.23e-06,4.24e-06,18.976485177095146,target,3291671323.0,4
PEPE,1771474920000,1771474980000,4.23e-06,4.24e-06,18.980030825044167,target,3292286353.0,4
PEPE,1771475520000,1771475580000,4.23e-06,4.24e-06,18.98357713597052,target,3292901498.0,4
PEPE,1771476300000,1771476360000,4.24e-06,4.25e-06,18.948050929776883,target,3292450205.0,4
PEPE,1771476720000,1771478460000,4.24e-06,4.2000000000000004e-06,-152.5347297604788,stop,3293064114.0,4
PEPE,1771481280000,1771481340000,4.2000000000000004e-06,4.21e-06,19.079381494411695,target,3292386798.0,4
PEPE,1771481820000,1771481880000,4.2000000000000004e-06,4.21e-06,19.082968402381155,target,3293005764.0,4
PEPE,1771484880000,1771484940000,4.1900000000000005e-06,4.2000000000000004e-06,19.125693822825244,target,3294693165.0,4
PEPE,1771546320000,1771546380000,4.23e-06,4.24e-06,18.97286814691562,target,3291043911.0,4
PEPE,1771546920000,1771546980000,4.24e-06,4.25e-06,18.937361978361384,target,3290592872.0,4
PEPE,1771547580000,1771547640000,4.26e-06,4.27e-06,18.862852029941852,target,3289076204.0,4
PEPE,1771548120000,1771548180000,4.25e-06,4.26e-06,18.905369814870987,target,3290751926.0,4
PEPE,1771549320000,1771549380000,4.25e-06,4.26e-06,18.9088876449751,target,3291364255.0,4
PEPE,1771550520000,1771550580000,4.26e-06,4.27e-06,18.873376489019936,target,3290911332.0,4
PEPE,1771551120000,1771551180000,4.25e-06,4.26e-06,18.915917996805703,target,3292587989.0,4
PEPE,1771552620000,1771552680000,4.25e-06,4.26e-06,18.919437785956294,target,3293200659.0,4
PEPE,1771553400000,1771553460000,4.26e-06,4.27e-06,18.883906820739142,target,3292747484.0,4
PEPE,1771553820000,1771553880000,4.26e-06,4.27e-06,18.887413400464506,target,3293358919.0,4
PEPE,1771554420000,1771554480000,4.26e-06,4.27e-06,18.890920633978855,target,3293970468.0,4
PEPE,1771555020000,1771555080000,4.27e-06,4.28e-06,18.855380628574807,target,3293516267.0,4
PEPE,1771555680000,1771555740000,4.27e-06,4.28e-06,18.858874676225522,target,3294126581.0,4
PEPE,1771556220000,1771556280000,4.26e-06,4.27e-06,18.901431736245303,target,3295803267.0,4
PEPE,1771558140000,1771558200000,4.25e-06,4.26e-06,18.94403647992189,target,3297482416.0,4
PEPE,1771558860000,1771558920000,4.25e-06,4.26e-06,18.9475614970221,target,3298095996.0,4
PEPE,1771564320000,1771564380000,4.18e-06,4.19e-06,19.225564013611265,target,3306201894.0,4
PEPE,1771564920000,1771564980000,4.18e-06,4.19e-06,19.22919323070461,target,3306826007.0,4
PEPE,1771566720000,1771566780000,4.23e-06,4.24e-06,19.036567159641056,target,3302093176.0,4
PEPE,1771567320000,1771567380000,4.22e-06,4.23e-06,19.079331677174544,target,3303780377.0,4
PEPE,1771567920000,1771567980000,4.21e-06,4.22e-06,19.122144291314623,target,3305470059.0,4
PEPE,1771569420000,1771569480000,4.21e-06,4.22e-06,19.125731870635477,target,3306090211.0,4
PEPE,1771570020000,1771570080000,4.21e-06,4.22e-06,19.12932012679936,target,3306710480.0,4
PEPE,1771571220000,1771571280000,4.21e-06,4.22e-06,19.13290905402595,target,3307330865.0,4
PEPE,1771632120000,1771632180000,4.25e-06,4.26e-06,18.979571758037007,target,3303667843.0,4
PEPE,1771632720000,1771632780000,4.26e-06,4.27e-06,18.94392785684589,target,3303213227.0,4
PEPE,1771633560000,1771633620000,4.24e-06,4.25e-06,19.025836574450032,target,3305966390.0,4
PEPE,1771633980000,1771634100000,4.24e-06,4.25e-06,19.029384129098585,target,3306582820.0,4
PEPE,1771636020000,1771636080000,4.26e-06,4.27e-06,18.954512114769066,target,3305058782.0,4
PEPE,1771636620000,1771636680000,4.27e-06,4.28e-06,18.91885247842637,target,3304603053.0,4
PEPE,1771637280000,1771637340000,4.26e-06,4.27e-06,18.96154487645135,target,3306285070.0,4
PEPE,1771638600000,1771638660000,4.27e-06,4.28e-06,18.925872009698967,target,3305829172.0,4
PEPE,1771639620000,1771639680000,4.26e-06,4.27e-06,18.968580247556062,target,3307511813.0,4
PEPE,1771641240000,1771641300000,4.2800000000000005e-06,4.2900000000000004e-06,18.893711092995837,target,3305986193.0,4
PEPE,1771641720000,1771641780000,4.2800000000000005e-06,4.2900000000000004e-06,18.897204998250018,target,3306597550.0,4
PEPE,1771642320000,1771642380000,4.2800000000000005e-06,4.2900000000000004e-06,18.900699549300104,target,3307209020.0,4
PEPE,1771645320000,1771646340000,4.27e-06,4.28e-06,18.943399538024753,target,3308890749.0,4
PEPE,1771646880000,1771646940000,4.26e-06,4.27e-06,18.986147332515152,target,3310574949.0,4
PEPE,1771647420000,1771647480000,4.26e-06,4.27e-06,18.98967290082662,target,3311189695.0,4
PEPE,1771648020000,1771648080000,4.27e-06,4.28e-06,18.95394711200138,target,3310733120.0,4
PEPE,1771648620000,1771648680000,4.2800000000000005e-06,4.2900000000000004e-06,18.918225539775847,target,3310275685.0,4
PEPE,1771649220000,1771649280000,4.27e-06,4.28e-06,18.960965120424824,target,3311958973.0,4
PEPE,1771649820000,1771649880000,4.2800000000000005e-06,4.2900000000000004e-06,18.925230318120192,target,3311501368.0,4
PEPE,1771651740000,1771651800000,4.2900000000000004e-06,4.3e-06,18.889499761614484,target,3311042903.0,4
PEPE,1771652220000,1771652280000,4.2900000000000004e-06,4.3e-06,18.89298564783066,target,3311653926.0,4
PEPE,1771653000000,1771653060000,4.2900000000000004e-06,4.3e-06,18.89647217871021,target,3312265062.0,4
PEPE,1771654020000,1771654080000,4.2900000000000004e-06,4.3e-06,18.899959354256765,target,3312876311.0,4
PEPE,1771654680000,1771654740000,4.2900000000000004e-06,4.3e-06,18.903447168759122,target,3313487672.0,4
PEPE,1771718820000,1771718880000,4.14e-06,4.15e-06,19.498612151585707,target,3330249727.0,4
PEPE,1771719420000,1771719480000,4.14e-06,4.15e-06,19.50232305058548,target,3330883527.0,4
PEPE,1771720920000,1771720980000,4.13e-06,4.14e-06,19.545699955997478,target,3332600163.0,4
PEPE,1771721520000,1771721580000,4.12e-06,4.13e-06,19.589126046125983,target,3334319327.0,4
PEPE,1771722420000,1771722480000,4.12e-06,4.13e-06,19.592869337624474,target,3334956483.0,4
PEPE,1771723020000,1771723080000,4.12e-06,4.13e-06,19.5966133458764,target,3335593761.0,4
PEPE,1771723620000,1771723680000,4.13e-06,4.14e-06,19.560636644744164,target,3335146913.0,4
PEPE,1771724220000,1771724280000,4.12e-06,4.13e-06,19.604095916250845,target,3336867390.0,4
PEPE,1771724820000,1771724880000,4.13e-06,4.14e-06,19.568105475915637,target,3336420371.0,4
PEPE,1771725420000,1771725480000,4.13e-06,4.14e-06,19.571837176003548,target,3337056637.0,4
PEPE,1771726020000,1771726080000,4.13e-06,4.14e-06,19.57556957989577,target,3337693023.0,4
PEPE,1771726800000,1771726860000,4.12e-06,4.13e-06,19.61906203225,target,3339414814.0,4
PEPE,1771732320000,1771732380000,4.08e-06,4.09e-06,19.782137658465395,target,3344401971.0,4
PEPE,1771732920000,1771732980000,4.08e-06,4.09e-06,19.78594852734666,target,3345046243.0,4
PEPE,1771733520000,1771733580000,4.09e-06,4.1e-06,19.749874225404863,target,3344601901.0,4
PEPE,1771734120000,1771734180000,4.09e-06,4.1e-06,19.753671211264994,target,3345244913.0,4
PEPE,1771734720000,1771734780000,4.09e-06,4.1e-06,19.757468923438807,target,3345888048.0,4
PEPE,1771735320000,1771735380000,4.09e-06,4.1e-06,19.761267367835753,target,3346531307.0,4
PEPE,1771735920000,1771735980000,4.09e-06,4.1e-06,19.765066544450363,target,3347174690.0,4
PEPE,1771737120000,1771737900000,4.08e-06,4.09e-06,19.80879070761589,target,3348907981.0,4
PEPE,1771738320000,1771738380000,4.08e-06,4.09e-06,19.8126067107155,target,3349553121.0,4
PEPE,1771738920000,1771738980000,4.08e-06,4.09e-06,19.816423447274875,target,3350198385.0,4
PEPE,1771739520000,1771739580000,4.07e-06,4.08e-06,19.8602142706488,target,3351934898.0,4
PEPE,1771740120000,1771740180000,4.07e-06,4.08e-06,19.864047893774476,target,3352581923.0,4
PEPE,1771804920000,1771804980000,4.05e-06,4.06e-06,19.947938007556676,target,3355414299.0,4
PEPE,1771805640000,1771805700000,4.04e-06,4.05e-06,19.99187886154523,target,3357158499.0,4
PEPE,1771806120000,1771806180000,4.03e-06,4.04e-06,20.03586993555053,target,3358905270.0,4
PEPE,1771812720000,1771812780000,3.9e-06,3.91e-06,20.56367392677697,target,3373859545.0,4
PEPE,1771813320000,1771813380000,3.91e-06,3.92e-06,20.52731317704041,target,3373428624.0,4
PEPE,1771813920000,1771813980000,3.9e-06,3.91e-06,20.571878735404127,target,3375205699.0,4
PEPE,1771814520000,1771814580000,3.9e-06,3.91e-06,20.575986405800993,target,3375879640.0,4
PEPE,1771815120000,1771815180000,3.9e-06,3.91e-06,20.58009489902096,target,3376553716.0,4
PEPE,1771815720000,1771815780000,3.91e-06,3.92e-06,20.543705114337115,target,3376122451.0,4
PEPE,1771816320000,1771816380000,3.91e-06,3.92e-06,20.547799090165185,target,3376795249.0,4
PEPE,1771817100000,1771817160000,3.89e-06,3.9e-06,20.63295089938719,target,3379680737.0,4
PEPE,1771817520000,1771818300000,3.91e-06,3.92e-06,20.55600563758626,target,3378143901.0,4
PEPE,1771819320000,1771819380000,3.91e-06,3.92e-06,20.5601020656715,target,3378817102.0,4
PEPE,1771820520000,1771820580000,3.9e-06,3.91e-06,20.60473880642548,target,3380597015.0,4
PEPE,1771821120000,1771821180000,3.9e-06,3.91e-06,20.60885304113551,target,3381272033.0,4
PEPE,1771821780000,1771821840000,3.89e-06,3.9e-06,20.65355035375551,target,3383054931.0,4
PEPE,1771822320000,1771822380000,3.89e-06,3.9e-06,20.657682455849972,target,3383731770.0,4
PEPE,1771823220000,1771823280000,3.89e-06,3.9e-06,20.66181537601517,target,3384408743.0,4
PEPE,1771823820000,1771823880000,3.9e-06,3.91e-06,20.625342508990038,target,3383977442.0,4
PEPE,1771825740000,1771825800000,3.920000000000001e-06,3.9300000000000005e-06,20.548311141600067,target,3382438048.0,4
PEPE,1771826220000,1771826280000,3.920000000000001e-06,3.9300000000000005e-06,20.552397964200352,target,3383110776.0,4
PEPE,1771826820000,1771826880000,3.94e-06,3.95e-06,20.475409795293317,target,3381570569.0,4
PEPE,1771827420000,1771827480000,4.0100000000000006e-06,4.0200000000000005e-06,20.196477918855447,target,3374515943.0,4
PEPE,1771828020000,1771828080000,4e-06,4.01e-06,20.240779236150054,target,3376276770.0,4
PEPE,1771891320000,1771891380000,3.97e-06,3.98e-06,20.365990229523973,target,3380247341.0,4
PEPE,1771891920000,1771891980000,3.97e-06,3.98e-06,20.37000089729876,target,3380913012.0,4
PEPE,1771892520000,1771894380000,3.98e-06,3.97e-06,-53.95237212624073,time,3380474444.0,4
PEPE,1771894920000,1771895460000,3.96e-06,3.920000000000001e-06,-155.18422221659884,stop,3380919874.0,4
PEPE,1771896420000,1771896480000,3.96e-06,3.97e-06,20.373230356530996,target,3375845958.0,4
PEPE,1771897020000,1771897080000,3.97e-06,3.98e-06,20.336839273201104,target,3375409008.0,4
PEPE,1771897620000,1771897680000,3.95e-06,3.96e-06,20.421708832396508,target,3378281031.0,4
PEPE,1771898220000,1771898580000,3.95e-06,3.96e-06,20.42574645715634,target,3378948959.0,4
PEPE,1771903620000,1771903980000,3.91e-06,3.92e-06,20.591895874250206,target,3384042050.0,4
PEPE,1771904820000,1771904880000,3.89e-06,3.9e-06,20.677230427755845,target,3386933731.0,4
PEPE,1771905900000,1771905960000,3.89e-06,3.9e-06,20.681367267329186,target,3387611346.0,4
PEPE,1771906320000,1771906740000,3.89e-06,3.85e-06,-155.1666991513182,stop,3388289096.0,4
PEPE,1771907220000,1771907520000,3.9e-06,3.86e-06,-154.93383269405805,stop,3382096326.0,4
PEPE,1771908120000,1771908180000,3.89e-06,3.9e-06,20.623463973586503,target,3378126777.0,4
PEPE,1771909320000,1771909380000,3.9e-06,3.91e-06,20.587058802219417,target,3377696276.0,4
PEPE,1771909920000,1771909980000,3.91e-06,3.92e-06,20.55065670352444,target,3377264865.0,4
PEPE,1771910580000,1771910640000,3.88e-06,3.89e-06,20.67639435162522,target,3381258275.0,4
PEPE,1771912320000,1771912380000,3.89e-06,3.9e-06,20.63995703401364,target,3380828343.0,4
PEPE,1771912920000,1771913280000,3.89e-06,3.9e-06,20.64408641328047,target,3381504736.0,4
PEPE,1771913820000,1771913880000,3.89e-06,3.9e-06,20.648216616722056,target,3382181264.0,4
PEPE,1771917480000,1771917540000,3.9e-06,3.91e-06,20.611767749372003,target,3381750246.0,4
PEPE,1771918020000,1771918080000,3.91e-06,3.92e-06,20.575321958945057,target,3381318317.0,4
PEPE,1771918620000,1771918680000,3.920000000000001e-06,3.9300000000000005e-06,20.5388792788504,target,3380885478.0,4
PEPE,1771919220000,1771919280000,3.9e-06,3.91e-06,20.624092832857006,target,3383772409.0,4
PEPE,1771978620000,1771978680000,3.94e-06,3.95e-06,20.466027469860556,target,3380021052.0,4
PEPE,1771979220000,1771979340000,3.94e-06,3.95e-06,20.47008187364056,target,3380690648.0,4
PEPE,1771980420000,1771980480000,3.96e-06,3.97e-06,20.393172289828982,target,3379150338.0,4
PEPE,1771981620000,1771981680000,3.98e-06,3.99e-06,20.316321304904015,target,3377609527.0,4
PEPE,1771982220000,1771982280000,4.08e-06,4.09e-06,19.917439746295944,target,3367276373.0,4
PEPE,1771982880000,1771982940000,4.13e-06,4.14e-06,19.720782798149944,target,3362452310.0,4
PEPE,1771983420000,1771983480000,4.1100000000000005e-06,4.12e-06,19.804678202430807,target,3365280918.0,4
PEPE,1771984020000,1771984080000,4.09e-06,4.1e-06,19.888724619796786,target,3368115939.0,4
PEPE,1771985520000,1771985580000,4.08e-06,4.09e-06,19.93272233770965,target,3369860074.0,4
PEPE,1771986120000,1771986180000,4.08e-06,4.09e-06,19.936562213750957,target,3370509250.0,4
PEPE,1771994820000,1771994880000,4e-06,4.01e-06,20.262863389340136,target,3379960532.0,4
PEPE,1771995420000,1771996200000,4e-06,4.01e-06,20.266829987085686,target,3380622183.0,4
PEPE,1772000820000,1772000880000,3.9300000000000005e-06,3.94e-06,20.55444583167078,target,3389026518.0,4
PEPE,1772001420000,1772001480000,3.9300000000000005e-06,3.94e-06,20.558525811755867,target,3389699227.0,4
PEPE,1772002260000,1772003580000,3.9300000000000005e-06,3.94e-06,20.562606604548677,target,3390372070.0,4
PEPE,1772004120000,1772004180000,3.920000000000001e-06,3.9300000000000005e-06,20.607339693150927,target,3392154682.0,4
PEPE,1772005320000,1772005980000,3.91e-06,3.92e-06,20.652124443624935,target,3393939925.0,4
PEPE,1772006520000,1772006580000,3.920000000000001e-06,3.9300000000000005e-06,20.615545730250723,target,3393505470.0,4
PEPE,1772007120000,1772007180000,3.920000000000001e-06,3.9300000000000005e-06,20.61964593000083,target,3394180400.0,4
PEPE,1772008320000,1772008380000,3.9300000000000005e-06,3.94e-06,20.583063091424837,target,3393744945.0,4
PEPE,1772010120000,1772010180000,3.96e-06,3.97e-06,20.465232555549626,target,3391090730.0,4
PEPE,1772011320000,1772011380000,4.0100000000000006e-06,4.0200000000000005e-06,20.266567469819968,target,3386226812.0,4
PEPE,1772011920000,1772011980000,4e-06,4.01e-06,20.31102253125134,target,3387993750.0,4
PEPE,1772012640000,1772012700000,3.99e-06,4e-06,20.355528574466717,target,3389763293.0,4
PEPE,1772065320000,1772065380000,4.16e-06,4.17e-06,19.67395577047532,target,3371714785.0,4
PEPE,1772065920000,1772065980000,4.14e-06,4.15e-06,19.75796174786045,target,3374545132.0,4
PEPE,1772068320000,1772069100000,4.12e-06,4.13e-06,19.84211862137558,target,3377381893.0,4
PEPE,1772070120000,1772070180000,4.1100000000000005e-06,4.12e-06,19.886155468356122,target,3379125823.0,4
PEPE,1772074200000,1772074260000,4.08e-06,4.09e-06,20.010879220151583,target,3383073410.0,4
PEPE,1772075220000,1772075280000,4.1000000000000006e-06,4.1100000000000005e-06,19.934081734005446,target,3381523619.0,4
PEPE,1772075820000,1772075880000,4.09e-06,4.1e-06,19.97822721853023,target,3383273026.0,4
PEPE,1772076420000,1772076480000,4.09e-06,4.1e-06,19.9820681021594,target,3383923472.0,4
PEPE,1772077020000,1772077080000,4.09e-06,4.1e-06,19.985909729821483,target,3384574044.0,4
PEPE,1772077620000,1772077680000,4.1000000000000006e-06,4.1100000000000005e-06,19.949408008920695,target,3384123496.0,4
PEPE,1772078220000,1772078280000,4.09e-06,4.1e-06,19.993587434440553,target,3385874248.0,4
PEPE,1772078820000,1772078880000,4.09e-06,4.1e-06,19.99743127647487,target,3386525195.0,4
PEPE,1772079420000,1772079480000,4.09e-06,4.1e-06,20.001275850730497,target,3387176266.0,4
PEPE,1772080020000,1772080080000,4.1100000000000005e-06,4.12e-06,19.92439722823087,target,3385623998.0,4
PEPE,1772080620000,1772080680000,4.1100000000000005e-06,4.12e-06,19.928212308951256,target,3386272270.0,4
PEPE,1772081220000,1772081280000,4.12e-06,4.13e-06,19.89169006774958,target,3385819586.0,4
PEPE,1772081820000,1772081880000,4.12e-06,4.13e-06,19.89549118100266,target,3386466584.0,4
PEPE,1772082420000,1772082480000,4.1000000000000006e-06,4.1100000000000005e-06,19.980026202689995,target,3389317422.0,4
PEPE,1772086320000,1772086380000,4.07e-06,4.08e-06,20.105179905824823,target,3393279309.0,4
PEPE,1772086920000,1772086980000,4.07e-06,4.08e-06,20.109060810450313,target,3393934314.0,4
PEPE,1772087520000,1772087700000,4.06e-06,4.07e-06,20.15345086956078,target,3395695176.0,4
PEPE,1772088420000,1772090220000,4.06e-06,4.0200000000000005e-06,-156.4020081724492,stop,3396351969.0,4
PEPE,1772090820000,1772090880000,4.03e-06,4.04e-06,20.248622367726018,target,3394572065.0,4
PEPE,1772092620000,1772092680000,4.03e-06,4.04e-06,20.252562482860498,target,3395232604.0,4
PEPE,1772150520000,1772150580000,3.82e-06,3.83e-06,20.282624749726445,target,3284635587.0,5
PEPE,1772151120000,1772151180000,3.830000000000001e-06,3.8400000000000005e-06,20.247238426185405,target,3284223589.0,5
PEPE,1772151720000,1772151780000,3.830000000000001e-06,3.8400000000000005e-06,20.25133710313432,target,3284888419.0,5
PEPE,1772152320000,1772152380000,3.81e-06,3.82e-06,20.334494897672485,target,3287711382.0,5
PEPE,1772153520000,1772153580000,3.830000000000001e-06,3.8400000000000005e-06,20.259552945869146,target,3286221078.0,5
PEPE,1772154120000,1772154180000,3.830000000000001e-06,3.8400000000000005e-06,20.263654113480065,target,3286886312.0,5
PEPE,1772154720000,1772154780000,3.830000000000001e-06,3.8400000000000005e-06,20.267756113364815,target,3287551681.0,5
PEPE,1772155920000,1772155980000,3.830000000000001e-06,3.8400000000000005e-06,20.271858939360264,target,3288217184.0,5
PEPE,1772156520000,1772156580000,3.8400000000000005e-06,3.85e-06,20.236432339757766,target,3287803792.0,5
PEPE,1772157420000,1772157480000,3.8400000000000005e-06,3.85e-06,20.240520841595675,target,3288468049.0,5
PEPE,1772158020000,1772158080000,3.8400000000000005e-06,3.85e-06,20.244610168201255,target,3289132440.0,5
PEPE,1772159220000,1772159280000,3.85e-06,3.86e-06,20.209172048549455,target,3288717990.0,5
PEPE,1772159820000,1772159880000,3.86e-06,3.87e-06,20.173736751613706,target,3288302649.0,5
PEPE,1772160420000,1772160480000,3.8400000000000005e-06,3.85e-06,20.256859153685305,target,3291122527.0,5
PEPE,1772161020000,1772161080000,3.8400000000000005e-06,3.85e-06,20.260951779370682,target,3291787454.0,5
PEPE,1772163720000,1772163780000,3.82e-06,3.83e-06,20.344243524799136,target,3294614336.0,5
PEPE,1772164320000,1772164380000,3.830000000000001e-06,3.8400000000000005e-06,20.308749695192034,target,3294201086.0,5
PEPE,1772165520000,1772165580000,3.89e-06,3.9e-06,20.0756368107919,target,3288392598.0,5
PEPE,1772166120000,1772166180000,3.88e-06,3.89e-06,20.119133747319815,target,3290128168.0,5
PEPE,1772166720000,1772166780000,3.87e-06,3.88e-06,20.162681099750152,target,3291866302.0,5
PEPE,1772167320000,1772168040000,3.88e-06,3.89e-06,20.127208659855114,target,3291448677.0,5
PEPE,1772168520000,1772168580000,3.88e-06,3.89e-06,20.131243373544287,target,3292108483.0,5
PEPE,1772169120000,1772169180000,3.89e-06,3.9e-06,20.095766754030244,target,3291689886.0,5
PEPE,1772169720000,1772170140000,3.89e-06,3.9e-06,20.099787256724774,target,3292348445.0,5
PEPE,1772236920000,1772236980000,3.6800000000000003e-06,3.6900000000000002e-06,20.93937111244607,target,3315814903.0,5
PEPE,1772238720000,1772238780000,3.67e-06,3.68e-06,20.983820354200326,target,3317600056.0,5
PEPE,1772239320000,1772239380000,3.67e-06,3.68e-06,20.988201384424862,target,3318292709.0,5
PEPE,1772240100000,1772240160000,3.67e-06,3.68e-06,20.992583331776068,target,3318985507.0,5
PEPE,1772240520000,1772240580000,3.6800000000000003e-06,3.6900000000000002e-06,20.95685523823717,target,3318583569.0,5
PEPE,1772241720000,1772241780000,3.66e-06,3.67e-06,21.041487388740908,target,3321466044.0,5
PEPE,1772243520000,1772243580000,3.65e-06,3.66e-06,21.08606956083183,target,3323257614.0,5
PEPE,1772244720000,1772244780000,3.65e-06,3.66e-06,21.090488777189886,target,3323954102.0,5
PEPE,1772245320000,1772245380000,3.66e-06,3.67e-06,21.054711365485915,target,3323553491.0,5
PEPE,1772247720000,1772248200000,3.66e-06,3.67e-06,21.05911560319126,target,3324248714.0,5
PEPE,1772249220000,1772249280000,3.65e-06,3.66e-06,21.103735125825253,target,3326041785.0,5
PEPE,1772249820000,1772249880000,3.6400000000000003e-06,3.65e-06,21.148407407824493,target,3327837515.0,5
PEPE,1772250420000,1772250480000,3.6400000000000003e-06,3.65e-06,21.152848142016573,target,3328536293.0,5
PEPE,1772251080000,1772251140000,3.6400000000000003e-06,3.65e-06,21.15728980403492,target,3329235217.0,5
PEPE,1772251620000,1772251680000,3.6400000000000003e-06,3.65e-06,21.161732400239533,target,3329934288.0,5
PEPE,1772252220000,1772252280000,3.65e-06,3.66e-06,21.12589274777966,target,3329533924.0,5
PEPE,1772253060000,1772253240000,3.6400000000000003e-06,3.65e-06,21.170611930345785,target,3331331539.0,5
PEPE,1772254320000,1772254380000,3.6400000000000003e-06,3.65e-06,21.17505732274919,target,3332031050.0,5
PEPE,1772254920000,1772254980000,3.6400000000000003e-06,3.65e-06,21.17950364934068,target,3332730708.0,5
PEPE,1772255520000,1772255580000,3.6400000000000003e-06,3.65e-06,21.183950910114792,target,3333430513.0,5
PEPE,1772257920000,1772258040000,3.62e-06,3.63e-06,21.26913001499878,target,3336334120.0,5
PEPE,1772258520000,1772258580000,3.62e-06,3.63e-06,21.27361311262698,target,3337037351.0,5
PEPE,1772264220000,1772264280000,3.49e-06,3.5e-06,21.805682851338833,target,3352141868.0,5
PEPE,1772264820000,1772264880000,3.52e-06,3.53e-06,21.688212389726555,target,3349530871.0,5
PEPE,1772323320000,1772323380000,3.65e-06,3.66e-06,21.166105168753962,target,3335871579.0,5
PEPE,1772325420000,1772325480000,3.63e-06,3.64e-06,21.251304466251092,target,3338775250.0,5
PEPE,1772326320000,1772326380000,3.62e-06,3.63e-06,21.296205494249634,target,3340581254.0,5
PEPE,1772327220000,1772327280000,3.63e-06,3.64e-06,21.260255584844696,target,3340181553.0,5
PEPE,1772328120000,1772328180000,3.61e-06,3.62e-06,21.345649488196475,target,3343093107.0,5
PEPE,1772329320000,1772329380000,3.65e-06,3.66e-06,21.18838759685957,target,3339383388.0,5
PEPE,1772329920000,1772329980000,3.7e-06,3.71e-06,20.99117375373356,target,3334578833.0,5
PEPE,1772330520000,1772330580000,3.71e-06,3.72e-06,20.955271698781203,target,3334172108.0,5
PEPE,1772331120000,1772331180000,3.75e-06,3.76e-06,20.79880691382489,target,3330473485.0,5
PEPE,1772331720000,1772331780000,3.7300000000000003e-06,3.74e-06,20.88344990409958,target,3333351940.0,5
PEPE,1772332320000,1772332380000,3.74e-06,3.75e-06,20.847555162360052,target,3332942472.0,5
PEPE,1772333220000,1772333280000,3.7700000000000003e-06,3.7800000000000002e-06,20.731368728550464,target,3330340358.0,5
PEPE,1772333820000,1772333880000,3.74e-06,3.75e-06,20.856120215174855,target,3334311785.0,5
PEPE,1772339820000,1772339880000,3.67e-06,3.68e-06,21.142582003400026,target,3342700712.0,5
PEPE,1772340420000,1772340480000,3.67e-06,3.68e-06,21.14699617662639,target,3343398605.0,5
PEPE,1772341020000,1772341080000,3.66e-06,3.67e-06,21.191843944846358,target,3345200307.0,5
PEPE,1772341620000,1772341680000,3.66e-06,3.67e-06,21.196276861094134,target,3345900057.0,5
PEPE,1772342520000,1772342580000,3.66e-06,3.67e-06,21.20071070859025,target,3346599954.0,5
PEPE,1772343120000,1772343180000,3.66e-06,3.67e-06,21.205145480995625,target,3347299997.0,5
PEPE,1772344320000,1772344380000,3.66e-06,3.67e-06,21.2095811846457,target,3348000187.0,5
PEPE,1772345040000,1772345100000,3.65e-06,3.66e-06,21.254519514149873,target,3349806070.0,5
PEPE,1772349120000,1772349180000,3.61e-06,3.62e-06,21.421282616210522,target,3354938546.0,5
PEPE,1772349960000,1772350020000,3.61e-06,3.62e-06,21.425806356782786,target,3355647041.0,5
PEPE,1772350320000,1772350380000,3.61e-06,3.62e-06,21.43033106149639,target,3356355687.0,5
PEPE,1772409720000,1772409780000,3.44e-06,3.45e-06,22.129924193414876,target,3376037253.0,5
PEPE,1772410320000,1772410380000,3.4600000000000003e-06,3.4700000000000002e-06,22.052551066699714,target,3374529620.0,5
PEPE,1772410920000,1772410980000,3.4700000000000002e-06,3.48e-06,22.016274279299747,target,3374141652.0,5
PEPE,1772411520000,1772411580000,3.4700000000000002e-06,3.48e-06,22.02104770830139,target,3374873212.0,5
PEPE,1772412120000,1772412180000,3.48e-06,3.49e-06,21.984764641181275,target,3374484212.0,5
PEPE,1772412720000,1772412780000,3.49e-06,3.5e-06,21.948483200331406,target,3374094266.0,5
PEPE,1772413320000,1772413380000,3.49e-06,3.5e-06,21.953224193945044,target,3374823089.0,5
PEPE,1772414100000,1772414160000,3.5100000000000003e-06,3.52e-06,21.875934143531175,target,3373312898.0,5
PEPE,1772414520000,1772415600000,3.49e-06,3.5e-06,21.962691544924674,target,3376278485.0,5
PEPE,1772416620000,1772416680000,3.4700000000000002e-06,3.48e-06,22.049612083349853,target,3379250894.0,5
PEPE,1772417220000,1772417220000,3.48e-06,3.44e-06,-152.65695760020043,entry_bar_stop,3378861390.0,5
PEPE,1772419920000,1772419980000,3.45e-06,3.46e-06,22.103474651333194,target,3377154263.0,5
PEPE,1772420520000,1772421180000,3.45e-06,3.46e-06,22.10828487290506,target,3377889209.0,5
PEPE,1772421720000,1772421780000,3.4600000000000003e-06,3.4700000000000002e-06,22.07197458321565,target,3377501849.0,5
PEPE,1772422320000,1772422380000,3.48e-06,3.49e-06,21.9945899582854,target,3375992319.0,5
PEPE,1772423520000,1772423580000,3.48e-06,3.49e-06,21.999349797739118,target,3376722916.0,5
PEPE,1772424120000,1772424180000,3.4700000000000002e-06,3.48e-06,22.045204334924044,target,3378575377.0,5
PEPE,1772425920000,1772425980000,3.4600000000000003e-06,3.4700000000000002e-06,22.091113918721828,target,3380430592.0,5
PEPE,1772426520000,1772426580000,3.45e-06,3.46e-06,22.13707867101465,target,3382288567.0,5
PEPE,1772428920000,1772428980000,3.43e-06,3.44e-06,22.224328602449614,target,3385274730.0,5
PEPE,1772429520000,1772429580000,3.44e-06,3.45e-06,22.18794422238169,target,3384888516.0,5
PEPE,1772430120000,1772430180000,3.44e-06,3.45e-06,22.19278181238056,target,3385626516.0,5
PEPE,1772430720000,1772430780000,3.45e-06,3.46e-06,22.156390989426537,target,3385239265.0,5
PEPE,1772431440000,1772431500000,3.43e-06,3.44e-06,22.243717036644938,target,3388228033.0,5
PEPE,1772496420000,1772496480000,3.5100000000000003e-06,3.52e-06,21.919143367795797,target,3379975847.0,5
PEPE,1772498880000,1772498940000,3.5100000000000003e-06,3.52e-06,21.923860342789812,target,3380703214.0,5
PEPE,1772499420000,1772499540000,3.52e-06,3.53e-06,21.887504485174755,target,3380309573.0,5
PEPE,1772500020000,1772500080000,3.53e-06,3.54e-06,21.85115039095487,target,3379914987.0,5
PEPE,1772500620000,1772500680000,3.52e-06,3.53e-06,21.89689936052676,target,3381760519.0,5
PEPE,1772501400000,1772501460000,3.5100000000000003e-06,3.52e-06,21.94270301611943,target,3383608792.0,5
PEPE,1772502420000,1772502480000,3.5100000000000003e-06,3.52e-06,21.947425062384276,target,3384336941.0,5
PEPE,1772505720000,1772505780000,3.5000000000000004e-06,3.5100000000000003e-06,21.993293398201285,target,3386188360.0,5
PEPE,1772506320000,1772506380000,3.49e-06,3.5e-06,22.039216664155397,target,3388042531.0,5
PEPE,1772506920000,1772506980000,3.48e-06,3.49e-06,22.085194968870514,target,3389899458.0,5
PEPE,1772509620000,1772509680000,3.49e-06,3.5e-06,22.04874779015595,target,3389507731.0,5
PEPE,1772510220000,1772510280000,3.49e-06,3.5e-06,22.0535104454185,target,3390239884.0,5
PEPE,1772510820000,1772510880000,3.49e-06,3.5e-06,22.05827412847523,target,3390972195.0,5
PEPE,1772511420000,1772511480000,3.48e-06,3.49e-06,22.10429219291984,target,3392830728.0,5
PEPE,1772512920000,1772512980000,3.4700000000000002e-06,3.48e-06,22.15036546312391,target,3394692025.0,5
PEPE,1772514720000,1772514780000,3.48e-06,3.49e-06,22.11386932761629,target,3394300741.0,5
PEPE,1772515320000,1772515380000,3.5000000000000004e-06,3.5100000000000003e-06,22.03612205821685,target,3392782457.0,5
PEPE,1772515920000,1772515980000,3.49e-06,3.5e-06,22.082134754694458,target,3394640239.0,5
PEPE,1772516520000,1772516580000,3.48e-06,3.49e-06,22.128202594730155,target,3396500782.0,5
PEPE,1772518020000,1772518080000,3.4700000000000002e-06,3.48e-06,22.17432570682709,target,3398364093.0,5
PEPE,1772520420000,1772520480000,3.4700000000000002e-06,3.48e-06,22.17913340512539,target,3399100905.0,5
PEPE,1772521680000,1772521740000,3.49e-06,3.5e-06,22.101265042489697,target,3397581098.0,5
PEPE,1772522280000,1772522340000,3.52e-06,3.53e-06,21.98220223430151,target,3394934708.0,5
PEPE,1772522880000,1772522940000,3.53e-06,3.54e-06,21.945690852974806,target,3394538415.0,5
PEPE,1772583420000,1772583480000,3.4600000000000003e-06,3.4700000000000002e-06,22.23966463717957,target,3403162148.0,5
PEPE,1772584920000,1772585160000,3.43e-06,3.44e-06,22.36890712901097,target,3407297354.0,5
PEPE,1772585520000,1772585580000,3.45e-06,3.46e-06,22.290806459461344,target,3405776388.0,5
PEPE,1772586720000,1772586780000,3.4600000000000003e-06,3.4700000000000002e-06,22.25419639904874,target,3405385830.0,5
PEPE,1772587320000,1772587380000,3.45e-06,3.46e-06,22.30050047494423,target,3407257521.0,5
PEPE,1772587920000,1772587980000,3.4600000000000003e-06,3.4700000000000002e-06,22.263874485719406,target,3406866792.0,5
PEPE,1772588520000,1772588580000,3.48e-06,3.49e-06,22.18581705907025,target,3405344138.0,5
PEPE,1772589120000,1772589180000,3.4700000000000002e-06,3.48e-06,22.23206025750124,target,3407212300.0,5
PEPE,1772589720000,1772589780000,3.4600000000000003e-06,3.4700000000000002e-06,22.27835897340013,target,3409083240.0,5
PEPE,1772590920000,1772590980000,3.4600000000000003e-06,3.4700000000000002e-06,22.28319823892477,target,3409823755.0,5
PEPE,1772591520000,1772591580000,3.45e-06,3.46e-06,22.32956266387032,target,3411697886.0,5
PEPE,1772592120000,1772592720000,3.4700000000000002e-06,3.48e-06,22.251383392500387,target,3410173700.0,5
PEPE,1772593020000,1772593080000,3.4600000000000003e-06,3.4700000000000002e-06,22.29772234831065,target,3412046266.0,5
PEPE,1772593620000,1772593680000,3.44e-06,3.45e-06,22.38569578357596,target,3415056565.0,5
PEPE,1772594220000,1772594340000,3.44e-06,3.45e-06,22.39057649236532,target,3415801143.0,5
PEPE,1772597220000,1772597280000,3.4200000000000003e-06,3.43e-06,22.478735141974873,target,3418819033.0,5
PEPE,1772597820000,1772597880000,3.4200000000000003e-06,3.43e-06,22.483654359724348,target,3419567203.0,5
PEPE,1772598420000,1772598480000,3.41e-06,3.42e-06,22.53027290423882,target,3421453744.0,5
PEPE,1772599620000,1772599680000,3.41e-06,3.42e-06,22.535212543215515,target,3422203879.0,5
PEPE,1772600220000,1772600280000,3.4200000000000003e-06,3.43e-06,22.498436715251366,target,3421815470.0,5
PEPE,1772600820000,1772600880000,3.41e-06,3.42e-06,22.54508591442154,target,3423703252.0,5
PEPE,1772602020000,1772602680000,3.41e-06,3.42e-06,22.55002879321634,target,3424453879.0,5
PEPE,1772604060000,1772604120000,3.4200000000000003e-06,3.43e-06,22.513228795199545,target,3424065216.0,5
PEPE,1772604420000,1772604480000,3.4200000000000003e-06,3.43e-06,22.518155554474433,target,3424814533.0,5
PEPE,1772668920000,1772668980000,3.65e-06,3.66e-06,21.570162509653912,target,3399552799.0,5
PEPE,1772670300000,1772670360000,3.63e-06,3.64e-06,21.656988249864085,target,3402511901.0,5
PEPE,1772671620000,1772671680000,3.63e-06,3.64e-06,21.661544431434486,target,3403227719.0,5
PEPE,1772673120000,1772673180000,3.62e-06,3.63e-06,21.707312235748734,target,3405068586.0,5
PEPE,1772673720000,1772673780000,3.62e-06,3.63e-06,21.71188769437445,target,3405786305.0,5
PEPE,1772674320000,1772674380000,3.61e-06,3.62e-06,21.757719414421093,target,3407630292.0,5
PEPE,1772674920000,1772675760000,3.61e-06,3.57e-06,-154.6538773931249,stop,3408349915.0,5
PEPE,1772676480000,1772676540000,3.5900000000000004e-06,3.6000000000000003e-06,21.812140359974208,target,3405486395.0,5
PEPE,1772677020000,1772677080000,3.61e-06,3.62e-06,21.734260700943807,target,3403956257.0,5
PEPE,1772677620000,1772677680000,3.61e-06,3.62e-06,21.73885053904117,target,3404675104.0,5
PEPE,1772678220000,1772678280000,3.5900000000000004e-06,3.6000000000000003e-06,21.825979630666097,target,3407647093.0,5
PEPE,1772679120000,1772679180000,3.6000000000000003e-06,3.61e-06,21.789314796274194,target,3407242345.0,5
PEPE,1772679720000,1772679780000,3.6000000000000003e-06,3.61e-06,21.793924990146444,target,3407963251.0,5
PEPE,1772680320000,1772680380000,3.61e-06,3.62e-06,21.757254458720055,target,3407557472.0,5
PEPE,1772681520000,1772681580000,3.6000000000000003e-06,3.61e-06,21.803139577620026,target,3409404156.0,5
PEPE,1772682120000,1772682180000,3.6000000000000003e-06,3.61e-06,21.807752700400467,target,3410125520.0,5
PEPE,1772683320000,1772683380000,3.6000000000000003e-06,3.61e-06,21.812366795221216,target,3410847036.0,5
PEPE,1772684520000,1772684580000,3.61e-06,3.62e-06,21.775665235890532,target,3410440914.0,5
PEPE,1772685120000,1772685180000,3.62e-06,3.63e-06,21.73896577462613,target,3410033847.0,5
PEPE,1772685720000,1772685780000,3.61e-06,3.62e-06,21.784854649205386,target,3411880133.0,5
PEPE,1772686380000,1772686440000,3.61e-06,3.62e-06,21.78945517579058,target,3412600654.0,5
PEPE,1772686920000,1772686980000,3.61e-06,3.62e-06,21.79405667289574,target,3413321327.0,5
PEPE,1772687520000,1772687580000,3.62e-06,3.63e-06,21.757326214500296,target,3412913916.0,5
PEPE,1772688120000,1772688180000,3.6000000000000003e-06,3.61e-06,21.84462282989123,target,3415890982.0,5
PEPE,1772755320000,1772755380000,3.4700000000000002e-06,3.48e-06,22.38965633790038,target,3431364956.0,5
PEPE,1772756520000,1772756580000,3.48e-06,3.49e-06,22.352765934174656,target,3430969445.0,5
PEPE,1772757120000,1772757240000,3.48e-06,3.49e-06,22.357603289100133,target,3431711940.0,5
PEPE,1772757720000,1772757780000,3.48e-06,3.49e-06,22.362441686424745,target,3432454595.0,5
PEPE,1772758320000,1772758380000,3.4700000000000002e-06,3.48e-06,22.409053035750258,target,3434337630.0,5
PEPE,1772758920000,1772758980000,3.4700000000000002e-06,3.48e-06,22.413911622526122,target,3435082241.0,5
PEPE,1772760120000,1772760180000,3.4600000000000003e-06,3.4700000000000002e-06,22.460589049476866,target,3436968485.0,5
PEPE,1772762520000,1772762640000,3.5000000000000004e-06,3.5100000000000003e-06,22.298326968359046,target,3433152728.0,5
PEPE,1772763120000,1772763180000,3.49e-06,3.5e-06,22.344887160576842,target,3435032615.0,5
PEPE,1772764020000,1772764200000,3.49e-06,3.5e-06,22.34971378600929,target,3435774602.0,5
PEPE,1772764620000,1772764680000,3.48e-06,3.49e-06,22.396339856864426,target,3437657691.0,5
PEPE,1772765220000,1772765280000,3.48e-06,3.49e-06,22.401186638995,target,3438401633.0,5
PEPE,1772765820000,1772765880000,3.48e-06,3.49e-06,22.406034470041092,target,3439145736.0,5
PEPE,1772767020000,1772767080000,3.48e-06,3.49e-06,22.41088335651546,target,3439890001.0,5
PEPE,1772768220000,1772768280000,3.49e-06,3.5e-06,22.37389868647959,target,3439492496.0,5
PEPE,1772768820000,1772768880000,3.48e-06,3.49e-06,22.42057521384546,target,3441377623.0,5
PEPE,1772769420000,1772769480000,3.48e-06,3.49e-06,22.42542724055,target,3442122370.0,5
PEPE,1772770320000,1772770380000,3.4700000000000002e-06,3.48e-06,22.47216986969954,target,3444010708.0,5
PEPE,1772771520000,1772771580000,3.49e-06,3.5e-06,22.393272684099955,target,3442470820.0,5
PEPE,1772772120000,1772772180000,3.4700000000000002e-06,3.48e-06,22.481897313600754,target,3445501504.0,5
PEPE,1772772840000,1772772900000,3.48e-06,3.49e-06,22.444854931459737,target,3445104364.0,5
PEPE,1772773320000,1772773380000,3.48e-06,3.49e-06,22.44971220925646,target,3445849917.0,5
PEPE,1772773920000,1772773980000,3.48e-06,3.49e-06,22.45457054247964,target,3446595632.0,5
PEPE,1772774520000,1772774580000,3.48e-06,3.49e-06,22.459429931136555,target,3447341509.0,5
PEPE,1772841720000,1772841780000,3.3800000000000002e-06,3.39e-06,22.885078795111255,target,3459573514.0,5
PEPE,1772842320000,1772842380000,3.39e-06,3.4e-06,22.847909857651537,target,3459183930.0,5
PEPE,1772843880000,1772843940000,3.3800000000000002e-06,3.39e-06,22.895161239193385,target,3461097693.0,5
PEPE,1772844420000,1772844480000,3.3800000000000002e-06,3.39e-06,22.900208781870763,target,3461860738.0,5
PEPE,1772845740000,1772845800000,3.3700000000000003e-06,3.3800000000000002e-06,22.94752775937639,target,3463777775.0,5
PEPE,1772846820000,1772846880000,3.3800000000000002e-06,3.39e-06,22.91031652833193,target,3463388742.0,5
PEPE,1772847420000,1772847480000,3.3800000000000002e-06,3.39e-06,22.915367411579528,target,3464152292.0,5
PEPE,1772848020000,1772848080000,3.3800000000000002e-06,3.39e-06,22.920419406148397,target,3464916010.0,5
PEPE,1772849220000,1772849280000,3.3800000000000002e-06,3.39e-06,22.92547251865586,target,3465679897.0,5
PEPE,1772849820000,1772849880000,3.39e-06,3.4e-06,22.888237973125012,target,3465289625.0,5
PEPE,1772850420000,1772850480000,3.3800000000000002e-06,3.39e-06,22.93557275708931,target,3467206766.0,5
PEPE,1772851920000,1772851980000,3.3800000000000002e-06,3.39e-06,22.940629210170634,target,3467971158.0,5
PEPE,1772852520000,1772852580000,3.39e-06,3.4e-06,22.903370047938658,target,3467580628.0,5
PEPE,1772853720000,1772853780000,3.39e-06,3.4e-06,22.908410085660368,target,3468343692.0,5
PEPE,1772854320000,1772854380000,3.3800000000000002e-06,3.39e-06,22.955786589645243,target,3470262523.0,5
PEPE,1772855520000,1772855580000,3.3800000000000002e-06,3.39e-06,22.960847501233562,target,3471027589.0,5
PEPE,1772856180000,1772856240000,3.3700000000000003e-06,3.3800000000000002e-06,23.008291769125023,target,3472949701.0,5
PEPE,1772856720000,1772856780000,3.3700000000000003e-06,3.3800000000000002e-06,23.013373614499457,target,3473716772.0,5
PEPE,1772857620000,1772857680000,3.3700000000000003e-06,3.3800000000000002e-06,23.018456579499674,target,3474484012.0,5
PEPE,1772858220000,1772858280000,3.3700000000000003e-06,3.3800000000000002e-06,23.023540670749824,target,3475251422.0,5
PEPE,1772860020000,1772860080000,3.3700000000000003e-06,3.3800000000000002e-06,23.028625881623938,target,3476019001.0,5
PEPE,1772860620000,1772860680000,3.3700000000000003e-06,3.3800000000000002e-06,23.033712218749805,target,3476786750.0,5
PEPE,1772862720000,1772862780000,3.36e-06,3.37e-06,23.081266414655477,target,3478713853.0,5
PEPE,1772863920000,1772863980000,3.35e-06,3.36e-06,23.128878237061247,target,3480643828.0,5
PEPE,1772928420000,1772928480000,3.2400000000000003e-06,3.2500000000000002e-06,23.603536410195428,target,3494231889.0,5
PEPE,1772929320000,1772929380000,3.2400000000000003e-06,3.2500000000000002e-06,23.608875156894854,target,3495022229.0,5
PEPE,1772929920000,1772929980000,3.23e-06,3.24e-06,23.657090597085855,target,3496983089.0,5
PEPE,1772930520000,1772930700000,3.2400000000000003e-06,3.2500000000000002e-06,23.619565957646003,target,3496604879.0,5
PEPE,1772931720000,1772931780000,3.23e-06,3.24e-06,23.66780323842191,target,3498566628.0,5
PEPE,1772933220000,1772933280000,3.23e-06,3.24e-06,23.673166232760902,target,3499359384.0,5
PEPE,1772933820000,1772933880000,3.22e-06,3.23e-06,23.721473541699595,target,3501324508.0,5
PEPE,1772934420000,1772934480000,3.23e-06,3.24e-06,23.68390560260987,target,3500946874.0,5
PEPE,1772935020000,1772935080000,3.2400000000000003e-06,3.2500000000000002e-06,23.646338434179942,target,3500568236.0,5
PEPE,1772937420000,1772937480000,3.22e-06,3.23e-06,23.737602675799224,target,3503705192.0,5
PEPE,1772938020000,1772938080000,3.22e-06,3.23e-06,23.74299124657483,target,3504500553.0,5
PEPE,1772941920000,1772941980000,3.2000000000000003e-06,3.21e-06,23.834451097756343,target,3507645489.0,5
PEPE,1772942520000,1772942580000,3.2000000000000003e-06,3.21e-06,23.83988126084912,target,3508444630.0,5
PEPE,1772943120000,1772943180000,3.2000000000000003e-06,3.21e-06,23.845312660636605,target,3509243953.0,5
PEPE,1772943720000,1772945580000,3.2000000000000003e-06,3.19e-06,-51.913542743821495,time,3510043458.0,5
PEPE,1772946120000,1772946180000,3.19e-06,3.2e-06,23.88200430238665,target,3509478957.0,5
PEPE,1772946720000,1772947140000,3.2000000000000003e-06,3.21e-06,23.844358921231393,target,3509103594.0,5
PEPE,1772947620000,1772947680000,3.2000000000000003e-06,3.21e-06,23.849791340265227,target,3509903067.0,5
PEPE,1772948220000,1772948280000,3.2000000000000003e-06,3.21e-06,23.85522499599013,target,3510702722.0,5
PEPE,1772948820000,1772948880000,3.2000000000000003e-06,3.21e-06,23.860659895200747,target,3511502560.0,5
PEPE,1772949420000,1772949480000,3.2000000000000003e-06,3.21e-06,23.86609603110061,target,3512302580.0,5
PEPE,1772952120000,1772952180000,3.19e-06,3.2e-06,23.914678727645594,target,3514280489.0,5
PEPE,1772952720000,1772952780000,3.19e-06,3.2e-06,23.9201370181458,target,3515082589.0,5
PEPE,1772955120000,1772955180000,3.22e-06,3.23e-06,23.79618820782563,target,3512352503.0,5
PEPE,1773014820000,1773014880000,3.2000000000000003e-06,3.21e-06,23.88785297557671,target,3515504485.0,5
PEPE,1773015420000,1773015540000,3.21e-06,3.22e-06,23.850139571840657,target,3515127424.0,5
PEPE,1773016320000,1773016380000,3.22e-06,3.23e-06,23.812426866575976,target,3514749353.0,5
PEPE,1773017520000,1773017580000,3.22e-06,3.23e-06,23.817832422276283,target,3515547221.0,5
PEPE,1773019620000,1773019680000,3.22e-06,3.23e-06,23.82323920424949,target,3516345270.0,5
PEPE,1773020220000,1773020280000,3.22e-06,3.23e-06,23.82864721249924,target,3517143500.0,5
PEPE,1773024420000,1773024480000,3.23e-06,3.24e-06,23.790909542399802,target,3516764160.0,5
PEPE,1773025260000,1773025320000,3.22e-06,3.23e-06,23.839457117951756,target,3518739058.0,5
PEPE,1773025620000,1773025680000,3.2500000000000002e-06,3.26e-06,23.71545602504463,target,3516005341.0,5
PEPE,1773026820000,1773026880000,3.2500000000000002e-06,3.26e-06,23.720810347689323,target,3516799162.0,5
PEPE,1773029040000,1773029100000,3.2400000000000003e-06,3.2500000000000002e-06,23.769294072264966,target,3518770403.0,5
PEPE,1773029520000,1773029580000,3.2500000000000002e-06,3.26e-06,23.731532361570327,target,3518388786.0,5
PEPE,1773030120000,1773030180000,3.26e-06,3.27e-06,23.69377149433641,target,3518006161.0,5
PEPE,1773031920000,1773031980000,3.26e-06,3.27e-06,23.699111204385318,target,3518798991.0,5
PEPE,1773033120000,1773033180000,3.2500000000000002e-06,3.26e-06,23.74759037867409,target,3520769515.0,5
PEPE,1773034020000,1773034080000,3.26e-06,3.27e-06,23.709803959787465,target,3520386631.0,5
PEPE,1773034680000,1773034740000,3.26e-06,3.27e-06,23.715147279796085,target,3521179997.0,5
PEPE,1773035280000,1773035340000,3.2900000000000003e-06,3.3e-06,23.591162541058914,target,3518443332.0,5
PEPE,1773036420000,1773036480000,3.3e-06,3.31e-06,23.553388327754334,target,3518056509.0,5
PEPE,1773042720000,1773042840000,3.2500000000000002e-06,3.26e-06,23.774303249693872,target,3524729911.0,5
PEPE,1773043380000,1773043440000,3.2400000000000003e-06,3.2500000000000002e-06,23.82289630773484,target,3526705597.0,5
PEPE,1773043920000,1773043980000,3.2400000000000003e-06,3.2500000000000002e-06,23.828284663154104,target,3527503281.0,5
PEPE,1773045420000,1773045480000,3.26e-06,3.27e-06,23.74721316033002,target,3525941078.0,5
PEPE,1773046020000,1773046080000,3.2500000000000002e-06,3.26e-06,23.79579072874479,target,3527915601.0,5
PEPE,1773100920000,1773100980000,3.26e-06,3.27e-06,23.7579276159,target,3527531940.0,5
PEPE,1773101520000,1773101580000,3.26e-06,3.27e-06,23.76328178599436,target,3528326917.0,5
PEPE,1773102120000,1773102180000,3.27e-06,3.28e-06,23.725411019274702,target,3527942159.0,5
PEPE,1773102720000,1773102780000,3.2900000000000003e-06,3.3e-06,23.644363081951017,target,3526377790.0,5
PEPE,1773103980000,1773104040000,3.2900000000000003e-06,3.3e-06,23.649662606670375,target,3527168174.0,5
PEPE,1773105120000,1773105180000,3.2900000000000003e-06,3.3e-06,23.65496331817545,target,3527958735.0,5
PEPE,1773107520000,1773107820000,3.2900000000000003e-06,3.3e-06,23.660265216464424,target,3528749473.0,5
PEPE,1773108180000,1773108240000,3.27e-06,3.28e-06,23.75203082887628,target,3531900495.0,5
PEPE,1773109920000,1773109980000,3.2800000000000004e-06,3.2900000000000003e-06,23.714118497641678,target,3531514296.0,5
PEPE,1773110520000,1773110580000,3.31e-06,3.32e-06,23.589821246319353,target,3528769072.0,5
PEPE,1773111120000,1773111720000,3.3300000000000003e-06,3.34e-06,23.508799410480364,target,3527201712.0,5
PEPE,1773112020000,1773112080000,3.31e-06,3.32e-06,23.600339164605863,target,3530342433.0,5
PEPE,1773112620000,1773112680000,3.32e-06,3.33e-06,23.562430955025107,target,3529952203.0,5
PEPE,1773113820000,1773113880000,3.32e-06,3.33e-06,23.567683218823518,target,3530739059.0,5
PEPE,1773118020000,1773118620000,3.31e-06,3.32e-06,23.616134475918916,target,3532705232.0,5
PEPE,1773118920000,1773118980000,3.3e-06,3.31e-06,23.66464467952107,target,3534674336.0,5
PEPE,1773123120000,1773123180000,3.2800000000000004e-06,3.2900000000000003e-06,23.756517793295195,target,3537828413.0,5
PEPE,1773124320000,1773124380000,3.2900000000000003e-06,3.3e-06,23.71853862625442,target,3537440511.0,5
PEPE,1773124920000,1773124980000,3.2900000000000003e-06,3.3e-06,23.723854779374882,target,3538233375.0,5
PEPE,1773125520000,1773125580000,3.3e-06,3.31e-06,23.68586809732007,target,3537844376.0,5
PEPE,1773126120000,1773126360000,3.2900000000000003e-06,3.3e-06,23.73448094383456,target,3539818187.0,5
PEPE,1773126720000,1773126780000,3.3e-06,3.31e-06,23.696477248729728,target,3539429014.0,5
PEPE,1773127320000,1773127380000,3.3e-06,3.31e-06,23.70177875812586,target,3540220875.0,5
PEPE,1773129240000,1773129300000,3.31e-06,3.32e-06,23.66376759442548,target,3539830605.0,5
PEPE,1773188220000,1773188280000,3.2900000000000003e-06,3.3e-06,23.755728130020046,target,3542987044.0,5
PEPE,1773188880000,1773188940000,3.2900000000000003e-06,3.3e-06,23.761052617455356,target,3543781151.0,5
PEPE,1773189420000,1773189480000,3.2800000000000004e-06,3.2900000000000003e-06,23.809779199084314,target,3545760119.0,5
PEPE,1773190920000,1773190980000,3.3e-06,3.31e-06,23.728333237049277,target,3544187190.0,5
PEPE,1773191520000,1773191700000,3.3e-06,3.31e-06,23.733641869925684,target,3544980115.0,5
PEPE,1773193620000,1773193680000,3.27e-06,3.28e-06,23.869241970226188,target,3549329661.0,5
PEPE,1773194220000,1773194280000,3.2800000000000004e-06,3.2900000000000003e-06,23.831142541826285,target,3548941555.0,5
PEPE,1773195120000,1773195900000,3.2900000000000003e-06,3.3e-06,23.79304408338091,target,3548552436.0,5
PEPE,1773196620000,1773196680000,3.27e-06,3.28e-06,23.885324673227018,target,3551721141.0,5
PEPE,1773197220000,1773197280000,3.27e-06,3.28e-06,23.890697766648753,target,3552520114.0,5
PEPE,1773198120000,1773198180000,3.2900000000000003e-06,3.3e-06,23.809085192430953,target,3550944846.0,5
PEPE,1773198720000,1773198780000,3.2900000000000003e-06,3.3e-06,23.814421634879366,target,3551740736.0,5
PEPE,1773199320000,1773199380000,3.2800000000000004e-06,3.2900000000000003e-06,23.863257667250995,target,3553724150.0,5
PEPE,1773200220000,1773200280000,3.2900000000000003e-06,3.3e-06,23.825107862728952,target,3553334506.0,5
PEPE,1773201420000,1773201540000,3.2900000000000003e-06,3.3e-06,23.8304478923548,target,3554130931.0,5
PEPE,1773202920000,1773202980000,3.2800000000000004e-06,3.2900000000000003e-06,23.87931679120124,target,3556115680.0,5
PEPE,1773204420000,1773204480000,3.2900000000000003e-06,3.3e-06,23.84114130796395,target,3555725773.0,5
PEPE,1773205020000,1773205080000,3.3e-06,3.31e-06,23.80296683414,target,3555334852.0,5
PEPE,1773205620000,1773205680000,3.3e-06,3.31e-06,23.808292164343868,target,3556130271.0,5
PEPE,1773210720000,1773210780000,3.27e-06,3.28e-06,23.94431877404944,target,3560493498.0,5
PEPE,1773211320000,1773211380000,3.2800000000000004e-06,3.2900000000000003e-06,23.906099514980383,target,3560104172.0,5
PEPE,1773212520000,1773212580000,3.2800000000000004e-06,3.2900000000000003e-06,23.911467485980143,target,3560903572.0,5
PEPE,1773213420000,1773213480000,3.27e-06,3.28e-06,23.96046186754979,target,3562893958.0,5
PEPE,1773214200000,1773214260000,3.27e-06,3.28e-06,23.96585186089839,target,3563695444.0,5
PEPE,1773274320000,1773274380000,3.3300000000000003e-06,3.34e-06,23.709810931699817,target,3557360980.0,5
PEPE,1773275220000,1773276000000,3.3300000000000003e-06,3.34e-06,23.715086372510054,target,3558152494.0,5
PEPE,1773277320000,1773277380000,3.32e-06,3.33e-06,23.763881647349578,target,3560132082.0,5
PEPE,1773277920000,1773279780000,3.32e-06,3.3e-06,-88.88070462335925,time,3560925666.0,5
PEPE,1773280620000,1773280680000,3.31e-06,3.32e-06,23.792887680870265,target,3559145502.0,5
PEPE,1773281280000,1773281340000,3.31e-06,3.32e-06,23.79820103920123,target,3559940320.0,5
PEPE,1773281820000,1773281880000,3.32e-06,3.33e-06,23.759975010150136,target,3559546818.0,5
PEPE,1773285720000,1773285780000,3.2900000000000003e-06,3.3e-06,23.89600943599456,target,3563908939.0,5
PEPE,1773286320000,1773286380000,3.2900000000000003e-06,3.3e-06,23.901365356470997,target,3564707734.0,5
PEPE,1773287220000,1773288540000,3.2900000000000003e-06,3.3e-06,23.906722483845634,target,3565506709.0,5
PEPE,1773289560000,1773289620000,3.2800000000000004e-06,3.2900000000000003e-06,23.955747794147936,target,3567497810.0,5
PEPE,1773289920000,1773289980000,3.2800000000000004e-06,3.2900000000000003e-06,23.961126918767206,target,3568298871.0,5
PEPE,1773290520000,1773290580000,3.2800000000000004e-06,3.2900000000000003e-06,23.966507245365005,target,3569100111.0,5
PEPE,1773291420000,1773291540000,3.2800000000000004e-06,3.2900000000000003e-06,23.971888780665044,target,3569901531.0,5
PEPE,1773294120000,1773294180000,3.27e-06,3.28e-06,24.021006968574426,target,3571896947.0,5
PEPE,1773294720000,1773294780000,3.27e-06,3.28e-06,24.02641058004953,target,3572700458.0,5
PEPE,1773295920000,1773295980000,3.27e-06,3.28e-06,24.031815408750532,target,3573504150.0,5
PEPE,1773297120000,1773297180000,3.27e-06,3.28e-06,24.03722145467379,target,3574308023.0,5
PEPE,1773297780000,1773297840000,3.27e-06,3.28e-06,24.04262871110151,target,3575112076.0,5
PEPE,1773299220000,1773299280000,3.27e-06,3.28e-06,24.048037184749667,target,3575916310.0,5
PEPE,1773300120000,1773300180000,3.27e-06,3.28e-06,24.053446882350617,target,3576720726.0,5
PEPE,1773300720000,1773300780000,3.2800000000000004e-06,3.2900000000000003e-06,24.015053431874964,target,3576329625.0,5
PEPE,1773301920000,1773301980000,3.3e-06,3.31e-06,23.932905282130427,target,3574743134.0,5
PEPE,1773302520000,1773302580000,3.2900000000000003e-06,3.3e-06,23.982025145355333,target,3576737531.0,5
PEPE,1773361200000,1773361260000,3.3800000000000002e-06,3.39e-06,22.046327442404632,target,3332778147.0,6
PEPE,1773361620000,1773361680000,3.4200000000000003e-06,3.43e-06,21.888681866750403,target,3329077090.0,6
PEPE,1773362220000,1773362520000,3.43e-06,3.39e-06,-150.1409354232433,stop,3328698269.0,6
PEPE,1773362820000,1773362880000,3.4e-06,3.41e-06,21.941710109785465,target,3327022003.0,6
PEPE,1773363720000,1773363780000,3.4200000000000003e-06,3.43e-06,21.86541701825101,target,3325538710.0,6
PEPE,1773364320000,1773364380000,3.43e-06,3.44e-06,21.829677316981122,target,3325160292.0,6
PEPE,1773364920000,1773365220000,3.44e-06,3.45e-06,21.79393904203433,target,3324780937.0,6
PEPE,1773365520000,1773365580000,3.4200000000000003e-06,3.43e-06,21.879748545750463,target,3327718410.0,6
PEPE,1773366720000,1773366780000,3.45e-06,3.46e-06,21.762963754839728,target,3325128152.0,6
PEPE,1773367320000,1773367380000,3.44e-06,3.45e-06,21.808206051974864,target,3326957445.0,6
PEPE,1773369120000,1773369180000,3.43e-06,3.44e-06,21.85350280489979,target,3328789460.0,6
PEPE,1773369840000,1773369900000,3.4200000000000003e-06,3.43e-06,21.898854121575532,target,3330624201.0,6
PEPE,1773370920000,1773370980000,3.4200000000000003e-06,3.43e-06,21.903646435250458,target,3331353070.0,6
PEPE,1773371520000,1773371580000,3.44e-06,3.45e-06,21.827275687545,target,3329866619.0,6
PEPE,1773372720000,1773372780000,3.43e-06,3.44e-06,21.872612042775653,target,3331700235.0,6
PEPE,1773373620000,1773373680000,3.4200000000000003e-06,3.43e-06,21.918003020074394,target,3333536581.0,6
PEPE,1773374220000,1773374280000,3.4600000000000003e-06,3.4700000000000002e-06,21.760472829416518,target,3329835169.0,6
PEPE,1773378180000,1773378240000,3.43e-06,3.44e-06,21.886930570373345,target,3333881275.0,6
PEPE,1773379320000,1773379380000,3.44e-06,3.45e-06,21.851098563376553,target,3333500925.0,6
PEPE,1773379920000,1773379980000,3.44e-06,3.45e-06,21.85586271115678,target,3334227721.0,6
PEPE,1773380520000,1773380580000,3.45e-06,3.46e-06,21.82002435420735,target,3333846349.0,6
PEPE,1773381120000,1773381180000,3.44e-06,3.45e-06,21.865385271091675,target,3335680438.0,6
PEPE,1773381720000,1773381780000,3.44e-06,3.45e-06,21.870152532495183,target,3336407709.0,6
PEPE,1773382320000,1773382380000,3.44e-06,3.45e-06,21.874920836146476,target,3337135139.0,6
PEPE,1773446520000,1773446580000,3.36e-06,3.37e-06,22.205777109689535,target,3346763694.0,6
PEPE,1773447720000,1773447780000,3.36e-06,3.37e-06,22.210690745196235,target,3347504257.0,6
PEPE,1773448320000,1773448440000,3.3800000000000002e-06,3.39e-06,22.133884640804546,target,3346014307.0,6
PEPE,1773448920000,1773448980000,3.3800000000000002e-06,3.39e-06,22.138764354314617,target,3346751981.0,6
PEPE,1773450120000,1773450180000,3.3700000000000003e-06,3.3800000000000002e-06,22.18450994687344,target,3348605275.0,6
PEPE,1773451920000,1773451980000,3.4e-06,3.41e-06,22.066869973620882,target,3345999996.0,6
PEPE,1773455040000,1773455100000,3.39e-06,3.4e-06,22.112545353050386,target,3347849410.0,6
PEPE,1773455520000,1773455580000,3.4e-06,3.41e-06,22.076574001710483,target,3347471418.0,6
PEPE,1773457380000,1773457440000,3.4e-06,3.41e-06,22.081423127144955,target,3348206691.0,6
PEPE,1773459120000,1773459180000,3.41e-06,3.42e-06,22.045445206951015,target,3347827670.0,6
PEPE,1773460920000,1773460980000,3.4e-06,3.41e-06,22.09111561398425,target,3349676363.0,6
PEPE,1773461520000,1773461580000,3.4e-06,3.41e-06,22.095967937995777,target,3350412121.0,6
PEPE,1773462120000,1773462180000,3.39e-06,3.4e-06,22.14170354166592,target,3352263973.0,6
PEPE,1773462720000,1773462780000,3.4e-06,3.41e-06,22.105684753791724,target,3351885482.0,6
PEPE,1773463920000,1773464160000,3.4200000000000003e-06,3.3800000000000002e-06,-151.0691349695387,stop,3350391106.0,6
PEPE,1773466020000,1773466080000,3.39e-06,3.4e-06,22.118196703335833,target,3348705027.0,6
PEPE,1773468120000,1773468180000,3.3700000000000003e-06,3.3800000000000002e-06,22.204841237125205,target,3351674149.0,6
PEPE,1773469020000,1773469080000,3.36e-06,3.37e-06,22.250684189675937,target,3353531905.0,6
PEPE,1773472320000,1773472380000,3.34e-06,3.35e-06,22.337584964198896,target,3356511640.0,6
PEPE,1773472920000,1773472980000,3.34e-06,3.35e-06,22.342545973880295,target,3357257096.0,6
PEPE,1773473520000,1773473580000,3.34e-06,3.35e-06,22.347508081634274,target,3358002717.0,6
PEPE,1773474120000,1773474180000,3.3300000000000003e-06,3.34e-06,22.393528264654794,target,3359869207.0,6
PEPE,1773474720000,1773474780000,3.34e-06,3.35e-06,22.35744472203102,target,3359495826.0,6
PEPE,1773477120000,1773477180000,3.34e-06,3.35e-06,22.362410137321046,target,3360241944.0,6
PEPE,1773532920000,1773533160000,3.35e-06,3.36e-06,22.32631970362537,target,3359867525.0,6
PEPE,1773533520000,1773533580000,3.35e-06,3.36e-06,22.3312691056201,target,3360612356.0,6
PEPE,1773534720000,1773534780000,3.34e-06,3.35e-06,22.377294763561395,target,3362478552.0,6
PEPE,1773535320000,1773535380000,3.34e-06,3.35e-06,22.382264584460053,target,3363225332.0,6
PEPE,1773535920000,1773535980000,3.3300000000000003e-06,3.34e-06,22.428356342126676,target,3365094725.0,6
PEPE,1773536520000,1773536580000,3.3300000000000003e-06,3.34e-06,22.433346660900103,target,3365843460.0,6
PEPE,1773537780000,1773537840000,3.32e-06,3.33e-06,22.479504680475408,target,3367716057.0,6
PEPE,1773538920000,1773538980000,3.34e-06,3.35e-06,22.402191477931055,target,3366219606.0,6
PEPE,1773540720000,1773540780000,3.36e-06,3.37e-06,22.324934271854982,target,3364722573.0,6
PEPE,1773541320000,1773541380000,3.36e-06,3.37e-06,22.329874274850482,target,3365467110.0,6
PEPE,1773541920000,1773541980000,3.36e-06,3.37e-06,22.334815365984138,target,3366211811.0,6
PEPE,1773543120000,1773543240000,3.3800000000000002e-06,3.39e-06,22.25758003402501,target,3364713535.0,6
PEPE,1773543720000,1773543780000,3.39e-06,3.4e-06,22.221430250965078,target,3364334633.0,6
PEPE,1773544560000,1773544620000,3.3700000000000003e-06,3.3800000000000002e-06,22.3084791861259,target,3367317613.0,6
PEPE,1773545220000,1773545280000,3.36e-06,3.37e-06,22.354536105400715,target,3369184040.0,6
PEPE,1773546120000,1773546180000,3.36e-06,3.37e-06,22.35948265713987,target,3369929564.0,6
PEPE,1773547020000,1773547080000,3.36e-06,3.37e-06,22.364430297020824,target,3370675252.0,6
PEPE,1773547620000,1773547680000,3.36e-06,3.37e-06,22.369379038310953,target,3371421106.0,6
PEPE,1773548220000,1773548280000,3.36e-06,3.37e-06,22.37432887437566,target,3372167125.0,6
PEPE,1773548820000,1773548880000,3.35e-06,3.36e-06,22.420482430260016,target,3374037988.0,6
PEPE,1773549780000,1773549840000,3.35e-06,3.36e-06,22.425452704200374,target,3374785960.0,6
PEPE,1773550320000,1773550380000,3.35e-06,3.36e-06,22.430424087854426,target,3375534099.0,6
PEPE,1773550920000,1773550980000,3.35e-06,3.36e-06,22.435396567933875,target,3376282403.0,6
PEPE,1773551520000,1773551580000,3.35e-06,3.36e-06,22.4403701510856,target,3377030873.0,6
PEPE,1773619320000,1773619380000,3.4600000000000003e-06,3.4700000000000002e-06,21.993120757240785,target,3365435464.0,6
PEPE,1773619920000,1773620040000,3.4700000000000002e-06,3.48e-06,21.956941730024134,target,3365048541.0,6
PEPE,1773621240000,1773621300000,3.45e-06,3.46e-06,22.043659948696067,target,3368015271.0,6
PEPE,1773622020000,1773622080000,3.4700000000000002e-06,3.48e-06,21.966481671525607,target,3366510601.0,6
PEPE,1773623220000,1773623280000,3.48e-06,3.49e-06,21.930288510975686,target,3366122565.0,6
PEPE,1773623940000,1773624000000,3.4600000000000003e-06,3.4700000000000002e-06,22.01699096876099,target,3369088136.0,6
PEPE,1773624420000,1773624480000,3.5000000000000004e-06,3.5100000000000003e-06,21.85793357779622,target,3365347741.0,6
PEPE,1773626220000,1773626280000,3.52e-06,3.53e-06,21.78087159517501,target,3363841173.0,6
PEPE,1773626820000,1773626880000,3.5000000000000004e-06,3.5100000000000003e-06,21.86734219582585,target,3366796335.0,6
PEPE,1773627480000,1773627540000,3.49e-06,3.5e-06,21.91300246493602,target,3368639887.0,6
PEPE,1773628380000,1773628440000,3.48e-06,3.49e-06,21.958717469215102,target,3370486181.0,6
PEPE,1773629220000,1773629280000,3.48e-06,3.49e-06,21.96346954279104,target,3371215586.0,6
PEPE,1773629820000,1773629880000,3.5000000000000004e-06,3.5100000000000003e-06,21.886251043862014,target,3369707628.0,6
PEPE,1773630420000,1773630600000,3.5100000000000003e-06,3.52e-06,21.850015913674987,target,3369316255.0,6
PEPE,1773631020000,1773631080000,3.5100000000000003e-06,3.52e-06,21.85471801207947,target,3370041328.0,6
PEPE,1773631620000,1773631680000,3.53e-06,3.54e-06,21.77755964506523,target,3368532041.0,6
PEPE,1773632820000,1773632880000,3.57e-06,3.58e-06,21.61879578957533,target,3364793119.0,6
PEPE,1773633420000,1773633480000,3.58e-06,3.59e-06,21.582596651375987,target,3364395425.0,6
PEPE,1773634020000,1773634080000,3.62e-06,3.63e-06,21.424218356625087,target,3360661703.0,6
PEPE,1773634620000,1773635040000,3.6400000000000003e-06,3.65e-06,21.347397423850293,target,3359149870.0,6
PEPE,1773635520000,1773635580000,3.62e-06,3.63e-06,21.43323373500001,target,3362075880.0,6
PEPE,1773636720000,1773636780000,3.65e-06,3.66e-06,21.31573530005946,target,3359453948.0,6
PEPE,1773637380000,1773637440000,3.66e-06,3.67e-06,21.279575788766877,target,3359049059.0,6
PEPE,1773637920000,1773637980000,3.6900000000000002e-06,3.7e-06,21.162281749243583,target,3356428509.0,6
PEPE,1773706320000,1773706380000,3.99e-06,4e-06,19.962096167114645,target,3324245823.0,6
PEPE,1773707520000,1773707580000,4e-06,4.01e-06,19.926257232419218,target,3323812716.0,6
PEPE,1773709320000,1773709500000,3.99e-06,3.95e-06,-152.7923367674073,stop,3325548738.0,6
PEPE,1773709920000,1773709980000,3.99e-06,4e-06,19.93995031560354,target,3320557921.0,6
PEPE,1773710520000,1773710820000,3.99e-06,4e-06,19.943861492206068,target,3321209241.0,6
PEPE,1773711240000,1773711300000,3.98e-06,3.99e-06,19.98751750731005,target,3322945554.0,6
PEPE,1773711720000,1773711780000,3.98e-06,3.99e-06,19.991445825615642,target,3323598641.0,6
PEPE,1773714420000,1773714480000,3.96e-06,3.97e-06,20.074972273916654,target,3326424569.0,6
PEPE,1773715020000,1773715080000,3.98e-06,3.99e-06,19.99932041700012,target,3324907800.0,6
PEPE,1773715620000,1773716460000,3.96e-06,3.920000000000001e-06,-152.74302924779838,stop,3327734842.0,6
PEPE,1773718020000,1773718080000,3.94e-06,3.95e-06,20.1323536039512,target,3324913890.0,6
PEPE,1773721020000,1773721080000,3.9e-06,3.91e-06,20.295912769081497,target,3329928264.0,6
PEPE,1773728460000,1773728520000,3.81e-06,3.82e-06,20.660604589170866,target,3340437282.0,6
PEPE,1773728820000,1773728880000,3.81e-06,3.82e-06,20.66480326405069,target,3341116130.0,6
PEPE,1773730320000,1773731040000,3.8e-06,3.81e-06,20.709221806666328,target,3342892947.0,6
PEPE,1773731520000,1773731580000,3.8e-06,3.81e-06,20.713438551119555,target,3343573616.0,6
PEPE,1773732120000,1773732180000,3.81e-06,3.82e-06,20.677420769193873,target,3343156147.0,6
PEPE,1773732720000,1773732780000,3.79e-06,3.8e-06,20.762136446555093,target,3346033271.0,6
PEPE,1773733320000,1773733380000,3.79e-06,3.8e-06,20.766372184319977,target,3346715904.0,6
PEPE,1773733920000,1773733980000,3.8e-06,3.81e-06,20.73032233597565,target,3346299005.0,6
PEPE,1773735120000,1773735180000,3.8e-06,3.81e-06,20.734543379759458,target,3346980368.0,6
PEPE,1773735720000,1773736260000,3.81e-06,3.82e-06,20.698488895503857,target,3346562473.0,6
PEPE,1773736740000,1773736800000,3.8e-06,3.81e-06,20.742979842271026,target,3348342186.0,6
PEPE,1773737940000,1773738000000,3.79e-06,3.8e-06,20.787522721059815,target,3350124532.0,6
PEPE,1773792720000,1773792780000,3.66e-06,3.67e-06,21.318443193004573,target,3365184403.0,6
PEPE,1773794220000,1773794280000,3.65e-06,3.66e-06,21.36361217647537,target,3366999555.0,6
PEPE,1773794820000,1773794880000,3.67e-06,3.68e-06,21.286680202700566,target,3365483036.0,6
PEPE,1773796020000,1773796080000,3.6800000000000003e-06,3.6900000000000002e-06,21.250451567790364,target,3365075466.0,6
PEPE,1773796620000,1773796680000,3.6800000000000003e-06,3.6900000000000002e-06,21.254879791035503,target,3365776689.0,6
PEPE,1773797220000,1773797280000,3.6800000000000003e-06,3.6900000000000002e-06,21.25930893626925,target,3366478058.0,6
PEPE,1773798420000,1773798480000,3.6900000000000002e-06,3.7e-06,21.22306751656013,target,3366069392.0,6
PEPE,1773799020000,1773799320000,3.6900000000000002e-06,3.7e-06,21.227481571401764,target,3366769480.0,6
PEPE,1773799620000,1773799680000,3.6800000000000003e-06,3.6900000000000002e-06,21.272584954457155,target,3368580357.0,6
PEPE,1773800220000,1773800280000,3.71e-06,3.72e-06,21.155007584655728,target,3365951883.0,6
PEPE,1773800880000,1773800940000,3.71e-06,3.72e-06,21.15939063681022,target,3366649266.0,6
PEPE,1773801420000,1773801480000,3.7300000000000003e-06,3.74e-06,21.08253472619213,target,3365129246.0,6
PEPE,1773802020000,1773802080000,3.7200000000000004e-06,3.7300000000000003e-06,21.127500935500997,target,3366932420.0,6
PEPE,1773803220000,1773803280000,3.7300000000000003e-06,3.74e-06,21.091246553265854,target,3366519801.0,6
PEPE,1773803820000,1773803880000,3.7300000000000003e-06,3.74e-06,21.09559961936106,target,3367214624.0,6
PEPE,1773805020000,1773805080000,3.76e-06,3.77e-06,20.978193685059455,target,3364585996.0,6
PEPE,1773805620000,1773805680000,3.7300000000000003e-06,3.74e-06,21.10428332285122,target,3368600690.0,6
PEPE,1773810780000,1773810840000,3.71e-06,3.72e-06,21.18997954954585,target,3371516237.0,6
PEPE,1773811440000,1773811500000,3.7e-06,3.71e-06,21.235088737455616,target,3373326249.0,6
PEPE,1773811920000,1773811980000,3.7e-06,3.71e-06,21.239496836385246,target,3374026503.0,6
PEPE,1773814020000,1773814080000,3.6800000000000003e-06,3.6900000000000002e-06,21.325458037124854,target,3376952975.0,6
PEPE,1773814620000,1773814680000,3.6800000000000003e-06,3.6900000000000002e-06,21.329901889994648,target,3377656673.0,6
PEPE,1773815460000,1773815520000,3.6800000000000003e-06,3.6900000000000002e-06,21.33434666485487,target,3378360517.0,6
PEPE,1773815820000,1773815880000,3.6800000000000003e-06,3.6900000000000002e-06,21.33879237433458,target,3379064509.0,6
PEPE,1773878520000,1773878580000,3.52e-06,3.53e-06,22.000097489650955,target,3397698454.0,6
PEPE,1773879720000,1773879780000,3.5100000000000003e-06,3.52e-06,22.046117015430823,target,3399555438.0,6
PEPE,1773880320000,1773880380000,3.52e-06,3.53e-06,22.00955842295009,target,3399159602.0,6
PEPE,1773882180000,1773882240000,3.5100000000000003e-06,3.52e-06,22.055597741726093,target,3401017385.0,6
PEPE,1773882720000,1773884580000,3.52e-06,3.5100000000000003e-06,-51.92748845733014,time,3400621379.0,6
PEPE,1773885180000,1773885240000,3.5100000000000003e-06,3.52e-06,22.0491693492911,target,3400026114.0,6
PEPE,1773885720000,1773885780000,3.5000000000000004e-06,3.5100000000000003e-06,22.095250323418863,target,3401886116.0,6
PEPE,1773886320000,1773886380000,3.5100000000000003e-06,3.52e-06,22.058669173910666,target,3401491006.0,6
PEPE,1773886920000,1773886980000,3.5100000000000003e-06,3.52e-06,22.06341617445467,target,3402223003.0,6
PEPE,1773888120000,1773888180000,3.5100000000000003e-06,3.52e-06,22.068164193145307,target,3402955157.0,6
PEPE,1773888720000,1773888780000,3.5100000000000003e-06,3.52e-06,22.07291323646396,target,3403687469.0,6
PEPE,1773889320000,1773889380000,3.5100000000000003e-06,3.52e-06,22.07766329793107,target,3404419938.0,6
PEPE,1773889920000,1773889980000,3.52e-06,3.53e-06,22.04105238912601,target,3404023535.0,6
PEPE,1773890520000,1773890580000,3.54e-06,3.55e-06,21.963127210731948,target,3402498406.0,6
PEPE,1773891120000,1773891180000,3.5500000000000003e-06,3.5600000000000002e-06,21.92652958891245,target,3402099238.0,6
PEPE,1773891960000,1773892020000,3.5100000000000003e-06,3.52e-06,22.096602591276024,target,3407340415.0,6
PEPE,1773893820000,1773893880000,3.5000000000000004e-06,3.5100000000000003e-06,22.142782694910654,target,3409204418.0,6
PEPE,1773897120000,1773898500000,3.49e-06,3.45e-06,-154.16336252243823,stop,3411071192.0,6
PEPE,1773899220000,1773899280000,3.4700000000000002e-06,3.48e-06,22.238598738150074,target,3408214366.0,6
PEPE,1773899820000,1773899880000,3.4700000000000002e-06,3.48e-06,22.243420373850675,target,3408953314.0,6
PEPE,1773900720000,1773900780000,3.4700000000000002e-06,3.48e-06,22.248243053548943,target,3409692422.0,6
PEPE,1773901320000,1773901380000,3.4700000000000002e-06,3.48e-06,22.253066777248513,target,3410431690.0,6
PEPE,1773902520000,1773902580000,3.4700000000000002e-06,3.48e-06,22.257891551476238,target,3411171119.0,6
PEPE,1773903120000,1773904620000,3.48e-06,3.44e-06,-154.09894710329908,stop,3410777935.0,6
PEPE,1773964920000,1773964980000,3.41e-06,3.42e-06,22.478506783710372,target,3413592526.0,6
PEPE,1773966180000,1773966240000,3.41e-06,3.42e-06,22.483435070145433,target,3414340937.0,6
PEPE,1773966720000,1773966780000,3.41e-06,3.42e-06,22.48836443652047,target,3415089512.0,6
PEPE,1773967920000,1773967980000,3.4200000000000003e-06,3.43e-06,22.451665064825498,target,3414701911.0,6
PEPE,1773968520000,1773968580000,3.43e-06,3.44e-06,22.414967123057195,target,3414313347.0,6
PEPE,1773969120000,1773969180000,3.4200000000000003e-06,3.43e-06,22.461483610951145,target,3416195226.0,6
PEPE,1773970320000,1773970380000,3.43e-06,3.44e-06,22.42476961997975,target,3415806492.0,6
PEPE,1773971580000,1773971640000,3.44e-06,3.45e-06,22.38805709122537,target,3415416795.0,6
PEPE,1773972120000,1773972180000,3.43e-06,3.44e-06,22.43455822536365,target,3417297521.0,6
PEPE,1773975120000,1773975180000,3.4200000000000003e-06,3.43e-06,22.481115377452074,target,3419181046.0,6
PEPE,1773978180000,1773978240000,3.4200000000000003e-06,3.43e-06,22.48603510805028,target,3419929294.0,6
PEPE,1773978720000,1773978780000,3.4200000000000003e-06,3.43e-06,22.490955923525412,target,3420677707.0,6
PEPE,1773979320000,1773979380000,3.4200000000000003e-06,3.43e-06,22.495877810726476,target,3421426283.0,6
PEPE,1773979920000,1773979980000,3.4200000000000003e-06,3.43e-06,22.500800776225333,target,3422175023.0,6
PEPE,1773980520000,1773980580000,3.43e-06,3.44e-06,22.46402251651884,target,3421785608.0,6
PEPE,1773981120000,1773982380000,3.43e-06,3.44e-06,22.46892940103492,target,3422533039.0,6
PEPE,1773983520000,1773983580000,3.4600000000000003e-06,3.4700000000000002e-06,22.348842124410314,target,3419868726.0,6
PEPE,1773984120000,1773984180000,3.4700000000000002e-06,3.48e-06,22.312077937652376,target,3419475546.0,6
PEPE,1773984720000,1773984780000,3.45e-06,3.46e-06,22.40019875169975,target,3422490260.0,6
PEPE,1773985920000,1773985980000,3.4700000000000002e-06,3.48e-06,22.321772169301017,target,3420961252.0,6
PEPE,1773986520000,1773986580000,3.4600000000000003e-06,3.4700000000000002e-06,22.36825771397066,target,3422839742.0,6
PEPE,1773987120000,1773987180000,3.4700000000000002e-06,3.48e-06,22.331461585500517,target,3422446220.0,6
PEPE,1773988020000,1773988080000,3.4600000000000003e-06,3.4700000000000002e-06,22.377967305874478,target,3424325525.0,6
PEPE,1773988620000,1773988680000,3.45e-06,3.46e-06,22.424528912169887,target,3426207626.0,6
PEPE,1774051620000,1774051680000,3.41e-06,3.42e-06,22.596525715275302,target,3431514915.0,6
PEPE,1774052820000,1774052880000,3.4200000000000003e-06,3.43e-06,22.559649833750242,target,3431125450.0,6
PEPE,1774053420000,1774053480000,3.4200000000000003e-06,3.43e-06,22.564586757975466,target,3431876313.0,6
PEPE,1774054020000,1774054080000,3.4200000000000003e-06,3.43e-06,22.5695247605003,target,3432627340.0,6
PEPE,1774055220000,1774055280000,3.4200000000000003e-06,3.43e-06,22.574463841326562,target,3433378531.0,6
PEPE,1774057020000,1774057080000,3.4200000000000003e-06,3.43e-06,22.57940400702611,target,3434129887.0,6
PEPE,1774058820000,1774058880000,3.41e-06,3.42e-06,22.62622108226926,target,3436024462.0,6
PEPE,1774059420000,1774059480000,3.41e-06,3.42e-06,22.631181753735273,target,3436777791.0,6
PEPE,1774060020000,1774060080000,3.4200000000000003e-06,3.43e-06,22.594249311598556,target,3436387728.0,6
PEPE,1774060680000,1774060740000,3.4200000000000003e-06,3.43e-06,22.599193810224854,target,3437139743.0,6
PEPE,1774061820000,1774061880000,3.43e-06,3.44e-06,22.562254723124973,target,3436748625.0,6
PEPE,1774062420000,1774062480000,3.43e-06,3.44e-06,22.56718306862508,target,3437499325.0,6
PEPE,1774063020000,1774063080000,3.43e-06,3.44e-06,22.57211248422121,target,3438250188.0,6
PEPE,1774063680000,1774063740000,3.43e-06,3.44e-06,22.577042983039807,target,3439001216.0,6
PEPE,1774064280000,1774064340000,3.43e-06,3.44e-06,22.581974551956247,target,3439752407.0,6
PEPE,1774064820000,1774064880000,3.43e-06,3.44e-06,22.586907204093336,target,3440503763.0,6
PEPE,1774066020000,1774066080000,3.44e-06,3.45e-06,22.549929237195236,target,3440111249.0,6
PEPE,1774066620000,1774066680000,3.43e-06,3.44e-06,22.596766580180258,target,3442005572.0,6
PEPE,1774068120000,1774068180000,3.4200000000000003e-06,3.43e-06,22.643660351125764,target,3443902715.0,6
PEPE,1774069020000,1774069080000,3.43e-06,3.44e-06,22.60664858582101,target,3443510828.0,6
PEPE,1774069620000,1774069680000,3.44e-06,3.45e-06,22.569638299904277,target,3443117971.0,6
PEPE,1774070820000,1774070880000,3.44e-06,3.45e-06,22.574559105630463,target,3443868666.0,6
PEPE,1774071420000,1774071480000,3.45e-06,3.46e-06,22.53754225838555,target,3443474753.0,6
PEPE,1774072080000,1774072140000,3.44e-06,3.45e-06,22.584394804470804,target,3445369154.0,6
PEPE,1774141020000,1774141080000,3.32e-06,3.33e-06,23.094987526876537,target,3459923225.0,6
PEPE,1774141620000,1774141680000,3.32e-06,3.33e-06,23.100135593926044,target,3460694471.0,6
PEPE,1774142520000,1774142580000,3.32e-06,3.33e-06,23.10528480907568,target,3461465889.0,6
PEPE,1774143120000,1774143180000,3.31e-06,3.32e-06,23.152785447224694,target,3463393485.0,6
PEPE,1774145520000,1774145580000,3.32e-06,3.33e-06,23.11559612880068,target,3463010656.0,6
PEPE,1774146120000,1774146180000,3.32e-06,3.33e-06,23.120748788250697,target,3463782590.0,6
PEPE,1774146720000,1774147740000,3.34e-06,3.35e-06,23.041230179715726,target,3462243453.0,6
PEPE,1774148220000,1774148280000,3.34e-06,3.35e-06,23.046347455451375,target,3463012390.0,6
PEPE,1774148820000,1774148880000,3.3300000000000003e-06,3.34e-06,23.093806757920774,target,3464937248.0,6
PEPE,1774149420000,1774149480000,3.34e-06,3.35e-06,23.05659483110594,target,3464552191.0,6
PEPE,1774150020000,1774150080000,3.34e-06,3.35e-06,23.061715520856772,target,3465321641.0,6
PEPE,1774150620000,1774150680000,3.36e-06,3.37e-06,22.98218384972423,target,3463780535.0,6
PEPE,1774151220000,1774151280000,3.35e-06,3.36e-06,23.029591285124845,target,3465702225.0,6
PEPE,1774151820000,1774151880000,3.34e-06,3.35e-06,23.077056214244696,target,3467626779.0,6
PEPE,1774152420000,1774152480000,3.35e-06,3.36e-06,23.03981241812967,target,3467240394.0,6
PEPE,1774153140000,1774153200000,3.35e-06,3.36e-06,23.044919991059132,target,3468009028.0,6
PEPE,1774153620000,1774153680000,3.34e-06,3.35e-06,23.09241651326494,target,3469934863.0,6
PEPE,1774154220000,1774154280000,3.35e-06,3.36e-06,23.05514793518972,target,3469548222.0,6
PEPE,1774155420000,1774155480000,3.36e-06,3.37e-06,23.017880547824756,target,3469160595.0,6
PEPE,1774156020000,1774156080000,3.36e-06,3.37e-06,23.02297387903605,target,3469928241.0,6
PEPE,1774156620000,1774156680000,3.35e-06,3.36e-06,23.070465457588586,target,3471853342.0,6
PEPE,1774158120000,1774158180000,3.35e-06,3.36e-06,23.075579821708637,target,3472622998.0,6
PEPE,1774159080000,1774159140000,3.35e-06,3.36e-06,23.08069532212625,target,3473392825.0,6
PEPE,1774159620000,1774159680000,3.34e-06,3.35e-06,23.128265580750625,target,3475321650.0,6
PEPE,1774224120000,1774224180000,3.2800000000000004e-06,3.2900000000000003e-06,23.388776559619465,target,3483064268.0,6
PEPE,1774225020000,1774225080000,3.2800000000000004e-06,3.2900000000000003e-06,23.394028367835613,target,3483846369.0,6
PEPE,1774225680000,1774225740000,3.2800000000000004e-06,3.2900000000000003e-06,23.39928135789189,target,3484628646.0,6
PEPE,1774226220000,1774226280000,3.27e-06,3.28e-06,23.44722627655015,target,3486576398.0,6
PEPE,1774226820000,1774226880000,3.2800000000000004e-06,3.2900000000000003e-06,23.409800465825427,target,3486195155.0,6
PEPE,1774227420000,1774227480000,3.2800000000000004e-06,3.2900000000000003e-06,23.415056994685653,target,3486977959.0,6
PEPE,1774228740000,1774228800000,3.3e-06,3.31e-06,23.33496124797473,target,3485431105.0,6
PEPE,1774229280000,1774229340000,3.3e-06,3.31e-06,23.34018188176938,target,3486210886.0,6
PEPE,1774229820000,1774229880000,3.3e-06,3.31e-06,23.345403680494147,target,3486990841.0,6
PEPE,1774230600000,1774230660000,3.3e-06,3.31e-06,23.350626644149038,target,3487770970.0,6
PEPE,1774231020000,1774231080000,3.3e-06,3.31e-06,23.35585077943139,target,3488551274.0,6
PEPE,1774232520000,1774232580000,3.3e-06,3.31e-06,23.361076086333924,target,3489331753.0,6
PEPE,1774233780000,1774233840000,3.32e-06,3.33e-06,23.280948574650182,target,3487782558.0,6
PEPE,1774234380000,1774234440000,3.31e-06,3.32e-06,23.328810348164485,target,3489724809.0,6
PEPE,1774234920000,1774234980000,3.32e-06,3.33e-06,23.291338285574195,target,3489339069.0,6
PEPE,1774235580000,1774235640000,3.32e-06,3.33e-06,23.296530120600806,target,3490116872.0,6
PEPE,1774236120000,1774236180000,3.32e-06,3.33e-06,23.301723117074943,target,3490894849.0,6
PEPE,1774238220000,1774238280000,3.31e-06,3.32e-06,23.349627598605917,target,3492838833.0,6
PEPE,1774238820000,1774238880000,3.32e-06,3.33e-06,23.31212209290075,target,3492452748.0,6
PEPE,1774240020000,1774240080000,3.32e-06,3.33e-06,23.317318567050137,target,3493231246.0,6
PEPE,1774240920000,1774240980000,3.32e-06,3.33e-06,23.32251619597608,target,3494009917.0,6
PEPE,1774241580000,1774241640000,3.32e-06,3.33e-06,23.327714979674937,target,3494788761.0,6
PEPE,1774242120000,1774242180000,3.34e-06,3.35e-06,23.247484555129304,target,3493235846.0,6
PEPE,1774242720000,1774242780000,3.34e-06,3.35e-06,23.252647643887016,target,3494011667.0,6
PEPE,1774310520000,1774310640000,3.4600000000000003e-06,3.4700000000000002e-06,22.747387104786636,target,3480854951.0,6
PEPE,1774311180000,1774311240000,3.45e-06,3.46e-06,22.794717358490875,target,3482768122.0,6
PEPE,1774311840000,1774311900000,3.43e-06,3.44e-06,22.88455927530575,target,3485842997.0,6
PEPE,1774313520000,1774313580000,3.4200000000000003e-06,3.43e-06,22.932050285651087,target,3487764302.0,6
PEPE,1774315920000,1774315980000,3.41e-06,3.42e-06,22.979598555195636,target,3489688467.0,6
PEPE,1774317540000,1774317600000,3.4e-06,3.41e-06,23.027204202715037,target,3491615497.0,6
PEPE,1774318140000,1774318200000,3.41e-06,3.42e-06,22.98968528698473,target,3491220241.0,6
PEPE,1774319220000,1774319400000,3.41e-06,3.42e-06,22.99472564353499,target,3491985671.0,6
PEPE,1774319940000,1774320000000,3.41e-06,3.42e-06,22.999767106365407,target,3492751269.0,6
PEPE,1774320420000,1774320480000,3.41e-06,3.42e-06,23.004809675475972,target,3493517035.0,6
PEPE,1774321020000,1774321080000,3.4e-06,3.41e-06,23.052467550505142,target,3495446179.0,6
PEPE,1774322820000,1774322880000,3.41e-06,3.42e-06,23.01490747665071,target,3495050490.0,6
PEPE,1774323420000,1774323480000,3.41e-06,3.42e-06,23.019953364599907,target,3495816760.0,6
PEPE,1774324020000,1774324080000,3.4200000000000003e-06,3.43e-06,22.98238647369882,target,3495419996.0,6
PEPE,1774324620000,1774324680000,3.43e-06,3.44e-06,22.944821051556936,target,3495022247.0,6
PEPE,1774325220000,1774325280000,3.43e-06,3.44e-06,22.94983296294071,target,3495785676.0,6
PEPE,1774325820000,1774325880000,3.4200000000000003e-06,3.43e-06,22.99745943107525,target,3497712461.0,6
PEPE,1774327620000,1774327680000,3.41e-06,3.42e-06,23.045143320690045,target,3499642114.0,6
PEPE,1774328220000,1774328280000,3.41e-06,3.42e-06,23.05019583973419,target,3500409391.0,6
PEPE,1774329420000,1774329480000,3.4e-06,3.41e-06,23.097947738894693,target,3502342341.0,6
PEPE,1774330680000,1774330740000,3.41e-06,3.42e-06,23.060313560535775,target,3501945871.0,6
PEPE,1774331220000,1774331280000,3.41e-06,3.42e-06,23.065369398418557,target,3502713652.0,6
PEPE,1774333020000,1774333080000,3.41e-06,3.42e-06,23.070426355753398,target,3503481603.0,6
PEPE,1774333680000,1774333740000,3.41e-06,3.42e-06,23.075484412784256,target,3504249721.0,6
PEPE,1774396920000,1774396980000,3.53e-06,3.54e-06,22.569812384774814,target,3491076935.0,6
PEPE,1774398120000,1774398180000,3.53e-06,3.54e-06,22.57465119160469,target,3491825397.0,6
PEPE,1774399620000,1774399680000,3.54e-06,3.55e-06,22.53709526326176,target,3491416772.0,6
PEPE,1774400460000,1774400520000,3.52e-06,3.53e-06,22.626755798499076,target,3494479660.0,6
PEPE,1774400820000,1774400880000,3.5100000000000003e-06,3.52e-06,22.674086160414532,target,3496389539.0,6
PEPE,1774402020000,1774402080000,3.5100000000000003e-06,3.52e-06,22.67896559763031,target,3497141958.0,6
PEPE,1774403220000,1774403280000,3.52e-06,3.53e-06,22.6413575645261,target,3496734759.0,6
PEPE,1774403820000,1774403880000,3.52e-06,3.53e-06,22.646220833424756,target,3497485843.0,6
PEPE,1774405920000,1774405980000,3.5000000000000004e-06,3.5100000000000003e-06,22.7361268924355,target,3500558413.0,6
PEPE,1774406520000,1774406580000,3.5100000000000003e-06,3.52e-06,22.698484701853914,target,3500151843.0,6
PEPE,1774407120000,1774407180000,3.5000000000000004e-06,3.5100000000000003e-06,22.74592269040459,target,3502066619.0,6
PEPE,1774407720000,1774407900000,3.5000000000000004e-06,3.5100000000000003e-06,22.750826759640315,target,3502821672.0,6
PEPE,1774410420000,1774410480000,3.52e-06,3.53e-06,22.67061680747569,target,3501253561.0,6
PEPE,1774411020000,1774411080000,3.53e-06,3.54e-06,22.63296200050494,target,3500844857.0,6
PEPE,1774413120000,1774413180000,3.5100000000000003e-06,3.52e-06,22.72290950106005,target,3503918196.0,6
PEPE,1774414320000,1774414380000,3.52e-06,3.53e-06,22.68522860327333,target,3503510209.0,6
PEPE,1774414920000,1774414980000,3.54e-06,3.55e-06,22.605025966231203,target,3501940506.0,6
PEPE,1774415640000,1774415700000,3.5600000000000002e-06,3.57e-06,22.52488239787368,target,3500370225.0,6
PEPE,1774416120000,1774416180000,3.5500000000000003e-06,3.5600000000000002e-06,22.57216978030484,target,3502276149.0,6
PEPE,1774417320000,1774417380000,3.5600000000000002e-06,3.57e-06,22.534496455185657,target,3501864251.0,6
PEPE,1774420800000,1774420860000,3.58e-06,3.59e-06,22.454377830874854,target,3500292725.0,6
PEPE,1774421220000,1774421280000,3.5900000000000004e-06,3.6000000000000003e-06,22.41671855156927,target,3499877994.0,6
PEPE,1774421940000,1774423080000,3.6000000000000003e-06,3.61e-06,22.379061350943946,target,3499462291.0,6
PEPE,1774423920000,1774423980000,3.58e-06,3.59e-06,22.468660610264642,target,3502519191.0,6
PEPE,1774483320000,1774483380000,3.54e-06,3.55e-06,22.643534675921394,target,3507906224.0,6
PEPE,1774485120000,1774485180000,3.53e-06,3.54e-06,22.690985291458844,target,3509819844.0,6
PEPE,1774485840000,1774485900000,3.53e-06,3.54e-06,22.695850074660143,target,3510572324.0,6
PEPE,1774486320000,1774488180000,3.53e-06,3.5e-06,-123.82687492598897,time,3511324966.0,6
PEPE,1774488720000,1774488780000,3.53e-06,3.54e-06,22.674168307185948,target,3507218609.0,6
PEPE,1774489320000,1774489380000,3.53e-06,3.54e-06,22.67902948291472,target,3507970531.0,6
PEPE,1774489920000,1774489980000,3.52e-06,3.53e-06,22.72651175287418,target,3509885985.0,6
PEPE,1774490880000,1774490940000,3.5100000000000003e-06,3.52e-06,22.774050788224898,target,3511804285.0,6
PEPE,1774493220000,1774493280000,3.49e-06,3.5e-06,22.864370014120126,target,3514891624.0,6
PEPE,1774494120000,1774494180000,3.49e-06,3.5e-06,22.86930884429979,target,3515650860.0,6
PEPE,1774495020000,1774495080000,3.49e-06,3.5e-06,22.874248747804273,target,3516410261.0,6
PEPE,1774495620000,1774495680000,3.48e-06,3.49e-06,22.921969105676038,target,3518337545.0,6
PEPE,1774496220000,1774496280000,3.48e-06,3.49e-06,22.926929639704984,target,3519098947.0,6
PEPE,1774497420000,1774497480000,3.49e-06,3.5e-06,22.889093339944722,target,3518692289.0,6
PEPE,1774500120000,1774500180000,3.48e-06,3.49e-06,22.936844668361772,target,3520620824.0,6
PEPE,1774500720000,1774500780000,3.48e-06,3.49e-06,22.94180842079941,target,3521382720.0,6
PEPE,1774501320000,1774501440000,3.48e-06,3.49e-06,22.94677324821451,target,3522144781.0,6
PEPE,1774501920000,1774501980000,3.4700000000000002e-06,3.48e-06,22.99460254897561,target,3524077019.0,6
PEPE,1774502820000,1774502940000,3.4700000000000002e-06,3.48e-06,22.99958809920028,target,3524841088.0,6
PEPE,1774503480000,1774503540000,3.4600000000000003e-06,3.4700000000000002e-06,23.04748520516558,target,3526776619.0,6
PEPE,1774505820000,1774505880000,3.44e-06,3.45e-06,23.138416757700554,target,3529888140.0,6
PEPE,1774507620000,1774507680000,3.43e-06,3.44e-06,23.18647642350029,target,3531831900.0,6
PEPE,1774508220000,1774508280000,3.43e-06,3.44e-06,23.191541117483634,target,3532603369.0,6
PEPE,1774508820000,1774508880000,3.43e-06,3.44e-06,23.19660691439002,target,3533375006.0,6
PEPE,1774570320000,1774570380000,3.41e-06,3.42e-06,21.92443427527536,target,3329450915.0,7
PEPE,1774570980000,1774571040000,3.4e-06,3.41e-06,21.96985398869949,target,3331289460.0,7
PEPE,1774571520000,1774571580000,3.4e-06,3.41e-06,21.9746796755054,target,3332021179.0,7
PEPE,1774572120000,1774572180000,3.41e-06,3.42e-06,21.938875674149475,target,3331643990.0,7
PEPE,1774573920000,1774574280000,3.4200000000000003e-06,3.43e-06,21.903073022924094,target,3331265859.0,7
PEPE,1774575420000,1774575480000,3.41e-06,3.42e-06,21.94848777231093,target,3333103686.0,7
PEPE,1774576020000,1774576080000,3.41e-06,3.42e-06,21.953299853248495,target,3333834450.0,7
PEPE,1774577820000,1774577880000,3.4200000000000003e-06,3.43e-06,21.91747366682471,target,3333456071.0,7
PEPE,1774579140000,1774579200000,3.4200000000000003e-06,3.43e-06,21.922270057000198,target,3334185560.0,7
PEPE,1774579680000,1774579740000,3.4200000000000003e-06,3.43e-06,21.927067492599633,target,3334915208.0,7
PEPE,1774580400000,1774580460000,3.41e-06,3.42e-06,21.972531991080146,target,3336755048.0,7
PEPE,1774582020000,1774582080000,3.4e-06,3.41e-06,22.018051350065285,target,3338597627.0,7
PEPE,1774582680000,1774582740000,3.4e-06,3.41e-06,22.022887621845676,target,3339330951.0,7
PEPE,1774583220000,1774583280000,3.4e-06,3.41e-06,22.02772495541899,target,3340064436.0,7
PEPE,1774587720000,1774587780000,3.39e-06,3.4e-06,22.073319314849165,target,3341910570.0,7
PEPE,1774589160000,1774589220000,3.3800000000000002e-06,3.39e-06,22.118968774980893,target,3343759452.0,7
PEPE,1774589520000,1774589580000,3.3800000000000002e-06,3.39e-06,22.123845200835696,target,3344496629.0,7
PEPE,1774590120000,1774590180000,3.3800000000000002e-06,3.39e-06,22.12872269170687,target,3345233967.0,7
PEPE,1774591320000,1774591380000,3.3800000000000002e-06,3.39e-06,22.133601267435466,target,3345971469.0,7
PEPE,1774593120000,1774593180000,3.3800000000000002e-06,3.39e-06,22.138480908180437,target,3346709132.0,7
PEPE,1774596420000,1774596480000,3.39e-06,3.4e-06,22.102524564088895,target,3346332258.0,7
PEPE,1774598220000,1774598280000,3.39e-06,3.4e-06,22.107388373804554,target,3347068641.0,7
PEPE,1774598880000,1774598940000,3.39e-06,3.4e-06,22.112253253530824,target,3347805186.0,7
PEPE,1774599420000,1774599540000,3.39e-06,3.4e-06,22.11711919666083,target,3348541892.0,7
PEPE,1774656120000,1774656180000,3.27e-06,3.28e-06,22.614266371024478,target,3362716189.0,7
PEPE,1774656720000,1774656780000,3.27e-06,3.28e-06,22.61935353089972,target,3363472644.0,7
PEPE,1774657320000,1774657380000,3.27e-06,3.28e-06,22.624441834025028,target,3364229269.0,7
PEPE,1774657920000,1774657980000,3.2800000000000004e-06,3.2900000000000003e-06,22.588329327859505,target,3363861404.0,7
PEPE,1774658520000,1774658580000,3.2800000000000004e-06,3.2900000000000003e-06,22.59340140238597,target,3364616739.0,7
PEPE,1774659120000,1774659180000,3.2800000000000004e-06,3.2900000000000003e-06,22.598474611744784,target,3365372243.0,7
PEPE,1774659720000,1774659780000,3.2800000000000004e-06,3.2900000000000003e-06,22.603548969370635,target,3366127918.0,7
PEPE,1774662420000,1774662480000,3.27e-06,3.28e-06,22.649863436923713,target,3368009433.0,7
PEPE,1774663020000,1774663200000,3.2800000000000004e-06,3.2900000000000003e-06,22.613710349111006,target,3367641154.0,7
PEPE,1774663620000,1774663680000,3.2800000000000004e-06,3.2900000000000003e-06,22.6187881246704,target,3368397338.0,7
PEPE,1774664220000,1774666080000,3.2800000000000004e-06,3.26e-06,-83.89192690589975,time,3369153691.0,7
PEPE,1774669020000,1774669080000,3.26e-06,3.27e-06,22.687522030454634,target,3368600153.0,7
PEPE,1774669800000,1774669860000,3.2500000000000002e-06,3.26e-06,22.733931880924985,target,3370486565.0,7
PEPE,1774671120000,1774671180000,3.2500000000000002e-06,3.26e-06,22.73906460334105,target,3371247532.0,7
PEPE,1774674720000,1774674780000,3.26e-06,3.27e-06,22.702882922115695,target,3370880909.0,7
PEPE,1774675320000,1774675380000,3.26e-06,3.27e-06,22.70799931977088,target,3371640582.0,7
PEPE,1774675920000,1774675980000,3.27e-06,3.28e-06,22.67181032647662,target,3371272911.0,7
PEPE,1774676580000,1774676640000,3.27e-06,3.28e-06,22.676910431976292,target,3372031291.0,7
PEPE,1774677120000,1774677180000,3.2800000000000004e-06,3.2900000000000003e-06,22.640714170978878,target,3371662572.0,7
PEPE,1774677720000,1774677780000,3.2800000000000004e-06,3.2900000000000003e-06,22.645798010184233,target,3372419659.0,7
PEPE,1774678320000,1774678380000,3.2800000000000004e-06,3.2900000000000003e-06,22.650882990940186,target,3373176916.0,7
PEPE,1774678920000,1774678980000,3.2900000000000003e-06,3.3e-06,22.614671384236292,target,3372807067.0,7
PEPE,1774680120000,1774680180000,3.2900000000000003e-06,3.3e-06,22.619740116150034,target,3373563030.0,7
PEPE,1774681020000,1774681080000,3.2800000000000004e-06,3.2900000000000003e-06,22.66612622895891,target,3375446944.0,7
PEPE,1774743420000,1774743480000,3.2800000000000004e-06,3.2900000000000003e-06,22.671215769200824,target,3376204880.0,7
PEPE,1774744620000,1774745460000,3.2800000000000004e-06,3.2900000000000003e-06,22.676306457704317,target,3376962987.0,7
PEPE,1774746420000,1774746480000,3.2900000000000003e-06,3.3e-06,22.640054207715522,target,3376592723.0,7
PEPE,1774747020000,1774747080000,3.2900000000000003e-06,3.3e-06,22.64512863217349,target,3377349535.0,7
PEPE,1774747680000,1774747740000,3.2900000000000003e-06,3.3e-06,22.650204189780244,target,3378106516.0,7
PEPE,1774748220000,1774748280000,3.2900000000000003e-06,3.3e-06,22.65528088723449,target,3378863667.0,7
PEPE,1774748820000,1774748880000,3.2900000000000003e-06,3.3e-06,22.660358724539872,target,3379620988.0,7
PEPE,1774749420000,1774749480000,3.2900000000000003e-06,3.3e-06,22.665437694988583,target,3380378478.0,7
PEPE,1774750620000,1774750680000,3.3e-06,3.31e-06,22.629145760327436,target,3380006835.0,7
PEPE,1774752720000,1774752780000,3.3e-06,3.31e-06,22.634208479155703,target,3380763029.0,7
PEPE,1774753380000,1774753440000,3.3e-06,3.31e-06,22.639272336133814,target,3381519393.0,7
PEPE,1774754580000,1774754640000,3.31e-06,3.32e-06,22.60296514132983,target,3381146618.0,7
PEPE,1774755120000,1774755180000,3.32e-06,3.33e-06,22.566658974001808,target,3380772880.0,7
PEPE,1774755720000,1774755780000,3.31e-06,3.32e-06,22.613052284899872,target,3382655540.0,7
PEPE,1774756320000,1774756380000,3.31e-06,3.32e-06,22.618102160640674,target,3383410944.0,7
PEPE,1774757220000,1774757280000,3.31e-06,3.32e-06,22.623153166146793,target,3384166517.0,7
PEPE,1774758420000,1774758480000,3.31e-06,3.32e-06,22.628205301414578,target,3384922259.0,7
PEPE,1774759020000,1774759080000,3.31e-06,3.32e-06,22.63325855976443,target,3385678169.0,7
PEPE,1774759680000,1774759740000,3.31e-06,3.32e-06,22.638312954566473,target,3386434249.0,7
PEPE,1774760520000,1774760580000,3.31e-06,3.32e-06,22.643368472446944,target,3387190497.0,7
PEPE,1774765500000,1774765560000,3.3e-06,3.31e-06,22.68988051063438,target,3389078493.0,7
PEPE,1774765920000,1774765980000,3.3e-06,3.31e-06,22.69495681362094,target,3389836716.0,7
PEPE,1774767120000,1774767180000,3.31e-06,3.32e-06,22.65856032212683,target,3389463025.0,7
PEPE,1774767720000,1774767780000,3.3e-06,3.31e-06,22.705103561465847,target,3391352287.0,7
PEPE,1774828920000,1774828980000,3.27e-06,3.28e-06,22.83482719805199,target,3395513338.0,7
PEPE,1774829520000,1774829580000,3.2800000000000004e-06,3.2900000000000003e-06,22.798378879179435,target,3395142052.0,7
PEPE,1774830120000,1774830180000,3.3300000000000003e-06,3.34e-06,22.595942295159034,target,3390238904.0,7
PEPE,1774830720000,1774830780000,3.32e-06,3.33e-06,22.642434868949156,target,3392125074.0,7
PEPE,1774831320000,1774831380000,3.2900000000000003e-06,3.3e-06,22.77207096421495,target,3396282023.0,7
PEPE,1774832940000,1774833000000,3.32e-06,3.33e-06,22.652558140575564,target,3393641669.0,7
PEPE,1774833420000,1774833480000,3.32e-06,3.33e-06,22.657607591175267,target,3394398141.0,7
PEPE,1774834080000,1774834140000,3.32e-06,3.33e-06,22.662658163174843,target,3395154781.0,7
PEPE,1774834620000,1774835160000,3.3300000000000003e-06,3.34e-06,22.626198609188997,target,3394778486.0,7
PEPE,1774835520000,1774835760000,3.3300000000000003e-06,3.34e-06,22.63123294362606,target,3395533825.0,7
PEPE,1774836300000,1774836360000,3.32e-06,3.33e-06,22.677798124500576,target,3397422940.0,7
PEPE,1774836720000,1774836780000,3.3300000000000003e-06,3.34e-06,22.641314216009604,target,3397046394.0,7
PEPE,1774837380000,1774837440000,3.3300000000000003e-06,3.34e-06,22.646351916271136,target,3397802238.0,7
PEPE,1774837920000,1774838040000,3.3300000000000003e-06,3.34e-06,22.651390729584374,target,3398558249.0,7
PEPE,1774839900000,1774839960000,3.3300000000000003e-06,3.34e-06,22.6564306692849,target,3399314429.0,7
PEPE,1774841520000,1774841580000,3.34e-06,3.35e-06,22.61992350557411,target,3398936665.0,7
PEPE,1774843920000,1774843980000,3.36e-06,3.37e-06,22.541915412437177,target,3397425081.0,7
PEPE,1774844580000,1774844640000,3.35e-06,3.36e-06,22.588414670910538,target,3399309958.0,7
PEPE,1774845120000,1774845180000,3.36e-06,3.37e-06,22.551901731030394,target,3398930178.0,7
PEPE,1774845720000,1774845780000,3.35e-06,3.36e-06,22.598421582404203,target,3400815889.0,7
PEPE,1774846320000,1774846380000,3.35e-06,3.36e-06,22.603431307710977,target,3401569798.0,7
PEPE,1774849260000,1774849320000,3.3700000000000003e-06,3.3800000000000002e-06,22.525373742751782,target,3400056414.0,7
PEPE,1774849620000,1774849680000,3.3700000000000003e-06,3.3800000000000002e-06,22.530348919000424,target,3400807384.0,7
PEPE,1774850220000,1774850280000,3.3700000000000003e-06,3.3800000000000002e-06,22.53532520162475,target,3401558521.0,7
PEPE,1774915320000,1774915380000,3.31e-06,3.32e-06,22.79000599305642,target,3409125803.0,7
PEPE,1774915920000,1774915980000,3.31e-06,3.32e-06,22.79509539051515,target,3409887119.0,7
PEPE,1774916520000,1774916580000,3.31e-06,3.32e-06,22.800185924424255,target,3410648605.0,7
PEPE,1774917180000,1774917300000,3.32e-06,3.33e-06,22.763562963375783,target,3410271605.0,7
PEPE,1774917720000,1774917780000,3.32e-06,3.33e-06,22.768637158198807,target,3411031784.0,7
PEPE,1774918320000,1774918380000,3.3300000000000003e-06,3.34e-06,22.73200710378763,target,3410653729.0,7
PEPE,1774918920000,1774918980000,3.3300000000000003e-06,3.34e-06,22.73706497900167,target,3411412600.0,7
PEPE,1774919520000,1774919580000,3.3300000000000003e-06,3.34e-06,22.74212398726533,target,3412171641.0,7
PEPE,1774921380000,1774921440000,3.36e-06,3.37e-06,22.622151392564867,target,3409517919.0,7
PEPE,1774922580000,1774922640000,3.36e-06,3.37e-06,22.62715715504467,target,3410272367.0,7
PEPE,1774923720000,1774923780000,3.36e-06,3.37e-06,22.632164032206497,target,3411026983.0,7
PEPE,1774924320000,1774924440000,3.3700000000000003e-06,3.3800000000000002e-06,22.59552235650058,target,3410644884.0,7
PEPE,1774925520000,1774925580000,3.3700000000000003e-06,3.3800000000000002e-06,22.600513035249765,target,3411398194.0,7
PEPE,1774926120000,1774926180000,3.3700000000000003e-06,3.3800000000000002e-06,22.605504813750485,target,3412151670.0,7
PEPE,1774926720000,1774926780000,3.3700000000000003e-06,3.3800000000000002e-06,22.610497691999104,target,3412905312.0,7
PEPE,1774933920000,1774933980000,3.35e-06,3.36e-06,22.698892414185526,target,3415935653.0,7
PEPE,1774935120000,1774935180000,3.36e-06,3.37e-06,22.662200889524353,target,3415554015.0,7
PEPE,1774936320000,1774936380000,3.3700000000000003e-06,3.3800000000000002e-06,22.62551058462437,target,3415171409.0,7
PEPE,1774936920000,1774936980000,3.3800000000000002e-06,3.39e-06,22.588821528526566,target,3414787835.0,7
PEPE,1774937520000,1774937580000,3.3700000000000003e-06,3.3800000000000002e-06,22.635497083125735,target,3416678805.0,7
PEPE,1774938120000,1774938240000,3.3700000000000003e-06,3.3800000000000002e-06,22.64049658637651,target,3417433447.0,7
PEPE,1774939020000,1774939080000,3.3700000000000003e-06,3.3800000000000002e-06,22.64549719600115,target,3418188256.0,7
PEPE,1774939620000,1774939680000,3.3700000000000003e-06,3.3800000000000002e-06,22.650498911999648,target,3418943232.0,7
PEPE,1774940280000,1774940340000,3.3700000000000003e-06,3.3800000000000002e-06,22.655501727749687,target,3419698374.0,7
PEPE,1775001720000,1775001780000,3.4e-06,3.41e-06,22.535364185481292,target,3417037784.0,7
PEPE,1775003040000,1775003100000,3.39e-06,3.4e-06,22.58200928811641,target,3418926463.0,7
PEPE,1775003580000,1775003640000,3.39e-06,3.4e-06,22.586978606100654,target,3419678820.0,7
PEPE,1775005320000,1775005380000,3.4200000000000003e-06,3.43e-06,22.466891633925133,target,3417017739.0,7
PEPE,1775006520000,1775006580000,3.41e-06,3.42e-06,22.513475425289805,target,3418902874.0,7
PEPE,1775011320000,1775011380000,3.3700000000000003e-06,3.3800000000000002e-06,22.685394337250745,target,3424210466.0,7
PEPE,1775014500000,1775014560000,3.39e-06,3.4e-06,22.606839325911228,target,3422685742.0,7
PEPE,1775014920000,1775014980000,3.39e-06,3.4e-06,22.611814112833915,target,3423438927.0,7
PEPE,1775015520000,1775015580000,3.41e-06,3.42e-06,22.53329895538485,target,3421913281.0,7
PEPE,1775016360000,1775016420000,3.4e-06,3.41e-06,22.57998002657598,target,3423802885.0,7
PEPE,1775016720000,1775016780000,3.4e-06,3.41e-06,22.58493973037583,target,3424554925.0,7
PEPE,1775017320000,1775017380000,3.4e-06,3.41e-06,22.58990051575602,target,3425307129.0,7
PEPE,1775018520000,1775018580000,3.41e-06,3.42e-06,22.553094117298627,target,3424919380.0,7
PEPE,1775019300000,1775019360000,3.41e-06,3.42e-06,22.558038754290227,target,3425670274.0,7
PEPE,1775019900000,1775019960000,3.4e-06,3.41e-06,22.604771073440837,target,3427561952.0,7
PEPE,1775020620000,1775020680000,3.41e-06,3.42e-06,22.567940447581304,target,3427173948.0,7
PEPE,1775021820000,1775021880000,3.43e-06,3.44e-06,22.489361867179436,target,3425645372.0,7
PEPE,1775022420000,1775022480000,3.45e-06,3.46e-06,22.41084064026693,target,3424116217.0,7
PEPE,1775023020000,1775023080000,3.4700000000000002e-06,3.48e-06,22.332376801574217,target,3422586483.0,7
PEPE,1775024460000,1775024520000,3.5000000000000004e-06,3.5100000000000003e-06,22.212387674400578,target,3419921120.0,7
PEPE,1775024820000,1775024880000,3.5000000000000004e-06,3.5100000000000003e-06,22.217176710688456,target,3420658462.0,7
PEPE,1775025420000,1775025480000,3.5000000000000004e-06,3.5100000000000003e-06,22.221966779684735,target,3421395963.0,7
PEPE,1775026020000,1775026080000,3.5100000000000003e-06,3.52e-06,22.185175836694135,target,3420998587.0,7
PEPE,1775027820000,1775027880000,3.5000000000000004e-06,3.5100000000000003e-06,22.231541052690886,target,3422870062.0,7
PEPE,1775088120000,1775088180000,3.4e-06,3.41e-06,22.653857124247327,target,3435004871.0,7
PEPE,1775088720000,1775088780000,3.4e-06,3.41e-06,22.658833051744974,target,3435759371.0,7
PEPE,1775089320000,1775089380000,3.41e-06,3.42e-06,22.62191433422988,target,3435370438.0,7
PEPE,1775090520000,1775090580000,3.4200000000000003e-06,3.43e-06,22.584997024200888,target,3434980536.0,7
PEPE,1775091180000,1775091240000,3.4200000000000003e-06,3.43e-06,22.58993949114967,target,3435732242.0,7
PEPE,1775091720000,1775091780000,3.4200000000000003e-06,3.43e-06,22.594883042975383,target,3436484113.0,7
PEPE,1775092380000,1775092440000,3.41e-06,3.42e-06,22.641732214395198,target,3438379987.0,7
PEPE,1775100420000,1775100480000,3.3e-06,3.31e-06,23.10959519569942,target,3451769260.0,7
PEPE,1775101020000,1775101080000,3.3e-06,3.31e-06,23.11476540945104,target,3452541510.0,7
PEPE,1775101920000,1775101980000,3.2800000000000004e-06,3.2900000000000003e-06,23.204503724357203,target,3455622297.0,7
PEPE,1775103420000,1775103480000,3.2900000000000003e-06,3.3e-06,23.16740705734478,target,3455243409.0,7
PEPE,1775104020000,1775104080000,3.2900000000000003e-06,3.3e-06,23.172599677545804,target,3456017849.0,7
PEPE,1775104620000,1775104680000,3.2900000000000003e-06,3.3e-06,23.177793464414606,target,3456792463.0,7
PEPE,1775107020000,1775107080000,3.2800000000000004e-06,3.2900000000000003e-06,23.225323964611334,target,3458722854.0,7
PEPE,1775107620000,1775107680000,3.2800000000000004e-06,3.2900000000000003e-06,23.230539075351924,target,3459499490.0,7
PEPE,1775108220000,1775108280000,3.2800000000000004e-06,3.2900000000000003e-06,23.23575535450159,target,3460276300.0,7
PEPE,1775109660000,1775109720000,3.2900000000000003e-06,3.3e-06,23.19860872120531,target,3459896901.0,7
PEPE,1775110020000,1775110080000,3.3e-06,3.31e-06,23.16146306792575,target,3459516515.0,7
PEPE,1775110620000,1775110680000,3.31e-06,3.32e-06,23.124318424270857,target,3459135142.0,7
PEPE,1775111220000,1775111280000,3.32e-06,3.33e-06,23.087174826524983,target,3458752783.0,7
PEPE,1775111820000,1775111880000,3.32e-06,3.33e-06,23.09232115807599,target,3459523769.0,7
PEPE,1775112420000,1775112480000,3.31e-06,3.32e-06,23.13979514185555,target,3461450283.0,7
PEPE,1775113020000,1775113080000,3.32e-06,3.33e-06,23.102626683899835,target,3461067668.0,7
PEPE,1775113620000,1775113680000,3.3300000000000003e-06,3.34e-06,23.065459313220458,target,3460684068.0,7
PEPE,1775174520000,1775174580000,3.3300000000000003e-06,3.34e-06,23.070591383214992,target,3461454071.0,7
PEPE,1775175960000,1775176020000,3.32e-06,3.33e-06,23.118060572176503,target,3463379861.0,7
PEPE,1775176620000,1775176680000,3.32e-06,3.33e-06,23.12321378565003,target,3464151878.0,7
PEPE,1775177220000,1775177280000,3.32e-06,3.33e-06,23.128368147225505,target,3464924067.0,7
PEPE,1775178420000,1775178480000,3.32e-06,3.33e-06,23.133523650224674,target,3465696427.0,7
PEPE,1775179080000,1775179140000,3.32e-06,3.33e-06,23.138680308000403,target,3466468960.0,7
PEPE,1775180220000,1775180280000,3.32e-06,3.33e-06,23.143838120550868,target,3467241666.0,7
PEPE,1775180820000,1775180880000,3.32e-06,3.33e-06,23.148997074525035,target,3468014543.0,7
PEPE,1775182620000,1775182680000,3.32e-06,3.33e-06,23.154157183275753,target,3468787593.0,7
PEPE,1775183280000,1775183340000,3.3300000000000003e-06,3.34e-06,23.116906908104724,target,3468403137.0,7
PEPE,1775183820000,1775183940000,3.3300000000000003e-06,3.34e-06,23.122050428570226,target,3469174858.0,7
PEPE,1775185020000,1775185080000,3.3300000000000003e-06,3.34e-06,23.12719508875132,target,3469946750.0,7
PEPE,1775185620000,1775185680000,3.3300000000000003e-06,3.34e-06,23.132340895310342,target,3470718814.0,7
PEPE,1775186820000,1775186880000,3.36e-06,3.37e-06,23.010309773964618,target,3468019559.0,7
PEPE,1775188020000,1775188140000,3.36e-06,3.37e-06,23.015401433156526,target,3468786953.0,7
PEPE,1775189460000,1775189520000,3.36e-06,3.37e-06,23.020494213659596,target,3469554516.0,7
PEPE,1775190000000,1775190060000,3.3700000000000003e-06,3.3800000000000002e-06,22.983223829126135,target,3469165861.0,7
PEPE,1775190660000,1775190720000,3.35e-06,3.36e-06,23.073075706620585,target,3472246156.0,7
PEPE,1775191320000,1775191380000,3.36e-06,3.37e-06,23.035779336145307,target,3471858227.0,7
PEPE,1775192520000,1775192580000,3.39e-06,3.4e-06,22.9137840523655,target,3469157313.0,7
PEPE,1775193120000,1775193180000,3.4e-06,3.41e-06,22.87650929027946,target,3468765624.0,7
PEPE,1775194320000,1775194380000,3.4200000000000003e-06,3.43e-06,22.7969658389244,target,3467219139.0,7
PEPE,1775195100000,1775195160000,3.43e-06,3.44e-06,22.759703485870094,target,3466824598.0,7
PEPE,1775198520000,1775198580000,3.4600000000000003e-06,3.4700000000000002e-06,22.63806214221193,target,3464125806.0,7
PEPE,1775262840000,1775262900000,3.39e-06,3.4e-06,22.938867220180256,target,3472954916.0,7
PEPE,1775264220000,1775264280000,3.39e-06,3.4e-06,22.94391507161631,target,3473719163.0,7
PEPE,1775264820000,1775264880000,3.39e-06,3.4e-06,22.948964032689624,target,3474483578.0,7
PEPE,1775265720000,1775265780000,3.3700000000000003e-06,3.3800000000000002e-06,23.038862970751183,target,3477564222.0,7
PEPE,1775266320000,1775266380000,3.3700000000000003e-06,3.3800000000000002e-06,23.043951566999233,target,3478332312.0,7
PEPE,1775266920000,1775266980000,3.3700000000000003e-06,3.3800000000000002e-06,23.049041289500853,target,3479100572.0,7
PEPE,1775267520000,1775267580000,3.3700000000000003e-06,3.3800000000000002e-06,23.05413213162644,target,3479869001.0,7
PEPE,1775268120000,1775268180000,3.3800000000000002e-06,3.39e-06,23.016748028399558,target,3479478160.0,7
PEPE,1775268720000,1775268780000,3.3700000000000003e-06,3.3800000000000002e-06,23.064307813624985,target,3481404953.0,7
PEPE,1775269320000,1775269380000,3.36e-06,3.37e-06,23.111925177162657,target,3483334616.0,7
PEPE,1775269920000,1775270040000,3.3700000000000003e-06,3.3800000000000002e-06,23.07450676262627,target,3482944417.0,7
PEPE,1775270520000,1775270580000,3.36e-06,3.37e-06,23.12214518045579,target,3484874933.0,7
PEPE,1775271120000,1775271180000,3.35e-06,3.36e-06,23.16984132627039,target,3486808326.0,7
PEPE,1775272020000,1775272080000,3.36e-06,3.37e-06,23.1323885455854,target,3486418771.0,7
PEPE,1775272620000,1775272740000,3.36e-06,3.37e-06,23.137507215860563,target,3487190236.0,7
PEPE,1775273220000,1775273280000,3.36e-06,3.37e-06,23.14262702072154,target,3487961872.0,7
PEPE,1775273820000,1775273880000,3.36e-06,3.37e-06,23.1477479601647,target,3488733679.0,7
PEPE,1775274420000,1775274480000,3.3700000000000003e-06,3.3800000000000002e-06,23.110271546875516,target,3488342875.0,7
PEPE,1775275020000,1775275080000,3.3700000000000003e-06,3.3800000000000002e-06,23.115375917250372,target,3489113346.0,7
PEPE,1775276220000,1775276280000,3.3800000000000002e-06,3.39e-06,23.077892504204435,target,3488721467.0,7
PEPE,1775278020000,1775278080000,3.39e-06,3.4e-06,23.040410409607162,target,3488328601.0,7
PEPE,1775279220000,1775279280000,3.3700000000000003e-06,3.3800000000000002e-06,23.13066756999988,target,3491421520.0,7
PEPE,1775280120000,1775280180000,3.3700000000000003e-06,3.3800000000000002e-06,23.13577643875214,target,3492192670.0,7
PEPE,1775281620000,1775283480000,3.3800000000000002e-06,3.36e-06,-87.46960117230194,time,3491800446.0,7
PEPE,1775347320000,1775347380000,3.4e-06,3.41e-06,22.993879370940665,target,3486562452.0,7
PEPE,1775348520000,1775348640000,3.4e-06,3.41e-06,22.998929980220186,target,3487328276.0,7
PEPE,1775349300000,1775349360000,3.39e-06,3.4e-06,23.046534598630068,target,3489255806.0,7
PEPE,1775350320000,1775350380000,3.4e-06,3.41e-06,23.00904388755943,target,3488861848.0,7
PEPE,1775351100000,1775351160000,3.3800000000000002e-06,3.39e-06,23.09926940590674,target,3491953047.0,7
PEPE,1775351520000,1775351580000,3.3800000000000002e-06,3.39e-06,23.104361943809977,target,3492722894.0,7
PEPE,1775353980000,1775354040000,3.3800000000000002e-06,3.39e-06,23.109455606263673,target,3493492911.0,7
PEPE,1775355300000,1775355360000,3.36e-06,3.37e-06,23.199891947445643,target,3496592607.0,7
PEPE,1775357220000,1775357280000,3.3800000000000002e-06,3.39e-06,23.119665117885244,target,3495036299.0,7
PEPE,1775358420000,1775358480000,3.3800000000000002e-06,3.39e-06,23.12476215399033,target,3495806826.0,7
PEPE,1775359260000,1775359320000,3.3700000000000003e-06,3.3800000000000002e-06,23.172545129124984,target,3497742661.0,7
PEPE,1775359620000,1775359680000,3.3800000000000002e-06,3.39e-06,23.134969012994237,target,3497349813.0,7
PEPE,1775360820000,1775360880000,3.3800000000000002e-06,3.39e-06,23.140069422750706,target,3498120850.0,7
PEPE,1775361420000,1775361480000,3.3800000000000002e-06,3.39e-06,23.145170957055825,target,3498892057.0,7
PEPE,1775362020000,1775362140000,3.3800000000000002e-06,3.39e-06,23.15027361590958,target,3499663434.0,7
PEPE,1775362680000,1775362740000,3.3700000000000003e-06,3.3800000000000002e-06,23.19810930150008,target,3501601404.0,7
PEPE,1775363220000,1775363280000,3.3700000000000003e-06,3.3800000000000002e-06,23.20323306987577,target,3502374803.0,7
PEPE,1775365320000,1775365380000,3.36e-06,3.37e-06,23.25113725714923,target,3504316090.0,7
PEPE,1775365920000,1775365980000,3.3700000000000003e-06,3.3800000000000002e-06,23.2134934525005,target,3503923540.0,7
PEPE,1775366520000,1775366580000,3.36e-06,3.37e-06,23.261418819973493,target,3505865685.0,7
PEPE,1775368260000,1775368320000,3.35e-06,3.36e-06,23.309402260979176,target,3507810724.0,7
PEPE,1775368620000,1775368680000,3.35e-06,3.36e-06,23.314569592394427,target,3508588351.0,7
PEPE,1775371320000,1775371380000,3.3300000000000003e-06,3.34e-06,23.405534293214096,target,3511708071.0,7
PEPE,1775372220000,1775372280000,3.3300000000000003e-06,3.34e-06,23.410742030955994,target,3512489427.0,7
PEPE,1775434920000,1775434980000,3.57e-06,3.58e-06,22.393439053699783,target,3485360164.0,7
PEPE,1775435580000,1775435640000,3.61e-06,3.62e-06,22.229326886105248,target,3481492073.0,7
PEPE,1775436120000,1775436180000,3.6000000000000003e-06,3.61e-06,22.276207579479852,target,3483378824.0,7
PEPE,1775438820000,1775438880000,3.5600000000000002e-06,3.57e-06,22.449981172904792,target,3488730563.0,7
PEPE,1775440920000,1775440980000,3.5500000000000003e-06,3.5600000000000002e-06,22.497111310305193,target,3490630149.0,7
PEPE,1775442120000,1775442300000,3.6000000000000003e-06,3.5600000000000002e-06,-158.10694881408102,stop,3485602928.0,7
PEPE,1775442780000,1775442840000,3.57e-06,3.58e-06,22.383595465399953,target,3483828088.0,7
PEPE,1775443320000,1775443380000,3.5600000000000002e-06,3.57e-06,22.430628940005356,target,3485723223.0,7
PEPE,1775444220000,1775444280000,3.57e-06,3.58e-06,22.393131231948995,target,3485312254.0,7
PEPE,1775444940000,1775445000000,3.5600000000000002e-06,3.57e-06,22.440184741260573,target,3487208196.0,7
PEPE,1775449020000,1775449080000,3.52e-06,3.53e-06,22.61443963625009,target,3492577550.0,7
PEPE,1775449680000,1775449740000,3.5100000000000003e-06,3.52e-06,22.66174423915162,target,3494486390.0,7
PEPE,1775451000000,1775451060000,3.54e-06,3.55e-06,22.539336665185324,target,3491764007.0,7
PEPE,1775451480000,1775451540000,3.53e-06,3.54e-06,22.586568934229124,target,3493668822.0,7
PEPE,1775453160000,1775453220000,3.52e-06,3.53e-06,22.633857617352113,target,3495576466.0,7
PEPE,1775453580000,1775453640000,3.52e-06,3.53e-06,22.63871926750219,target,3496327300.0,7
PEPE,1775454120000,1775454180000,3.52e-06,3.53e-06,22.6435819665991,target,3497078296.0,7
PEPE,1775454720000,1775454780000,3.5100000000000003e-06,3.52e-06,22.690947530059447,target,3498989596.0,7
PEPE,1775455620000,1775455680000,3.5100000000000003e-06,3.52e-06,22.695830592391605,target,3499742574.0,7
PEPE,1775456220000,1775456280000,3.5100000000000003e-06,3.52e-06,22.70071471177507,target,3500495715.0,7
PEPE,1775458920000,1775459040000,3.5100000000000003e-06,3.52e-06,22.705599875245262,target,3501249017.0,7
PEPE,1775460120000,1775460180000,3.5000000000000004e-06,3.5100000000000003e-06,22.753052732536055,target,3503164393.0,7
PEPE,1775461020000,1775461080000,3.48e-06,3.49e-06,22.84319479434589,target,3506246323.0,7
PEPE,1775462820000,1775462880000,3.4700000000000002e-06,3.48e-06,22.8908081994761,target,3508169839.0,7
PEPE,1775520720000,1775520780000,3.3300000000000003e-06,3.34e-06,23.496270190235947,target,3525321859.0,7
PEPE,1775522160000,1775522220000,3.3300000000000003e-06,3.34e-06,23.50149811625866,target,3526106244.0,7
PEPE,1775522520000,1775522580000,3.3300000000000003e-06,3.34e-06,23.506727201996696,target,3526890803.0,7
PEPE,1775523120000,1775523180000,3.34e-06,3.35e-06,23.46884991995476,target,3526498861.0,7
PEPE,1775523720000,1775523780000,3.34e-06,3.35e-06,23.47406217585009,target,3527282070.0,7
PEPE,1775524920000,1775524980000,3.36e-06,3.37e-06,23.393108462080875,target,3525713408.0,7
PEPE,1775526180000,1775526240000,3.35e-06,3.36e-06,23.44136354841102,target,3527669458.0,7
PEPE,1775527020000,1775527800000,3.35e-06,3.36e-06,23.446560137759924,target,3528451488.0,7
PEPE,1775528220000,1775528280000,3.34e-06,3.35e-06,23.494884459640524,target,3530410888.0,7
PEPE,1775528820000,1775529060000,3.36e-06,3.37e-06,23.41385894022506,target,3528840835.0,7
PEPE,1775529480000,1775529540000,3.36e-06,3.37e-06,23.41903989324465,target,3529621687.0,7
PEPE,1775530020000,1775530080000,3.35e-06,3.36e-06,23.4673484687249,target,3531579905.0,7
PEPE,1775531820000,1775531880000,3.34e-06,3.35e-06,23.515715634510755,target,3533541042.0,7
PEPE,1775532480000,1775532540000,3.34e-06,3.35e-06,23.52093829882495,target,3534325815.0,7
PEPE,1775533320000,1775533380000,3.34e-06,3.35e-06,23.526162114455843,target,3535110761.0,7
PEPE,1775534520000,1775534580000,3.35e-06,3.36e-06,23.4881935147666,target,3534716857.0,7
PEPE,1775535120000,1775535180000,3.35e-06,3.36e-06,23.493400490249478,target,3535500450.0,7
PEPE,1775536320000,1775536380000,3.35e-06,3.36e-06,23.498608615320034,target,3536284216.0,7
PEPE,1775538120000,1775538180000,3.35e-06,3.36e-06,23.503817896619687,target,3537068156.0,7
PEPE,1775538720000,1775538780000,3.35e-06,3.36e-06,23.509028327503376,target,3537852269.0,7
PEPE,1775539380000,1775539440000,3.35e-06,3.36e-06,23.51423992126668,target,3538636557.0,7
PEPE,1775540520000,1775540580000,3.35e-06,3.36e-06,23.51945266461038,target,3539421018.0,7
PEPE,1775541120000,1775541180000,3.35e-06,3.36e-06,23.524666570831876,target,3540205654.0,7
PEPE,1775541720000,1775541780000,3.35e-06,3.36e-06,23.52988162663559,target,3540990463.0,7
PEPE,1775606520000,1775606580000,3.7200000000000004e-06,3.7300000000000003e-06,21.953787262900537,target,3498611516.0,7
PEPE,1775607120000,1775607180000,3.7200000000000004e-06,3.7300000000000003e-06,21.95832708107653,target,3499334993.0,7
PEPE,1775607720000,1775607780000,3.7300000000000003e-06,3.74e-06,21.920647010955523,target,3498906147.0,7
PEPE,1775612220000,1775612280000,3.66e-06,3.67e-06,22.221363400740458,target,3507713244.0,7
PEPE,1775612820000,1775612880000,3.66e-06,3.67e-06,22.226011675315576,target,3508446989.0,7
PEPE,1775613420000,1775613480000,3.66e-06,3.67e-06,22.230660925479864,target,3509180888.0,7
PEPE,1775614740000,1775614800000,3.6800000000000003e-06,3.6900000000000002e-06,22.150492061295033,target,3507599693.0,7
PEPE,1775615220000,1775615280000,3.6800000000000003e-06,3.6900000000000002e-06,22.155107833725154,target,3508330615.0,7
PEPE,1775616420000,1775616480000,3.67e-06,3.68e-06,22.202137793549504,target,3510219414.0,7
PEPE,1775617620000,1775617680000,3.7e-06,3.71e-06,22.079590849125534,target,3507480675.0,7
PEPE,1775618400000,1775618460000,3.6900000000000002e-06,3.7e-06,22.126549206384517,target,3509365457.0,7
PEPE,1775619060000,1775619120000,3.6900000000000002e-06,3.7e-06,22.131151169141063,target,3510095348.0,7
PEPE,1775619420000,1775619480000,3.7e-06,3.71e-06,22.093361514145755,target,3509668231.0,7
PEPE,1775620020000,1775620080000,3.7e-06,3.71e-06,22.09794778045942,target,3510396788.0,7
PEPE,1775621220000,1775623080000,3.7300000000000003e-06,3.71e-06,-89.70833150895082,time,3507657146.0,7
PEPE,1775623620000,1775625420000,3.7e-06,3.71e-06,22.083912832454992,target,3508167249.0,7
PEPE,1775625720000,1775625780000,3.7e-06,3.71e-06,22.088497134731323,target,3508895494.0,7
PEPE,1775626320000,1775626380000,3.7e-06,3.71e-06,22.093082393844583,target,3509623891.0,7
PEPE,1775627580000,1775627640000,3.6900000000000002e-06,3.7e-06,22.140069440321916,target,3511509824.0,7
PEPE,1775628720000,1775628780000,3.71e-06,3.72e-06,22.05988284223592,target,3509925671.0,7
PEPE,1775629320000,1775629380000,3.7e-06,3.71e-06,22.106843874460623,target,3511809988.0,7
PEPE,1775629920000,1775629980000,3.6900000000000002e-06,3.7e-06,22.15386019028152,target,3513697096.0,7
PEPE,1775630820000,1775630880000,3.6800000000000003e-06,3.6900000000000002e-06,22.200931911314832,target,3515587001.0,7
PEPE,1775631720000,1775631780000,3.6900000000000002e-06,3.7e-06,22.16308527537067,target,3515160234.0,7
PEPE,1775692920000,1775692980000,3.53e-06,3.54e-06,22.850782299781585,target,3534537092.0,7
PEPE,1775693640000,1775693700000,3.53e-06,3.54e-06,22.855681341013597,target,3535294871.0,7
PEPE,1775694180000,1775694240000,3.53e-06,3.54e-06,22.860581436046196,target,3536052813.0,7
PEPE,1775694720000,1775694780000,3.52e-06,3.53e-06,22.908443810001522,target,3537983600.0,7
PEPE,1775695920000,1775695980000,3.52e-06,3.53e-06,22.91336444740078,target,3538743544.0,7
PEPE,1775697120000,1775697180000,3.5100000000000003e-06,3.52e-06,22.96129433327568,target,3540677615.0,7
PEPE,1775698920000,1775698980000,3.5000000000000004e-06,3.5100000000000003e-06,23.00928157369424,target,3542614561.0,7
PEPE,1775700120000,1775700180000,3.5000000000000004e-06,3.5100000000000003e-06,23.014242428715253,target,3543378357.0,7
PEPE,1775700720000,1775700780000,3.5000000000000004e-06,3.5100000000000003e-06,23.01920434242112,target,3544142316.0,7
PEPE,1775701320000,1775701500000,3.5100000000000003e-06,3.52e-06,22.981093485741557,target,3543730684.0,7
PEPE,1775701920000,1775701980000,3.5100000000000003e-06,3.52e-06,22.986038992135896,target,3544493291.0,7
PEPE,1775702580000,1775702640000,3.5000000000000004e-06,3.5100000000000003e-06,23.034077944379842,target,3546432324.0,7
PEPE,1775703120000,1775703180000,3.5000000000000004e-06,3.5100000000000003e-06,23.039044138289846,target,3547196942.0,7
PEPE,1775703720000,1775703780000,3.5000000000000004e-06,3.5100000000000003e-06,23.044011403875658,target,3547961725.0,7
PEPE,1775705220000,1775707080000,3.5000000000000004e-06,3.49e-06,-54.082594496521864,time,3548726673.0,7
PEPE,1775707620000,1775707680000,3.48e-06,3.49e-06,23.12360217945647,target,3549286597.0,7
PEPE,1775708580000,1775708640000,3.48e-06,3.49e-06,23.12860635095548,target,3550054697.0,7
PEPE,1775709720000,1775709780000,3.48e-06,3.49e-06,23.13361160394652,target,3550822963.0,7
PEPE,1775710320000,1775710380000,3.4700000000000002e-06,3.48e-06,23.181830344350203,target,3552770934.0,7
PEPE,1775710920000,1775710980000,3.4700000000000002e-06,3.48e-06,23.18685648007596,target,3553541223.0,7
PEPE,1775711520000,1775711580000,3.4700000000000002e-06,3.48e-06,23.19188371199963,target,3554311680.0,7
PEPE,1775712120000,1775712180000,3.4700000000000002e-06,3.48e-06,23.196912033599816,target,3555082304.0,7
PEPE,1775712720000,1775712780000,3.4700000000000002e-06,3.48e-06,23.201941444874706,target,3555853095.0,7
PEPE,1775713320000,1775713380000,3.48e-06,3.49e-06,23.16371266950948,target,3555443234.0,7
PEPE,1775781120000,1775781180000,3.49e-06,3.5e-06,21.60057251893459,target,3320610687.0,8
PEPE,1775781720000,1775781780000,3.49e-06,3.5e-06,21.605238360286087,target,3321327957.0,8
PEPE,1775782320000,1775782380000,3.49e-06,3.5e-06,21.609905216414433,target,3322045383.0,8
PEPE,1775784180000,1775784240000,3.48e-06,3.49e-06,21.654987895586174,target,3323866139.0,8
PEPE,1775785320000,1775785380000,3.5100000000000003e-06,3.52e-06,21.538484003848545,target,3321277410.0,8
PEPE,1775786100000,1775786160000,3.49e-06,3.5e-06,21.623903117755006,target,3324197251.0,8
PEPE,1775786520000,1775786580000,3.48e-06,3.49e-06,21.669014996790125,target,3326019186.0,8
PEPE,1775788320000,1775788380000,3.5000000000000004e-06,3.5100000000000003e-06,21.592831735275663,target,3324531445.0,8
PEPE,1775788920000,1775788980000,3.5000000000000004e-06,3.5100000000000003e-06,21.59748719539477,target,3325248221.0,8
PEPE,1775789520000,1775789580000,3.5000000000000004e-06,3.5100000000000003e-06,21.602143655744882,target,3325965151.0,8
PEPE,1775790180000,1775790240000,3.5000000000000004e-06,3.5100000000000003e-06,21.60680112281965,target,3326682236.0,8
PEPE,1775790720000,1775790780000,3.5000000000000004e-06,3.5100000000000003e-06,21.6114595966209,target,3327399476.0,8
PEPE,1775791620000,1775791680000,3.49e-06,3.5e-06,21.656585571279003,target,3329221456.0,8
PEPE,1775792220000,1775792280000,3.49e-06,3.5e-06,21.661263518434684,target,3329940587.0,8
PEPE,1775792820000,1775792880000,3.5000000000000004e-06,3.5100000000000003e-06,21.62545849095032,target,3329554810.0,8
PEPE,1775793420000,1775794260000,3.5000000000000004e-06,3.5100000000000003e-06,21.630120985156555,target,3330272669.0,8
PEPE,1775794620000,1775794680000,3.5000000000000004e-06,3.5100000000000003e-06,21.634784486085632,target,3330990683.0,8
PEPE,1775795400000,1775795460000,3.49e-06,3.5e-06,21.679959168149566,target,3332814630.0,8
PEPE,1775796060000,1775796120000,3.5000000000000004e-06,3.5100000000000003e-06,21.644123237401217,target,3332428520.0,8
PEPE,1775797020000,1775797080000,3.53e-06,3.54e-06,21.527367972344972,target,3329832633.0,8
PEPE,1775797740000,1775797800000,3.52e-06,3.53e-06,21.57243904654975,target,3331650818.0,8
PEPE,1775799420000,1775799480000,3.5500000000000003e-06,3.5600000000000002e-06,21.455759784360687,target,3329055048.0,8
PEPE,1775800620000,1775800680000,3.5500000000000003e-06,3.5600000000000002e-06,21.46034247582983,target,3329766094.0,8
PEPE,1775801220000,1775801280000,3.5500000000000003e-06,3.5600000000000002e-06,21.464926146940964,target,3330477292.0,8
PEPE,1775865900000,1775865960000,3.61e-06,3.62e-06,21.227451766509844,target,3324581326.0,8
PEPE,1775867220000,1775867340000,3.61e-06,3.62e-06,21.231934579237098,target,3325283411.0,8
PEPE,1775868420000,1775868540000,3.5900000000000004e-06,3.6000000000000003e-06,21.317031951284854,target,3328186097.0,8
PEPE,1775869380000,1775869440000,3.5900000000000004e-06,3.6000000000000003e-06,21.32155076845505,target,3328891611.0,8
PEPE,1775869920000,1775869980000,3.6000000000000003e-06,3.61e-06,21.285733314110082,target,3328496218.0,8
PEPE,1775870820000,1775870880000,3.5900000000000004e-06,3.6000000000000003e-06,21.330582727967155,target,3330301753.0,8
PEPE,1775872020000,1775872080000,3.5900000000000004e-06,3.6000000000000003e-06,21.335104420980617,target,3331007716.0,8
PEPE,1775873820000,1775873880000,3.61e-06,3.62e-06,21.25892800317061,target,3329511042.0,8
PEPE,1775875020000,1775875080000,3.62e-06,3.63e-06,21.223099416750472,target,3329113634.0,8
PEPE,1775875620000,1775875680000,3.61e-06,3.62e-06,21.26789935596538,target,3330916109.0,8
PEPE,1775876220000,1775876280000,3.6000000000000003e-06,3.61e-06,21.312752438514558,target,3332721257.0,8
PEPE,1775877660000,1775877720000,3.6000000000000003e-06,3.61e-06,21.317261808815125,target,3333426397.0,8
PEPE,1775878620000,1775878680000,3.6000000000000003e-06,3.61e-06,21.32177212557599,target,3334131685.0,8
PEPE,1775879820000,1775879880000,3.5900000000000004e-06,3.6000000000000003e-06,21.36669747418511,target,3335940277.0,8
PEPE,1775881620000,1775881680000,3.5900000000000004e-06,3.6000000000000003e-06,21.371226821174986,target,3336647435.0,8
PEPE,1775882220000,1775882280000,3.58e-06,3.59e-06,21.416215100839754,target,3338459096.0,8
PEPE,1775882820000,1775882880000,3.5900000000000004e-06,3.6000000000000003e-06,21.380296973701856,target,3338063540.0,8
PEPE,1775883480000,1775883540000,3.5900000000000004e-06,3.6000000000000003e-06,21.38482920294,target,3338771148.0,8
PEPE,1775884020000,1775884080000,3.5900000000000004e-06,3.6000000000000003e-06,21.389362386525594,target,3339478905.0,8
PEPE,1775884920000,1775884980000,3.58e-06,3.59e-06,21.43438884716124,target,3341292104.0,8
PEPE,1775885520000,1775885580000,3.6000000000000003e-06,3.61e-06,21.35796611811066,target,3339791418.0,8
PEPE,1775886720000,1775886780000,3.58e-06,3.59e-06,21.443477202184383,target,3342708839.0,8
PEPE,1775888520000,1775888580000,3.57e-06,3.58e-06,21.48857633107606,target,3344525499.0,8
PEPE,1775889720000,1775889780000,3.57e-06,3.58e-06,21.493148759424585,target,3345237161.0,8
PEPE,1775952420000,1775952480000,3.62e-06,3.63e-06,21.295179463500784,target,3340420308.0,8
PEPE,1775953920000,1775953980000,3.63e-06,3.64e-06,21.259231284490767,target,3340020626.0,8
PEPE,1775954580000,1775954640000,3.63e-06,3.64e-06,21.263703791768663,target,3340723298.0,8
PEPE,1775955120000,1775955180000,3.63e-06,3.64e-06,21.268177234704513,target,3341426117.0,8
PEPE,1775955720000,1775955780000,3.6400000000000003e-06,3.65e-06,21.23221604841057,target,3341025342.0,8
PEPE,1775956980000,1775957040000,3.6400000000000003e-06,3.65e-06,21.236674379596355,target,3341726889.0,8
PEPE,1775957520000,1775957580000,3.63e-06,3.64e-06,21.281586195619457,target,3343532788.0,8
PEPE,1775962080000,1775962140000,3.5100000000000003e-06,3.52e-06,21.77368964263649,target,3357546591.0,8
PEPE,1775962620000,1775962680000,3.5100000000000003e-06,3.52e-06,21.778375314536643,target,3358269131.0,8
PEPE,1775963220000,1775963280000,3.5000000000000004e-06,3.5100000000000003e-06,21.823890347055713,target,3360106289.0,8
PEPE,1775963820000,1775963880000,3.5000000000000004e-06,3.5100000000000003e-06,21.82859562382595,target,3360830735.0,8
PEPE,1775964720000,1775964780000,3.5100000000000003e-06,3.52e-06,21.792455955090382,target,3360440394.0,8
PEPE,1775965620000,1775965680000,3.49e-06,3.5e-06,21.87888228932095,target,3363394664.0,8
PEPE,1775967420000,1775967480000,3.49e-06,3.5e-06,21.883608256385354,target,3364121177.0,8
PEPE,1775968020000,1775968080000,3.49e-06,3.5e-06,21.888335238230248,target,3364847846.0,8
PEPE,1775968620000,1775968680000,3.49e-06,3.5e-06,21.893063241361567,target,3365574672.0,8
PEPE,1775969220000,1775969280000,3.5000000000000004e-06,3.5100000000000003e-06,21.856875061665463,target,3365184767.0,8
PEPE,1775969940000,1775970000000,3.49e-06,3.5e-06,21.902513477686668,target,3367027437.0,8
PEPE,1775970420000,1775970480000,3.49e-06,3.5e-06,21.90724455117591,target,3367754735.0,8
PEPE,1775971920000,1775971980000,3.5000000000000004e-06,3.5100000000000003e-06,21.87103292761649,target,3367364577.0,8
PEPE,1775972520000,1775972580000,3.5000000000000004e-06,3.5100000000000003e-06,21.87574836906189,target,3368090588.0,8
PEPE,1775973120000,1775973180000,3.5000000000000004e-06,3.5100000000000003e-06,21.88046482372379,target,3368816755.0,8
PEPE,1775973720000,1775973780000,3.5100000000000003e-06,3.52e-06,21.844239276710766,target,3368425486.0,8
PEPE,1775974320000,1775974380000,3.52e-06,3.53e-06,21.808015455626254,target,3368033275.0,8
PEPE,1776039120000,1776039180000,3.4700000000000002e-06,3.48e-06,22.017638950426047,target,3374350797.0,8
PEPE,1776039720000,1776039780000,3.4700000000000002e-06,3.48e-06,22.02241267957547,target,3375082403.0,8
PEPE,1776041520000,1776041580000,3.49e-06,3.5e-06,21.945094537669643,target,3373573334.0,8
PEPE,1776042180000,1776042240000,3.49e-06,3.5e-06,21.949834809231714,target,3374302046.0,8
PEPE,1776042960000,1776043020000,3.49e-06,3.5e-06,21.954576095570633,target,3375030914.0,8
PEPE,1776043320000,1776043380000,3.49e-06,3.5e-06,21.959318409700092,target,3375759940.0,8
PEPE,1776043980000,1776044040000,3.49e-06,3.5e-06,21.964061751618267,target,3376489124.0,8
PEPE,1776044520000,1776044580000,3.5000000000000004e-06,3.5100000000000003e-06,21.92775621123102,target,3376097954.0,8
PEPE,1776045720000,1776045780000,3.5000000000000004e-06,3.5100000000000003e-06,21.932483882759275,target,3376825848.0,8
PEPE,1776046620000,1776046680000,3.48e-06,3.49e-06,22.01937504445099,target,3379796630.0,8
PEPE,1776047220000,1776047280000,3.49e-06,3.5e-06,21.983036485350173,target,3379406070.0,8
PEPE,1776048420000,1776048480000,3.4700000000000002e-06,3.48e-06,22.07003754532605,target,3382381233.0,8
PEPE,1776049620000,1776050340000,3.48e-06,3.49e-06,22.033673762522024,target,3381991368.0,8
PEPE,1776052320000,1776052440000,3.48e-06,3.49e-06,22.038442058445654,target,3382723263.0,8
PEPE,1776052920000,1776052980000,3.48e-06,3.49e-06,22.04321139025566,target,3383455317.0,8
PEPE,1776054120000,1776054180000,3.48e-06,3.49e-06,22.047981751435643,target,3384187529.0,8
PEPE,1776054720000,1776054780000,3.48e-06,3.49e-06,22.052753148500184,target,3384919900.0,8
PEPE,1776055320000,1776055380000,3.48e-06,3.49e-06,22.057525574934704,target,3385652429.0,8
PEPE,1776056040000,1776056100000,3.4700000000000002e-06,3.48e-06,22.10350136670094,target,3387509788.0,8
PEPE,1776056820000,1776056880000,3.4700000000000002e-06,3.48e-06,22.10829371167616,target,3388244247.0,8
PEPE,1776058320000,1776058380000,3.4700000000000002e-06,3.48e-06,22.11308709412583,target,3388978865.0,8
PEPE,1776059940000,1776060000000,3.4700000000000002e-06,3.48e-06,22.117881514049955,target,3389713642.0,8
PEPE,1776060420000,1776060480000,3.49e-06,3.5e-06,22.040228198159983,target,3388198032.0,8
PEPE,1776061020000,1776061080000,3.49e-06,3.5e-06,22.044989012510058,target,3388929902.0,8
PEPE,1776124920000,1776124980000,3.75e-06,3.76e-06,20.98733332194519,target,3360661861.0,8
PEPE,1776125820000,1776125880000,3.7200000000000004e-06,3.7300000000000003e-06,21.11333123877633,target,3364674301.0,8
PEPE,1776127020000,1776127080000,3.7300000000000003e-06,3.74e-06,21.077101166870605,target,3364261958.0,8
PEPE,1776127620000,1776127680000,3.7300000000000003e-06,3.74e-06,21.081451319739656,target,3364956316.0,8
PEPE,1776128220000,1776128280000,3.7200000000000004e-06,3.7300000000000003e-06,21.126415222449637,target,3366759398.0,8
PEPE,1776129720000,1776129780000,3.7200000000000004e-06,3.7300000000000003e-06,21.130783946475347,target,3367455609.0,8
PEPE,1776130320000,1776130380000,3.71e-06,3.72e-06,21.175809998190594,target,3369261734.0,8
PEPE,1776131220000,1776131280000,3.74e-06,3.75e-06,21.058283134980563,target,3366631996.0,8
PEPE,1776131820000,1776131880000,3.7200000000000004e-06,3.7300000000000003e-06,21.143887156751376,target,3369543770.0,8
PEPE,1776132480000,1776132540000,3.71e-06,3.72e-06,21.18894112927652,target,3371351015.0,8
PEPE,1776133620000,1776133680000,3.71e-06,3.72e-06,21.193331214346394,target,3372049517.0,8
PEPE,1776134340000,1776134400000,3.7e-06,3.71e-06,21.238447529129672,target,3373859814.0,8
PEPE,1776135960000,1776136020000,3.6900000000000002e-06,3.7e-06,21.283616966169728,target,3375672794.0,8
PEPE,1776136320000,1776136380000,3.6900000000000002e-06,3.7e-06,21.288043618400007,target,3376374880.0,8
PEPE,1776137520000,1776137580000,3.71e-06,3.72e-06,21.210942871649724,target,3374851690.0,8
PEPE,1776139620000,1776139680000,3.6900000000000002e-06,3.7e-06,21.29688272400103,target,3377776800.0,8
PEPE,1776140880000,1776140940000,3.71e-06,3.72e-06,21.21974996044485,target,3376252977.0,8
PEPE,1776141420000,1776141480000,3.71e-06,3.72e-06,21.22414643107559,target,3376952495.0,8
PEPE,1776142020000,1776142080000,3.7e-06,3.71e-06,21.269328350375158,target,3378765425.0,8
PEPE,1776147120000,1776147180000,3.65e-06,3.66e-06,21.478112599816818,target,3385045327.0,8
PEPE,1776148200000,1776148260000,3.6400000000000003e-06,3.65e-06,21.52357736211489,target,3386872913.0,8
PEPE,1776148620000,1776148680000,3.6400000000000003e-06,3.65e-06,21.528096866529086,target,3387584086.0,8
PEPE,1776149820000,1776149880000,3.6400000000000003e-06,3.65e-06,21.5326173241968,target,3388295409.0,8
PEPE,1776150420000,1776150480000,3.65e-06,3.66e-06,21.496149537659118,target,3387888028.0,8
PEPE,1776211320000,1776211380000,3.57e-06,3.58e-06,21.829396945326586,target,3397571509.0,8
PEPE,1776213120000,1776213180000,3.5900000000000004e-06,3.6000000000000003e-06,21.75167569323086,target,3396046166.0,8
PEPE,1776214320000,1776214380000,3.5900000000000004e-06,3.6000000000000003e-06,21.75628664632508,target,3396766065.0,8
PEPE,1776215520000,1776215580000,3.5900000000000004e-06,3.6000000000000003e-06,21.760898579384946,target,3397486117.0,8
PEPE,1776216180000,1776216240000,3.5900000000000004e-06,3.6000000000000003e-06,21.765511486005455,target,3398206321.0,8
PEPE,1776216720000,1776216780000,3.6000000000000003e-06,3.61e-06,21.72894822813131,target,3397802694.0,8
PEPE,1776217320000,1776217380000,3.61e-06,3.62e-06,21.69238702812755,target,3397398125.0,8
PEPE,1776217920000,1776217980000,3.61e-06,3.62e-06,21.696968029379743,target,3398115588.0,8
PEPE,1776218520000,1776218580000,3.61e-06,3.62e-06,21.701549988385544,target,3398833201.0,8
PEPE,1776219120000,1776219180000,3.61e-06,3.62e-06,21.706132924295407,target,3399550967.0,8
PEPE,1776219720000,1776219780000,3.6000000000000003e-06,3.61e-06,21.751910223846412,target,3401393311.0,8
PEPE,1776221820000,1776221880000,3.58e-06,3.59e-06,21.83899854975948,target,3404364544.0,8
PEPE,1776222420000,1776222480000,3.5900000000000004e-06,3.6000000000000003e-06,21.80237135149633,target,3403961179.0,8
PEPE,1776223860000,1776223920000,3.5900000000000004e-06,3.6000000000000003e-06,21.80699305218037,target,3404682756.0,8
PEPE,1776224220000,1776224280000,3.58e-06,3.59e-06,21.852898655154558,target,3406531357.0,8
PEPE,1776224820000,1776224880000,3.58e-06,3.59e-06,21.85753983067319,target,3407254845.0,8
PEPE,1776225660000,1776225720000,3.58e-06,3.59e-06,21.862182000519184,target,3407978488.0,8
PEPE,1776226020000,1776226080000,3.5900000000000004e-06,3.6000000000000003e-06,21.825515915070355,target,3407574694.0,8
PEPE,1776226620000,1776226680000,3.5900000000000004e-06,3.6000000000000003e-06,21.830142521984,target,3408297037.0,8
PEPE,1776227220000,1776227280000,3.5900000000000004e-06,3.6000000000000003e-06,21.83477010886511,target,3409019533.0,8
PEPE,1776228420000,1776228480000,3.5900000000000004e-06,3.6000000000000003e-06,21.839398682115053,target,3409742183.0,8
PEPE,1776229020000,1776229080000,3.5900000000000004e-06,3.6000000000000003e-06,21.844028228925644,target,3410464985.0,8
PEPE,1776229620000,1776229680000,3.5900000000000004e-06,3.6000000000000003e-06,21.848658762105064,target,3411187941.0,8
PEPE,1776230220000,1776230280000,3.5900000000000004e-06,3.6000000000000003e-06,21.85329027525013,target,3411911050.0,8
PEPE,1776297840000,1776297900000,3.71e-06,3.72e-06,21.36360240429098,target,3399141194.0,8
PEPE,1776298320000,1776298380000,3.7e-06,3.71e-06,21.409081196619344,target,3400966036.0,8
PEPE,1776299040000,1776299100000,3.7e-06,3.71e-06,21.4135254162604,target,3401672028.0,8
PEPE,1776300360000,1776300420000,3.7300000000000003e-06,3.74e-06,21.294843002336357,target,3399017239.0,8
PEPE,1776300900000,1776300960000,3.7300000000000003e-06,3.74e-06,21.299238094051457,target,3399718770.0,8
PEPE,1776301320000,1776301500000,3.74e-06,3.75e-06,21.262628693251095,target,3399301150.0,8
PEPE,1776301920000,1776301980000,3.7200000000000004e-06,3.7300000000000003e-06,21.34906339822517,target,3402241179.0,8
PEPE,1776302580000,1776302640000,3.7300000000000003e-06,3.74e-06,21.312428813481155,target,3401824232.0,8
PEPE,1776303420000,1776303540000,3.74e-06,3.75e-06,21.27579673801446,target,3401406353.0,8
PEPE,1776304020000,1776304080000,3.75e-06,3.76e-06,21.239167212281234,target,3400987544.0,8
PEPE,1776305220000,1776305280000,3.7800000000000002e-06,3.79e-06,21.120633746684398,target,3398332059.0,8
PEPE,1776306060000,1776306120000,3.8e-06,3.81e-06,21.04313538558068,target,3396793444.0,8
PEPE,1776307020000,1776307080000,3.920000000000001e-06,3.880000000000001e-06,-155.12916911951802,stop,3384144178.0,8
PEPE,1776307620000,1776307680000,3.91e-06,3.87e-06,-154.89635903332228,stop,3380171501.0,8
PEPE,1776308220000,1776308280000,3.85e-06,3.86e-06,20.780794911625225,target,3381740425.0,8
PEPE,1776309420000,1776309480000,3.91e-06,3.87e-06,-154.69508509357388,stop,3375779271.0,8
PEPE,1776310020000,1776310080000,3.89e-06,3.9e-06,20.591683938209837,target,3372921202.0,8
PEPE,1776310920000,1776311160000,3.9e-06,3.91e-06,20.555334869677857,target,3372491365.0,8
PEPE,1776311520000,1776311580000,3.920000000000001e-06,3.9300000000000005e-06,20.478564959627118,target,3370957195.0,8
PEPE,1776312120000,1776312180000,3.97e-06,3.98e-06,20.280874476124744,target,3366120245.0,8
PEPE,1776312780000,1776312840000,3.98e-06,3.99e-06,20.244586829940353,target,3365683596.0,8
PEPE,1776313380000,1776313440000,3.98e-06,3.99e-06,20.248565668229777,target,3366345082.0,8
PEPE,1776313920000,1776313980000,3.98e-06,3.99e-06,20.25254529448569,target,3367006699.0,8
PEPE,1776314520000,1776314580000,4.0100000000000006e-06,4.0200000000000005e-06,20.13576758707643,target,3364372195.0,8
PEPE,1776385320000,1776385380000,3.97e-06,3.98e-06,20.300796325398256,target,3369426776.0,8
PEPE,1776386220000,1776386280000,3.98e-06,3.99e-06,20.264473033469564,target,3368989698.0,8
PEPE,1776387480000,1776387540000,3.96e-06,3.97e-06,20.349140223734985,target,3371854221.0,8
PEPE,1776388020000,1776388080000,4e-06,4.01e-06,20.191860162045327,target,3368116791.0,8
PEPE,1776388740000,1776388800000,4e-06,4.01e-06,20.195812863379317,target,3368776124.0,8
PEPE,1776391020000,1776391080000,3.95e-06,3.96e-06,20.40153042895748,target,3374942999.0,8
PEPE,1776393720000,1776393780000,3.94e-06,3.95e-06,20.446004057151434,target,3376714130.0,8
PEPE,1776394320000,1776394380000,3.9300000000000005e-06,3.94e-06,20.49052895581124,target,3378487874.0,8
PEPE,1776397320000,1776397380000,3.920000000000001e-06,3.9300000000000005e-06,20.535105239774325,target,3380264237.0,8
PEPE,1776397920000,1776397980000,3.9300000000000005e-06,3.94e-06,20.498672394919122,target,3379830568.0,8
PEPE,1776399300000,1776399360000,3.91e-06,3.92e-06,20.583818012410852,target,3382714546.0,8
PEPE,1776408420000,1776408480000,3.86e-06,3.87e-06,20.791117427461373,target,3388935196.0,8
PEPE,1776409080000,1776409140000,3.86e-06,3.87e-06,20.795301601756243,target,3389617213.0,8
PEPE,1776409620000,1776409680000,3.88e-06,3.89e-06,20.71809499485661,target,3388077677.0,8
PEPE,1776410220000,1776411120000,3.89e-06,3.9e-06,20.6815841840855,target,3387646877.0,8
PEPE,1776411420000,1776411480000,3.88e-06,3.89e-06,20.72639399768049,target,3389434832.0,8
PEPE,1776412620000,1776412680000,3.86e-06,3.87e-06,20.811989372309974,target,3392337306.0,8
PEPE,1776413220000,1776413400000,3.89e-06,3.9e-06,20.69403235844993,target,3389685890.0,8
PEPE,1776414420000,1776414480000,3.88e-06,3.89e-06,20.738869148031498,target,3391474922.0,8
PEPE,1776415020000,1776415080000,3.91e-06,3.92e-06,20.620992177988207,target,3388823694.0,8
PEPE,1776415620000,1776415680000,3.9e-06,3.91e-06,20.665761117505966,target,3390608879.0,8
PEPE,1776416280000,1776416340000,3.9e-06,3.91e-06,20.66988753002514,target,3391285895.0,8
PEPE,1776417120000,1776417180000,3.9e-06,3.91e-06,20.674014771466435,target,3391963047.0,8
PEPE,1776419520000,1776419580000,3.920000000000001e-06,3.9300000000000005e-06,20.59680162149953,target,3390420020.0,8
PEPE,1776472020000,1776472080000,3.95e-06,3.96e-06,20.479061471115394,target,3387768647.0,8
PEPE,1776472620000,1776472740000,3.95e-06,3.96e-06,20.483110436293234,target,3388438451.0,8
PEPE,1776474720000,1776474780000,3.97e-06,3.98e-06,20.40603639820064,target,3386894008.0,8
PEPE,1776475320000,1776475380000,3.96e-06,3.97e-06,20.45061157915413,target,3388668033.0,8
PEPE,1776477420000,1776477480000,3.94e-06,3.95e-06,20.535855770396356,target,3391553389.0,8
PEPE,1776478620000,1776478680000,3.94e-06,3.95e-06,20.539924009851216,target,3392225270.0,8
PEPE,1776479820000,1776479880000,3.94e-06,3.95e-06,20.54399306067623,target,3392897285.0,8
PEPE,1776480540000,1776480600000,3.94e-06,3.95e-06,20.548062910760642,target,3393569432.0,8
PEPE,1776481020000,1776481080000,3.94e-06,3.95e-06,20.552133566161643,target,3394241712.0,8
PEPE,1776482220000,1776482280000,3.9300000000000005e-06,3.94e-06,20.59688958716079,target,3396024664.0,8
PEPE,1776482820000,1776483480000,3.9300000000000005e-06,3.94e-06,20.600977991529188,target,3396698762.0,8
PEPE,1776484020000,1776484080000,3.9300000000000005e-06,3.94e-06,20.605067214674786,target,3397372995.0,8
PEPE,1776484920000,1776484980000,3.91e-06,3.92e-06,20.690654767072708,target,3400271942.0,8
PEPE,1776486420000,1776486480000,3.920000000000001e-06,3.9300000000000005e-06,20.654007806700466,target,3399836676.0,8
PEPE,1776487320000,1776487380000,3.920000000000001e-06,3.9300000000000005e-06,20.658115654874578,target,3400512865.0,8
PEPE,1776489120000,1776489180000,3.94e-06,3.95e-06,20.5807314704251,target,3398964735.0,8
PEPE,1776489720000,1776489780000,3.94e-06,3.95e-06,20.584808598619382,target,3399638084.0,8
PEPE,1776490320000,1776490440000,3.94e-06,3.95e-06,20.58888653818564,target,3400311567.0,8
PEPE,1776491220000,1776491280000,3.95e-06,3.96e-06,20.55223462441424,target,3399873387.0,8
PEPE,1776491820000,1776491880000,3.96e-06,3.97e-06,20.51558596429029,target,3399434294.0,8
PEPE,1776492420000,1776492480000,3.95e-06,3.96e-06,20.560354238189802,target,3401216582.0,8
PEPE,1776493020000,1776494100000,3.95e-06,3.96e-06,20.564419277026854,target,3401889045.0,8
PEPE,1776494520000,1776494580000,3.95e-06,3.96e-06,20.568485119844286,target,3402561641.0,8
PEPE,1776495120000,1776495180000,3.94e-06,3.95e-06,20.613322689576126,target,3404347265.0,8
PEPE,1776558780000,1776558840000,3.76e-06,3.77e-06,21.35601596135483,target,3425182993.0,8
PEPE,1776559320000,1776559380000,3.76e-06,3.77e-06,21.360398243574192,target,3425885845.0,8
PEPE,1776559920000,1776559980000,3.7700000000000003e-06,3.7800000000000002e-06,21.32350122390189,target,3425462044.0,8
PEPE,1776560580000,1776560640000,3.7800000000000002e-06,3.79e-06,21.286606869219366,target,3425037308.0,8
PEPE,1776561720000,1776561780000,3.7800000000000002e-06,3.79e-06,21.290958034225135,target,3425737415.0,8
PEPE,1776562320000,1776562380000,3.7700000000000003e-06,3.7800000000000002e-06,21.336588464700327,target,3427564412.0,8
PEPE,1776563820000,1776563880000,3.7700000000000003e-06,3.7800000000000002e-06,21.340958302649618,target,3428266394.0,8
PEPE,1776565320000,1776565380000,3.76e-06,3.77e-06,21.386651484215022,target,3430096469.0,8
PEPE,1776566520000,1776566580000,3.75e-06,3.76e-06,21.43239818498483,target,3431929253.0,8
PEPE,1776567120000,1776567180000,3.76e-06,3.77e-06,21.395438008324817,target,3431505695.0,8
PEPE,1776567840000,1776567900000,3.75e-06,3.76e-06,21.441203503841642,target,3433339232.0,8
PEPE,1776568320000,1776568380000,3.75e-06,3.76e-06,21.44561176815401,target,3434045119.0,8
PEPE,1776568920000,1776568980000,3.76e-06,3.77e-06,21.40862880550124,target,3433621300.0,8
PEPE,1776570120000,1776570180000,3.76e-06,3.77e-06,21.413021880504413,target,3434325883.0,8
PEPE,1776570720000,1776570780000,3.7700000000000003e-06,3.7800000000000002e-06,21.376033961550867,target,3433901038.0,8
PEPE,1776571320000,1776571380000,3.76e-06,3.77e-06,21.421802250670915,target,3435734122.0,8
PEPE,1776571920000,1776571980000,3.76e-06,3.77e-06,21.426198031665002,target,3436439139.0,8
PEPE,1776572520000,1776572580000,3.7700000000000003e-06,3.7800000000000002e-06,21.38918734920147,target,3436014032.0,8
PEPE,1776573120000,1776573180000,3.76e-06,3.77e-06,21.434983801340667,target,3437848244.0,8
PEPE,1776574980000,1776575040000,3.75e-06,3.76e-06,21.480833886650203,target,3439685170.0,8
PEPE,1776575520000,1776575580000,3.76e-06,3.77e-06,21.443790177689223,target,3439260654.0,8
PEPE,1776577620000,1776577680000,3.76e-06,3.77e-06,21.448190466589992,target,3439966394.0,8
PEPE,1776578220000,1776578280000,3.75e-06,3.76e-06,21.494068802741587,target,3441804452.0,8
PEPE,1776579720000,1776579780000,3.76e-06,3.77e-06,21.457002273625726,target,3441379675.0,8
PEPE,1776643380000,1776643440000,3.6400000000000003e-06,3.65e-06,21.9611443096893,target,3455726878.0,8
PEPE,1776643920000,1776643980000,3.66e-06,3.67e-06,21.882173424369178,target,3454171022.0,8
PEPE,1776645240000,1776645300000,3.6900000000000002e-06,3.7e-06,21.76155784451994,target,3451476264.0,8
PEPE,1776645960000,1776646020000,3.6800000000000003e-06,3.6900000000000002e-06,21.807796013130677,target,3453332702.0,8
PEPE,1776646920000,1776646980000,3.6900000000000002e-06,3.7e-06,21.770619573366933,target,3452913493.0,8
PEPE,1776648120000,1776648660000,3.6900000000000002e-06,3.7e-06,21.775147509115822,target,3453631643.0,8
PEPE,1776649020000,1776649080000,3.7e-06,3.71e-06,21.73796574411727,target,3453211397.0,8
PEPE,1776649620000,1776649680000,3.71e-06,3.72e-06,21.7007864132867,target,3452790201.0,8
PEPE,1776650220000,1776651120000,3.71e-06,3.67e-06,-157.22084134739936,stop,3453505576.0,8
PEPE,1776652680000,1776652740000,3.6800000000000003e-06,3.6900000000000002e-06,21.79770435895736,target,3451734657.0,8
PEPE,1776653220000,1776653280000,3.6900000000000002e-06,3.7e-06,21.76054511650488,target,3451315641.0,8
PEPE,1776653820000,1776653880000,3.7e-06,3.71e-06,21.723388280421887,target,3450895676.0,8
PEPE,1776655080000,1776655260000,3.6900000000000002e-06,3.7e-06,21.769589077859784,target,3452750052.0,8
PEPE,1776655920000,1776655980000,3.6900000000000002e-06,3.7e-06,21.774116799239284,target,3453468168.0,8
PEPE,1776656760000,1776656820000,3.6900000000000002e-06,3.7e-06,21.778645466369724,target,3454186434.0,8
PEPE,1776657120000,1776657180000,3.6900000000000002e-06,3.7e-06,21.783175072943397,target,3454904849.0,8
PEPE,1776657720000,1776657780000,3.7e-06,3.71e-06,21.74597960016162,target,3454484448.0,8
PEPE,1776658920000,1776659040000,3.7e-06,3.71e-06,21.750493750953844,target,3455201549.0,8
PEPE,1776659520000,1776659580000,3.71e-06,3.72e-06,21.713292997633538,target,3454780111.0,8
PEPE,1776660120000,1776660180000,3.71e-06,3.72e-06,21.717791725213317,target,3455495899.0,8
PEPE,1776660960000,1776661020000,3.7200000000000004e-06,3.7300000000000003e-06,21.68058574187519,target,3455073425.0,8
PEPE,1776661320000,1776661620000,3.7300000000000003e-06,3.6900000000000002e-06,-157.376580886666,stop,3454650003.0,8
PEPE,1776664020000,1776664080000,3.6900000000000002e-06,3.7e-06,21.77756257631463,target,3454014683.0,8
PEPE,1776665220000,1776665280000,3.7e-06,3.71e-06,21.74037668504945,target,3453594390.0,8
PEPE,1776729720000,1776729780000,3.75e-06,3.76e-06,21.53668187873491,target,3448628003.0,8
PEPE,1776731520000,1776731580000,3.75e-06,3.76e-06,21.541109777330725,target,3449337034.0,8
PEPE,1776732120000,1776732180000,3.75e-06,3.76e-06,21.545538587695606,target,3450046211.0,8
PEPE,1776732720000,1776732780000,3.75e-06,3.76e-06,21.549968309831378,target,3450755534.0,8
PEPE,1776733320000,1776733380000,3.76e-06,3.77e-06,21.51280538021954,target,3450329652.0,8
PEPE,1776733920000,1776733980000,3.76e-06,3.77e-06,21.517219835040542,target,3451037664.0,8
PEPE,1776735180000,1776735240000,3.76e-06,3.77e-06,21.521635193936685,target,3451745821.0,8
PEPE,1776735720000,1776735780000,3.76e-06,3.77e-06,21.52605145690433,target,3452454123.0,8
PEPE,1776736440000,1776736500000,3.75e-06,3.76e-06,21.572096343229227,target,3454298854.0,8
PEPE,1776738720000,1776738780000,3.75e-06,3.76e-06,21.576531517249954,target,3455009050.0,8
PEPE,1776739500000,1776739560000,3.74e-06,3.75e-06,21.62263985320477,target,3456856891.0,8
PEPE,1776739920000,1776739980000,3.74e-06,3.75e-06,21.627094013684996,target,3457568987.0,8
PEPE,1776740520000,1776740580000,3.74e-06,3.75e-06,21.63154908739552,target,3458281229.0,8
PEPE,1776741720000,1776741780000,3.7300000000000003e-06,3.74e-06,21.677730538521306,target,3460132568.0,8
PEPE,1776742320000,1776742380000,3.74e-06,3.75e-06,21.640470581385657,target,3459707527.0,8
PEPE,1776742920000,1776742980000,3.7300000000000003e-06,3.74e-06,21.686671075684885,target,3461559629.0,8
PEPE,1776743520000,1776743580000,3.74e-06,3.75e-06,21.649395753316885,target,3461134413.0,8
PEPE,1776746220000,1776746280000,3.74e-06,3.75e-06,21.653855418195164,target,3461847389.0,8
PEPE,1776747420000,1776747480000,3.76e-06,3.77e-06,21.574861462320932,target,3460282512.0,8
PEPE,1776748620000,1776748680000,3.7800000000000002e-06,3.79e-06,21.49592673921073,target,3458717094.0,8
PEPE,1776749220000,1776749280000,3.7800000000000002e-06,3.79e-06,21.500320694488863,target,3459424086.0,8
PEPE,1776749820000,1776749880000,3.7800000000000002e-06,3.79e-06,21.504715544728803,target,3460131222.0,8
PEPE,1776751200000,1776751260000,3.7700000000000003e-06,3.7800000000000002e-06,21.55080409222539,target,3461976561.0,8
PEPE,1776751620000,1776751680000,3.7700000000000003e-06,3.7800000000000002e-06,21.55521779774972,target,3462685590.0,8
PEPE,1776817320000,1776817380000,3.82e-06,3.83e-06,21.351356860275942,target,3457709613.0,8
PEPE,1776817980000,1776818040000,3.81e-06,3.82e-06,21.39729630239001,target,3459546694.0,8
PEPE,1776818580000,1776818640000,3.81e-06,3.82e-06,21.401644691381875,target,3460249748.0,8
PEPE,1776819120000,1776819180000,3.81e-06,3.82e-06,21.405993964826905,target,3460952945.0,8
PEPE,1776820320000,1776820380000,3.8e-06,3.81e-06,21.452005676744246,target,3462793491.0,8
PEPE,1776821520000,1776821580000,3.79e-06,3.8e-06,21.49807109580059,target,3464636760.0,8
PEPE,1776822720000,1776822780000,3.79e-06,3.8e-06,21.502456969744472,target,3465343589.0,8
PEPE,1776823440000,1776823500000,3.7800000000000002e-06,3.79e-06,21.548585613830745,target,3467189962.0,8
PEPE,1776825120000,1776825180000,3.86e-06,3.87e-06,21.21975368719584,target,3458802557.0,8
PEPE,1776826320000,1776826380000,3.9e-06,3.91e-06,21.058027095348848,target,3454967530.0,8
PEPE,1776827100000,1776827160000,3.9e-06,3.91e-06,21.062231834715288,target,3455657397.0,8
PEPE,1776827520000,1776827580000,3.91e-06,3.92e-06,21.024989536464386,target,3455216029.0,8
PEPE,1776828120000,1776828180000,3.920000000000001e-06,3.880000000000001e-06,-158.36682778319965,stop,3454773730.0,8
PEPE,1776832920000,1776832980000,3.88e-06,3.89e-06,21.121883041359034,target,3454110064.0,8
PEPE,1776833520000,1776833580000,3.86e-06,3.87e-06,21.209111701470377,target,3457067922.0,8
PEPE,1776834120000,1776834180000,3.87e-06,3.88e-06,21.171860765124123,target,3456630329.0,8
PEPE,1776834720000,1776835020000,3.88e-06,3.89e-06,21.134612863116004,target,3456191801.0,8
PEPE,1776835320000,1776835380000,3.9e-06,3.91e-06,21.055913721146332,target,3454620791.0,8
PEPE,1776835920000,1776835980000,3.920000000000001e-06,3.9300000000000005e-06,20.97727425450058,target,3453049260.0,8
PEPE,1776836520000,1776836580000,3.91e-06,3.92e-06,21.02286296892132,target,3454866552.0,8
PEPE,1776837120000,1776837180000,3.9e-06,3.91e-06,21.068504382067097,target,3456686527.0,8
PEPE,1776841080000,1776841140000,3.88e-06,3.89e-06,21.15571317815913,target,3459642384.0,8
PEPE,1776841680000,1776841740000,3.88e-06,3.89e-06,21.159954065191293,target,3460335906.0,8
PEPE,1776842220000,1776842280000,3.88e-06,3.89e-06,21.164195802206006,target,3461029567.0,8
PEPE,1776902820000,1776902880000,3.8e-06,3.81e-06,21.50173730302559,target,3470821195.0,8
PEPE,1776904320000,1776904380000,3.7800000000000002e-06,3.79e-06,21.589731082864333,target,3473810311.0,8
PEPE,1776905520000,1776905580000,3.79e-06,3.8e-06,21.552314088899507,target,3473378580.0,8
PEPE,1776906720000,1776906780000,3.79e-06,3.8e-06,21.556711032566277,target,3474087193.0,8
PEPE,1776907920000,1776907980000,3.7800000000000002e-06,3.79e-06,21.602956062160025,target,3475938224.0,8
PEPE,1776909120000,1776909180000,3.8e-06,3.81e-06,21.523687904040287,target,3474364472.0,8
PEPE,1776909720000,1776909780000,3.79e-06,3.8e-06,21.569907249500805,target,3476213900.0,8
PEPE,1776910500000,1776910560000,3.7800000000000002e-06,3.79e-06,21.6161805877594,target,3478066064.0,8
PEPE,1776914820000,1776914880000,3.75e-06,3.76e-06,21.746408594278876,target,3482211144.0,8
PEPE,1776915420000,1776915480000,3.74e-06,3.75e-06,21.7928799489151,target,3484073533.0,8
PEPE,1776916920000,1776916980000,3.74e-06,3.75e-06,21.797369174923276,target,3484791235.0,8
PEPE,1776917520000,1776917580000,3.75e-06,3.76e-06,21.759841676710135,target,3484362158.0,8
PEPE,1776918120000,1776918180000,3.76e-06,3.77e-06,21.722316818080287,target,3483932128.0,8
PEPE,1776919320000,1776919380000,3.76e-06,3.77e-06,21.726774269459305,target,3484647036.0,8
PEPE,1776920520000,1776920580000,3.76e-06,3.77e-06,21.73123262491346,target,3485362089.0,8
PEPE,1776921120000,1776921180000,3.7700000000000003e-06,3.7800000000000002e-06,21.693695045473806,target,3484930931.0,8
PEPE,1776921720000,1776921780000,3.7700000000000003e-06,3.7800000000000002e-06,21.698138020949234,target,3485644662.0,8
PEPE,1776922920000,1776922980000,3.76e-06,3.77e-06,21.74459596324442,target,3487505367.0,8
PEPE,1776925320000,1776925380000,3.81e-06,3.82e-06,21.539220578069575,target,3482493222.0,8
PEPE,1776925920000,1776925980000,3.82e-06,3.83e-06,21.501704488226196,target,3482057407.0,8
PEPE,1776926640000,1776926700000,3.8e-06,3.81e-06,21.58989676829944,target,3485051940.0,8
PEPE,1776928020000,1776928080000,3.81e-06,3.82e-06,21.55235494511001,target,3484616806.0,8
PEPE,1776928620000,1776928680000,3.8e-06,3.81e-06,21.59868125971514,target,3486469937.0,8
PEPE,1776930720000,1776930780000,3.8e-06,3.81e-06,21.603079114994607,target,3487179841.0,8
PEPE,1776988920000,1776988980000,3.82e-06,3.83e-06,20.282624749726445,target,3284635587.0,9
PEPE,1776989520000,1776989580000,3.830000000000001e-06,3.8400000000000005e-06,20.247238426185405,target,3284223589.0,9
PEPE,1776990180000,1776990240000,3.830000000000001e-06,3.8400000000000005e-06,20.25133710313432,target,3284888419.0,9
PEPE,1776990720000,1776990780000,3.8400000000000005e-06,3.85e-06,20.21594636397574,target,3284475445.0,9
PEPE,1776991980000,1776992040000,3.85e-06,3.86e-06,20.180558421390483,target,3284061582.0,9
PEPE,1776992760000,1776992820000,3.85e-06,3.86e-06,20.184627671116765,target,3284723787.0,9
PEPE,1776994320000,1776994680000,3.8400000000000005e-06,3.85e-06,20.228185975396052,target,3286464009.0,9
PEPE,1776996480000,1776996540000,3.85e-06,3.86e-06,20.19277660477577,target,3286049895.0,9
PEPE,1776997020000,1776997080000,3.85e-06,3.86e-06,20.196848324788725,target,3286712502.0,9
PEPE,1776997620000,1776997680000,3.85e-06,3.86e-06,20.20092086208957,target,3287375242.0,9
PEPE,1777000020000,1777000080000,3.830000000000001e-06,3.8400000000000005e-06,20.284060368283733,target,3290196329.0,9
PEPE,1777003620000,1777003680000,3.81e-06,3.82e-06,20.367352536988726,target,3293023854.0,9
PEPE,1777004880000,1777004940000,3.81e-06,3.82e-06,20.371491619396984,target,3293693067.0,9
PEPE,1777005600000,1777005660000,3.8e-06,3.81e-06,20.415279687286205,target,3295444663.0,9
PEPE,1777006620000,1777006680000,3.82e-06,3.83e-06,20.34015017905172,target,3293951446.0,9
PEPE,1777007820000,1777007880000,3.8e-06,3.81e-06,20.423578180949065,target,3296784210.0,9
PEPE,1777008720000,1777008780000,3.81e-06,3.82e-06,20.38806442585481,target,3296372583.0,9
PEPE,1777009920000,1777009980000,3.82e-06,3.83e-06,20.352553364326447,target,3295960059.0,9
PEPE,1777011960000,1777012020000,3.8400000000000005e-06,3.85e-06,20.277434690874067,target,3294465425.0,9
PEPE,1777012320000,1777012380000,3.830000000000001e-06,3.8400000000000005e-06,20.32114982822965,target,3296212462.0,9
PEPE,1777012920000,1777012980000,3.8400000000000005e-06,3.85e-06,20.285637090074715,target,3295798065.0,9
PEPE,1777013520000,1777013580000,3.8400000000000005e-06,3.85e-06,20.289735532233458,target,3296463937.0,9
PEPE,1777014120000,1777014180000,3.830000000000001e-06,3.8400000000000005e-06,20.33347718960986,target,3298212034.0,9
PEPE,1777014780000,1777014840000,3.8400000000000005e-06,3.85e-06,20.297942910828993,target,3297797386.0,9
PEPE,1777075920000,1777075980000,3.85e-06,3.86e-06,20.262411431379608,target,3297381844.0,9
PEPE,1777076820000,1777076880000,3.85e-06,3.86e-06,20.266497186575855,target,3298046735.0,9
PEPE,1777077420000,1777077480000,3.85e-06,3.86e-06,20.270583771344427,target,3298711761.0,9
PEPE,1777079400000,1777079460000,3.87e-06,3.88e-06,20.195436387000814,target,3297214104.0,9
PEPE,1777081620000,1777081740000,3.88e-06,3.89e-06,20.159906323116022,target,3296795801.0,9
PEPE,1777083720000,1777083780000,3.87e-06,3.88e-06,20.203541930249038,target,3298537458.0,9
PEPE,1777084320000,1777084380000,3.88e-06,3.89e-06,20.167997605506674,target,3298118987.0,9
PEPE,1777084980000,1777085040000,3.87e-06,3.88e-06,20.211650719749294,target,3299861342.0,9
PEPE,1777086960000,1777087020000,3.87e-06,3.88e-06,20.21571032075018,target,3300524134.0,9
PEPE,1777087920000,1777087980000,3.87e-06,3.88e-06,20.219770730250694,target,3301187058.0,9
PEPE,1777088520000,1777088640000,3.88e-06,3.89e-06,20.18419785486676,target,3300768251.0,9
PEPE,1777089720000,1777089780000,3.88e-06,3.89e-06,20.188243991374485,target,3301429925.0,9
PEPE,1777090320000,1777090380000,3.89e-06,3.9e-06,20.152666916909258,target,3301010142.0,9
PEPE,1777091520000,1777091580000,3.88e-06,3.89e-06,20.196330754780497,target,3302752372.0,9
PEPE,1777092420000,1777092480000,3.87e-06,3.88e-06,20.240045196875478,target,3304497175.0,9
PEPE,1777093020000,1777093080000,3.87e-06,3.88e-06,20.24411049412704,target,3305160897.0,9
PEPE,1777094520000,1777094580000,3.86e-06,3.87e-06,20.287884445049567,target,3306908630.0,9
PEPE,1777095120000,1777095180000,3.86e-06,3.87e-06,20.29196734276405,target,3307574139.0,9
PEPE,1777096320000,1777096380000,3.88e-06,3.89e-06,20.216629460590056,target,3306071866.0,9
PEPE,1777096920000,1777096980000,3.88e-06,3.89e-06,20.220682097346575,target,3306734603.0,9
PEPE,1777098120000,1777098180000,3.87e-06,3.88e-06,20.264449248749273,target,3308481510.0,9
PEPE,1777098720000,1777098780000,3.87e-06,3.88e-06,20.268519452126707,target,3309146033.0,9
PEPE,1777100160000,1777100220000,3.86e-06,3.87e-06,20.31234618085563,target,3310895873.0,9
PEPE,1777101120000,1777101240000,3.86e-06,3.87e-06,20.316433998839983,target,3311562184.0,9
PEPE,1777162920000,1777162980000,3.8400000000000005e-06,3.85e-06,20.400144359240006,target,3314402008.0,9
PEPE,1777163520000,1777163580000,3.830000000000001e-06,3.8400000000000005e-06,20.444124044970067,target,3316159618.0,9
PEPE,1777164120000,1777164180000,3.830000000000001e-06,3.8400000000000005e-06,20.448262578643252,target,3316830913.0,9
PEPE,1777164960000,1777165200000,3.830000000000001e-06,3.8400000000000005e-06,20.452401944595724,target,3317502343.0,9
PEPE,1777166820000,1777166880000,3.82e-06,3.83e-06,20.496450655198856,target,3319263264.0,9
PEPE,1777167420000,1777167480000,3.830000000000001e-06,3.8400000000000005e-06,20.460691274131356,target,3318846922.0,9
PEPE,1777168020000,1777168080000,3.82e-06,3.83e-06,20.504757839475396,target,3320608557.0,9
PEPE,1777168620000,1777168980000,3.82e-06,3.83e-06,20.50891673902569,target,3321282063.0,9
PEPE,1777170420000,1777170480000,3.8400000000000005e-06,3.85e-06,20.43322094762962,target,3319775946.0,9
PEPE,1777171020000,1777171080000,3.830000000000001e-06,3.8400000000000005e-06,20.477271936826227,target,3321536405.0,9
PEPE,1777171620000,1777171680000,3.82e-06,3.83e-06,20.52137420872421,target,3323299467.0,9
PEPE,1777173120000,1777173180000,3.830000000000001e-06,3.8400000000000005e-06,20.485571346136666,target,3322882619.0,9
PEPE,1777173720000,1777173780000,3.85e-06,3.86e-06,20.40985047495596,target,3321375179.0,9
PEPE,1777174320000,1777174380000,3.830000000000001e-06,3.8400000000000005e-06,20.493849862261055,target,3324225444.0,9
PEPE,1777174920000,1777174980000,3.82e-06,3.83e-06,20.537987836275633,target,3325989933.0,9
PEPE,1777177320000,1777177380000,3.830000000000001e-06,3.8400000000000005e-06,20.50215599142076,target,3325572748.0,9
PEPE,1777179120000,1777179180000,3.85e-06,3.86e-06,20.426373820760904,target,3324064088.0,9
PEPE,1777181580000,1777181640000,3.87e-06,3.88e-06,20.350648885001164,target,3322554920.0,9
PEPE,1777182720000,1777182780000,3.86e-06,3.87e-06,20.394653205884286,target,3324311851.0,9
PEPE,1777183920000,1777183980000,3.88e-06,3.89e-06,20.318934083239952,target,3322801976.0,9
PEPE,1777184520000,1777184580000,3.88e-06,3.89e-06,20.323007229705645,target,3323468067.0,9
PEPE,1777185120000,1777185180000,3.88e-06,3.89e-06,20.327081189465158,target,3324134291.0,9
PEPE,1777185720000,1777185780000,3.89e-06,3.9e-06,20.291259446204158,target,3323711621.0,9
PEPE,1777186320000,1777186380000,3.89e-06,3.9e-06,20.295319063635013,target,3324376587.0,9
PEPE,1777249320000,1777249380000,3.89e-06,3.9e-06,20.299379493028937,target,3325041686.0,9
PEPE,1777249920000,1777249980000,3.88e-06,3.89e-06,20.343361202884324,target,3326796599.0,9
PEPE,1777250520000,1777250580000,3.9e-06,3.91e-06,20.26760844847612,target,3325284405.0,9
PEPE,1777251720000,1777251780000,3.95e-06,3.96e-06,20.072495318070768,target,3320512046.0,9
PEPE,1777252920000,1777252980000,3.9300000000000005e-06,3.94e-06,20.156065475765402,target,3323341381.0,9
PEPE,1777254120000,1777254180000,3.95e-06,3.96e-06,20.080449002640655,target,3321827792.0,9
PEPE,1777254720000,1777254780000,3.96e-06,3.97e-06,20.04464163126505,target,3321398779.0,9
PEPE,1777255320000,1777255380000,3.97e-06,3.98e-06,20.008837477900013,target,3320968876.0,9
PEPE,1777256760000,1777256820000,3.95e-06,3.96e-06,20.09233822401038,target,3323794578.0,9
PEPE,1777257120000,1777257180000,3.97e-06,3.98e-06,20.016734583974884,target,3322279599.0,9
PEPE,1777258320000,1777258380000,3.98e-06,3.99e-06,19.980919551555615,target,3321848637.0,9
PEPE,1777258920000,1777258980000,3.99e-06,4e-06,19.945107805935713,target,3321416787.0,9
PEPE,1777259520000,1777259580000,4e-06,4.01e-06,19.909299373755637,target,3320984049.0,9
PEPE,1777260120000,1777260180000,4e-06,4.01e-06,19.91319675922494,target,3321634155.0,9
PEPE,1777260720000,1777260780000,4.0100000000000006e-06,4.0200000000000005e-06,19.877384669310743,target,3321200446.0,9
PEPE,1777270920000,1777270980000,3.85e-06,3.86e-06,20.519882414805938,target,3339281109.0,9
PEPE,1777273620000,1777273680000,3.82e-06,3.83e-06,20.64453147769931,target,3343243964.0,9
PEPE,1777275120000,1777275180000,3.82e-06,3.83e-06,20.648718732849115,target,3343922062.0,9
PEPE,1777276920000,1777276980000,3.81e-06,3.82e-06,20.693146385280507,target,3345698688.0,9
PEPE,1777277520000,1777277580000,3.830000000000001e-06,3.8400000000000005e-06,20.616882634169254,target,3344182098.0,9
PEPE,1777278120000,1777278180000,3.82e-06,3.83e-06,20.661285592675355,target,3345957181.0,9
PEPE,1777278720000,1777278780000,3.82e-06,3.83e-06,20.66547624407577,target,3346635829.0,9
PEPE,1777279380000,1777279440000,3.82e-06,3.83e-06,20.66966774144886,target,3347314614.0,9
PEPE,1777279920000,1777279980000,3.830000000000001e-06,3.8400000000000005e-06,20.63360615841073,target,3346894754.0,9
PEPE,1777334520000,1777334580000,3.9e-06,3.91e-06,20.35668672110104,target,3339899380.0,9
PEPE,1777335120000,1777335180000,3.9e-06,3.91e-06,20.36075142783954,target,3340566272.0,9
PEPE,1777335720000,1777335780000,3.88e-06,3.89e-06,20.44503062379478,target,3343422833.0,9
PEPE,1777337820000,1777337880000,3.9e-06,3.91e-06,20.368899284790196,target,3341903082.0,9
PEPE,1777338420000,1777338480000,3.9e-06,3.91e-06,20.372966423434747,target,3342570373.0,9
PEPE,1777339020000,1777339080000,3.89e-06,3.9e-06,20.417152140824605,target,3344332865.0,9
PEPE,1777339860000,1777339920000,3.89e-06,3.9e-06,20.42123694138229,target,3345001956.0,9
PEPE,1777340520000,1777340580000,3.88e-06,3.89e-06,20.46548267545967,target,3346767404.0,9
PEPE,1777341420000,1777341480000,3.88e-06,3.89e-06,20.469585198383687,target,3347438299.0,9
PEPE,1777342020000,1777342140000,3.88e-06,3.89e-06,20.47368854071965,target,3348109328.0,9
PEPE,1777342620000,1777342680000,3.87e-06,3.88e-06,20.518003319625112,target,3349878093.0,9
PEPE,1777345020000,1777345080000,3.86e-06,3.87e-06,20.562369510720554,target,3351649472.0,9
PEPE,1777345620000,1777345680000,3.87e-06,3.88e-06,20.526254490874244,target,3351225223.0,9
PEPE,1777346280000,1777346340000,3.86e-06,3.87e-06,20.57063851525508,target,3352997313.0,9
PEPE,1777347120000,1777347180000,3.85e-06,3.86e-06,20.61507408133614,target,3354772023.0,9
PEPE,1777349220000,1777349280000,3.86e-06,3.87e-06,20.5789270658994,target,3354348340.0,9
PEPE,1777349820000,1777349880000,3.88e-06,3.89e-06,20.502523786531224,target,3352824822.0,9
PEPE,1777350420000,1777350480000,3.86e-06,3.87e-06,20.587194628711565,target,3355695946.0,9
PEPE,1777351020000,1777351140000,3.86e-06,3.87e-06,20.591337765990875,target,3356371274.0,9
PEPE,1777352520000,1777352580000,3.87e-06,3.88e-06,20.555171865375584,target,3355946427.0,9
PEPE,1777353120000,1777353180000,3.88e-06,3.89e-06,20.519008915394693,target,3355520673.0,9
PEPE,1777353720000,1777353780000,3.88e-06,3.89e-06,20.5231221640314,target,3356193322.0,9
PEPE,1777354320000,1777354380000,3.89e-06,3.9e-06,20.486954946480786,target,3355766576.0,9
PEPE,1777354920000,1777354980000,3.88e-06,3.89e-06,20.53134307218887,target,3357537706.0,9
PEPE,1777421520000,1777421580000,3.87e-06,3.88e-06,20.5757826434997,target,3359311452.0,9
PEPE,1777422120000,1777422180000,3.87e-06,3.88e-06,20.579915370873085,target,3359986183.0,9
PEPE,1777423920000,1777424100000,3.89e-06,3.9e-06,20.50339527192029,target,3358459504.0,9
PEPE,1777426320000,1777426380000,3.86e-06,3.87e-06,20.628541706610086,target,3362435486.0,9
PEPE,1777427520000,1777427580000,3.88e-06,3.89e-06,20.551954223927037,target,3360908295.0,9
PEPE,1777428120000,1777428180000,3.88e-06,3.89e-06,20.556074082876904,target,3361582025.0,9
PEPE,1777428720000,1777428780000,3.88e-06,3.89e-06,20.560194761235074,target,3362255889.0,9
PEPE,1777429500000,1777429560000,3.87e-06,3.88e-06,20.604696784000716,target,3364032128.0,9
PEPE,1777430280000,1777430340000,3.87e-06,3.88e-06,20.608835324000495,target,3364707808.0,9
PEPE,1777432380000,1777432440000,3.87e-06,3.88e-06,20.612974696999665,target,3365383624.0,9
PEPE,1777434720000,1777434780000,3.9e-06,3.91e-06,20.49597973613627,target,3362753033.0,9
PEPE,1777435380000,1777435440000,3.9e-06,3.91e-06,20.500072254359154,target,3363424488.0,9
PEPE,1777435920000,1777435980000,3.9e-06,3.91e-06,20.504165589317022,target,3364096077.0,9
PEPE,1777436520000,1777436580000,3.9e-06,3.91e-06,20.508259741000778,target,3364767800.0,9
PEPE,1777437720000,1777437780000,3.9300000000000005e-06,3.94e-06,20.39136071092081,target,3362136968.0,9
PEPE,1777438320000,1777438380000,3.94e-06,3.95e-06,20.355121752628115,target,3361704666.0,9
PEPE,1777438920000,1777440780000,3.94e-06,3.92e-06,-87.05177571426235,time,3362370634.0,9
PEPE,1777442220000,1777442280000,3.920000000000001e-06,3.9300000000000005e-06,20.422456053074832,target,3361721161.0,9
PEPE,1777443420000,1777443480000,3.91e-06,3.92e-06,20.4668390109807,target,3363490388.0,9
PEPE,1777444620000,1777444680000,3.9e-06,3.91e-06,20.5112732735646,target,3365262227.0,9
PEPE,1777445220000,1777445280000,3.9e-06,3.91e-06,20.515368845385126,target,3365934183.0,9
PEPE,1777447020000,1777447080000,3.89e-06,3.9e-06,20.559863408370035,target,3367708994.0,9
PEPE,1777447620000,1777447680000,3.9e-06,3.91e-06,20.52357050289931,target,3367279820.0,9
PEPE,1777448220000,1777448280000,3.94e-06,3.95e-06,20.36627555913903,target,3363546748.0,9
PEPE,1777507320000,1777507380000,3.85e-06,3.86e-06,20.734111948835665,target,3374143523.0,9
PEPE,1777507920000,1777507980000,3.85e-06,3.86e-06,20.738292822483523,target,3374823893.0,9
PEPE,1777508520000,1777508580000,3.85e-06,3.86e-06,20.742474538000877,target,3375504400.0,9
PEPE,1777509720000,1777509780000,3.89e-06,3.9e-06,20.58460463515585,target,3371761611.0,9
PEPE,1777510320000,1777510380000,3.9e-06,3.91e-06,20.54826806459073,target,3371331922.0,9
PEPE,1777510920000,1777510980000,3.920000000000001e-06,3.9300000000000005e-06,20.471524550999355,target,3369798280.0,9
PEPE,1777511520000,1777511580000,3.9e-06,3.91e-06,20.55645865358584,target,3372675743.0,9
PEPE,1777512120000,1777512180000,3.9e-06,3.91e-06,20.560563246007142,target,3373349179.0,9
PEPE,1777513020000,1777513080000,3.91e-06,3.92e-06,20.524207995456003,target,3372918323.0,9
PEPE,1777514220000,1777514580000,3.920000000000001e-06,3.9300000000000005e-06,20.487855845925885,target,3372486559.0,9
PEPE,1777515360000,1777515420000,3.9e-06,3.91e-06,20.572857708209355,target,3375366318.0,9
PEPE,1777519920000,1777519980000,3.85e-06,3.86e-06,20.77978819471018,target,3381576598.0,9
PEPE,1777520520000,1777520580000,3.86e-06,3.87e-06,20.743352366550596,target,3381149530.0,9
PEPE,1777521120000,1777521240000,3.86e-06,3.87e-06,20.74752692729912,target,3381829980.0,9
PEPE,1777521720000,1777521780000,3.8400000000000005e-06,3.85e-06,20.833013531610227,target,3384730062.0,9
PEPE,1777525920000,1777525980000,3.830000000000001e-06,3.8400000000000005e-06,20.877926415388686,target,3386524966.0,9
PEPE,1777526520000,1777526580000,3.82e-06,3.83e-06,20.92289158570088,target,3388322524.0,9
PEPE,1777527720000,1777527780000,3.8400000000000005e-06,3.85e-06,20.845667860774363,target,3386786005.0,9
PEPE,1777528380000,1777528440000,3.830000000000001e-06,3.8400000000000005e-06,20.89060803000052,target,3388582000.0,9
PEPE,1777529820000,1777529880000,3.830000000000001e-06,3.8400000000000005e-06,20.894836942576486,target,3389267955.0,9
PEPE,1777530420000,1777530480000,3.830000000000001e-06,3.8400000000000005e-06,20.89906671208609,target,3389954049.0,9
PEPE,1777531020000,1777531080000,3.85e-06,3.86e-06,20.821817438391264,target,3388416182.0,9
PEPE,1777532820000,1777532880000,3.88e-06,3.89e-06,20.703971772510556,target,3385768074.0,9
PEPE,1777533420000,1777533480000,3.89e-06,3.9e-06,20.66748585264223,target,3385337568.0,9
PEPE,1777595700000,1777595760000,3.88e-06,3.89e-06,20.712265118959166,target,3387124304.0,9
PEPE,1777597320000,1777597380000,3.88e-06,3.89e-06,20.71641711223478,target,3387803289.0,9
PEPE,1777597920000,1777597980000,3.9e-06,3.91e-06,20.639275209675997,target,3386263365.0,9
PEPE,1777598520000,1777598580000,3.91e-06,3.92e-06,20.602780777014498,target,3385830859.0,9
PEPE,1777599120000,1777599180000,3.9e-06,3.91e-06,20.647510176367216,target,3387614467.0,9
PEPE,1777599720000,1777599780000,3.91e-06,3.92e-06,20.611001186066115,target,3387181789.0,9
PEPE,1777600380000,1777600440000,3.91e-06,3.92e-06,20.615108573236036,target,3387856791.0,9
PEPE,1777600920000,1777601340000,3.920000000000001e-06,3.9300000000000005e-06,20.578595423625472,target,3387423115.0,9
PEPE,1777602060000,1777602120000,3.9e-06,3.91e-06,20.663973752659743,target,3390315628.0,9
PEPE,1777604220000,1777604280000,3.9300000000000005e-06,3.94e-06,20.54618713936634,target,3387664821.0,9
PEPE,1777604820000,1777604880000,3.920000000000001e-06,3.9300000000000005e-06,20.590884504675763,target,3389446009.0,9
PEPE,1777605420000,1777605480000,3.9300000000000005e-06,3.94e-06,20.554352697530295,target,3389011162.0,9
PEPE,1777606020000,1777606080000,3.96e-06,3.97e-06,20.43668651671506,target,3386360649.0,9
PEPE,1777606620000,1777606680000,3.97e-06,3.98e-06,20.400182086450208,target,3385922338.0,9
PEPE,1777608960000,1777609020000,3.95e-06,3.96e-06,20.485315984771947,target,3388803306.0,9
PEPE,1777609500000,1777609560000,3.95e-06,3.96e-06,20.489366189175637,target,3389473315.0,9
PEPE,1777610520000,1777610580000,3.94e-06,3.95e-06,20.53403128385041,target,3391252070.0,9
PEPE,1777612920000,1777612980000,3.96e-06,3.97e-06,20.456881431181852,target,3389706948.0,9
PEPE,1777615140000,1777615200000,3.94e-06,3.95e-06,20.54215175939339,target,3392593189.0,9
PEPE,1777615620000,1777615680000,3.94e-06,3.95e-06,20.546221246180394,target,3393265276.0,9
PEPE,1777616940000,1777617000000,3.9300000000000005e-06,3.94e-06,20.590964385409507,target,3395047714.0,9
PEPE,1777617420000,1777617480000,3.9300000000000005e-06,3.94e-06,20.595051619234837,target,3395721619.0,9
PEPE,1777618920000,1777618980000,3.920000000000001e-06,3.9300000000000005e-06,20.639855286225124,target,3397507043.0,9
PEPE,1777619580000,1777619640000,3.920000000000001e-06,3.9300000000000005e-06,20.64396032167665,target,3398182769.0,9
PEPE,1777680120000,1777680180000,3.9300000000000005e-06,3.94e-06,20.60733434806518,target,3397746801.0,9
PEPE,1777683120000,1777683180000,3.9300000000000005e-06,3.94e-06,20.611424826664667,target,3398421241.0,9
PEPE,1777683720000,1777683780000,3.9300000000000005e-06,3.94e-06,20.615516117975517,target,3399095815.0,9
PEPE,1777684440000,1777684500000,3.94e-06,3.95e-06,20.578878791801216,target,3398658760.0,9
PEPE,1777684920000,1777684980000,3.9300000000000005e-06,3.94e-06,20.62369305408036,target,3400444032.0,9
PEPE,1777685760000,1777685820000,3.9300000000000005e-06,3.94e-06,20.62778678351984,target,3401119008.0,9
PEPE,1777686120000,1777686180000,3.9300000000000005e-06,3.94e-06,20.631881319604844,target,3401794117.0,9
PEPE,1777686720000,1777686780000,3.94e-06,3.95e-06,20.59521490932433,target,3401356715.0,9
PEPE,1777687320000,1777687380000,3.9300000000000005e-06,3.94e-06,20.64006474526164,target,3403143404.0,9
PEPE,1777688520000,1777688580000,3.9300000000000005e-06,3.94e-06,20.644161725539295,target,3403818916.0,9
PEPE,1777689120000,1777689180000,3.920000000000001e-06,3.9300000000000005e-06,20.68907222677571,target,3405608597.0,9
PEPE,1777689840000,1777689900000,3.9300000000000005e-06,3.94e-06,20.65236622100585,target,3405171677.0,9
PEPE,1777690320000,1777690380000,3.9300000000000005e-06,3.94e-06,20.656465639415774,target,3405847591.0,9
PEPE,1777690920000,1777692300000,3.9300000000000005e-06,3.94e-06,20.66056587053524,target,3406523639.0,9
PEPE,1777692720000,1777692780000,3.920000000000001e-06,3.9300000000000005e-06,20.705512063725305,target,3408314743.0,9
PEPE,1777693320000,1777693380000,3.920000000000001e-06,3.9300000000000005e-06,20.709630154348492,target,3408992618.0,9
PEPE,1777693920000,1777693980000,3.920000000000001e-06,3.9300000000000005e-06,20.713749065100544,target,3409670628.0,9
PEPE,1777694520000,1777694580000,3.9300000000000005e-06,3.94e-06,20.676999273091134,target,3409233186.0,9
PEPE,1777695120000,1777695180000,3.91e-06,3.92e-06,20.762885609506498,target,3412142253.0,9
PEPE,1777696620000,1777696680000,3.91e-06,3.92e-06,20.767023263466847,target,3412822229.0,9
PEPE,1777697220000,1777697280000,3.9e-06,3.91e-06,20.812109241318634,target,3414620056.0,9
PEPE,1777697820000,1777697880000,3.91e-06,3.92e-06,20.775309207965318,target,3414183929.0,9
PEPE,1777698600000,1777698660000,3.9e-06,3.91e-06,20.820413172934508,target,3415982473.0,9
PEPE,1777699260000,1777699320000,3.89e-06,3.9e-06,20.865569323664953,target,3417783673.0,9
PEPE,1777766700000,1777766760000,3.98e-06,3.99e-06,20.501644561664786,target,3408419711.0,9
PEPE,1777770720000,1777770780000,3.94e-06,3.95e-06,20.669038208034543,target,3413548837.0,9
PEPE,1777771620000,1777771680000,3.94e-06,3.95e-06,20.673132835180148,target,3414225076.0,9
PEPE,1777774020000,1777774080000,3.920000000000001e-06,3.9300000000000005e-06,20.759103210825355,target,3417136331.0,9
PEPE,1777774920000,1777775580000,3.920000000000001e-06,3.9300000000000005e-06,20.763231963076493,target,3417815961.0,9
PEPE,1777776300000,1777776360000,3.91e-06,3.92e-06,20.808355510350736,target,3419614710.0,9
PEPE,1777776720000,1777776780000,3.920000000000001e-06,3.9300000000000005e-06,20.771500080599996,target,3419176968.0,9
PEPE,1777777440000,1777777500000,3.91e-06,3.92e-06,20.81664159480449,target,3420976433.0,9
PEPE,1777777920000,1777777980000,3.920000000000001e-06,3.9300000000000005e-06,20.77977149077518,target,3420538517.0,9
PEPE,1777778520000,1777778580000,3.9300000000000005e-06,3.94e-06,20.742904565264745,target,3420099681.0,9
PEPE,1777779120000,1777779180000,3.9300000000000005e-06,3.94e-06,20.747021954270384,target,3420778558.0,9
PEPE,1777779720000,1777779780000,3.94e-06,3.95e-06,20.71015091932568,target,3420338715.0,9
PEPE,1777780920000,1777780980000,3.94e-06,3.95e-06,20.71425369044611,target,3421016299.0,9
PEPE,1777781520000,1777781580000,3.94e-06,3.95e-06,20.718357266881313,target,3421694016.0,9
PEPE,1777782720000,1777782780000,3.94e-06,3.95e-06,20.722461666795613,target,3422371869.0,9
PEPE,1777783320000,1777783380000,3.94e-06,3.95e-06,20.726566872024687,target,3423049855.0,9
PEPE,1777783920000,1777783980000,3.9300000000000005e-06,3.94e-06,20.771702750034812,target,3424847939.0,9
PEPE,1777784520000,1777784580000,3.94e-06,3.95e-06,20.73478785451457,target,3424407573.0,9
PEPE,1777785120000,1777785180000,3.94e-06,3.95e-06,20.738895505964873,target,3425085963.0,9
PEPE,1777785720000,1777785780000,3.94e-06,3.95e-06,20.74300396878533,target,3425764487.0,9
PEPE,1777786320000,1777786380000,3.94e-06,3.95e-06,20.74711324297595,target,3426443145.0,9
PEPE,1777786920000,1777786980000,3.9300000000000005e-06,3.94e-06,20.792293867779442,target,3428243012.0,9
PEPE,1777787820000,1777787880000,3.9300000000000005e-06,3.94e-06,20.796421057824492,target,3428923505.0,9
PEPE,1777788420000,1777788480000,3.920000000000001e-06,3.9300000000000005e-06,20.841662801025528,target,3430726387.0,9
PEPE,1777855920000,1777855980000,3.9300000000000005e-06,3.94e-06,20.804686063795224,target,3430286243.0,9
PEPE,1777856520000,1777856580000,3.95e-06,3.96e-06,20.72663625961374,target,3428723947.0,9
PEPE,1777857120000,1777857300000,3.95e-06,3.96e-06,20.730734171160115,target,3429401848.0,9
PEPE,1777857720000,1777857780000,3.94e-06,3.95e-06,20.775925433692162,target,3431201558.0,9
PEPE,1777858920000,1777858980000,3.99e-06,4e-06,20.57480621768632,target,3426279137.0,9
PEPE,1777860120000,1777860180000,4.03e-06,4.04e-06,20.415103596994108,target,3422481743.0,9
PEPE,1777861440000,1777861500000,4.05e-06,4.06e-06,20.33735110723615,target,3420916923.0,9
PEPE,1777861920000,1777861980000,4.06e-06,4.07e-06,20.30046216680588,target,3420465403.0,9
PEPE,1777863720000,1777863780000,4.07e-06,4.08e-06,20.263576882799867,target,3420012976.0,9
PEPE,1777864320000,1777864380000,4.07e-06,4.08e-06,20.267488366349532,target,3420673142.0,9
PEPE,1777864980000,1777865040000,4.07e-06,4.08e-06,20.271400608300645,target,3421333436.0,9
PEPE,1777865820000,1777865880000,4.06e-06,4.07e-06,20.31614902465617,target,3423108513.0,9
PEPE,1777867020000,1777867080000,4.08e-06,4.09e-06,20.238418510767282,target,3421541591.0,9
PEPE,1777867620000,1777867680000,4.09e-06,4.1e-06,20.201519254641667,target,3421087088.0,9
PEPE,1777868220000,1777868280000,4.09e-06,4.1e-06,20.205403067619205,target,3421744804.0,9
PEPE,1777869000000,1777869060000,4.09e-06,4.1e-06,20.209287630535457,target,3422402647.0,9
PEPE,1777869480000,1777869540000,4.1000000000000006e-06,4.1100000000000005e-06,20.172377936382883,target,3421947063.0,9
PEPE,1777870020000,1777870080000,4.12e-06,4.13e-06,20.09472225987589,target,3420378257.0,9
PEPE,1777870620000,1777870680000,4.09e-06,4.1e-06,20.220914427909516,target,3424371622.0,9
PEPE,1777877820000,1777877880000,4.03e-06,4.04e-06,20.470271758455105,target,3431730387.0,9
PEPE,1777878420000,1777878480000,4.03e-06,4.04e-06,20.474255006505246,target,3432398157.0,9
PEPE,1777879140000,1777879200000,4.03e-06,4.04e-06,20.478239030005962,target,3433066057.0,9
PEPE,1777879620000,1777879680000,4.04e-06,4.05e-06,20.4412215984898,target,3432614878.0,9
PEPE,1777880220000,1777880280000,4.03e-06,4.04e-06,20.486201428149986,target,3434400910.0,9
PEPE,1777939320000,1777939380000,3.98e-06,3.99e-06,20.6956805218644,target,3440678391.0,9
PEPE,1777939920000,1777939980000,3.99e-06,4e-06,20.658587713464726,target,3440231093.0,9
PEPE,1777940520000,1777940580000,3.99e-06,4e-06,20.662639845432697,target,3440905886.0,9
PEPE,1777941780000,1777941840000,3.99e-06,4e-06,20.666692776059868,target,3441580812.0,9
PEPE,1777942980000,1777943040000,3.99e-06,4e-06,20.67074649935043,target,3442255870.0,9
PEPE,1777944720000,1777944780000,4e-06,4.01e-06,20.633635291061466,target,3441807388.0,9
PEPE,1777947120000,1777947180000,4.03e-06,4.04e-06,20.514314222622428,target,3439113868.0,9
PEPE,1777948920000,1777948980000,4.03e-06,4.04e-06,20.518306036409285,target,3439783074.0,9
PEPE,1777949580000,1777949700000,4.0200000000000005e-06,4.03e-06,20.563407888450826,target,3441574542.0,9
PEPE,1777950120000,1777950180000,4.0200000000000005e-06,4.03e-06,20.567417274775302,target,3442245569.0,9
PEPE,1777950720000,1777950780000,4.0200000000000005e-06,4.03e-06,20.571427443825097,target,3442916727.0,9
PEPE,1777951320000,1777951380000,4.03e-06,4.04e-06,20.534305090984486,target,3442465229.0,9
PEPE,1777951920000,1777951980000,4.04e-06,4.05e-06,20.497186307370683,target,3442012814.0,9
PEPE,1777952520000,1777952580000,4.04e-06,4.05e-06,20.501166808019864,target,3442681244.0,9
PEPE,1777953180000,1777953240000,4.04e-06,4.05e-06,20.505148082820245,target,3443349804.0,9
PEPE,1777954020000,1777954080000,4.03e-06,4.04e-06,20.550268576265537,target,3445141421.0,9
PEPE,1777954620000,1777954680000,4.0200000000000005e-06,4.03e-06,20.595440682026048,target,3446935679.0,9
PEPE,1777955400000,1777955460000,4.03e-06,4.04e-06,20.558274996110843,target,3446483654.0,9
PEPE,1777955820000,1777955880000,4.03e-06,4.04e-06,20.562275369676794,target,3447154295.0,9
PEPE,1777956420000,1777956480000,4.0200000000000005e-06,4.03e-06,20.607473865976388,target,3448949601.0,9
PEPE,1777957020000,1777957080000,4.03e-06,4.04e-06,20.570286466079747,target,3448497312.0,9
PEPE,1777958340000,1777958400000,4.04e-06,4.05e-06,20.533102645276248,target,3448044105.0,9
PEPE,1777958820000,1777958880000,4.05e-06,4.06e-06,20.495922431100183,target,3447589980.0,9
PEPE,1777961220000,1777961280000,4.06e-06,4.07e-06,20.45874586890101,target,3447134940.0,9
PEPE,1778025780000,1778025840000,4.1100000000000005e-06,4.12e-06,20.257320523384813,target,3442195501.0,9
PEPE,1778026920000,1778027460000,4.12e-06,4.13e-06,20.22019512837722,target,3441735341.0,9
PEPE,1778027820000,1778027880000,4.12e-06,4.13e-06,20.22405901012575,target,3442393023.0,9
PEPE,1778028720000,1778028780000,4.12e-06,4.13e-06,20.22792363212544,target,3443050831.0,9
PEPE,1778029920000,1778029980000,4.14e-06,4.15e-06,20.149813507135082,target,3441471137.0,9
PEPE,1778030520000,1778030580000,4.16e-06,4.17e-06,20.07176373992911,target,3439890958.0,9
PEPE,1778032560000,1778032620000,4.1900000000000005e-06,4.2000000000000004e-06,19.952917247835416,target,3437195047.0,9
PEPE,1778033640000,1778033700000,4.1900000000000005e-06,4.2000000000000004e-06,19.956676072410318,target,3437842562.0,9
PEPE,1778034120000,1778034180000,4.18e-06,4.19e-06,20.001308122420546,target,3439605868.0,9
PEPE,1778035620000,1778035680000,4.17e-06,4.18e-06,20.045990542776977,target,3441371767.0,9
PEPE,1778036940000,1778037000000,4.2000000000000004e-06,4.21e-06,19.927118460930153,target,3438674454.0,9
PEPE,1778037420000,1778037480000,4.1900000000000005e-06,4.2000000000000004e-06,19.971733870891878,target,3440436498.0,9
PEPE,1778038020000,1778038200000,4.22e-06,4.23e-06,19.85294523712553,target,3437739435.0,9
PEPE,1778038620000,1778038680000,4.24e-06,4.25e-06,19.775078631741437,target,3436156148.0,9
PEPE,1778039220000,1778039640000,4.23e-06,4.24e-06,19.819552101224602,target,3437910165.0,9
PEPE,1778040120000,1778040180000,4.22e-06,4.23e-06,19.8640755505498,target,3439666762.0,9
PEPE,1778041320000,1778041380000,4.21e-06,4.22e-06,19.908649068685765,target,3441425941.0,9
PEPE,1778043120000,1778043720000,4.2000000000000004e-06,4.21e-06,19.953272762064486,target,3443187707.0,9
PEPE,1778044020000,1778044080000,4.2000000000000004e-06,4.21e-06,19.957023964080232,target,3443835024.0,9
PEPE,1778045520000,1778045580000,4.22e-06,4.23e-06,19.87899452384945,target,3442250134.0,9
PEPE,1778046720000,1778046780000,4.21e-06,4.22e-06,19.923601517689853,target,3444010634.0,9
PEPE,1778047500000,1778047560000,4.23e-06,4.24e-06,19.845580476664992,target,3442425061.0,9
PEPE,1778048520000,1778048580000,4.22e-06,4.23e-06,19.890162392099946,target,3444183964.0,9
PEPE,1778049720000,1778049780000,4.24e-06,4.25e-06,19.812149815294923,target,3442597709.0,9
PEPE,1778112180000,1778112240000,4.16e-06,4.17e-06,20.143488353490618,target,3452183094.0,9
PEPE,1778112720000,1778112780000,4.15e-06,4.16e-06,20.188389454870677,target,3453958846.0,9
PEPE,1778113320000,1778113380000,4.14e-06,4.15e-06,20.233341364550405,target,3455737210.0,9
PEPE,1778117520000,1778117580000,4.12e-06,4.13e-06,20.31952306599997,target,3458642224.0,9
PEPE,1778118180000,1778118240000,4.1100000000000005e-06,4.12e-06,20.36461944500672,target,3460428113.0,9
PEPE,1778118720000,1778119680000,4.1100000000000005e-06,4.070000000000001e-06,-159.64280890649732,stop,3461090708.0,9
PEPE,1778122020000,1778122080000,4.09e-06,4.1e-06,20.42035022268662,target,3458145677.0,9
PEPE,1778123220000,1778123280000,4.09e-06,4.1e-06,20.42427610878937,target,3458810518.0,9
PEPE,1778124060000,1778124120000,4.09e-06,4.1e-06,20.428202744830838,target,3459475486.0,9
PEPE,1778126460000,1778126520000,4.08e-06,4.09e-06,20.473393896864817,target,3461266931.0,9
PEPE,1778126820000,1778126880000,4.08e-06,4.09e-06,20.477337930141562,target,3461933716.0,9
PEPE,1778127420000,1778127480000,4.1000000000000006e-06,4.1100000000000005e-06,20.39875026921194,target,3460347798.0,9
PEPE,1778128680000,1778128740000,4.12e-06,4.13e-06,20.320223148625846,target,3458761387.0,9
PEPE,1778129220000,1778129280000,4.1100000000000005e-06,4.12e-06,20.365321084129768,target,3460547338.0,9
PEPE,1778129820000,1778129880000,4.13e-06,4.14e-06,20.286801725489557,target,3458960226.0,9
PEPE,1778131020000,1778131080000,4.15e-06,4.16e-06,20.208342987280027,target,3457372624.0,9
PEPE,1778131620000,1778131740000,4.15e-06,4.16e-06,20.212181147444003,target,3458029281.0,9
PEPE,1778132820000,1778132880000,4.15e-06,4.16e-06,20.21602003239127,target,3458686062.0,9
PEPE,1778134020000,1778134080000,4.14e-06,4.15e-06,20.261033471155095,target,3460466861.0,9
PEPE,1778134620000,1778134680000,4.14e-06,4.15e-06,20.264889468764878,target,3461125443.0,9
PEPE,1778135520000,1778135580000,4.14e-06,4.15e-06,20.268746204105266,target,3461784151.0,9
PEPE,1778136180000,1778136240000,4.16e-06,4.17e-06,20.190235747740942,target,3460194644.0,9
PEPE,1778136720000,1778136780000,4.16e-06,4.17e-06,20.194062661667584,target,3460850499.0,9
PEPE,1778137920000,1778137980000,4.18e-06,4.19e-06,20.115598092074283,target,3459260205.0,9
PEPE,1778198580000,1778198640000,4.15e-06,4.16e-06,18.99292789488544,target,3249431633.0,10
PEPE,1778199300000,1778199360000,4.15e-06,4.16e-06,18.9965352067753,target,3250048795.0,10
PEPE,1778199720000,1778199780000,4.16e-06,4.17e-06,18.96147822444181,target,3249610664.0,10
PEPE,1778200320000,1778200500000,4.15e-06,4.16e-06,19.003744546676305,target,3251282215.0,10
PEPE,1778200920000,1778200980000,4.14e-06,4.15e-06,19.04605870323212,target,3252956226.0,10
PEPE,1778204220000,1778204280000,4.12e-06,4.13e-06,19.127183303125594,target,3255690775.0,10
PEPE,1778204820000,1778204880000,4.12e-06,4.13e-06,19.130838322750098,target,3256312906.0,10
PEPE,1778207220000,1778207280000,4.1000000000000006e-06,4.1100000000000005e-06,19.212124367521884,target,3259054176.0,10
PEPE,1778207820000,1778207880000,4.1100000000000005e-06,4.12e-06,19.176975274929966,target,3258619418.0,10
PEPE,1778208480000,1778208540000,4.1100000000000005e-06,4.12e-06,19.18064724422098,target,3259243372.0,10
PEPE,1778209020000,1778209140000,4.1100000000000005e-06,4.12e-06,19.18431990793978,target,3259867444.0,10
PEPE,1778209620000,1778209680000,4.1000000000000006e-06,4.1100000000000005e-06,19.226850832077993,target,3261552304.0,10
PEPE,1778212080000,1778212140000,4.13e-06,4.14e-06,19.11402056623566,target,3258997539.0,10
PEPE,1778212620000,1778212680000,4.13e-06,4.14e-06,19.117665669599695,target,3259619040.0,10
PEPE,1778213220000,1778213280000,4.13e-06,4.14e-06,19.121311465034626,target,3260240659.0,10
PEPE,1778213820000,1778213880000,4.13e-06,4.14e-06,19.124957958406252,target,3260862397.0,10
PEPE,1778214420000,1778214480000,4.14e-06,4.15e-06,19.08978627890933,target,3260424642.0,10
PEPE,1778215620000,1778215680000,4.12e-06,4.13e-06,19.171097130375884,target,3263165469.0,10
PEPE,1778216220000,1778216280000,4.13e-06,4.14e-06,19.135901614395156,target,3262728323.0,10
PEPE,1778216820000,1778216880000,4.13e-06,4.14e-06,19.139550887774693,target,3263350535.0,10
PEPE,1778218020000,1778218080000,4.13e-06,4.14e-06,19.143200859090925,target,3263972866.0,10
PEPE,1778219220000,1778219280000,4.14e-06,4.15e-06,19.107995627515237,target,3263534693.0,10
PEPE,1778219820000,1778219880000,4.13e-06,4.14e-06,19.150495476301117,target,3265216620.0,10
PEPE,1778221320000,1778221380000,4.13e-06,4.14e-06,19.15414753555618,target,3265839307.0,10
PEPE,1778284920000,1778284980000,4.31e-06,4.32e-06,18.46183805883057,target,3247464918.0,10
PEPE,1778287980000,1778288040000,4.33e-06,4.34e-06,18.388387011720223,target,3245964168.0,10
PEPE,1778289180000,1778289240000,4.33e-06,4.34e-06,18.391752276645278,target,3246558213.0,10
PEPE,1778289720000,1778289780000,4.33e-06,4.34e-06,18.39511815905516,target,3247152367.0,10
PEPE,1778290380000,1778290440000,4.33e-06,4.34e-06,18.398484658951688,target,3247746630.0,10
PEPE,1778292120000,1778292180000,4.34e-06,4.35e-06,18.363438934816283,target,3247292473.0,10
PEPE,1778292960000,1778293020000,4.34e-06,4.35e-06,18.366792615601387,target,3247885520.0,10
PEPE,1778293320000,1778293380000,4.34e-06,4.35e-06,18.370146918435914,target,3248478677.0,10
PEPE,1778293920000,1778293980000,4.34e-06,4.35e-06,18.37350182635581,target,3249071941.0,10
PEPE,1778294820000,1778296380000,4.34e-06,4.35e-06,18.376857350671653,target,3249665314.0,10
PEPE,1778296920000,1778296980000,4.34e-06,4.35e-06,18.380213485726333,target,3250258795.0,10
PEPE,1778297520000,1778297580000,4.34e-06,4.35e-06,18.383570231521674,target,3250852384.0,10
PEPE,1778298120000,1778298900000,4.34e-06,4.35e-06,18.386927593709327,target,3251446082.0,10
PEPE,1778299320000,1778299380000,4.33e-06,4.34e-06,18.428754566750445,target,3253089950.0,10
PEPE,1778299920000,1778299980000,4.35e-06,4.36e-06,18.35519997814921,target,3251585470.0,10
PEPE,1778300520000,1778300580000,4.34e-06,4.35e-06,18.39700336734104,target,3253227828.0,10
PEPE,1778301120000,1778301180000,4.34e-06,4.35e-06,18.400363178146616,target,3253821959.0,10
PEPE,1778302320000,1778302380000,4.33e-06,4.34e-06,18.44222071362058,target,3255467028.0,10
PEPE,1778303520000,1778303580000,4.33e-06,4.34e-06,18.445595835645342,target,3256062813.0,10
PEPE,1778304120000,1778304180000,4.33e-06,4.34e-06,18.448971569491007,target,3256658706.0,10
PEPE,1778305320000,1778305440000,4.35e-06,4.36e-06,18.37533629152133,target,3255152576.0,10
PEPE,1778305920000,1778306580000,4.34e-06,4.35e-06,18.41718553642491,target,3256796735.0,10
PEPE,1778307120000,1778307180000,4.34e-06,4.35e-06,18.420549034290147,target,3257391518.0,10
PEPE,1778307720000,1778307840000,4.33e-06,4.34e-06,18.462452490680114,target,3259038392.0,10
PEPE,1778371320000,1778371380000,4.24e-06,4.25e-06,18.813872276053942,target,3269135061.0,10
PEPE,1778372700000,1778372760000,4.24e-06,4.25e-06,18.817380305366264,target,3269744623.0,10
PEPE,1778373120000,1778373180000,4.24e-06,4.25e-06,18.820888990746255,target,3270354299.0,10
PEPE,1778373720000,1778373780000,4.24e-06,4.25e-06,18.824398326439507,target,3270964088.0,10
PEPE,1778374620000,1778374680000,4.23e-06,4.24e-06,18.866733753230918,target,3272633782.0,10
PEPE,1778377020000,1778377080000,4.21e-06,4.22e-06,18.947999795791112,target,3275367294.0,10
PEPE,1778377620000,1778377680000,4.21e-06,4.22e-06,18.95155470721484,target,3275981799.0,10
PEPE,1778379720000,1778379780000,4.22e-06,4.23e-06,18.916212649949976,target,3275534658.0,10
PEPE,1778380320000,1778380380000,4.22e-06,4.23e-06,18.919754313075032,target,3276147933.0,10
PEPE,1778380920000,1778380980000,4.23e-06,4.24e-06,18.88440964678036,target,3275699852.0,10
PEPE,1778381520000,1778381580000,4.23e-06,4.24e-06,18.887938086204933,target,3276311897.0,10
PEPE,1778382120000,1778382180000,4.22e-06,4.23e-06,18.930368716876067,target,3277985925.0,10
PEPE,1778383620000,1778383680000,4.22e-06,4.23e-06,18.933913030725236,target,3278599659.0,10
PEPE,1778384820000,1778386560000,4.23e-06,4.24e-06,18.898541915894672,target,3278151243.0,10
PEPE,1778386920000,1778386980000,4.22e-06,4.23e-06,18.940996362750663,target,3279826210.0,10
PEPE,1778387520000,1778387580000,4.23e-06,4.24e-06,18.905612013890924,target,3279377626.0,10
PEPE,1778388120000,1778388180000,4.23e-06,4.24e-06,18.909144419637027,target,3279990359.0,10
PEPE,1778388720000,1778388780000,4.23e-06,4.24e-06,18.912677488355,target,3280603207.0,10
PEPE,1778389320000,1778389380000,4.22e-06,4.23e-06,18.955163690925016,target,3282279427.0,10
PEPE,1778389980000,1778390040000,4.22e-06,4.23e-06,18.958712647876055,target,3282893965.0,10
PEPE,1778390520000,1778390580000,4.22e-06,4.23e-06,18.962262268952404,target,3283508618.0,10
PEPE,1778391720000,1778391780000,4.23e-06,4.24e-06,18.926838190451292,target,3283059530.0,10
PEPE,1778393520000,1778393580000,4.22e-06,4.23e-06,18.9693562096496,target,3284737006.0,10
PEPE,1778394720000,1778394780000,4.22e-06,4.23e-06,18.97290782310007,target,3285352004.0,10
PEPE,1778458020000,1778458080000,4.41e-06,4.3700000000000005e-06,-152.10741785624705,stop,3265859750.0,10
PEPE,1778462220000,1778462280000,4.35e-06,4.36e-06,18.443750891599272,target,3267272080.0,10
PEPE,1778462820000,1778462880000,4.3700000000000005e-06,4.38e-06,18.369899482500898,target,3265759908.0,10
PEPE,1778463420000,1778463480000,4.360000000000001e-06,4.3700000000000005e-06,18.41183423002116,target,3267406252.0,10
PEPE,1778464020000,1778464080000,4.34e-06,4.35e-06,18.49247333934032,target,3270110228.0,10
PEPE,1778464920000,1778464980000,4.35e-06,4.36e-06,18.45718573757484,target,3269652035.0,10
PEPE,1778465520000,1778465580000,4.34e-06,4.35e-06,18.499221394290167,target,3271303518.0,10
PEPE,1778468220000,1778468280000,4.32e-06,4.33e-06,18.580032752849448,target,3274014582.0,10
PEPE,1778471220000,1778471280000,4.2900000000000004e-06,4.3e-06,18.699798607735886,target,3277791167.0,10
PEPE,1778472420000,1778472900000,4.2900000000000004e-06,4.3e-06,18.703249488068682,target,3278396054.0,10
PEPE,1778475720000,1778475780000,4.31e-06,4.32e-06,18.629075022749372,target,3276882150.0,10
PEPE,1778476920000,1778476980000,4.32e-06,4.33e-06,18.593716074498747,target,3276425740.0,10
PEPE,1778478720000,1778479800000,4.34e-06,4.35e-06,18.519621914236083,target,3274911037.0,10
PEPE,1778480220000,1778480280000,4.34e-06,4.35e-06,18.523004124496214,target,3275509129.0,10
PEPE,1778480820000,1778480880000,4.34e-06,4.35e-06,18.526386951150478,target,3276107330.0,10
PEPE,1778481420000,1778481480000,4.33e-06,4.34e-06,18.56853116789015,target,3277763666.0,10
PEPE,1778484120000,1778484180000,4.31e-06,4.32e-06,18.649540289385946,target,3280482021.0,10
PEPE,1778486520000,1778486580000,4.31e-06,4.32e-06,18.652967611018703,target,3281084892.0,10
PEPE,1778488320000,1778488380000,4.31e-06,4.32e-06,18.656395563689195,target,3281687874.0,10
PEPE,1778489700000,1778489760000,4.32e-06,4.33e-06,18.62098476729953,target,3281230796.0,10
PEPE,1778490120000,1778490180000,4.31e-06,4.32e-06,18.663246221775154,target,3282892915.0,10
PEPE,1778490720000,1778490780000,4.33e-06,4.34e-06,18.588993867343646,target,3281375793.0,10
PEPE,1778491920000,1778491980000,4.33e-06,4.34e-06,18.592395847135563,target,3281976319.0,10
PEPE,1778493120000,1778493180000,4.32e-06,4.33e-06,18.634641217827028,target,3283637219.0,10
PEPE,1778544720000,1778544780000,4.34e-06,4.35e-06,18.560383974210918,target,3282119182.0,10
PEPE,1778545320000,1778545380000,4.34e-06,4.35e-06,18.563773626450242,target,3282718590.0,10
PEPE,1778545920000,1778545980000,4.34e-06,4.35e-06,18.567163895085518,target,3283318107.0,10
PEPE,1778546520000,1778546580000,4.34e-06,4.35e-06,18.570554785770213,target,3283917734.0,10
PEPE,1778547120000,1778547180000,4.34e-06,4.35e-06,18.573946298506154,target,3284517471.0,10
PEPE,1778547720000,1778547780000,4.34e-06,4.35e-06,18.577338427636224,target,3285117317.0,10
PEPE,1778551920000,1778551980000,4.3e-06,4.31e-06,18.736351415350285,target,3289965130.0,10
PEPE,1778553120000,1778553180000,4.2800000000000005e-06,4.2900000000000004e-06,18.817777328175875,target,3292699445.0,10
PEPE,1778554320000,1778554380000,4.2800000000000005e-06,4.2900000000000004e-06,18.82125719167601,target,3293308345.0,10
PEPE,1778554980000,1778555340000,4.3e-06,4.31e-06,18.746733388961154,target,3291788128.0,10
PEPE,1778555820000,1778555880000,4.2900000000000004e-06,4.3e-06,18.78918247681998,target,3293458804.0,10
PEPE,1778556420000,1778556480000,4.2800000000000005e-06,4.2900000000000004e-06,18.83167899709447,target,3295131933.0,10
PEPE,1778557020000,1778557080000,4.2900000000000004e-06,4.3e-06,18.79612506247113,target,3294675734.0,10
PEPE,1778557920000,1778557980000,4.27e-06,4.28e-06,18.877706124823572,target,3297415917.0,10
PEPE,1778559120000,1778559240000,4.2800000000000005e-06,4.2900000000000004e-06,18.842128234516196,target,3296960321.0,10
PEPE,1778559720000,1778559780000,4.2900000000000004e-06,4.3e-06,18.80655457264458,target,3296503869.0,10
PEPE,1778560320000,1778560380000,4.2900000000000004e-06,4.3e-06,18.810025158050713,target,3297112210.0,10
PEPE,1778560920000,1778560980000,4.2900000000000004e-06,4.3e-06,18.813496376708706,target,3297720662.0,10
PEPE,1778561520000,1778561580000,4.2900000000000004e-06,4.3e-06,18.81696823432977,target,3298329226.0,10
PEPE,1778562120000,1778562180000,4.2900000000000004e-06,4.3e-06,18.82044073661603,target,3298937903.0,10
PEPE,1778562720000,1778562780000,4.2900000000000004e-06,4.3e-06,18.823913883563833,target,3299546693.0,10
PEPE,1778563320000,1778563380000,4.2900000000000004e-06,4.3e-06,18.827387663770775,target,3300155594.0,10
PEPE,1778563920000,1778563980000,4.2900000000000004e-06,4.3e-06,18.83086208863927,target,3300764608.0,10
PEPE,1778564520000,1778564580000,4.2900000000000004e-06,4.3e-06,18.834337152470837,target,3301373734.0,10
PEPE,1778630520000,1778630880000,4.14e-06,4.15e-06,19.427326244341767,target,3318074508.0,10
PEPE,1778631420000,1778631480000,4.14e-06,4.15e-06,19.431023577306448,target,3318705991.0,10
PEPE,1778632020000,1778632080000,4.15e-06,4.16e-06,19.395226993766784,target,3318259537.0,10
PEPE,1778633220000,1778633280000,4.16e-06,4.17e-06,19.359434245350574,target,3317812210.0,10
PEPE,1778634420000,1778634480000,4.17e-06,4.18e-06,19.323645364075336,target,3317364011.0,10
PEPE,1778635020000,1778635080000,4.18e-06,4.19e-06,19.287860381914925,target,3316914941.0,10
PEPE,1778635620000,1778635680000,4.1900000000000005e-06,4.2000000000000004e-06,19.252079330805014,target,3316465001.0,10
PEPE,1778636220000,1778636280000,4.1900000000000005e-06,4.2000000000000004e-06,19.255706132267015,target,3317089773.0,10
PEPE,1778636820000,1778636880000,4.1900000000000005e-06,4.2000000000000004e-06,19.259333612909835,target,3317714662.0,10
PEPE,1778637420000,1778637480000,4.1900000000000005e-06,4.2000000000000004e-06,19.26296177854562,target,3318339669.0,10
PEPE,1778638020000,1778638080000,4.18e-06,4.19e-06,19.30604236920097,target,3320041680.0,10
PEPE,1778638620000,1778638680000,4.1900000000000005e-06,4.2000000000000004e-06,19.27022758938068,target,3319591316.0,10
PEPE,1778639220000,1778639280000,4.1900000000000005e-06,4.2000000000000004e-06,19.27385780998445,target,3320216677.0,10
PEPE,1778639820000,1778639880000,4.18e-06,4.19e-06,19.316962770565375,target,3321919651.0,10
PEPE,1778640420000,1778640480000,4.18e-06,4.19e-06,19.320609240765407,target,3322546731.0,10
PEPE,1778641320000,1778641380000,4.18e-06,4.19e-06,19.32425640294944,target,3323173930.0,10
PEPE,1778641920000,1778642760000,4.1900000000000005e-06,4.2000000000000004e-06,19.288407833504856,target,3322723141.0,10
PEPE,1778643120000,1778643180000,4.1900000000000005e-06,4.2000000000000004e-06,19.292041479060718,target,3323349092.0,10
PEPE,1778643720000,1778643780000,4.1900000000000005e-06,4.2000000000000004e-06,19.295675803801036,target,3323975160.0,10
PEPE,1778644320000,1778644380000,4.2000000000000004e-06,4.21e-06,19.259817697350076,target,3323523330.0,10
PEPE,1778644920000,1778644980000,4.1900000000000005e-06,4.2000000000000004e-06,19.302939072044403,target,3325226369.0,10
PEPE,1778646120000,1778646180000,4.2000000000000004e-06,4.21e-06,19.267067468355037,target,3324774369.0,10
PEPE,1778647320000,1778647380000,4.21e-06,4.22e-06,19.23119987171486,target,3324321499.0,10
PEPE,1778647920000,1778647980000,4.21e-06,4.22e-06,19.234807918366464,target,3324945189.0,10
PEPE,1778716920000,1778716980000,4.05e-06,4.06e-06,19.873579725109288,target,3342906598.0,10
PEPE,1778717520000,1778717580000,4.07e-06,4.08e-06,19.79765859465137,target,3341376978.0,10
PEPE,1778718120000,1778718180000,4.07e-06,4.08e-06,19.80148014855139,target,3342021966.0,10
PEPE,1778718720000,1778718780000,4.08e-06,4.09e-06,19.76543960754919,target,3341578970.0,10
PEPE,1778719320000,1778719380000,4.08e-06,4.09e-06,19.769247258670962,target,3342222698.0,10
PEPE,1778719920000,1778719980000,4.08e-06,4.09e-06,19.773055643250682,target,3342866550.0,10
PEPE,1778721120000,1778721180000,4.08e-06,4.09e-06,19.776864755375723,target,3343510525.0,10
PEPE,1778722320000,1778722380000,4.07e-06,4.08e-06,19.820568164099008,target,3345243572.0,10
PEPE,1778722920000,1778723340000,4.08e-06,4.09e-06,19.784492881336256,target,3344800149.0,10
PEPE,1778723820000,1778723880000,4.08e-06,4.09e-06,19.788304199756848,target,3345444497.0,10
PEPE,1778724420000,1778724480000,4.08e-06,4.09e-06,19.792116257549825,target,3346088970.0,10
PEPE,1778725020000,1778725080000,4.08e-06,4.09e-06,19.795929048806205,target,3346733567.0,10
PEPE,1778726280000,1778726340000,4.07e-06,4.08e-06,19.839674582700628,target,3348468284.0,10
PEPE,1778731920000,1778731980000,4.0200000000000005e-06,4.03e-06,20.04359363149939,target,3354576340.0,10
PEPE,1778732520000,1778732580000,4.03e-06,4.04e-06,20.00742378705709,target,3354136427.0,10
PEPE,1778733720000,1778733780000,4.03e-06,4.04e-06,20.01131696956861,target,3354789098.0,10
PEPE,1778734320000,1778734380000,4.04e-06,4.05e-06,19.97514356673013,target,3354348206.0,10
PEPE,1778735700000,1778735760000,4.04e-06,4.05e-06,19.97902268945882,target,3354999612.0,10
PEPE,1778736120000,1778736180000,4.05e-06,4.06e-06,19.942845776189294,target,3354557742.0,10
PEPE,1778737320000,1778737380000,4.07e-06,4.08e-06,19.866660036675547,target,3353022791.0,10
PEPE,1778737920000,1778737980000,4.07e-06,4.08e-06,19.870494904049735,target,3353670026.0,10
PEPE,1778738520000,1778738580000,4.07e-06,4.08e-06,19.87433051797558,target,3354317387.0,10
PEPE,1778739120000,1778739180000,4.07e-06,4.08e-06,19.87816686660146,target,3354964872.0,10
PEPE,1778740020000,1778740080000,4.06e-06,4.07e-06,19.922047231525063,target,3356705515.0,10
PEPE,1778804520000,1778804580000,4.1100000000000005e-06,4.12e-06,19.725905917904356,target,3351895653.0,10
PEPE,1778805120000,1778805180000,4.1000000000000006e-06,4.1100000000000005e-06,19.769637513914848,target,3353628077.0,10
PEPE,1778805720000,1778805780000,4.1000000000000006e-06,4.1100000000000005e-06,19.773430628085727,target,3354271523.0,10
PEPE,1778806620000,1778806680000,4.1000000000000006e-06,4.1100000000000005e-06,19.777224467340478,target,3354915092.0,10
PEPE,1778807220000,1778807340000,4.1100000000000005e-06,4.12e-06,19.74104150820969,target,3354467546.0,10
PEPE,1778807880000,1778807940000,4.1000000000000006e-06,4.1100000000000005e-06,19.78480666350042,target,3356201300.0,10
PEPE,1778808660000,1778808960000,4.09e-06,4.1e-06,19.828621569336466,target,3357937607.0,10
PEPE,1778809320000,1778809380000,4.1000000000000006e-06,4.1100000000000005e-06,19.792407116476475,target,3357490605.0,10
PEPE,1778810220000,1778810280000,4.08e-06,4.09e-06,19.876299170455756,target,3360321077.0,10
PEPE,1778813220000,1778813280000,4.08e-06,4.09e-06,19.880128180640018,target,3360968416.0,10
PEPE,1778813820000,1778813880000,4.09e-06,4.1e-06,19.843882167894268,target,3360521959.0,10
PEPE,1778814420000,1778814480000,4.08e-06,4.09e-06,19.887780688229615,target,3362262162.0,10
PEPE,1778815020000,1778815500000,4.09e-06,4.1e-06,19.851520722365734,target,3361815533.0,10
PEPE,1778815920000,1778815980000,4.08e-06,4.09e-06,19.895436135574528,target,3363556405.0,10
PEPE,1778817720000,1778817780000,4.07e-06,4.08e-06,19.93940156384944,target,3365299842.0,10
PEPE,1778818320000,1778818380000,4.08e-06,4.09e-06,19.903109996315813,target,3364853761.0,10
PEPE,1778818920000,1778820780000,4.07e-06,4.05e-06,-87.81770543895047,time,3366597870.0,10
PEPE,1778826420000,1778826480000,4e-06,4.01e-06,20.211672719810654,target,3371421638.0,10
PEPE,1778827020000,1778827080000,4.0200000000000005e-06,4.03e-06,20.1350446870987,target,3369881956.0,10
PEPE,1778827620000,1778827680000,4.0200000000000005e-06,4.03e-06,20.138970548899323,target,3370539004.0,10
PEPE,1778828220000,1778828280000,4.0200000000000005e-06,4.03e-06,20.142897181474538,target,3371196181.0,10
PEPE,1778828820000,1778828880000,4.03e-06,4.04e-06,20.106548134920637,target,3370754088.0,10
PEPE,1778829420000,1778829480000,4.03e-06,4.04e-06,20.11046060824541,target,3371409993.0,10
PEPE,1778830140000,1778830200000,4.05e-06,4.06e-06,20.03386837518151,target,3369868524.0,10
PEPE,1778889720000,1778889780000,3.89e-06,3.9e-06,20.684873588609626,target,3388185682.0,10
PEPE,1778890320000,1778890380000,3.91e-06,3.92e-06,20.60773469721496,target,3386644979.0,10
PEPE,1778891520000,1778891580000,3.91e-06,3.92e-06,20.61184142720482,target,3387319873.0,10
PEPE,1778892720000,1778892780000,3.91e-06,3.92e-06,20.615948984754688,target,3387994903.0,10
PEPE,1778893320000,1778893380000,3.9e-06,3.91e-06,20.660706972844952,target,3389779651.0,10
PEPE,1778893920000,1778893980000,3.9e-06,3.91e-06,20.664832379690232,target,3390456502.0,10
PEPE,1778894520000,1778894580000,3.9e-06,3.91e-06,20.668958615455825,target,3391133489.0,10
PEPE,1778895120000,1778895180000,3.89e-06,3.9e-06,20.7137862825314,target,3392921586.0,10
PEPE,1778895720000,1778895780000,3.89e-06,3.9e-06,20.71793043589457,target,3393600399.0,10
PEPE,1778896320000,1778896380000,3.89e-06,3.9e-06,20.722075413436137,target,3394279347.0,10
PEPE,1778896920000,1778896980000,3.9e-06,3.91e-06,20.68549617286076,target,3393846788.0,10
PEPE,1778897520000,1778897580000,3.9e-06,3.91e-06,20.689626528844506,target,3394524451.0,10
PEPE,1778898720000,1778898780000,3.89e-06,3.9e-06,20.73449902738465,target,3396314337.0,10
PEPE,1778899320000,1778899380000,3.9e-06,3.91e-06,20.697897858304945,target,3395881519.0,10
PEPE,1778899920000,1778899980000,3.89e-06,3.9e-06,20.742788292601656,target,3397672120.0,10
PEPE,1778901120000,1778901180000,3.89e-06,3.9e-06,20.746938245715576,target,3398351883.0,10
PEPE,1778901720000,1778901780000,3.89e-06,3.9e-06,20.751089029110105,target,3399031782.0,10
PEPE,1778902320000,1778902380000,3.89e-06,3.9e-06,20.755240642783427,target,3399711817.0,10
PEPE,1778902920000,1778902980000,3.89e-06,3.9e-06,20.759393086740992,target,3400391988.0,10
PEPE,1778904180000,1778904240000,3.88e-06,3.89e-06,20.80437148704982,target,3402186670.0,10
PEPE,1778904720000,1778904780000,3.88e-06,3.89e-06,20.808541941509304,target,3402868674.0,10
PEPE,1778905320000,1778906040000,3.88e-06,3.8400000000000005e-06,-155.81455631069804,stop,3403550815.0,10
PEPE,1778910120000,1778910180000,3.85e-06,3.86e-06,20.903979658635773,target,3401786763.0,10
PEPE,1778910720000,1778910780000,3.85e-06,3.86e-06,20.908194784515494,target,3402472707.0,10
PEPE,1778976120000,1778976180000,3.76e-06,3.77e-06,21.28151355978691,target,3413233931.0,10
PEPE,1778976720000,1778976780000,3.76e-06,3.77e-06,21.28588054755028,target,3413934330.0,10
PEPE,1778977320000,1778977380000,3.75e-06,3.76e-06,21.331411701355083,target,3415758479.0,10
PEPE,1778977920000,1778977980000,3.75e-06,3.76e-06,21.33579739624144,target,3416460752.0,10
PEPE,1778978640000,1778978700000,3.75e-06,3.76e-06,21.34018399040511,target,3417163169.0,10
PEPE,1778979720000,1778979780000,3.74e-06,3.75e-06,21.38578726009659,target,3418990769.0,10
PEPE,1778980440000,1778980500000,3.74e-06,3.75e-06,21.39019262532085,target,3419695064.0,10
PEPE,1778981040000,1778981100000,3.7300000000000003e-06,3.74e-06,21.435858804954357,target,3421525747.0,10
PEPE,1778981520000,1778981640000,3.7300000000000003e-06,3.74e-06,21.44028299759429,target,3422231923.0,10
PEPE,1778983020000,1778983080000,3.7200000000000004e-06,3.7300000000000003e-06,21.486012236126204,target,3424065695.0,10
PEPE,1778983920000,1778983980000,3.7300000000000003e-06,3.74e-06,21.449142653610856,target,3423646074.0,10
PEPE,1778984520000,1778984580000,3.7300000000000003e-06,3.74e-06,21.453569590318118,target,3424352688.0,10
PEPE,1778986320000,1778986380000,3.7200000000000004e-06,3.7300000000000003e-06,21.49932717117486,target,3426187597.0,10
PEPE,1778987520000,1778987580000,3.74e-06,3.75e-06,21.42112367538074,target,3424640076.0,10
PEPE,1778988120000,1778988180000,3.74e-06,3.75e-06,21.42553632142389,target,3425345535.0,10
PEPE,1778988720000,1778988780000,3.74e-06,3.75e-06,21.42994987444556,target,3426051139.0,10
PEPE,1778991720000,1778991780000,3.7700000000000003e-06,3.7800000000000002e-06,21.31051766669927,target,3423376332.0,10
PEPE,1778992380000,1778992500000,3.76e-06,3.77e-06,21.356145674295902,target,3425203797.0,10
PEPE,1778993520000,1778993580000,3.7800000000000002e-06,3.79e-06,21.278011157535914,target,3423654249.0,10
PEPE,1778994120000,1778994180000,3.7700000000000003e-06,3.7800000000000002e-06,21.32361384037507,target,3425480135.0,10
PEPE,1778995320000,1778995380000,3.7800000000000002e-06,3.79e-06,21.28671929235565,target,3425055397.0,10
PEPE,1778995920000,1778995980000,3.7800000000000002e-06,3.79e-06,21.291070482221265,target,3425755508.0,10
PEPE,1778997120000,1778997180000,3.7800000000000002e-06,3.79e-06,21.29542255461604,target,3426455761.0,10
PEPE,1778997720000,1778997780000,3.7700000000000003e-06,3.7800000000000002e-06,21.341062552727184,target,3428283141.0,10
PEPE,1779065100000,1779065160000,3.6400000000000003e-06,3.65e-06,21.884756745775224,target,3443706805.0,10
PEPE,1779065520000,1779065580000,3.6400000000000003e-06,3.65e-06,21.889352097116518,target,3444429913.0,10
PEPE,1779066120000,1779066180000,3.66e-06,3.67e-06,21.810639377241813,target,3442879144.0,10
PEPE,1779066720000,1779066780000,3.66e-06,3.67e-06,21.81520173654486,target,3443599327.0,10
PEPE,1779067320000,1779067380000,3.63e-06,3.64e-06,21.944822187170328,target,3447733258.0,10
PEPE,1779068820000,1779068880000,3.63e-06,3.64e-06,21.949438925350123,target,3448458590.0,10
PEPE,1779069420000,1779069480000,3.65e-06,3.66e-06,21.870622586384215,target,3446906633.0,10
PEPE,1779070620000,1779070680000,3.67e-06,3.68e-06,21.79186482797411,target,3445354123.0,10
PEPE,1779071820000,1779071880000,3.66e-06,3.67e-06,21.838080208945616,target,3447210767.0,10
PEPE,1779072420000,1779072480000,3.67e-06,3.68e-06,21.80097394750124,target,3446794300.0,10
PEPE,1779073020000,1779073080000,3.67e-06,3.68e-06,21.805525581951294,target,3447513926.0,10
PEPE,1779074220000,1779074280000,3.67e-06,3.68e-06,21.81007817147612,target,3448233703.0,10
PEPE,1779074820000,1779074880000,3.66e-06,3.67e-06,21.856332173830573,target,3450091898.0,10
PEPE,1779076020000,1779076080000,3.66e-06,3.67e-06,21.860904092650188,target,3450813590.0,10
PEPE,1779076920000,1779076980000,3.66e-06,3.67e-06,21.865476968056285,target,3451535433.0,10
PEPE,1779078120000,1779079260000,3.66e-06,3.67e-06,21.870050800043394,target,3452257427.0,10
PEPE,1779081420000,1779081480000,3.66e-06,3.67e-06,21.874625582285177,target,3452979571.0,10
PEPE,1779082620000,1779082680000,3.65e-06,3.66e-06,21.920972991254242,target,3454842079.0,10
PEPE,1779084000000,1779084060000,3.6400000000000003e-06,3.65e-06,21.96737519653886,target,3456707348.0,10
PEPE,1779084420000,1779084480000,3.65e-06,3.61e-06,-157.03661529776963,stop,3456291742.0,10
PEPE,1779085020000,1779085080000,3.6400000000000003e-06,3.65e-06,21.939013435266574,target,3452244443.0,10
PEPE,1779086820000,1779086880000,3.63e-06,3.64e-06,21.98541057645469,target,3454110067.0,10
PEPE,1779088320000,1779088380000,3.62e-06,3.63e-06,22.031862663375346,target,3455978457.0,10
PEPE,1779089220000,1779089280000,3.62e-06,3.63e-06,22.0365065321268,target,3456706907.0,10
PEPE,1779148920000,1779148980000,3.6900000000000002e-06,3.7e-06,21.748819676480448,target,3449455936.0,10
PEPE,1779150720000,1779150780000,3.71e-06,3.72e-06,21.670050098446175,target,3447899777.0,10
PEPE,1779151920000,1779151980000,3.71e-06,3.72e-06,21.67453986361518,target,3448614139.0,10
PEPE,1779152520000,1779152580000,3.7e-06,3.71e-06,21.720680574300577,target,3450465540.0,10
PEPE,1779153120000,1779153180000,3.7e-06,3.71e-06,21.725189475066006,target,3451181807.0,10
PEPE,1779157320000,1779157380000,3.6800000000000003e-06,3.6900000000000002e-06,21.813116387999887,target,3454175200.0,10
PEPE,1779158520000,1779158580000,3.67e-06,3.68e-06,21.859420381976435,target,3456034843.0,10
PEPE,1779159120000,1779159180000,3.67e-06,3.68e-06,21.86398422367583,target,3456756399.0,10
PEPE,1779159720000,1779159780000,3.66e-06,3.67e-06,21.910352549645825,target,3458619187.0,10
PEPE,1779160320000,1779160380000,3.67e-06,3.68e-06,21.87312348814848,target,3458201342.0,10
PEPE,1779160920000,1779160980000,3.67e-06,3.68e-06,21.87769018874903,target,3458923350.0,10
PEPE,1779162720000,1779162780000,3.6800000000000003e-06,3.6900000000000002e-06,21.84045569016135,target,3458504464.0,10
PEPE,1779164520000,1779165360000,3.6900000000000002e-06,3.7e-06,21.803223573234597,target,3458084627.0,10
PEPE,1779167520000,1779167580000,3.6800000000000003e-06,3.6900000000000002e-06,21.849550268985,target,3459944619.0,10
PEPE,1779168720000,1779168780000,3.67e-06,3.68e-06,21.895931602600996,target,3461807368.0,10
PEPE,1779169320000,1779169380000,3.6900000000000002e-06,3.7e-06,21.816856647754484,target,3460246891.0,10
PEPE,1779169920000,1779169980000,3.6900000000000002e-06,3.7e-06,21.821394204936865,target,3460966567.0,10
PEPE,1779170520000,1779170580000,3.6800000000000003e-06,3.6900000000000002e-06,21.867759514651294,target,3462828110.0,10
PEPE,1779172320000,1779172380000,3.6900000000000002e-06,3.7e-06,21.830480844834224,target,3462407747.0,10
PEPE,1779172920000,1779172980000,3.6900000000000002e-06,3.7e-06,21.83502123926579,target,3463127873.0,10
PEPE,1779173520000,1779173580000,3.6900000000000002e-06,3.7e-06,21.839562573140583,target,3463848148.0,10
PEPE,1779174120000,1779174180000,3.6800000000000003e-06,3.6900000000000002e-06,21.885966480599635,target,3465711240.0,10
PEPE,1779176520000,1779176580000,3.7e-06,3.71e-06,21.806814020625467,target,3464148375.0,10
PEPE,1779177120000,1779177180000,3.71e-06,3.72e-06,21.769516942111057,target,3463725846.0,10
PEPE,1779235320000,1779235380000,3.6400000000000003e-06,3.65e-06,22.067435243490927,target,3472452438.0,10
PEPE,1779235920000,1779235980000,3.63e-06,3.64e-06,22.114103970429735,target,3474328982.0,10
PEPE,1779237180000,1779237240000,3.63e-06,3.64e-06,22.118756320783966,target,3475059909.0,10
PEPE,1779238320000,1779238380000,3.63e-06,3.64e-06,22.123409651349302,target,3475790990.0,10
PEPE,1779238920000,1779238980000,3.63e-06,3.64e-06,22.12806396212574,target,3476522225.0,10
PEPE,1779239520000,1779239580000,3.6400000000000003e-06,3.65e-06,22.090648844684992,target,3476105247.0,10
PEPE,1779240120000,1779240180000,3.6400000000000003e-06,3.65e-06,22.095287422734103,target,3476835157.0,10
PEPE,1779240720000,1779240780000,3.62e-06,3.63e-06,22.18413094724946,target,3479863678.0,10
PEPE,1779241920000,1779241980000,3.6400000000000003e-06,3.65e-06,22.10458519445549,target,3478298221.0,10
PEPE,1779243120000,1779243180000,3.6400000000000003e-06,3.65e-06,22.10922670215961,target,3479028592.0,10
PEPE,1779243720000,1779243780000,3.6400000000000003e-06,3.65e-06,22.113869182179048,target,3479759116.0,10
PEPE,1779244320000,1779244380000,3.6400000000000003e-06,3.65e-06,22.118512640871973,target,3480489794.0,10
PEPE,1779244980000,1779245040000,3.6400000000000003e-06,3.65e-06,22.12315707187475,target,3481220625.0,10
PEPE,1779245820000,1779245880000,3.63e-06,3.64e-06,22.169943644420336,target,3483101908.0,10
PEPE,1779246540000,1779246600000,3.63e-06,3.64e-06,22.174607744565076,target,3483834681.0,10
PEPE,1779247020000,1779247080000,3.6400000000000003e-06,3.65e-06,22.137113929230352,target,3483416826.0,10
PEPE,1779248820000,1779248880000,3.65e-06,3.66e-06,22.099622360760915,target,3482998008.0,10
PEPE,1779249420000,1779249480000,3.65e-06,3.66e-06,22.104253995031936,target,3483727974.0,10
PEPE,1779250020000,1779250080000,3.65e-06,3.66e-06,22.108886600085654,target,3484458093.0,10
PEPE,1779250620000,1779250680000,3.65e-06,3.66e-06,22.11352017592571,target,3485188365.0,10
PEPE,1779251820000,1779251880000,3.6400000000000003e-06,3.65e-06,22.160329970745416,target,3487070019.0,10
PEPE,1779252420000,1779252480000,3.6400000000000003e-06,3.65e-06,22.16498318436052,target,3487802232.0,10
PEPE,1779253020000,1779253080000,3.65e-06,3.66e-06,22.127444418016736,target,3487382887.0,10
PEPE,1779254820000,1779254880000,3.67e-06,3.68e-06,22.047761823448486,target,3485812146.0,10
PEPE,1779322320000,1779322380000,3.7200000000000004e-06,3.7300000000000003e-06,21.84200696682518,target,3480797923.0,10
PEPE,1779322920000,1779322980000,3.7200000000000004e-06,3.7300000000000003e-06,21.846523667900996,target,3481517716.0,10
PEPE,1779323520000,1779323580000,3.7300000000000003e-06,3.74e-06,21.80903545331119,target,3481091054.0,10
PEPE,1779324360000,1779324420000,3.7300000000000003e-06,3.74e-06,21.81353666786013,target,3481809524.0,10
PEPE,1779324720000,1779324780000,3.74e-06,3.75e-06,21.77604328409906,target,3481381820.0,10
PEPE,1779325320000,1779325380000,3.74e-06,3.75e-06,21.780529038584273,target,3482098967.0,10
PEPE,1779325920000,1779325980000,3.74e-06,3.75e-06,21.785015718810644,target,3482816262.0,10
PEPE,1779326520000,1779326580000,3.74e-06,3.75e-06,21.789503324776348,target,3483533705.0,10
PEPE,1779327720000,1779327780000,3.74e-06,3.75e-06,21.79399185022414,target,3484251295.0,10
PEPE,1779328320000,1779328380000,3.75e-06,3.76e-06,21.756470169826137,target,3483822285.0,10
PEPE,1779328920000,1779328980000,3.74e-06,3.75e-06,21.802963027680654,target,3485685536.0,10
PEPE,1779329520000,1779329580000,3.74e-06,3.75e-06,21.807454330351906,target,3486403570.0,10
PEPE,1779330240000,1779330300000,3.75e-06,3.76e-06,21.769909466030356,target,3485974294.0,10
PEPE,1779331320000,1779331380000,3.76e-06,3.77e-06,21.732367251510222,target,3485544066.0,10
PEPE,1779331920000,1779331980000,3.76e-06,3.77e-06,21.73682676044,target,3486259304.0,10
PEPE,1779332520000,1779332580000,3.75e-06,3.76e-06,21.783322495767088,target,3488122097.0,10
PEPE,1779333120000,1779333180000,3.76e-06,3.77e-06,21.745757144703923,target,3487691603.0,10
PEPE,1779333720000,1779333780000,3.76e-06,3.77e-06,21.75021940326983,target,3488407282.0,10
PEPE,1779334380000,1779334440000,3.7700000000000003e-06,3.7800000000000002e-06,21.71264902507643,target,3487975747.0,10
PEPE,1779335160000,1779335220000,3.7700000000000003e-06,3.7800000000000002e-06,21.71709587872369,target,3488690101.0,10
PEPE,1779335580000,1779335640000,3.7700000000000003e-06,3.7800000000000002e-06,21.721543641226642,target,3489404601.0,10
PEPE,1779336720000,1779336780000,3.7800000000000002e-06,3.79e-06,21.68396058845557,target,3488971937.0,10
PEPE,1779337920000,1779337980000,3.7700000000000003e-06,3.7800000000000002e-06,21.73043329605033,target,3490832658.0,10
PEPE,1779338520000,1779338580000,3.7700000000000003e-06,3.7800000000000002e-06,21.734883791324414,target,3491547597.0,10
PEPE,1779408120000,1779408180000,3.79e-06,3.8e-06,20.401256978641037,target,3287873808.0,11
PEPE,1779408780000,1779408840000,3.7800000000000002e-06,3.79e-06,20.44502324694648,target,3289625623.0,11
PEPE,1779410220000,1779410280000,3.7800000000000002e-06,3.79e-06,20.44920238074993,target,3290298050.0,11
PEPE,1779412320000,1779412380000,3.7700000000000003e-06,3.7800000000000002e-06,20.493028773375293,target,3292052815.0,11
PEPE,1779413040000,1779413100000,3.7700000000000003e-06,3.7800000000000002e-06,20.497225842673462,target,3292727043.0,11
PEPE,1779413520000,1779413580000,3.7800000000000002e-06,3.79e-06,20.46176113069084,target,3292318766.0,11
PEPE,1779414720000,1779414840000,3.79e-06,3.8e-06,20.426299012155113,target,3291909591.0,11
PEPE,1779415320000,1779415380000,3.8e-06,3.81e-06,20.390839520205862,target,3291499519.0,11
PEPE,1779415920000,1779415980000,3.8e-06,3.81e-06,20.394991440179002,target,3292169724.0,11
PEPE,1779416760000,1779416820000,3.79e-06,3.8e-06,20.43878705864536,target,3293922169.0,11
PEPE,1779417360000,1779417420000,3.79e-06,3.8e-06,20.442956824848217,target,3294594170.0,11
PEPE,1779418440000,1779418500000,3.8e-06,3.81e-06,20.407468417982336,target,3294183764.0,11
PEPE,1779419520000,1779419580000,3.8e-06,3.81e-06,20.41162372042506,target,3294854515.0,11
PEPE,1779420420000,1779420600000,3.79e-06,3.8e-06,20.455455053743,target,3296608389.0,11
PEPE,1779421920000,1779421980000,3.7800000000000002e-06,3.79e-06,20.499337586254722,target,3298364857.0,11
PEPE,1779423120000,1779423180000,3.8e-06,3.81e-06,20.42411896108525,target,3296871503.0,11
PEPE,1779423780000,1779423840000,3.79e-06,3.8e-06,20.467977122249824,target,3298626450.0,11
PEPE,1779425520000,1779425580000,3.7800000000000002e-06,3.79e-06,20.511886522711006,target,3300383994.0,11
PEPE,1779426120000,1779426180000,3.7800000000000002e-06,3.79e-06,20.516079323301007,target,3301058620.0,11
PEPE,1779426780000,1779426840000,3.7800000000000002e-06,3.79e-06,20.520272987773918,target,3301733385.0,11
PEPE,1779427320000,1779427860000,3.79e-06,3.8e-06,20.484709463200925,target,3301323040.0,11
PEPE,1779429480000,1779429540000,3.7800000000000002e-06,3.79e-06,20.528654754300064,target,3303082020.0,11
PEPE,1779430860000,1779430920000,3.7700000000000003e-06,3.7800000000000002e-06,20.572651428675176,target,3304843603.0,11
PEPE,1779431220000,1779431280000,3.7700000000000003e-06,3.7800000000000002e-06,20.576864807474283,target,3305520451.0,11
PEPE,1779496320000,1779496380000,3.6000000000000003e-06,3.61e-06,21.261992816673995,target,3324783865.0,11
PEPE,1779497220000,1779497280000,3.5900000000000004e-06,3.6000000000000003e-06,21.306792207328414,target,3326587386.0,11
PEPE,1779498420000,1779498480000,3.61e-06,3.62e-06,21.230716883115413,target,3325092699.0,11
PEPE,1779499080000,1779499140000,3.61e-06,3.62e-06,21.235200385420825,target,3325794892.0,11
PEPE,1779499620000,1779499680000,3.61e-06,3.62e-06,21.239684832706203,target,3326497233.0,11
PEPE,1779500880000,1779500940000,3.61e-06,3.62e-06,21.244170224969736,target,3327199722.0,11
PEPE,1779501420000,1779501600000,3.62e-06,3.63e-06,21.208366511250674,target,3326802590.0,11
PEPE,1779502260000,1779502320000,3.61e-06,3.62e-06,21.25313534600471,target,3328603813.0,11
PEPE,1779502620000,1779504360000,3.62e-06,3.63e-06,21.217316526749606,target,3328206514.0,11
PEPE,1779504840000,1779504900000,3.62e-06,3.63e-06,21.221788703999238,target,3328908032.0,11
PEPE,1779505320000,1779505380000,3.62e-06,3.63e-06,21.22626181837488,target,3329609697.0,11
PEPE,1779506160000,1779506220000,3.62e-06,3.63e-06,21.230735882625616,target,3330311511.0,11
PEPE,1779506520000,1779506580000,3.62e-06,3.63e-06,21.235210884000537,target,3331013472.0,11
PEPE,1779507180000,1779507240000,3.62e-06,3.63e-06,21.239686828873282,target,3331715581.0,11
PEPE,1779507780000,1779507840000,3.62e-06,3.63e-06,21.244163723626578,target,3332417839.0,11
PEPE,1779508920000,1779510180000,3.62e-06,3.58e-06,-151.29032787516095,stop,3333120244.0,11
PEPE,1779511020000,1779511080000,3.6000000000000003e-06,3.61e-06,21.297391284002334,target,3330319200.0,11
PEPE,1779511920000,1779511980000,3.5900000000000004e-06,3.6000000000000003e-06,21.342265268624928,target,3332125725.0,11
PEPE,1779513600000,1779513660000,3.58e-06,3.59e-06,21.387192575949864,target,3333934930.0,11
PEPE,1779514620000,1779514680000,3.58e-06,3.59e-06,21.391734851413617,target,3334643001.0,11
PEPE,1779515280000,1779515340000,3.58e-06,3.59e-06,21.39627808271378,target,3335351221.0,11
PEPE,1779515820000,1779515880000,3.58e-06,3.59e-06,21.400822282679464,target,3336059592.0,11
PEPE,1779516420000,1779516480000,3.58e-06,3.59e-06,21.40536745131067,target,3336768114.0,11
PEPE,1779517020000,1779517080000,3.58e-06,3.59e-06,21.409913582191933,target,3337476786.0,11
PEPE,1779580920000,1779580980000,3.6400000000000003e-06,3.65e-06,21.17213353976994,target,3331570974.0,11
PEPE,1779581520000,1779581580000,3.63e-06,3.64e-06,21.216908865524175,target,3333371385.0,11
PEPE,1779582720000,1779582780000,3.6400000000000003e-06,3.65e-06,21.181034365480446,target,3332971576.0,11
PEPE,1779583320000,1779583680000,3.6400000000000003e-06,3.65e-06,21.185481950359666,target,3333671432.0,11
PEPE,1779584220000,1779584280000,3.63e-06,3.64e-06,21.230285504970915,target,3335472978.0,11
PEPE,1779584820000,1779584880000,3.6400000000000003e-06,3.65e-06,21.19438838753501,target,3335072917.0,11
PEPE,1779585480000,1779585540000,3.63e-06,3.64e-06,21.239210775298407,target,3336875220.0,11
PEPE,1779586620000,1779586740000,3.6400000000000003e-06,3.65e-06,21.20329857416085,target,3336474992.0,11
PEPE,1779587220000,1779587280000,3.6400000000000003e-06,3.65e-06,21.207750829965928,target,3337175583.0,11
PEPE,1779588420000,1779588480000,3.6400000000000003e-06,3.65e-06,21.21220401995727,target,3337876321.0,11
PEPE,1779589080000,1779589140000,3.63e-06,3.64e-06,21.257064084735457,target,3339680139.0,11
PEPE,1779589920000,1779589980000,3.62e-06,3.63e-06,21.301977285375642,target,3341486633.0,11
PEPE,1779591360000,1779591420000,3.63e-06,3.64e-06,21.26601762839411,target,3341086823.0,11
PEPE,1779591720000,1779591780000,3.63e-06,3.64e-06,21.270491561436423,target,3341789719.0,11
PEPE,1779592440000,1779592500000,3.63e-06,3.64e-06,21.27496643013123,target,3342492762.0,11
PEPE,1779593520000,1779593580000,3.62e-06,3.63e-06,21.319917453376384,target,3344300777.0,11
PEPE,1779594720000,1779594780000,3.61e-06,3.62e-06,21.36492176148992,target,3346111474.0,11
PEPE,1779596580000,1779596640000,3.62e-06,3.63e-06,21.328914541873733,target,3345712085.0,11
PEPE,1779597120000,1779597180000,3.62e-06,3.63e-06,21.33341024287622,target,3346417293.0,11
PEPE,1779598320000,1779598380000,3.62e-06,3.63e-06,21.337906887374707,target,3347122649.0,11
PEPE,1779598920000,1779598980000,3.62e-06,3.63e-06,21.34240448175011,target,3347828154.0,11
PEPE,1779599520000,1779599580000,3.61e-06,3.62e-06,21.38745625260085,target,3349640760.0,11
PEPE,1779600720000,1779600840000,3.61e-06,3.62e-06,21.39197285474517,target,3350348137.0,11
PEPE,1779601620000,1779601680000,3.6000000000000003e-06,3.61e-06,21.437087609717615,target,3352163817.0,11
PEPE,1779667320000,1779667380000,3.57e-06,3.58e-06,21.56360193630079,target,3356202636.0,11
PEPE,1779667920000,1779667980000,3.58e-06,3.59e-06,21.527495214155508,target,3355805957.0,11
PEPE,1779669120000,1779669540000,3.5900000000000004e-06,3.6000000000000003e-06,21.491390449725163,target,3355408345.0,11
PEPE,1779670020000,1779670080000,3.58e-06,3.59e-06,21.536631681679747,target,3357230192.0,11
PEPE,1779671220000,1779671280000,3.58e-06,3.59e-06,21.541205692150857,target,3357943210.0,11
PEPE,1779671820000,1779671880000,3.57e-06,3.58e-06,21.586510357325412,target,3359768149.0,11
PEPE,1779672540000,1779672600000,3.57e-06,3.58e-06,21.591103628376608,target,3360483055.0,11
PEPE,1779673080000,1779673140000,3.57e-06,3.58e-06,21.595697876025483,target,3361198113.0,11
PEPE,1779673620000,1779673680000,3.57e-06,3.58e-06,21.600293100275678,target,3361913323.0,11
PEPE,1779675120000,1779675180000,3.57e-06,3.58e-06,21.60488930112355,target,3362628685.0,11
PEPE,1779676560000,1779676620000,3.5500000000000003e-06,3.5600000000000002e-06,21.691113589510138,target,3365572318.0,11
PEPE,1779677520000,1779677580000,3.5500000000000003e-06,3.5600000000000002e-06,21.69574655197971,target,3366291164.0,11
PEPE,1779678120000,1779678180000,3.5500000000000003e-06,3.5600000000000002e-06,21.700380500534468,target,3367010163.0,11
PEPE,1779679080000,1779679140000,3.54e-06,3.55e-06,21.745895746635572,target,3368845197.0,11
PEPE,1779680700000,1779680760000,3.54e-06,3.55e-06,21.750549156135104,target,3369566097.0,11
PEPE,1779681480000,1779681600000,3.5500000000000003e-06,3.5600000000000002e-06,21.71430576088592,target,3369170793.0,11
PEPE,1779682620000,1779682680000,3.5500000000000003e-06,3.5600000000000002e-06,21.718943679561484,target,3369890408.0,11
PEPE,1779683820000,1779683880000,3.5600000000000002e-06,3.57e-06,21.68269440479829,target,3369494080.0,11
PEPE,1779684480000,1779684540000,3.57e-06,3.58e-06,21.64644702994929,target,3369096814.0,11
PEPE,1779685080000,1779685140000,3.58e-06,3.59e-06,21.610201589564372,target,3368698611.0,11
PEPE,1779685620000,1779685680000,3.58e-06,3.59e-06,21.614791220559365,target,3369414064.0,11
PEPE,1779686220000,1779686280000,3.5900000000000004e-06,3.6000000000000003e-06,21.578540050198924,target,3369014840.0,11
PEPE,1779686880000,1779686940000,3.5900000000000004e-06,3.6000000000000003e-06,21.583114302646184,target,3369729009.0,11
PEPE,1779687420000,1779687480000,3.5900000000000004e-06,3.6000000000000003e-06,21.587689528650447,target,3370443330.0,11
PEPE,1779753720000,1779753780000,3.5900000000000004e-06,3.6000000000000003e-06,21.59226572181035,target,3371157802.0,11
PEPE,1779754320000,1779754380000,3.5900000000000004e-06,3.6000000000000003e-06,21.59684288212589,target,3371872425.0,11
PEPE,1779754920000,1779754980000,3.58e-06,3.59e-06,21.64230609856721,target,3373703211.0,11
PEPE,1779755520000,1779755580000,3.58e-06,3.59e-06,21.646902555119976,target,3374419728.0,11
PEPE,1779760920000,1779760980000,3.52e-06,3.53e-06,21.897484312025366,target,3381850859.0,11
PEPE,1779761520000,1779761580000,3.53e-06,3.54e-06,21.861113641247226,target,3381456093.0,11
PEPE,1779762240000,1779762300000,3.53e-06,3.54e-06,21.865800507645584,target,3382181053.0,11
PEPE,1779762720000,1779762780000,3.53e-06,3.54e-06,21.870488382584863,target,3382906169.0,11
PEPE,1779763920000,1779763980000,3.54e-06,3.55e-06,21.834103915494232,target,3382510289.0,11
PEPE,1779764520000,1779764580000,3.53e-06,3.54e-06,21.879858333361774,target,3384355504.0,11
PEPE,1779765240000,1779765300000,3.52e-06,3.53e-06,21.92566740350215,target,3386203460.0,11
PEPE,1779767520000,1779767580000,3.53e-06,3.54e-06,21.889249922489686,target,3385808186.0,11
PEPE,1779768120000,1779768180000,3.54e-06,3.55e-06,21.85283424698584,target,3385411967.0,11
PEPE,1779768780000,1779768840000,3.53e-06,3.54e-06,21.898627915724788,target,3387258765.0,11
PEPE,1779769980000,1779770040000,3.5500000000000003e-06,3.5600000000000002e-06,21.821097696514357,target,3385740527.0,11
PEPE,1779770520000,1779770580000,3.5500000000000003e-06,3.5600000000000002e-06,21.82575842404586,target,3386463681.0,11
PEPE,1779771180000,1779771240000,3.5500000000000003e-06,3.5600000000000002e-06,21.830420144107563,target,3387186989.0,11
PEPE,1779771720000,1779771780000,3.5500000000000003e-06,3.5600000000000002e-06,21.835082856695827,target,3387910451.0,11
PEPE,1779773520000,1779773580000,3.57e-06,3.58e-06,21.75756013827486,target,3386390683.0,11
PEPE,1779774120000,1779774180000,3.57e-06,3.58e-06,21.762189806951984,target,3387111254.0,11
PEPE,1779774720000,1779774780000,3.57e-06,3.58e-06,21.76682045222497,target,3387831977.0,11
PEPE,1779775320000,1779775380000,3.5600000000000002e-06,3.57e-06,21.812557930018414,target,3389674892.0,11
PEPE,1779776820000,1779776880000,3.5600000000000002e-06,3.57e-06,21.817208060505273,target,3390397523.0,11
PEPE,1779777420000,1779777480000,3.5600000000000002e-06,3.57e-06,21.821859188415637,target,3391120309.0,11
PEPE,1779840720000,1779840780000,3.52e-06,3.53e-06,21.991312598150344,target,3396341714.0,11
PEPE,1779841980000,1779842040000,3.52e-06,3.53e-06,21.996036240149984,target,3397071234.0,11
PEPE,1779842580000,1779842640000,3.52e-06,3.53e-06,22.00076089225089,target,3397800910.0,11
PEPE,1779843120000,1779843180000,3.53e-06,3.54e-06,21.964218683129797,target,3397404282.0,11
PEPE,1779843720000,1779843780000,3.53e-06,3.54e-06,21.96892765982999,target,3398132662.0,11
PEPE,1779844440000,1779844500000,3.53e-06,3.54e-06,21.973637638603357,target,3398861197.0,11
PEPE,1779844920000,1779846780000,3.53e-06,3.52e-06,-51.96273143807855,time,3399589888.0,11
PEPE,1779847380000,1779847440000,3.5100000000000003e-06,3.52e-06,22.049782551435243,target,3400120671.0,11
PEPE,1779848220000,1779848280000,3.5100000000000003e-06,3.52e-06,22.05452763242001,target,3400852372.0,11
PEPE,1779849720000,1779849780000,3.5100000000000003e-06,3.52e-06,22.059273744519636,target,3401584232.0,11
PEPE,1779850320000,1779850380000,3.5000000000000004e-06,3.5100000000000003e-06,22.105375833569582,target,3403445086.0,11
PEPE,1779850920000,1779850980000,3.5100000000000003e-06,3.52e-06,22.068777920576235,target,3403049795.0,11
PEPE,1779851520000,1779851580000,3.52e-06,3.53e-06,22.03218174919997,target,3402653552.0,11
PEPE,1779852780000,1779852840000,3.52e-06,3.53e-06,22.03691416482458,target,3403384427.0,11
PEPE,1779853620000,1779853680000,3.5100000000000003e-06,3.52e-06,22.083010705716294,target,3405244519.0,11
PEPE,1779854280000,1779854340000,3.5100000000000003e-06,3.52e-06,22.0877629461417,target,3405977324.0,11
PEPE,1779854820000,1779854880000,3.5100000000000003e-06,3.52e-06,22.092516204711924,target,3406710286.0,11
PEPE,1779855480000,1779855540000,3.5000000000000004e-06,3.5100000000000003e-06,22.138687766278938,target,3408573944.0,11
PEPE,1779858720000,1779858780000,3.5000000000000004e-06,3.5100000000000003e-06,22.143460915800336,target,3409308840.0,11
PEPE,1779859920000,1779859980000,3.5100000000000003e-06,3.52e-06,22.10679994898022,target,3408912868.0,11
PEPE,1779862380000,1779862440000,3.52e-06,3.53e-06,22.07014072445017,target,3408515942.0,11
PEPE,1779863520000,1779864780000,3.54e-06,3.55e-06,21.99211271045557,target,3406988801.0,11
PEPE,1779865320000,1779865380000,3.54e-06,3.55e-06,21.996818805667488,target,3407717863.0,11
PEPE,1779865980000,1779866040000,3.53e-06,3.54e-06,22.04291419948715,target,3409576829.0,11
PEPE,1779926520000,1779926580000,3.4700000000000002e-06,3.48e-06,22.296600441899407,target,3417103516.0,11
PEPE,1779927120000,1779927180000,3.45e-06,3.46e-06,22.384660129754927,target,3420116139.0,11
PEPE,1779927900000,1779927960000,3.4600000000000003e-06,3.4700000000000002e-06,22.34789592176137,target,3419723936.0,11
PEPE,1779929820000,1779929880000,3.4600000000000003e-06,3.4700000000000002e-06,22.352750289670656,target,3420466762.0,11
PEPE,1779931020000,1779931080000,3.45e-06,3.46e-06,22.399259426391577,target,3422346742.0,11
PEPE,1779931620000,1779931680000,3.45e-06,3.46e-06,22.40413401803387,target,3423091523.0,11
PEPE,1779932880000,1779932940000,3.45e-06,3.46e-06,22.409009669970064,target,3423836466.0,11
PEPE,1779934020000,1779934080000,3.45e-06,3.46e-06,22.413886382194704,target,3424581571.0,11
PEPE,1779934680000,1779934740000,3.4600000000000003e-06,3.4700000000000002e-06,22.3770741739606,target,3424188856.0,11
PEPE,1779936420000,1779936480000,3.45e-06,3.46e-06,22.423633922689064,target,3426070882.0,11
PEPE,1779937020000,1779937080000,3.45e-06,3.46e-06,22.428513815784502,target,3426816473.0,11
PEPE,1779937860000,1779937920000,3.43e-06,3.44e-06,22.516912395183347,target,3429841949.0,11
PEPE,1779943920000,1779943980000,3.36e-06,3.37e-06,22.815083478020988,target,3438595852.0,11
PEPE,1779944520000,1779944580000,3.36e-06,3.37e-06,22.82013193672565,target,3439356735.0,11
PEPE,1779948720000,1779948780000,3.32e-06,3.33e-06,22.993444149447942,target,3444710734.0,11
PEPE,1779949320000,1779949380000,3.3300000000000003e-06,3.34e-06,22.956452431756205,target,3444328947.0,11
PEPE,1779949920000,1779949980000,3.32e-06,3.33e-06,23.003686770076182,target,3446245209.0,11
PEPE,1779950820000,1779950880000,3.34e-06,3.35e-06,22.92457077157547,target,3444713865.0,11
PEPE,1779951480000,1779951540000,3.3300000000000003e-06,3.34e-06,22.97177929908077,target,3446628552.0,11
PEPE,1779952020000,1779952080000,3.3300000000000003e-06,3.34e-06,22.976890520956083,target,3447395427.0,11
PEPE,1779952620000,1779952680000,3.34e-06,3.35e-06,22.939866989601523,target,3447012320.0,11
PEPE,1779953820000,1779953880000,3.35e-06,3.36e-06,22.902844601640084,target,3446628232.0,11
PEPE,1779954540000,1779954600000,3.35e-06,3.36e-06,22.907921813565434,target,3447392297.0,11
PEPE,1779955620000,1779955680000,3.36e-06,3.37e-06,22.870892407074752,target,3447007145.0,11
PEPE,1780012920000,1780013160000,3.39e-06,3.4e-06,22.74977035022157,target,3444325564.0,11
PEPE,1780014120000,1780014180000,3.39e-06,3.4e-06,22.75477659015491,target,3445083511.0,11
PEPE,1780014720000,1780015020000,3.39e-06,3.4e-06,22.75978392651905,target,3445841624.0,11
PEPE,1780015920000,1780015980000,3.4e-06,3.41e-06,22.722759685959904,target,3445452568.0,11
PEPE,1780016520000,1780016580000,3.4e-06,3.41e-06,22.727750748985876,target,3446209363.0,11
PEPE,1780017120000,1780017180000,3.4e-06,3.41e-06,22.73274290677955,target,3446966324.0,11
PEPE,1780018080000,1780018140000,3.3800000000000002e-06,3.39e-06,22.82188496584479,target,3450020403.0,11
PEPE,1780018620000,1780018680000,3.3800000000000002e-06,3.39e-06,22.826916348075223,target,3450781005.0,11
PEPE,1780019280000,1780019340000,3.39e-06,3.4e-06,22.789841874653263,target,3450392411.0,11
PEPE,1780019820000,1780019880000,3.39e-06,3.4e-06,22.794856932264704,target,3451151693.0,11
PEPE,1780020420000,1780020480000,3.4e-06,3.41e-06,22.75777563401412,target,3450762037.0,11
PEPE,1780021620000,1780021680000,3.3800000000000002e-06,3.39e-06,22.84701585358419,target,3453819479.0,11
PEPE,1780022580000,1780022700000,3.3800000000000002e-06,3.39e-06,22.85205277918632,target,3454580919.0,11
PEPE,1780023120000,1780023180000,3.3800000000000002e-06,3.39e-06,22.857090816106084,target,3455342527.0,11
PEPE,1780023720000,1780023780000,3.3700000000000003e-06,3.3800000000000002e-06,22.904320695250988,target,3457255954.0,11
PEPE,1780024320000,1780024380000,3.39e-06,3.4e-06,22.825007588181446,target,3455716516.0,11
PEPE,1780024980000,1780025040000,3.3800000000000002e-06,3.39e-06,22.872211608014915,target,3457628361.0,11
PEPE,1780025520000,1780025580000,3.3800000000000002e-06,3.39e-06,22.87725409021612,target,3458390641.0,11
PEPE,1780026720000,1780026780000,3.3800000000000002e-06,3.39e-06,22.88229768373678,target,3459153089.0,11
PEPE,1780028820000,1780028880000,3.36e-06,3.37e-06,22.971845066661366,target,3462222316.0,11
PEPE,1780029420000,1780029480000,3.3700000000000003e-06,3.3800000000000002e-06,22.9346534432503,target,3461834482.0,11
PEPE,1780030080000,1780030140000,3.3700000000000003e-06,3.3800000000000002e-06,22.939719024249456,target,3462599098.0,11
PEPE,1780030620000,1780030740000,3.3800000000000002e-06,3.39e-06,22.902520453155038,target,3462210197.0,11
PEPE,1780033020000,1780033080000,3.39e-06,3.4e-06,22.86532318717868,target,3461820316.0,11
PEPE,1780099320000,1780099380000,3.3800000000000002e-06,3.39e-06,22.912610577255293,target,3463735537.0,11
PEPE,1780099920000,1780100160000,3.39e-06,3.4e-06,22.875396928424102,target,3463345485.0,11
PEPE,1780101120000,1780101180000,3.3800000000000002e-06,3.39e-06,22.92270515325068,target,3465261550.0,11
PEPE,1780101720000,1780101780000,3.39e-06,3.4e-06,22.88547510162443,target,3464871325.0,11
PEPE,1780102320000,1780102380000,3.39e-06,3.4e-06,22.89051120936948,target,3465633794.0,11
PEPE,1780102920000,1780102980000,3.39e-06,3.4e-06,22.895548413545328,target,3466396429.0,11
PEPE,1780104120000,1780104180000,3.41e-06,3.42e-06,22.81604804940129,target,3464851640.0,11
PEPE,1780104720000,1780104780000,3.4200000000000003e-06,3.43e-06,22.778813920825467,target,3464458391.0,11
PEPE,1780105320000,1780105380000,3.4200000000000003e-06,3.43e-06,22.78379880310044,target,3465216548.0,11
PEPE,1780105920000,1780105980000,3.4200000000000003e-06,3.43e-06,22.788784776824187,target,3465974871.0,11
PEPE,1780106760000,1780106820000,3.43e-06,3.44e-06,22.751535798680372,target,3465580472.0,11
PEPE,1780107720000,1780107780000,3.43e-06,3.44e-06,22.7565054905499,target,3466337470.0,11
PEPE,1780108320000,1780108380000,3.43e-06,3.44e-06,22.76147625907867,target,3467094632.0,11
PEPE,1780108920000,1780108980000,3.44e-06,3.45e-06,22.724212495620613,target,3466699084.0,11
PEPE,1780110180000,1780110240000,3.44e-06,3.45e-06,22.72916700715613,target,3467454921.0,11
PEPE,1780110720000,1780110780000,3.45e-06,3.46e-06,22.691896638950627,target,3467058310.0,11
PEPE,1780111320000,1780111380000,3.44e-06,3.45e-06,22.739070065174825,target,3468965685.0,11
PEPE,1780112220000,1780112280000,3.43e-06,3.44e-06,22.786300270369185,target,3470875898.0,11
PEPE,1780113420000,1780113480000,3.4200000000000003e-06,3.43e-06,22.833587365975497,target,3472788953.0,11
PEPE,1780114020000,1780114440000,3.4200000000000003e-06,3.43e-06,22.83858423447515,target,3473548933.0,11
PEPE,1780115220000,1780115700000,3.41e-06,3.37e-06,-156.65659641419958,stop,3475465256.0,11
PEPE,1780118820000,1780118880000,3.4200000000000003e-06,3.43e-06,22.809299697325784,target,3469095011.0,11
PEPE,1780119420000,1780119480000,3.4200000000000003e-06,3.43e-06,22.814291246650583,target,3469854182.0,11
PEPE,1780120080000,1780120140000,3.43e-06,3.44e-06,22.777000580230382,target,3469459342.0,11
PEPE,1780185720000,1780186860000,3.41e-06,3.42e-06,22.866589083359095,target,3472526816.0,11
PEPE,1780187220000,1780187340000,3.41e-06,3.42e-06,22.8716024545801,target,3473288148.0,11
PEPE,1780187880000,1780187940000,3.4e-06,3.41e-06,22.918984367995737,target,3475206121.0,11
PEPE,1780189020000,1780189080000,3.4200000000000003e-06,3.43e-06,22.839293223299602,target,3473656764.0,11
PEPE,1780189680000,1780189740000,3.4200000000000003e-06,3.43e-06,22.84429134105087,target,3474416934.0,11
PEPE,1780190220000,1780190280000,3.4200000000000003e-06,3.43e-06,22.84929055025092,target,3475177270.0,11
PEPE,1780190940000,1780191000000,3.4200000000000003e-06,3.43e-06,22.854290857477075,target,3475937773.0,11
PEPE,1780191540000,1780191660000,3.43e-06,3.44e-06,22.81693481216593,target,3475542241.0,11
PEPE,1780192620000,1780192680000,3.43e-06,3.44e-06,22.82191878291145,target,3476301414.0,11
PEPE,1780193220000,1780193280000,3.44e-06,3.45e-06,22.784556062326057,target,3475904815.0,11
PEPE,1780193820000,1780193880000,3.45e-06,3.46e-06,22.74719487271057,target,3475507238.0,11
PEPE,1780194420000,1780194480000,3.44e-06,3.45e-06,22.79448325585566,target,3477419261.0,11
PEPE,1780195920000,1780196040000,3.43e-06,3.44e-06,22.841828556885005,target,3479334129.0,11
PEPE,1780197720000,1780197780000,3.44e-06,3.45e-06,22.804433241121203,target,3478937184.0,11
PEPE,1780199580000,1780199640000,3.45e-06,3.46e-06,22.767039456701077,target,3478539260.0,11
PEPE,1780200120000,1780200180000,3.45e-06,3.46e-06,22.771994087151963,target,3479296270.0,11
PEPE,1780200720000,1780200780000,3.44e-06,3.45e-06,22.819334021235523,target,3481210377.0,11
PEPE,1780202520000,1780202580000,3.4600000000000003e-06,3.4700000000000002e-06,22.73955050269604,target,3479655777.0,11
PEPE,1780203780000,1780203840000,3.4600000000000003e-06,3.4700000000000002e-06,22.74448994323606,target,3480411621.0,11
PEPE,1780204320000,1780204380000,3.45e-06,3.46e-06,22.791814166661187,target,3482324548.0,11
PEPE,1780205100000,1780205160000,3.45e-06,3.46e-06,22.79677419019026,target,3483082382.0,11
PEPE,1780205520000,1780205580000,3.45e-06,3.46e-06,22.801735287101486,target,3483840380.0,11
PEPE,1780206120000,1780206180000,3.45e-06,3.46e-06,22.806697470481296,target,3484598544.0,11
PEPE,1780206960000,1780207020000,3.44e-06,3.45e-06,22.85410954824016,target,3486515568.0,11
PEPE,1780272120000,1780272180000,3.4200000000000003e-06,3.43e-06,22.944093272624066,target,3489595935.0,11
PEPE,1780272720000,1780272780000,3.4200000000000003e-06,3.43e-06,22.949114330551758,target,3490359594.0,11
PEPE,1780273920000,1780273980000,3.43e-06,3.44e-06,22.911603287300274,target,3489962420.0,11
PEPE,1780274520000,1780274580000,3.43e-06,3.44e-06,22.916607937797362,target,3490724743.0,11
PEPE,1780275300000,1780275360000,3.43e-06,3.44e-06,22.921613684646996,target,3491487233.0,11
PEPE,1780275720000,1780275780000,3.43e-06,3.44e-06,22.926620521284136,target,3492249889.0,11
PEPE,1780277820000,1780277880000,3.41e-06,3.42e-06,23.016797523105677,target,3495337513.0,11
PEPE,1780280580000,1780280640000,3.4e-06,3.41e-06,23.064480230890897,target,3497267662.0,11
PEPE,1780281720000,1780281780000,3.41e-06,3.42e-06,23.02690057911113,target,3496871766.0,11
PEPE,1780282980000,1780283040000,3.43e-06,3.44e-06,22.946723969324367,target,3495312105.0,11
PEPE,1780283580000,1780283700000,3.44e-06,3.45e-06,22.90915692403579,target,3494913337.0,11
PEPE,1780284840000,1780284900000,3.44e-06,3.45e-06,22.914151761931265,target,3495675326.0,11
PEPE,1780285320000,1780285380000,3.43e-06,3.44e-06,22.961745614991308,target,3497600246.0,11
PEPE,1780287420000,1780287480000,3.41e-06,3.42e-06,23.05206077100154,target,3500692600.0,11
PEPE,1780290420000,1780290480000,3.4e-06,3.41e-06,23.099816531072058,target,3502625706.0,11
PEPE,1780291020000,1780291080000,3.39e-06,3.4e-06,23.14762996905462,target,3504561691.0,11
PEPE,1780292220000,1780292340000,3.39e-06,3.4e-06,23.152723758265694,target,3505332893.0,11
PEPE,1780292820000,1780292880000,3.39e-06,3.4e-06,23.15781867032412,target,3506104265.0,11
PEPE,1780293480000,1780293540000,3.39e-06,3.4e-06,23.162914705235362,target,3506875807.0,11
PEPE,1780294080000,1780294140000,3.3800000000000002e-06,3.39e-06,23.210817542325564,target,3508815955.0,11
PEPE,1780297020000,1780297080000,3.3700000000000003e-06,3.3800000000000002e-06,23.25877833525159,target,3510758994.0,11
PEPE,1780297680000,1780297740000,3.3700000000000003e-06,3.3800000000000002e-06,23.263915506001453,target,3511534416.0,11
PEPE,1780298220000,1780298280000,3.3800000000000002e-06,3.39e-06,23.22619122568554,target,3511140019.0,11
PEPE,1780299000000,1780299060000,3.36e-06,3.37e-06,23.317084393220014,target,3514255372.0,11
PEPE,1780358520000,1780358580000,3.41e-06,3.42e-06,23.107978984259773,target,3509184356.0,11
PEPE,1780359360000,1780359420000,3.4e-06,3.41e-06,23.155850592440387,target,3511122152.0,11
PEPE,1780360020000,1780360080000,3.39e-06,3.4e-06,23.203780011964156,target,3513062833.0,11
PEPE,1780360800000,1780360860000,3.4e-06,3.41e-06,23.166033503265183,target,3512666187.0,11
PEPE,1780362300000,1780362360000,3.39e-06,3.4e-06,23.21398399720527,target,3514607721.0,11
PEPE,1780363800000,1780364340000,3.39e-06,3.35e-06,-158.3503431810305,stop,3515381134.0,11
PEPE,1780364880000,1780364940000,3.3700000000000003e-06,3.3800000000000002e-06,23.26994624350064,target,3512444716.0,11
PEPE,1780367580000,1780367640000,3.3700000000000003e-06,3.3800000000000002e-06,23.275085878750243,target,3513220510.0,11
PEPE,1780368120000,1780368420000,3.3700000000000003e-06,3.3800000000000002e-06,23.280226653501703,target,3513996476.0,11
PEPE,1780369920000,1780369980000,3.39e-06,3.4e-06,23.199611854059963,target,3512431772.0,11
PEPE,1780371120000,1780371180000,3.39e-06,3.4e-06,23.20471708313162,target,3513204706.0,11
PEPE,1780371720000,1780371780000,3.39e-06,3.4e-06,23.209823435050634,target,3513977810.0,11
PEPE,1780372980000,1780373220000,3.4e-06,3.41e-06,23.172067097296203,target,3513581061.0,11
PEPE,1780374120000,1780374180000,3.39e-06,3.4e-06,23.220030082104525,target,3515523101.0,11
PEPE,1780374720000,1780374780000,3.39e-06,3.4e-06,23.225139802574702,target,3516296715.0,11
PEPE,1780375380000,1780375440000,3.39e-06,3.4e-06,23.2302506524991,target,3517070500.0,11
PEPE,1780377420000,1780377480000,3.3700000000000003e-06,3.3800000000000002e-06,23.32125148237367,target,3520188903.0,11
PEPE,1780380120000,1780380180000,3.34e-06,3.35e-06,23.455479106563956,target,3524489723.0,11
PEPE,1780381920000,1780381980000,3.3300000000000003e-06,3.34e-06,23.503780932081124,target,3526448752.0,11
PEPE,1780382520000,1780382580000,3.3300000000000003e-06,3.34e-06,23.50901053101893,target,3527233388.0,11
PEPE,1780383360000,1780383420000,3.32e-06,3.33e-06,23.55738179144998,target,3529195774.0,11
PEPE,1780383720000,1780383780000,3.32e-06,3.33e-06,23.56263293385034,target,3529982462.0,11
PEPE,1780384320000,1780384380000,3.32e-06,3.33e-06,23.567885244376477,target,3530769325.0,11
PEPE,1780384980000,1780385040000,3.3300000000000003e-06,3.34e-06,23.529969363334622,target,3530377999.0,11
PEPE,1780444920000,1780444980000,3.1100000000000003e-06,3.12e-06,24.4918474287756,target,3557276315.0,11
PEPE,1780445520000,1780445640000,3.12e-06,3.13e-06,24.45371764000004,target,3556904384.0,11
PEPE,1780446120000,1780446180000,3.13e-06,3.14e-06,24.4155882051651,target,3556531421.0,11
PEPE,1780447020000,1780447080000,3.13e-06,3.14e-06,24.421221287779456,target,3557351972.0,11
PEPE,1780447620000,1780447680000,3.13e-06,3.14e-06,24.42685566787982,target,3558172712.0,11
PEPE,1780448460000,1780448520000,3.12e-06,3.13e-06,24.47630308750038,target,3560189540.0,11
PEPE,1780448820000,1780448880000,3.13e-06,3.14e-06,24.43813843954532,target,3559816233.0,11
PEPE,1780449720000,1780449780000,3.12e-06,3.13e-06,24.48760869500036,target,3561833992.0,11
PEPE,1780450320000,1780450380000,3.14e-06,3.15e-06,24.405613757594903,target,3560264589.0,11
PEPE,1780451820000,1780451880000,3.13e-06,3.14e-06,24.455057197718794,target,3562280728.0,11
PEPE,1780452420000,1780452480000,3.13e-06,3.14e-06,24.460699383325977,target,3563102605.0,11
PEPE,1780453020000,1780453080000,3.13e-06,3.14e-06,24.46634287328155,target,3563924672.0,11
PEPE,1780457220000,1780457520000,3.1100000000000003e-06,3.12e-06,24.5597822883457,target,3567143397.0,11
PEPE,1780459920000,1780459980000,3.09e-06,3.1e-06,24.65340206728589,target,3570369597.0,11
PEPE,1780460520000,1780460580000,3.09e-06,3.1e-06,24.659130855775203,target,3571199255.0,11
PEPE,1780461780000,1780461840000,3.1100000000000003e-06,3.12e-06,24.57688700367087,target,3569627742.0,11
PEPE,1780462380000,1780462440000,3.1100000000000003e-06,3.12e-06,24.58257764206394,target,3570454269.0,11
PEPE,1780462920000,1780462980000,3.13e-06,3.14e-06,24.50037313823658,target,3568881739.0,11
PEPE,1780463520000,1780463640000,3.18e-06,3.19e-06,24.286749878170472,target,3563719718.0,11
PEPE,1780464240000,1780464300000,3.1600000000000002e-06,3.17e-06,24.379945190626174,target,3566926875.0,11
PEPE,1780464720000,1780464780000,3.1500000000000003e-06,3.1600000000000002e-06,24.429415074575488,target,3568943035.0,11
PEPE,1780465920000,1780465980000,3.17e-06,3.18e-06,24.34728993742441,target,3567368489.0,11
PEPE,1780466520000,1780466580000,3.18e-06,3.19e-06,24.309030518865335,target,3566989071.0,11
PEPE,1780467120000,1780467180000,3.17e-06,3.18e-06,24.358435367176053,target,3569001519.0,11
PEPE,1780531320000,1780531380000,3.13e-06,3.14e-06,24.53973597729543,target,3574615583.0,11
PEPE,1780531920000,1780531980000,3.13e-06,3.14e-06,24.54539770069163,target,3575440306.0,11
PEPE,1780532520000,1780532760000,3.14e-06,3.1e-06,-159.69812339774936,stop,3575064325.0,11
PEPE,1780541220000,1780541340000,3e-06,3.01e-06,25.087987011134633,target,3586559973.0,11
PEPE,1780541820000,1780541880000,3e-06,3.01e-06,25.09391070589901,target,3587406820.0,11
PEPE,1780542420000,1780542480000,3.0300000000000002e-06,3.04e-06,24.96691802139601,target,3584625703.0,11
PEPE,1780543020000,1780543080000,3.05e-06,3.06e-06,24.884298508246715,target,3583052341.0,11
PEPE,1780543620000,1780543920000,3.0700000000000003e-06,3.08e-06,24.8017373313759,target,3581478315.0,11
PEPE,1780545480000,1780545540000,3.09e-06,3.1e-06,24.719234558243777,target,3579903629.0,11
PEPE,1780546020000,1780546080000,3.1e-06,3.11e-06,24.680869616655354,target,3579531489.0,11
PEPE,1780546620000,1780546680000,3.1e-06,3.11e-06,24.686594555841275,target,3580361792.0,11
PEPE,1780548780000,1780548840000,3.08e-06,3.09e-06,24.780609503429478,target,3583602242.0,11
PEPE,1780553220000,1780553280000,3.04e-06,3.05e-06,24.96335364029055,target,3589267238.0,11
PEPE,1780554480000,1780554540000,3.0600000000000003e-06,3.0700000000000003e-06,24.880638194601104,target,3587691160.0,11
PEPE,1780555020000,1780555080000,3.0600000000000003e-06,3.0700000000000003e-06,24.88645077178714,target,3588529311.0,11
PEPE,1780555620000,1780555680000,3.0600000000000003e-06,3.0700000000000003e-06,24.892264708231608,target,3589367658.0,11
PEPE,1780561920000,1780562640000,3e-06,2.96e-06,-159.94368621504117,stop,3597473824.0,11
PEPE,1780563120000,1780563180000,2.99e-06,3e-06,25.170977011124204,target,3593287225.0,11
PEPE,1780568520000,1780568580000,2.9300000000000003e-06,2.9400000000000002e-06,25.444102695660156,target,3601429964.0,11
PEPE,1780569420000,1780569480000,2.9300000000000003e-06,2.9400000000000002e-06,25.450184961226395,target,3602290865.0,11
PEPE,1780570020000,1780570080000,2.92e-06,2.93e-06,25.500924110426073,target,3604370899.0,11
PEPE,1780572120000,1780572180000,2.9300000000000003e-06,2.9400000000000002e-06,25.462364519611768,target,3604014794.0,11
PEPE,1780572780000,1780572840000,2.9400000000000002e-06,2.95e-06,25.423804544375905,target,3603657625.0,11
PEPE,1780573620000,1780573680000,2.92e-06,2.93e-06,25.519216020600936,target,3606956328.0,11
PEPE,1780617720000,1780617780000,2.9400000000000002e-06,2.95e-06,23.86249999875543,target,3382352941.0,12
PEPE,1780618320000,1780618380000,2.9400000000000002e-06,2.95e-06,23.86819418802525,target,3383160055.0,12
PEPE,1780619220000,1780619280000,2.9400000000000002e-06,2.95e-06,23.873889731856316,target,3383967361.0,12
PEPE,1780619880000,1780619940000,2.95e-06,2.96e-06,23.837680176605545,target,3383630969.0,12
PEPE,1780623480000,1780623960000,2.9400000000000002e-06,2.95e-06,23.885274907424897,target,3385581135.0,12
PEPE,1780630320000,1780630380000,2.8900000000000003e-06,2.9e-06,24.101032714254575,target,3392122831.0,12
PEPE,1780631520000,1780631580000,2.88e-06,2.89e-06,24.148941548744734,target,3394088763.0,12
PEPE,1780632720000,1780632780000,2.9e-06,2.91e-06,24.07055879745008,target,3392608710.0,12
PEPE,1780633320000,1780633380000,2.8900000000000003e-06,2.9e-06,24.118441932342122,target,3394573108.0,12
PEPE,1780633920000,1780633980000,2.9e-06,2.91e-06,24.082138752705426,target,3394240839.0,12
PEPE,1780635780000,1780635840000,2.9e-06,2.91e-06,24.087925761075866,target,3395056485.0,12
PEPE,1780636320000,1780636380000,2.8900000000000003e-06,2.9e-06,24.13584344150148,target,3397022300.0,12
PEPE,1780636980000,1780637040000,2.8900000000000003e-06,2.9e-06,24.141653498408928,target,3397840042.0,12
PEPE,1780637700000,1780637880000,2.9e-06,2.86e-06,-150.54355524243167,stop,3397507453.0,12
PEPE,1780644720000,1780644780000,2.7500000000000004e-06,2.7600000000000003e-06,24.70344125130024,target,3409722740.0,12
PEPE,1780645440000,1780645500000,2.78e-06,2.79e-06,24.582124754070843,target,3407085898.0,12
PEPE,1780646520000,1780646580000,2.79e-06,2.8e-06,24.545733892296074,target,3406763899.0,12
PEPE,1780651320000,1780651380000,2.77e-06,2.78e-06,24.636640643499884,target,3409915660.0,12
PEPE,1780651920000,1780652100000,2.79e-06,2.8e-06,24.557780652295968,target,3408435899.0,12
PEPE,1780652520000,1780652580000,2.78e-06,2.79e-06,24.60624949906557,target,3410429591.0,12
PEPE,1780653120000,1780653180000,2.79e-06,2.8e-06,24.569822923580315,target,3410107276.0,12
PEPE,1780653720000,1780654080000,2.81e-06,2.77e-06,-150.576058851,stop,3408626120.0,12
PEPE,1780655220000,1780655280000,2.78e-06,2.79e-06,24.581369596094756,target,3406981233.0,12
PEPE,1780656120000,1780656300000,2.79e-06,2.8e-06,24.544979853018237,target,3406659244.0,12
PEPE,1780704420000,1780704480000,2.7100000000000003e-06,2.7200000000000002e-06,24.891253671884325,target,3416781561.0,12
PEPE,1780705020000,1780705080000,2.73e-06,2.74e-06,24.81217466037623,target,3415302775.0,12
PEPE,1780706220000,1780706280000,2.7200000000000002e-06,2.73e-06,24.860941518976823,target,3417311549.0,12
PEPE,1780707000000,1780707060000,2.73e-06,2.74e-06,24.82446800661871,target,3416994908.0,12
PEPE,1780707480000,1780707540000,2.73e-06,2.74e-06,24.830611690194424,target,3417840563.0,12
PEPE,1780708020000,1780708080000,2.74e-06,2.75e-06,24.79412803733488,target,3417522817.0,12
PEPE,1780710120000,1780710420000,2.7200000000000002e-06,2.73e-06,24.88556150122397,target,3420695739.0,12
PEPE,1780714500000,1780714560000,2.69e-06,2.7e-06,25.01994252643421,target,3425043467.0,12
PEPE,1780723620000,1780723680000,2.61e-06,2.62e-06,25.369446189430104,target,3435266918.0,12
PEPE,1780724340000,1780724400000,2.6e-06,2.61e-06,25.41890620764152,target,3437309832.0,12
PEPE,1780725480000,1780725540000,2.6200000000000003e-06,2.6300000000000002e-06,25.339242540374908,target,3435829497.0,12
PEPE,1780726020000,1780726080000,2.64e-06,2.65e-06,25.259632945364377,target,3434348463.0,12
PEPE,1780726620000,1780726680000,2.64e-06,2.65e-06,25.265981222386383,target,3435211587.0,12
PEPE,1780727220000,1780727280000,2.65e-06,2.66e-06,25.229353757724486,target,3434901805.0,12
PEPE,1780727940000,1780728000000,2.66e-06,2.67e-06,25.192724874975625,target,3434590985.0,12
PEPE,1780728420000,1780728480000,2.64e-06,2.65e-06,25.285003216169915,target,3437797854.0,12
PEPE,1780730520000,1780730580000,2.6700000000000003e-06,2.68e-06,25.162416849400763,target,3435142232.0,12
PEPE,1780732320000,1780732380000,2.68e-06,2.69e-06,25.125776014955065,target,3434829257.0,12
PEPE,1780732920000,1780732980000,2.6700000000000003e-06,2.68e-06,25.174990893124594,target,3436858825.0,12
PEPE,1780733520000,1780733580000,2.68e-06,2.69e-06,25.138331744294533,target,3436545693.0,12
PEPE,1780734120000,1780734180000,2.68e-06,2.69e-06,25.144606602499504,target,3437403500.0,12
PEPE,1780734720000,1780734780000,2.7100000000000003e-06,2.7200000000000002e-06,25.02213272548925,target,3434747114.0,12
PEPE,1780735920000,1780735980000,2.7100000000000003e-06,2.7200000000000002e-06,25.028346611940737,target,3435600084.0,12
PEPE,1780736820000,1780736880000,2.7e-06,2.71e-06,25.07747084422018,target,3437624516.0,12
PEPE,1780790520000,1780790580000,2.68e-06,2.69e-06,25.169635950303423,target,3440825147.0,12
PEPE,1780791420000,1780791480000,2.6700000000000003e-06,2.68e-06,25.21893673985027,target,3442858258.0,12
PEPE,1780792320000,1780792380000,2.68e-06,2.69e-06,25.182213602700983,target,3442544580.0,12
PEPE,1780792920000,1780792980000,2.6700000000000003e-06,2.68e-06,25.23153902877428,target,3444578707.0,12
PEPE,1780793580000,1780793640000,2.6700000000000003e-06,2.68e-06,25.237847912099927,target,3445439988.0,12
PEPE,1780794480000,1780794540000,2.69e-06,2.7e-06,25.158065466436394,target,3443951467.0,12
PEPE,1780795620000,1780795680000,2.74e-06,2.75e-06,24.949561544230434,target,3438947146.0,12
PEPE,1780796220000,1780796280000,2.7500000000000004e-06,2.7600000000000003e-06,24.912848094120623,target,3438626376.0,12
PEPE,1780797060000,1780797120000,2.73e-06,2.74e-06,25.004797838744793,target,3441816633.0,12
PEPE,1780798620000,1780798680000,2.73e-06,2.74e-06,25.010986143949047,target,3442668430.0,12
PEPE,1780800720000,1780800900000,2.73e-06,2.74e-06,25.01717598933467,target,3443520439.0,12
PEPE,1780801920000,1780801980000,2.73e-06,2.74e-06,25.023367360369452,target,3444372658.0,12
PEPE,1780802520000,1780802580000,2.73e-06,2.74e-06,25.02956027158379,target,3445225089.0,12
PEPE,1780803120000,1780803180000,2.73e-06,2.74e-06,25.035754708450924,target,3446077730.0,12
PEPE,1780804020000,1780804080000,2.7200000000000002e-06,2.73e-06,25.08496100137541,target,3448104605.0,12
PEPE,1780804620000,1780804680000,2.7200000000000002e-06,2.73e-06,25.091179816875798,target,3448959425.0,12
PEPE,1780805220000,1780805280000,2.7200000000000002e-06,2.73e-06,25.097400167401464,target,3449814456.0,12
PEPE,1780805820000,1780805880000,2.7200000000000002e-06,2.73e-06,25.103622067500076,target,3450669700.0,12
PEPE,1780808220000,1780808280000,2.74e-06,2.75e-06,25.023768840153714,target,3449175581.0,12
PEPE,1780808820000,1780808880000,2.73e-06,2.74e-06,25.072985523181597,target,3451202412.0,12
PEPE,1780809420000,1780809480000,2.74e-06,2.75e-06,25.036145746819525,target,3450881564.0,12
PEPE,1780810020000,1780810080000,2.7500000000000004e-06,2.7600000000000003e-06,24.999304888845927,target,3450559681.0,12
PEPE,1780810620000,1780810680000,2.7500000000000004e-06,2.7600000000000003e-06,25.005470608440525,target,3451410712.0,12
PEPE,1780811220000,1780811280000,2.74e-06,2.75e-06,25.054685369704313,target,3453436991.0,12
PEPE,1780876920000,1780876980000,2.81e-06,2.82e-06,24.760082364284074,target,3446079661.0,12
PEPE,1780878180000,1780878240000,2.8000000000000003e-06,2.81e-06,24.8090194937027,target,3448091660.0,12
PEPE,1780878720000,1780878900000,2.82e-06,2.83e-06,24.729307243198356,target,3446593344.0,12
PEPE,1780879320000,1780879380000,2.83e-06,2.84e-06,24.69247706038193,target,3446263372.0,12
PEPE,1780879980000,1780880040000,2.83e-06,2.84e-06,24.6984835085398,target,3447101676.0,12
PEPE,1780885140000,1780885200000,2.79e-06,2.8e-06,24.87617376678358,target,3452626477.0,12
PEPE,1780888620000,1780890480000,2.81e-06,2.8000000000000003e-06,-49.02325696106957,time,3451126854.0,12
PEPE,1780891080000,1780891140000,2.81e-06,2.82e-06,24.78438012307695,target,3449461395.0,12
PEPE,1780898520000,1780898580000,2.7600000000000003e-06,2.77e-06,25.005399015454774,target,3456171253.0,12
PEPE,1780899720000,1780899780000,2.77e-06,2.78e-06,24.96849272540097,target,3455846744.0,12
PEPE,1780900320000,1780900380000,2.78e-06,2.79e-06,24.93158546521488,target,3455521201.0,12
PEPE,1780900920000,1780900980000,2.77e-06,2.78e-06,24.98075754582405,target,3457544297.0,12
PEPE,1780901520000,1780901580000,2.77e-06,2.78e-06,24.986897502549457,target,3458394118.0,12
PEPE,1780904820000,1780904880000,2.79e-06,2.8e-06,24.90691637059986,target,3456893320.0,12
PEPE,1780905420000,1780905480000,2.79e-06,2.8e-06,24.913017089069633,target,3457740054.0,12
PEPE,1780907820000,1780907880000,2.78e-06,2.79e-06,24.962187050775288,target,3459762585.0,12
PEPE,1780909920000,1780909980000,2.77e-06,2.78e-06,25.011419492124283,target,3461788165.0,12
PEPE,1780911120000,1780911240000,2.78e-06,2.79e-06,24.974448770116197,target,3461462061.0,12
PEPE,1780911720000,1780911780000,2.78e-06,2.79e-06,24.980576599485715,target,3462311379.0,12
PEPE,1780912320000,1780912380000,2.79e-06,2.8e-06,24.9435958800048,target,3461984161.0,12
PEPE,1780912920000,1780912980000,2.8000000000000003e-06,2.81e-06,24.90661425805985,target,3461655908.0,12
PEPE,1780913520000,1780913580000,2.79e-06,2.8e-06,24.955806222325442,target,3463678865.0,12
PEPE,1780914120000,1780914180000,2.79e-06,2.8e-06,24.961918908298586,target,3464527260.0,12
PEPE,1780915080000,1780915140000,2.8000000000000003e-06,2.81e-06,24.924910121369994,target,3464198766.0,12
PEPE,1780964520000,1780964700000,2.81e-06,2.77e-06,-153.0164235444734,stop,3463869237.0,12
PEPE,1780969080000,1780969140000,2.77e-06,2.78e-06,25.022883724750198,target,3463374910.0,12
PEPE,1780969620000,1780969680000,2.77e-06,2.78e-06,25.02903404212361,target,3464226165.0,12
PEPE,1780970220000,1780970280000,2.77e-06,2.78e-06,25.035185869525492,target,3465077629.0,12
PEPE,1780970820000,1780970880000,2.77e-06,2.78e-06,25.041339206948578,target,3465929302.0,12
PEPE,1780972020000,1780972200000,2.77e-06,2.78e-06,25.047494054400136,target,3466781184.0,12
PEPE,1780973820000,1780973880000,2.77e-06,2.78e-06,25.053650419100812,target,3467633276.0,12
PEPE,1780975020000,1780975080000,2.78e-06,2.79e-06,25.016617277732006,target,3467306622.0,12
PEPE,1780975620000,1780975680000,2.77e-06,2.78e-06,25.065957065049872,target,3469336618.0,12
PEPE,1780976640000,1780976700000,2.7600000000000003e-06,2.77e-06,25.115359591389883,target,3471369674.0,12
PEPE,1780977480000,1780977540000,2.77e-06,2.78e-06,25.078291007048982,target,3471043738.0,12
PEPE,1780978020000,1780978080000,2.77e-06,2.78e-06,25.084454943550313,target,3471896878.0,12
PEPE,1780978680000,1780978740000,2.78e-06,2.79e-06,25.047376265729227,target,3471569822.0,12
PEPE,1780979220000,1780979640000,2.78e-06,2.79e-06,25.05352198830062,target,3472421620.0,12
PEPE,1780980120000,1780980180000,2.82e-06,2.83e-06,24.8869015692494,target,3468557710.0,12
PEPE,1780980720000,1780980900000,2.82e-06,2.83e-06,24.89296581467725,target,3469402901.0,12
PEPE,1780981380000,1780981440000,2.81e-06,2.82e-06,24.942200487434885,target,3471426651.0,12
PEPE,1780982820000,1780982880000,2.82e-06,2.83e-06,24.905109265399066,target,3471095368.0,12
PEPE,1780983540000,1780983600000,2.83e-06,2.84e-06,24.86801726041524,target,3470763051.0,12
PEPE,1780984020000,1780984080000,2.83e-06,2.84e-06,24.874066411976557,target,3471607315.0,12
PEPE,1780984620000,1780984680000,2.82e-06,2.83e-06,24.92329872269984,target,3473630484.0,12
PEPE,1780986480000,1780986540000,2.83e-06,2.84e-06,24.886179625460443,target,3473297924.0,12
PEPE,1780987020000,1780987080000,2.82e-06,2.83e-06,24.935435916825284,target,3475322079.0,12
PEPE,1780988520000,1780988640000,2.81e-06,2.82e-06,24.984754591169327,target,3477349282.0,12
PEPE,1781050920000,1781050980000,2.77e-06,2.78e-06,25.164159987549283,target,3482928718.0,12
PEPE,1781051640000,1781051700000,2.7600000000000003e-06,2.77e-06,25.213756068901645,target,3484969740.0,12
PEPE,1781052120000,1781052180000,2.7600000000000003e-06,2.77e-06,25.219963981063827,target,3485827779.0,12
PEPE,1781053320000,1781053440000,2.78e-06,2.79e-06,25.139338114603895,target,3484315747.0,12
PEPE,1781054580000,1781054640000,2.7600000000000003e-06,2.77e-06,25.232363020194562,target,3487541537.0,12
PEPE,1781056320000,1781056380000,2.7600000000000003e-06,2.77e-06,25.238575519350785,target,3488400210.0,12
PEPE,1781060820000,1781061000000,2.74e-06,2.75e-06,25.331807245525326,target,3491634355.0,12
PEPE,1781062920000,1781062980000,2.73e-06,2.74e-06,25.38162978530477,target,3493686137.0,12
PEPE,1781063580000,1781063700000,2.73e-06,2.74e-06,25.38791135131629,target,3494550771.0,12
PEPE,1781064720000,1781064780000,2.73e-06,2.74e-06,25.394194479300218,target,3495415620.0,12
PEPE,1781065740000,1781065800000,2.73e-06,2.74e-06,25.400479161995907,target,3496280683.0,12
PEPE,1781066220000,1781066280000,2.7200000000000002e-06,2.73e-06,25.450402300649937,target,3498337086.0,12
PEPE,1781067120000,1781067180000,2.7200000000000002e-06,2.73e-06,25.456711704449646,target,3499204358.0,12
PEPE,1781068020000,1781068080000,2.7200000000000002e-06,2.73e-06,25.46302267965017,target,3500071846.0,12
PEPE,1781069820000,1781069940000,2.7200000000000002e-06,2.73e-06,25.46933521897494,target,3500939549.0,12
PEPE,1781070420000,1781070480000,2.7200000000000002e-06,2.73e-06,25.475649322423962,target,3501807467.0,12
PEPE,1781071620000,1781071680000,2.7200000000000002e-06,2.73e-06,25.481964989999053,target,3502675600.0,12
PEPE,1781072220000,1781072280000,2.73e-06,2.74e-06,25.44458037098589,target,3502351049.0,12
PEPE,1781074320000,1781074380000,2.73e-06,2.74e-06,25.45087752042007,target,3503217828.0,12
PEPE,1781077020000,1781077080000,2.7500000000000004e-06,2.7600000000000003e-06,25.36981852859944,target,3501700280.0,12
PEPE,1781077620000,1781077680000,2.7500000000000004e-06,2.7600000000000003e-06,25.376075629378867,target,3502563924.0,12
PEPE,1781083620000,1781083680000,2.7100000000000003e-06,2.7200000000000002e-06,25.5572549939494,target,3508202470.0,12
PEPE,1781084220000,1781084340000,2.7200000000000002e-06,2.73e-06,25.51981602930036,target,3507878492.0,12
PEPE,1781084880000,1781084940000,2.7100000000000003e-06,2.7200000000000002e-06,25.569939235274433,target,3509943615.0,12
PEPE,1781136120000,1781136180000,2.69e-06,2.7e-06,25.66399370274005,target,3513209268.0,12
PEPE,1781137320000,1781137380000,2.7100000000000003e-06,2.7200000000000002e-06,25.582662429494334,target,3511690107.0,12
PEPE,1781138100000,1781138160000,2.7e-06,2.71e-06,25.63287464791886,target,3513759376.0,12
PEPE,1781139120000,1781139720000,2.7100000000000003e-06,2.7200000000000002e-06,25.595381063304757,target,3513435973.0,12
PEPE,1781140620000,1781140680000,2.7100000000000003e-06,2.7200000000000002e-06,25.601737298654186,target,3514308483.0,12
PEPE,1781141820000,1781141940000,2.7200000000000002e-06,2.73e-06,25.564233170776077,target,3513983941.0,12
PEPE,1781142540000,1781142600000,2.73e-06,2.74e-06,25.526727861896426,target,3513658343.0,12
PEPE,1781143020000,1781143080000,2.73e-06,2.74e-06,25.53304533879933,target,3514527920.0,12
PEPE,1781143620000,1781143740000,2.73e-06,2.74e-06,25.539364384944385,target,3515397713.0,12
PEPE,1781144220000,1781144280000,2.73e-06,2.74e-06,25.54568499306549,target,3516267721.0,12
PEPE,1781146920000,1781146980000,2.7200000000000002e-06,2.73e-06,25.59589351972544,target,3518335879.0,12
PEPE,1781148240000,1781148300000,2.7100000000000003e-06,2.7200000000000002e-06,25.646166153315118,target,3520407159.0,12
PEPE,1781149320000,1781149380000,2.73e-06,2.74e-06,25.56468880185968,target,3518883524.0,12
PEPE,1781149920000,1781149980000,2.73e-06,2.74e-06,25.571015679676005,target,3519754395.0,12
PEPE,1781150520000,1781150580000,2.77e-06,2.78e-06,25.401923358174898,target,3515837143.0,12
PEPE,1781151720000,1781151900000,2.77e-06,2.78e-06,25.40816683470175,target,3516701292.0,12
PEPE,1781152620000,1781152740000,2.7600000000000003e-06,2.77e-06,25.458243822441318,target,3518762104.0,12
PEPE,1781153220000,1781153340000,2.77e-06,2.78e-06,25.42066916977609,target,3518431719.0,12
PEPE,1781153820000,1781153940000,2.78e-06,2.79e-06,25.38309351298534,target,3518100279.0,12
PEPE,1781154720000,1781154780000,2.7600000000000003e-06,2.77e-06,25.47702040554604,target,3521357347.0,12
PEPE,1781156220000,1781156280000,2.7600000000000003e-06,2.77e-06,25.48329314330972,target,3522224346.0,12
PEPE,1781156820000,1781156880000,2.77e-06,2.78e-06,25.445681512874394,target,3521893635.0,12
PEPE,1781157720000,1781157780000,2.7500000000000004e-06,2.7600000000000003e-06,25.53975900913496,target,3525156523.0,12
PEPE,1781160180000,1781160240000,2.7600000000000003e-06,2.77e-06,25.50212062464039,target,3524826624.0,12
PEPE,1781222520000,1781222580000,2.78e-06,2.79e-06,25.42059272512568,target,3523297675.0,12
PEPE,1781223120000,1781223180000,2.79e-06,2.8e-06,25.38296061306579,target,3522964693.0,12
PEPE,1781224320000,1781224380000,2.79e-06,2.8e-06,25.389177930049307,target,3523827610.0,12
PEPE,1781224920000,1781224980000,2.79e-06,2.8e-06,25.395396767291647,target,3524690738.0,12
PEPE,1781225640000,1781225700000,2.79e-06,2.8e-06,25.40161713199071,target,3525554078.0,12
PEPE,1781227620000,1781227740000,2.78e-06,2.79e-06,25.451751431339762,target,3527616276.0,12
PEPE,1781229480000,1781229540000,2.78e-06,2.79e-06,25.45799637458933,target,3528481826.0,12
PEPE,1781230020000,1781230080000,2.78e-06,2.79e-06,25.464242847421556,target,3529347588.0,12
PEPE,1781231220000,1781231280000,2.79e-06,2.8e-06,25.42654611496989,target,3529014034.0,12
PEPE,1781231820000,1781231880000,2.79e-06,2.8e-06,25.432774109765596,target,3529878433.0,12
PEPE,1781233740000,1781233800000,2.8000000000000003e-06,2.81e-06,25.395067223691314,target,3529543742.0,12
PEPE,1781235420000,1781235540000,2.8000000000000003e-06,2.81e-06,25.401276767710183,target,3530406778.0,12
PEPE,1781236080000,1781236140000,2.8000000000000003e-06,2.81e-06,25.407487822679496,target,3531270024.0,12
PEPE,1781236800000,1781236860000,2.8000000000000003e-06,2.81e-06,25.413700402988702,target,3532133482.0,12
PEPE,1781237580000,1781237700000,2.8000000000000003e-06,2.81e-06,25.419914501444897,target,3532997151.0,12
PEPE,1781239320000,1781239380000,2.81e-06,2.82e-06,25.382169845431196,target,3532661078.0,12
PEPE,1781239920000,1781239980000,2.81e-06,2.82e-06,25.38836549966985,target,3533523382.0,12
PEPE,1781240520000,1781240580000,2.81e-06,2.82e-06,25.394562669945476,target,3534385897.0,12
PEPE,1781242020000,1781242320000,2.8000000000000003e-06,2.81e-06,25.444753821528938,target,3536449454.0,12
PEPE,1781248020000,1781248080000,2.77e-06,2.78e-06,25.583164737375217,target,3540922455.0,12
PEPE,1781248680000,1781248740000,2.7600000000000003e-06,2.77e-06,25.633586630334797,target,3542997461.0,12
PEPE,1781249220000,1781249280000,2.77e-06,2.78e-06,25.59575317999939,target,3542664800.0,12
PEPE,1781249820000,1781249880000,2.77e-06,2.78e-06,25.602044298175343,target,3543535543.0,12
PEPE,1781250480000,1781250540000,2.77e-06,2.78e-06,25.608336962499337,target,3544406500.0,12
PEPE,1781308920000,1781308980000,2.8000000000000003e-06,2.81e-06,25.482279358420524,target,3541664956.0,12
PEPE,1781311320000,1781311620000,2.81e-06,2.82e-06,25.444442096729958,target,3541328058.0,12
PEPE,1781311920000,1781311980000,2.8000000000000003e-06,2.81e-06,25.494731831260697,target,3543395668.0,12
PEPE,1781312520000,1781312580000,2.81e-06,2.82e-06,25.45687608410999,target,3543058606.0,12
PEPE,1781313120000,1781313180000,2.82e-06,2.83e-06,25.419019494224244,target,3542720487.0,12
PEPE,1781313720000,1781313780000,2.82e-06,2.83e-06,25.425213413424117,target,3543583751.0,12
PEPE,1781314380000,1781314440000,2.82e-06,2.83e-06,25.431408832201512,target,3544447224.0,12
PEPE,1781314920000,1781314980000,2.82e-06,2.83e-06,25.437605764900404,target,3545310908.0,12
PEPE,1781315520000,1781315580000,2.83e-06,2.84e-06,25.399720690024903,target,3544971485.0,12
PEPE,1781316120000,1781316180000,2.83e-06,2.84e-06,25.40589917700114,target,3545833800.0,12
PEPE,1781319120000,1781319180000,2.82e-06,2.83e-06,25.456184128725354,target,3547900227.0,12
PEPE,1781319720000,1781319780000,2.82e-06,2.83e-06,25.462387095599738,target,3548764752.0,12
PEPE,1781320380000,1781320440000,2.82e-06,2.83e-06,25.46859157640108,target,3549629488.0,12
PEPE,1781322720000,1781322780000,2.81e-06,2.82e-06,25.518964751475167,target,3551700035.0,12
PEPE,1781323320000,1781323380000,2.81e-06,2.82e-06,25.525193801594643,target,3552566987.0,12
PEPE,1781324220000,1781324280000,2.8000000000000003e-06,2.81e-06,25.575643139005187,target,3554641159.0,12
PEPE,1781324880000,1781324940000,2.81e-06,2.82e-06,25.537667248994296,target,3554303027.0,12
PEPE,1781325480000,1781325540000,2.81e-06,2.82e-06,25.54390086159141,target,3555170614.0,12
PEPE,1781326920000,1781326980000,2.8000000000000003e-06,2.81e-06,25.59438717886621,target,3557246307.0,12
PEPE,1781327520000,1781327580000,2.8000000000000003e-06,2.81e-06,25.600645454621507,target,3558116116.0,12
PEPE,1781328120000,1781328180000,2.8000000000000003e-06,2.81e-06,25.60690526291142,target,3558986138.0,12
PEPE,1781330220000,1781330280000,2.79e-06,2.8e-06,25.657480342669984,target,3561065974.0,12
PEPE,1781330820000,1781330880000,2.79e-06,2.8e-06,25.663764896715698,target,3561938223.0,12
PEPE,1781332920000,1781332980000,2.8000000000000003e-06,2.81e-06,25.62571554713511,target,3561600493.0,12
PEPE,1781395320000,1781395380000,2.8500000000000002e-06,2.86e-06,25.410701152639504,target,3556431232.0,12
PEPE,1781398260000,1781398320000,2.8400000000000003e-06,2.8500000000000002e-06,25.461067607324665,target,3558500015.0,12
PEPE,1781398620000,1781398680000,2.8400000000000003e-06,2.8500000000000002e-06,25.467250278599074,target,3559364120.0,12
PEPE,1781399220000,1781399280000,2.8400000000000003e-06,2.8500000000000002e-06,25.473434445269167,target,3560228434.0,12
PEPE,1781399820000,1781399880000,2.8500000000000002e-06,2.86e-06,25.435381168710897,target,3559885398.0,12
PEPE,1781401080000,1781401140000,2.8400000000000003e-06,2.8500000000000002e-06,25.485796546606107,target,3561956191.0,12
PEPE,1781402520000,1781402580000,2.8400000000000003e-06,2.8500000000000002e-06,25.491985213769034,target,3562821134.0,12
PEPE,1781403720000,1781403780000,2.8400000000000003e-06,2.8500000000000002e-06,25.49817539063889,target,3563686288.0,12
PEPE,1781404320000,1781404380000,2.8400000000000003e-06,2.8500000000000002e-06,25.50436707006097,target,3564551652.0,12
PEPE,1781405880000,1781405940000,2.8400000000000003e-06,2.8500000000000002e-06,25.5105602520298,target,3565417226.0,12
PEPE,1781406720000,1781406780000,2.8400000000000003e-06,2.8500000000000002e-06,25.51675493654903,target,3566283010.0,12
PEPE,1781407320000,1781407380000,2.8400000000000003e-06,2.8500000000000002e-06,25.52295112362048,target,3567149004.0,12
PEPE,1781408160000,1781408220000,2.8400000000000003e-06,2.8500000000000002e-06,25.529148820395218,target,3568015209.0,12
PEPE,1781408520000,1781408580000,2.8400000000000003e-06,2.8500000000000002e-06,25.535348019720352,target,3568881624.0,12
PEPE,1781409120000,1781409180000,2.8400000000000003e-06,2.8500000000000002e-06,25.54154872159407,target,3569748249.0,12
PEPE,1781409720000,1781409780000,2.8500000000000002e-06,2.86e-06,25.503393694920312,target,3569404296.0,12
PEPE,1781410920000,1781410980000,2.8500000000000002e-06,2.86e-06,25.509575891880026,target,3570269544.0,12
PEPE,1781412120000,1781413980000,2.8400000000000003e-06,2.82e-06,-86.59367615424048,time,3572346376.0,12
PEPE,1781416620000,1781416680000,2.82e-06,2.83e-06,25.627885710175022,target,3571830761.0,12
PEPE,1781417340000,1781417400000,2.83e-06,2.84e-06,25.589717244835157,target,3571488799.0,12
PEPE,1781417820000,1781418000000,2.83e-06,2.84e-06,25.595941946058666,target,3572357564.0,12
PEPE,1781418420000,1781418480000,2.82e-06,2.83e-06,25.646603046573546,target,3574439449.0,12
PEPE,1781419920000,1781419980000,2.82e-06,2.83e-06,25.652852414174323,target,3575310441.0,12
PEPE,1781420820000,1781420880000,2.82e-06,2.83e-06,25.659103302875874,target,3576181645.0,12
PEPE,1781481780000,1781481840000,2.91e-06,2.92e-06,25.266232859140658,target,3566158484.0,12
PEPE,1781482320000,1781482380000,2.92e-06,2.93e-06,25.228086237149157,target,3565807242.0,12
PEPE,1781482920000,1781482980000,2.92e-06,2.93e-06,25.234127438150274,target,3566661122.0,12
PEPE,1781483520000,1781483580000,2.91e-06,2.92e-06,25.284398820395854,target,3568722487.0,12
PEPE,1781487420000,1781487480000,2.88e-06,2.89e-06,25.423361999162154,target,3573206184.0,12
PEPE,1781488680000,1781488740000,2.8900000000000003e-06,2.9e-06,25.385152693811968,target,3572857522.0,12
PEPE,1781489820000,1781489880000,2.91e-06,2.92e-06,25.302652217634773,target,3571298831.0,12
PEPE,1781490420000,1781490540000,2.9e-06,2.91e-06,25.353023156671195,target,3573364786.0,12
PEPE,1781491020000,1781491080000,2.9e-06,2.91e-06,25.35911556222042,target,3574223476.0,12
PEPE,1781492520000,1781492580000,2.9e-06,2.91e-06,25.365209429340254,target,3575082372.0,12
PEPE,1781493780000,1781493840000,2.9e-06,2.91e-06,25.37130475803069,target,3575941474.0,12
PEPE,1781494380000,1781494440000,2.9e-06,2.91e-06,25.37740156248114,target,3576800784.0,12
PEPE,1781494920000,1781494980000,2.91e-06,2.92e-06,25.339145309726128,target,3576449585.0,12
PEPE,1781496120000,1781496180000,2.91e-06,2.92e-06,25.345223736690624,target,3577307514.0,12
PEPE,1781496720000,1781496780000,2.91e-06,2.92e-06,25.351303630249514,target,3578165650.0,12
PEPE,1781497320000,1781497380000,2.91e-06,2.92e-06,25.357384976234307,target,3579023991.0,12
PEPE,1781499720000,1781499780000,2.9e-06,2.91e-06,25.407864867330147,target,3581094414.0,12
PEPE,1781500440000,1781500500000,2.9e-06,2.91e-06,25.41397044829621,target,3581954961.0,12
PEPE,1781500920000,1781500980000,2.91e-06,2.92e-06,25.375659075843938,target,3581603257.0,12
PEPE,1781501520000,1781501580000,2.92e-06,2.93e-06,25.33734723797464,target,3581250493.0,12
PEPE,1781503620000,1781503680000,2.92e-06,2.93e-06,25.34341460939974,target,3582108072.0,12
PEPE,1781504820000,1781504880000,2.92e-06,2.93e-06,25.349483424125136,target,3582965855.0,12
PEPE,1781506320000,1781506380000,2.92e-06,2.93e-06,25.355553703374923,target,3583823845.0,12
PEPE,1781507220000,1781507280000,2.91e-06,2.92e-06,25.406066988963364,target,3585895129.0,12
PEPE,1781568720000,1781568780000,2.95e-06,2.96e-06,25.234532842400526,target,3581906720.0,12
PEPE,1781569320000,1781569980000,2.95e-06,2.96e-06,25.240543868885467,target,3582759953.0,12
PEPE,1781570580000,1781570640000,2.95e-06,2.96e-06,25.246556318460875,target,3583613388.0,12
PEPE,1781571420000,1781571780000,2.95e-06,2.96e-06,25.252570205215214,target,3584467027.0,12
PEPE,1781572320000,1781572440000,2.95e-06,2.96e-06,25.25858552915031,target,3585320870.0,12
PEPE,1781572920000,1781572980000,2.95e-06,2.96e-06,25.264602283221016,target,3586174916.0,12
PEPE,1781573520000,1781573580000,2.95e-06,2.96e-06,25.27062046742369,target,3587029165.0,12
PEPE,1781574420000,1781574480000,2.95e-06,2.96e-06,25.276640081765613,target,3587883617.0,12
PEPE,1781575020000,1781575080000,2.95e-06,2.96e-06,25.282661140331616,target,3588738274.0,12
PEPE,1781575620000,1781575680000,2.9400000000000002e-06,2.95e-06,25.333140943969198,target,3590806654.0,12
PEPE,1781579880000,1781580060000,2.92e-06,2.93e-06,25.428212177549884,target,3594093594.0,12
PEPE,1781580420000,1781580480000,2.9300000000000003e-06,2.9400000000000002e-06,25.389762530760173,target,3593738504.0,12
PEPE,1781581620000,1781581680000,2.9400000000000002e-06,2.95e-06,25.351312500413933,target,3593382353.0,12
PEPE,1781582820000,1781584140000,2.96e-06,2.92e-06,-159.4764210095999,stop,3591811284.0,12
PEPE,1781587320000,1781587380000,2.9300000000000003e-06,2.9400000000000002e-06,25.363769993055083,target,3590059447.0,12
PEPE,1781589720000,1781589780000,2.9400000000000002e-06,2.95e-06,25.325359328356008,target,3589703661.0,12
PEPE,1781591040000,1781591100000,2.9400000000000002e-06,2.95e-06,25.33140259197178,target,3590560254.0,12
PEPE,1781592720000,1781592780000,2.95e-06,2.96e-06,25.292982424623553,target,3590203325.0,12
PEPE,1781593320000,1781593740000,2.96e-06,2.97e-06,25.254561952830294,target,3589845338.0,12
PEPE,1781594460000,1781594520000,2.9400000000000002e-06,2.95e-06,25.34950920713938,target,3593126748.0,12
PEPE,1781594820000,1781594880000,2.95e-06,2.96e-06,25.31106157838065,target,3592769564.0,12
PEPE,1781595420000,1781595480000,2.96e-06,2.97e-06,25.27261364323514,target,3592411321.0,12
PEPE,1781596020000,1781596080000,2.95e-06,2.96e-06,25.32311092368003,target,3594479904.0,12
PEPE,1781597520000,1781597580000,2.96e-06,2.97e-06,25.284644689184198,target,3594121491.0,12
PEPE,1781654580000,1781654640000,2.95e-06,2.96e-06,25.335166003610322,target,3596191058.0,12
PEPE,1781655720000,1781655900000,2.95e-06,2.96e-06,25.34120099718662,target,3597047693.0,12
PEPE,1781656320000,1781656380000,2.95e-06,2.96e-06,25.347237434985182,target,3597904533.0,12
PEPE,1781656980000,1781657040000,2.96e-06,2.97e-06,25.30873454823101,target,3597545778.0,12
PEPE,1781657640000,1781657700000,2.95e-06,2.96e-06,25.359303998265762,target,3599617317.0,12
PEPE,1781658180000,1781658300000,2.96e-06,2.97e-06,25.320782787719477,target,3599258392.0,12
PEPE,1781659020000,1781659140000,2.96e-06,2.97e-06,25.326803762820216,target,3600114252.0,12
PEPE,1781659620000,1781659680000,2.95e-06,2.96e-06,25.377409317148942,target,3602187270.0,12
PEPE,1781660220000,1781660280000,2.96e-06,2.97e-06,25.338860599081116,target,3601828088.0,12
PEPE,1781660820000,1781660880000,2.9800000000000003e-06,2.99e-06,25.255767471340295,target,3600251956.0,12
PEPE,1781662680000,1781662740000,2.99e-06,3e-06,25.217227236422367,target,3599889684.0,12
PEPE,1781663220000,1781663280000,3e-06,3.01e-06,25.17868685322447,target,3599526355.0,12
PEPE,1781663820000,1781663880000,2.99e-06,3e-06,25.22914758187578,target,3601591375.0,12
PEPE,1781664420000,1781664480000,2.99e-06,3e-06,25.235115134369305,target,3602443274.0,12
PEPE,1781665620000,1781665680000,2.99e-06,3e-06,25.241084094869997,target,3603295374.0,12
PEPE,1781666520000,1781666640000,2.99e-06,3e-06,25.24705447037936,target,3604147676.0,12
PEPE,1781667720000,1781667780000,2.9800000000000003e-06,2.99e-06,25.29761409994443,target,3606217263.0,12
PEPE,1781668620000,1781668680000,2.9800000000000003e-06,2.99e-06,25.30360841043077,target,3607071762.0,12
PEPE,1781669220000,1781669280000,2.9800000000000003e-06,2.99e-06,25.309604137945314,target,3607926463.0,12
PEPE,1781670420000,1781670480000,2.9800000000000003e-06,2.99e-06,25.315601296521073,target,3608781368.0,12
PEPE,1781672220000,1781672700000,2.99e-06,3e-06,25.27696975018497,target,3608418237.0,12
PEPE,1781673480000,1781673540000,2.9800000000000003e-06,2.99e-06,25.327589286141183,target,3610490276.0,12
PEPE,1781674380000,1781674440000,2.9800000000000003e-06,2.99e-06,25.33359070281898,target,3611345788.0,12
PEPE,1781675220000,1781675280000,2.99e-06,3e-06,25.294931704993825,target,3610982399.0,12
PEPE,1781741520000,1781742120000,2.96e-06,2.97e-06,25.435022548741888,target,3615497164.0,12
PEPE,1781742420000,1781742480000,2.95e-06,2.96e-06,25.485844336799218,target,3617579040.0,12
PEPE,1781743140000,1781743200000,2.95e-06,2.96e-06,25.491915224648643,target,3618440770.0,12
PEPE,1781743620000,1781743740000,2.95e-06,2.96e-06,25.497987556725793,target,3619302705.0,12
PEPE,1781745120000,1781745180000,2.96e-06,2.97e-06,25.459255682593962,target,3618941817.0,12
PEPE,1781746320000,1781746380000,2.95e-06,2.96e-06,25.510125894464164,target,3621025677.0,12
PEPE,1781747820000,1781747880000,2.9400000000000002e-06,2.95e-06,25.56105985862999,target,3623112666.0,12
PEPE,1781749320000,1781749380000,2.9400000000000002e-06,2.95e-06,25.567159364706132,target,3623977231.0,12
PEPE,1781750040000,1781750100000,2.9400000000000002e-06,2.95e-06,25.573260331166658,target,3624842003.0,12
PEPE,1781750520000,1781750580000,2.9400000000000002e-06,2.95e-06,25.57936275095414,target,3625706981.0,12
PEPE,1781751120000,1781751240000,2.9400000000000002e-06,2.95e-06,25.585466624074037,target,3626572165.0,12
PEPE,1781760540000,1781760600000,2.86e-06,2.87e-06,25.9519547989896,target,3637274674.0,12
PEPE,1781761380000,1781761440000,2.86e-06,2.87e-06,25.95823479766947,target,3638154842.0,12
PEPE,1781761920000,1781761980000,2.86e-06,2.87e-06,25.964516308970044,target,3639035222.0,12
PEPE,1781762520000,1781762580000,2.87e-06,2.88e-06,25.925611836376174,target,3638682363.0,12
PEPE,1781763180000,1781763240000,2.86e-06,2.87e-06,25.97707296001452,target,3640795089.0,12
PEPE,1781763720000,1781763780000,2.87e-06,2.88e-06,25.93814967750108,target,3640442060.0,12
PEPE,1781764320000,1781764380000,2.87e-06,2.88e-06,25.944415402499267,target,3641321460.0,12
PEPE,1781764920000,1781764980000,2.88e-06,2.89e-06,25.905482097589754,target,3640967266.0,12
PEPE,1781765580000,1781765640000,2.88e-06,2.89e-06,25.91172903201568,target,3641845261.0,12
PEPE,1781767020000,1781767080000,2.88e-06,2.89e-06,25.91797748193607,target,3642723469.0,12
PEPE,1781767680000,1781767740000,2.8900000000000003e-06,2.9e-06,25.879024810520853,target,3642368024.0,12
PEPE,1781770380000,1781770440000,2.9e-06,2.91e-06,25.840071592499342,target,3642011500.0,12
PEPE,1781770920000,1781770980000,2.9e-06,2.91e-06,25.846281037168684,target,3642886686.0,12
PEPE,1781827920000,1781827980000,2.8400000000000003e-06,2.8500000000000002e-06,24.282827333909534,target,3393826322.0,13
PEPE,1781828580000,1781828640000,2.8400000000000003e-06,2.8500000000000002e-06,24.28872389104629,target,3394650439.0,13
PEPE,1781829120000,1781829180000,2.8500000000000002e-06,2.86e-06,24.252440392909588,target,3394323358.0,13
PEPE,1781829720000,1781829780000,2.8500000000000002e-06,2.86e-06,24.25831934178055,target,3395146164.0,13
PEPE,1781830320000,1781830380000,2.8500000000000002e-06,2.86e-06,24.26419971965067,target,3395969170.0,13
PEPE,1781831220000,1781831280000,2.86e-06,2.87e-06,24.227897971333864,target,3395640921.0,13
PEPE,1781832540000,1781833080000,2.8500000000000002e-06,2.86e-06,24.27595453075071,target,3397614350.0,13
PEPE,1781834220000,1781834280000,2.86e-06,2.87e-06,24.239635189035212,target,3397285941.0,13
PEPE,1781835480000,1781835540000,2.8500000000000002e-06,2.86e-06,24.28771503641641,target,3399260327.0,13
PEPE,1781838120000,1781838180000,2.8500000000000002e-06,2.86e-06,24.293602537851342,target,3400084330.0,13
PEPE,1781838720000,1781838960000,2.8500000000000002e-06,2.81e-06,-150.43918895725662,stop,3400908533.0,13
PEPE,1781842800000,1781842860000,2.81e-06,2.82e-06,24.431995555830092,target,3400416918.0,13
PEPE,1781846820000,1781846880000,2.79e-06,2.8e-06,24.52263796218424,target,3403558357.0,13
PEPE,1781849280000,1781849340000,2.8000000000000003e-06,2.81e-06,24.486280451384733,target,3403235643.0,13
PEPE,1781849820000,1781849880000,2.8000000000000003e-06,2.81e-06,24.492267777831223,target,3404067794.0,13
PEPE,1781850420000,1781850480000,2.81e-06,2.82e-06,24.455900539410884,target,3403743986.0,13
PEPE,1781851020000,1781851200000,2.8000000000000003e-06,2.81e-06,24.504236466066228,target,3405731267.0,13
PEPE,1781851920000,1781851980000,2.79e-06,2.8e-06,24.55263371011078,target,3407721542.0,13
PEPE,1781853120000,1781853180000,2.79e-06,2.8e-06,24.558647651561635,target,3408556232.0,13
PEPE,1781853720000,1781853780000,2.79e-06,2.8e-06,24.56466306282958,target,3409391126.0,13
PEPE,1781856120000,1781856180000,2.78e-06,2.79e-06,24.61314548783918,target,3411385376.0,13
PEPE,1781856720000,1781856780000,2.78e-06,2.79e-06,24.619184666504687,target,3412222407.0,13
PEPE,1781857320000,1781857380000,2.79e-06,2.8e-06,24.582738945214786,target,3411899923.0,13
PEPE,1781859120000,1781859180000,2.79e-06,2.8e-06,24.58876025737937,target,3412735636.0,13
PEPE,1781913780000,1781913840000,2.82e-06,2.83e-06,24.467434573925573,target,3410095411.0,13
PEPE,1781914320000,1781914380000,2.82e-06,2.83e-06,24.47339661147373,target,3410926357.0,13
PEPE,1781914980000,1781915040000,2.82e-06,2.83e-06,24.479360098373633,target,3411757505.0,13
PEPE,1781915580000,1781915640000,2.83e-06,2.84e-06,24.44290217638393,target,3411430869.0,13
PEPE,1781916720000,1781916780000,2.83e-06,2.84e-06,24.448847915500576,target,3412260700.0,13
PEPE,1781917380000,1781917440000,2.83e-06,2.84e-06,24.45479510194397,target,3413090733.0,13
PEPE,1781917920000,1781917980000,2.82e-06,2.83e-06,24.503197572174713,target,3415079801.0,13
PEPE,1781918580000,1781919420000,2.83e-06,2.84e-06,24.466704141590675,target,3414752846.0,13
PEPE,1781919720000,1781921580000,2.83e-06,2.8000000000000003e-06,-116.86418893927384,time,3415583485.0,13
PEPE,1781922420000,1781922480000,2.81e-06,2.82e-06,24.529107591915384,target,3413932859.0,13
PEPE,1781923620000,1781923680000,2.81e-06,2.82e-06,24.535095017669313,target,3414766182.0,13
PEPE,1781924280000,1781924340000,2.81e-06,2.82e-06,24.541083909164882,target,3415599709.0,13
PEPE,1781925720000,1781925900000,2.82e-06,2.83e-06,24.504589184950166,target,3415273754.0,13
PEPE,1781926320000,1781926380000,2.82e-06,2.83e-06,24.51056027017465,target,3416105961.0,13
PEPE,1781926980000,1781927100000,2.82e-06,2.83e-06,24.516532819100327,target,3416938372.0,13
PEPE,1781927820000,1781927880000,2.82e-06,2.83e-06,24.522506817374108,target,3417770985.0,13
PEPE,1781928420000,1781928480000,2.82e-06,2.83e-06,24.5284822793509,target,3418603802.0,13
PEPE,1781929020000,1781929140000,2.82e-06,2.83e-06,24.534459190675797,target,3419436821.0,13
PEPE,1781929620000,1781929680000,2.82e-06,2.83e-06,24.540437558526254,target,3420270043.0,13
PEPE,1781930400000,1781930460000,2.82e-06,2.83e-06,24.546417382900447,target,3421103468.0,13
PEPE,1781930820000,1781930880000,2.82e-06,2.83e-06,24.55239867097401,target,3421937097.0,13
PEPE,1781931420000,1781931480000,2.83e-06,2.84e-06,24.515831967190557,target,3421609486.0,13
PEPE,1781932020000,1781932080000,2.83e-06,2.84e-06,24.52179544684449,target,3422441793.0,13
PEPE,1781932620000,1781932680000,2.8500000000000002e-06,2.86e-06,24.442706691395845,target,3420952651.0,13
PEPE,1782000120000,1782000180000,2.83e-06,2.84e-06,24.533706069954412,target,3424104127.0,13
PEPE,1782001380000,1782001440000,2.83e-06,2.84e-06,24.539673898764683,target,3424937041.0,13
PEPE,1782001980000,1782002100000,2.83e-06,2.84e-06,24.545643174905344,target,3425770157.0,13
PEPE,1782004080000,1782004200000,2.83e-06,2.84e-06,24.551613905539746,target,3426603476.0,13
PEPE,1782004620000,1782004740000,2.83e-06,2.84e-06,24.55758609066971,target,3427436998.0,13
PEPE,1782006420000,1782006480000,2.83e-06,2.84e-06,24.563559730295232,target,3428270723.0,13
PEPE,1782007140000,1782007200000,2.83e-06,2.84e-06,24.569534817251146,target,3429104650.0,13
PEPE,1782007620000,1782007680000,2.83e-06,2.84e-06,24.575511365864152,target,3429938781.0,13
PEPE,1782008220000,1782008340000,2.83e-06,2.84e-06,24.58148936180937,target,3430773114.0,13
PEPE,1782008820000,1782008940000,2.83e-06,2.84e-06,24.58746881225015,target,3431607650.0,13
PEPE,1782009420000,1782009480000,2.83e-06,2.84e-06,24.593449717186488,target,3432442389.0,13
PEPE,1782010140000,1782010260000,2.83e-06,2.84e-06,24.599432076614754,target,3433277331.0,13
PEPE,1782010620000,1782010680000,2.83e-06,2.84e-06,24.60541589770557,target,3434112477.0,13
PEPE,1782011820000,1782011940000,2.8400000000000003e-06,2.8500000000000002e-06,24.568714832130294,target,3433782646.0,13
PEPE,1782013920000,1782013980000,2.8400000000000003e-06,2.8500000000000002e-06,24.574680814230817,target,3434616466.0,13
PEPE,1782014820000,1782014880000,2.83e-06,2.84e-06,24.62335530944441,target,3436616233.0,13
PEPE,1782016320000,1782016380000,2.83e-06,2.84e-06,24.629344941350478,target,3437452190.0,13
PEPE,1782016980000,1782017040000,2.83e-06,2.84e-06,24.635336034917287,target,3438288351.0,13
PEPE,1782021720000,1782021780000,2.81e-06,2.82e-06,24.726892140539213,target,3441460284.0,13
PEPE,1782023820000,1782023880000,2.81e-06,2.82e-06,24.73292784230995,target,3442300326.0,13
PEPE,1782025080000,1782025140000,2.82e-06,2.83e-06,24.696147830024657,target,3441971823.0,13
PEPE,1782027720000,1782027780000,2.83e-06,2.84e-06,24.65936703651131,target,3441642294.0,13
PEPE,1782028320000,1782028380000,2.82e-06,2.83e-06,24.70817440717421,target,3443648001.0,13
PEPE,1782029100000,1782029160000,2.82e-06,2.83e-06,24.71419510035157,target,3444487122.0,13
PEPE,1782086520000,1782086580000,2.79e-06,2.8e-06,24.84888142131961,target,3448838504.0,13
PEPE,1782088980000,1782089040000,2.82e-06,2.83e-06,24.72627225407491,target,3446170349.0,13
PEPE,1782090360000,1782090420000,2.82e-06,2.83e-06,24.732297359875446,target,3447010085.0,13
PEPE,1782090780000,1782090840000,2.82e-06,2.83e-06,24.738323943724794,target,3447850027.0,13
PEPE,1782091920000,1782091980000,2.8500000000000002e-06,2.86e-06,24.615824246799214,target,3445181840.0,13
PEPE,1782092640000,1782092700000,2.8500000000000002e-06,2.86e-06,24.621791286375338,target,3446016975.0,13
PEPE,1782096720000,1782096840000,2.83e-06,2.84e-06,24.713457391263628,target,3449191541.0,13
PEPE,1782098520000,1782098580000,2.83e-06,2.84e-06,24.719468940904633,target,3450030557.0,13
PEPE,1782099900000,1782099960000,2.82e-06,2.83e-06,24.768395265599597,target,3452041152.0,13
PEPE,1782101880000,1782101940000,2.82e-06,2.83e-06,24.774430638824423,target,3452882319.0,13
PEPE,1782102720000,1782102780000,2.82e-06,2.83e-06,24.780467482926067,target,3453723691.0,13
PEPE,1782103320000,1782103380000,2.82e-06,2.83e-06,24.78650579790089,target,3454565268.0,13
PEPE,1782103920000,1782103980000,2.82e-06,2.83e-06,24.792545583748893,target,3455407050.0,13
PEPE,1782104580000,1782104640000,2.83e-06,2.84e-06,24.755621223774543,target,3455076235.0,13
PEPE,1782107580000,1782107640000,2.82e-06,2.83e-06,24.804619106923603,target,3457089771.0,13
PEPE,1782108180000,1782108240000,2.83e-06,2.84e-06,24.767676759008992,target,3456758794.0,13
PEPE,1782109020000,1782109080000,2.83e-06,2.84e-06,24.773701499415196,target,3457599651.0,13
PEPE,1782110520000,1782110580000,2.82e-06,2.83e-06,24.822735171151763,target,3459614658.0,13
PEPE,1782111720000,1782111780000,2.82e-06,2.83e-06,24.828783782249758,target,3460457670.0,13
PEPE,1782112320000,1782112380000,2.83e-06,2.84e-06,24.79180544821451,target,3460126371.0,13
PEPE,1782114720000,1782114780000,2.8400000000000003e-06,2.8500000000000002e-06,24.75482637051158,target,3459794042.0,13
PEPE,1782115320000,1782115380000,2.8400000000000003e-06,2.8500000000000002e-06,24.76083754359037,target,3460634178.0,13
PEPE,1782115920000,1782116100000,2.8400000000000003e-06,2.8500000000000002e-06,24.766850176291264,target,3461474518.0,13
PEPE,1782116520000,1782116580000,2.8400000000000003e-06,2.8500000000000002e-06,24.772864268608796,target,3462315062.0,13
PEPE,1782172920000,1782172980000,2.8000000000000003e-06,2.81e-06,24.95126121887964,target,3467861184.0,13
PEPE,1782174120000,1782174180000,2.8000000000000003e-06,2.81e-06,24.95736224071507,target,3468709137.0,13
PEPE,1782175080000,1782175140000,2.8000000000000003e-06,2.81e-06,24.963464759109673,target,3469557298.0,13
PEPE,1782175620000,1782175740000,2.81e-06,2.82e-06,24.926397863099467,target,3469227260.0,13
PEPE,1782178920000,1782178980000,2.81e-06,2.82e-06,24.932482264798846,target,3470074080.0,13
PEPE,1782180600000,1782180660000,2.8000000000000003e-06,2.81e-06,24.98176013316033,target,3472100088.0,13
PEPE,1782181020000,1782181260000,2.81e-06,2.82e-06,24.944666070480707,target,3471769808.0,13
PEPE,1782182220000,1782182580000,2.81e-06,2.82e-06,24.950754934063422,target,3472617249.0,13
PEPE,1782183120000,1782183180000,2.81e-06,2.82e-06,24.95684528494604,target,3473464897.0,13
PEPE,1782183780000,1782183840000,2.8000000000000003e-06,2.81e-06,25.006171307577134,target,3475492885.0,13
PEPE,1782185220000,1782185280000,2.8000000000000003e-06,2.81e-06,25.012285762473326,target,3476342705.0,13
PEPE,1782185820000,1782185880000,2.8000000000000003e-06,2.81e-06,25.018401699546523,target,3477192731.0,13
PEPE,1782186420000,1782186480000,2.8000000000000003e-06,2.81e-06,25.024519140371797,target,3478042966.0,13
PEPE,1782188220000,1782188280000,2.81e-06,2.82e-06,24.987361589385422,target,3477712121.0,13
PEPE,1782191220000,1782191280000,2.79e-06,2.8e-06,25.080064394440466,target,3480924968.0,13
PEPE,1782192120000,1782192180000,2.79e-06,2.8e-06,25.08620752153952,target,3481777588.0,13
PEPE,1782194220000,1782194280000,2.78e-06,2.79e-06,25.135719308698693,target,3483814180.0,13
PEPE,1782194820000,1782194880000,2.78e-06,2.79e-06,25.14188670513021,target,3484668982.0,13
PEPE,1782199320000,1782199380000,2.74e-06,2.75e-06,25.321904729159964,target,3490269432.0,13
PEPE,1782199920000,1782200040000,2.73e-06,2.74e-06,25.371707785914573,target,3492320411.0,13
PEPE,1782200520000,1782200580000,2.74e-06,2.75e-06,25.33442910095613,target,3491995741.0,13
PEPE,1782201120000,1782202560000,2.74e-06,2.7e-06,-153.93027294918133,stop,3492858474.0,13
PEPE,1782206520000,1782206580000,2.69e-06,2.7e-06,25.52047072411316,target,3493562043.0,13
PEPE,1782207120000,1782207180000,2.7e-06,2.71e-06,25.483197326099962,target,3493241580.0,13
PEPE,1782260040000,1782260100000,2.69e-06,2.7e-06,25.53318017496086,target,3495301872.0,13
PEPE,1782260580000,1782260640000,2.69e-06,2.7e-06,25.53954270577657,target,3496172855.0,13
PEPE,1782261720000,1782261780000,2.7e-06,2.71e-06,25.502241456134918,target,3495852153.0,13
PEPE,1782262440000,1782262500000,2.7e-06,2.71e-06,25.50858541428023,target,3496721784.0,13
PEPE,1782262920000,1782262980000,2.7e-06,2.71e-06,25.514930955439333,target,3497591632.0,13
PEPE,1782263520000,1782263580000,2.7e-06,2.71e-06,25.52127807961586,target,3498461697.0,13
PEPE,1782265680000,1782265740000,2.7e-06,2.71e-06,25.527626772214866,target,3499331977.0,13
PEPE,1782266220000,1782266280000,2.7e-06,2.71e-06,25.533977055125135,target,3500202475.0,13
PEPE,1782269520000,1782269580000,2.69e-06,2.7e-06,25.584059499960382,target,3502266872.0,13
PEPE,1782270420000,1782270480000,2.68e-06,2.69e-06,25.634206033592054,target,3504334386.0,13
PEPE,1782271020000,1782271860000,2.68e-06,2.69e-06,25.64060466891041,target,3505209114.0,13
PEPE,1782272340000,1782272400000,2.68e-06,2.69e-06,25.64700489889918,target,3506084060.0,13
PEPE,1782273420000,1782273480000,2.68e-06,2.69e-06,25.653406730874934,target,3506959225.0,13
PEPE,1782279720000,1782279780000,2.68e-06,2.69e-06,25.65981015751929,target,3507834608.0,13
PEPE,1782280380000,1782280440000,2.6700000000000003e-06,2.68e-06,25.710071067723717,target,3509907313.0,13
PEPE,1782282420000,1782282480000,2.6700000000000003e-06,2.68e-06,25.716499604925886,target,3510784929.0,13
PEPE,1782283620000,1782283680000,2.6700000000000003e-06,2.68e-06,25.72292975362664,target,3511662765.0,13
PEPE,1782284580000,1782284640000,2.6700000000000003e-06,2.68e-06,25.729361506500776,target,3512540820.0,13
PEPE,1782287040000,1782287100000,2.66e-06,2.67e-06,25.779724592355294,target,3514618213.0,13
PEPE,1782287820000,1782287940000,2.66e-06,2.67e-06,25.7861815488444,target,3515498507.0,13
PEPE,1782288420000,1782288480000,2.66e-06,2.67e-06,25.792640126370063,target,3516379022.0,13
PEPE,1782289020000,1782289080000,2.66e-06,2.67e-06,25.799100317594807,target,3517259757.0,13
PEPE,1782289620000,1782289680000,2.66e-06,2.67e-06,25.805562129854287,target,3518140713.0,13
PEPE,1782290520000,1782290640000,2.66e-06,2.67e-06,25.812025555814664,target,3519021889.0,13
PEPE,1782345720000,1782345780000,2.5300000000000003e-06,2.5400000000000002e-06,26.393180880326085,target,3535590205.0,13
PEPE,1782346440000,1782346500000,2.5300000000000003e-06,2.5400000000000002e-06,26.399938631296077,target,3536495463.0,13
PEPE,1782346920000,1782346980000,2.5300000000000003e-06,2.5400000000000002e-06,26.40669811414528,target,3537400953.0,13
PEPE,1782347520000,1782347580000,2.5300000000000003e-06,2.5400000000000002e-06,26.413459321411175,target,3538306674.0,13
PEPE,1782349320000,1782349380000,2.5300000000000003e-06,2.5400000000000002e-06,26.420222268020613,target,3539212628.0,13
PEPE,1782350280000,1782350340000,2.52e-06,2.53e-06,26.47146302384989,target,3541332846.0,13
PEPE,1782350940000,1782351000000,2.52e-06,2.53e-06,26.478252222500103,target,3542241100.0,13
PEPE,1782351420000,1782351480000,2.52e-06,2.53e-06,26.485043170301434,target,3543149588.0,13
PEPE,1782352620000,1782352680000,2.52e-06,2.53e-06,26.491835852298852,target,3544058308.0,13
PEPE,1782353220000,1782353280000,2.52e-06,2.53e-06,26.498630283449206,target,3544967262.0,13
PEPE,1782354480000,1782354540000,2.52e-06,2.53e-06,26.505426448799284,target,3545876448.0,13
PEPE,1782355020000,1782355080000,2.52e-06,2.53e-06,26.512224363300476,target,3546785868.0,13
PEPE,1782355620000,1782355680000,2.51e-06,2.52e-06,26.56361057896379,target,3548912569.0,13
PEPE,1782357120000,1782357180000,2.51e-06,2.52e-06,26.570434870528484,target,3549824298.0,13
PEPE,1782358080000,1782358140000,2.51e-06,2.52e-06,26.577260913583906,target,3550736261.0,13
PEPE,1782358620000,1782358680000,2.51e-06,2.52e-06,26.584088708130054,target,3551648458.0,13
PEPE,1782359340000,1782359400000,2.51e-06,2.52e-06,26.59091826165035,target,3552560890.0,13
PEPE,1782359820000,1782359940000,2.51e-06,2.52e-06,26.597749566659562,target,3553473556.0,13
PEPE,1782360780000,1782360840000,2.51e-06,2.52e-06,26.604582623159494,target,3554386456.0,13
PEPE,1782361380000,1782361440000,2.51e-06,2.52e-06,26.611417438635403,target,3555299591.0,13
PEPE,1782361920000,1782361980000,2.51e-06,2.52e-06,26.618254013085462,target,3556212961.0,13
PEPE,1782362580000,1782362640000,2.51e-06,2.52e-06,26.625092339026246,target,3557126565.0,13
PEPE,1782363120000,1782363180000,2.52e-06,2.53e-06,26.58723118187536,target,3556820225.0,13
PEPE,1782363720000,1782363780000,2.5400000000000002e-06,2.55e-06,26.504716613444472,target,3555293979.0,13
PEPE,1782432120000,1782432180000,2.3600000000000003e-06,2.37e-06,27.320135221456272,target,3578275733.0,13
PEPE,1782433080000,1782433140000,2.35e-06,2.36e-06,27.372562550465275,target,3580452917.0,13
PEPE,1782433620000,1782433680000,2.35e-06,2.36e-06,27.379784621421148,target,3581397596.0,13
PEPE,1782434520000,1782434580000,2.35e-06,2.36e-06,27.387008595978887,target,3582342524.0,13
PEPE,1782436980000,1782437040000,2.34e-06,2.35e-06,27.43953252900556,target,3584524171.0,13
PEPE,1782439020000,1782439080000,2.33e-06,2.34e-06,27.492125542770854,target,3586709138.0,13
PEPE,1782443820000,1782443880000,2.3e-06,2.31e-06,27.63565112448081,target,3591377664.0,13
PEPE,1782445020000,1782445080000,2.3e-06,2.31e-06,27.643002981345415,target,3592333071.0,13
PEPE,1782446880000,1782446940000,2.33e-06,2.34e-06,27.514036320856114,target,3589567687.0,13
PEPE,1782448020000,1782448080000,2.34e-06,2.35e-06,27.475930285700112,target,3589278940.0,13
PEPE,1782448680000,1782448740000,2.33e-06,2.34e-06,27.528593067989878,target,3591466806.0,13
PEPE,1782450420000,1782450480000,2.33e-06,2.34e-06,27.53588033678922,target,3592417526.0,13
PEPE,1782451020000,1782451200000,2.34e-06,2.35e-06,27.497744050248333,target,3592128550.0,13
PEPE,1782451680000,1782451740000,2.33e-06,2.34e-06,27.550448635081327,target,3594318152.0,13
PEPE,1782453120000,1782453180000,2.33e-06,2.34e-06,27.557741690954586,target,3595269627.0,13
PEPE,1782453720000,1782454980000,2.33e-06,2.34e-06,27.56503667074593,target,3596221353.0,13
PEPE,1782455520000,1782455580000,2.33e-06,2.34e-06,27.57233358977865,target,3597173332.0,13
PEPE,1782456120000,1782456180000,2.35e-06,2.36e-06,27.488692577444382,target,3595643241.0,13
PEPE,1782456780000,1782456840000,2.3600000000000003e-06,2.37e-06,27.45051041273897,target,3595351724.0,13
PEPE,1782459780000,1782459840000,2.38e-06,2.39e-06,27.366941348434864,target,3593820269.0,13
PEPE,1782460320000,1782460380000,2.37e-06,2.38e-06,27.419522303126087,target,3596002925.0,13
PEPE,1782462720000,1782462780000,2.3600000000000003e-06,2.37e-06,27.472172243865927,target,3598188899.0,13
PEPE,1782463680000,1782463800000,2.35e-06,2.36e-06,27.524891331354173,target,3600378199.0,13
PEPE,1782464820000,1782464880000,2.35e-06,2.36e-06,27.532153592073435,target,3601328135.0,13
PEPE,1782518520000,1782518580000,2.38e-06,2.39e-06,27.40299171792372,target,3598554395.0,13
PEPE,1782519240000,1782519300000,2.38e-06,2.39e-06,27.410186004406032,target,3599499147.0,13
PEPE,1782520320000,1782520380000,2.38e-06,2.39e-06,27.41738217940328,target,3600444147.0,13
PEPE,1782520920000,1782521160000,2.38e-06,2.39e-06,27.424580242924556,target,3601389395.0,13
PEPE,1782522420000,1782522480000,2.38e-06,2.39e-06,27.431780194964404,target,3602334891.0,13
PEPE,1782523680000,1782523740000,2.38e-06,2.39e-06,27.438982035526458,target,3603280635.0,13
PEPE,1782524460000,1782524580000,2.38e-06,2.39e-06,27.446185764605268,target,3604226627.0,13
PEPE,1782525180000,1782525240000,2.38e-06,2.39e-06,27.453391389820194,target,3605172868.0,13
PEPE,1782525720000,1782525780000,2.39e-06,2.4e-06,27.415090748566477,target,3604877153.0,13
PEPE,1782526320000,1782526440000,2.4000000000000003e-06,2.4100000000000002e-06,27.376787545590677,target,3604580322.0,13
PEPE,1782528720000,1782528780000,2.42e-06,2.43e-06,27.29304380144896,target,3603042086.0,13
PEPE,1782529320000,1782529380000,2.42e-06,2.43e-06,27.30016177139988,target,3603981752.0,13
PEPE,1782529920000,1782529980000,2.4100000000000002e-06,2.42e-06,27.352743320999366,target,3606162600.0,13
PEPE,1782530520000,1782530580000,2.42e-06,2.43e-06,27.314415133801543,target,3605863384.0,13
PEPE,1782531120000,1782531180000,2.42e-06,2.43e-06,27.32153867895037,target,3606803786.0,13
PEPE,1782533220000,1782533280000,2.4100000000000002e-06,2.42e-06,27.374161396485594,target,3608986341.0,13
PEPE,1782533820000,1782533880000,2.42e-06,2.43e-06,27.335803199323564,target,3608686891.0,13
PEPE,1782535920000,1782535980000,2.4100000000000002e-06,2.42e-06,27.3884533948093,target,3610870586.0,13
PEPE,1782537720000,1782537780000,2.4100000000000002e-06,2.42e-06,27.395608143270685,target,3611813862.0,13
PEPE,1782538320000,1782538380000,2.4000000000000003e-06,2.4100000000000002e-06,27.448340982370123,target,3614001446.0,13
PEPE,1782539520000,1782539580000,2.4100000000000002e-06,2.42e-06,27.409935138785247,target,3613702721.0,13
PEPE,1782540720000,1782540780000,2.4100000000000002e-06,2.42e-06,27.417095492559245,target,3614646736.0,13
PEPE,1782541920000,1782542040000,2.42e-06,2.43e-06,27.378677138773966,target,3614346817.0,13
PEPE,1782542520000,1782542580000,2.42e-06,2.43e-06,27.385817439823025,target,3615289431.0,13
PEPE,1782605580000,1782605640000,2.37e-06,2.38e-06,27.62129581562634,target,3622465025.0,13
PEPE,1782606120000,1782606180000,2.37e-06,2.38e-06,27.62855943637434,target,3623417631.0,13
PEPE,1782606720000,1782606780000,2.37e-06,2.38e-06,27.635824971000012,target,3624370488.0,13
PEPE,1782607320000,1782607380000,2.37e-06,2.38e-06,27.64309241187354,target,3625323595.0,13
PEPE,1782607980000,1782608100000,2.37e-06,2.38e-06,27.65036176662474,target,3626276953.0,13
PEPE,1782610920000,1782610980000,2.37e-06,2.38e-06,27.657633035249983,target,3627230562.0,13
PEPE,1782611520000,1782611580000,2.37e-06,2.38e-06,27.664906210124897,target,3628184421.0,13
PEPE,1782613320000,1782613380000,2.37e-06,2.38e-06,27.672181306501855,target,3629138532.0,13
PEPE,1782613920000,1782613980000,2.37e-06,2.38e-06,27.679458309126662,target,3630092893.0,13
PEPE,1782614520000,1782614640000,2.37e-06,2.38e-06,27.686737225623688,target,3631047505.0,13
PEPE,1782615420000,1782615480000,2.37e-06,2.38e-06,27.69401805599839,target,3632002368.0,13
PEPE,1782617280000,1782617400000,2.38e-06,2.39e-06,27.655438159229284,target,3631705602.0,13
PEPE,1782617880000,1782617940000,2.37e-06,2.38e-06,27.708573403250966,target,3633911266.0,13
PEPE,1782618480000,1782618540000,2.37e-06,2.38e-06,27.715859975251426,target,3634866882.0,13
PEPE,1782619380000,1782619440000,2.38e-06,2.39e-06,27.677249651429612,target,3634569882.0,13
PEPE,1782620100000,1782620160000,2.37e-06,2.38e-06,27.730426805750046,target,3636777286.0,13
PEPE,1782621780000,1782621840000,2.38e-06,2.39e-06,27.691796182334542,target,3636480129.0,13
PEPE,1782622320000,1782622380000,2.38e-06,2.39e-06,27.69906629136892,target,3637434838.0,13
PEPE,1782622920000,1782622980000,2.38e-06,2.39e-06,27.70633830415514,target,3638389797.0,13
PEPE,1782625680000,1782625740000,2.37e-06,2.38e-06,27.759571347624792,target,3640599521.0,13
PEPE,1782626880000,1782626940000,2.37e-06,2.38e-06,27.76687133199952,target,3641556896.0,13
PEPE,1782627720000,1782627780000,2.3600000000000003e-06,2.37e-06,27.82018824086942,target,3643770562.0,13
PEPE,1782628920000,1782628980000,2.3600000000000003e-06,2.37e-06,27.82751629096687,target,3644730359.0,13
PEPE,1782629580000,1782629640000,2.3600000000000003e-06,2.37e-06,27.834846265079644,target,3645690408.0,13
PEPE,1782691320000,1782691380000,2.34e-06,2.35e-06,27.93437627859032,target,3649167378.0,13
PEPE,1782694080000,1782694140000,2.34e-06,2.35e-06,27.941758768245126,target,3650131779.0,13
PEPE,1782695820000,1782696960000,2.35e-06,2.36e-06,27.9030038726453,target,3649837001.0,13
PEPE,1782697440000,1782697500000,2.35e-06,2.36e-06,27.910365900616497,target,3650799987.0,13
PEPE,1782697980000,1782698040000,2.35e-06,2.36e-06,27.91772987041596,target,3651763227.0,13
PEPE,1782698700000,1782698760000,2.34e-06,2.35e-06,27.97127164090283,target,3653987151.0,13
PEPE,1782701520000,1782701580000,2.3600000000000003e-06,2.37e-06,27.886319610314995,target,3652432169.0,13
PEPE,1782702180000,1782702240000,2.3600000000000003e-06,2.37e-06,27.893665075844908,target,3653394247.0,13
PEPE,1782702720000,1782702780000,2.38e-06,2.39e-06,27.808746895435924,target,3651838069.0,13
PEPE,1782703500000,1782703620000,2.38e-06,2.39e-06,27.816047708150368,target,3652796810.0,13
PEPE,1782703920000,1782704220000,2.39e-06,2.35e-06,-159.04799005145927,stop,3652497188.0,13
PEPE,1782706020000,1782706080000,2.37e-06,2.38e-06,27.827666394874033,target,3649530019.0,13
PEPE,1782707220000,1782707280000,2.3600000000000003e-06,2.37e-06,27.881100049455206,target,3651748533.0,13
PEPE,1782708540000,1782708660000,2.35e-06,2.36e-06,27.934603860901028,target,3653970420.0,13
PEPE,1782711420000,1782711480000,2.34e-06,2.35e-06,27.988177999296038,target,3656195689.0,13
PEPE,1782712020000,1782712080000,2.35e-06,2.36e-06,27.949358726188876,target,3655900422.0,13
PEPE,1782714420000,1782714480000,2.37e-06,2.38e-06,27.864372245122883,target,3654343901.0,13
PEPE,1782715020000,1782715080000,2.35e-06,2.36e-06,27.96408481569926,target,3657826660.0,13
PEPE,1782718620000,1782718680000,2.34e-06,2.35e-06,28.017715482780364,target,3660054276.0,13
PEPE,1782719280000,1782719340000,2.34e-06,2.35e-06,28.025120003524123,target,3661021555.0,13
PEPE,1782720420000,1782720480000,2.35e-06,2.36e-06,27.98624949020969,target,3660725898.0,13
PEPE,1782723120000,1782723180000,2.34e-06,2.35e-06,28.039922676053614,target,3662955281.0,13
PEPE,1782725220000,1782725280000,2.33e-06,2.34e-06,28.09366644923945,target,3665188056.0,13
PEPE,1782725820000,1782725880000,2.34e-06,2.35e-06,28.054757645030747,target,3664893226.0,13
PEPE,1782783120000,1782783180000,2.34e-06,2.35e-06,28.062171948865448,target,3665861783.0,13
PEPE,1782784320000,1782784380000,2.33e-06,2.34e-06,28.115958369449203,target,3668096330.0,13
PEPE,1782785220000,1782785280000,2.33e-06,2.34e-06,28.123401122774045,target,3669067335.0,13
PEPE,1782787440000,1782787500000,2.33e-06,2.34e-06,28.130845846005037,target,3670038597.0,13
PEPE,1782788100000,1782788160000,2.34e-06,2.35e-06,28.09188555093752,target,3669743377.0,13
PEPE,1782789180000,1782789300000,2.34e-06,2.35e-06,28.099309668480643,target,3670713216.0,13
PEPE,1782789780000,1782789840000,2.34e-06,2.35e-06,28.10673574570498,target,3671683311.0,13
PEPE,1782792420000,1782792480000,2.33e-06,2.34e-06,28.16060757698828,target,3673921406.0,13
PEPE,1782793140000,1782793200000,2.33e-06,2.34e-06,28.168062157408958,target,3674893954.0,13
PEPE,1782793920000,1782793980000,2.34e-06,2.35e-06,28.129050315665282,target,3674598343.0,13
PEPE,1782795900000,1782795960000,2.34e-06,2.35e-06,28.13648425457621,target,3675569465.0,13
PEPE,1782796920000,1782796980000,2.34e-06,2.35e-06,28.14392016082045,target,3676540844.0,13
PEPE,1782798180000,1782798240000,2.34e-06,2.35e-06,28.151358026745896,target,3677512479.0,13
PEPE,1782799020000,1782799080000,2.34e-06,2.35e-06,28.158797860006473,target,3678484371.0,13
PEPE,1782799620000,1782799740000,2.34e-06,2.35e-06,28.166239660600354,target,3679456520.0,13
PEPE,1782800220000,1782800280000,2.34e-06,2.35e-06,28.173683428529365,target,3680428926.0,13
PEPE,1782801420000,1782801480000,2.34e-06,2.35e-06,28.181129163795326,target,3681401589.0,13
PEPE,1782802080000,1782802140000,2.34e-06,2.35e-06,28.188576866394595,target,3682374509.0,13
PEPE,1782802620000,1782802680000,2.34e-06,2.35e-06,28.196026536330805,target,3683347686.0,13
PEPE,1782803220000,1782803280000,2.34e-06,2.35e-06,28.20347817360033,target,3684321120.0,13
PEPE,1782804420000,1782806280000,2.34e-06,2.3200000000000002e-06,-86.56757513388091,time,3685294812.0,13
PEPE,1782806820000,1782806880000,2.33e-06,2.34e-06,28.234619582924825,target,3683577245.0,13
PEPE,1782807420000,1782807480000,2.33e-06,2.34e-06,28.242093747421407,target,3684552348.0,13
PEPE,1782808020000,1782808080000,2.33e-06,2.34e-06,28.249569889484878,target,3685527709.0,13
PEPE,1782864180000,1782864240000,2.3200000000000002e-06,2.33e-06,28.303683041099095,target,3687776292.0,13
PEPE,1782865080000,1782865200000,2.3200000000000002e-06,2.33e-06,28.311187855650843,target,3688754118.0,13
PEPE,1782865680000,1782865740000,2.3100000000000003e-06,2.3200000000000002e-06,28.36538665857067,target,3691006722.0,13
PEPE,1782867300000,1782867360000,2.3200000000000002e-06,2.33e-06,28.326215835674887,target,3690712161.0,13
PEPE,1782867780000,1782867960000,2.3200000000000002e-06,2.33e-06,28.333726621376535,target,3691690765.0,13
PEPE,1782870120000,1782870180000,2.3200000000000002e-06,2.33e-06,28.341239402574395,target,3692669629.0,13
PEPE,1782870720000,1782870780000,2.3100000000000003e-06,2.3200000000000002e-06,28.395495735442033,target,3694924624.0,13
PEPE,1782871320000,1782871380000,2.3100000000000003e-06,2.3200000000000002e-06,28.403037302600254,target,3695905960.0,13
PEPE,1782874320000,1782874380000,2.3200000000000002e-06,2.33e-06,28.36381448640144,target,3695611008.0,13
PEPE,1782876420000,1782876480000,2.3100000000000003e-06,2.3200000000000002e-06,28.41811403531512,target,3697867799.0,13
PEPE,1782877020000,1782877080000,2.3100000000000003e-06,2.3200000000000002e-06,28.425661612145213,target,3698849917.0,13
PEPE,1782877620000,1782877680000,2.3200000000000002e-06,2.33e-06,28.386407552749848,target,3698554730.0,13
PEPE,1782878220000,1782878280000,2.33e-06,2.34e-06,28.347150567015223,target,3698258391.0,13
PEPE,1782880620000,1782880680000,2.33e-06,2.34e-06,28.354654517699714,target,3699237380.0,13
PEPE,1782881220000,1782881280000,2.34e-06,2.35e-06,28.315384260858117,target,3698939812.0,13
PEPE,1782882600000,1782882660000,2.33e-06,2.34e-06,28.369656003466957,target,3701194521.0,13
PEPE,1782883620000,1782883680000,2.33e-06,2.34e-06,28.37716591752053,target,3702174288.0,13
PEPE,1782884280000,1782884340000,2.33e-06,2.34e-06,28.384677816810825,target,3703154314.0,13
PEPE,1782884820000,1782884880000,2.33e-06,2.34e-06,28.39219170133602,target,3704134599.0,13
PEPE,1782885420000,1782885480000,2.33e-06,2.34e-06,28.399707578760495,target,3705115144.0,13
PEPE,1782886320000,1782886380000,2.3200000000000002e-06,2.33e-06,28.454108328651163,target,3707375678.0,13
PEPE,1782892020000,1782892080000,2.26e-06,2.27e-06,28.743706425524568,target,3716057715.0,13
PEPE,1782892620000,1782892680000,2.26e-06,2.27e-06,28.751403446673947,target,3717052805.0,13
PEPE,1782893220000,1782893280000,2.2700000000000003e-06,2.28e-06,28.711987098900245,target,3716762084.0,13
PEPE,1782952020000,1782953880000,2.3200000000000002e-06,2.31e-06,-49.99170877038214,time,3711336954.0,13
PEPE,1782954420000,1782954480000,2.3200000000000002e-06,2.33e-06,28.47125566014908,target,3709609858.0,13
PEPE,1782955080000,1782955140000,2.3200000000000002e-06,2.33e-06,28.47880490527555,target,3710593473.0,13
PEPE,1782956220000,1782956280000,2.34e-06,2.35e-06,28.392516507814413,target,3709015873.0,13
PEPE,1782957060000,1782957120000,2.33e-06,2.34e-06,28.44693609712685,target,3711276725.0,13
PEPE,1782958020000,1782958080000,2.34e-06,2.35e-06,28.40753802913872,target,3710978188.0,13
PEPE,1782958620000,1782958680000,2.34e-06,2.35e-06,28.415045563219863,target,3711958924.0,13
PEPE,1782959820000,1782959880000,2.34e-06,2.35e-06,28.422555087599704,target,3712939920.0,13
PEPE,1782960540000,1782960600000,2.35e-06,2.36e-06,28.383133335151143,target,3712640070.0,13
PEPE,1782961920000,1782961980000,2.34e-06,2.35e-06,28.43756768319554,target,3714901069.0,13
PEPE,1782962880000,1782962940000,2.34e-06,2.35e-06,28.445083155509725,target,3715882842.0,13
PEPE,1782963420000,1782963480000,2.3600000000000003e-06,2.37e-06,28.358692097563342,target,3714301519.0,13
PEPE,1782964020000,1782964080000,2.37e-06,2.38e-06,28.319243938127094,target,3713999205.0,13
PEPE,1782964620000,1782964680000,2.38e-06,2.39e-06,28.279793052484187,target,3713695739.0,13
PEPE,1782965280000,1782965340000,2.38e-06,2.39e-06,28.287217525184637,target,3714670719.0,13
PEPE,1782965820000,1782965880000,2.37e-06,2.38e-06,28.341566628875547,target,3716926771.0,13
PEPE,1782967680000,1782967740000,2.38e-06,2.39e-06,28.302084647590426,target,3716623066.0,13
PEPE,1782968820000,1782968880000,2.37e-06,2.38e-06,28.356462310374877,target,3718880303.0,13
PEPE,1782969420000,1782969660000,2.38e-06,2.39e-06,28.316959575369506,target,3718576438.0,13
PEPE,1782970020000,1782970080000,2.38e-06,2.39e-06,28.32439381049973,target,3719552700.0,13
PEPE,1782973920000,1782973980000,2.3600000000000003e-06,2.37e-06,28.425831096134857,target,3723095101.0,13
PEPE,1782975720000,1782975780000,2.3600000000000003e-06,2.37e-06,28.43331867192021,target,3724075792.0,13
PEPE,1782976320000,1782976380000,2.3600000000000003e-06,2.37e-06,28.440808217535277,target,3725056741.0,13
PEPE,1782976920000,1782976980000,2.3600000000000003e-06,2.37e-06,28.44829974061489,target,3726037949.0,13
PEPE,1783036920000,1783036980000,2.4400000000000004e-06,2.4500000000000003e-06,25.993045041698966,target,3440508940.0,14
PEPE,1783037520000,1783037580000,2.43e-06,2.44e-06,26.043171161856392,target,3442587067.0,14
PEPE,1783038420000,1783038480000,2.43e-06,2.44e-06,26.04995186048071,target,3443483392.0,14
PEPE,1783039320000,1783039380000,2.43e-06,2.44e-06,26.05673433688154,target,3444379952.0,14
PEPE,1783041420000,1783041480000,2.4400000000000004e-06,2.4500000000000003e-06,26.02011495423057,target,3444091986.0,14
PEPE,1783042620000,1783042680000,2.46e-06,2.47e-06,25.940138098270275,target,3442619522.0,14
PEPE,1783044000000,1783044060000,2.46e-06,2.47e-06,25.946858255834883,target,3443511381.0,14
PEPE,1783045080000,1783045140000,2.4500000000000003e-06,2.46e-06,25.99695785349045,target,3445587522.0,14
PEPE,1783045620000,1783047360000,2.46e-06,2.47e-06,25.960315042476232,target,3445297285.0,14
PEPE,1783047720000,1783047780000,2.47e-06,2.48e-06,25.923670052174586,target,3445005987.0,14
PEPE,1783048380000,1783048440000,2.4500000000000003e-06,2.46e-06,26.017167739590008,target,3448266102.0,14
PEPE,1783048920000,1783048980000,2.46e-06,2.47e-06,25.980496439866577,target,3447975639.0,14
PEPE,1783050120000,1783050180000,2.46e-06,2.47e-06,25.98722705601068,target,3448868886.0,14
PEPE,1783051020000,1783051080000,2.46e-06,2.47e-06,25.99395941274007,target,3449762364.0,14
PEPE,1783051620000,1783052100000,2.46e-06,2.47e-06,26.000693517590456,target,3450656074.0,14
PEPE,1783052520000,1783052580000,2.4500000000000003e-06,2.46e-06,26.050897066034317,target,3452736523.0,14
PEPE,1783053720000,1783053780000,2.4500000000000003e-06,2.46e-06,26.057657197409124,target,3453632498.0,14
PEPE,1783054860000,1783054920000,2.4500000000000003e-06,2.46e-06,26.064419086767977,target,3454528706.0,14
PEPE,1783055280000,1783055340000,2.46e-06,2.47e-06,26.02768118252586,target,3454237715.0,14
PEPE,1783056120000,1783056180000,2.4500000000000003e-06,2.46e-06,26.077936837033278,target,3456320323.0,14
PEPE,1783057380000,1783057860000,2.47e-06,2.48e-06,25.997685673749096,target,3454841950.0,14
PEPE,1783058220000,1783058280000,2.46e-06,2.47e-06,26.047914948165335,target,3456923019.0,14
PEPE,1783059180000,1783059240000,2.47e-06,2.48e-06,26.011146303451564,target,3456630738.0,14
PEPE,1783059720000,1783059780000,2.47e-06,2.48e-06,26.017873608301656,target,3457524732.0,14
PEPE,1783123920000,1783123980000,2.78e-06,2.79e-06,24.689567121376495,target,3421977425.0,14
PEPE,1783124520000,1783124700000,2.79e-06,2.8e-06,24.653017199689774,target,3421654018.0,14
PEPE,1783125120000,1783125180000,2.8000000000000003e-06,2.81e-06,24.616466392856257,target,3421329589.0,14
PEPE,1783130220000,1783130280000,2.7600000000000003e-06,2.77e-06,24.793058414419868,target,3426822172.0,14
PEPE,1783131000000,1783131060000,2.7600000000000003e-06,2.77e-06,24.799162750323788,target,3427665895.0,14
PEPE,1783131420000,1783131480000,2.77e-06,2.78e-06,24.762560847949437,target,3427344062.0,14
PEPE,1783132920000,1783132980000,2.8000000000000003e-06,2.81e-06,24.6406666026743,target,3424693065.0,14
PEPE,1783134120000,1783134180000,2.79e-06,2.8e-06,24.689333303305027,target,3426694421.0,14
PEPE,1783135320000,1783135380000,2.79e-06,2.8e-06,24.69538072638852,target,3427533758.0,14
PEPE,1783135920000,1783135980000,2.8000000000000003e-06,2.81e-06,24.658767107346144,target,3427208771.0,14
PEPE,1783136520000,1783136580000,2.83e-06,2.84e-06,24.536951514026114,target,3424557085.0,14
PEPE,1783137300000,1783137360000,2.81e-06,2.82e-06,24.62814198193464,target,3427716351.0,14
PEPE,1783137720000,1783137780000,2.81e-06,2.82e-06,24.634153585214996,target,3428553039.0,14
PEPE,1783138320000,1783138380000,2.8500000000000002e-06,2.86e-06,24.46975539642829,target,3424738334.0,14
PEPE,1783139220000,1783139280000,2.81e-06,2.82e-06,24.646139595029684,target,3430221238.0,14
PEPE,1783140900000,1783140960000,2.83e-06,2.84e-06,24.566850643456224,target,3428730027.0,14
PEPE,1783141320000,1783141380000,2.82e-06,2.83e-06,24.615474899576085,target,3430728209.0,14
PEPE,1783142220000,1783142700000,2.81e-06,2.77e-06,-151.6408212450001,stop,3432729400.0,14
PEPE,1783150020000,1783150320000,2.74e-06,2.75e-06,24.926324069430866,target,3435744186.0,14
PEPE,1783152420000,1783152480000,2.7200000000000002e-06,2.73e-06,25.01824503187604,target,3438934025.0,14
PEPE,1783153020000,1783153080000,2.7200000000000002e-06,2.73e-06,25.024447304025816,target,3439786571.0,14
PEPE,1783154220000,1783154280000,2.7200000000000002e-06,2.73e-06,25.030651118473795,target,3440639329.0,14
PEPE,1783154820000,1783154880000,2.7200000000000002e-06,2.73e-06,25.036856460675946,target,3441492297.0,14
PEPE,1783155420000,1783155480000,2.7200000000000002e-06,2.73e-06,25.043063352449224,target,3442345478.0,14
PEPE,1783212420000,1783212480000,2.7200000000000002e-06,2.73e-06,25.04927177925142,target,3443198870.0,14
PEPE,1783214280000,1783214340000,2.7200000000000002e-06,2.73e-06,25.05548174107526,target,3444052473.0,14
PEPE,1783214820000,1783214880000,2.7200000000000002e-06,2.73e-06,25.061693245199116,target,3444906288.0,14
PEPE,1783216020000,1783216080000,2.7200000000000002e-06,2.73e-06,25.067906291624816,target,3445760315.0,14
PEPE,1783216620000,1783216680000,2.7200000000000002e-06,2.73e-06,25.074120873073976,target,3446614553.0,14
PEPE,1783217220000,1783217280000,2.7200000000000002e-06,2.73e-06,25.080336996824975,target,3447469003.0,14
PEPE,1783219920000,1783220040000,2.7e-06,2.71e-06,25.17266873399444,target,3450674261.0,14
PEPE,1783221120000,1783221180000,2.7100000000000003e-06,2.7200000000000002e-06,25.135848289954424,target,3450356663.0,14
PEPE,1783221780000,1783221900000,2.7e-06,2.71e-06,25.185183532640735,target,3452389792.0,14
PEPE,1783223820000,1783223940000,2.7e-06,2.71e-06,25.19144862454168,target,3453248612.0,14
PEPE,1783224420000,1783224480000,2.7e-06,2.71e-06,25.197715270277428,target,3454107645.0,14
PEPE,1783225080000,1783225140000,2.7e-06,2.71e-06,25.203983477141815,target,3454966892.0,14
PEPE,1783228620000,1783228680000,2.7e-06,2.71e-06,25.210253245134837,target,3455826353.0,14
PEPE,1783229280000,1783229340000,2.7e-06,2.71e-06,25.21652457426014,target,3456686028.0,14
PEPE,1783229940000,1783230000000,2.69e-06,2.7e-06,25.265984371799153,target,3458724760.0,14
PEPE,1783234020000,1783234080000,2.65e-06,2.66e-06,25.445365954969876,target,3464311226.0,14
PEPE,1783234920000,1783234980000,2.66e-06,2.67e-06,25.4084234522409,target,3463997744.0,14
PEPE,1783235520000,1783235640000,2.66e-06,2.67e-06,25.414787408263365,target,3464865359.0,14
PEPE,1783236420000,1783236480000,2.66e-06,2.67e-06,25.421152963320857,target,3465733192.0,14
PEPE,1783238400000,1783238460000,2.6700000000000003e-06,2.68e-06,25.3841905491259,target,3465418505.0,14
PEPE,1783238820000,1783238880000,2.6700000000000003e-06,2.68e-06,25.39053760302555,target,3466284997.0,14
PEPE,1783239480000,1783239540000,2.6700000000000003e-06,2.68e-06,25.396886246449977,target,3467151706.0,14
PEPE,1783240020000,1783240080000,2.6700000000000003e-06,2.68e-06,25.403236479401006,target,3468018632.0,14
PEPE,1783241580000,1783241640000,2.6700000000000003e-06,2.68e-06,25.409588294551607,target,3468885774.0,14
PEPE,1783299120000,1783299180000,2.7600000000000003e-06,2.77e-06,25.026815968401895,target,3459131440.0,14
PEPE,1783299900000,1783299960000,2.7600000000000003e-06,2.77e-06,25.032977851495886,target,3459983117.0,14
PEPE,1783300320000,1783300380000,2.7600000000000003e-06,2.77e-06,25.039141261175097,target,3460835005.0,14
PEPE,1783301820000,1783301880000,2.7600000000000003e-06,2.77e-06,25.04530618297007,target,3461687102.0,14
PEPE,1783304520000,1783304580000,2.74e-06,2.75e-06,25.137823976908436,target,3464896482.0,14
PEPE,1783305120000,1783305180000,2.74e-06,2.75e-06,25.144034532601342,target,3465752520.0,14
PEPE,1783305720000,1783305840000,2.74e-06,2.75e-06,25.15024661909586,target,3466608769.0,14
PEPE,1783306920000,1783306980000,2.74e-06,2.75e-06,25.156460243649455,target,3467465230.0,14
PEPE,1783307520000,1783307580000,2.74e-06,2.75e-06,25.162675406263954,target,3468321903.0,14
PEPE,1783308240000,1783308300000,2.73e-06,2.74e-06,25.212165291024757,target,3470359985.0,14
PEPE,1783313280000,1783313340000,2.7100000000000003e-06,2.7200000000000002e-06,25.30506121025475,target,3473584243.0,14
PEPE,1783313820000,1783314540000,2.7100000000000003e-06,2.6700000000000003e-06,-152.96252283540042,stop,3474446856.0,14
PEPE,1783318320000,1783318380000,2.68e-06,2.69e-06,25.403402326996783,target,3472782273.0,14
PEPE,1783318920000,1783318980000,2.6700000000000003e-06,2.68e-06,25.453160998449604,target,3474834266.0,14
PEPE,1783319520000,1783319580000,2.68e-06,2.69e-06,25.416096792625936,target,3474517675.0,14
PEPE,1783320420000,1783320480000,2.68e-06,2.69e-06,25.422440982400175,target,3475384960.0,14
PEPE,1783321320000,1783321380000,2.68e-06,2.69e-06,25.428786759531896,target,3476252462.0,14
PEPE,1783322520000,1783322580000,2.69e-06,2.7e-06,25.39170272051928,target,3475934664.0,14
PEPE,1783323780000,1783323840000,2.7e-06,2.71e-06,25.35461738501411,target,3475615817.0,14
PEPE,1783324320000,1783324500000,2.7e-06,2.71e-06,25.36092462742468,target,3476480415.0,14
PEPE,1783324920000,1783324980000,2.7e-06,2.71e-06,25.367233438261366,target,3477345228.0,14
PEPE,1783326480000,1783326660000,2.7e-06,2.71e-06,25.37354381751871,target,3478210256.0,14
PEPE,1783327320000,1783327380000,2.69e-06,2.7e-06,25.423311587011323,target,3480261682.0,14
PEPE,1783328520000,1783328580000,2.69e-06,2.7e-06,25.42964674599212,target,3481128918.0,14
PEPE,1783382520000,1783382580000,2.73e-06,2.74e-06,25.262251181798742,target,3477254120.0,14
PEPE,1783384260000,1783384320000,2.73e-06,2.74e-06,25.268503208319558,target,3478114688.0,14
PEPE,1783384740000,1783384800000,2.73e-06,2.74e-06,25.274756782284207,target,3478975469.0,14
PEPE,1783386000000,1783386060000,2.73e-06,2.74e-06,25.28101190369633,target,3479836463.0,14
PEPE,1783386720000,1783388580000,2.7200000000000002e-06,2.7e-06,-83.77410964764088,time,3481883194.0,14
PEPE,1783390080000,1783390140000,2.7100000000000003e-06,2.7200000000000002e-06,25.353357423725875,target,3480213785.0,14
PEPE,1783395420000,1783395480000,2.68e-06,2.69e-06,25.490140553955385,target,3484639857.0,14
PEPE,1783396620000,1783396680000,2.6700000000000003e-06,2.68e-06,25.54006912752621,target,3486698857.0,14
PEPE,1783397580000,1783397640000,2.6700000000000003e-06,2.68e-06,25.54645515774915,target,3487570670.0,14
PEPE,1783398120000,1783398240000,2.6700000000000003e-06,2.68e-06,25.55284278482572,target,3488442701.0,14
PEPE,1783398720000,1783398780000,2.6700000000000003e-06,2.68e-06,25.55923200875046,target,3489314950.0,14
PEPE,1783399380000,1783399440000,2.6700000000000003e-06,2.68e-06,25.56562282952337,target,3490187417.0,14
PEPE,1783400280000,1783400340000,2.6700000000000003e-06,2.68e-06,25.572015254475115,target,3491060103.0,14
PEPE,1783401720000,1783401780000,2.66e-06,2.67e-06,25.62207034932007,target,3493124792.0,14
PEPE,1783403220000,1783403280000,2.68e-06,2.69e-06,25.54117357830418,target,3491616347.0,14
PEPE,1783403820000,1783403880000,2.69e-06,2.7e-06,25.503925636920854,target,3491297144.0,14
PEPE,1783404480000,1783404540000,2.68e-06,2.69e-06,25.553915108643906,target,3493358183.0,14
PEPE,1783405020000,1783405080000,2.68e-06,2.69e-06,25.56029370086444,target,3494230171.0,14
PEPE,1783405680000,1783405740000,2.69e-06,2.7e-06,25.523017875345,target,3493910729.0,14
PEPE,1783406220000,1783406280000,2.7e-06,2.71e-06,25.485740757030396,target,3493590234.0,14
PEPE,1783406940000,1783407000000,2.7e-06,2.71e-06,25.492080615385934,target,3494459303.0,14
PEPE,1783407420000,1783407480000,2.7100000000000003e-06,2.7200000000000002e-06,25.45479296237708,target,3494137675.0,14
PEPE,1783408860000,1783408920000,2.7e-06,2.71e-06,25.50475420429477,target,3496196601.0,14
PEPE,1783412820000,1783412880000,2.68e-06,2.69e-06,25.598489675605915,target,3499451767.0,14
PEPE,1783469880000,1783470060000,2.66e-06,2.67e-06,25.69241141495968,target,3502714576.0,14
PEPE,1783470480000,1783470540000,2.6700000000000003e-06,2.68e-06,25.65505459689865,target,3502396532.0,14
PEPE,1783471200000,1783471260000,2.6700000000000003e-06,2.68e-06,25.661469377750247,target,3503272270.0,14
PEPE,1783472220000,1783472280000,2.6700000000000003e-06,2.68e-06,25.667885762773402,target,3504148227.0,14
PEPE,1783473180000,1783473240000,2.66e-06,2.67e-06,25.71812851909501,target,3506220657.0,14
PEPE,1783479720000,1783479780000,2.61e-06,2.62e-06,25.94419836287956,target,3513093888.0,14
PEPE,1783480320000,1783480380000,2.6200000000000003e-06,2.6300000000000002e-06,25.906755169750554,target,3512780362.0,14
PEPE,1783480920000,1783480980000,2.6200000000000003e-06,2.6300000000000002e-06,25.913288247125926,target,3513666203.0,14
PEPE,1783481580000,1783481640000,2.6200000000000003e-06,2.6300000000000002e-06,25.91982297650139,target,3514552268.0,14
PEPE,1783483920000,1783483980000,2.61e-06,2.62e-06,25.97038946477699,target,3516640415.0,14
PEPE,1783484520000,1783484580000,2.61e-06,2.62e-06,25.976949707974963,target,3517528735.0,14
PEPE,1783485240000,1783485300000,2.61e-06,2.62e-06,25.98351161279966,target,3518417280.0,14
PEPE,1783485720000,1783485780000,2.61e-06,2.62e-06,25.990075179251072,target,3519306050.0,14
PEPE,1783486620000,1783486680000,2.61e-06,2.62e-06,25.996640399939434,target,3520195044.0,14
PEPE,1783487580000,1783487640000,2.6200000000000003e-06,2.6300000000000002e-06,25.959121519500286,target,3519880884.0,14
PEPE,1783488180000,1783488240000,2.61e-06,2.62e-06,26.009764674844156,target,3521972197.0,14
PEPE,1783488780000,1783488840000,2.61e-06,2.62e-06,26.016334865640413,target,3522861864.0,14
PEPE,1783490280000,1783490340000,2.61e-06,2.62e-06,26.02290671806157,target,3523751756.0,14
PEPE,1783493520000,1783493580000,2.6e-06,2.61e-06,26.073640716946,target,3525847291.0,14
PEPE,1783495020000,1783495080000,2.6e-06,2.61e-06,26.080238217960865,target,3526739448.0,14
PEPE,1783495620000,1783495740000,2.61e-06,2.62e-06,26.042654555155785,target,3526425803.0,14
PEPE,1783496220000,1783496280000,2.6200000000000003e-06,2.6300000000000002e-06,26.0050692740001,target,3526111088.0,14
PEPE,1783497060000,1783497120000,2.61e-06,2.62e-06,26.055802063270036,target,3528206102.0,14
PEPE,1783498020000,1783498080000,2.6200000000000003e-06,2.6300000000000002e-06,26.018197806500588,target,3527891228.0,14
PEPE,1783555320000,1783555380000,2.6e-06,2.61e-06,26.11318366767041,target,3531194546.0,14
PEPE,1783555920000,1783556100000,2.59e-06,2.6e-06,26.164060093770416,target,3533296434.0,14
PEPE,1783556820000,1783556880000,2.5800000000000003e-06,2.59e-06,26.215002144744386,target,3535401503.0,14
PEPE,1783558320000,1783558380000,2.5800000000000003e-06,2.59e-06,26.22165790806541,target,3536299111.0,14
PEPE,1783559220000,1783559280000,2.5800000000000003e-06,2.59e-06,26.22831536200579,target,3537196947.0,14
PEPE,1783560420000,1783560540000,2.6e-06,2.61e-06,26.146316425337204,target,3535674973.0,14
PEPE,1783561140000,1783561200000,2.59e-06,2.6e-06,26.19725740484015,target,3537779528.0,14
PEPE,1783563120000,1783563180000,2.59e-06,2.6e-06,26.203897423910018,target,3538676222.0,14
PEPE,1783564140000,1783564260000,2.59e-06,2.6e-06,26.21053912391351,target,3539573143.0,14
PEPE,1783566420000,1783566480000,2.57e-06,2.58e-06,26.305991224425043,target,3542894441.0,14
PEPE,1783568340000,1783568400000,2.5800000000000003e-06,2.59e-06,26.268250535124757,target,3542582675.0,14
PEPE,1783569420000,1783569480000,2.5800000000000003e-06,2.59e-06,26.2749198159904,target,3543482106.0,14
PEPE,1783574220000,1783574280000,2.6e-06,2.61e-06,26.19277518005979,target,3541957428.0,14
PEPE,1783574880000,1783574940000,2.6e-06,2.61e-06,26.19940283049153,target,3542853662.0,14
PEPE,1783575480000,1783575540000,2.6e-06,2.61e-06,26.20603215219025,target,3543750122.0,14
PEPE,1783576020000,1783576080000,2.6e-06,2.61e-06,26.212663152554367,target,3544646809.0,14
PEPE,1783576620000,1783576680000,2.61e-06,2.62e-06,26.174888659219135,target,3544331572.0,14
PEPE,1783577340000,1783577400000,2.6200000000000003e-06,2.6300000000000002e-06,26.137112527750656,target,3544015258.0,14
PEPE,1783579260000,1783579320000,2.6200000000000003e-06,2.6300000000000002e-06,26.143703698000024,target,3544908976.0,14
PEPE,1783579620000,1783579680000,2.6300000000000002e-06,2.64e-06,26.105916449055933,target,3544591507.0,14
PEPE,1783580820000,1783580880000,2.6200000000000003e-06,2.6300000000000002e-06,26.156879828748437,target,3546695570.0,14
PEPE,1783583220000,1783583280000,2.6200000000000003e-06,2.6300000000000002e-06,26.163475984500774,target,3547589964.0,14
PEPE,1783585920000,1783585980000,2.6200000000000003e-06,2.6300000000000002e-06,26.170073799625236,target,3548484583.0,14
PEPE,1783586520000,1783586580000,2.6200000000000003e-06,2.6300000000000002e-06,26.17667328149932,target,3549379428.0,14
PEPE,1783641780000,1783641840000,2.6e-06,2.61e-06,26.272237701465635,target,3552702867.0,14
PEPE,1783642320000,1783642380000,2.6e-06,2.61e-06,26.278885451504376,target,3553601819.0,14
PEPE,1783642920000,1783642980000,2.6e-06,2.61e-06,26.2855348876051,target,3554500999.0,14
PEPE,1783644180000,1783644240000,2.6e-06,2.61e-06,26.292186009765985,target,3555400407.0,14
PEPE,1783644780000,1783644840000,2.6e-06,2.61e-06,26.29883881059044,target,3556300042.0,14
PEPE,1783645380000,1783645800000,2.61e-06,2.62e-06,26.26094012668016,target,3555983768.0,14
PEPE,1783646220000,1783646280000,2.61e-06,2.62e-06,26.267573769394648,target,3556882027.0,14
PEPE,1783646820000,1783646880000,2.6200000000000003e-06,2.6300000000000002e-06,26.229663873373926,target,3556564593.0,14
PEPE,1783649220000,1783649280000,2.64e-06,2.65e-06,26.147256792825402,target,3555031515.0,14
PEPE,1783649880000,1783649940000,2.64e-06,2.65e-06,26.15382814699373,target,3555924969.0,14
PEPE,1783651920000,1783651980000,2.65e-06,2.66e-06,26.11591359819007,target,3555604302.0,14
PEPE,1783652520000,1783652580000,2.65e-06,2.66e-06,26.122465911099372,target,3556496380.0,14
PEPE,1783655820000,1783655880000,2.65e-06,2.66e-06,26.129019869289092,target,3557388682.0,14
PEPE,1783657800000,1783657860000,2.65e-06,2.66e-06,26.135575472761047,target,3558281208.0,14
PEPE,1783658220000,1783658280000,2.66e-06,2.67e-06,26.097630900704633,target,3557959223.0,14
PEPE,1783660020000,1783660140000,2.66e-06,2.67e-06,26.104167478621555,target,3558850372.0,14
PEPE,1783660620000,1783660680000,2.66e-06,2.67e-06,26.110705699576574,target,3559741745.0,14
PEPE,1783661220000,1783661280000,2.66e-06,2.67e-06,26.117245556234028,target,3560633341.0,14
PEPE,1783661880000,1783661940000,2.6700000000000003e-06,2.68e-06,26.079271021024624,target,3560310037.0,14
PEPE,1783662480000,1783662540000,2.66e-06,2.67e-06,26.130319034806227,target,3562415683.0,14
PEPE,1783663020000,1783663080000,2.66e-06,2.67e-06,26.136863805915745,target,3563307949.0,14
PEPE,1783664220000,1783664280000,2.66e-06,2.67e-06,26.143410212729517,target,3564200438.0,14
PEPE,1783667520000,1783667580000,2.64e-06,2.65e-06,26.239170815665148,target,3567528323.0,14
PEPE,1783668120000,1783668180000,2.64e-06,2.65e-06,26.24576527189098,target,3568424918.0,14
PEPE,1783731900000,1783731960000,2.78e-06,2.79e-06,25.630108006229264,target,3552336522.0,14
PEPE,1783732320000,1783732380000,2.78e-06,2.79e-06,25.63639671566976,target,3553208138.0,14
PEPE,1783732920000,1783732980000,2.79e-06,2.8e-06,25.598445123241415,target,3552872328.0,14
PEPE,1783733520000,1783733580000,2.79e-06,2.8e-06,25.604715224054214,target,3553742571.0,14
PEPE,1783734480000,1783734540000,2.78e-06,2.79e-06,25.655250369253956,target,3555821257.0,14
PEPE,1783735200000,1783735260000,2.78e-06,2.79e-06,25.661545240304353,target,3556693727.0,14
PEPE,1783735920000,1783735980000,2.78e-06,2.79e-06,25.667841662580678,target,3557566412.0,14
PEPE,1783738020000,1783738080000,2.77e-06,2.78e-06,25.718465845700187,target,3559649252.0,14
PEPE,1783738620000,1783738680000,2.77e-06,2.78e-06,25.72478712824968,target,3560524170.0,14
PEPE,1783739220000,1783739280000,2.77e-06,2.78e-06,25.73110996417513,target,3561399303.0,14
PEPE,1783740720000,1783740780000,2.7600000000000003e-06,2.77e-06,25.781823438381373,target,3563486308.0,14
PEPE,1783741620000,1783741680000,2.7600000000000003e-06,2.77e-06,25.788171224801967,target,3564363680.0,14
PEPE,1783742280000,1783742340000,2.77e-06,2.78e-06,25.750109611700612,target,3564029012.0,14
PEPE,1783743420000,1783743480000,2.77e-06,2.78e-06,25.75643866835052,target,3564905006.0,14
PEPE,1783744020000,1783744080000,2.77e-06,2.78e-06,25.762769278374563,target,3565781215.0,14
PEPE,1783744620000,1783744680000,2.77e-06,2.78e-06,25.76910144899884,target,3566657640.0,14
PEPE,1783747620000,1783747680000,2.7600000000000003e-06,2.77e-06,25.819889804845637,target,3568747727.0,14
PEPE,1783748880000,1783749300000,2.7500000000000004e-06,2.7600000000000003e-06,25.87074279867025,target,3570840966.0,14
PEPE,1783750080000,1783750140000,2.7500000000000004e-06,2.7600000000000003e-06,25.877123441190562,target,3571721662.0,14
PEPE,1783750620000,1783750800000,2.7600000000000003e-06,2.77e-06,25.83898788240924,target,3571387406.0,14
PEPE,1783751220000,1783751280000,2.7600000000000003e-06,2.77e-06,25.84534973367078,target,3572266722.0,14
PEPE,1783754400000,1783754460000,2.7500000000000004e-06,2.7600000000000003e-06,25.896252871126627,target,3574362025.0,14
PEPE,1783754820000,1783754880000,2.7500000000000004e-06,2.7600000000000003e-06,25.902639809550383,target,3575243590.0,14
PEPE,1783756020000,1783756080000,2.7500000000000004e-06,2.7600000000000003e-06,25.90902832014052,target,3576125372.0,14
PEPE,1783818420000,1783818480000,2.69e-06,2.7e-06,26.18349273705121,target,3584324810.0,14
PEPE,1783820040000,1783820100000,2.7100000000000003e-06,2.7200000000000002e-06,26.100515131930944,target,3582774898.0,14
PEPE,1783821120000,1783821240000,2.7200000000000002e-06,2.73e-06,26.062280347348793,target,3582444034.0,14
PEPE,1783821720000,1783821780000,2.7200000000000002e-06,2.73e-06,26.06874144217635,target,3583332157.0,14
PEPE,1783824480000,1783824540000,2.7100000000000003e-06,2.7200000000000002e-06,26.119942791785313,target,3585441701.0,14
PEPE,1783825320000,1783825380000,2.7100000000000003e-06,2.7200000000000002e-06,26.126429297504504,target,3586332093.0,14
PEPE,1783825980000,1783826040000,2.7100000000000003e-06,2.7200000000000002e-06,26.132917413209167,target,3587222706.0,14
PEPE,1783826520000,1783826580000,2.7200000000000002e-06,2.73e-06,26.094635153250316,target,3586891430.0,14
PEPE,1783827720000,1783827780000,2.73e-06,2.74e-06,26.056351687141884,target,3586559076.0,14
PEPE,1783828320000,1783828380000,2.73e-06,2.74e-06,26.062800246437945,target,3587446696.0,14
PEPE,1783829520000,1783829580000,2.73e-06,2.74e-06,26.06925039677447,target,3588334535.0,14
PEPE,1783830540000,1783830600000,2.73e-06,2.74e-06,26.07570214541029,target,3589222594.0,14
PEPE,1783831620000,1783831680000,2.7200000000000002e-06,2.73e-06,26.12695239105086,target,3591333662.0,14
PEPE,1783834320000,1783834380000,2.7100000000000003e-06,2.7200000000000002e-06,26.178268068060802,target,3593447916.0,14
PEPE,1783835280000,1783835340000,2.7100000000000003e-06,2.7200000000000002e-06,26.18476905636039,target,3594340296.0,14
PEPE,1783835820000,1783835940000,2.7200000000000002e-06,2.73e-06,26.14641084082536,target,3594008363.0,14
PEPE,1783840020000,1783840080000,2.7e-06,2.71e-06,26.242667265175445,target,3597349865.0,14
PEPE,1783841220000,1783841280000,2.7e-06,2.71e-06,26.249195414775045,target,3598244745.0,14
PEPE,1783842420000,1783842480000,2.69e-06,2.7e-06,26.30068069393591,target,3600366967.0,14
PEPE,1783843080000,1783843140000,2.7e-06,2.71e-06,26.262267777564062,target,3600036707.0,14
PEPE,1783843620000,1783843680000,2.7e-06,2.71e-06,26.26880080022392,target,3600932255.0,14
PEPE,1783844220000,1783844280000,2.7100000000000003e-06,2.7200000000000002e-06,26.2303770319788,target,3600600828.0,14
PEPE,1783844820000,1783844880000,2.7100000000000003e-06,2.7200000000000002e-06,26.236890965725316,target,3601494985.0,14
PEPE,1783845480000,1783845540000,2.7100000000000003e-06,2.7200000000000002e-06,26.24340650945548,target,3602389363.0,14
PEPE,1783900920000,1783900980000,2.7600000000000003e-06,2.77e-06,26.02542315355042,target,3597155930.0,14
PEPE,1783901640000,1783901700000,2.79e-06,2.8e-06,25.897463675709183,target,3594373862.0,14
PEPE,1783902180000,1783902240000,2.79e-06,2.8e-06,25.903807022553085,target,3595254271.0,14
PEPE,1783902900000,1783902960000,2.78e-06,2.79e-06,25.954932472171308,target,3597357238.0,14
PEPE,1783904940000,1783905000000,2.77e-06,2.78e-06,26.006122884374793,target,3599463375.0,14
PEPE,1783907040000,1783907100000,2.7600000000000003e-06,2.77e-06,26.057378383209954,target,3601572686.0,14
PEPE,1783907580000,1783908540000,2.7600000000000003e-06,2.7200000000000002e-06,-158.86846108349886,stop,3602459435.0,14
PEPE,1783909020000,1783909080000,2.7600000000000003e-06,2.77e-06,26.024678773342224,target,3597053044.0,14
PEPE,1783910220000,1783910280000,2.7600000000000003e-06,2.77e-06,26.031086349800404,target,3597938680.0,14
PEPE,1783911780000,1783912200000,2.7500000000000004e-06,2.7100000000000003e-06,-158.70816192840016,stop,3600049040.0,14
PEPE,1783916520000,1783916580000,2.73e-06,2.74e-06,26.132888651031422,target,3597094102.0,14
PEPE,1783917120000,1783917180000,2.73e-06,2.74e-06,26.13935614292056,target,3597984328.0,14
PEPE,1783917840000,1783917900000,2.73e-06,2.74e-06,26.145825240375096,target,3598874775.0,14
PEPE,1783918380000,1783918440000,2.73e-06,2.74e-06,26.152295936130745,target,3599765442.0,14
PEPE,1783920480000,1783920540000,2.73e-06,2.74e-06,26.158768237449973,target,3600656330.0,14
PEPE,1783922520000,1783922700000,2.7200000000000002e-06,2.73e-06,26.2101817448265,target,3602774123.0,14
PEPE,1783924500000,1783924560000,2.7200000000000002e-06,2.73e-06,26.216679512925303,target,3603667287.0,14
PEPE,1783924920000,1783924980000,2.7200000000000002e-06,2.73e-06,26.223178888800447,target,3604560672.0,14
PEPE,1783926120000,1783926180000,2.7200000000000002e-06,2.73e-06,26.229679879724863,target,3605454279.0,14
PEPE,1783927620000,1783927680000,2.7200000000000002e-06,2.73e-06,26.23618247842744,target,3606348107.0,14
PEPE,1783928280000,1783928340000,2.7200000000000002e-06,2.73e-06,26.242686692177468,target,3607242157.0,14
PEPE,1783929420000,1783929480000,2.7200000000000002e-06,2.73e-06,26.249192513700198,target,3608136428.0,14
PEPE,1783930800000,1783930860000,2.7100000000000003e-06,2.7200000000000002e-06,26.30074828159075,target,3610260574.0,14
PEPE,1783931520000,1783931580000,2.7200000000000002e-06,2.73e-06,26.262220169023685,target,3609927171.0,14
PEPE,1783987380000,1783987440000,2.7200000000000002e-06,2.73e-06,26.268730835699678,target,3610822108.0,14
PEPE,1783991040000,1783991100000,2.7500000000000004e-06,2.7600000000000003e-06,26.140181602816753,target,3608030587.0,14
PEPE,1783991700000,1783991760000,2.73e-06,2.74e-06,26.236661257181453,target,3611378012.0,14
PEPE,1783993920000,1783993980000,2.73e-06,2.74e-06,26.24315443810969,target,3612271774.0,14
PEPE,1783994820000,1783994880000,2.73e-06,2.74e-06,26.249649224603328,target,3613165757.0,14
PEPE,1783995420000,1783995480000,2.7200000000000002e-06,2.73e-06,26.301241355700004,target,3615290908.0,14
PEPE,1783997220000,1783997280000,2.7200000000000002e-06,2.73e-06,26.30776169085101,target,3616187174.0,14
PEPE,1783998420000,1783998480000,2.7200000000000002e-06,2.73e-06,26.314283648326033,target,3617083663.0,14
PEPE,1784000520000,1784000580000,2.7200000000000002e-06,2.73e-06,26.320807228125062,target,3617980375.0,14
PEPE,1784002440000,1784002500000,2.7200000000000002e-06,2.73e-06,26.327332415700432,target,3618877308.0,14
PEPE,1784002980000,1784003040000,2.73e-06,2.74e-06,26.28870755735173,target,3618541990.0,14
PEPE,1784003520000,1784003580000,2.73e-06,2.74e-06,26.29521361912459,target,3619437525.0,14
PEPE,1784004300000,1784004360000,2.73e-06,2.74e-06,26.30172128646466,target,3620333281.0,14
PEPE,1784004780000,1784004840000,2.73e-06,2.74e-06,26.308230566636233,target,3621229259.0,14
PEPE,1784005320000,1784005380000,2.73e-06,2.74e-06,26.314741459633858,target,3622125459.0,14
PEPE,1784006820000,1784006880000,2.74e-06,2.75e-06,26.276077170854634,target,3621788721.0,14
PEPE,1784007420000,1784007540000,2.74e-06,2.75e-06,26.282568944854535,target,3622683521.0,14
PEPE,1784008320000,1784008380000,2.73e-06,2.74e-06,26.334261432148608,target,3624812310.0,14
PEPE,1784009220000,1784009280000,2.74e-06,2.75e-06,26.295568468364607,target,3624475323.0,14
PEPE,1784012340000,1784012400000,2.73e-06,2.74e-06,26.347286523724918,target,3626605165.0,14
PEPE,1784012820000,1784012880000,2.73e-06,2.74e-06,26.35380707917571,target,3627502695.0,14
PEPE,1784013420000,1784013480000,2.74e-06,2.75e-06,26.315085397789797,target,3627165458.0,14
PEPE,1784014620000,1784014680000,2.74e-06,2.75e-06,26.321586806429533,target,3628061586.0,14
PEPE,1784016120000,1784016180000,2.74e-06,2.75e-06,26.328089818425543,target,3628957935.0,14
PEPE,1784074320000,1784074380000,2.81e-06,2.82e-06,26.018513609581213,target,3621226668.0,14
PEPE,1784078220000,1784078280000,2.79e-06,2.8e-06,26.115041980500653,target,3624572100.0,14
PEPE,1784078820000,1784078880000,2.8000000000000003e-06,2.81e-06,26.076323561047307,target,3624228431.0,14
PEPE,1784079660000,1784079720000,2.79e-06,2.8e-06,26.12782576877138,target,3626346394.0,14
PEPE,1784081580000,1784081700000,2.79e-06,2.8e-06,26.134225530767107,target,3627234633.0,14
PEPE,1784083020000,1784083080000,2.78e-06,2.79e-06,26.185805755004147,target,3629356307.0,14
PEPE,1784084220000,1784084280000,2.78e-06,2.79e-06,26.192230806299705,target,3630246820.0,14
PEPE,1784084880000,1784084940000,2.78e-06,2.79e-06,26.19865743768011,target,3631137552.0,14
PEPE,1784085480000,1784085540000,2.79e-06,2.8e-06,26.159873493489386,target,3630794378.0,14
PEPE,1784086020000,1784086080000,2.78e-06,2.79e-06,26.21150433680951,target,3632918134.0,14
PEPE,1784086620000,1784086680000,2.79e-06,2.8e-06,26.172701369154936,target,3632574791.0,14
PEPE,1784087220000,1784087340000,2.79e-06,2.8e-06,26.17911212597994,target,3633464556.0,14
PEPE,1784087820000,1784087880000,2.8000000000000003e-06,2.81e-06,26.140298716582336,target,3633120044.0,14
PEPE,1784088480000,1784088540000,2.79e-06,2.8e-06,26.191927277616216,target,3635243203.0,14
PEPE,1784089380000,1784089500000,2.79e-06,2.8e-06,26.198342746511948,target,3636133622.0,14
PEPE,1784090820000,1784090880000,2.78e-06,2.79e-06,26.250049507499085,target,3638260500.0,14
PEPE,1784093580000,1784093640000,2.77e-06,2.78e-06,26.301821976624087,target,3640390585.0,14
PEPE,1784094180000,1784094240000,2.78e-06,2.79e-06,26.262943845254,target,3640047657.0,14
PEPE,1784094720000,1784094780000,2.78e-06,2.79e-06,26.269387828710656,target,3640940794.0,14
PEPE,1784095320000,1784095380000,2.79e-06,2.8e-06,26.230499173064423,target,3640596693.0,14
PEPE,1784095980000,1784096040000,2.79e-06,2.8e-06,26.236924087715337,target,3641488423.0,14
PEPE,1784096520000,1784096580000,2.8000000000000003e-06,2.81e-06,26.198024964248628,target,3641143150.0,14
PEPE,1784097120000,1784097180000,2.8000000000000003e-06,2.81e-06,26.20443083823368,target,3642033473.0,14
PEPE,1784097720000,1784097780000,2.8000000000000003e-06,2.81e-06,26.210838280730616,target,3642924014.0,14
PEPE,1784160420000,1784160540000,2.79e-06,2.8e-06,26.262606166115354,target,3645052903.0,14
PEPE,1784161020000,1784161080000,2.79e-06,2.8e-06,26.26903894141963,target,3645945724.0,14
PEPE,1784161620000,1784163480000,2.79e-06,2.77e-06,-88.12585873205985,time,3646838764.0,14
PEPE,1784164020000,1784164080000,2.78e-06,2.79e-06,26.299262329859253,target,3645081404.0,14
PEPE,1784166360000,1784166420000,2.77e-06,2.78e-06,26.35113185744999,target,3647215482.0,14
PEPE,1784166840000,1784166900000,2.78e-06,2.79e-06,26.31218083786524,target,3646871911.0,14
PEPE,1784167380000,1784167440000,2.78e-06,2.79e-06,26.31863689922998,target,3647766722.0,14
PEPE,1784168820000,1784168880000,2.78e-06,2.79e-06,26.325094547895205,target,3648661753.0,14
PEPE,1784169600000,1784169780000,2.78e-06,2.79e-06,26.331553776645283,target,3649557003.0,14
PEPE,1784170320000,1784170440000,2.78e-06,2.79e-06,26.33801459269585,target,3650452473.0,14
PEPE,1784171220000,1784171280000,2.79e-06,2.8e-06,26.299024342965073,target,3650107473.0,14
PEPE,1784172000000,1784172060000,2.78e-06,2.79e-06,26.35092982509101,target,3652242526.0,14
PEPE,1784172420000,1784172480000,2.78e-06,2.79e-06,26.357395388611764,target,3653138654.0,14
PEPE,1784175480000,1784175540000,2.77e-06,2.78e-06,26.409379569024885,target,3655277449.0,14
PEPE,1784176020000,1784176080000,2.77e-06,2.78e-06,26.415870667974026,target,3656175871.0,14
PEPE,1784177520000,1784177580000,2.77e-06,2.78e-06,26.42236336365024,target,3657074514.0,14
PEPE,1784179320000,1784179380000,2.77e-06,2.78e-06,26.428857648823794,target,3657973377.0,14
PEPE,1784180520000,1784180580000,2.78e-06,2.79e-06,26.38979174149554,target,3657628793.0,14
PEPE,1784181120000,1784181180000,2.78e-06,2.79e-06,26.396266843245048,target,3658526243.0,14
PEPE,1784181840000,1784181900000,2.78e-06,2.79e-06,26.402743539510684,target,3659423914.0,14
PEPE,1784183220000,1784183340000,2.77e-06,2.78e-06,26.45481716052536,target,3661566389.0,14
PEPE,1784186040000,1784186220000,2.7600000000000003e-06,2.77e-06,26.506956992854317,target,3663712093.0,14
PEPE,1784186820000,1784186940000,2.7600000000000003e-06,2.77e-06,26.5134833101349,target,3664614141.0,14
PEPE,1784191320000,1784191380000,2.7200000000000002e-06,2.73e-06,26.702962454325327,target,3670510303.0,14
PEPE,1784247720000,1784247780000,2.7200000000000002e-06,2.73e-06,24.790999654426248,target,3407697547.0,15
PEPE,1784248380000,1784248440000,2.7100000000000003e-06,2.7200000000000002e-06,24.83969140350529,target,3409703693.0,15
PEPE,1784248920000,1784248980000,2.7200000000000002e-06,2.73e-06,24.803303600025817,target,3409388811.0,15
PEPE,1784249520000,1784249580000,2.73e-06,2.74e-06,24.766914647562054,target,3409072904.0,15
PEPE,1784250120000,1784250180000,2.74e-06,2.75e-06,24.730524584115102,target,3408755973.0,15
PEPE,1784250900000,1784250960000,2.74e-06,2.75e-06,24.736634512955863,target,3409598141.0,15
PEPE,1784251320000,1784251380000,2.73e-06,2.74e-06,24.785286466739592,target,3411601716.0,15
PEPE,1784254980000,1784255040000,2.7200000000000002e-06,2.73e-06,24.834000477076017,target,3413608313.0,15
PEPE,1784258880000,1784258940000,2.7500000000000004e-06,2.7600000000000003e-06,24.712472274210512,target,3410969258.0,15
PEPE,1784260260000,1784260320000,2.74e-06,2.75e-06,24.761110365469825,target,3412971794.0,15
PEPE,1784260620000,1784260680000,2.7500000000000004e-06,2.7600000000000003e-06,24.724674223515443,target,3412653447.0,15
PEPE,1784263620000,1784263680000,2.7600000000000003e-06,2.77e-06,24.688237039860525,target,3412334076.0,15
PEPE,1784264220000,1784264280000,2.7600000000000003e-06,2.77e-06,24.694315568521233,target,3413174232.0,15
PEPE,1784264820000,1784264880000,2.7500000000000004e-06,2.7600000000000003e-06,24.742951706655695,target,3415176219.0,15
PEPE,1784265780000,1784265840000,2.7600000000000003e-06,2.77e-06,24.706487587821517,target,3414856612.0,15
PEPE,1784269620000,1784269680000,2.74e-06,2.75e-06,24.79775378162566,target,3418022575.0,15
PEPE,1784270220000,1784270280000,2.74e-06,2.75e-06,24.80388031715983,target,3418867032.0,15
PEPE,1784271120000,1784271180000,2.73e-06,2.74e-06,24.852664525043412,target,3420876053.0,15
PEPE,1784275080000,1784275140000,2.7100000000000003e-06,2.7200000000000002e-06,24.944235837759365,target,3424054336.0,15
PEPE,1784275620000,1784275680000,2.7100000000000003e-06,2.7200000000000002e-06,24.950430375249862,target,3424904650.0,15
PEPE,1784276220000,1784276280000,2.7100000000000003e-06,2.7200000000000002e-06,24.956626449873834,target,3425755175.0,15
PEPE,1784276820000,1784276880000,2.7100000000000003e-06,2.7200000000000002e-06,24.96282406163492,target,3426605911.0,15
PEPE,1784277420000,1784277480000,2.7100000000000003e-06,2.7200000000000002e-06,24.969023217816495,target,3427456859.0,15
PEPE,1784278860000,1784278920000,2.73e-06,2.74e-06,24.889697136045775,target,3425973453.0,15
PEPE,1784333640000,1784333700000,2.74e-06,2.75e-06,24.853126669505485,target,3425654951.0,15
PEPE,1784334720000,1784335020000,2.7500000000000004e-06,2.7600000000000003e-06,24.816555117899853,target,3425335420.0,15
PEPE,1784335320000,1784335440000,2.7500000000000004e-06,2.7600000000000003e-06,24.822675766350386,target,3426180230.0,15
PEPE,1784336040000,1784336100000,2.74e-06,2.75e-06,24.871530761734544,target,3428191697.0,15
PEPE,1784336520000,1784336580000,2.7500000000000004e-06,2.7600000000000003e-06,24.83493213285174,target,3427871930.0,15
PEPE,1784338020000,1784338080000,2.74e-06,2.75e-06,24.88381124945101,target,3429884390.0,15
PEPE,1784340480000,1784340540000,2.73e-06,2.74e-06,24.932752664525974,target,3431899885.0,15
PEPE,1784341020000,1784341080000,2.74e-06,2.75e-06,24.89611893616073,target,3431580832.0,15
PEPE,1784341620000,1784341680000,2.74e-06,2.75e-06,24.90226977594481,target,3432428639.0,15
PEPE,1784342220000,1784342280000,2.74e-06,2.75e-06,24.908422132026484,target,3433276655.0,15
PEPE,1784344740000,1784344800000,2.74e-06,2.75e-06,24.914576011655946,target,3434124881.0,15
PEPE,1784345220000,1784345280000,2.74e-06,2.75e-06,24.92073140757936,target,3434973316.0,15
PEPE,1784346420000,1784346480000,2.74e-06,2.75e-06,24.926888334309844,target,3435821962.0,15
PEPE,1784347320000,1784347380000,2.74e-06,2.75e-06,24.93304677008046,target,3436670816.0,15
PEPE,1784347920000,1784347980000,2.74e-06,2.75e-06,24.939206736656324,target,3437519881.0,15
PEPE,1784349420000,1784349600000,2.74e-06,2.75e-06,24.945368219524326,target,3438369155.0,15
PEPE,1784350020000,1784350080000,2.74e-06,2.75e-06,24.951531225945565,target,3439218639.0,15
PEPE,1784352120000,1784352180000,2.73e-06,2.74e-06,25.00060583203354,target,3441239619.0,15
PEPE,1784352720000,1784352780000,2.73e-06,2.74e-06,25.006793105610996,target,3442091274.0,15
PEPE,1784353320000,1784353380000,2.73e-06,2.74e-06,25.012981912098255,target,3442943140.0,15
PEPE,1784353980000,1784355660000,2.73e-06,2.74e-06,25.019172251504422,target,3443795217.0,15
PEPE,1784356020000,1784357880000,2.73e-06,2.71e-06,-82.9298886588006,time,3444647504.0,15
PEPE,1784358420000,1784358480000,2.7200000000000002e-06,2.73e-06,25.047786798975533,target,3442994749.0,15
PEPE,1784359620000,1784360160000,2.7200000000000002e-06,2.73e-06,25.053996397049502,target,3443848302.0,15
PEPE,1784420520000,1784420580000,2.7500000000000004e-06,2.7600000000000003e-06,24.93139161365969,target,3441185868.0,15
PEPE,1784421120000,1784421180000,2.7500000000000004e-06,2.7600000000000003e-06,24.937540590060404,target,3442034588.0,15
PEPE,1784421780000,1784421900000,2.7500000000000004e-06,2.7600000000000003e-06,24.94369107342078,target,3442883516.0,15
PEPE,1784422980000,1784423040000,2.7500000000000004e-06,2.7600000000000003e-06,24.949843078231204,target,3443732654.0,15
PEPE,1784423520000,1784423580000,2.7500000000000004e-06,2.7600000000000003e-06,24.955996597244663,target,3444582001.0,15
PEPE,1784424120000,1784424180000,2.7500000000000004e-06,2.7600000000000003e-06,24.962151637709987,target,3445431558.0,15
PEPE,1784426520000,1784426580000,2.74e-06,2.75e-06,25.011281142386395,target,3447454327.0,15
PEPE,1784428920000,1784428980000,2.7600000000000003e-06,2.77e-06,24.93152254621503,target,3445960269.0,15
PEPE,1784430120000,1784430180000,2.7500000000000004e-06,2.7600000000000003e-06,24.980625873314043,target,3447981487.0,15
PEPE,1784431320000,1784431380000,2.74e-06,2.75e-06,25.02979173801295,target,3450005753.0,15
PEPE,1784432820000,1784432880000,2.74e-06,2.75e-06,25.035975602558835,target,3450858112.0,15
PEPE,1784433720000,1784433780000,2.74e-06,2.75e-06,25.04216099065614,target,3451710681.0,15
PEPE,1784434620000,1784434680000,2.74e-06,2.75e-06,25.04834791681071,target,3452563462.0,15
PEPE,1784436420000,1784436480000,2.7500000000000004e-06,2.7600000000000003e-06,25.011489095144285,target,3452241421.0,15
PEPE,1784437620000,1784437680000,2.7600000000000003e-06,2.77e-06,24.974629233310033,target,3451918346.0,15
PEPE,1784438220000,1784438280000,2.7600000000000003e-06,2.77e-06,24.980778274280382,target,3452768248.0,15
PEPE,1784438820000,1784438880000,2.7600000000000003e-06,2.77e-06,24.98692882736649,target,3453618359.0,15
PEPE,1784440020000,1784440080000,2.7600000000000003e-06,2.77e-06,24.99308089256653,target,3454468679.0,15
PEPE,1784440620000,1784440680000,2.7600000000000003e-06,2.77e-06,24.999234477115248,target,3455319209.0,15
PEPE,1784441220000,1784441280000,2.7600000000000003e-06,2.77e-06,25.00538958101445,target,3456169949.0,15
PEPE,1784441820000,1784441880000,2.7600000000000003e-06,2.77e-06,25.01154618979468,target,3457020897.0,15
PEPE,1784442420000,1784442480000,2.7600000000000003e-06,2.77e-06,25.017704317925393,target,3457872055.0,15
PEPE,1784444220000,1784444280000,2.78e-06,2.79e-06,24.937725062249115,target,3456372150.0,15
PEPE,1784446620000,1784446680000,2.82e-06,2.83e-06,24.77187475314981,target,3452526098.0,15
PEPE,1784505720000,1784505780000,2.83e-06,2.84e-06,24.734981173069734,target,3452195558.0,15
PEPE,1784506380000,1784506440000,2.8500000000000002e-06,2.86e-06,24.655204850295654,target,3450693471.0,15
PEPE,1784506980000,1784507040000,2.86e-06,2.87e-06,24.618318107684843,target,3450359931.0,15
PEPE,1784508120000,1784508180000,2.87e-06,2.88e-06,24.58143074700112,target,3450025368.0,15
PEPE,1784509020000,1784509080000,2.86e-06,2.87e-06,24.630223725654368,target,3452028553.0,15
PEPE,1784509920000,1784509980000,2.88e-06,2.89e-06,24.550482208827166,target,3450524555.0,15
PEPE,1784511120000,1784511180000,2.88e-06,2.89e-06,24.556402401104528,target,3451356627.0,15
PEPE,1784512380000,1784512860000,2.86e-06,2.87e-06,24.648067026412505,target,3454529366.0,15
PEPE,1784513520000,1784513580000,2.87e-06,2.88e-06,24.61113508575036,target,3454194398.0,15
PEPE,1784514420000,1784514540000,2.86e-06,2.87e-06,24.659987035676508,target,3456200005.0,15
PEPE,1784516820000,1784517120000,2.92e-06,2.88e-06,-152.97385868844077,stop,3450019366.0,15
PEPE,1784517480000,1784517540000,2.9e-06,2.91e-06,24.457700047937024,target,3447174073.0,15
PEPE,1784518020000,1784518200000,2.8900000000000003e-06,2.9e-06,24.506353318931403,target,3449170066.0,15
PEPE,1784523000000,1784523060000,2.87e-06,2.88e-06,24.597912175875607,target,3452338551.0,15
PEPE,1784523420000,1784523480000,2.86e-06,2.87e-06,24.64673787580049,target,3454343080.0,15
PEPE,1784527920000,1784527980000,2.83e-06,2.84e-06,24.781558975171283,target,3458696298.0,15
PEPE,1784528520000,1784528580000,2.83e-06,2.84e-06,24.78758709745548,target,3459537627.0,15
PEPE,1784529120000,1784529180000,2.83e-06,2.84e-06,24.793616681398586,target,3460379160.0,15
PEPE,1784530020000,1784530080000,2.82e-06,2.83e-06,24.842689764549352,target,3462395786.0,15
PEPE,1784530620000,1784530680000,2.82e-06,2.83e-06,24.84874324030065,target,3463239476.0,15
PEPE,1784531220000,1784531280000,2.82e-06,2.83e-06,24.85479819409894,target,3464083372.0,15
PEPE,1784534220000,1784534280000,2.82e-06,2.83e-06,24.86085461877405,target,3464927473.0,15
PEPE,1784534820000,1784534880000,2.82e-06,2.83e-06,24.866912521501604,target,3465771780.0,15
PEPE,1784535660000,1784535720000,2.81e-06,2.82e-06,24.91609566522065,target,3467793412.0,15
PEPE,1784595180000,1784595240000,2.9300000000000003e-06,2.9400000000000002e-06,24.40649157259364,target,3454563563.0,15
PEPE,1784595720000,1784595780000,2.9400000000000002e-06,2.95e-06,24.36953060127448,target,3454221205.0,15
PEPE,1784596320000,1784596380000,2.9400000000000002e-06,2.95e-06,24.375345783795076,target,3455045469.0,15
PEPE,1784597040000,1784597100000,2.9300000000000003e-06,2.9400000000000002e-06,24.42397797040598,target,3457038637.0,15
PEPE,1784599800000,1784599860000,2.92e-06,2.93e-06,24.472671210000524,target,3459034800.0,15
PEPE,1784600820000,1784601120000,2.92e-06,2.93e-06,24.47853151739983,target,3459863112.0,15
PEPE,1784601480000,1784601540000,2.92e-06,2.93e-06,24.48439322565124,target,3460691622.0,15
PEPE,1784602020000,1784602080000,2.92e-06,2.93e-06,24.490256341825816,target,3461520331.0,15
PEPE,1784602680000,1784602740000,2.92e-06,2.93e-06,24.496120865925377,target,3462349239.0,15
PEPE,1784605620000,1784605680000,2.9300000000000003e-06,2.9400000000000002e-06,24.459080620724905,target,3462007165.0,15
PEPE,1784606220000,1784606280000,2.9300000000000003e-06,2.9400000000000002e-06,24.464927416904825,target,3462834737.0,15
PEPE,1784606820000,1784606940000,2.9400000000000002e-06,2.95e-06,24.427877955799428,target,3462491560.0,15
PEPE,1784610720000,1784610780000,2.91e-06,2.92e-06,24.5625178626754,target,3466833855.0,15
PEPE,1784611320000,1784611380000,2.9e-06,2.91e-06,24.611415386909822,target,3468839378.0,15
PEPE,1784612220000,1784612280000,2.91e-06,2.92e-06,24.574313856299206,target,3468498780.0,15
PEPE,1784613480000,1784613540000,2.92e-06,2.93e-06,24.537211885774887,target,3468157157.0,15
PEPE,1784614080000,1784614140000,2.91e-06,2.92e-06,24.58609487931921,target,3470161592.0,15
PEPE,1784614620000,1784614680000,2.91e-06,2.92e-06,24.591992660040244,target,3470994024.0,15
PEPE,1784617020000,1784617080000,2.91e-06,2.92e-06,24.59789186484474,target,3471826657.0,15
PEPE,1784618220000,1784618280000,2.91e-06,2.92e-06,24.60379247956603,target,3472659489.0,15
PEPE,1784619120000,1784619180000,2.91e-06,2.92e-06,24.60969451128563,target,3473492521.0,15
PEPE,1784619720000,1784619780000,2.92e-06,2.93e-06,24.57253912245194,target,3473150406.0,15
PEPE,1784620920000,1784620980000,2.91e-06,2.92e-06,24.621492488711066,target,3475157726.0,15
PEPE,1784621820000,1784621880000,2.91e-06,2.92e-06,24.627398771431046,target,3475991358.0,15
PEPE,1784679780000,1784679840000,2.88e-06,2.89e-06,24.762751069019888,target,3480358548.0,15
PEPE,1784680320000,1784680380000,2.88e-06,2.89e-06,24.768722446608802,target,3481197814.0,15
PEPE,1784681520000,1784681580000,2.88e-06,2.89e-06,24.77469526142859,target,3482037282.0,15
PEPE,1784682420000,1784682480000,2.88e-06,2.89e-06,24.78066952059396,target,3482876953.0,15
PEPE,1784683080000,1784683140000,2.88e-06,2.89e-06,24.786645216990202,target,3483716826.0,15
PEPE,1784683980000,1784684040000,2.87e-06,2.88e-06,24.835881169500787,target,3485737708.0,15
PEPE,1784686020000,1784686080000,2.87e-06,2.88e-06,24.84188062612743,target,3486579737.0,15
PEPE,1784686620000,1784686680000,2.88e-06,2.89e-06,24.804601833425114,target,3486240595.0,15
PEPE,1784687820000,1784687880000,2.87e-06,2.88e-06,24.853873447499986,target,3488262940.0,15
PEPE,1784691240000,1784691420000,2.87e-06,2.88e-06,24.85987725750005,target,3489105580.0,15
PEPE,1784692320000,1784692440000,2.87e-06,2.88e-06,24.86588251387569,target,3489948423.0,15
PEPE,1784693280000,1784693340000,2.87e-06,2.88e-06,24.87188922375025,target,3490791470.0,15
PEPE,1784693820000,1784693880000,2.86e-06,2.87e-06,24.921258756011476,target,3492818326.0,15
PEPE,1784694780000,1784694900000,2.86e-06,2.87e-06,24.92728932936034,target,3493663536.0,15
PEPE,1784696220000,1784696340000,2.87e-06,2.88e-06,24.88993901475011,target,3493324774.0,15
PEPE,1784697420000,1784697480000,2.86e-06,2.87e-06,24.939344368499377,target,3495353100.0,15
PEPE,1784702220000,1784702280000,2.8400000000000003e-06,2.8500000000000002e-06,25.03227433873425,target,3498570837.0,15
PEPE,1784702880000,1784702940000,2.83e-06,2.84e-06,25.081855180763682,target,3500607841.0,15
PEPE,1784704320000,1784704380000,2.8400000000000003e-06,2.8500000000000002e-06,25.044443469719603,target,3500271624.0,15
PEPE,1784704920000,1784704980000,2.8400000000000003e-06,2.8500000000000002e-06,25.050524962139864,target,3501121588.0,15
PEPE,1784705520000,1784705580000,2.8400000000000003e-06,2.8500000000000002e-06,25.056607942801094,target,3501971760.0,15
PEPE,1784706420000,1784706480000,2.8400000000000003e-06,2.8500000000000002e-06,25.06269239739021,target,3502822138.0,15
PEPE,1784707620000,1784707680000,2.8400000000000003e-06,2.8500000000000002e-06,25.068778325909044,target,3503672722.0,15
PEPE,1784710620000,1784710680000,2.83e-06,2.84e-06,25.11843146684174,target,3505712696.0,15
PEPE,1784764920000,1784765100000,2.88e-06,2.89e-06,24.906955107054845,target,3500626157.0,15
PEPE,1784765520000,1784765700000,2.88e-06,2.89e-06,24.912961255651037,target,3501470310.0,15
PEPE,1784767680000,1784767740000,2.8900000000000003e-06,2.9e-06,24.87551904404005,target,3501128648.0,15
PEPE,1784768880000,1784768940000,2.88e-06,2.89e-06,24.924967426824075,target,3503157755.0,15
PEPE,1784774820000,1784774880000,2.8500000000000002e-06,2.86e-06,25.061567072398425,target,3507567120.0,15
PEPE,1784775420000,1784775480000,2.8500000000000002e-06,2.86e-06,25.067642158665336,target,3508417377.0,15
PEPE,1784776980000,1784777040000,2.8400000000000003e-06,2.8500000000000002e-06,25.117328635649866,target,3510458230.0,15
PEPE,1784777520000,1784777580000,2.8400000000000003e-06,2.8500000000000002e-06,25.123427836694475,target,3511310669.0,15
PEPE,1784778420000,1784778480000,2.8400000000000003e-06,2.8500000000000002e-06,25.12952851167244,target,3512163314.0,15
PEPE,1784779320000,1784779380000,2.8400000000000003e-06,2.8500000000000002e-06,25.13563067488591,target,3513016167.0,15
PEPE,1784781120000,1784781180000,2.8500000000000002e-06,2.86e-06,25.098082023600323,target,3512677680.0,15
PEPE,1784781720000,1784782140000,2.8500000000000002e-06,2.86e-06,25.104165969665264,target,3513529177.0,15
PEPE,1784782620000,1784782680000,2.8400000000000003e-06,2.8500000000000002e-06,25.153924843621432,target,3515573004.0,15
PEPE,1784783820000,1784783880000,2.8400000000000003e-06,2.8500000000000002e-06,25.160032924019724,target,3516426684.0,15
PEPE,1784785860000,1784785920000,2.8400000000000003e-06,2.8500000000000002e-06,25.16614249265898,target,3517280572.0,15
PEPE,1784786220000,1784786280000,2.8400000000000003e-06,2.8500000000000002e-06,25.172253542384485,target,3518134667.0,15
PEPE,1784786820000,1784786880000,2.8400000000000003e-06,2.8500000000000002e-06,25.178366080349136,target,3518988970.0,15
PEPE,1784787420000,1784787480000,2.8400000000000003e-06,2.8500000000000002e-06,25.184480099401856,target,3519843480.0,15
PEPE,1784788320000,1784788380000,2.8400000000000003e-06,2.8500000000000002e-06,25.190595599537183,target,3520698197.0,15
PEPE,1784789220000,1784789280000,2.8400000000000003e-06,2.8500000000000002e-06,25.19671258790984,target,3521553122.0,15
PEPE,1784789820000,1784789940000,2.8500000000000002e-06,2.86e-06,25.15907269388433,target,3521213813.0,15
PEPE,1784790720000,1784790780000,2.83e-06,2.84e-06,25.25273907657992,target,3524457652.0,15
PEPE,1784792220000,1784792340000,2.8400000000000003e-06,2.8500000000000002e-06,25.215072475320696,target,3524119144.0,15
PEPE,1784793720000,1784793900000,2.8400000000000003e-06,2.8500000000000002e-06,25.221195409500677,target,3524974900.0,15
PEPE,1784851320000,1784851380000,2.78e-06,2.79e-06,25.490750447175948,target,3533021545.0,15
PEPE,1784852520000,1784852580000,2.77e-06,2.78e-06,25.5410253583765,target,3535090015.0,15
PEPE,1784853420000,1784853480000,2.77e-06,2.78e-06,25.547303030825372,target,3535958897.0,15
PEPE,1784854500000,1784854620000,2.77e-06,2.78e-06,25.553582234975547,target,3536827991.0,15
PEPE,1784855220000,1784855280000,2.78e-06,2.79e-06,25.515810119085007,target,3536494819.0,15
PEPE,1784855880000,1784855940000,2.77e-06,2.78e-06,25.56613445867464,target,3538565323.0,15
PEPE,1784856480000,1784856540000,2.77e-06,2.78e-06,25.572418301274393,target,3539435059.0,15
PEPE,1784858580000,1784858700000,2.78e-06,2.79e-06,25.534618339814855,target,3539101641.0,15
PEPE,1784860320000,1784860380000,2.78e-06,2.79e-06,25.540883614935776,target,3539970009.0,15
PEPE,1784860980000,1784861040000,2.77e-06,2.78e-06,25.591257402075108,target,3542042547.0,15
PEPE,1784861940000,1784862000000,2.77e-06,2.78e-06,25.597547414825744,target,3542913137.0,15
PEPE,1784863140000,1784863200000,2.79e-06,2.8e-06,25.515611637506098,target,3541375661.0,15
PEPE,1784864400000,1784864460000,2.78e-06,2.79e-06,25.565970927510797,target,3543447114.0,15
PEPE,1784865420000,1784865480000,2.78e-06,2.79e-06,25.57224389381881,target,3544316548.0,15
PEPE,1784866020000,1784866080000,2.78e-06,2.79e-06,25.57851839692512,target,3545186195.0,15
PEPE,1784867520000,1784867640000,2.78e-06,2.79e-06,25.5847944440399,target,3546056056.0,15
PEPE,1784868420000,1784868480000,2.77e-06,2.78e-06,25.635254841550132,target,3548132158.0,15
PEPE,1784869920000,1784870040000,2.78e-06,2.79e-06,25.59736200001568,target,3547797921.0,15
PEPE,1784871300000,1784871420000,2.77e-06,2.78e-06,25.64784717845061,target,3549875042.0,15
PEPE,1784872440000,1784872500000,2.77e-06,2.78e-06,25.654151106549982,target,3550747558.0,15
PEPE,1784872920000,1784873040000,2.77e-06,2.78e-06,25.660456573574933,target,3551620287.0,15
PEPE,1784873580000,1784873640000,2.78e-06,2.79e-06,25.62252648423009,target,3551285722.0,15
PEPE,1784874180000,1784874300000,2.78e-06,2.79e-06,25.62881332498383,target,3552157079.0,15
PEPE,1784875680000,1784875800000,2.78e-06,2.79e-06,25.63510171696532,target,3553028651.0,15
PEPE,1784937720000,1784937780000,2.7100000000000003e-06,2.7200000000000002e-06,25.951912933629977,target,3562376518.0,15
PEPE,1784938320000,1784938380000,2.7100000000000003e-06,2.7200000000000002e-06,25.95835771815482,target,3563261183.0,15
PEPE,1784939040000,1784939100000,2.7100000000000003e-06,2.7200000000000002e-06,25.964804090809537,target,3564146066.0,15
PEPE,1784941440000,1784941500000,2.7100000000000003e-06,2.7200000000000002e-06,25.971252073449723,target,3565031170.0,15
PEPE,1784942520000,1784942580000,2.7100000000000003e-06,2.7200000000000002e-06,25.97770165150498,target,3565916493.0,15
PEPE,1784943120000,1784943240000,2.7100000000000003e-06,2.7200000000000002e-06,25.98415283225869,target,3566802036.0,15
PEPE,1784943720000,1784943780000,2.7100000000000003e-06,2.7200000000000002e-06,25.990605615714493,target,3567687799.0,15
PEPE,1784944320000,1784944380000,2.7100000000000003e-06,2.7200000000000002e-06,25.99706000187056,target,3568573782.0,15
PEPE,1784944920000,1784944980000,2.7100000000000003e-06,2.7200000000000002e-06,26.003515990725084,target,3569459985.0,15
PEPE,1784945580000,1784945700000,2.7100000000000003e-06,2.7200000000000002e-06,26.009973582279876,target,3570346408.0,15
PEPE,1784946120000,1784946240000,2.7100000000000003e-06,2.7200000000000002e-06,26.01643277653494,target,3571233051.0,15
PEPE,1784947080000,1784947140000,2.7100000000000003e-06,2.7200000000000002e-06,26.022893580773662,target,3572119915.0,15
PEPE,1784949480000,1784949540000,2.7e-06,2.71e-06,26.073969857639447,target,3574224792.0,15
PEPE,1784951280000,1784951340000,2.7e-06,2.71e-06,26.080456046400123,target,3575113920.0,15
PEPE,1784952840000,1784952900000,2.7e-06,2.71e-06,26.0869438473554,target,3576003269.0,15
PEPE,1784953920000,1784953980000,2.7e-06,2.71e-06,26.093433260503453,target,3576892839.0,15
PEPE,1784954520000,1784954580000,2.7e-06,2.71e-06,26.09992428584974,target,3577782630.0,15
PEPE,1784955180000,1784955240000,2.7e-06,2.71e-06,26.106416930684464,target,3578672643.0,15
PEPE,1784955720000,1784955780000,2.7e-06,2.71e-06,26.112911187715603,target,3579562877.0,15
PEPE,1784956440000,1784956500000,2.7e-06,2.71e-06,26.119407064235176,target,3580453333.0,15
PEPE,1784957220000,1784957280000,2.7e-06,2.71e-06,26.12590455294935,target,3581344010.0,15
PEPE,1784958420000,1784958480000,2.69e-06,2.7e-06,26.177148008520426,target,3583456264.0,15
PEPE,1784959920000,1784959980000,2.69e-06,2.7e-06,26.18367100826825,target,3584349214.0,15
PEPE,1784960520000,1784960580000,2.69e-06,2.7e-06,26.190195637035657,target,3585242387.0,15
PEPE,1785024420000,1785024480000,2.74e-06,2.75e-06,25.97313768105617,target,3580032761.0,15
PEPE,1785025020000,1785025080000,2.74e-06,2.75e-06,25.97955460522119,target,3580917244.0,15
PEPE,1785025620000,1785025680000,2.74e-06,2.75e-06,25.985973118229364,target,3581801946.0,15
PEPE,1785026280000,1785026340000,2.74e-06,2.75e-06,25.99239322008433,target,3582686867.0,15
PEPE,1785026880000,1785027000000,2.74e-06,2.75e-06,25.99881490353045,target,3583572006.0,15
PEPE,1785027720000,1785027780000,2.74e-06,2.75e-06,26.005238175819727,target,3584457364.0,15
PEPE,1785028920000,1785028980000,2.74e-06,2.75e-06,26.011663029698333,target,3585342940.0,15
PEPE,1785029940000,1785030000000,2.74e-06,2.75e-06,26.018089479681198,target,3586228736.0,15
PEPE,1785030420000,1785030480000,2.74e-06,2.75e-06,26.024517511249755,target,3587114750.0,15
PEPE,1785031020000,1785031080000,2.7600000000000003e-06,2.77e-06,25.941527801010785,target,3585560166.0,15
PEPE,1785031740000,1785031800000,2.7600000000000003e-06,2.77e-06,25.947914902421026,target,3586442972.0,15
PEPE,1785032220000,1785032280000,2.78e-06,2.79e-06,25.864961847855753,target,3584887297.0,15
PEPE,1785032820000,1785032880000,2.8000000000000003e-06,2.81e-06,25.782065940620928,target,3583330916.0,15
PEPE,1785034020000,1785034080000,2.87e-06,2.88e-06,25.476898744874312,target,3575705087.0,15
PEPE,1785034620000,1785034680000,2.86e-06,2.87e-06,25.52746919020979,target,3577781246.0,15
PEPE,1785035280000,1785035340000,2.8400000000000003e-06,2.8500000000000002e-06,25.62259065191921,target,3581074864.0,15
PEPE,1785036120000,1785036180000,2.86e-06,2.87e-06,25.539846759890807,target,3579516014.0,15
PEPE,1785036780000,1785036840000,2.8500000000000002e-06,2.86e-06,25.590505592078667,target,3581596304.0,15
PEPE,1785037920000,1785037980000,2.87e-06,2.88e-06,25.50776035462723,target,3580036541.0,15
PEPE,1785038640000,1785038700000,2.9e-06,2.91e-06,25.380692947170502,target,3577264686.0,15
PEPE,1785039120000,1785039180000,2.91e-06,2.92e-06,25.342431736569154,target,3576913442.0,15
PEPE,1785039720000,1785039780000,2.9e-06,2.91e-06,25.39288185918175,target,3578982644.0,15
PEPE,1785040440000,1785040500000,2.91e-06,2.92e-06,25.354602278719774,target,3578631232.0,15
PEPE,1785040920000,1785040980000,2.91e-06,2.92e-06,25.36068441114043,target,3579489684.0,15
PEPE,1785110520000,1785110580000,2.9700000000000004e-06,2.9800000000000003e-06,25.100980650276487,target,3573093331.0,15
PEPE,1785111120000,1785111180000,2.9700000000000004e-06,2.9800000000000003e-06,25.10693886187545,target,3573941475.0,15
PEPE,1785112020000,1785112080000,2.9700000000000004e-06,2.9800000000000003e-06,25.11289848549974,target,3574789820.0,15
PEPE,1785113220000,1785113280000,2.9700000000000004e-06,2.9800000000000003e-06,25.118859521151187,target,3575638366.0,15
PEPE,1785114120000,1785114240000,2.9700000000000004e-06,2.9800000000000003e-06,25.12482197585038,target,3576487114.0,15
PEPE,1785118320000,1785118380000,2.9400000000000002e-06,2.95e-06,25.263702381615158,target,3580964193.0,15
PEPE,1785118920000,1785118980000,2.9300000000000003e-06,2.9400000000000002e-06,25.314106964129248,target,3583030002.0,15
PEPE,1785120540000,1785120600000,2.9300000000000003e-06,2.9400000000000002e-06,25.3201581507601,target,3583886504.0,15
PEPE,1785121020000,1785121080000,2.9300000000000003e-06,2.9400000000000002e-06,25.32621078571504,target,3584743211.0,15
PEPE,1785121620000,1785121680000,2.9300000000000003e-06,2.9400000000000002e-06,25.332264861929822,target,3585600122.0,15
PEPE,1785122220000,1785122280000,2.9400000000000002e-06,2.95e-06,25.29390190878962,target,3585244778.0,15
PEPE,1785122820000,1785122880000,2.9400000000000002e-06,2.95e-06,25.299937665885547,target,3586100307.0,15
PEPE,1785124020000,1785124080000,2.9400000000000002e-06,2.95e-06,25.305974869254648,target,3586956041.0,15
PEPE,1785125520000,1785125640000,2.9300000000000003e-06,2.9400000000000002e-06,25.356463786890846,target,3589025306.0,15
PEPE,1785126840000,1785126900000,2.9400000000000002e-06,2.95e-06,25.318064190265005,target,3588669623.0,15
PEPE,1785127320000,1785127380000,2.95e-06,2.96e-06,25.27966425369079,target,3588312882.0,15
PEPE,1785128040000,1785128100000,2.95e-06,2.96e-06,25.285686023800206,target,3589167640.0,15
PEPE,1785129120000,1785129180000,2.95e-06,2.96e-06,25.291709231092195,target,3590022602.0,15
PEPE,1785130320000,1785130380000,2.99e-06,3e-06,25.12014115872039,target,3586030144.0,15
PEPE,1785130920000,1785130980000,2.99e-06,3e-06,25.126082925808518,target,3586878362.0,15
PEPE,1785132360000,1785132420000,3.0300000000000002e-06,3.04e-06,24.95482843210033,target,3582889940.0,15
PEPE,1785132840000,1785132900000,3.0300000000000002e-06,3.04e-06,24.96068947959953,target,3583731440.0,15
PEPE,1785133320000,1785133380000,3.0300000000000002e-06,3.04e-06,24.96655189920542,target,3584573137.0,15
PEPE,1785134520000,1785134580000,3.0600000000000003e-06,3.0700000000000003e-06,24.839737235934997,target,3581793401.0,15
PEPE,1785197880000,1785197940000,2.82e-06,2.83e-06,25.914783896923797,target,3611816571.0,15
PEPE,1785202620000,1785202680000,2.79e-06,2.8e-06,26.056013130289173,target,3616379338.0,15
PEPE,1785203220000,1785203280000,2.79e-06,2.8e-06,26.062395304879715,target,3617265136.0,15
PEPE,1785204720000,1785204780000,2.79e-06,2.8e-06,26.068779042954713,target,3618151151.0,15
PEPE,1785205320000,1785205380000,2.79e-06,2.8e-06,26.075164351719348,target,3619037384.0,15
PEPE,1785205920000,1785205980000,2.79e-06,2.8e-06,26.081551216765074,target,3619923833.0,15
PEPE,1785207420000,1785207480000,2.8000000000000003e-06,2.81e-06,26.04288244578068,target,3619580604.0,15
PEPE,1785208080000,1785208140000,2.8000000000000003e-06,2.81e-06,26.049250387726158,target,3620465655.0,15
PEPE,1785208620000,1785208680000,2.8000000000000003e-06,2.81e-06,26.055619890985152,target,3621350923.0,15
PEPE,1785209220000,1785209280000,2.8000000000000003e-06,2.81e-06,26.06199094836476,target,3622236407.0,15
PEPE,1785210120000,1785210180000,2.8000000000000003e-06,2.81e-06,26.068363559863162,target,3623122107.0,15
PEPE,1785211320000,1785211380000,2.8000000000000003e-06,2.81e-06,26.074737732678717,target,3624008024.0,15
PEPE,1785211980000,1785212040000,2.81e-06,2.82e-06,26.036020767389523,target,3623663294.0,15
PEPE,1785214020000,1785214140000,2.81e-06,2.82e-06,26.0423760292203,target,3624547812.0,15
PEPE,1785215220000,1785215280000,2.82e-06,2.83e-06,26.00364874730023,target,3624201916.0,15
PEPE,1785216180000,1785216240000,2.81e-06,2.82e-06,26.05508019415533,target,3626315963.0,15
PEPE,1785217320000,1785217380000,2.82e-06,2.83e-06,26.016334018150133,target,3625969898.0,15
PEPE,1785217980000,1785218040000,2.82e-06,2.83e-06,26.022673482225844,target,3626853447.0,15
PEPE,1785218580000,1785218640000,2.81e-06,2.82e-06,26.074142552400783,target,3628969040.0,15
PEPE,1785220020000,1785220080000,2.82e-06,2.83e-06,26.03536803752422,target,3628622723.0,15
PEPE,1785221880000,1785221940000,2.83e-06,2.84e-06,25.996592696461732,target,3628275324.0,15
PEPE,1785222420000,1785222480000,2.82e-06,2.83e-06,26.048046786301263,target,3630389796.0,15
PEPE,1785223020000,1785223080000,2.82e-06,2.83e-06,26.054393977850168,target,3631274422.0,15
PEPE,1785224520000,1785225960000,2.82e-06,2.83e-06,26.060742712024915,target,3632159263.0,15
PEPE,1785283980000,1785284040000,2.81e-06,2.82e-06,26.112287077935722,target,3634277951.0,15
PEPE,1785284520000,1785284580000,2.81e-06,2.82e-06,26.118660948914094,target,3635165059.0,15
PEPE,1785285120000,1785285180000,2.8000000000000003e-06,2.81e-06,26.170283253116015,target,3637287457.0,15
PEPE,1785286020000,1785287520000,2.81e-06,2.77e-06,-160.66188912802443,stop,3636941463.0,15
PEPE,1785289320000,1785289380000,2.79e-06,2.8e-06,26.18261841040971,target,3633951202.0,15
PEPE,1785289920000,1785289980000,2.78e-06,2.79e-06,26.23429414086096,target,3636076804.0,15
PEPE,1785291420000,1785291780000,2.78e-06,2.79e-06,26.240731089689994,target,3636968966.0,15
PEPE,1785292320000,1785292380000,2.8000000000000003e-06,2.81e-06,26.156630862929333,target,3635389974.0,15
PEPE,1785292920000,1785292980000,2.8000000000000003e-06,2.81e-06,26.16302662074369,target,3636278891.0,15
PEPE,1785300120000,1785300180000,2.74e-06,2.75e-06,26.441543036850945,target,3644595870.0,15
PEPE,1785301320000,1785301380000,2.74e-06,2.75e-06,26.44807568551775,target,3645496304.0,15
PEPE,1785302220000,1785302340000,2.74e-06,2.75e-06,26.454609952055762,target,3646396961.0,15
PEPE,1785304620000,1785304680000,2.7600000000000003e-06,2.77e-06,26.370248723210167,target,3644816686.0,15
PEPE,1785306480000,1785306540000,2.7600000000000003e-06,2.77e-06,26.376741376035582,target,3645714081.0,15
PEPE,1785309420000,1785309480000,2.7600000000000003e-06,2.77e-06,26.38323563502829,target,3646611698.0,15
PEPE,1785310620000,1785310680000,2.7500000000000004e-06,2.7600000000000003e-06,26.435198147715298,target,3648750607.0,15
PEPE,1785311520000,1785311580000,2.7500000000000004e-06,2.7600000000000003e-06,26.44171801015462,target,3649650519.0,15
PEPE,1785312120000,1785312180000,2.7600000000000003e-06,2.77e-06,26.40275039795241,target,3649308970.0,15
PEPE,1785312780000,1785312840000,2.74e-06,2.75e-06,26.500282607480088,target,3652692296.0,15
PEPE,1785314520000,1785314580000,2.74e-06,2.75e-06,26.506829773404743,target,3653594731.0,15
PEPE,1785315120000,1785315180000,2.74e-06,2.75e-06,26.5133785499395,target,3654497388.0,15
PEPE,1785316320000,1785316380000,2.74e-06,2.75e-06,26.519928951595652,target,3655400269.0,15
PEPE,1785316920000,1785316980000,2.74e-06,2.75e-06,26.526480971113916,target,3656303373.0,15
PEPE,1785317820000,1785317880000,2.74e-06,2.75e-06,26.533034608499747,target,3657206700.0,15
PEPE,1785370020000,1785370080000,2.7200000000000002e-06,2.73e-06,26.63088064852362,target,3660602151.0,15
PEPE,1785370620000,1785370740000,2.73e-06,2.74e-06,26.591810455255263,target,3660262967.0,15
PEPE,1785375120000,1785375180000,2.73e-06,2.74e-06,26.598391528154288,target,3661168827.0,15
PEPE,1785375720000,1785375780000,2.74e-06,2.75e-06,26.55931047004524,target,3660828459.0,15
PEPE,1785376320000,1785376380000,2.7500000000000004e-06,2.7600000000000003e-06,26.520228264284313,target,3660486993.0,15
PEPE,1785376920000,1785376980000,2.7500000000000004e-06,2.7600000000000003e-06,26.5267691009998,target,3661389800.0,15
PEPE,1785377760000,1785377820000,2.7500000000000004e-06,2.7600000000000003e-06,26.533311546105804,target,3662292829.0,15
PEPE,1785378420000,1785378540000,2.7500000000000004e-06,2.7600000000000003e-06,26.539855606845695,target,3663196081.0,15
PEPE,1785379320000,1785379380000,2.7500000000000004e-06,2.7600000000000003e-06,26.546401283219474,target,3664099556.0,15
PEPE,1785382620000,1785382680000,2.7500000000000004e-06,2.7600000000000003e-06,26.552948575228964,target,3665003254.0,15
PEPE,1785383820000,1785383880000,2.7500000000000004e-06,2.7600000000000003e-06,26.55949747563079,target,3665907174.0,15
PEPE,1785384420000,1785384480000,2.7500000000000004e-06,2.7600000000000003e-06,26.566047998909873,target,3666811318.0,15
PEPE,1785385020000,1785385140000,2.7500000000000004e-06,2.7600000000000003e-06,26.572600130581296,target,3667715684.0,15
PEPE,1785385620000,1785385680000,2.7500000000000004e-06,2.7600000000000003e-06,26.57915388512816,target,3668620274.0,15
PEPE,1785386220000,1785386400000,2.7500000000000004e-06,2.7600000000000003e-06,26.585709248070998,target,3669525086.0,15
PEPE,1785390120000,1785390180000,2.74e-06,2.75e-06,26.63803417759042,target,3671679418.0,15
PEPE,1785391320000,1785391380000,2.74e-06,2.75e-06,26.644615369463498,target,3672586543.0,15
PEPE,1785393180000,1785393300000,2.74e-06,2.75e-06,26.65119819371362,target,3673493893.0,15
PEPE,1785393720000,1785393780000,2.74e-06,2.75e-06,26.657782643085138,target,3674401467.0,15
PEPE,1785394320000,1785394380000,2.73e-06,2.74e-06,26.71021310045561,target,3676560647.0,15
PEPE,1785394920000,1785394980000,2.74e-06,2.75e-06,26.67096774949552,target,3676218849.0,15
PEPE,1785397020000,1785397080000,2.73e-06,2.74e-06,26.723424139704214,target,3678379097.0,15
PEPE,1785397800000,1785397860000,2.73e-06,2.74e-06,26.730037788865513,target,3679289441.0,15
PEPE,1785398220000,1785398280000,2.73e-06,2.74e-06,26.736653065385063,target,3680200009.0,15
PEPE,1785456120000,1785456180000,2.7600000000000003e-06,2.77e-06,24.621147955640623,target,3403061224.0,16
PEPE,1785457800000,1785457860000,2.7600000000000003e-06,2.77e-06,24.62720996679649,target,3403899097.0,16
PEPE,1785458640000,1785458700000,2.77e-06,2.78e-06,24.590861858599883,target,3403579496.0,16
PEPE,1785459120000,1785459240000,2.77e-06,2.78e-06,24.596905982923843,target,3404416053.0,16
PEPE,1785459720000,1785459840000,2.78e-06,2.79e-06,24.560547979110243,target,3404095354.0,16
PEPE,1785460320000,1785460380000,2.79e-06,2.8e-06,24.524189061789645,target,3403773638.0,16
PEPE,1785461520000,1785461580000,2.79e-06,2.8e-06,24.530196028800866,target,3404607360.0,16
PEPE,1785468180000,1785468240000,2.74e-06,2.75e-06,24.74852295498012,target,3411236796.0,16
PEPE,1785469320000,1785469380000,2.74e-06,2.75e-06,24.754637331136415,target,3412079577.0,16
PEPE,1785469920000,1785470040000,2.74e-06,2.75e-06,24.760753216329192,target,3412922566.0,16
PEPE,1785470580000,1785470640000,2.74e-06,2.75e-06,24.76687061056392,target,3413765763.0,16
PEPE,1785471180000,1785471240000,2.74e-06,2.75e-06,24.772989513840592,target,3414609168.0,16
PEPE,1785472320000,1785472380000,2.74e-06,2.75e-06,24.7791099334094,target,3415452782.0,16
PEPE,1785474420000,1785474540000,2.7500000000000004e-06,2.7600000000000003e-06,24.742647307979396,target,3415134204.0,16
PEPE,1785475020000,1785475080000,2.7500000000000004e-06,2.7600000000000003e-06,24.74874972801195,target,3415976498.0,16
PEPE,1785475620000,1785475680000,2.74e-06,2.75e-06,24.797459221370246,target,3417981974.0,16
PEPE,1785477780000,1785477840000,2.74e-06,2.75e-06,24.803585684355212,target,3418826421.0,16
PEPE,1785480720000,1785480780000,2.73e-06,2.74e-06,24.852369311770783,target,3420835418.0,16
PEPE,1785481320000,1785481380000,2.73e-06,2.74e-06,24.858519897094602,target,3421682023.0,16
PEPE,1785484620000,1785484740000,2.74e-06,2.75e-06,24.821995239601357,target,3421363920.0,16
PEPE,1785485400000,1785485580000,2.73e-06,2.74e-06,24.87081508138509,target,3423374409.0,16
PEPE,1785486120000,1785486180000,2.73e-06,2.74e-06,24.87697022912964,target,3424221642.0,16
PEPE,1785487020000,1785487080000,2.73e-06,2.74e-06,24.883126909791276,target,3425069086.0,16
PEPE,1785487920000,1785487980000,2.73e-06,2.74e-06,24.889285108834148,target,3425916739.0,16
PEPE,1785542520000,1785542580000,2.7500000000000004e-06,2.7600000000000003e-06,24.81001473762047,target,3424432676.0,16
PEPE,1785543240000,1785543300000,2.7600000000000003e-06,2.77e-06,24.773451788706268,target,3424112203.0,16
PEPE,1785544320000,1785544680000,2.77e-06,2.78e-06,24.73688783640015,target,3423790704.0,16
PEPE,1785545340000,1785545400000,2.77e-06,2.78e-06,24.742967854523986,target,3424632229.0,16
PEPE,1785545820000,1785545880000,2.77e-06,2.78e-06,24.749049368225926,target,3425473961.0,16
PEPE,1785546480000,1785546540000,2.78e-06,2.79e-06,24.712466477986027,target,3425151279.0,16
PEPE,1785547320000,1785547380000,2.77e-06,2.78e-06,24.761206391650024,target,3427156594.0,16
PEPE,1785548580000,1785548640000,2.78e-06,2.79e-06,24.72460553511172,target,3426833754.0,16
PEPE,1785549120000,1785549180000,2.77e-06,2.78e-06,24.773369390149522,target,3428840054.0,16
PEPE,1785549720000,1785549780000,2.78e-06,2.79e-06,24.736750551825796,target,3428517055.0,16
PEPE,1785551520000,1785551580000,2.78e-06,2.79e-06,24.74282005513482,target,3429358289.0,16
PEPE,1785552120000,1785552180000,2.77e-06,2.78e-06,24.791619841299518,target,3431366068.0,16
PEPE,1785553020000,1785553080000,2.77e-06,2.78e-06,24.797713312374718,target,3432209455.0,16
PEPE,1785555120000,1785555180000,2.77e-06,2.78e-06,24.803808286250472,target,3433053050.0,16
PEPE,1785555780000,1785555840000,2.77e-06,2.78e-06,24.8099047484746,target,3433896851.0,16
PEPE,1785558120000,1785558180000,2.79e-06,2.8e-06,24.730490158219148,target,3432406684.0,16
PEPE,1785558720000,1785558780000,2.79e-06,2.8e-06,24.7365476611011,target,3433247420.0,16
PEPE,1785561240000,1785561300000,2.79e-06,2.8e-06,24.742606648210508,target,3434088362.0,16
PEPE,1785562020000,1785562080000,2.78e-06,2.79e-06,24.791440273468936,target,3436097058.0,16
PEPE,1785563520000,1785563580000,2.78e-06,2.79e-06,24.79752320389591,target,3436940153.0,16
PEPE,1785564120000,1785564180000,2.79e-06,2.8e-06,24.760813467059457,target,3436615332.0,16
PEPE,1785566520000,1785566580000,2.78e-06,2.79e-06,24.80968303300509,target,3438625507.0,16
PEPE,1785567720000,1785567780000,2.79e-06,2.8e-06,24.772955297035274,target,3438300527.0,16
PEPE,1785568320000,1785568380000,2.78e-06,2.79e-06,24.82184882170447,target,3440311687.0,16
PEPE,1785628920000,1785628980000,2.77e-06,2.78e-06,24.870804475776534,target,3442325879.0,16
PEPE,1785629520000,1785629580000,2.78e-06,2.79e-06,24.83404160893434,target,3442001609.0,16
PEPE,1785630180000,1785630240000,2.78e-06,2.79e-06,24.84013498668053,target,3442846152.0,16
PEPE,1785631620000,1785631680000,2.78e-06,2.79e-06,24.846229865146817,target,3443690903.0,16
PEPE,1785633420000,1785633480000,2.81e-06,2.82e-06,24.723778959074917,target,3441026995.0,16
PEPE,1785634020000,1785634080000,2.81e-06,2.82e-06,24.729813906419306,target,3441866932.0,16
PEPE,1785634620000,1785634680000,2.81e-06,2.82e-06,24.7358503266896,target,3442707074.0,16
PEPE,1785635820000,1785635880000,2.8400000000000003e-06,2.8500000000000002e-06,24.613508609461263,target,3440043132.0,16
PEPE,1785637020000,1785637080000,2.86e-06,2.87e-06,24.534023376854417,target,3438545673.0,16
PEPE,1785637740000,1785637800000,2.8500000000000002e-06,2.86e-06,24.582687144364577,target,3440544037.0,16
PEPE,1785638220000,1785638280000,2.8500000000000002e-06,2.86e-06,24.5886461529604,target,3441378048.0,16
PEPE,1785639420000,1785639480000,2.8500000000000002e-06,2.86e-06,24.594606604845715,target,3442212261.0,16
PEPE,1785641820000,1785641940000,2.88e-06,2.89e-06,24.47238149417484,target,3439547645.0,16
PEPE,1785642420000,1785642480000,2.87e-06,2.88e-06,24.520993191000795,target,3441542904.0,16
PEPE,1785643020000,1785643200000,2.87e-06,2.88e-06,24.526916588248362,target,3442374258.0,16
PEPE,1785646320000,1785646380000,2.88e-06,2.89e-06,24.49011043772557,target,3442039415.0,16
PEPE,1785647040000,1785647100000,2.88e-06,2.89e-06,24.496016065600735,target,3442869440.0,16
PEPE,1785648180000,1785648240000,2.88e-06,2.89e-06,24.50192312359025,target,3443699666.0,16
PEPE,1785649380000,1785649440000,2.91e-06,2.92e-06,24.37971956309491,target,3441033107.0,16
PEPE,1785651180000,1785651240000,2.92e-06,2.93e-06,24.342911387176038,target,3440694189.0,16
PEPE,1785653220000,1785653280000,2.92e-06,2.93e-06,24.348740621176265,target,3441518109.0,16
PEPE,1785654420000,1785654480000,2.92e-06,2.93e-06,24.35457125602496,target,3442342227.0,16
PEPE,1785655020000,1785655080000,2.92e-06,2.93e-06,24.360403284651063,target,3443166542.0,16
PEPE,1785655620000,1785655680000,2.92e-06,2.93e-06,24.36623670704912,target,3443991054.0,16
PEPE,1785715380000,1785715440000,2.9e-06,2.91e-06,24.4575155566505,target,3447148070.0,16
PEPE,1785715920000,1785715980000,2.8900000000000003e-06,2.9e-06,24.506168453935054,target,3449144047.0,16
PEPE,1785717840000,1785719700000,2.8900000000000003e-06,2.87e-06,-83.88612597984259,time,3449974336.0,16
PEPE,1785721620000,1785721680000,2.87e-06,2.88e-06,24.577462734749147,target,3449468454.0,16
PEPE,1785723720000,1785723780000,2.87e-06,2.88e-06,24.58339976924982,target,3450301722.0,16
PEPE,1785724320000,1785724380000,2.86e-06,2.87e-06,24.63219666017967,target,3452305068.0,16
PEPE,1785725100000,1785725220000,2.87e-06,2.88e-06,24.595288501500622,target,3451970316.0,16
PEPE,1785725580000,1785725640000,2.87e-06,2.88e-06,24.60122984662373,target,3452804189.0,16
PEPE,1785727020000,1785727080000,2.86e-06,2.87e-06,24.650062129380803,target,3454808988.0,16
PEPE,1785727740000,1785727860000,2.86e-06,2.87e-06,24.656027082135846,target,3455645001.0,16
PEPE,1785728220000,1785728280000,2.86e-06,2.87e-06,24.661993483294644,target,3456481217.0,16
PEPE,1785728820000,1785730080000,2.86e-06,2.87e-06,24.667961318589594,target,3457317634.0,16
PEPE,1785730920000,1785730980000,2.86e-06,2.87e-06,24.673930609423916,target,3458154255.0,16
PEPE,1785731700000,1785731760000,2.86e-06,2.87e-06,24.67990133439621,target,3458991077.0,16
PEPE,1785732120000,1785732180000,2.86e-06,2.87e-06,24.685873507770438,target,3459828102.0,16
PEPE,1785732720000,1785732780000,2.86e-06,2.87e-06,24.69184712955024,target,3460665330.0,16
PEPE,1785733320000,1785733440000,2.86e-06,2.87e-06,24.697822192601812,target,3461502760.0,16
PEPE,1785734220000,1785734280000,2.86e-06,2.87e-06,24.70379870405532,target,3462340393.0,16
PEPE,1785736320000,1785736380000,2.8500000000000002e-06,2.86e-06,24.75279922697012,target,3464352586.0,16
PEPE,1785736980000,1785737040000,2.8500000000000002e-06,2.86e-06,24.75879946935972,target,3465192368.0,16
PEPE,1785737520000,1785737640000,2.8500000000000002e-06,2.86e-06,24.764801162186707,target,3466032353.0,16
PEPE,1785742620000,1785742680000,2.83e-06,2.84e-06,24.85699969007115,target,3469225358.0,16
PEPE,1785743220000,1785743280000,2.83e-06,2.84e-06,24.86304615475625,target,3470069247.0,16
PEPE,1785743820000,1785743880000,2.83e-06,2.84e-06,24.86909409543061,target,3470913342.0,16
PEPE,1785801720000,1785801780000,2.9e-06,2.91e-06,24.573750522255313,target,3463530729.0,16
PEPE,1785802320000,1785802500000,2.9e-06,2.91e-06,24.579655662373742,target,3464363025.0,16
PEPE,1785802920000,1785802980000,2.9e-06,2.91e-06,24.585562221494563,target,3465195521.0,16
PEPE,1785804420000,1785804480000,2.8900000000000003e-06,2.9e-06,24.63446984764492,target,3467201949.0,16
PEPE,1785805140000,1785805200000,2.8900000000000003e-06,2.9e-06,24.640399936424455,target,3468036585.0,16
PEPE,1785805620000,1785805680000,2.8900000000000003e-06,2.9e-06,24.646331446206823,target,3468871421.0,16
PEPE,1785806220000,1785806280000,2.9e-06,2.91e-06,24.609233688600362,target,3468531880.0,16
PEPE,1785806820000,1785806940000,2.91e-06,2.92e-06,24.572135445520647,target,3468191312.0,16
PEPE,1785807420000,1785807480000,2.9300000000000003e-06,2.9400000000000002e-06,24.49207271533511,target,3466676959.0,16
PEPE,1785810420000,1785810480000,2.9400000000000002e-06,2.95e-06,24.454982144054785,target,3466333401.0,16
PEPE,1785811020000,1785811080000,2.95e-06,2.96e-06,24.41789124394389,target,3465988821.0,16
PEPE,1785812520000,1785812640000,2.9400000000000002e-06,2.95e-06,24.466644432970764,target,3467986454.0,16
PEPE,1785814020000,1785814080000,2.9300000000000003e-06,2.9400000000000002e-06,24.515458776720358,target,3469987088.0,16
PEPE,1785814620000,1785814680000,2.9400000000000002e-06,2.95e-06,24.47833279011098,target,3469643202.0,16
PEPE,1785815220000,1785815340000,2.9400000000000002e-06,2.95e-06,24.484173927973437,target,3470471145.0,16
PEPE,1785816780000,1785816840000,2.9300000000000003e-06,2.9400000000000002e-06,24.53302324277929,target,3472473212.0,16
PEPE,1785818220000,1785818280000,2.9400000000000002e-06,2.95e-06,24.495870659399948,target,3472129080.0,16
PEPE,1785818820000,1785818880000,2.95e-06,2.96e-06,24.458717744578653,target,3471783924.0,16
PEPE,1785819420000,1785820500000,2.96e-06,2.92e-06,-154.13183587800035,stop,3471437745.0,16
PEPE,1785821820000,1785821880000,2.9300000000000003e-06,2.9400000000000002e-06,24.513745726171102,target,3469744618.0,16
PEPE,1785823320000,1785823380000,2.9300000000000003e-06,2.9400000000000002e-06,24.51960559259989,target,3470574040.0,16
PEPE,1785823920000,1785823980000,2.9300000000000003e-06,2.9400000000000002e-06,24.525466857901254,target,3471403660.0,16
PEPE,1785829020000,1785829080000,2.92e-06,2.93e-06,24.574362427775267,target,3473408117.0,16
PEPE,1785829620000,1785829680000,2.92e-06,2.93e-06,24.5802470873247,target,3474239871.0,16
PEPE,1785889920000,1785889980000,2.88e-06,2.89e-06,24.758638926309068,target,3479780594.0,16
PEPE,1785892920000,1785892980000,2.87e-06,2.88e-06,24.807819242999727,target,3481799192.0,16
PEPE,1785896520000,1785896580000,2.8900000000000003e-06,2.9e-06,24.72740046248535,target,3480281557.0,16
PEPE,1785897120000,1785897240000,2.8900000000000003e-06,2.9e-06,24.733352917805547,target,3481119341.0,16
PEPE,1785898020000,1785898140000,2.8900000000000003e-06,2.9e-06,24.739306808333446,target,3481957327.0,16
PEPE,1785898860000,1785898920000,2.8900000000000003e-06,2.9e-06,24.74526212697207,target,3482795514.0,16
PEPE,1785899220000,1785899280000,2.88e-06,2.89e-06,24.79445158153839,target,3484813996.0,16
PEPE,1785903720000,1785904440000,2.86e-06,2.87e-06,24.887004805419277,target,3488017492.0,16
PEPE,1785904920000,1785904980000,2.8500000000000002e-06,2.86e-06,24.93636871701517,target,3490044607.0,16
PEPE,1785906000000,1785906060000,2.8500000000000002e-06,2.86e-06,24.942413458465097,target,3490890617.0,16
PEPE,1785906420000,1785906480000,2.86e-06,2.87e-06,24.905097032054957,target,3490553193.0,16
PEPE,1785907020000,1785907080000,2.86e-06,2.87e-06,24.91112369542543,target,3491397855.0,16
PEPE,1785908520000,1785908580000,2.86e-06,2.87e-06,24.917151828604702,target,3492242723.0,16
PEPE,1785909120000,1785909180000,2.86e-06,2.87e-06,24.92318141018773,target,3493087794.0,16
PEPE,1785910620000,1785910680000,2.86e-06,2.87e-06,24.92921245444939,target,3493933070.0,16
PEPE,1785911520000,1785911580000,2.8500000000000002e-06,2.86e-06,24.978660086334607,target,3495963623.0,16
PEPE,1785912180000,1785912240000,2.8500000000000002e-06,2.86e-06,24.98471508086042,target,3496811068.0,16
PEPE,1785912720000,1785912780000,2.8500000000000002e-06,2.86e-06,24.990771540110323,target,3497658718.0,16
PEPE,1785913320000,1785913380000,2.8500000000000002e-06,2.86e-06,24.996829471228573,target,3498506574.0,16
PEPE,1785913920000,1785913980000,2.8500000000000002e-06,2.86e-06,25.002888867076365,target,3499354635.0,16
PEPE,1785914820000,1785914880000,2.8500000000000002e-06,2.86e-06,25.00894973478887,target,3500202902.0,16
PEPE,1785916020000,1785916140000,2.8500000000000002e-06,2.86e-06,25.015012074375175,target,3501051375.0,16
PEPE,1785916620000,1785916680000,2.8500000000000002e-06,2.86e-06,25.02107587868557,target,3501900053.0,16
PEPE,1785917220000,1785918540000,2.86e-06,2.87e-06,24.983641759139694,target,3501561564.0,16
PEPE,1785976020000,1785976080000,2.88e-06,2.89e-06,24.90275603327393,target,3500035985.0,16
PEPE,1785976740000,1785976800000,2.87e-06,2.88e-06,24.952222622623527,target,3502066333.0,16
PEPE,1785977220000,1785977280000,2.88e-06,2.89e-06,24.914778241662674,target,3501725684.0,16
PEPE,1785977820000,1785977880000,2.8900000000000003e-06,2.9e-06,24.877333298686704,target,3501383997.0,16
PEPE,1785979020000,1785979080000,2.88e-06,2.89e-06,24.926785287979254,target,3503413252.0,16
PEPE,1785984600000,1785984660000,2.8400000000000003e-06,2.8500000000000002e-06,25.10698684873625,target,3509012837.0,16
PEPE,1785985080000,1785985140000,2.8400000000000003e-06,2.8500000000000002e-06,25.113083538375477,target,3509864925.0,16
PEPE,1785985620000,1785985680000,2.8400000000000003e-06,2.8500000000000002e-06,25.119181701944427,target,3510717219.0,16
PEPE,1785986220000,1785986280000,2.8400000000000003e-06,2.8500000000000002e-06,25.125281353756158,target,3511569721.0,16
PEPE,1785986820000,1785986880000,2.8400000000000003e-06,2.8500000000000002e-06,25.131382479493965,target,3512422429.0,16
PEPE,1785987780000,1785987840000,2.8400000000000003e-06,2.8500000000000002e-06,25.137485093474552,target,3513275345.0,16
PEPE,1785988620000,1785988740000,2.8400000000000003e-06,2.8500000000000002e-06,25.143589181386677,target,3514128467.0,16
PEPE,1785990120000,1785990180000,2.83e-06,2.84e-06,25.19339050028402,target,3516174529.0,16
PEPE,1785991200000,1785991260000,2.8400000000000003e-06,2.8500000000000002e-06,25.15581242563409,target,3515836817.0,16
PEPE,1785991620000,1785991680000,2.8400000000000003e-06,2.8500000000000002e-06,25.161920963956035,target,3516690561.0,16
PEPE,1785992520000,1785992580000,2.8400000000000003e-06,2.8500000000000002e-06,25.16803099051531,target,3517544513.0,16
PEPE,1785993120000,1785993240000,2.8500000000000002e-06,2.86e-06,25.130433947694524,target,3517205591.0,16
PEPE,1785993720000,1785993780000,2.8500000000000002e-06,2.86e-06,25.136525731824765,target,3518058185.0,16
PEPE,1785994920000,1785995040000,2.8500000000000002e-06,2.86e-06,25.14261898782517,target,3518910985.0,16
PEPE,1785995820000,1785995880000,2.8500000000000002e-06,2.86e-06,25.148713729986078,target,3519763993.0,16
PEPE,1785997920000,1785997980000,2.8500000000000002e-06,2.86e-06,25.154809944015334,target,3520617207.0,16
PEPE,1785999120000,1785999180000,2.8500000000000002e-06,2.86e-06,25.16090763706083,target,3521470628.0,16
PEPE,1785999720000,1785999780000,2.8500000000000002e-06,2.86e-06,25.167006809120753,target,3522324256.0,16
PEPE,1786000320000,1786000380000,2.8400000000000003e-06,2.8500000000000002e-06,25.216890238845654,target,3524373199.0,16
PEPE,1786060980000,1786061040000,2.8000000000000003e-06,2.81e-06,25.398484762349746,target,3530018730.0,16
PEPE,1786061520000,1786061640000,2.81e-06,2.82e-06,25.360771923898874,target,3529682940.0,16
PEPE,1786062720000,1786062840000,2.8000000000000003e-06,2.81e-06,25.410896288444185,target,3531743751.0,16
PEPE,1786063560000,1786063680000,2.81e-06,2.82e-06,25.373165028630524,target,3531407798.0,16
PEPE,1786064220000,1786064280000,2.81e-06,2.82e-06,25.379358484261264,target,3532269796.0,16
PEPE,1786067880000,1786067940000,2.8000000000000003e-06,2.81e-06,25.429519589011353,target,3534332118.0,16
PEPE,1786068660000,1786068780000,2.79e-06,2.8e-06,25.479744318928724,target,3536397546.0,16
PEPE,1786069320000,1786069380000,2.79e-06,2.8e-06,25.485985340364067,target,3537263753.0,16
PEPE,1786070220000,1786070280000,2.8000000000000003e-06,2.81e-06,25.448199564589586,target,3536928362.0,16
PEPE,1786071120000,1786071180000,2.8000000000000003e-06,2.81e-06,25.45442209558536,target,3537793203.0,16
PEPE,1786071720000,1786071780000,2.8000000000000003e-06,2.81e-06,25.46064615192103,target,3538658256.0,16
PEPE,1786073220000,1786073340000,2.8000000000000003e-06,2.81e-06,25.466871726400047,target,3539523520.0,16
PEPE,1786074720000,1786074780000,2.8000000000000003e-06,2.81e-06,25.473098826220777,target,3540388996.0,16
PEPE,1786075680000,1786075740000,2.79e-06,2.8e-06,25.523409630619113,target,3542457964.0,16
PEPE,1786076520000,1786076580000,2.8000000000000003e-06,2.81e-06,25.485568365599686,target,3542122080.0,16
PEPE,1786077120000,1786077240000,2.8000000000000003e-06,2.81e-06,25.491800041440097,target,3542988192.0,16
PEPE,1786079520000,1786079580000,2.79e-06,2.8e-06,25.542147774990685,target,3545058678.0,16
PEPE,1786080120000,1786080180000,2.79e-06,2.8e-06,25.548404085434576,target,3545927007.0,16
PEPE,1786080720000,1786081620000,2.79e-06,2.8e-06,25.554661930545826,target,3546795549.0,16
PEPE,1786083720000,1786083780000,2.81e-06,2.82e-06,25.47265734025334,target,3545255023.0,16
PEPE,1786084320000,1786084680000,2.81e-06,2.82e-06,25.478875088369705,target,3546120402.0,16
PEPE,1786085820000,1786085880000,2.8000000000000003e-06,2.81e-06,25.529232877950452,target,3548190810.0,16
PEPE,1786086720000,1786086780000,2.8000000000000003e-06,2.81e-06,25.53547522397539,target,3549058405.0,16
PEPE,1786087320000,1786087380000,2.8000000000000003e-06,2.81e-06,25.54171909534022,target,3549926212.0,16
PEPE,1786149120000,1786150500000,2.81e-06,2.82e-06,25.50379358086556,target,3549588529.0,16
PEPE,1786150980000,1786151040000,2.81e-06,2.82e-06,25.510018923524413,target,3550454965.0,16
PEPE,1786151580000,1786151640000,2.81e-06,2.82e-06,25.516245789404515,target,3551321613.0,16
PEPE,1786154040000,1786154100000,2.83e-06,2.84e-06,25.43415762890383,target,3549777757.0,16
PEPE,1786154700000,1786154760000,2.83e-06,2.84e-06,25.440344491765412,target,3550641241.0,16
PEPE,1786155180000,1786157040000,2.8400000000000003e-06,2.82e-06,-86.05927730856126,time,3550300219.0,16
PEPE,1786157580000,1786157700000,2.83e-06,2.84e-06,25.42559892892975,target,3548583242.0,16
PEPE,1786158120000,1786158180000,2.83e-06,2.84e-06,25.43178370677328,target,3549446435.0,16
PEPE,1786159980000,1786160040000,2.8400000000000003e-06,2.8500000000000002e-06,25.39385004568466,target,3549105527.0,16
PEPE,1786161720000,1786161780000,2.86e-06,2.87e-06,25.311844831054174,target,3547560593.0,16
PEPE,1786162320000,1786162380000,2.8500000000000002e-06,2.86e-06,25.36205141923855,target,3549622312.0,16
PEPE,1786163520000,1786163580000,2.86e-06,2.87e-06,25.32410717048431,target,3549279211.0,16
PEPE,1786164720000,1786164780000,2.87e-06,2.88e-06,25.286162274000432,target,3548935056.0,16
PEPE,1786165380000,1786165560000,2.87e-06,2.88e-06,25.292270507999508,target,3549792352.0,16
PEPE,1786166820000,1786166880000,2.86e-06,2.87e-06,25.342474472773315,target,3551853465.0,16
PEPE,1786167420000,1786167480000,2.86e-06,2.87e-06,25.348606983869644,target,3552712962.0,16
PEPE,1786168020000,1786168140000,2.86e-06,2.87e-06,25.354740971910395,target,3553572666.0,16
PEPE,1786168620000,1786168680000,2.86e-06,2.87e-06,25.360876444031184,target,3554432578.0,16
PEPE,1786169520000,1786169580000,2.86e-06,2.87e-06,25.367013407365818,target,3555292699.0,16
PEPE,1786170240000,1786170300000,2.86e-06,2.87e-06,25.37315185478049,target,3556153028.0,16
PEPE,1786171620000,1786171740000,2.86e-06,2.87e-06,25.379291786275203,target,3557013565.0,16
PEPE,1786173120000,1786173180000,2.86e-06,2.87e-06,25.38543320184996,target,3557874310.0,16
PEPE,1786173720000,1786173780000,2.86e-06,2.87e-06,25.391576101506576,target,3558735263.0,16
PEPE,1786174920000,1786174980000,2.86e-06,2.87e-06,25.397720492375214,target,3559596425.0,16
PEPE,1786236720000,1786236780000,2.8500000000000002e-06,2.86e-06,25.448097418155825,target,3561665139.0,16
PEPE,1786238520000,1786238700000,2.8500000000000002e-06,2.86e-06,25.454266211095792,target,3562528511.0,16
PEPE,1786239420000,1786239600000,2.8500000000000002e-06,2.86e-06,25.460436490194446,target,3563392091.0,16
PEPE,1786240080000,1786240140000,2.8500000000000002e-06,2.86e-06,25.466608269743936,target,3564255881.0,16
PEPE,1786242120000,1786242240000,2.8500000000000002e-06,2.86e-06,25.47278154974427,target,3565119881.0,16
PEPE,1786243320000,1786243440000,2.8400000000000003e-06,2.8500000000000002e-06,25.523271052290408,target,3567193718.0,16
PEPE,1786244520000,1786244580000,2.8400000000000003e-06,2.8500000000000002e-06,25.529468820615946,target,3568059933.0,16
PEPE,1786245120000,1786245180000,2.8400000000000003e-06,2.8500000000000002e-06,25.535668098646596,target,3568926359.0,16
PEPE,1786245720000,1786245780000,2.8400000000000003e-06,2.8500000000000002e-06,25.541868879225827,target,3569792995.0,16
PEPE,1786246320000,1786246380000,2.8400000000000003e-06,2.8500000000000002e-06,25.54807116951017,target,3570659842.0,16
PEPE,1786249020000,1786249080000,2.8500000000000002e-06,2.86e-06,25.50990639814569,target,3570315801.0,16
PEPE,1786250280000,1786250340000,2.8500000000000002e-06,2.86e-06,25.516090174150367,target,3571181270.0,16
PEPE,1786250820000,1786250940000,2.8500000000000002e-06,2.86e-06,25.522275443459804,target,3572046948.0,16
PEPE,1786251420000,1786251540000,2.8500000000000002e-06,2.86e-06,25.528462213220084,target,3572912836.0,16
PEPE,1786252080000,1786252200000,2.8500000000000002e-06,2.86e-06,25.53465048342938,target,3573778934.0,16
PEPE,1786252620000,1786252680000,2.8500000000000002e-06,2.86e-06,25.540840254091343,target,3574645242.0,16
PEPE,1786253520000,1786253700000,2.8500000000000002e-06,2.86e-06,25.547031518054425,target,3575511759.0,16
PEPE,1786254120000,1786254180000,2.8500000000000002e-06,2.86e-06,25.553224289614423,target,3576378487.0,16
PEPE,1786255380000,1786255560000,2.8500000000000002e-06,2.86e-06,25.559418561625264,target,3577245425.0,16
PEPE,1786255920000,1786255980000,2.8500000000000002e-06,2.86e-06,25.565614334085122,target,3578112573.0,16
PEPE,1786256520000,1786256580000,2.8500000000000002e-06,2.86e-06,25.57181161414008,target,3578979932.0,16
PEPE,1786257180000,1786257240000,2.8500000000000002e-06,2.86e-06,25.578010387499805,target,3579847500.0,16
PEPE,1786257780000,1786257840000,2.86e-06,2.87e-06,25.5397430383945,target,3579501477.0,16
PEPE,1786258320000,1786258380000,2.87e-06,2.88e-06,25.501475043000312,target,3579154392.0,16
PEPE,1786321320000,1786321380000,2.8900000000000003e-06,2.9e-06,25.418807657811293,target,3577594322.0,16
PEPE,1786323420000,1786323540000,2.9e-06,2.91e-06,25.38054715910896,target,3577244138.0,16
PEPE,1786324020000,1786324080000,2.8900000000000003e-06,2.9e-06,25.431036229620318,target,3579315444.0,16
PEPE,1786324740000,1786324800000,2.9e-06,2.91e-06,25.39275732773905,target,3578965092.0,16
PEPE,1786325520000,1786325580000,2.8900000000000003e-06,2.9e-06,25.443270691476673,target,3581037395.0,16
PEPE,1786326120000,1786326180000,2.8900000000000003e-06,2.9e-06,25.449395478569834,target,3581899434.0,16
PEPE,1786326900000,1786326960000,2.92e-06,2.93e-06,25.322313535100097,target,3579125588.0,16
PEPE,1786330920000,1786330980000,2.9e-06,2.91e-06,25.4171739614098,target,3582406478.0,16
PEPE,1786331520000,1786331820000,2.91e-06,2.87e-06,-158.77457586292468,stop,3582054729.0,16
PEPE,1786332120000,1786332180000,2.9e-06,2.91e-06,25.385127790439896,target,3577889752.0,16
PEPE,1786333620000,1786333740000,2.8900000000000003e-06,2.9e-06,25.43562598146475,target,3579961433.0,16
PEPE,1786334520000,1786334580000,2.8900000000000003e-06,2.9e-06,25.441748921260043,target,3580823212.0,16
PEPE,1786335420000,1786335480000,2.9e-06,2.91e-06,25.403453891639337,target,3580472712.0,16
PEPE,1786336320000,1786336380000,2.8900000000000003e-06,2.9e-06,25.453988534241667,target,3582545888.0,16
PEPE,1786337820000,1786337880000,2.88e-06,2.89e-06,25.50458681781465,target,3584622181.0,16
PEPE,1786338480000,1786338600000,2.8900000000000003e-06,2.9e-06,25.46625543752412,target,3584272405.0,16
PEPE,1786340520000,1786340580000,2.9e-06,2.91e-06,25.427923524960413,target,3583921568.0,16
PEPE,1786341120000,1786341180000,2.8900000000000003e-06,2.9e-06,25.47850684480526,target,3585996741.0,16
PEPE,1786341720000,1786341780000,2.9e-06,2.91e-06,25.440156489826233,target,3585645735.0,16
PEPE,1786342620000,1786342680000,2.9e-06,2.91e-06,25.44626983271904,target,3586507376.0,16
PEPE,1786343520000,1786343580000,2.9e-06,2.91e-06,25.4523846442817,target,3587369224.0,16
PEPE,1786344120000,1786344180000,2.9e-06,2.91e-06,25.458500924505124,target,3588231279.0,16
PEPE,1786344720000,1786344780000,2.8900000000000003e-06,2.9e-06,25.509145068437054,target,3590308947.0,16
PEPE,1786345320000,1786345380000,2.9e-06,2.91e-06,25.470748597305416,target,3589957519.0,16
PEPE,1786406880000,1786406940000,2.87e-06,2.88e-06,25.61060330999999,target,3594470640.0,16
PEPE,1786407420000,1786407540000,2.87e-06,2.88e-06,25.61678991900009,target,3595338936.0,16
PEPE,1786409280000,1786409340000,2.87e-06,2.88e-06,25.622978024248283,target,3596207442.0,16
PEPE,1786410480000,1786410540000,2.87e-06,2.88e-06,25.629167618624855,target,3597076157.0,16
PEPE,1786411260000,1786411320000,2.87e-06,2.88e-06,25.635358709249513,target,3597945082.0,16
PEPE,1786411620000,1786411740000,2.87e-06,2.88e-06,25.641551296124078,target,3598814217.0,16
PEPE,1786412340000,1786412400000,2.87e-06,2.88e-06,25.647745379250374,target,3599683562.0,16
PEPE,1786412820000,1786412880000,2.87e-06,2.88e-06,25.65394095862475,target,3600553117.0,16
PEPE,1786415340000,1786415400000,2.88e-06,2.89e-06,25.615443548121604,target,3600202888.0,16
PEPE,1786416420000,1786416480000,2.88e-06,2.89e-06,25.62162054921134,target,3601071054.0,16
PEPE,1786417020000,1786417080000,2.88e-06,2.89e-06,25.627799037336718,target,3601939429.0,16
PEPE,1786420920000,1786420980000,2.86e-06,2.87e-06,25.723462995325605,target,3605250595.0,16
PEPE,1786423020000,1786423080000,2.86e-06,2.87e-06,25.729687697754983,target,3606123013.0,16
PEPE,1786423620000,1786423740000,2.86e-06,2.87e-06,25.735913905671268,target,3606995642.0,16
PEPE,1786424220000,1786424340000,2.86e-06,2.87e-06,25.742141619070814,target,3607868482.0,16
PEPE,1786425120000,1786425180000,2.86e-06,2.87e-06,25.74837083795545,target,3608741533.0,16
PEPE,1786425720000,1786425780000,2.8500000000000002e-06,2.86e-06,25.7994432903056,target,3610838809.0,16
PEPE,1786426320000,1786426380000,2.8500000000000002e-06,2.86e-06,25.805697244498916,target,3611714100.0,16
PEPE,1786427520000,1786427580000,2.86e-06,2.87e-06,25.76708925359437,target,3611364997.0,16
PEPE,1786428120000,1786428300000,2.86e-06,2.87e-06,25.773324515826207,target,3612238895.0,16
PEPE,1786429380000,1786429440000,2.87e-06,2.88e-06,25.734706517251666,target,3611888634.0,16
PEPE,1786430520000,1786430580000,2.87e-06,2.88e-06,25.740923108249405,target,3612761138.0,16
PEPE,1786431720000,1786431780000,2.86e-06,2.87e-06,25.7920176307555,target,3614858813.0,16
PEPE,1786434720000,1786434780000,2.8500000000000002e-06,2.86e-06,25.843176649235904,target,3616959643.0,16
PEPE,1786492920000,1786492980000,2.83e-06,2.84e-06,25.939389930190956,target,3620291686.0,16
PEPE,1786494120000,1786494240000,2.83e-06,2.84e-06,25.94569968712971,target,3621172322.0,16
PEPE,1786495320000,1786495380000,2.8400000000000003e-06,2.8500000000000002e-06,25.906999483531393,target,3620824526.0,16
PEPE,1786496520000,1786496700000,2.8400000000000003e-06,2.8500000000000002e-06,25.913290431422038,target,3621703764.0,16
PEPE,1786499520000,1786499580000,2.8500000000000002e-06,2.86e-06,25.874580081725085,target,3621354805.0,16
PEPE,1786501320000,1786501800000,2.8500000000000002e-06,2.86e-06,25.880852255670806,target,3622232646.0,16
PEPE,1786502580000,1786502700000,2.8400000000000003e-06,2.8500000000000002e-06,25.932150596429622,target,3624339706.0,16
PEPE,1786503480000,1786503540000,2.8400000000000003e-06,2.8500000000000002e-06,25.938447654689696,target,3625219798.0,16
PEPE,1786504020000,1786504080000,2.8400000000000003e-06,2.8500000000000002e-06,25.94474624412085,target,3626100104.0,16
PEPE,1786505100000,1786505160000,2.8400000000000003e-06,2.8500000000000002e-06,25.951046357566547,target,3626980623.0,16
PEPE,1786506720000,1786506960000,2.8500000000000002e-06,2.86e-06,25.912279609618672,target,3626631156.0,16
PEPE,1786507320000,1786507380000,2.8400000000000003e-06,2.8500000000000002e-06,25.96364024512486,target,3628740775.0,16
PEPE,1786508520000,1786508580000,2.8500000000000002e-06,2.86e-06,25.924854681009208,target,3628391138.0,16
PEPE,1786509180000,1786509240000,2.8400000000000003e-06,2.8500000000000002e-06,25.97624023589971,target,3630501780.0,16
PEPE,1786509720000,1786510020000,2.8500000000000002e-06,2.86e-06,25.93743585423001,target,3630151974.0,16
PEPE,1786510620000,1786510680000,2.8500000000000002e-06,2.86e-06,25.943723261314975,target,3631031947.0,16
PEPE,1786511220000,1786511340000,2.8400000000000003e-06,2.8500000000000002e-06,25.995146214374966,target,3633144125.0,16
PEPE,1786512420000,1786512480000,2.8500000000000002e-06,2.86e-06,25.956313587281173,target,3632794064.0,16
PEPE,1786513020000,1786513140000,2.8500000000000002e-06,2.86e-06,25.962605567166705,target,3633674677.0,16
PEPE,1786513620000,1786513680000,2.8400000000000003e-06,2.8500000000000002e-06,26.014065951914876,target,3635788393.0,16
PEPE,1786514640000,1786514700000,2.8400000000000003e-06,2.8500000000000002e-06,26.020382901075003,target,3636671265.0,16
PEPE,1786515480000,1786515540000,2.8400000000000003e-06,2.8500000000000002e-06,26.026701388559108,target,3637554352.0,16
PEPE,1786517520000,1786517580000,2.83e-06,2.84e-06,26.078251864705216,target,3639672277.0,16
PEPE,1786518240000,1786518300000,2.83e-06,2.84e-06,26.084595404619833,target,3640557628.0,16
PEPE,1786579320000,1786579380000,2.6700000000000003e-06,2.68e-06,26.819179430800098,target,3661321424.0,16
PEPE,1786579920000,1786579980000,2.6700000000000003e-06,2.68e-06,26.82588528517472,target,3662236899.0,16
PEPE,1786580520000,1786580580000,2.68e-06,2.69e-06,26.78682215671093,target,3661903234.0,16
PEPE,1786581120000,1786581180000,2.68e-06,2.69e-06,26.793508498297193,target,3662817293.0,16
PEPE,1786582620000,1786582740000,2.68e-06,2.69e-06,26.800196515014314,target,3663731581.0,16
PEPE,1786583220000,1786583280000,2.68e-06,2.69e-06,26.806886192240075,target,3664646096.0,16
PEPE,1786583940000,1786584000000,2.68e-06,2.69e-06,26.813577544600335,target,3665560840.0,16
PEPE,1786584480000,1786584540000,2.68e-06,2.69e-06,26.820270564780344,target,3666475812.0,16
PEPE,1786585020000,1786585080000,2.68e-06,2.69e-06,26.826965260094855,target,3667391013.0,16
PEPE,1786585920000,1786585980000,2.68e-06,2.69e-06,26.833661623229116,target,3668306442.0,16
PEPE,1786586520000,1786586580000,2.68e-06,2.69e-06,26.840359654184944,target,3669222099.0,16
PEPE,1786587420000,1786587480000,2.6700000000000003e-06,2.68e-06,26.892932958626144,target,3671390165.0,16
PEPE,1786588320000,1786588380000,2.68e-06,2.69e-06,26.853772189475592,target,3671055665.0,16
PEPE,1786589220000,1786589280000,2.6700000000000003e-06,2.68e-06,26.906371762548744,target,3673224814.0,16
PEPE,1786590480000,1786590540000,2.7100000000000003e-06,2.7200000000000002e-06,26.72965514805892,target,3669135916.0,16
PEPE,1786591080000,1786591140000,2.7100000000000003e-06,2.7200000000000002e-06,26.736293065218874,target,3670047092.0,16
PEPE,1786591620000,1786591680000,2.7100000000000003e-06,2.7200000000000002e-06,26.742932636073675,target,3670958495.0,16
PEPE,1786592820000,1786592880000,2.7100000000000003e-06,2.7200000000000002e-06,26.749573846054748,target,3671870123.0,16
PEPE,1786593420000,1786593480000,2.7200000000000002e-06,2.73e-06,26.7103882505254,target,3671531031.0,16
PEPE,1786594620000,1786594740000,2.7100000000000003e-06,2.7200000000000002e-06,26.762849847932426,target,3673692498.0,16
PEPE,1786595820000,1786595880000,2.7100000000000003e-06,2.7200000000000002e-06,26.76949600442583,target,3674604805.0,16
PEPE,1786596420000,1786596480000,2.7100000000000003e-06,2.7200000000000002e-06,26.776143821899282,target,3675517340.0,16
PEPE,1786597020000,1786597080000,2.7100000000000003e-06,2.7200000000000002e-06,26.7827932857842,target,3676430101.0,16
PEPE,1786598220000,1786598280000,2.7100000000000003e-06,2.7200000000000002e-06,26.78944439608059,target,3677343088.0,16
PEPE,1786665720000,1786665780000,2.68e-06,2.69e-06,24.961314801117403,target,3412346521.0,17
PEPE,1786666380000,1786666440000,2.68e-06,2.69e-06,24.96754546940558,target,3413198287.0,17
PEPE,1786667520000,1786667580000,2.68e-06,2.69e-06,24.973777695788595,target,3414050266.0,17
PEPE,1786668120000,1786668180000,2.68e-06,2.69e-06,24.980011480270086,target,3414902458.0,17
PEPE,1786668960000,1786669020000,2.68e-06,2.69e-06,24.986246822846415,target,3415754863.0,17
PEPE,1786670160000,1786670220000,2.68e-06,2.69e-06,24.992483716199192,target,3416607480.0,17
PEPE,1786671120000,1786671180000,2.69e-06,2.7e-06,24.956035961177513,target,3416295135.0,17
PEPE,1786671720000,1786671780000,2.7e-06,2.71e-06,24.919586931903595,target,3415981759.0,17
PEPE,1786672320000,1786672380000,2.7e-06,2.71e-06,24.925785952990495,target,3416831522.0,17
PEPE,1786672920000,1786672980000,2.7e-06,2.71e-06,24.93198651331906,target,3417681496.0,17
PEPE,1786673520000,1786673580000,2.7e-06,2.71e-06,24.93818862019041,target,3418531682.0,17
PEPE,1786674180000,1786674240000,2.7e-06,2.71e-06,24.944392273599085,target,3419382080.0,17
PEPE,1786674720000,1786674780000,2.7e-06,2.71e-06,24.950597458961045,target,3420232688.0,17
PEPE,1786675380000,1786675500000,2.7e-06,2.71e-06,24.95680419815599,target,3421083509.0,17
PEPE,1786676220000,1786676280000,2.7e-06,2.71e-06,24.96301247659442,target,3421934541.0,17
PEPE,1786681020000,1786681080000,2.69e-06,2.7e-06,25.011975028681405,target,3423952776.0,17
PEPE,1786681620000,1786681740000,2.69e-06,2.7e-06,25.018207691205532,target,3424805981.0,17
PEPE,1786682220000,1786682280000,2.68e-06,2.69e-06,25.067245115603416,target,3426827767.0,17
PEPE,1786683720000,1786683840000,2.68e-06,2.69e-06,25.073502227620782,target,3427683148.0,17
PEPE,1786684920000,1786684980000,2.68e-06,2.69e-06,25.07976090504592,target,3428538743.0,17
PEPE,1786686360000,1786686420000,2.6700000000000003e-06,2.68e-06,25.128885651050552,target,3430564594.0,17
PEPE,1786687020000,1786687080000,2.6700000000000003e-06,2.68e-06,25.135168867574855,target,3431422371.0,17
PEPE,1786689420000,1786689480000,2.66e-06,2.67e-06,25.184368879650066,target,3433451790.0,17
PEPE,1786690320000,1786690380000,2.66e-06,2.67e-06,25.190676715590644,target,3434311754.0,17
PEPE,1786752120000,1786752300000,2.66e-06,2.67e-06,25.196986135891272,target,3435171934.0,17
PEPE,1786755180000,1786755240000,2.66e-06,2.67e-06,25.203297133214466,target,3436032329.0,17
PEPE,1786755780000,1786755840000,2.66e-06,2.67e-06,25.209609714899532,target,3436892940.0,17
PEPE,1786756320000,1786756380000,2.65e-06,2.66e-06,25.25892220838973,target,3438927462.0,17
PEPE,1786757820000,1786757880000,2.65e-06,2.66e-06,25.265259511113705,target,3439790267.0,17
PEPE,1786760040000,1786760100000,2.65e-06,2.66e-06,25.271598400360027,target,3440653288.0,17
PEPE,1786761120000,1786761180000,2.66e-06,2.67e-06,25.2349081812452,target,3440341947.0,17
PEPE,1786762380000,1786762440000,2.66e-06,2.67e-06,25.241228677394858,target,3441203637.0,17
PEPE,1786764780000,1786764840000,2.66e-06,2.67e-06,25.24755075790457,target,3442065543.0,17
PEPE,1786766340000,1786766400000,2.66e-06,2.67e-06,25.253874422774334,target,3442927665.0,17
PEPE,1786767120000,1786767180000,2.66e-06,2.67e-06,25.260199672005967,target,3443790003.0,17
PEPE,1786767720000,1786767780000,2.66e-06,2.67e-06,25.266526505595834,target,3444652557.0,17
PEPE,1786768320000,1786768380000,2.66e-06,2.67e-06,25.272854923543935,target,3445515327.0,17
PEPE,1786768920000,1786768980000,2.66e-06,2.67e-06,25.279184925855724,target,3446378313.0,17
PEPE,1786769820000,1786770060000,2.66e-06,2.67e-06,25.285516512525746,target,3447241515.0,17
PEPE,1786770480000,1786770540000,2.66e-06,2.67e-06,25.291849690889666,target,3448104934.0,17
PEPE,1786772820000,1786772940000,2.66e-06,2.67e-06,25.29818444627979,target,3448968568.0,17
PEPE,1786773420000,1786773600000,2.65e-06,2.66e-06,25.347670205457,target,3451010239.0,17
PEPE,1786774020000,1786774080000,2.65e-06,2.66e-06,25.354029770874902,target,3451876075.0,17
PEPE,1786774980000,1786775040000,2.65e-06,2.66e-06,25.360390930159458,target,3452742128.0,17
PEPE,1786776180000,1786776240000,2.65e-06,2.66e-06,25.366753690654974,target,3453608399.0,17
PEPE,1786777080000,1786777140000,2.65e-06,2.66e-06,25.37311804501532,target,3454474887.0,17
PEPE,1786777860000,1786777920000,2.65e-06,2.66e-06,25.379484000584807,target,3455341593.0,17
PEPE,1786778520000,1786778580000,2.64e-06,2.65e-06,25.429095469826297,target,3457388915.0,17
PEPE,1786839480000,1786839540000,2.6200000000000003e-06,2.6300000000000002e-06,25.52208460975173,target,3460621642.0,17
PEPE,1786840320000,1786840380000,2.6200000000000003e-06,2.6300000000000002e-06,25.52852067637541,target,3461494329.0,17
PEPE,1786840980000,1786841160000,2.6200000000000003e-06,2.6300000000000002e-06,25.5349583728758,target,3462367237.0,17
PEPE,1786841520000,1786841580000,2.6200000000000003e-06,2.6300000000000002e-06,25.541397691877215,target,3463240365.0,17
PEPE,1786843020000,1786843080000,2.61e-06,2.62e-06,25.591225922008046,target,3465298026.0,17
PEPE,1786844220000,1786844280000,2.61e-06,2.62e-06,25.59769038914389,target,3466173377.0,17
PEPE,1786844880000,1786844940000,2.61e-06,2.62e-06,25.60415648836556,target,3467048949.0,17
PEPE,1786845480000,1786845540000,2.61e-06,2.62e-06,25.61062422705556,target,3467924743.0,17
PEPE,1786846020000,1786846140000,2.61e-06,2.62e-06,25.617093597829573,target,3468800758.0,17
PEPE,1786847520000,1786847580000,2.61e-06,2.62e-06,25.6235645933051,target,3469676993.0,17
PEPE,1786848180000,1786848240000,2.61e-06,2.62e-06,25.630037235635086,target,3470553451.0,17
PEPE,1786848720000,1786848780000,2.6e-06,2.61e-06,25.680005295856226,target,3472617349.0,17
PEPE,1786849380000,1786849440000,2.61e-06,2.62e-06,25.642998398043694,target,3472308517.0,17
PEPE,1786849920000,1786849980000,2.61e-06,2.62e-06,25.64947594401549,target,3473185639.0,17
PEPE,1786852020000,1786852080000,2.61e-06,2.62e-06,25.655955129457425,target,3474062983.0,17
PEPE,1786853520000,1786853580000,2.61e-06,2.62e-06,25.66243594697973,target,3474940548.0,17
PEPE,1786854180000,1786854240000,2.61e-06,2.62e-06,25.668918403975823,target,3475818335.0,17
PEPE,1786855620000,1786855680000,2.61e-06,2.62e-06,25.67540250044024,target,3476696344.0,17
PEPE,1786856220000,1786856280000,2.61e-06,2.62e-06,25.68188822898867,target,3477574574.0,17
PEPE,1786856820000,1786856880000,2.61e-06,2.62e-06,25.68837560439701,target,3478453027.0,17
PEPE,1786857420000,1786857480000,2.61e-06,2.62e-06,25.694864611885723,target,3479331701.0,17
PEPE,1786859040000,1786859100000,2.6e-06,2.61e-06,25.744959056503642,target,3481400819.0,17
PEPE,1786860780000,1786860960000,2.6e-06,2.61e-06,25.75147339335035,target,3482281730.0,17
PEPE,1786861320000,1786861800000,2.6e-06,2.61e-06,25.757989379279735,target,3483162864.0,17
PEPE,1786925520000,1786925640000,2.56e-06,2.57e-06,25.939353532539627,target,3488816884.0,17
PEPE,1786927320000,1786927380000,2.56e-06,2.57e-06,25.945961596971326,target,3489705662.0,17
PEPE,1786927920000,1786928040000,2.56e-06,2.57e-06,25.95257134914498,target,3490594667.0,17
PEPE,1786928520000,1786928580000,2.57e-06,2.58e-06,25.915392803024403,target,3490288593.0,17
PEPE,1786929180000,1786929240000,2.5800000000000003e-06,2.59e-06,25.878212503656485,target,3489981457.0,17
PEPE,1786930320000,1786930380000,2.59e-06,2.6e-06,25.841030468084202,target,3489673257.0,17
PEPE,1786931700000,1786931820000,2.59e-06,2.6e-06,25.847580197990812,target,3490557758.0,17
PEPE,1786932120000,1786932180000,2.59e-06,2.6e-06,25.854131586615363,target,3491442483.0,17
PEPE,1786933320000,1786933380000,2.59e-06,2.6e-06,25.860684633961498,target,3492327432.0,17
PEPE,1786933980000,1786934040000,2.59e-06,2.6e-06,25.867239340025577,target,3493212605.0,17
PEPE,1786934520000,1786934580000,2.6e-06,2.61e-06,25.830017914244223,target,3492903031.0,17
PEPE,1786935720000,1786935780000,2.61e-06,2.62e-06,25.792794837073586,target,3492592395.0,17
PEPE,1786936320000,1786936380000,2.61e-06,2.62e-06,25.7993102237854,target,3493474641.0,17
PEPE,1786936920000,1786936980000,2.61e-06,2.62e-06,25.80582724996554,target,3494357109.0,17
PEPE,1786937520000,1786937580000,2.61e-06,2.62e-06,25.812345930386265,target,3495239801.0,17
PEPE,1786938600000,1786938660000,2.61e-06,2.62e-06,25.81886625765963,target,3496122716.0,17
PEPE,1786939140000,1786939200000,2.61e-06,2.62e-06,25.825388224404954,target,3497005853.0,17
PEPE,1786939620000,1786939680000,2.61e-06,2.62e-06,25.831911845392682,target,3497889214.0,17
PEPE,1786940280000,1786940340000,2.61e-06,2.62e-06,25.83843711323123,target,3498772798.0,17
PEPE,1786941120000,1786941180000,2.61e-06,2.62e-06,25.844964027924235,target,3499656605.0,17
PEPE,1786943580000,1786943640000,2.6e-06,2.61e-06,25.895351112344915,target,3501737811.0,17
PEPE,1786945020000,1786945080000,2.6e-06,2.61e-06,25.901903496465902,target,3502623867.0,17
PEPE,1786945920000,1786945980000,2.6e-06,2.61e-06,25.908457544460926,target,3503510148.0,17
PEPE,1786947180000,1786947240000,2.6e-06,2.61e-06,25.915013248935217,target,3504396653.0,17
PEPE,1787011320000,1787011380000,2.5800000000000003e-06,2.59e-06,26.009466619887124,target,3507682619.0,17
PEPE,1787011920000,1787011980000,2.5800000000000003e-06,2.59e-06,26.016070196434956,target,3508573189.0,17
PEPE,1787012580000,1787012640000,2.5800000000000003e-06,2.59e-06,26.022675456190097,target,3509463986.0,17
PEPE,1787013240000,1787013300000,2.5800000000000003e-06,2.59e-06,26.02928239173505,target,3510355009.0,17
PEPE,1787014020000,1787014080000,2.5800000000000003e-06,2.59e-06,26.03589100307163,target,3511246258.0,17
PEPE,1787014740000,1787014800000,2.5800000000000003e-06,2.59e-06,26.042501290194377,target,3512137733.0,17
PEPE,1787015220000,1787015280000,2.5800000000000003e-06,2.59e-06,26.049113260524436,target,3513029435.0,17
PEPE,1787016000000,1787016060000,2.5800000000000003e-06,2.59e-06,26.055726906646125,target,3513921363.0,17
PEPE,1787017320000,1787017380000,2.57e-06,2.58e-06,26.106424799402127,target,3516016808.0,17
PEPE,1787022480000,1787022540000,2.55e-06,2.56e-06,26.201342410483587,target,3519320673.0,17
PEPE,1787023620000,1787023680000,2.55e-06,2.56e-06,26.208028489520675,target,3520218736.0,17
PEPE,1787024640000,1787024700000,2.55e-06,2.56e-06,26.214716266015,target,3521117027.0,17
PEPE,1787025120000,1787025180000,2.55e-06,2.56e-06,26.22140575486067,target,3522015548.0,17
PEPE,1787025780000,1787025840000,2.55e-06,2.56e-06,26.22809694860881,target,3522914298.0,17
PEPE,1787026920000,1787026980000,2.55e-06,2.56e-06,26.234789854710115,target,3523813278.0,17
PEPE,1787027640000,1787027700000,2.55e-06,2.56e-06,26.241484465715715,target,3524712487.0,17
PEPE,1787028240000,1787028300000,2.56e-06,2.57e-06,26.203947635941265,target,3524404524.0,17
PEPE,1787028780000,1787028840000,2.56e-06,2.57e-06,26.210623106080583,target,3525302368.0,17
PEPE,1787029320000,1787029380000,2.56e-06,2.57e-06,26.21730027883323,target,3526200441.0,17
PEPE,1787029920000,1787029980000,2.56e-06,2.57e-06,26.223979146771697,target,3527098742.0,17
PEPE,1787030520000,1787030580000,2.56e-06,2.57e-06,26.230659724756457,target,3527997273.0,17
PEPE,1787031120000,1787031180000,2.56e-06,2.57e-06,26.237341997919764,target,3528896032.0,17
PEPE,1787033220000,1787033280000,2.55e-06,2.56e-06,26.288326782705056,target,3531004269.0,17
PEPE,1787033880000,1787033940000,2.55e-06,2.56e-06,26.295035055284323,target,3531905313.0,17
PEPE,1787098500000,1787098680000,2.57e-06,2.58e-06,26.213128553698873,target,3530387684.0,17
PEPE,1787099220000,1787099280000,2.57e-06,2.58e-06,26.219795104799662,target,3531285536.0,17
PEPE,1787100240000,1787100300000,2.5800000000000003e-06,2.59e-06,26.182178075265185,target,3530974791.0,17
PEPE,1787101380000,1787101440000,2.5800000000000003e-06,2.59e-06,26.18882550412399,target,3531871275.0,17
PEPE,1787103720000,1787103780000,2.59e-06,2.6e-06,26.151197186686876,target,3531559377.0,17
PEPE,1787104320000,1787104380000,2.59e-06,2.6e-06,26.157825528071363,target,3532454494.0,17
PEPE,1787106780000,1787106840000,2.5800000000000003e-06,2.59e-06,26.208755437316203,target,3534559061.0,17
PEPE,1787107500000,1787107560000,2.59e-06,2.6e-06,26.17109847962597,target,3534246925.0,17
PEPE,1787107980000,1787108160000,2.5800000000000003e-06,2.59e-06,26.22205423239966,target,3536352560.0,17
PEPE,1787108520000,1787108580000,2.5800000000000003e-06,2.59e-06,26.228711790150513,target,3537250410.0,17
PEPE,1787109720000,1787109780000,2.59e-06,2.6e-06,26.191026156580623,target,3536938036.0,17
PEPE,1787110320000,1787110380000,2.59e-06,2.6e-06,26.197664598386396,target,3537834517.0,17
PEPE,1787110920000,1787110980000,2.59e-06,2.6e-06,26.20430471372057,target,3538731224.0,17
PEPE,1787111520000,1787111580000,2.59e-06,2.6e-06,26.21094651739541,target,3539628159.0,17
PEPE,1787112120000,1787112180000,2.59e-06,2.6e-06,26.217590002007512,target,3540525321.0,17
PEPE,1787112720000,1787112780000,2.59e-06,2.6e-06,26.224235174954824,target,3541422711.0,17
PEPE,1787113380000,1787113440000,2.59e-06,2.6e-06,26.23088202884122,target,3542320328.0,17
PEPE,1787114100000,1787114160000,2.59e-06,2.6e-06,26.237530571064642,target,3543218173.0,17
PEPE,1787114820000,1787114880000,2.59e-06,2.6e-06,26.24418079422533,target,3544116245.0,17
PEPE,1787115720000,1787115780000,2.59e-06,2.6e-06,26.250832705726683,target,3545014545.0,17
PEPE,1787116320000,1787116380000,2.59e-06,2.6e-06,26.25748629816166,target,3545913072.0,17
PEPE,1787117220000,1787117280000,2.59e-06,2.6e-06,26.264141578933668,target,3546811827.0,17
PEPE,1787118780000,1787118900000,2.59e-06,2.6e-06,26.27079854804998,target,3547710810.0,17
PEPE,1787119320000,1787120340000,2.59e-06,2.6e-06,26.277457205505144,target,3548610021.0,17
PEPE,1787184420000,1787184480000,2.88e-06,2.89e-06,25.006660882070896,target,3514639618.0,17
PEPE,1787185020000,1787185080000,2.8900000000000003e-06,2.9e-06,24.969077847456504,target,3514296671.0,17
PEPE,1787185620000,1787185680000,2.8900000000000003e-06,2.9e-06,24.975088478516405,target,3515142643.0,17
PEPE,1787186220000,1787186280000,2.9e-06,2.91e-06,24.93749586833974,target,3514798572.0,17
PEPE,1787186820000,1787186880000,2.91e-06,2.92e-06,24.899902771184735,target,3514453461.0,17
PEPE,1787187420000,1787187480000,2.91e-06,2.92e-06,24.905875837115627,target,3515296519.0,17
PEPE,1787188020000,1787188080000,2.9e-06,2.91e-06,24.95545689631377,target,3517330077.0,17
PEPE,1787192040000,1787192100000,2.91e-06,2.92e-06,24.917836719945047,target,3516984717.0,17
PEPE,1787194020000,1787194080000,2.91e-06,2.92e-06,24.92381408647059,target,3517828382.0,17
PEPE,1787198220000,1787198280000,2.91e-06,2.92e-06,24.92979288416475,target,3518672249.0,17
PEPE,1787198820000,1787198880000,2.91e-06,2.92e-06,24.935773120114504,target,3519516319.0,17
PEPE,1787200620000,1787200680000,2.9400000000000002e-06,2.95e-06,24.81095518553089,target,3516790246.0,17
PEPE,1787201220000,1787201280000,2.95e-06,2.96e-06,24.773324379249686,target,3516440650.0,17
PEPE,1787202060000,1787202120000,2.9400000000000002e-06,2.95e-06,24.822787231855127,target,3518467361.0,17
PEPE,1787202420000,1787202840000,2.9400000000000002e-06,2.9e-06,-156.15164959334936,stop,3519306955.0,17
PEPE,1787206920000,1787206980000,2.8900000000000003e-06,2.9e-06,25.009424364399184,target,3519975280.0,17
PEPE,1787207640000,1787207700000,2.91e-06,2.92e-06,24.928144991100968,target,3518439660.0,17
PEPE,1787208780000,1787208840000,2.92e-06,2.93e-06,24.890508802776175,target,3518093117.0,17
PEPE,1787210820000,1787210880000,2.9400000000000002e-06,2.95e-06,24.809304731773896,target,3516556305.0,17
PEPE,1787211420000,1787211540000,2.9400000000000002e-06,2.95e-06,24.815224850365414,target,3517395443.0,17
PEPE,1787212620000,1787212680000,2.96e-06,2.97e-06,24.73405818786002,target,3515857596.0,17
PEPE,1787214420000,1787214480000,3.08e-06,3.09e-06,24.219748243546555,target,3502494323.0,17
PEPE,1787215020000,1787215080000,3.12e-06,3.13e-06,24.052881270000324,target,3498600912.0,17
PEPE,1787215620000,1787215680000,3.1500000000000003e-06,3.1600000000000002e-06,23.929336014771987,target,3495885466.0,17
PEPE,1787271480000,1787271540000,3.21e-06,3.22e-06,23.677347265991266,target,3489660614.0,17
PEPE,1787274720000,1787274780000,3.2000000000000003e-06,3.21e-06,23.72558470627539,target,3491623945.0,17
PEPE,1787276520000,1787276580000,3.22e-06,3.23e-06,23.64529362599977,target,3490080240.0,17
PEPE,1787277120000,1787277180000,3.2400000000000003e-06,3.2500000000000002e-06,23.565060092315054,target,3488535913.0,17
PEPE,1787277720000,1787277780000,3.23e-06,3.24e-06,23.61318605827477,target,3490493135.0,17
PEPE,1787278320000,1787278380000,3.22e-06,3.23e-06,23.661370965225508,target,3492453279.0,17
PEPE,1787280120000,1787280180000,3.23e-06,3.24e-06,23.623898219295306,target,3492076603.0,17
PEPE,1787280840000,1787280900000,3.23e-06,3.24e-06,23.629251269084243,target,3492867889.0,17
PEPE,1787281620000,1787281680000,3.22e-06,3.23e-06,23.67746896142457,target,3494829367.0,17
PEPE,1787282220000,1787282280000,3.22e-06,3.23e-06,23.68284388057433,target,3495622713.0,17
PEPE,1787283120000,1787283180000,3.22e-06,3.23e-06,23.688220019226918,target,3496416239.0,17
PEPE,1787284680000,1787284740000,3.2400000000000003e-06,3.2500000000000002e-06,23.607840824539522,target,3494869108.0,17
PEPE,1787285220000,1787285460000,3.23e-06,3.24e-06,23.65605415849528,target,3496829883.0,17
PEPE,1787285820000,1787285880000,3.22e-06,3.23e-06,23.704326545150167,target,3498793586.0,17
PEPE,1787287020000,1787287080000,3.2500000000000002e-06,3.26e-06,23.581028336923804,target,3496075365.0,17
PEPE,1787288220000,1787288280000,3.3e-06,3.31e-06,23.372411698806026,target,3491024899.0,17
PEPE,1787289420000,1787289480000,3.31e-06,3.32e-06,23.334928754305484,target,3490640053.0,17
PEPE,1787290020000,1787290080000,3.31e-06,3.32e-06,23.340139838822182,target,3491419572.0,17
PEPE,1787290620000,1787290680000,3.34e-06,3.35e-06,23.217330018079913,target,3488704736.0,17
PEPE,1787291220000,1787291280000,3.36e-06,3.37e-06,23.137261687685598,target,3487153231.0,17
PEPE,1787292420000,1787292480000,3.3800000000000002e-06,3.39e-06,23.057251435260888,target,3485601124.0,17
PEPE,1787293020000,1787293080000,3.41e-06,3.42e-06,22.934824084754766,target,3482889003.0,17
PEPE,1787293620000,1787293680000,3.4200000000000003e-06,3.43e-06,22.89739612352555,target,3482493707.0,17
PEPE,1787294220000,1787294280000,3.44e-06,3.45e-06,22.81756049388025,target,3480939816.0,17
PEPE,1787360820000,1787361180000,4.1100000000000005e-06,4.070000000000001e-06,-157.0942479532484,stop,3405837354.0,17
PEPE,1787362020000,1787362080000,4.1000000000000006e-06,4.1100000000000005e-06,20.05380159124469,target,3401832331.0,17
PEPE,1787362620000,1787362680000,4.12e-06,4.13e-06,19.97660238275069,target,3400272746.0,17
PEPE,1787363220000,1787363280000,4.13e-06,4.14e-06,19.93992807154678,target,3399817233.0,17
PEPE,1787363820000,1787363880000,4.14e-06,4.15e-06,19.903257624520844,target,3399360824.0,17
PEPE,1787364420000,1787364540000,4.23e-06,4.1900000000000005e-06,-156.97835906948913,stop,3390095218.0,17
PEPE,1787365020000,1787365080000,4.23e-06,4.24e-06,19.514568421980435,target,3385007532.0,17
PEPE,1787365620000,1787365680000,4.2800000000000005e-06,4.2900000000000004e-06,19.31764390654573,target,3380165163.0,17
PEPE,1787369520000,1787369580000,4.31e-06,4.32e-06,19.201162655699882,target,3377513220.0,17
PEPE,1787370120000,1787370120000,4.2900000000000004e-06,4.250000000000001e-06,-156.82986738931464,entry_bar_stop,3380318297.0,17
PEPE,1787370420000,1787370540000,4.27e-06,4.28e-06,19.33578218145069,target,3377429202.0,17
PEPE,1787372220000,1787372400000,4.360000000000001e-06,4.320000000000001e-06,-156.62352311849813,stop,3368247809.0,17
PEPE,1787372820000,1787372880000,4.450000000000001e-06,4.4600000000000005e-06,18.5949194420593,target,3353457068.0,17
PEPE,1787373420000,1787373480000,4.450000000000001e-06,4.4600000000000005e-06,18.598237564515273,target,3354055467.0,17
PEPE,1787374020000,1787374080000,4.51e-06,4.52e-06,18.364835094599147,target,3348192360.0,17
PEPE,1787380920000,1787380980000,4.1000000000000006e-06,4.060000000000001e-06,-156.4718490548094,stop,3393447171.0,17
PEPE,1787381520000,1787381580000,4.1100000000000005e-06,4.12e-06,19.933981262635868,target,3387252551.0,17
PEPE,1787382120000,1787382180000,4.13e-06,4.14e-06,19.85712495171,target,3385699054.0,17
PEPE,1787382720000,1787382780000,4.13e-06,4.14e-06,19.86091176520439,target,3386344717.0,17
PEPE,1787383920000,1787383980000,4.24e-06,4.25e-06,19.42269594172949,target,3374925446.0,17
PEPE,1787384520000,1787384520000,4.2000000000000004e-06,4.160000000000001e-06,-156.35569526009928,entry_bar_stop,3379932885.0,17
PEPE,1787384820000,1787384880000,4.18e-06,4.14e-06,-156.12104447630907,stop,3377050497.0,17
PEPE,1787443320000,1787443380000,4.07e-06,4.08e-06,20.050558320300805,target,3384060476.0,17
PEPE,1787443980000,1787444040000,4.05e-06,4.06e-06,20.135236106471222,target,3386919446.0,17
PEPE,1787446020000,1787446080000,4.12e-06,4.13e-06,19.856717514626236,target,3379866811.0,17
PEPE,1787446860000,1787446920000,4.13e-06,4.14e-06,19.82026329181487,target,3379414031.0,17
PEPE,1787447220000,1787447400000,4.13e-06,4.14e-06,19.824043079039626,target,3380058496.0,17
PEPE,1787447820000,1787447880000,4.1100000000000005e-06,4.12e-06,19.908377769775463,target,3382901915.0,17
PEPE,1787448420000,1787448480000,4.13e-06,4.14e-06,19.83162017224688,target,3381350413.0,17
PEPE,1787449800000,1787449860000,4.1000000000000006e-06,4.1100000000000005e-06,19.956318906058602,target,3385295828.0,17
PEPE,1787452620000,1787452680000,4.09e-06,4.1e-06,20.000513633331643,target,3387047186.0,17
PEPE,1787453220000,1787453280000,4.09e-06,4.1e-06,20.004358803989668,target,3387698358.0,17
PEPE,1787453940000,1787454000000,4.07e-06,4.08e-06,20.089046261175277,target,3390556331.0,17
PEPE,1787459040000,1787459100000,4.0100000000000006e-06,4.0200000000000005e-06,20.336128635060064,target,3397849396.0,17
PEPE,1787459520000,1787459700000,4.03e-06,3.990000000000001e-06,-156.2466454632139,stop,3396297043.0,17
PEPE,1787460120000,1787460180000,4e-06,4.01e-06,20.350149887924065,target,3394520415.0,17
PEPE,1787461620000,1787461680000,4e-06,4.01e-06,20.354133577413098,target,3395184917.0,17
PEPE,1787469300000,1787469360000,3.89e-06,3.9e-06,20.806357948199796,target,3408084840.0,17
PEPE,1787470020000,1787470080000,3.920000000000001e-06,3.9300000000000005e-06,20.68792883280013,target,3405420384.0,17
PEPE,1787470920000,1787470980000,3.88e-06,3.89e-06,20.855585217436108,target,3410561769.0,17
PEPE,1787473740000,1787473800000,3.920000000000001e-06,3.9300000000000005e-06,20.696191367399795,target,3406780472.0,17
PEPE,1787474220000,1787474280000,3.94e-06,3.95e-06,20.61866454984158,target,3405229488.0,17
PEPE,1787474880000,1787474940000,3.96e-06,3.97e-06,20.5411967179311,target,3403677998.0,17
PEPE,1787476140000,1787476200000,3.98e-06,3.99e-06,20.463787902031463,target,3402126002.0,17
PEPE,1787476620000,1787476740000,3.98e-06,3.99e-06,20.467809825764682,target,3402794651.0,17
PEPE,1787477220000,1787477280000,3.98e-06,3.99e-06,20.471832537464387,target,3403463431.0,17
PEPE,1787533620000,1787533680000,4.05e-06,4.06e-06,20.191407450859316,target,3396367948.0,17
PEPE,1787537820000,1787537880000,4.0100000000000006e-06,4.0200000000000005e-06,20.35773513742499,target,3401459505.0,17
PEPE,1787539020000,1787539260000,4.06e-06,4.07e-06,20.158720811263453,target,3396583119.0,17
PEPE,1787539620000,1787539680000,4.03e-06,4.04e-06,20.284358945184806,target,3400563109.0,17
PEPE,1787540280000,1787540340000,4.0200000000000005e-06,4.03e-06,20.328946546251437,target,3402334150.0,17
PEPE,1787544480000,1787544540000,4e-06,4.01e-06,20.41428672998248,target,3405218804.0,17
PEPE,1787545020000,1787545080000,4.0100000000000006e-06,4.0200000000000005e-06,20.377573473284592,target,3404774181.0,17
PEPE,1787545680000,1787545740000,4.03e-06,4.04e-06,20.300199330762013,target,3403218664.0,17
PEPE,1787546220000,1787546280000,4.03e-06,4.04e-06,20.304149484990585,target,3403880886.0,17
PEPE,1787546820000,1787546880000,4.03e-06,4.04e-06,20.308100402739925,target,3404543236.0,17
PEPE,1787548620000,1787548680000,4.03e-06,4.04e-06,20.312052095941663,target,3405205716.0,17
PEPE,1787550300000,1787550360000,4.0100000000000006e-06,4.0200000000000005e-06,20.39742314473653,target,3408090751.0,17
PEPE,1787550840000,1787550900000,4e-06,4.01e-06,20.442165236517123,target,3409869097.0,17
PEPE,1787551320000,1787551980000,4.0100000000000006e-06,4.0200000000000005e-06,20.405401843994742,target,3409423867.0,17
PEPE,1787552580000,1787552640000,4e-06,4.01e-06,20.450161439456103,target,3411202909.0,17
PEPE,1787553120000,1787553180000,4e-06,4.01e-06,20.454164702619963,target,3411870676.0,17
PEPE,1787554320000,1787554380000,4.0100000000000006e-06,4.0200000000000005e-06,20.417379732225744,target,3411425185.0,17
PEPE,1787554920000,1787554980000,4.0200000000000005e-06,4.03e-06,20.38059823440059,target,3410978784.0,17
PEPE,1787556960000,1787557020000,4.0200000000000005e-06,4.03e-06,20.38457197387477,target,3411643845.0,17
PEPE,1787557320000,1787557380000,4.0200000000000005e-06,4.03e-06,20.388546490098907,target,3412309036.0,17
PEPE,1787557980000,1787558040000,4.0100000000000006e-06,4.0200000000000005e-06,20.433316015665277,target,3414087889.0,17
PEPE,1787558520000,1787558640000,4.0100000000000006e-06,4.0200000000000005e-06,20.437308004680133,target,3414754888.0,17
PEPE,1787559120000,1787559240000,4.0100000000000006e-06,4.0200000000000005e-06,20.44130077773015,target,3415422018.0,17
PEPE,1787560920000,1787561160000,4.0200000000000005e-06,4.03e-06,20.404476186652516,target,3414975094.0,17
PEPE,1787617320000,1787617380000,4.0100000000000006e-06,4.0200000000000005e-06,20.44928068596039,target,3416755336.0,17
PEPE,1787617980000,1787618040000,4.0200000000000005e-06,4.03e-06,20.412441716075282,target,3416308237.0,17
PEPE,1787618520000,1787618580000,4.04e-06,4.05e-06,20.334817461977217,target,3414746845.0,17
PEPE,1787619120000,1787619180000,4.1000000000000006e-06,4.1100000000000005e-06,20.094543510209952,target,3408743598.0,17
PEPE,1787619720000,1787619780000,4.13e-06,4.14e-06,19.976621306235124,target,3406073539.0,17
PEPE,1787620320000,1787620380000,4.09e-06,4.1e-06,20.14288492530501,target,3411157481.0,17
PEPE,1787622120000,1787622180000,4.1000000000000006e-06,4.1100000000000005e-06,20.106096513525664,target,3410703395.0,17
PEPE,1787622780000,1787622840000,4.08e-06,4.09e-06,20.19131817020643,target,3413578727.0,17
PEPE,1787623980000,1787624040000,4.09e-06,4.1e-06,20.154504790210773,target,3413125282.0,17
PEPE,1787624520000,1787624580000,4.17e-06,4.18e-06,19.833643744326373,target,3404917381.0,17
PEPE,1787625240000,1787625300000,4.17e-06,4.18e-06,19.837395405477423,target,3405561443.0,17
PEPE,1787625720000,1787625780000,4.21e-06,4.22e-06,19.679350250106886,target,3401789153.0,17
PEPE,1787626320000,1787626380000,4.16e-06,4.17e-06,19.885392900495233,target,3407950797.0,17
PEPE,1787626920000,1787627040000,4.1900000000000005e-06,4.2000000000000004e-06,19.767649929795308,target,3405279919.0,17
PEPE,1787627520000,1787627580000,4.25e-06,4.26e-06,19.529012056546847,target,3399305841.0,17
PEPE,1787628120000,1787628180000,4.23e-06,4.24e-06,19.61334352797394,target,3402141115.0,17
PEPE,1787629320000,1787629380000,4.2800000000000005e-06,4.2900000000000004e-06,19.41542225302663,target,3397274235.0,17
PEPE,1787635200000,1787635260000,4.23e-06,4.24e-06,19.62063582636505,target,3403406041.0,17
PEPE,1787635620000,1787635680000,4.24e-06,4.25e-06,19.583917415266075,target,3402939603.0,17
PEPE,1787636220000,1787636280000,4.22e-06,4.23e-06,19.668379095749344,target,3405779930.0,17
PEPE,1787636880000,1787636940000,4.22e-06,4.23e-06,19.672061588025286,target,3406417591.0,17
PEPE,1787637420000,1787637480000,4.23e-06,4.24e-06,19.635311510147545,target,3405951693.0,17
PEPE,1787649420000,1787649480000,4.08e-06,4.09e-06,20.24835698249185,target,3423221806.0,17
PEPE,1787650020000,1787650140000,4.08e-06,4.09e-06,20.252257664729346,target,3423881262.0,17
PEPE,1787704380000,1787704440000,3.82e-06,3.83e-06,21.327042025899853,target,3453771988.0,17
PEPE,1787705220000,1787705280000,3.81e-06,3.82e-06,21.372929152744852,target,3455606977.0,17
PEPE,1787705880000,1787705940000,3.830000000000001e-06,3.8400000000000005e-06,21.29416009555483,target,3454040567.0,17
PEPE,1787706540000,1787706600000,3.8400000000000005e-06,3.85e-06,21.25694694884095,target,3453606328.0,17
PEPE,1787707680000,1787707740000,3.82e-06,3.83e-06,21.344333180625103,target,3456572175.0,17
PEPE,1787708280000,1787708340000,3.8400000000000005e-06,3.85e-06,21.265553971584048,target,3455004707.0,17
PEPE,1787708820000,1787708880000,3.85e-06,3.86e-06,21.228328686477028,target,3454569355.0,17
PEPE,1787709420000,1787709540000,3.85e-06,3.86e-06,21.232609213590663,target,3455265942.0,17
PEPE,1787710020000,1787710680000,3.85e-06,3.86e-06,21.23689060714812,target,3455962670.0,17
PEPE,1787711460000,1787711520000,3.86e-06,3.87e-06,21.19965327994513,target,3455526207.0,17
PEPE,1787711880000,1787711940000,3.87e-06,3.88e-06,21.162418955125453,target,3455088809.0,17
PEPE,1787712420000,1787712480000,3.87e-06,3.88e-06,21.166669521373922,target,3455782779.0,17
PEPE,1787713020000,1787713080000,3.87e-06,3.88e-06,21.17092093287531,target,3456476887.0,17
PEPE,1787713620000,1787713680000,3.86e-06,3.87e-06,21.216698929591054,target,3458304634.0,17
PEPE,1787714820000,1787714880000,3.86e-06,3.87e-06,21.22096874848461,target,3459000611.0,17
PEPE,1787715420000,1787715480000,3.85e-06,3.86e-06,21.266809118915006,target,3460831427.0,17
PEPE,1787716020000,1787716080000,3.85e-06,3.86e-06,21.27109740716609,target,3461529277.0,17
PEPE,1787716620000,1787716680000,3.85e-06,3.86e-06,21.275386561859175,target,3462227268.0,17
PEPE,1787717820000,1787717880000,3.8400000000000005e-06,3.85e-06,21.321298717152132,target,3464061530.0,17
PEPE,1787718480000,1787718540000,3.8400000000000005e-06,3.85e-06,21.325606398535307,target,3464761397.0,17
PEPE,1787719020000,1787719080000,3.8400000000000005e-06,3.85e-06,21.32991495393121,target,3465461406.0,17
PEPE,1787719620000,1787719680000,3.8400000000000005e-06,3.85e-06,21.334224377179876,target,3466161556.0,17
PEPE,1787720220000,1787720340000,3.830000000000001e-06,3.8400000000000005e-06,21.380217799094765,target,3467999643.0,17
PEPE,1787722020000,1787722140000,3.830000000000001e-06,3.8400000000000005e-06,21.384545826374463,target,3468701675.0,17
PEPE,1787788920000,1787788980000,3.8400000000000005e-06,3.85e-06,21.347174724914716,target,3468265593.0,17
PEPE,1787789520000,1787789580000,3.830000000000001e-06,3.8400000000000005e-06,21.393196061174706,target,3470104795.0,17
PEPE,1787790300000,1787790360000,3.830000000000001e-06,3.8400000000000005e-06,21.39752671474533,target,3470807253.0,17
PEPE,1787790720000,1787790780000,3.830000000000001e-06,3.8400000000000005e-06,21.40185824374444,target,3471509853.0,17
PEPE,1787791320000,1787791380000,3.82e-06,3.83e-06,21.44795181717495,target,3473352521.0,17
PEPE,1787791920000,1787791980000,3.82e-06,3.83e-06,21.452302024400836,target,3474057008.0,17
PEPE,1787792820000,1787792880000,3.82e-06,3.83e-06,21.456653114648205,target,3474761638.0,17
PEPE,1787793420000,1787793480000,3.81e-06,3.82e-06,21.502819113114654,target,3476607779.0,17
PEPE,1787794620000,1787794680000,3.830000000000001e-06,3.8400000000000005e-06,21.42357134908604,target,3475031849.0,17
PEPE,1787795220000,1787795280000,3.82e-06,3.83e-06,21.46971168355014,target,3476876386.0,17
PEPE,1787795940000,1787796000000,3.830000000000001e-06,3.8400000000000005e-06,21.432254295376033,target,3476440275.0,17
PEPE,1787796420000,1787796480000,3.8400000000000005e-06,3.85e-06,21.39479981910018,target,3476003220.0,17
PEPE,1787797020000,1787797080000,3.830000000000001e-06,3.8400000000000005e-06,21.440923832790432,target,3477846526.0,17
PEPE,1787802180000,1787802300000,3.8e-06,3.81e-06,21.570858789901163,target,3481978820.0,17
PEPE,1787802720000,1787803260000,3.8e-06,3.81e-06,21.5752509829521,target,3482687810.0,17
PEPE,1787803980000,1787804040000,3.8e-06,3.81e-06,21.57964406807875,target,3483396944.0,17
PEPE,1787804520000,1787804580000,3.8e-06,3.81e-06,21.58403804529203,target,3484106222.0,17
PEPE,1787808420000,1787808480000,3.7800000000000002e-06,3.79e-06,21.67236863770146,target,3487106780.0,17
PEPE,1787809320000,1787809380000,3.7800000000000002e-06,3.79e-06,21.676798652412145,target,3487819574.0,17
PEPE,1787810160000,1787810220000,3.7800000000000002e-06,3.79e-06,21.681229574510013,target,3488532514.0,17
PEPE,1787811120000,1787811180000,3.7700000000000003e-06,3.7800000000000002e-06,21.727696431225397,target,3490393001.0,17
PEPE,1787811780000,1787811900000,3.7700000000000003e-06,3.7800000000000002e-06,21.73214636625088,target,3491107850.0,17
PEPE,1787812320000,1787812380000,3.7800000000000002e-06,3.79e-06,21.69454496340913,target,3490674974.0,17
PEPE,1787813580000,1787813640000,3.79e-06,3.8e-06,21.656946317134253,target,3490241147.0,17
PEPE,1787875320000,1787875380000,3.89e-06,3.9e-06,20.00672289313509,target,3277104487.0,18
PEPE,1787876520000,1787876580000,3.88e-06,3.89e-06,20.050070515386366,target,3278834099.0,18
PEPE,1787877420000,1787877480000,3.88e-06,3.89e-06,20.0540897642422,target,3279491376.0,18
PEPE,1787878020000,1787878080000,3.87e-06,3.88e-06,20.097496332374327,target,3281223891.0,18
PEPE,1787878620000,1787878680000,3.88e-06,3.89e-06,20.062138577956027,target,3280807617.0,18
PEPE,1787879280000,1787879340000,3.89e-06,3.9e-06,20.026783739985675,target,3280390457.0,18
PEPE,1787880420000,1787880480000,3.9300000000000005e-06,3.94e-06,19.873510559740602,target,3276753596.0,18
PEPE,1787881020000,1787881080000,3.95e-06,3.910000000000001e-06,-150.2853613091251,stop,3275261225.0,18
PEPE,1787881620000,1787881680000,3.91e-06,3.92e-06,19.926110382061346,target,3274627836.0,18
PEPE,1787887320000,1787887380000,3.830000000000001e-06,3.8400000000000005e-06,20.245118751225533,target,3283879765.0,18
PEPE,1787889840000,1787889900000,3.81e-06,3.82e-06,20.328251016470524,target,3286701862.0,18
PEPE,1787890320000,1787890380000,3.8e-06,3.81e-06,20.371946145494526,target,3288449741.0,18
PEPE,1787891040000,1787891100000,3.82e-06,3.83e-06,20.296976104275515,target,3286959693.0,18
PEPE,1787891580000,1787891640000,3.81e-06,3.82e-06,20.340646950175376,target,3288706055.0,18
PEPE,1787893320000,1787893380000,3.82e-06,3.83e-06,20.30521848192442,target,3288294491.0,18
PEPE,1787893920000,1787893980000,3.8e-06,3.81e-06,20.388503206051624,target,3291122390.0,18
PEPE,1787894520000,1787894580000,3.81e-06,3.82e-06,20.353050441950266,target,3290711470.0,18
PEPE,1787895120000,1787895180000,3.81e-06,3.82e-06,20.35718661740585,target,3291380213.0,18
PEPE,1787895720000,1787895780000,3.82e-06,3.83e-06,20.321729338950654,target,3290968314.0,18
PEPE,1787896320000,1787896380000,3.81e-06,3.82e-06,20.36545344511095,target,3292716806.0,18
PEPE,1787898720000,1787898780000,3.81e-06,3.82e-06,20.369592137860657,target,3293385956.0,18
PEPE,1787899920000,1787899980000,3.82e-06,3.83e-06,20.33411325822421,target,3292973807.0,18
PEPE,1787900640000,1787900700000,3.81e-06,3.82e-06,20.37786400634167,target,3294723364.0,18
PEPE,1787903820000,1787903880000,3.79e-06,3.8e-06,20.461352391231493,target,3297558806.0,18
PEPE,1787962380000,1787962440000,3.6900000000000002e-06,3.7e-06,20.863913556981057,target,3309106036.0,18
PEPE,1787962920000,1787962980000,3.6900000000000002e-06,3.7e-06,20.86825291648512,target,3309794277.0,18
PEPE,1787964180000,1787964240000,3.6900000000000002e-06,3.7e-06,20.872593177604344,target,3310482661.0,18
PEPE,1787965560000,1787965620000,3.67e-06,3.68e-06,20.95697706685028,target,3313356058.0,18
PEPE,1787966520000,1787966640000,3.67e-06,3.68e-06,20.96135249312589,target,3314047825.0,18
PEPE,1787967120000,1787967240000,3.6800000000000003e-06,3.6900000000000002e-06,20.925677552775877,target,3313646485.0,18
PEPE,1787967780000,1787967840000,3.67e-06,3.68e-06,20.970097722751415,target,3315430470.0,18
PEPE,1787968440000,1787968500000,3.67e-06,3.68e-06,20.974475887751623,target,3316122670.0,18
PEPE,1787968980000,1787969040000,3.67e-06,3.68e-06,20.978854969874867,target,3316815015.0,18
PEPE,1787970120000,1787970180000,3.66e-06,3.67e-06,21.023346146985553,target,3318602391.0,18
PEPE,1787970720000,1787970780000,3.66e-06,3.67e-06,21.027743821629883,target,3319296578.0,18
PEPE,1787971380000,1787971440000,3.66e-06,3.67e-06,21.03214241484985,target,3319990910.0,18
PEPE,1787973780000,1787973840000,3.67e-06,3.68e-06,20.996405567226365,target,3319589813.0,18
PEPE,1787974980000,1787975040000,3.66e-06,3.62e-06,-150.95666118780062,stop,3321378684.0,18
PEPE,1787977920000,1787977980000,3.6400000000000003e-06,3.65e-06,21.089605196550714,target,3318584610.0,18
PEPE,1787978940000,1787979000000,3.6400000000000003e-06,3.65e-06,21.094033576619783,target,3319281444.0,18
PEPE,1787979420000,1787979480000,3.65e-06,3.66e-06,21.05830858054396,target,3318882361.0,18
PEPE,1787980020000,1787980080000,3.65e-06,3.66e-06,21.062721978540814,target,3319577932.0,18
PEPE,1787981220000,1787981280000,3.65e-06,3.66e-06,21.067136296560435,target,3320273648.0,18
PEPE,1787981880000,1787981940000,3.65e-06,3.66e-06,21.071551547296448,target,3320969511.0,18
PEPE,1787982420000,1787982480000,3.66e-06,3.67e-06,21.035806255766104,target,3320569259.0,18
PEPE,1787983620000,1787983680000,3.6400000000000003e-06,3.65e-06,21.120572787445976,target,3323457559.0,18
PEPE,1787986680000,1787986740000,3.62e-06,3.63e-06,21.205497053625493,target,3326352479.0,18
PEPE,1787987220000,1787987280000,3.63e-06,3.64e-06,21.16970026520191,target,3325954480.0,18
PEPE,1788048120000,1788048180000,3.65e-06,3.66e-06,21.093683827318976,target,3324457656.0,18
PEPE,1788049920000,1788049980000,3.65e-06,3.66e-06,21.09810463627612,target,3325154395.0,18
PEPE,1788051120000,1788051420000,3.65e-06,3.66e-06,21.102526377946013,target,3325851281.0,18
PEPE,1788051720000,1788051840000,3.65e-06,3.66e-06,21.106949039640504,target,3326548312.0,18
PEPE,1788052320000,1788052440000,3.6400000000000003e-06,3.65e-06,21.151628121824565,target,3328344315.0,18
PEPE,1788053220000,1788053340000,3.63e-06,3.64e-06,21.19636008043095,target,3330142982.0,18
PEPE,1788054120000,1788054240000,3.6400000000000003e-06,3.65e-06,21.160520330155293,target,3329743561.0,18
PEPE,1788055140000,1788055200000,3.63e-06,3.64e-06,21.205271093161585,target,3331542984.0,18
PEPE,1788055620000,1788055680000,3.63e-06,3.64e-06,21.209732245278683,target,3332243872.0,18
PEPE,1788056220000,1788056280000,3.63e-06,3.64e-06,21.21419433305556,target,3332944907.0,18
PEPE,1788056820000,1788056880000,3.63e-06,3.64e-06,21.218657362849925,target,3333646090.0,18
PEPE,1788058020000,1788058080000,3.63e-06,3.64e-06,21.223121328302245,target,3334347420.0,18
PEPE,1788058740000,1788059940000,3.6400000000000003e-06,3.65e-06,21.187236330724915,target,3333947495.0,18
PEPE,1788060420000,1788060480000,3.63e-06,3.64e-06,21.232043594350113,target,3335749190.0,18
PEPE,1788061020000,1788061080000,3.6400000000000003e-06,3.65e-06,21.19614350508128,target,3335349096.0,18
PEPE,1788061620000,1788061680000,3.6400000000000003e-06,3.65e-06,21.20059426110616,target,3336049451.0,18
PEPE,1788062220000,1788062280000,3.63e-06,3.64e-06,21.245429774930336,target,3337852282.0,18
PEPE,1788062820000,1788063420000,3.6400000000000003e-06,3.65e-06,21.209507053280092,target,3337451936.0,18
PEPE,1788063720000,1788063780000,3.63e-06,3.64e-06,21.25436141662363,target,3339255525.0,18
PEPE,1788064920000,1788064980000,3.63e-06,3.64e-06,21.258832892775917,target,3339958035.0,18
PEPE,1788066960000,1788067020000,3.6400000000000003e-06,3.65e-06,21.22288751213517,target,3339557437.0,18
PEPE,1788069180000,1788069240000,3.6400000000000003e-06,3.65e-06,21.227343879624893,target,3340258675.0,18
PEPE,1788070380000,1788070440000,3.63e-06,3.64e-06,21.27223596606471,target,3342063781.0,18
PEPE,1788072120000,1788072180000,3.65e-06,3.66e-06,21.19585134091736,target,3340559707.0,18
PEPE,1788137220000,1788137280000,3.44e-06,3.45e-06,22.054864081424398,target,3364586435.0,18
PEPE,1788137820000,1788137880000,3.44e-06,3.45e-06,22.059672652440767,target,3365320008.0,18
PEPE,1788138420000,1788138480000,3.41e-06,3.42e-06,22.187592474075974,target,3369414195.0,18
PEPE,1788139620000,1788139680000,3.43e-06,3.44e-06,22.110338222829107,target,3367911382.0,18
PEPE,1788140820000,1788141900000,3.43e-06,3.44e-06,22.115167850424715,target,3368647045.0,18
PEPE,1788142920000,1788143100000,3.45e-06,3.46e-06,22.03795310793959,target,3367143332.0,18
PEPE,1788144240000,1788144300000,3.43e-06,3.44e-06,22.12481234749567,target,3370116123.0,18
PEPE,1788146520000,1788146580000,3.43e-06,3.44e-06,22.129645139422255,target,3370852268.0,18
PEPE,1788147180000,1788147240000,3.44e-06,3.45e-06,22.093415773500325,target,3370467700.0,18
PEPE,1788147780000,1788147840000,3.44e-06,3.45e-06,22.09823275457939,target,3371202556.0,18
PEPE,1788148320000,1788148380000,3.45e-06,3.46e-06,22.06199697047663,target,3370816955.0,18
PEPE,1788148920000,1788148980000,3.43e-06,3.44e-06,22.148950972785663,target,3373792989.0,18
PEPE,1788150720000,1788150780000,3.4200000000000003e-06,3.43e-06,22.194915417625005,target,3375652535.0,18
PEPE,1788152220000,1788152280000,3.43e-06,3.44e-06,22.158637144476202,target,3375268415.0,18
PEPE,1788152820000,1788152880000,3.43e-06,3.44e-06,22.16347732202523,target,3376005685.0,18
PEPE,1788154080000,1788154140000,3.4600000000000003e-06,3.4700000000000002e-06,22.04502255718449,target,3373377591.0,18
PEPE,1788154620000,1788154680000,3.4600000000000003e-06,3.4700000000000002e-06,22.049811137248867,target,3374110350.0,18
PEPE,1788156420000,1788156780000,3.4700000000000002e-06,3.48e-06,22.01353886227614,target,3373722431.0,18
PEPE,1788157920000,1788157980000,3.4700000000000002e-06,3.48e-06,22.01831169749997,target,3374453900.0,18
PEPE,1788158520000,1788158580000,3.48e-06,3.49e-06,21.982033142733897,target,3374064949.0,18
PEPE,1788159120000,1788159180000,3.48e-06,3.49e-06,21.986790265433854,target,3374795129.0,18
PEPE,1788160440000,1788160500000,3.48e-06,3.49e-06,21.99154841750561,target,3375525467.0,18
PEPE,1788161520000,1788161580000,3.5000000000000004e-06,3.5100000000000003e-06,21.914231198596035,target,3374015581.0,18
PEPE,1788162120000,1788162180000,3.5000000000000004e-06,3.5100000000000003e-06,21.918955953870693,target,3374743026.0,18
PEPE,1788220920000,1788220980000,3.5500000000000003e-06,3.5600000000000002e-06,21.71887820480604,target,3369880249.0,18
PEPE,1788221520000,1788221640000,3.5600000000000002e-06,3.57e-06,21.6826290380695,target,3369483922.0,18
PEPE,1788222720000,1788223020000,3.5600000000000002e-06,3.57e-06,21.687251472314948,target,3370202249.0,18
PEPE,1788223920000,1788223980000,3.5600000000000002e-06,3.57e-06,21.691874891114786,target,3370920729.0,18
PEPE,1788224580000,1788224700000,3.5600000000000002e-06,3.57e-06,21.69649929447084,target,3371639362.0,18
PEPE,1788225300000,1788225360000,3.54e-06,3.55e-06,21.78299767298962,target,3374592978.0,18
PEPE,1788225720000,1788225780000,3.5500000000000003e-06,3.5600000000000002e-06,21.7467002063823,target,3374197084.0,18
PEPE,1788226620000,1788226680000,3.5500000000000003e-06,3.5600000000000002e-06,21.751345040540564,target,3374917772.0,18
PEPE,1788227220000,1788227280000,3.5600000000000002e-06,3.57e-06,21.715041689054456,target,3374520853.0,18
PEPE,1788227820000,1788227880000,3.5500000000000003e-06,3.5600000000000002e-06,21.760628940586724,target,3376358253.0,18
PEPE,1788228420000,1788228600000,3.5500000000000003e-06,3.5600000000000002e-06,21.765276752335588,target,3377079403.0,18
PEPE,1788229620000,1788229680000,3.5500000000000003e-06,3.5600000000000002e-06,21.769925556614655,target,3377800707.0,18
PEPE,1788230340000,1788230400000,3.54e-06,3.55e-06,21.81558667001137,target,3379641622.0,18
PEPE,1788231180000,1788231300000,3.54e-06,3.55e-06,21.820254990560855,target,3380364832.0,18
PEPE,1788231720000,1788231780000,3.5500000000000003e-06,3.5600000000000002e-06,21.783895442145962,target,3379968261.0,18
PEPE,1788233940000,1788234000000,3.57e-06,3.58e-06,21.706554453376285,target,3378452055.0,18
PEPE,1788235020000,1788235200000,3.5600000000000002e-06,3.57e-06,21.75216529414556,target,3380289867.0,18
PEPE,1788236220000,1788236280000,3.5500000000000003e-06,3.5600000000000002e-06,21.797830486005495,target,3382130409.0,18
PEPE,1788236820000,1788236880000,3.5600000000000002e-06,3.57e-06,21.76144954483582,target,3381732641.0,18
PEPE,1788237420000,1788237480000,3.5500000000000003e-06,3.5600000000000002e-06,21.807134223760187,target,3383573968.0,18
PEPE,1788238020000,1788238140000,3.54e-06,3.5e-06,-153.257874218099,stop,3385418030.0,18
PEPE,1788239220000,1788239280000,3.54e-06,3.55e-06,21.820077684619807,target,3380337364.0,18
PEPE,1788239820000,1788239880000,3.53e-06,3.54e-06,21.8658027057461,target,3382181393.0,18
PEPE,1788241320000,1788241380000,3.5500000000000003e-06,3.5600000000000002e-06,21.788388702795025,target,3380665431.0,18
PEPE,1788307320000,1788307380000,3.4700000000000002e-06,3.48e-06,22.122174637800327,target,3390371592.0,18
PEPE,1788309540000,1788309720000,3.4600000000000003e-06,3.4700000000000002e-06,22.168244517475376,target,3392233285.0,18
PEPE,1788310920000,1788310980000,3.4600000000000003e-06,3.4700000000000002e-06,22.173059864900733,target,3392970140.0,18
PEPE,1788312120000,1788312180000,3.4700000000000002e-06,3.48e-06,22.13658483277649,target,3392580051.0,18
PEPE,1788312780000,1788312900000,3.4600000000000003e-06,3.4700000000000002e-06,22.182684723995536,target,3394442957.0,18
PEPE,1788316020000,1788316080000,3.4700000000000002e-06,3.48e-06,22.146193860975696,target,3394052699.0,18
PEPE,1788317820000,1788317880000,3.4700000000000002e-06,3.48e-06,22.15099546492608,target,3394788577.0,18
PEPE,1788319740000,1788319800000,3.49e-06,3.5e-06,22.073225883984687,target,3393270697.0,18
PEPE,1788320220000,1788320280000,3.48e-06,3.49e-06,22.119275148866897,target,3395130491.0,18
PEPE,1788321060000,1788321120000,3.4700000000000002e-06,3.48e-06,22.165379644725988,target,3396993049.0,18
PEPE,1788323520000,1788323580000,3.4600000000000003e-06,3.4700000000000002e-06,22.211539500230597,target,3398858378.0,18
PEPE,1788324120000,1788324180000,3.4700000000000002e-06,3.48e-06,22.175001174824338,target,3398467613.0,18
PEPE,1788324720000,1788324780000,3.4700000000000002e-06,3.48e-06,22.179809016675144,target,3399204447.0,18
PEPE,1788325320000,1788326280000,3.4700000000000002e-06,3.48e-06,22.18461790905046,target,3399941442.0,18
PEPE,1788326820000,1788326880000,3.4700000000000002e-06,3.48e-06,22.18942783890023,target,3400678596.0,18
PEPE,1788327480000,1788327540000,3.4600000000000003e-06,3.4700000000000002e-06,22.23563777018186,target,3402545948.0,18
PEPE,1788328620000,1788328680000,3.4600000000000003e-06,3.4700000000000002e-06,22.240467756004968,target,3403285043.0,18
PEPE,1788329220000,1788329340000,3.4600000000000003e-06,3.4700000000000002e-06,22.245298787429736,target,3404024298.0,18
PEPE,1788329820000,1788329880000,3.45e-06,3.46e-06,22.291584352345478,target,3405895241.0,18
PEPE,1788331320000,1788331380000,3.4600000000000003e-06,3.4700000000000002e-06,22.254973011916302,target,3405504669.0,18
PEPE,1788333720000,1788333780000,3.4600000000000003e-06,3.4700000000000002e-06,22.259807199745232,target,3406244407.0,18
PEPE,1788334920000,1788335040000,3.45e-06,3.46e-06,22.30612294410601,target,3408116569.0,18
PEPE,1788335580000,1788335760000,3.45e-06,3.46e-06,22.310977272429902,target,3408858254.0,18
PEPE,1788336780000,1788336840000,3.45e-06,3.46e-06,22.315832647953986,target,3409600099.0,18
PEPE,1788393720000,1788393780000,3.43e-06,3.44e-06,22.403787111874134,target,3412610375.0,18
PEPE,1788394560000,1788394680000,3.41e-06,3.42e-06,22.49190765381,target,3415627586.0,18
PEPE,1788395220000,1788395280000,3.41e-06,3.42e-06,22.49683887715477,target,3416376443.0,18
PEPE,1788396360000,1788396420000,3.4e-06,3.41e-06,22.54344441245563,target,3418262989.0,18
PEPE,1788396780000,1788396900000,3.41e-06,3.42e-06,22.50671370364556,target,3417876037.0,18
PEPE,1788398940000,1788399000000,3.44e-06,3.45e-06,22.38673992297185,target,3415215854.0,18
PEPE,1788399420000,1788399480000,3.44e-06,3.45e-06,22.391620854629753,target,3415960466.0,18
PEPE,1788400260000,1788400320000,3.43e-06,3.44e-06,22.4381293884168,target,3417841491.0,18
PEPE,1788400620000,1788402480000,3.45e-06,3.44e-06,-51.808429395132535,time,3416315819.0,18
PEPE,1788403020000,1788403080000,3.4700000000000002e-06,3.48e-06,22.265421251400138,target,3412325096.0,18
PEPE,1788404820000,1788404880000,3.4600000000000003e-06,3.4700000000000002e-06,22.311789445539887,target,3414198844.0,18
PEPE,1788405420000,1788405480000,3.4600000000000003e-06,3.4700000000000002e-06,22.316635971449468,target,3414940470.0,18
PEPE,1788406020000,1788406080000,3.4600000000000003e-06,3.4700000000000002e-06,22.321483549496193,target,3415682257.0,18
PEPE,1788406920000,1788407040000,3.45e-06,3.46e-06,22.367927627815533,target,3417559607.0,18
PEPE,1788407820000,1788407880000,3.45e-06,3.46e-06,22.37279540611698,target,3418303347.0,18
PEPE,1788409020000,1788409080000,3.44e-06,3.45e-06,22.419305457946084,target,3420183899.0,18
PEPE,1788409620000,1788409680000,3.44e-06,3.45e-06,22.424193488670085,target,3420929594.0,18
PEPE,1788410220000,1788410280000,3.43e-06,3.44e-06,22.470769682139938,target,3422813356.0,18
PEPE,1788410820000,1788410880000,3.44e-06,3.45e-06,22.43398184074482,target,3422422859.0,18
PEPE,1788412020000,1788412080000,3.45e-06,3.46e-06,22.39719550645441,target,3422031399.0,18
PEPE,1788412680000,1788412920000,3.45e-06,3.41e-06,-154.48699981512158,stop,3422776112.0,18
PEPE,1788414720000,1788414780000,3.44e-06,3.45e-06,22.410073822022188,target,3418775564.0,18
PEPE,1788415320000,1788415380000,3.45e-06,3.46e-06,22.37332668994576,target,3418384521.0,18
PEPE,1788416700000,1788416760000,3.45e-06,3.46e-06,22.378195639800346,target,3419128440.0,18
PEPE,1788480120000,1788480180000,3.7e-06,3.71e-06,21.350707126546485,target,3391692951.0,18
PEPE,1788480720000,1788480780000,3.6900000000000002e-06,3.7e-06,21.396115309465763,target,3393515513.0,18
PEPE,1788481560000,1788481620000,3.6900000000000002e-06,3.7e-06,21.40056535955072,target,3394221310.0,18
PEPE,1788482220000,1788482280000,3.7e-06,3.71e-06,21.36402320443556,target,3393808293.0,18
PEPE,1788482820000,1788482880000,3.6900000000000002e-06,3.7e-06,21.409459703254765,target,3395631991.0,18
PEPE,1788486720000,1788486780000,3.65e-06,3.66e-06,21.57822398443402,target,3400823323.0,18
PEPE,1788487320000,1788488220000,3.66e-06,3.67e-06,21.541619193080766,target,3400413448.0,18
PEPE,1788489480000,1788489540000,3.65e-06,3.66e-06,21.5872610346906,target,3402247602.0,18
PEPE,1788490620000,1788490680000,3.6800000000000003e-06,3.6900000000000002e-06,21.468433577686863,target,3399593599.0,18
PEPE,1788491820000,1788491880000,3.67e-06,3.68e-06,21.51400588920173,target,3401423856.0,18
PEPE,1788493020000,1788493080000,3.66e-06,3.67e-06,21.5596319990436,target,3403256827.0,18
PEPE,1788493620000,1788493680000,3.66e-06,3.67e-06,21.564141853871295,target,3403968722.0,18
PEPE,1788494220000,1788494280000,3.66e-06,3.67e-06,21.568652646275495,target,3404680765.0,18
PEPE,1788494820000,1788494880000,3.66e-06,3.67e-06,21.57316438892891,target,3405392958.0,18
PEPE,1788496020000,1788496080000,3.6800000000000003e-06,3.6900000000000002e-06,21.49536660432157,target,3403858528.0,18
PEPE,1788496740000,1788496800000,3.67e-06,3.68e-06,21.54099609365024,target,3405691082.0,18
PEPE,1788497460000,1788497520000,3.65e-06,3.66e-06,21.6278926190544,target,3408651319.0,18
PEPE,1788499620000,1788499680000,3.66e-06,3.67e-06,21.591203567501935,target,3408240500.0,18
PEPE,1788500820000,1788500880000,3.6400000000000003e-06,3.65e-06,21.678208143589714,target,3411205058.0,18
PEPE,1788502500000,1788502560000,3.63e-06,3.64e-06,21.724053727960072,target,3413048504.0,18
PEPE,1788503820000,1788503940000,3.62e-06,3.63e-06,21.76995361050095,target,3414894684.0,18
PEPE,1788505680000,1788505740000,3.6400000000000003e-06,3.65e-06,21.691892968815758,target,3413358453.0,18
PEPE,1788506220000,1788506280000,3.6400000000000003e-06,3.65e-06,21.696447819740833,target,3414075188.0,18
PEPE,1788506820000,1788506880000,3.6400000000000003e-06,3.65e-06,21.701003630270325,target,3414792074.0,18
PEPE,1788567180000,1788567240000,3.5100000000000003e-06,3.52e-06,22.24508055727489,target,3430236015.0,18
PEPE,1788567720000,1788567780000,3.5100000000000003e-06,3.52e-06,22.24986767403037,target,3430974198.0,18
PEPE,1788568320000,1788568380000,3.5100000000000003e-06,3.52e-06,22.254655815415685,target,3431712539.0,18
PEPE,1788570420000,1788570480000,3.49e-06,3.5e-06,22.342915182836144,target,3434729467.0,18
PEPE,1788571620000,1788571680000,3.5000000000000004e-06,3.5100000000000003e-06,22.305983417248896,target,3434331550.0,18
PEPE,1788572220000,1788572280000,3.49e-06,3.5e-06,22.352559599916965,target,3436212083.0,18
PEPE,1788572820000,1788572880000,3.49e-06,3.5e-06,22.35738787762067,target,3436954324.0,18
PEPE,1788573420000,1788573480000,3.49e-06,3.5e-06,22.362217202629083,target,3437696726.0,18
PEPE,1788574920000,1788574980000,3.48e-06,3.49e-06,22.40886935501944,target,3439580868.0,18
PEPE,1788575520000,1788575640000,3.48e-06,3.44e-06,-155.43389375585923,stop,3440325227.0,18
PEPE,1788576120000,1788576180000,3.4600000000000003e-06,3.4700000000000002e-06,22.46370084002959,target,3437444658.0,18
PEPE,1788577920000,1788577980000,3.45e-06,3.46e-06,22.510440833650602,target,3439333970.0,18
PEPE,1788578820000,1788578880000,3.4600000000000003e-06,3.4700000000000002e-06,22.47347004420614,target,3438939563.0,18
PEPE,1788579420000,1788579480000,3.45e-06,3.46e-06,22.5202303603201,target,3440829696.0,18
PEPE,1788580140000,1788580200000,3.45e-06,3.46e-06,22.525131275956216,target,3441578499.0,18
PEPE,1788580620000,1788580680000,3.4600000000000003e-06,3.4700000000000002e-06,22.48813636172386,target,3441183835.0,18
PEPE,1788581220000,1788581280000,3.4600000000000003e-06,3.4700000000000002e-06,22.493021195803763,target,3441931323.0,18
PEPE,1788581820000,1788581880000,3.45e-06,3.46e-06,22.539822189500732,target,3443823100.0,18
PEPE,1788582480000,1788582540000,3.4700000000000002e-06,3.48e-06,22.460906773575893,target,3442284563.0,18
PEPE,1788583020000,1788583080000,3.4700000000000002e-06,3.48e-06,22.46577660292539,target,3443030897.0,18
PEPE,1788583620000,1788583680000,3.48e-06,3.49e-06,22.42876077711558,target,3442634041.0,18
PEPE,1788584400000,1788584460000,3.4700000000000002e-06,3.48e-06,22.475510356500546,target,3444522660.0,18
PEPE,1788584820000,1788584880000,3.4700000000000002e-06,3.48e-06,22.480383356998686,target,3445269480.0,18
PEPE,1788586920000,1788586980000,3.4700000000000002e-06,3.48e-06,22.485257414550006,target,3446016462.0,18
PEPE,1788653220000,1788653280000,3.6000000000000003e-06,3.61e-06,21.947295757151227,target,3431946170.0,18
PEPE,1788654420000,1788654480000,3.61e-06,3.62e-06,21.91036716097684,target,3431537535.0,18
PEPE,1788655020000,1788655080000,3.62e-06,3.63e-06,21.873440681250816,target,3431127950.0,18
PEPE,1788655680000,1788655740000,3.61e-06,3.62e-06,21.91961342632982,target,3432985658.0,18
PEPE,1788656220000,1788656280000,3.61e-06,3.62e-06,21.924242404475894,target,3433710635.0,18
PEPE,1788657420000,1788657480000,3.63e-06,3.64e-06,21.845740186226116,target,3432166565.0,18
PEPE,1788658020000,1788658080000,3.63e-06,3.64e-06,21.850336079031596,target,3432888622.0,18
PEPE,1788659220000,1788659280000,3.63e-06,3.64e-06,21.85493293931455,target,3433610831.0,18
PEPE,1788660420000,1788660480000,3.6400000000000003e-06,3.65e-06,21.817979645000868,target,3433199000.0,18
PEPE,1788661020000,1788661080000,3.6400000000000003e-06,3.65e-06,21.822560970857324,target,3433919901.0,18
PEPE,1788662220000,1788662280000,3.6400000000000003e-06,3.65e-06,21.827143256314557,target,3434640953.0,18
PEPE,1788664620000,1788664680000,3.66e-06,3.67e-06,21.7486542403196,target,3433094592.0,18
PEPE,1788666420000,1788667500000,3.6800000000000003e-06,3.6400000000000003e-06,-156.06678848640064,stop,3431547680.0,18
PEPE,1788671220000,1788671280000,3.63e-06,3.64e-06,21.84504605114915,target,3432057510.0,18
PEPE,1788672780000,1788672840000,3.63e-06,3.64e-06,21.849641797561556,target,3432779544.0,18
PEPE,1788673380000,1788673440000,3.65e-06,3.66e-06,21.771183816181143,target,3431234644.0,18
PEPE,1788673920000,1788673980000,3.65e-06,3.66e-06,21.775746613544868,target,3431953761.0,18
PEPE,1788674520000,1788674580000,3.65e-06,3.66e-06,21.78031037535085,target,3432673030.0,18
PEPE,1788675120000,1788675180000,3.6400000000000003e-06,3.65e-06,21.826414827151115,target,3434526330.0,18
PEPE,1788676620000,1788676680000,3.6400000000000003e-06,3.65e-06,21.83099792605111,target,3435247510.0,18
PEPE,1788677220000,1788677280000,3.6400000000000003e-06,3.65e-06,21.83558198455552,target,3435968841.0,18
PEPE,1788677820000,1788677880000,3.63e-06,3.64e-06,21.88176038318476,target,3437825669.0,18
PEPE,1788678420000,1788678480000,3.6400000000000003e-06,3.65e-06,21.844761731213588,target,3437413333.0,18
PEPE,1788679320000,1788679380000,3.62e-06,3.63e-06,21.93259790812491,target,3440407515.0,18
PEPE,1788739920000,1788739980000,3.65e-06,3.66e-06,21.81236192077563,target,3437724495.0,18
PEPE,1788741120000,1788741180000,3.66e-06,3.67e-06,21.775359945955817,target,3437310173.0,18
PEPE,1788747720000,1788747780000,3.5900000000000004e-06,3.6000000000000003e-06,22.07156738472048,target,3445990224.0,18
PEPE,1788749520000,1788749940000,3.6400000000000003e-06,3.6000000000000003e-06,-156.2915506243218,stop,3441029296.0,18
PEPE,1788750420000,1788750480000,3.61e-06,3.62e-06,21.959755812784508,target,3439272641.0,18
PEPE,1788751920000,1788751980000,3.58e-06,3.59e-06,22.089500181330365,target,3443413902.0,18
PEPE,1788753720000,1788753840000,3.57e-06,3.58e-06,22.135958001101297,target,3445285292.0,18
PEPE,1788754320000,1788754500000,3.58e-06,3.59e-06,22.09889290886223,target,3444878084.0,18
PEPE,1788754920000,1788754980000,3.58e-06,3.59e-06,22.103586328140654,target,3445609716.0,18
PEPE,1788755520000,1788755580000,3.58e-06,3.59e-06,22.108280754575546,target,3446341505.0,18
PEPE,1788757320000,1788757380000,3.5900000000000004e-06,3.6000000000000003e-06,22.071201928230987,target,3445933166.0,18
PEPE,1788757980000,1788758040000,3.6000000000000003e-06,3.61e-06,22.03412514865106,target,3445523870.0,18
PEPE,1788760380000,1788760440000,3.6000000000000003e-06,3.61e-06,22.038787142019586,target,3446252876.0,18
PEPE,1788761220000,1788761280000,3.6000000000000003e-06,3.61e-06,22.043450126613877,target,3446982037.0,18
PEPE,1788761940000,1788762000000,3.61e-06,3.62e-06,22.006359742620777,target,3446571612.0,18
PEPE,1788763140000,1788763200000,3.5900000000000004e-06,3.6000000000000003e-06,22.09456100806484,target,3449580173.0,18
PEPE,1788764280000,1788764340000,3.5900000000000004e-06,3.6000000000000003e-06,22.09924464509978,target,3450311420.0,18
PEPE,1788766080000,1788766140000,3.58e-06,3.59e-06,22.14576546634089,target,3452184796.0,18
PEPE,1788768480000,1788768540000,3.5600000000000002e-06,3.57e-06,22.234242122234804,target,3455204681.0,18
PEPE,1788769020000,1788769080000,3.57e-06,3.58e-06,22.197072716751492,target,3454797310.0,18
PEPE,1788769620000,1788769680000,3.58e-06,3.59e-06,22.15990528745696,target,3454388977.0,18
PEPE,1788770220000,1788770280000,3.58e-06,3.59e-06,22.16461167144933,target,3455122630.0,18
PEPE,1788770820000,1788770880000,3.5900000000000004e-06,3.6000000000000003e-06,22.127438372656925,target,3454713251.0,18
PEPE,1788771420000,1788771480000,3.58e-06,3.59e-06,22.174018537640862,target,3456589016.0,18
PEPE,1788825720000,1788825780000,3.62e-06,3.63e-06,22.011300247500635,target,3452752980.0,18
PEPE,1788826320000,1788826380000,3.61e-06,3.62e-06,22.057763998459286,target,3454622396.0,18
PEPE,1788826980000,1788827100000,3.61e-06,3.62e-06,22.062422156054396,target,3455351943.0,18
PEPE,1788827940000,1788828000000,3.62e-06,3.63e-06,22.025239408125756,target,3454939515.0,18
PEPE,1788828420000,1788828540000,3.63e-06,3.64e-06,21.988058823816278,target,3454526131.0,18
PEPE,1788829020000,1788829200000,3.6400000000000003e-06,3.65e-06,21.950880431805047,target,3454111791.0,18
PEPE,1788829620000,1788829680000,3.63e-06,3.64e-06,21.99730266875875,target,3455978424.0,18
PEPE,1788830220000,1788830280000,3.63e-06,3.64e-06,22.001930450214566,target,3456705491.0,18
PEPE,1788831480000,1788831540000,3.6400000000000003e-06,3.65e-06,21.964728599596327,target,3456290889.0,18
PEPE,1788832020000,1788832080000,3.6400000000000003e-06,3.65e-06,21.969340740843105,target,3457016639.0,18
PEPE,1788832620000,1788832680000,3.6400000000000003e-06,3.65e-06,21.973953854408833,target,3457742542.0,18
PEPE,1788833220000,1788833280000,3.65e-06,3.66e-06,21.93673861579546,target,3457326811.0,18
PEPE,1788834420000,1788834480000,3.66e-06,3.67e-06,21.899525648210435,target,3456910126.0,18
PEPE,1788835320000,1788835380000,3.63e-06,3.64e-06,22.029647129141022,target,3461060036.0,18
PEPE,1788839220000,1788840120000,3.61e-06,3.62e-06,22.118131370446473,target,3464076957.0,18
PEPE,1788840420000,1788840480000,3.6000000000000003e-06,3.61e-06,22.16477756304639,target,3465954271.0,18
PEPE,1788841320000,1788841380000,3.6000000000000003e-06,3.61e-06,22.169467195605417,target,3466687599.0,18
PEPE,1788841920000,1788841980000,3.5900000000000004e-06,3.6000000000000003e-06,22.216178654880125,target,3468568096.0,18
PEPE,1788843240000,1788843300000,3.5900000000000004e-06,3.6000000000000003e-06,22.220888078445732,target,3469303369.0,18
PEPE,1788844920000,1788844980000,3.62e-06,3.63e-06,22.099565909249662,target,3466598574.0,18
PEPE,1788845640000,1788847140000,3.62e-06,3.58e-06,-157.3820752021816,stop,3467329262.0,18
PEPE,1788847920000,1788848100000,3.5900000000000004e-06,3.6000000000000003e-06,22.19692110006047,target,3465561452.0,18
PEPE,1788850920000,1788850980000,3.58e-06,3.59e-06,22.243647531405394,target,3467443107.0,18
PEPE,1788853320000,1788853860000,3.62e-06,3.58e-06,-157.21257823013852,stop,3463595026.0,18
PEPE,1788912720000,1788912780000,3.6800000000000003e-06,3.6900000000000002e-06,21.79655872322911,target,3451553242.0,18
PEPE,1788913320000,1788913620000,3.7300000000000003e-06,3.6900000000000002e-06,-157.0093526017797,stop,3446588796.0,18
PEPE,1788913920000,1788913980000,3.6900000000000002e-06,3.7e-06,21.726746016496016,target,3445954959.0,18
PEPE,1788914520000,1788914580000,3.6900000000000002e-06,3.7e-06,21.73126482890954,target,3446671662.0,18
PEPE,1788915420000,1788915480000,3.6900000000000002e-06,3.7e-06,21.735784580769938,target,3447388514.0,18
PEPE,1788916020000,1788916260000,3.6800000000000003e-06,3.6900000000000002e-06,21.781967985196474,target,3449242753.0,18
PEPE,1788919920000,1788920280000,3.65e-06,3.61e-06,-156.90424969401158,stop,3453378446.0,18
PEPE,1788920820000,1788920880000,3.63e-06,3.64e-06,21.962267525565437,target,3450474081.0,18
PEPE,1788921420000,1788921480000,3.63e-06,3.64e-06,21.96688793635119,target,3451199990.0,18
PEPE,1788922020000,1788922080000,3.6400000000000003e-06,3.65e-06,21.92974534139492,target,3450786049.0,18
PEPE,1788922620000,1788922680000,3.6400000000000003e-06,3.65e-06,21.934350136266005,target,3451510643.0,18
PEPE,1788923280000,1788923460000,3.6400000000000003e-06,3.65e-06,21.938955897096047,target,3452235389.0,18
PEPE,1788923820000,1788923880000,3.63e-06,3.64e-06,21.985352915919997,target,3454101008.0,18
PEPE,1788924420000,1788924480000,3.63e-06,3.64e-06,21.989978183199014,target,3454827680.0,18
PEPE,1788925020000,1788925080000,3.6400000000000003e-06,3.65e-06,21.952796546920908,target,3454413304.0,18
PEPE,1788925620000,1788925680000,3.6400000000000003e-06,3.65e-06,21.957406177944947,target,3455138659.0,18
PEPE,1788926220000,1788926280000,3.6400000000000003e-06,3.65e-06,21.962016781284294,target,3455864167.0,18
PEPE,1788926820000,1788926880000,3.6800000000000003e-06,3.6900000000000002e-06,21.799567448145375,target,3452029683.0,18
PEPE,1788927420000,1788927480000,3.66e-06,3.67e-06,21.88760281077979,target,3455028068.0,18
PEPE,1788928260000,1788928320000,3.6800000000000003e-06,3.6900000000000002e-06,21.808671088995517,target,3453471273.0,18
PEPE,1788928620000,1788928680000,3.6900000000000002e-06,3.7e-06,21.771493156336287,target,3453052047.0,18
PEPE,1788929880000,1788929940000,3.7200000000000004e-06,3.7300000000000003e-06,21.65099274774981,target,3450357410.0,18
PEPE,1788930420000,1788930480000,3.7e-06,3.71e-06,21.73881206280023,target,3453345840.0,18
PEPE,1788932520000,1788932580000,3.6800000000000003e-06,3.6900000000000002e-06,21.8267941096514,target,3456341110.0,18
PEPE,1788998520000,1788998580000,3.4700000000000002e-06,3.48e-06,22.71464973382487,target,3481172373.0,18
PEPE,1788999180000,1788999240000,3.4700000000000002e-06,3.48e-06,22.719574588499675,target,3481927140.0,18
PEPE,1788999720000,1788999780000,3.4600000000000003e-06,3.4700000000000002e-06,22.766888564245388,target,3483839107.0,18
PEPE,1789000320000,1789000380000,3.4600000000000003e-06,3.4700000000000002e-06,22.77183394510003,target,3484595860.0,18
PEPE,1789001820000,1789001880000,3.45e-06,3.46e-06,22.819215064415303,target,3486511087.0,18
PEPE,1789002420000,1789002480000,3.4700000000000002e-06,3.48e-06,22.739321443949684,target,3484953478.0,18
PEPE,1789003020000,1789003080000,3.4700000000000002e-06,3.48e-06,22.744251642601135,target,3485709064.0,18
PEPE,1789003620000,1789003680000,3.4600000000000003e-06,3.4700000000000002e-06,22.791617010779145,target,3487623108.0,18
PEPE,1789005720000,1789005780000,3.44e-06,3.45e-06,22.881539057176074,target,3490700085.0,18
PEPE,1789006920000,1789006980000,3.44e-06,3.45e-06,22.886527871024335,target,3491461155.0,18
PEPE,1789008120000,1789008180000,3.4600000000000003e-06,3.4700000000000002e-06,22.806509419695235,target,3489901977.0,18
PEPE,1789008720000,1789008780000,3.4700000000000002e-06,3.48e-06,22.768992354600105,target,3489500744.0,18
PEPE,1789009320000,1789009380000,3.4700000000000002e-06,3.48e-06,22.773928986901083,target,3490257316.0,18
PEPE,1789009920000,1789009980000,3.4700000000000002e-06,3.48e-06,22.778866689299853,target,3491014052.0,18
PEPE,1789010520000,1789010580000,3.4700000000000002e-06,3.48e-06,22.783805461801865,target,3491770952.0,18
PEPE,1789011720000,1789011780000,3.4600000000000003e-06,3.4700000000000002e-06,22.831253197341162,target,3493688324.0,18
PEPE,1789012320000,1789012380000,3.4600000000000003e-06,3.4700000000000002e-06,22.836212563095703,target,3494447217.0,18
PEPE,1789012920000,1789012980000,3.4600000000000003e-06,3.4700000000000002e-06,22.841173000590217,target,3495206274.0,18
PEPE,1789013580000,1789013640000,3.4700000000000002e-06,3.48e-06,22.80359891880233,target,3494804432.0,18
PEPE,1789014120000,1789014540000,3.4700000000000002e-06,3.48e-06,22.808543054848805,target,3495562154.0,18
PEPE,1789015020000,1789015440000,3.4700000000000002e-06,3.48e-06,22.813488261000344,target,3496320040.0,18
PEPE,1789015920000,1789015980000,3.4600000000000003e-06,3.4700000000000002e-06,22.860997811849785,target,3498239910.0,18
PEPE,1789016520000,1789016580000,3.4600000000000003e-06,3.4700000000000002e-06,22.86596364071978,target,3498999792.0,18
PEPE,1789017120000,1789017180000,3.4600000000000003e-06,3.4700000000000002e-06,22.870930541329745,target,3499759838.0,18
PEPE,1789085220000,1789085280000,3.2400000000000003e-06,3.2500000000000002e-06,22.61839859236973,target,3348393574.0,19
PEPE,1789085940000,1789086000000,3.2500000000000002e-06,3.26e-06,22.58246528407611,target,3348030435.0,19
PEPE,1789086420000,1789086480000,3.2500000000000002e-06,3.26e-06,22.58756380934171,target,3348786332.0,19
PEPE,1789087020000,1789087080000,3.2500000000000002e-06,3.26e-06,22.592663481256313,target,3349542399.0,19
PEPE,1789087620000,1789087680000,3.2500000000000002e-06,3.26e-06,22.59776430656409,target,3350298637.0,19
PEPE,1789088820000,1789088880000,3.27e-06,3.28e-06,22.520776080075034,target,3348814287.0,19
PEPE,1789089420000,1789089480000,3.26e-06,3.27e-06,22.566882817919947,target,3350687872.0,19
PEPE,1789090020000,1789090080000,3.26e-06,3.27e-06,22.57196856459068,target,3351442994.0,19
PEPE,1789090620000,1789090680000,3.27e-06,3.28e-06,22.53599635562643,target,3351077525.0,19
PEPE,1789091220000,1789091280000,3.26e-06,3.27e-06,22.58213425236172,target,3352952376.0,19
PEPE,1789092420000,1789092540000,3.2800000000000004e-06,3.2900000000000003e-06,22.505095707588865,target,3351466226.0,19
PEPE,1789093020000,1789093080000,3.2800000000000004e-06,3.2900000000000003e-06,22.51014909427023,target,3352218778.0,19
PEPE,1789093620000,1789093740000,3.27e-06,3.28e-06,22.55627219027348,target,3354092519.0,19
PEPE,1789094520000,1789094580000,3.27e-06,3.28e-06,22.56134630364998,target,3354847034.0,19
PEPE,1789095120000,1789095180000,3.2800000000000004e-06,3.2900000000000003e-06,22.525334502708972,target,3354480194.0,19
PEPE,1789095720000,1789095780000,3.2800000000000004e-06,3.2900000000000003e-06,22.530392435445247,target,3355233423.0,19
PEPE,1789096320000,1789096380000,3.27e-06,3.28e-06,22.576557009524723,target,3357108849.0,19
PEPE,1789097520000,1789097880000,3.2800000000000004e-06,3.2900000000000003e-06,22.540520931829732,target,3356741762.0,19
PEPE,1789098420000,1789098480000,3.2800000000000004e-06,3.2900000000000003e-06,22.545582269070312,target,3357495498.0,19
PEPE,1789100220000,1789100280000,3.2900000000000003e-06,3.3e-06,22.50953900914355,target,3357127369.0,19
PEPE,1789100940000,1789101000000,3.31e-06,3.32e-06,22.432436647390603,target,3355637494.0,19
PEPE,1789101420000,1789101480000,3.3e-06,3.31e-06,22.478515403890903,target,3357507902.0,19
PEPE,1789102080000,1789102140000,3.31e-06,3.32e-06,22.44246602587655,target,3357137775.0,19
PEPE,1789103220000,1789103280000,3.3e-06,3.31e-06,22.488565382206,target,3359009019.0,19
PEPE,1789171920000,1789171980000,3.2900000000000003e-06,3.3e-06,22.534720890481577,target,3360883056.0,19
PEPE,1789172820000,1789172880000,3.3e-06,3.31e-06,22.498638250725662,target,3360513555.0,19
PEPE,1789173540000,1789173600000,3.3e-06,3.31e-06,22.503671772661107,target,3361265388.0,19
PEPE,1789174020000,1789174080000,3.3e-06,3.31e-06,22.508706426049052,target,3362017390.0,19
PEPE,1789174620000,1789174680000,3.3e-06,3.31e-06,22.513742197505728,target,3362769559.0,19
PEPE,1789175220000,1789175280000,3.3e-06,3.31e-06,22.518779100414907,target,3363521897.0,19
PEPE,1789176480000,1789176540000,3.3e-06,3.31e-06,22.523817134778405,target,3364274404.0,19
PEPE,1789177020000,1789177080000,3.3e-06,3.31e-06,22.528856287212456,target,3365027078.0,19
PEPE,1789177620000,1789177680000,3.3e-06,3.31e-06,22.53389657109719,target,3365779921.0,19
PEPE,1789178220000,1789178280000,3.3e-06,3.31e-06,22.538937986434426,target,3366532933.0,19
PEPE,1789178880000,1789178940000,3.3e-06,3.31e-06,22.5439805265341,target,3367286113.0,19
PEPE,1789180020000,1789180080000,3.31e-06,3.32e-06,22.50782615329536,target,3366914907.0,19
PEPE,1789181820000,1789181880000,3.31e-06,3.32e-06,22.512852531258723,target,3367666796.0,19
PEPE,1789182420000,1789182480000,3.32e-06,3.33e-06,22.47669110790163,target,3367294548.0,19
PEPE,1789183020000,1789183080000,3.32e-06,3.33e-06,22.48170135622449,target,3368045147.0,19
PEPE,1789183920000,1789183980000,3.32e-06,3.33e-06,22.486712712599818,target,3368795912.0,19
PEPE,1789184520000,1789184580000,3.32e-06,3.33e-06,22.491725190375018,target,3369546845.0,19
PEPE,1789185120000,1789185180000,3.32e-06,3.33e-06,22.496738789550086,target,3370297946.0,19
PEPE,1789186320000,1789186380000,3.3300000000000003e-06,3.34e-06,22.460546165990298,target,3369924406.0,19
PEPE,1789186920000,1789186980000,3.32e-06,3.33e-06,22.506760147276808,target,3371799273.0,19
PEPE,1789187580000,1789187640000,3.3300000000000003e-06,3.34e-06,22.470551404056252,target,3371425567.0,19
PEPE,1789188120000,1789188180000,3.3300000000000003e-06,3.34e-06,22.475551107151446,target,3372175710.0,19
PEPE,1789188720000,1789188780000,3.32e-06,3.33e-06,22.52179596525051,target,3374051830.0,19
PEPE,1789189320000,1789189380000,3.32e-06,3.33e-06,22.52681625944994,target,3374803934.0,19
PEPE,1789258380000,1789258440000,3.41e-06,3.42e-06,22.16146446498172,target,3365446388.0,19
PEPE,1789259580000,1789259640000,3.4200000000000003e-06,3.43e-06,22.125298568075568,target,3365064421.0,19
PEPE,1789260120000,1789260180000,3.4200000000000003e-06,3.43e-06,22.130140437525892,target,3365800827.0,19
PEPE,1789261320000,1789261380000,3.4200000000000003e-06,3.43e-06,22.13498336554933,target,3366537394.0,19
PEPE,1789261920000,1789261980000,3.4200000000000003e-06,3.43e-06,22.13982735214953,target,3367274122.0,19
PEPE,1789262520000,1789262580000,3.4200000000000003e-06,3.43e-06,22.144672403900167,target,3368011012.0,19
PEPE,1789263720000,1789263780000,3.44e-06,3.45e-06,22.067461270665195,target,3366508203.0,19
PEPE,1789264320000,1789264380000,3.44e-06,3.45e-06,22.072272594780962,target,3367242196.0,19
PEPE,1789264920000,1789264980000,3.44e-06,3.45e-06,22.07708496114088,target,3367976348.0,19
PEPE,1789265520000,1789265580000,3.43e-06,3.44e-06,22.122940186750363,target,3369830950.0,19
PEPE,1789266120000,1789266720000,3.44e-06,3.45e-06,22.086721800944566,target,3369446499.0,19
PEPE,1789267020000,1789267080000,3.44e-06,3.45e-06,22.091537320260716,target,3370181132.0,19
PEPE,1789267620000,1789267680000,3.44e-06,3.45e-06,22.096353888375596,target,3370915925.0,19
PEPE,1789268220000,1789268280000,3.43e-06,3.44e-06,22.142249138491287,target,3372772146.0,19
PEPE,1789268820000,1789269540000,3.44e-06,3.45e-06,22.105999138245615,target,3372387359.0,19
PEPE,1789270020000,1789270080000,3.4600000000000003e-06,3.4700000000000002e-06,22.028709661459906,target,3370881356.0,19
PEPE,1789270620000,1789270680000,3.44e-06,3.45e-06,22.11562173403503,target,3373855337.0,19
PEPE,1789271220000,1789271280000,3.44e-06,3.45e-06,22.120443552705424,target,3374590931.0,19
PEPE,1789272120000,1789272180000,3.44e-06,3.45e-06,22.125266426730953,target,3375326686.0,19
PEPE,1789272720000,1789272780000,3.45e-06,3.46e-06,22.088986312086483,target,3374940613.0,19
PEPE,1789273320000,1789273380000,3.44e-06,3.45e-06,22.134906367050576,target,3376797310.0,19
PEPE,1789273920000,1789273980000,3.45e-06,3.46e-06,22.09861044006054,target,3376411068.0,19
PEPE,1789274520000,1789274580000,3.44e-06,3.45e-06,22.144550502570578,target,3378268574.0,19
PEPE,1789275120000,1789275180000,3.44e-06,3.45e-06,22.149378633704384,target,3379005131.0,19
PEPE,1789344420000,1789344480000,3.3700000000000003e-06,3.3800000000000002e-06,22.44301750650123,target,3387625284.0,19
PEPE,1789345020000,1789345080000,3.3700000000000003e-06,3.3800000000000002e-06,22.447974503749712,target,3388373510.0,19
PEPE,1789346520000,1789346580000,3.36e-06,3.37e-06,22.494319412445243,target,3390251607.0,19
PEPE,1789347120000,1789347180000,3.3700000000000003e-06,3.3800000000000002e-06,22.457900913501582,target,3389871836.0,19
PEPE,1789347780000,1789347840000,3.3700000000000003e-06,3.3800000000000002e-06,22.46286119012497,target,3390620557.0,19
PEPE,1789348320000,1789348380000,3.3800000000000002e-06,3.39e-06,22.426435880100783,target,3390239740.0,19
PEPE,1789348920000,1789348980000,3.36e-06,3.37e-06,22.514199298969736,target,3393247822.0,19
PEPE,1789349580000,1789350060000,3.3700000000000003e-06,3.3800000000000002e-06,22.47774861187657,target,3392867715.0,19
PEPE,1789350420000,1789350480000,3.36e-06,3.37e-06,22.524154990405933,target,3394748303.0,19
PEPE,1789351020000,1789351080000,3.3800000000000002e-06,3.39e-06,22.44626491148891,target,3393237326.0,19
PEPE,1789351620000,1789351680000,3.39e-06,3.4e-06,22.409808675260393,target,3392855212.0,19
PEPE,1789352280000,1789352340000,3.4200000000000003e-06,3.43e-06,22.29066365130047,target,3390215004.0,19
PEPE,1789352820000,1789352880000,3.45e-06,3.46e-06,22.17168556795348,target,3387576099.0,19
PEPE,1789353480000,1789353540000,3.43e-06,3.44e-06,22.259071902014334,target,3390566931.0,19
PEPE,1789354140000,1789354200000,3.44e-06,3.45e-06,22.22263064071436,target,3390180113.0,19
PEPE,1789355220000,1789355280000,3.43e-06,3.44e-06,22.2687881742303,target,3392046942.0,19
PEPE,1789355820000,1789355880000,3.44e-06,3.45e-06,22.232331011579948,target,3391659956.0,19
PEPE,1789356420000,1789356480000,3.43e-06,3.44e-06,22.27850868743467,target,3393527599.0,19
PEPE,1789357020000,1789357080000,3.43e-06,3.44e-06,22.283375052769067,target,3394268858.0,19
PEPE,1789357620000,1789357680000,3.43e-06,3.44e-06,22.288242481634448,target,3395010279.0,19
PEPE,1789358280000,1789358340000,3.43e-06,3.44e-06,22.293110967463956,target,3395751861.0,19
PEPE,1789359420000,1789359480000,3.44e-06,3.45e-06,22.256613982861914,target,3395364452.0,19
PEPE,1789360020000,1789360080000,3.44e-06,3.45e-06,22.26146654447922,target,3396104736.0,19
PEPE,1789361220000,1789361280000,3.44e-06,3.45e-06,22.26632016800988,target,3396845182.0,19
PEPE,1789430880000,1789430940000,3.44e-06,3.45e-06,22.27117484033927,target,3397585788.0,19
PEPE,1789431420000,1789431480000,3.45e-06,3.46e-06,22.23465547110524,target,3397197169.0,19
PEPE,1789432020000,1789432080000,3.45e-06,3.46e-06,22.239494241966568,target,3397936477.0,19
PEPE,1789432620000,1789432680000,3.45e-06,3.46e-06,22.244334066570396,target,3398675946.0,19
PEPE,1789433220000,1789433400000,3.45e-06,3.46e-06,22.249174944920366,target,3399415576.0,19
PEPE,1789433820000,1789433880000,3.45e-06,3.46e-06,22.25401687046871,target,3400155366.0,19
PEPE,1789434480000,1789434540000,3.44e-06,3.45e-06,22.30028000392468,target,3402025935.0,19
PEPE,1789435140000,1789435200000,3.44e-06,3.45e-06,22.305142083403748,target,3402767671.0,19
PEPE,1789435620000,1789435920000,3.4600000000000003e-06,3.4700000000000002e-06,22.227156340034586,target,3401248101.0,19
PEPE,1789436280000,1789436340000,3.45e-06,3.46e-06,22.273404155311372,target,3403117518.0,19
PEPE,1789436820000,1789436880000,3.45e-06,3.46e-06,22.2782513561309,target,3403858114.0,19
PEPE,1789437420000,1789437480000,3.4600000000000003e-06,3.4700000000000002e-06,22.241661909623872,target,3403467775.0,19
PEPE,1789438020000,1789438320000,3.4600000000000003e-06,3.4700000000000002e-06,22.24649320244996,target,3404207070.0,19
PEPE,1789439820000,1789439880000,3.4600000000000003e-06,3.4700000000000002e-06,22.25132554741138,target,3404946526.0,19
PEPE,1789440420000,1789440480000,3.4600000000000003e-06,3.4700000000000002e-06,22.25615893797082,target,3405686142.0,19
PEPE,1789441020000,1789441080000,3.4700000000000002e-06,3.48e-06,22.219547212800375,target,3405294592.0,19
PEPE,1789441680000,1789441740000,3.4600000000000003e-06,3.4700000000000002e-06,22.265819876800116,target,3407164480.0,19
PEPE,1789442520000,1789442580000,3.45e-06,3.46e-06,22.312148133659846,target,3409037148.0,19
PEPE,1789444020000,1789444080000,3.4600000000000003e-06,3.4700000000000002e-06,22.275503021561846,target,3408646216.0,19
PEPE,1789444620000,1789444680000,3.45e-06,3.46e-06,22.321851429955526,target,3410519699.0,19
PEPE,1789445220000,1789445280000,3.4600000000000003e-06,3.4700000000000002e-06,22.28519037485943,target,3410128596.0,19
PEPE,1789445820000,1789445880000,3.45e-06,3.46e-06,22.33155894122849,target,3412002894.0,19
PEPE,1789446420000,1789446480000,3.44e-06,3.45e-06,22.377983268901772,target,3413879980.0,19
PEPE,1789447920000,1789447980000,3.45e-06,3.46e-06,22.3412887578636,target,3413489497.0,19
PEPE,1789517820000,1789517880000,3.39e-06,3.4e-06,22.59606163037185,target,3421053994.0,19
PEPE,1789518420000,1789518480000,3.39e-06,3.4e-06,22.601034046100263,target,3421806820.0,19
PEPE,1789519020000,1789519080000,3.3800000000000002e-06,3.39e-06,22.64777486496001,target,3423699904.0,19
PEPE,1789519980000,1789520040000,3.3800000000000002e-06,3.39e-06,22.652767866960883,target,3424454704.0,19
PEPE,1789521120000,1789521180000,3.3700000000000003e-06,3.3800000000000002e-06,22.69957555387607,target,3426351027.0,19
PEPE,1789521720000,1789521780000,3.3700000000000003e-06,3.3800000000000002e-06,22.704589214751614,target,3427107806.0,19
PEPE,1789524420000,1789524480000,3.34e-06,3.35e-06,22.835267579465267,target,3431294903.0,19
PEPE,1789525380000,1789525440000,3.36e-06,3.37e-06,22.756516843915808,target,3429768929.0,19
PEPE,1789526700000,1789526760000,3.3700000000000003e-06,3.3800000000000002e-06,22.719673842875117,target,3429384731.0,19
PEPE,1789527120000,1789527180000,3.3700000000000003e-06,3.3800000000000002e-06,22.724691935875708,target,3430142179.0,19
PEPE,1789528920000,1789528980000,3.39e-06,3.4e-06,22.646000846470187,target,3428614814.0,19
PEPE,1789529640000,1789529700000,3.3800000000000002e-06,3.39e-06,22.69283466397436,target,3430511665.0,19
PEPE,1789530180000,1789530240000,3.3800000000000002e-06,3.39e-06,22.69783760170615,target,3431267967.0,19
PEPE,1789530720000,1789530780000,3.3800000000000002e-06,3.39e-06,22.702841637524564,target,3432024435.0,19
PEPE,1789531320000,1789531380000,3.3800000000000002e-06,3.39e-06,22.707846784666064,target,3432781071.0,19
PEPE,1789531980000,1789532040000,3.39e-06,3.4e-06,22.6709656989198,target,3432394504.0,19
PEPE,1789533900000,1789533960000,3.4e-06,3.41e-06,22.634085934176507,target,3432006965.0,19
PEPE,1789534320000,1789535040000,3.4e-06,3.36e-06,-154.6802019634191,stop,3432760807.0,19
PEPE,1789537320000,1789537380000,3.3800000000000002e-06,3.39e-06,22.68873982682911,target,3429892642.0,19
PEPE,1789538520000,1789538580000,3.3800000000000002e-06,3.39e-06,22.693741858305753,target,3430648807.0,19
PEPE,1789539180000,1789539240000,3.3700000000000003e-06,3.3800000000000002e-06,22.740634210001723,target,3432548560.0,19
PEPE,1789539840000,1789539900000,3.3700000000000003e-06,3.3800000000000002e-06,22.745656933875317,target,3433306707.0,19
PEPE,1789540320000,1789540380000,3.3700000000000003e-06,3.3800000000000002e-06,22.75068077075055,target,3434065022.0,19
PEPE,1789540920000,1789540980000,3.36e-06,3.37e-06,22.797650639210254,target,3435968446.0,19
PEPE,1789603320000,1789603380000,3.4e-06,3.41e-06,22.63504602768147,target,3432152544.0,19
PEPE,1789603920000,1789603980000,3.4e-06,3.41e-06,22.640017820115474,target,3432906417.0,19
PEPE,1789604520000,1789604580000,3.41e-06,3.42e-06,22.603129765679714,target,3432517808.0,19
PEPE,1789605120000,1789605180000,3.4e-06,3.41e-06,22.64995549586554,target,3434413267.0,19
PEPE,1789605720000,1789605780000,3.4e-06,3.41e-06,22.654930566017157,target,3435167637.0,19
PEPE,1789607220000,1789607280000,3.39e-06,3.4e-06,22.701823155886455,target,3437066337.0,19
PEPE,1789607880000,1789607940000,3.39e-06,3.4e-06,22.70681884103027,target,3437822686.0,19
PEPE,1789608420000,1789608480000,3.4200000000000003e-06,3.43e-06,22.586094720449122,target,3435147486.0,19
PEPE,1789609020000,1789609080000,3.43e-06,3.44e-06,22.54917704617537,target,3434756595.0,19
PEPE,1789609860000,1789609920000,3.43e-06,3.44e-06,22.554102535901368,target,3435506860.0,19
PEPE,1789610220000,1789610280000,3.44e-06,3.45e-06,22.517178267826658,target,3435114915.0,19
PEPE,1789610820000,1789611660000,3.44e-06,3.4e-06,-155.02617763391984,stop,3435863866.0,19
PEPE,1789612140000,1789612200000,3.43e-06,3.44e-06,22.530084746000238,target,3431848400.0,19
PEPE,1789612680000,1789612740000,3.44e-06,3.45e-06,22.493199802513445,target,3431456873.0,19
PEPE,1789613220000,1789613400000,3.4600000000000003e-06,3.4700000000000002e-06,22.41455654868573,target,3429924491.0,19
PEPE,1789613820000,1789613880000,3.44e-06,3.45e-06,22.50299094702053,target,3432950564.0,19
PEPE,1789615320000,1789615380000,3.43e-06,3.44e-06,22.549730797360287,target,3434840944.0,19
PEPE,1789615920000,1789615980000,3.4600000000000003e-06,3.4700000000000002e-06,22.4292116717495,target,3432167050.0,19
PEPE,1789617180000,1789617240000,3.45e-06,3.46e-06,22.475879902244735,target,3434053461.0,19
PEPE,1789617720000,1789617780000,3.4600000000000003e-06,3.4700000000000002e-06,22.438965871564626,target,3433659659.0,19
PEPE,1789618320000,1789618380000,3.45e-06,3.46e-06,22.485654401594985,target,3435546891.0,19
PEPE,1789618920000,1789618980000,3.44e-06,3.45e-06,22.532399069596746,target,3437436929.0,19
PEPE,1789619820000,1789619880000,3.44e-06,3.45e-06,22.537311760229198,target,3438186386.0,19
PEPE,1789621020000,1789621080000,3.4600000000000003e-06,3.4700000000000002e-06,22.45851427846472,target,3436650999.0,19
PEPE,1789689720000,1789689780000,3.61e-06,3.62e-06,21.838951070060165,target,3420352556.0,19
PEPE,1789690320000,1789690380000,3.61e-06,3.62e-06,21.84356301941089,target,3421074866.0,19
PEPE,1789690920000,1789691160000,3.6000000000000003e-06,3.61e-06,21.889630155624307,target,3422928875.0,19
PEPE,1789692420000,1789692480000,3.6000000000000003e-06,3.61e-06,21.894261574499588,target,3423653100.0,19
PEPE,1789693020000,1789693080000,3.62e-06,3.63e-06,21.815977872000765,target,3422114176.0,19
PEPE,1789693620000,1789693680000,3.63e-06,3.64e-06,21.779150536434766,target,3421704719.0,19
PEPE,1789694220000,1789694280000,3.6400000000000003e-06,3.65e-06,21.742325378181334,target,3421294316.0,19
PEPE,1789695420000,1789695480000,3.6400000000000003e-06,3.65e-06,21.746890816534965,target,3422012717.0,19
PEPE,1789696020000,1789696080000,3.6400000000000003e-06,3.65e-06,21.75145722085119,target,3422731270.0,19
PEPE,1789696620000,1789696680000,3.65e-06,3.66e-06,21.714618801060617,target,3422319748.0,19
PEPE,1789697400000,1789697460000,3.6400000000000003e-06,3.65e-06,21.760584201944482,target,3424167459.0,19
PEPE,1789697820000,1789697880000,3.6400000000000003e-06,3.65e-06,21.765153478721235,target,3424886464.0,19
PEPE,1789698420000,1789698480000,3.6400000000000003e-06,3.65e-06,21.76972370874605,target,3425605619.0,19
PEPE,1789699020000,1789699080000,3.65e-06,3.66e-06,21.732854362785638,target,3425193753.0,19
PEPE,1789700400000,1789700460000,3.65e-06,3.66e-06,21.73740912738178,target,3425911604.0,19
PEPE,1789700820000,1789700880000,3.65e-06,3.66e-06,21.741964850070644,target,3426629606.0,19
PEPE,1789702020000,1789702080000,3.66e-06,3.67e-06,21.705082287700883,target,3426216620.0,19
PEPE,1789702620000,1789702680000,3.67e-06,3.68e-06,21.668202014250177,target,3425802690.0,19
PEPE,1789703220000,1789703280000,3.67e-06,3.68e-06,21.672725932549515,target,3426517934.0,19
PEPE,1789703820000,1789703880000,3.67e-06,3.68e-06,21.677250793275476,target,3427233327.0,19
PEPE,1789704420000,1789704480000,3.66e-06,3.67e-06,21.72322309867519,target,3429080205.0,19
PEPE,1789705320000,1789705380000,3.66e-06,3.67e-06,21.727767175170882,target,3429797502.0,19
PEPE,1789706220000,1789706280000,3.66e-06,3.67e-06,21.73231219557852,target,3430514948.0,19
PEPE,1789706820000,1789706880000,3.67e-06,3.68e-06,21.695385656176274,target,3430100499.0,19
PEPE,1789776420000,1789776480000,3.81e-06,3.82e-06,21.122039532450053,target,3415042770.0,19
PEPE,1789777020000,1789777080000,3.82e-06,3.83e-06,21.085250070300155,target,3414615396.0,19
PEPE,1789777620000,1789777680000,3.82e-06,3.83e-06,21.08952670857486,target,3415307969.0,19
PEPE,1789778220000,1789778280000,3.830000000000001e-06,3.8400000000000005e-06,21.052732610700208,target,3414879580.0,19
PEPE,1789778880000,1789778940000,3.82e-06,3.83e-06,21.098074267074892,target,3416692189.0,19
PEPE,1789779420000,1789779600000,3.82e-06,3.83e-06,21.102353511200743,target,3417385184.0,19
PEPE,1789784220000,1789784280000,3.7700000000000003e-06,3.7800000000000002e-06,21.312521979750958,target,3423698310.0,19
PEPE,1789784820000,1789784880000,3.7700000000000003e-06,3.7800000000000002e-06,21.316886887499454,target,3424399500.0,19
PEPE,1789785420000,1789785480000,3.7700000000000003e-06,3.7800000000000002e-06,21.321252685426025,target,3425100833.0,19
PEPE,1789786020000,1789786080000,3.7700000000000003e-06,3.7800000000000002e-06,21.32561937974927,target,3425802310.0,19
PEPE,1789786620000,1789786680000,3.76e-06,3.77e-06,21.371279721450602,target,3427631070.0,19
PEPE,1789787220000,1789787280000,3.7700000000000003e-06,3.7800000000000002e-06,21.33436390492502,target,3427207053.0,19
PEPE,1789787820000,1789789680000,3.7700000000000003e-06,3.76e-06,-53.62963569484667,time,3427908961.0,19
PEPE,1789790820000,1789790880000,3.7700000000000003e-06,3.7800000000000002e-06,21.32774968057558,target,3426144527.0,19
PEPE,1789791420000,1789791480000,3.8e-06,3.81e-06,21.20838986647465,target,3423468905.0,19
PEPE,1789792080000,1789792140000,3.79e-06,3.8e-06,21.253932150406673,target,3425291241.0,19
PEPE,1789794120000,1789794180000,3.7700000000000003e-06,3.7800000000000002e-06,21.340814187675406,target,3428243243.0,19
PEPE,1789795920000,1789795980000,3.7700000000000003e-06,3.7800000000000002e-06,21.345184890901095,target,3428945364.0,19
PEPE,1789797720000,1789797780000,3.76e-06,3.77e-06,21.390887125469746,target,3430775802.0,19
PEPE,1789799520000,1789799640000,3.76e-06,3.77e-06,21.395276559236123,target,3431479801.0,19
PEPE,1789800120000,1789800180000,3.7700000000000003e-06,3.7800000000000002e-06,21.358319298525636,target,3431055309.0,19
PEPE,1789800720000,1789800780000,3.7700000000000003e-06,3.7800000000000002e-06,21.36269358112669,target,3431758005.0,19
PEPE,1789802520000,1789802580000,3.76e-06,3.77e-06,21.408433300841025,target,3433589944.0,19
PEPE,1789803120000,1789803180000,3.75e-06,3.76e-06,21.45422659577385,target,3435424595.0,19
PEPE,1789862520000,1789862640000,4.12e-06,4.080000000000001e-06,-156.6360276133184,stop,3394799038.0,19
PEPE,1789864080000,1789864140000,4.1000000000000006e-06,4.1100000000000005e-06,19.995307657920215,target,3391909696.0,19
PEPE,1789864680000,1789864740000,4.12e-06,4.13e-06,19.9183336274997,target,3390354660.0,19
PEPE,1789865220000,1789865280000,4.12e-06,4.13e-06,19.922139828500008,target,3391002524.0,19
PEPE,1789865820000,1789865880000,4.12e-06,4.13e-06,19.925946758000798,target,3391650512.0,19
PEPE,1789870320000,1789870380000,4.06e-06,4.07e-06,20.172640784006443,target,3398928523.0,19
PEPE,1789870920000,1789871220000,4.04e-06,4.000000000000001e-06,-156.55093259598058,stop,3401802099.0,19
PEPE,1789876620000,1789876680000,4.0200000000000005e-06,4.03e-06,20.308502563925707,target,3398912563.0,19
PEPE,1789877280000,1789877340000,4.0100000000000006e-06,4.0200000000000005e-06,20.353096325521122,target,3400684432.0,19
PEPE,1789877820000,1789877880000,4e-06,4.01e-06,20.397741183435592,target,3402458913.0,19
PEPE,1789879020000,1789879080000,4e-06,4.01e-06,20.401734189155214,target,3403124969.0,19
PEPE,1789879620000,1789879680000,3.99e-06,4e-06,20.44643900207621,target,3404902415.0,19
PEPE,1789880520000,1789880580000,4e-06,4.01e-06,20.409730505999818,target,3404458800.0,19
PEPE,1789881360000,1789881420000,4e-06,4.01e-06,20.413725855765506,target,3405125247.0,19
PEPE,1789882920000,1789882980000,4.0100000000000006e-06,4.0200000000000005e-06,20.377013612445058,target,3404680637.0,19
PEPE,1789883580000,1789883640000,4.0200000000000005e-06,4.03e-06,20.34030483005149,target,3404235118.0,19
PEPE,1789884120000,1789884180000,4.0200000000000005e-06,4.03e-06,20.34427071837645,target,3404898865.0,19
PEPE,1789884720000,1789884780000,4e-06,4.01e-06,20.42967522953551,target,3407785693.0,19
PEPE,1789887420000,1789887480000,3.99e-06,4e-06,20.474441271869985,target,3409565574.0,19
PEPE,1789888020000,1789888140000,4e-06,4.01e-06,20.43768249924701,target,3409121351.0,19
PEPE,1789888620000,1789888680000,4e-06,4.01e-06,20.441683322446192,target,3409788711.0,19
PEPE,1789889220000,1789889280000,4e-06,4.01e-06,20.445684924995906,target,3410456201.0,19
PEPE,1789889820000,1789889880000,3.99e-06,4e-06,20.4904860493847,target,3412237477.0,19
PEPE,1789890420000,1789890480000,3.99e-06,4e-06,20.494505207894743,target,3412906779.0,19
PEPE,1789948920000,1789948980000,3.99e-06,4e-06,20.498525159064535,target,3413576213.0,19
PEPE,1789949520000,1789949580000,4e-06,4.01e-06,20.461723150659658,target,3413131468.0,19
PEPE,1789950720000,1789950780000,4.06e-06,4.07e-06,20.221302846085244,target,3407127691.0,19
PEPE,1789951320000,1789951380000,4.04e-06,4.05e-06,20.3065988250453,target,3410008199.0,19
PEPE,1789951920000,1789951980000,4.05e-06,4.06e-06,20.269828754379198,target,3409559084.0,19
PEPE,1789952520000,1789952580000,4.05e-06,4.06e-06,20.273757216326313,target,3410219885.0,19
PEPE,1789953120000,1789953180000,4.07e-06,4.08e-06,20.196307324200188,target,3408659464.0,19
PEPE,1789954320000,1789954380000,4.06e-06,4.07e-06,20.2408899782111,target,3410427966.0,19
PEPE,1789960020000,1789960740000,4.0200000000000005e-06,4.03e-06,20.407838474499506,target,3415537820.0,19
PEPE,1789961220000,1789961340000,4.0200000000000005e-06,4.03e-06,20.41181753172704,target,3416203771.0,19
PEPE,1789961820000,1789961880000,4.0100000000000006e-06,4.0200000000000005e-06,20.456638154189,target,3417984654.0,19
PEPE,1789962420000,1789962480000,4.0100000000000006e-06,4.0200000000000005e-06,20.46063469779113,target,3418652414.0,19
PEPE,1789966020000,1789966080000,4.0100000000000006e-06,4.0200000000000005e-06,20.46463203141059,target,3419320306.0,19
PEPE,1789966620000,1789966680000,4e-06,4.01e-06,20.509521543445906,target,3421104511.0,19
PEPE,1789967340000,1789967400000,3.99e-06,4e-06,20.554462550745882,target,3422891349.0,19
PEPE,1789969020000,1789969080000,4.0200000000000005e-06,4.03e-06,20.435771928126375,target,3420212875.0,19
PEPE,1789969620000,1789969680000,4.0100000000000006e-06,4.0200000000000005e-06,20.480645150281113,target,3421995848.0,19
PEPE,1789970820000,1789970880000,4.0100000000000006e-06,4.0200000000000005e-06,20.48464638612073,target,3422664392.0,19
PEPE,1789972680000,1789972740000,4.0200000000000005e-06,4.03e-06,20.4477437070006,target,3422216520.0,19
PEPE,1789973220000,1789973280000,4.0200000000000005e-06,4.03e-06,20.451730543674813,target,3422883773.0,19
PEPE,1789974480000,1789974540000,4.03e-06,4.04e-06,20.414824190429805,target,3422434902.0,19
PEPE,1789975620000,1789975680000,4.0100000000000006e-06,4.0200000000000005e-06,20.500627185991878,target,3425334534.0,19
PEPE,1789977120000,1789977180000,4.0100000000000006e-06,4.0200000000000005e-06,20.504632330035644,target,3426003731.0,19
PEPE,1789978440000,1789978500000,4.03e-06,4.04e-06,20.4267757360111,target,3424438514.0,19
PEPE,1790036220000,1790036280000,4.87e-06,4.88e-06,16.573976673500642,target,3233946668.0,19
PEPE,1790036820000,1790036880000,4.93e-06,4.94e-06,16.18314386705014,target,3195092570.0,19
PEPE,1790038020000,1790038080000,5.04e-06,5e-06,-148.53991908095904,stop,3125840048.0,19
PEPE,1790038620000,1790038680000,5.01e-06,4.970000000000001e-06,-149.07673886624937,stop,3140110350.0,19
PEPE,1790039520000,1790039580000,5e-06,5.01e-06,15.693881748661099,target,3141918268.0,19
PEPE,1790040420000,1790040480000,5.02e-06,5.03e-06,15.571101289850578,target,3129869606.0,19
PEPE,1790041020000,1790041080000,5.04e-06,5.05e-06,15.449258488869784,target,3117912914.0,19
PEPE,1790041620000,1790041680000,5.06e-06,5.07e-06,15.328342586550352,target,3106047130.0,19
PEPE,1790042220000,1790042280000,5.070000000000001e-06,5.0800000000000005e-06,15.269343457049182,target,3100374306.0,19
PEPE,1790042820000,1790042880000,5.04e-06,5e-06,-148.22834521967948,stop,3119283359.0,19
PEPE,1790044920000,1790044980000,5.01e-06,5.02e-06,15.620615784080437,target,3133523728.0,19
PEPE,1790046120000,1790046240000,5.05e-06,5.06e-06,15.374834360564972,target,3109167717.0,19
PEPE,1790047020000,1790047080000,5.0800000000000005e-06,5.09e-06,15.193545219880662,target,3091260472.0,19
PEPE,1790048220000,1790048280000,5.14e-06,5.15e-06,14.835030783906774,target,3055619111.0,19
PEPE,1790048820000,1790048880000,5.1600000000000006e-06,5.1700000000000005e-06,14.718740245460555,target,3044206876.0,19
PEPE,1790049420000,1790049480000,5.23e-06,5.24e-06,14.313509056405453,target,3003884377.0,19
PEPE,1790050620000,1790050680000,5.32e-06,5.28e-06,-141.5893691063393,stop,2953470361.0,19
PEPE,1790051220000,1790051280000,5.28e-06,5.29e-06,14.012144082364193,target,2971822711.0,19
PEPE,1790056380000,1790056440000,5.14e-06,5.15e-06,14.823170514113858,target,3053176213.0,19
PEPE,1790056920000,1790056980000,5.19e-06,5.150000000000001e-06,-144.38998019699986,stop,3024190600.0,19
PEPE,1790057520000,1790057580000,5.14e-06,5.15e-06,14.80481311825582,target,3049395081.0,19
PEPE,1790059920000,1790059980000,5.14e-06,5.15e-06,14.806910706441435,target,3049827128.0,19
PEPE,1790061120000,1790061180000,5.15e-06,5.16e-06,14.749809872535774,target,3044336403.0,19
PEPE,1790061720000,1790061780000,5.15e-06,5.16e-06,14.751891313606386,target,3044766009.0,19
PEPE,1790121720000,1790121780000,4.97e-06,4.98e-06,15.856309371300684,target,3155484452.0,19
PEPE,1790122920000,1790122980000,4.97e-06,4.98e-06,15.858714140325144,target,3155963013.0,19
PEPE,1790123520000,1790123580000,4.96e-06,4.97e-06,15.924725390401813,target,3162805440.0,19
PEPE,1790124180000,1790124240000,4.94e-06,4.95e-06,16.055154487575667,target,3176093865.0,19
PEPE,1790127120000,1790127420000,4.94e-06,4.9000000000000005e-06,-150.47465944952864,stop,3176581369.0,19
PEPE,1790131380000,1790131440000,4.88e-06,4.89e-06,16.42432869198059,target,3211012452.0,19
PEPE,1790131920000,1790131980000,4.88e-06,4.89e-06,16.426910979271618,target,3211517298.0,19
PEPE,1790132520000,1790132580000,4.92e-06,4.93e-06,16.168484226651564,target,3185908222.0,19
PEPE,1790133120000,1790133180000,4.9100000000000004e-06,4.92e-06,16.235849611214363,target,3192890779.0,19
PEPE,1790134440000,1790134500000,4.92e-06,4.93e-06,16.173498006926344,target,3186896159.0,19
PEPE,1790134920000,1790134980000,4.95e-06,4.96e-06,15.982921943435692,target,3168071743.0,19
PEPE,1790135520000,1790135580000,4.95e-06,4.96e-06,15.985365393330905,target,3168556074.0,19
PEPE,1790136120000,1790136180000,4.95e-06,4.96e-06,15.987809216554087,target,3169040479.0,19
PEPE,1790136960000,1790137020000,4.94e-06,4.95e-06,16.0543817550011,target,3175941000.0,19
PEPE,1790137320000,1790137380000,4.94e-06,4.95e-06,16.056845971455786,target,3176428481.0,19
PEPE,1790137920000,1790137980000,5e-06,5.01e-06,15.678271259774334,target,3138793045.0,19
PEPE,1790138760000,1790138820000,5.02e-06,5.03e-06,15.555612930799706,target,3126756368.0,19
PEPE,1790139120000,1790139180000,5.03e-06,5.04e-06,15.495785043705286,target,3121004037.0,19
PEPE,1790139720000,1790139780000,5.02e-06,5.03e-06,15.560228885049805,target,3127684198.0,19
PEPE,1790140320000,1790140380000,5.01e-06,5.02e-06,15.624948885660455,target,3134392956.0,19
PEPE,1790141820000,1790141880000,5e-06,5.01e-06,15.689946797549226,target,3141130490.0,19
PEPE,1790142420000,1790142480000,5.01e-06,5.02e-06,15.629622682080527,target,3135330528.0,19
PEPE,1790144520000,1790144580000,4.9900000000000005e-06,5e-06,15.757575889054015,target,3148366811.0,19
PEPE,1790145120000,1790145180000,4.96e-06,4.97e-06,15.95030546622053,target,3167885892.0,19
PEPE,1790208120000,1790208180000,4.32e-06,4.33e-06,19.213570497577038,target,3385651189.0,19
PEPE,1790208720000,1790208780000,4.32e-06,4.33e-06,19.217094127775958,target,3386272093.0,19
PEPE,1790209320000,1790209380000,4.34e-06,4.35e-06,19.14051586258515,target,3384706607.0,19
PEPE,1790209920000,1790209980000,4.35e-06,4.36e-06,19.103991660908815,target,3384232358.0,19
PEPE,1790210580000,1790210640000,4.32e-06,4.33e-06,19.227632165800898,target,3388129016.0,19
PEPE,1790211420000,1790211480000,4.32e-06,4.33e-06,19.23115837244999,target,3388750374.0,19
PEPE,1790212320000,1790212380000,4.32e-06,4.33e-06,19.23468522605018,target,3389371846.0,19
PEPE,1790212920000,1790213160000,4.32e-06,4.33e-06,19.23821272659965,target,3389993432.0,19
PEPE,1790213820000,1790213880000,4.34e-06,4.35e-06,19.16155030803067,target,3388426226.0,19
PEPE,1790214420000,1790214480000,4.31e-06,4.32e-06,19.28539643658185,target,3392330068.0,19
PEPE,1790215140000,1790215200000,4.3e-06,4.31e-06,19.32911542200933,target,3394050118.0,19
PEPE,1790216220000,1790216280000,4.34e-06,4.35e-06,19.172101859430697,target,3390292106.0,19
PEPE,1790216820000,1790216880000,4.360000000000001e-06,4.3700000000000005e-06,19.09545740147471,target,3388723585.0,19
PEPE,1790217420000,1790217480000,4.360000000000001e-06,4.3700000000000005e-06,19.09893019562402,target,3389339875.0,19
PEPE,1790218020000,1790218080000,4.38e-06,4.39e-06,19.022332025686236,target,3387770619.0,19
PEPE,1790218620000,1790218680000,4.38e-06,4.39e-06,19.02577702470996,target,3388384154.0,19
PEPE,1790219220000,1790219580000,4.4e-06,4.360000000000001e-06,-157.69006761551879,stop,3386814167.0,19
PEPE,1790222220000,1790222280000,4.360000000000001e-06,4.3700000000000005e-06,19.080644930548598,target,3386094930.0,19
PEPE,1790223120000,1790223360000,4.360000000000001e-06,4.3700000000000005e-06,19.08411503117032,target,3386710742.0,19
PEPE,1790223720000,1790223780000,4.360000000000001e-06,4.3700000000000005e-06,19.087585768545935,target,3387326667.0,19
PEPE,1790224320000,1790224380000,4.3700000000000005e-06,4.38e-06,19.051032211876233,target,3386850171.0,19
PEPE,1790225520000,1790225580000,4.38e-06,4.39e-06,19.014483288845838,target,3386372803.0,19
PEPE,1790226780000,1790226840000,4.43e-06,4.44e-06,18.818245124280153,target,3381535512.0,19
PEPE,1790227320000,1790227380000,4.41e-06,4.42e-06,18.90142720000104,target,3384320000.0,19
