coin,entry_ts,exit_ts,entry,exit,pnl,reason,quantity,episode
PEPE,1767312180000,1767312240000,4.92e-06,4.93e-06,13.285027470227465,target,2617739403.0,1
PEPE,1767313620000,1767313980000,4.9000000000000005e-06,4.9100000000000004e-06,13.346137985214352,target,2619457897.0,1
PEPE,1767316020000,1767316080000,4.890000000000001e-06,4.9000000000000005e-06,13.377619011201809,target,2620493440.0,1
PEPE,1767316680000,1767316740000,4.9000000000000005e-06,4.9100000000000004e-06,13.349704097996042,target,2620157821.0,1
PEPE,1767317820000,1767317880000,4.92e-06,4.93e-06,13.292116159176047,target,2619136189.0,1
PEPE,1767318420000,1767318660000,4.890000000000001e-06,4.9000000000000005e-06,13.382971231036649,target,2621541867.0,1
PEPE,1767320220000,1767320280000,4.88e-06,4.89e-06,13.41449257219462,target,2622579193.0,1
PEPE,1767322020000,1767322080000,4.9100000000000004e-06,4.92e-06,13.327130880854817,target,2620871363.0,1
PEPE,1767322620000,1767322680000,4.93e-06,4.94e-06,13.269535357209609,target,2619849034.0,1
PEPE,1767323220000,1767323280000,4.96e-06,4.97e-06,13.18234389250975,target,2618141786.0,1
PEPE,1767324420000,1767324480000,5.12e-06,5.13e-06,12.711961392001013,target,2607581824.0,1
PEPE,1767325020000,1767325080000,5.13e-06,5.14e-06,12.684194597061545,target,2607234244.0,1
PEPE,1767325740000,1767325800000,5.11e-06,5.12e-06,12.744585049585005,target,2608922221.0,1
PEPE,1767326820000,1767326880000,5.12e-06,5.13e-06,12.71680337850104,target,2608575052.0,1
PEPE,1767327420000,1767327480000,5.13e-06,5.14e-06,12.68902600423391,target,2608227339.0,1
PEPE,1767328020000,1767328080000,5.13e-06,5.14e-06,12.69063316184936,target,2608557690.0,1
PEPE,1767328620000,1767328680000,5.12e-06,5.13e-06,12.721639739249953,target,2609567126.0,1
PEPE,1767329220000,1767329280000,5.13e-06,5.14e-06,12.69385180693159,target,2609219282.0,1
PEPE,1767329820000,1767329880000,5.13e-06,5.14e-06,12.695459572670748,target,2609549758.0,1
PEPE,1767331020000,1767331080000,5.12e-06,5.13e-06,12.726477942750261,target,2610559578.0,1
PEPE,1767332280000,1767332460000,5.11e-06,5.12e-06,12.757523030703311,target,2611570733.0,1
PEPE,1767333420000,1767333480000,5.1600000000000006e-06,5.1700000000000005e-06,12.612133424049958,target,2608507430.0,1
PEPE,1767334020000,1767334080000,5.21e-06,5.22e-06,12.467070134640418,target,2605448304.0,1
PEPE,1767334620000,1767334680000,5.21e-06,5.22e-06,12.46861998657114,target,2605772202.0,1
PEPE,1767398820000,1767398880000,6.02e-06,6.03e-06,9.935249076750985,target,2499433730.0,1
PEPE,1767399420000,1767399660000,6.11e-06,6.12e-06,9.568215389040054,target,2462861104.0,1
PEPE,1767400020000,1767400080000,6.17e-06,6.120000000000001e-06,-144.4095022256542,stop,2439143691.0,1
PEPE,1767400620000,1767400740000,6.18e-06,6.19e-06,9.276904110181032,target,2431691772.0,1
PEPE,1767401220000,1767401280000,6.2300000000000005e-06,6.24e-06,9.08268278845662,target,2412399147.0,1
PEPE,1767401820000,1767402000000,6.21e-06,6.16e-06,-143.4442910863046,stop,2420387937.0,1
PEPE,1767406920000,1767406980000,6.11e-06,6.12e-06,9.543424574670958,target,2456479942.0,1
PEPE,1767407520000,1767407580000,6.17e-06,6.18e-06,9.305551723502544,target,2432823980.0,1
PEPE,1767408720000,1767408780000,6.2300000000000005e-06,6.24e-06,9.072211559161087,target,2409617944.0,1
PEPE,1767409320000,1767409380000,6.2e-06,6.21e-06,9.189580640626613,target,2421496875.0,1
PEPE,1767411120000,1767411180000,6.220000000000001e-06,6.2300000000000005e-06,9.11259452687612,target,2413932325.0,1
PEPE,1767411720000,1767411780000,6.24e-06,6.25e-06,9.036086128324609,target,2406414415.0,1
PEPE,1767417420000,1767417480000,6.1e-06,6.11e-06,9.588967279316543,target,2461865797.0,1
PEPE,1767418020000,1767418080000,6.09e-06,6.1e-06,9.630294081156972,target,2466144451.0,1
PEPE,1767419760000,1767419820000,6.08e-06,6.09e-06,9.671765549085102,target,2470438199.0,1
PEPE,1767420120000,1767420180000,6.07e-06,6.08e-06,9.713382446001482,target,2474747120.0,1
PEPE,1767420720000,1767420780000,6.09e-06,6.1e-06,9.633084851886988,target,2466859117.0,1
PEPE,1767421320000,1767421380000,6.1e-06,6.11e-06,9.593587403676086,target,2463051965.0,1
PEPE,1767421920000,1767421980000,6.1e-06,6.11e-06,9.594506265334086,target,2463287873.0,1
PEPE,1767429120000,1767429180000,5.85e-06,5.86e-06,10.61219448083477,target,2560239923.0,1
PEPE,1767429720000,1767429780000,6.09e-06,6.1e-06,9.636877641710162,target,2467830382.0,1
PEPE,1767430320000,1767430380000,6.09e-06,6.1e-06,9.637804540319257,target,2468067744.0,1
PEPE,1767430920000,1767430980000,6.09e-06,6.1e-06,9.638731524840782,target,2468305128.0,1
PEPE,1767431520000,1767431580000,6.08e-06,6.09e-06,9.680239327770451,target,2472602638.0,1
PEPE,1767485820000,1767485880000,6.21e-06,6.22e-06,9.163769075607583,target,2421075053.0,1
PEPE,1767486420000,1767486480000,6.18e-06,6.19e-06,9.282086764789515,target,2433050266.0,1
PEPE,1767487080000,1767487320000,6.21e-06,6.16e-06,-143.5114186553257,stop,2421520605.0,1
PEPE,1767487920000,1767487980000,6.24e-06,6.25e-06,9.036140463175407,target,2406428885.0,1
PEPE,1767488520000,1767488580000,6.220000000000001e-06,6.2300000000000005e-06,9.11430153279967,target,2414384512.0,1
PEPE,1767489420000,1767489480000,6.21e-06,6.22e-06,9.153994347171441,target,2418492562.0,1
PEPE,1767491220000,1767491280000,6.2e-06,6.21e-06,9.1938232570805,target,2422614824.0,1
PEPE,1767492120000,1767492180000,6.24e-06,6.25e-06,9.039434957486968,target,2407306247.0,1
PEPE,1767874020000,1767874080000,6.2300000000000005e-06,6.180000000000001e-06,-142.9832481987731,stop,2411387945.0,1
PEPE,1767878520000,1767878580000,6.1400000000000005e-06,6.15e-06,9.41869384683079,target,2443240946.0,1
PEPE,1767879120000,1767879180000,6.15e-06,6.16e-06,9.379869506244859,target,2439497921.0,1
PEPE,1767883320000,1767883380000,6.0600000000000004e-06,6.07e-06,9.74290363490594,target,2475960263.0,1
PEPE,1767883920000,1767883980000,6.08e-06,6.09e-06,9.662439337877052,target,2468056025.0,1
PEPE,1767884520000,1767884760000,6.08e-06,6.09e-06,9.663372603405389,target,2468294407.0,1
PEPE,1767885120000,1767885180000,6.09e-06,6.1e-06,9.62379202966502,target,2464479393.0,1
PEPE,1767885720000,1767885780000,6.1e-06,6.11e-06,9.584332681135432,target,2460675913.0,1
PEPE,1767886320000,1767886380000,6.130000000000001e-06,6.1400000000000005e-06,9.464874742700552,target,2448867980.0,1
PEPE,1767888120000,1767888180000,6.220000000000001e-06,6.2300000000000005e-06,9.111575756300198,target,2413662452.0,1
PEPE,1767888720000,1767888780000,6.16e-06,6.17e-06,9.34740608203903,target,2437394024.0,1
PEPE,1767890820000,1767890880000,6.130000000000001e-06,6.1400000000000005e-06,9.46751566627944,target,2449551272.0,1
PEPE,1767892020000,1767892080000,6.17e-06,6.18e-06,9.309671481824935,target,2433901041.0,1
PEPE,1767892620000,1767892680000,6.16e-06,6.17e-06,9.350032489460423,target,2438078876.0,1
PEPE,1767893220000,1767893820000,6.17e-06,6.18e-06,9.311406654825994,target,2434354681.0,1
PEPE,1767894120000,1767894180000,6.17e-06,6.18e-06,9.312272523899505,target,2434581052.0,1
PEPE,1767895320000,1767895380000,6.2e-06,6.21e-06,9.195384117808842,target,2423026118.0,1
PEPE,1767895920000,1767895980000,6.19e-06,6.2e-06,9.235356611434742,target,2427163367.0,1
PEPE,1767896520000,1767896580000,6.17e-06,6.18e-06,9.31485235634958,target,2435255518.0,1
PEPE,1767897120000,1767897180000,6.19e-06,6.2e-06,9.237067035036803,target,2427612887.0,1
PEPE,1767898320000,1767898980000,6.17e-06,6.120000000000001e-06,-144.20600552308267,stop,2435706537.0,1
PEPE,1767899520000,1767899580000,6.16e-06,6.17e-06,9.34263178316013,target,2436149096.0,1
PEPE,1767901620000,1767901680000,6.130000000000001e-06,6.1400000000000005e-06,9.462680021774917,target,2448300135.0,1
PEPE,1767902220000,1767902580000,6.12e-06,6.07e-06,-145.018249918019,stop,2452532554.0,1
PEPE,1767918420000,1767918480000,6.1e-06,6.11e-06,9.570044683795977,target,2457007621.0,1
PEPE,1767919080000,1767919140000,6.1e-06,6.11e-06,9.570961290249596,target,2457242950.0,1
PEPE,1767919620000,1767919800000,6.1e-06,6.11e-06,9.571877986291408,target,2457478302.0,1
PEPE,1767920220000,1767920280000,6.09e-06,6.1e-06,9.613131137556083,target,2461749331.0,1
PEPE,1767921480000,1767921540000,6.1e-06,6.11e-06,9.573715499280908,target,2457950064.0,1
PEPE,1767924420000,1767924480000,6.08e-06,6.09e-06,9.65545339230119,target,2466271620.0,1
PEPE,1767925020000,1767925680000,6.12e-06,6.07e-06,-144.89149275962913,stop,2450388851.0,1
PEPE,1767929820000,1767929880000,6.03e-06,6.04e-06,9.846512697645908,target,2483357553.0,1
PEPE,1767930420000,1767930480000,6.040000000000001e-06,6.0500000000000005e-06,9.806385188531525,target,2479490566.0,1
PEPE,1767931140000,1767931200000,6.130000000000001e-06,6.1400000000000005e-06,9.443458518747121,target,2443326913.0,1
PEPE,1767931620000,1767931800000,6.1400000000000005e-06,6.15e-06,9.404574180735024,target,2439578257.0,1
PEPE,1767932880000,1767932940000,6.130000000000001e-06,6.1400000000000005e-06,9.445241087664716,target,2443788121.0,1
PEPE,1767935220000,1767935280000,6.12e-06,6.13e-06,9.486049367498904,target,2448012740.0,1
PEPE,1767935820000,1767935880000,6.1e-06,6.11e-06,9.567180511124896,target,2456272275.0,1
PEPE,1767936420000,1767937260000,6.11e-06,6.12e-06,9.527912239756223,target,2452487063.0,1
PEPE,1767937620000,1767937680000,6.12e-06,6.13e-06,9.488763874751047,target,2448713258.0,1
PEPE,1767938460000,1767938520000,6.130000000000001e-06,6.1400000000000005e-06,9.449734876786493,target,2444950809.0,1
PEPE,1767938820000,1767938880000,6.12e-06,6.13e-06,9.490562568376433,target,2449177437.0,1
PEPE,1767939540000,1767939600000,6.12e-06,6.13e-06,9.491463939876978,target,2449410049.0,1
PEPE,1767940020000,1767940080000,6.1400000000000005e-06,6.15e-06,9.41261237230465,target,2441663391.0,1
PEPE,1767940740000,1767940800000,6.1400000000000005e-06,6.15e-06,9.41349882955534,target,2441893341.0,1
PEPE,1767941220000,1767941280000,6.16e-06,6.17e-06,9.335135293901384,target,2434194340.0,1
PEPE,1767941820000,1767941880000,6.16e-06,6.17e-06,9.336007054594894,target,2434421657.0,1
PEPE,1767942420000,1767942480000,6.15e-06,6.16e-06,9.376446891032,target,2438607774.0,1
PEPE,1768005120000,1768005180000,6.11e-06,6.12e-06,9.536908349639365,target,2454802664.0,1
PEPE,1768005780000,1768005840000,6.09e-06,6.1e-06,9.618402813360085,target,2463099312.0,1
PEPE,1768006620000,1768006680000,6.08e-06,6.09e-06,9.659823076486548,target,2467387759.0,1
PEPE,1768009680000,1768009740000,6.07e-06,6.08e-06,9.701388580150558,target,2471691358.0,1
PEPE,1768012500000,1768012560000,6.0500000000000005e-06,6.0600000000000004e-06,9.78400542370606,target,2480102769.0,1
PEPE,1768015620000,1768015680000,6.02e-06,6.03e-06,9.9085058451756,target,2492705873.0,1
PEPE,1768016580000,1768016640000,5.99e-06,6e-06,10.034280535681575,target,2505438336.0,1
PEPE,1768017420000,1768017480000,6.01e-06,6.02e-06,9.951944571850103,target,2497351210.0,1
PEPE,1768018620000,1768018680000,5.9700000000000004e-06,5.98e-06,10.120194068251312,target,2514333930.0,1
PEPE,1768020720000,1768020780000,5.99e-06,6e-06,10.03729997326553,target,2506192253.0,1
PEPE,1768021320000,1768021560000,6e-06,6.01e-06,9.9965534610096,target,2502266198.0,1
PEPE,1768021920000,1768021980000,6e-06,6.01e-06,9.997551867441544,target,2502516112.0,1
PEPE,1768024320000,1768024380000,5.9700000000000004e-06,5.98e-06,10.124254629125236,target,2515342765.0,1
PEPE,1768024920000,1768025820000,5.9700000000000004e-06,5.920000000000001e-06,-148.18124970841455,stop,2515597143.0,1
PEPE,1768029840000,1768029900000,5.94e-06,5.95e-06,10.237091724541383,target,2524560228.0,1
PEPE,1768030320000,1768030380000,5.92e-06,5.93e-06,10.323395276050032,target,2533348534.0,1
PEPE,1768032000000,1768032060000,5.93e-06,5.94e-06,10.281757246439255,target,2529337576.0,1
PEPE,1768032420000,1768032480000,5.950000000000001e-06,5.9600000000000005e-06,10.197828486224422,target,2521094805.0,1
PEPE,1768033020000,1768033080000,5.9600000000000005e-06,5.9700000000000004e-06,10.156584998295248,target,2517121437.0,1
PEPE,1768034220000,1768034280000,5.94e-06,5.95e-06,10.242334211014889,target,2525853073.0,1
PEPE,1768034820000,1768034880000,5.950000000000001e-06,5.9600000000000005e-06,10.200948584842367,target,2521866152.0,1
PEPE,1768035420000,1768035480000,5.950000000000001e-06,5.9600000000000005e-06,10.201988825354094,target,2522123319.0,1
PEPE,1768036200000,1768036260000,5.9600000000000005e-06,5.9700000000000004e-06,10.160728511552266,target,2518148330.0,1
PEPE,1768036620000,1768036680000,5.950000000000001e-06,5.9600000000000005e-06,10.204065305881045,target,2522636664.0,1
PEPE,1768089840000,1768089900000,5.93e-06,5.94e-06,10.29015249175599,target,2531402827.0,1
PEPE,1768091820000,1768092660000,5.950000000000001e-06,5.9600000000000005e-06,10.2061551996248,target,2523153325.0,1
PEPE,1768093020000,1768093080000,5.950000000000001e-06,5.9600000000000005e-06,10.20719597003618,target,2523410623.0,1
PEPE,1768093620000,1768093680000,5.9600000000000005e-06,5.9700000000000004e-06,10.165914600211435,target,2519433606.0,1
PEPE,1768094220000,1768094280000,5.9600000000000005e-06,5.9700000000000004e-06,10.166946967064856,target,2519689459.0,1
PEPE,1768094820000,1768094880000,5.9600000000000005e-06,5.9700000000000004e-06,10.167979442867823,target,2519945339.0,1
PEPE,1768096920000,1768096980000,5.98e-06,5.99e-06,10.084766495156341,target,2511772477.0,1
PEPE,1768098180000,1768098240000,5.99e-06,6e-06,10.043866122706262,target,2507831741.0,1
PEPE,1768100220000,1768100280000,5.9700000000000004e-06,5.98e-06,10.128854322649794,target,2516485546.0,1
PEPE,1768101780000,1768101840000,5.9700000000000004e-06,5.98e-06,10.129878661001143,target,2516740040.0,1
PEPE,1768102320000,1768102380000,5.9700000000000004e-06,5.98e-06,10.130903099976209,target,2516994559.0,1
PEPE,1768102920000,1768103040000,5.98e-06,5.99e-06,10.089854226870251,target,2513039658.0,1
PEPE,1768104240000,1768104780000,5.9600000000000005e-06,5.910000000000001e-06,-148.50448041623838,stop,2521726616.0,1
PEPE,1768107420000,1768107480000,5.93e-06,5.94e-06,10.287407897251914,target,2530727650.0,1
PEPE,1768108020000,1768108080000,5.92e-06,5.93e-06,10.331197491102817,target,2535263188.0,1
PEPE,1768108620000,1768108680000,5.93e-06,5.94e-06,10.289527993935657,target,2531249199.0,1
PEPE,1768109340000,1768109400000,5.92e-06,5.93e-06,10.333326617476434,target,2535785673.0,1
PEPE,1768109820000,1768110120000,5.93e-06,5.94e-06,10.291648533705512,target,2531770857.0,1
PEPE,1768110420000,1768110480000,5.93e-06,5.94e-06,10.292706767024473,target,2532031185.0,1
PEPE,1768111020000,1768111080000,5.92e-06,5.93e-06,10.33651891949972,target,2536569060.0,1
PEPE,1768112340000,1768112400000,5.92e-06,5.93e-06,10.337586182376668,target,2536830965.0,1
PEPE,1768115220000,1768115280000,5.98e-06,5.99e-06,10.084223016727414,target,2511637115.0,1
PEPE,1768115820000,1768115880000,5.98e-06,5.99e-06,10.085238606961527,target,2511890064.0,1
PEPE,1768116420000,1768116600000,5.9700000000000004e-06,5.98e-06,10.128312706574803,target,2516350983.0,1
PEPE,1768176120000,1768176180000,5.7900000000000005e-06,5.8e-06,10.779922281711972,target,2563596262.0,1
PEPE,1768177320000,1768177380000,5.8e-06,5.81e-06,10.752693007750178,target,2563216450.0,1
PEPE,1768177920000,1768178100000,5.8e-06,5.750000000000001e-06,-150.34878192944745,stop,2563491593.0,1
PEPE,1768180560000,1768180620000,5.84e-06,5.85e-06,10.624453612784713,target,2557028547.0,1
PEPE,1768180920000,1768180980000,5.85e-06,5.86e-06,10.597301499981723,target,2556646924.0,1
PEPE,1768181520000,1768181580000,5.86e-06,5.87e-06,10.57015496040643,target,2556264803.0,1
PEPE,1768182120000,1768182180000,5.85e-06,5.86e-06,10.599543721151557,target,2557187870.0,1
PEPE,1768183320000,1768183380000,5.8800000000000005e-06,5.89e-06,10.505266717645448,target,2552920223.0,1
PEPE,1768183920000,1768183980000,5.9e-06,5.91e-06,10.419864023206298,target,2544533339.0,1
PEPE,1768185120000,1768185180000,5.92e-06,5.93e-06,10.335018907926914,target,2536200959.0,1
PEPE,1768186440000,1768186500000,5.98e-06,5.99e-06,10.081718664489308,target,2511013366.0,1
PEPE,1768186920000,1768186980000,5.9700000000000004e-06,5.98e-06,10.124777734227385,target,2515472729.0,1
PEPE,1768187580000,1768187640000,5.950000000000001e-06,5.9600000000000005e-06,10.210321634571798,target,2524183346.0,1
PEPE,1768188720000,1768189080000,5.98e-06,5.930000000000001e-06,-147.99386136359726,stop,2511776330.0,1
PEPE,1768191420000,1768191480000,5.94e-06,5.95e-06,10.23868615865163,target,2524953430.0,1
PEPE,1768192320000,1768192380000,5.9700000000000004e-06,5.98e-06,10.112902961874681,target,2512522475.0,1
PEPE,1768193100000,1768193160000,5.99e-06,6e-06,10.030068585315506,target,2504386663.0,1
PEPE,1768194120000,1768194180000,5.9700000000000004e-06,5.98e-06,10.114940034501544,target,2513028580.0,1
PEPE,1768194720000,1768194780000,5.99e-06,6e-06,10.032088971645758,target,2504891129.0,1
PEPE,1768195320000,1768196040000,6.03e-06,5.98e-06,-146.8105023465427,stop,2488524491.0,1
PEPE,1768196520000,1768197720000,6e-06,5.950000000000001e-06,-147.21564930750003,stop,2497296850.0,1
PEPE,1768198620000,1768198680000,5.9700000000000004e-06,5.98e-06,10.087242459875771,target,2506147195.0,1
PEPE,1768202220000,1768202280000,5.94e-06,5.95e-06,10.214785189815505,target,2519059233.0,1
PEPE,1768203060000,1768203120000,5.92e-06,5.93e-06,10.30090068110107,target,2527828388.0,1
PEPE,1768262880000,1768262940000,5.74e-06,5.75e-06,10.8800207159648,target,2556996643.0,1
PEPE,1768263720000,1768263780000,5.74e-06,5.75e-06,10.881207129105196,target,2557275471.0,1
PEPE,1768265820000,1768265880000,5.74e-06,5.75e-06,10.882393674150016,target,2557554330.0,1
PEPE,1768267020000,1768267080000,5.75e-06,5.76e-06,10.855221475981239,target,2557178204.0,1
PEPE,1768267620000,1768267680000,5.74e-06,5.75e-06,10.884764058060515,target,2558111412.0,1
PEPE,1768270020000,1768270080000,5.76e-06,5.77e-06,10.829235417769578,target,2557080382.0,1
PEPE,1768271220000,1768271280000,5.74e-06,5.75e-06,10.887131867696297,target,2558667889.0,1
PEPE,1768273080000,1768273140000,5.73e-06,5.74e-06,10.916704811775684,target,2559602535.0,1
PEPE,1768273920000,1768273980000,5.72e-06,5.73e-06,10.94630174122635,target,2560538419.0,1
PEPE,1768275180000,1768275240000,5.75e-06,5.76e-06,10.862325682995106,target,2558851751.0,1
PEPE,1768276320000,1768276380000,5.75e-06,5.76e-06,10.863507083476488,target,2559130055.0,1
PEPE,1768277280000,1768277340000,5.75e-06,5.76e-06,10.864688611306335,target,2559408389.0,1
PEPE,1768277880000,1768277940000,5.77e-06,5.78e-06,10.809140480125262,target,2558376445.0,1
PEPE,1768278420000,1768278480000,5.76e-06,5.77e-06,10.83867065473547,target,2559308301.0,1
PEPE,1768279620000,1768279680000,5.76e-06,5.77e-06,10.839846405080486,target,2559585928.0,1
PEPE,1768280820000,1768280880000,5.8e-06,5.81e-06,10.727641927610424,target,2557244798.0,1
PEPE,1768282020000,1768282080000,5.8700000000000005e-06,5.8800000000000005e-06,10.530913812376669,target,2552948803.0,1
PEPE,1768285620000,1768285680000,5.86e-06,5.87e-06,10.560251560975713,target,2553869785.0,1
PEPE,1768286280000,1768286340000,5.85e-06,5.86e-06,10.589612790258554,target,2554791988.0,1
PEPE,1768286820000,1768286880000,5.86e-06,5.87e-06,10.562485945439846,target,2554410144.0,1
PEPE,1768287660000,1768287720000,5.8700000000000005e-06,5.8800000000000005e-06,10.535364683250922,target,2554027802.0,1
PEPE,1768288620000,1768288680000,5.85e-06,5.86e-06,10.592969373955903,target,2555601779.0,1
PEPE,1768289820000,1768290840000,5.85e-06,5.86e-06,10.5940914627616,target,2555872488.0,1
PEPE,1768291320000,1768291380000,5.86e-06,5.87e-06,10.566953143070721,target,2555490482.0,1
PEPE,1768419420000,1768419480000,6.24e-06,6.25e-06,9.029471827249395,target,2404652950.0,1
PEPE,1768425420000,1768425480000,6.24e-06,6.25e-06,9.030286868775738,target,2404870005.0,1
PEPE,1768427820000,1768427880000,6.24e-06,6.25e-06,9.03110198164553,target,2405087079.0,1
PEPE,1768429620000,1768429680000,6.24e-06,6.25e-06,9.031917169616369,target,2405304173.0,1
PEPE,1768433220000,1768433280000,6.2300000000000005e-06,6.24e-06,9.071325022142275,target,2409382476.0,1
PEPE,1768435320000,1768435380000,6.2300000000000005e-06,6.24e-06,9.07214733955469,target,2409600887.0,1
PEPE,1768436220000,1768436280000,6.24e-06,6.25e-06,9.034370142140215,target,2405957428.0,1
PEPE,1768438320000,1768438380000,6.21e-06,6.22e-06,9.15136782211927,target,2417798632.0,1
PEPE,1768438920000,1768438980000,6.2300000000000005e-06,6.24e-06,9.074618267641174,target,2410257176.0,1
PEPE,1768440120000,1768440540000,6.2e-06,6.21e-06,9.192018484109601,target,2422139258.0,1
PEPE,1768443120000,1768443480000,6.17e-06,6.18e-06,9.310584509326251,target,2434139741.0,1
PEPE,1768444020000,1768444320000,6.16e-06,6.17e-06,9.350949476310358,target,2438317986.0,1
PEPE,1768447080000,1768447140000,6.11e-06,6.12e-06,9.551276590906003,target,2458501053.0,1
PEPE,1768450020000,1768450080000,6.07e-06,6.08e-06,9.714131952224971,target,2474938077.0,1
PEPE,1768450620000,1768450680000,6.09e-06,6.1e-06,9.633828164729342,target,2467049466.0,1
PEPE,1768451220000,1768451280000,6.09e-06,6.1e-06,9.634754766560295,target,2467286752.0,1
PEPE,1768451820000,1768451880000,6.1e-06,6.11e-06,9.595250471299142,target,2463478940.0,1
PEPE,1768452480000,1768452540000,6.1e-06,6.11e-06,9.596169492655381,target,2463714889.0,1
PEPE,1768453020000,1768453320000,6.11e-06,6.12e-06,9.556782234196582,target,2459918207.0,1
PEPE,1768453620000,1768453680000,6.1e-06,6.11e-06,9.598003936384249,target,2464185863.0,1
PEPE,1768456020000,1768456140000,6.09e-06,6.1e-06,9.63936968384617,target,2468468549.0,1
PEPE,1768456620000,1768456680000,6.08e-06,6.09e-06,9.68088023676183,target,2472766344.0,1
PEPE,1768457220000,1768457280000,6.08e-06,6.09e-06,9.681815283615137,target,2473005181.0,1
PEPE,1768457820000,1768457880000,6.09e-06,6.1e-06,9.64215916982965,target,2469182886.0,1
PEPE,1768458420000,1768458480000,6.08e-06,6.09e-06,9.683681732461512,target,2473481924.0,1
PEPE,1768460820000,1768460880000,6.07e-06,6.08e-06,9.725349900525273,target,2477796153.0,1
PEPE,1768461420000,1768461480000,6.07e-06,6.08e-06,9.72629319577769,target,2478036483.0,1
PEPE,1768462020000,1768462080000,6.09e-06,6.1e-06,9.645888874379562,target,2470137996.0,1
PEPE,1768462620000,1768462680000,6.07e-06,6.08e-06,9.728172171775064,target,2478515203.0,1
PEPE,1768521720000,1768521780000,5.91e-06,5.92e-06,10.368020300524286,target,2538071065.0,2
PEPE,1768522440000,1768522500000,5.91e-06,5.92e-06,10.36909526010409,target,2538334213.0,2
PEPE,1768522920000,1768522980000,5.92e-06,5.93e-06,10.32731005927479,target,2534309217.0,2
PEPE,1768523520000,1768523580000,5.9e-06,5.91e-06,10.414251068130321,target,2543162654.0,2
PEPE,1768524720000,1768526580000,5.92e-06,5.9e-06,-73.15533126018053,time,2534834763.0,2
PEPE,1768527120000,1768527180000,5.92e-06,5.93e-06,10.321898247374435,target,2532981165.0,2
PEPE,1768527720000,1768527780000,5.92e-06,5.93e-06,10.322964002499374,target,2533242700.0,2
PEPE,1768528380000,1768528440000,5.91e-06,5.92e-06,10.366876525035469,target,2537791071.0,2
PEPE,1768528920000,1768528980000,5.91e-06,5.92e-06,10.367951362064233,target,2538054189.0,2
PEPE,1768531020000,1768531080000,5.89e-06,5.9e-06,10.455173963050468,target,2546936410.0,2
PEPE,1768531920000,1768531980000,5.89e-06,5.9e-06,10.45626696035012,target,2547202670.0,2
PEPE,1768532520000,1768532580000,5.9e-06,5.91e-06,10.414204225425028,target,2543151215.0,2
PEPE,1768533120000,1768533180000,5.9e-06,5.91e-06,10.41528845038512,target,2543415983.0,2
PEPE,1768533720000,1768533780000,5.9e-06,5.91e-06,10.41637278591057,target,2543680778.0,2
PEPE,1768540020000,1768540080000,5.7900000000000005e-06,5.8e-06,10.769263308946599,target,2561061429.0,2
PEPE,1768540620000,1768540680000,5.8e-06,5.81e-06,10.742060956439882,target,2560681992.0,2
PEPE,1768542120000,1768542180000,5.85e-06,5.86e-06,10.601609149780966,target,2557686164.0,2
PEPE,1768542780000,1768542840000,5.85e-06,5.86e-06,10.602732154629905,target,2557957094.0,2
PEPE,1768543920000,1768543980000,5.84e-06,5.85e-06,10.632153309765126,target,2558881663.0,2
PEPE,1768544520000,1768544580000,5.85e-06,5.86e-06,10.604981521782115,target,2558499764.0,2
PEPE,1768546320000,1768546380000,5.8800000000000005e-06,5.89e-06,10.510656149606042,target,2554229927.0,2
PEPE,1768546920000,1768546980000,5.8800000000000005e-06,5.89e-06,10.51175950044183,target,2554498056.0,2
PEPE,1768548720000,1768548780000,5.9e-06,5.91e-06,10.426304020862066,target,2546105988.0,2
PEPE,1768549320000,1768549380000,5.8800000000000005e-06,5.89e-06,10.513957461851426,target,2555032190.0,2
PEPE,1768608120000,1768608180000,5.92e-06,5.93e-06,10.342492054500632,target,2538034860.0,2
PEPE,1768609620000,1768609680000,5.91e-06,5.92e-06,10.386487645976317,target,2542591835.0,2
PEPE,1768610820000,1768610880000,5.9e-06,5.91e-06,10.430642214719901,target,2547165376.0,2
PEPE,1768611960000,1768612020000,5.89e-06,5.9e-06,10.474956618954419,target,2551755571.0,2
PEPE,1768612440000,1768612500000,5.89e-06,5.9e-06,10.476051689280641,target,2552022336.0,2
PEPE,1768612920000,1768612980000,5.89e-06,5.9e-06,10.477146870440011,target,2552289128.0,2
PEPE,1768613520000,1768613580000,5.8800000000000005e-06,5.89e-06,10.521631278452237,target,2556897030.0,2
PEPE,1768616520000,1768616580000,5.86e-06,5.87e-06,10.589972125710613,target,2561057346.0,2
PEPE,1768617120000,1768617180000,5.85e-06,5.86e-06,10.619415982735335,target,2561982143.0,2
PEPE,1768617720000,1768617780000,5.8700000000000005e-06,5.8800000000000005e-06,10.56389917687488,target,2560945255.0,2
PEPE,1768618920000,1768618980000,5.8800000000000005e-06,5.89e-06,10.52607116592903,target,2557975982.0,2
PEPE,1768619760000,1768619820000,5.8800000000000005e-06,5.89e-06,10.527176133961243,target,2558244504.0,2
PEPE,1768620720000,1768620780000,5.8700000000000005e-06,5.8800000000000005e-06,10.56723044849889,target,2561752836.0,2
PEPE,1768622820000,1768622880000,5.86e-06,5.87e-06,10.596669374325652,target,2562676995.0,2
PEPE,1768623420000,1768623480000,5.85e-06,5.86e-06,10.626131856811096,target,2563602378.0,2
PEPE,1768624620000,1768624680000,5.86e-06,5.87e-06,10.598911462294332,target,2563219217.0,2
PEPE,1768625820000,1768625880000,5.8700000000000005e-06,5.8800000000000005e-06,10.571696668499657,target,2562835556.0,2
PEPE,1768626420000,1768626480000,5.8700000000000005e-06,5.8800000000000005e-06,10.572810534001182,target,2563105584.0,2
PEPE,1768627020000,1768627140000,5.86e-06,5.87e-06,10.602265001048433,target,2564030230.0,2
PEPE,1768628880000,1768628940000,5.8700000000000005e-06,5.8800000000000005e-06,10.575041598000507,target,2563646448.0,2
PEPE,1768629600000,1768629660000,5.86e-06,5.87e-06,10.604502284152293,target,2564571290.0,2
PEPE,1768631520000,1768631580000,5.85e-06,5.86e-06,10.633986544764838,target,2565497357.0,2
PEPE,1768632120000,1768633320000,5.86e-06,5.81e-06,-150.67479124961986,stop,2565113913.0,2
PEPE,1768634220000,1768634280000,5.83e-06,5.84e-06,10.675844520038716,target,2563227976.0,2
PEPE,1768695120000,1768695180000,5.81e-06,5.82e-06,10.73373763828721,target,2564811861.0,2
PEPE,1768696320000,1768696380000,5.82e-06,5.83e-06,10.70649838542618,target,2564430751.0,2
PEPE,1768699320000,1768699380000,5.8e-06,5.81e-06,10.76443896999692,target,2566016441.0,2
PEPE,1768699920000,1768699980000,5.7900000000000005e-06,5.8e-06,10.794017988359244,target,2566948392.0,2
PEPE,1768701420000,1768701480000,5.7800000000000006e-06,5.7900000000000005e-06,10.823620851271293,target,2567881578.0,2
PEPE,1768702620000,1768702680000,5.81e-06,5.82e-06,10.739499822495258,target,2566188727.0,2
PEPE,1768703340000,1768703400000,5.7800000000000006e-06,5.7900000000000005e-06,10.825947720945358,target,2568433623.0,2
PEPE,1768704420000,1768705500000,5.8e-06,5.81e-06,10.770229840287389,target,2567396863.0,2
PEPE,1768706520000,1768706580000,5.8e-06,5.81e-06,10.771385944531998,target,2567672454.0,2
PEPE,1768707840000,1768707900000,5.7900000000000005e-06,5.8e-06,10.800984054435824,target,2568605007.0,2
PEPE,1768708560000,1768708620000,5.7900000000000005e-06,5.8e-06,10.802146522479998,target,2568881456.0,2
PEPE,1768709220000,1768709280000,5.8e-06,5.81e-06,10.774861111896566,target,2568500861.0,2
PEPE,1768710360000,1768710420000,5.7800000000000006e-06,5.7900000000000005e-06,10.832934386925032,target,2570091195.0,2
PEPE,1768710720000,1768711140000,5.7900000000000005e-06,5.8e-06,10.805634675105436,target,2569710981.0,2
PEPE,1768712460000,1768712520000,5.7800000000000006e-06,5.7900000000000005e-06,10.835269395763959,target,2570645171.0,2
PEPE,1768713420000,1768713480000,5.7900000000000005e-06,5.8e-06,10.807963799375216,target,2570264875.0,2
PEPE,1768714020000,1768714080000,5.7900000000000005e-06,5.8e-06,10.809127020116819,target,2570541503.0,2
PEPE,1768715820000,1768715880000,5.7900000000000005e-06,5.8e-06,10.810290362800291,target,2570818160.0,2
PEPE,1768718280000,1768718340000,5.8e-06,5.81e-06,10.782984381211751,target,2570437278.0,2
PEPE,1768719420000,1768719480000,5.7900000000000005e-06,5.8e-06,10.81261436117615,target,2571370835.0,2
PEPE,1768720020000,1768720380000,5.7900000000000005e-06,5.740000000000001e-06,-150.7885559705676,stop,2571647582.0,2
PEPE,1768721220000,1768721280000,5.7800000000000006e-06,5.7900000000000005e-06,10.825996690815469,target,2568445241.0,2
PEPE,1768722120000,1768722180000,5.7800000000000006e-06,5.7900000000000005e-06,10.827164920216587,target,2568722401.0,2
PEPE,1768722720000,1768722780000,5.7800000000000006e-06,5.7900000000000005e-06,10.828333276065065,target,2568999591.0,2
PEPE,1768785240000,1768785300000,5.21e-06,5.22e-06,12.475957181160439,target,2607305576.0,2
PEPE,1768785720000,1768785840000,5.21e-06,5.22e-06,12.477508138424973,target,2607629705.0,2
PEPE,1768786920000,1768786980000,5.21e-06,5.22e-06,12.479059287089838,target,2607953874.0,2
PEPE,1768789020000,1768789080000,5.18e-06,5.19e-06,12.568650180658873,target,2610311564.0,2
PEPE,1768789620000,1768789680000,5.19e-06,5.2e-06,12.540858242060583,target,2609960092.0,2
PEPE,1768791480000,1768791540000,5.23e-06,5.24e-06,12.425100602530883,target,2607576202.0,2
PEPE,1768792020000,1768792080000,5.23e-06,5.24e-06,12.426637982131698,target,2607898842.0,2
PEPE,1768792680000,1768792740000,5.23e-06,5.24e-06,12.428175547566209,target,2608221521.0,2
PEPE,1768793220000,1768793280000,5.23e-06,5.24e-06,12.42971330836551,target,2608544241.0,2
PEPE,1768795020000,1768795080000,5.24e-06,5.25e-06,12.401943811381571,target,2608190076.0,2
PEPE,1768795620000,1768795680000,5.24e-06,5.25e-06,12.403474707405081,target,2608512031.0,2
PEPE,1768796820000,1768796880000,5.24e-06,5.25e-06,12.40500579363047,target,2608834026.0,2
PEPE,1768797420000,1768798680000,5.2600000000000005e-06,5.210000000000001e-06,-150.83531186975992,stop,2607802764.0,2
PEPE,1768800120000,1768800180000,5.22e-06,5.23e-06,12.446481756451131,target,2606593038.0,2
PEPE,1768800720000,1768800780000,5.23e-06,5.24e-06,12.41873228009565,target,2606239723.0,2
PEPE,1768801320000,1768801380000,5.24e-06,5.25e-06,12.390987316605946,target,2605885871.0,2
PEPE,1768802100000,1768802160000,5.21e-06,5.22e-06,12.480417997410616,target,2608237826.0,2
PEPE,1768802820000,1768802880000,5.21e-06,5.22e-06,12.481969504950188,target,2608562070.0,2
PEPE,1768803420000,1768803480000,5.21e-06,5.22e-06,12.483521208675647,target,2608886355.0,2
PEPE,1768804020000,1768804080000,5.22e-06,5.23e-06,12.455746579123904,target,2608533315.0,2
PEPE,1768804740000,1768804860000,5.2e-06,5.21e-06,12.515966947576784,target,2610212085.0,2
PEPE,1768805220000,1768805280000,5.2e-06,5.21e-06,12.517526535710697,target,2610537338.0,2
PEPE,1768806120000,1768806180000,5.21e-06,5.22e-06,12.489733602885819,target,2610184661.0,2
PEPE,1768807320000,1768807380000,5.22e-06,5.23e-06,12.461945149875852,target,2609831445.0,2
PEPE,1768867320000,1768867380000,5.2600000000000005e-06,5.27e-06,12.346263893560442,target,2607447496.0,2
PEPE,1768867920000,1768867980000,5.2600000000000005e-06,5.27e-06,12.347780717666243,target,2607767839.0,2
PEPE,1768870020000,1768870080000,5.23e-06,5.24e-06,12.43721663473977,target,2610118916.0,2
PEPE,1768872600000,1768872660000,5.2500000000000006e-06,5.2600000000000005e-06,12.380120448474912,target,2609087555.0,2
PEPE,1768873020000,1768873080000,5.24e-06,5.25e-06,12.410958578129339,target,2610085926.0,2
PEPE,1768876380000,1768876440000,5.22e-06,5.23e-06,12.471170554925243,target,2611763467.0,2
PEPE,1768876920000,1768876980000,5.23e-06,5.24e-06,12.443366034016123,target,2611409451.0,2
PEPE,1768877520000,1768877580000,5.23e-06,5.24e-06,12.444905672225469,target,2611732565.0,2
PEPE,1768878120000,1768878180000,5.22e-06,5.23e-06,12.475804004827033,target,2612733823.0,2
PEPE,1768879680000,1768879740000,5.21e-06,5.22e-06,12.506728693139657,target,2613736404.0,2
PEPE,1768880520000,1768880580000,5.21e-06,5.22e-06,12.50828347361978,target,2614061332.0,2
PEPE,1768881240000,1768881300000,5.21e-06,5.22e-06,12.509838445500232,target,2614386300.0,2
PEPE,1768881780000,1768881840000,5.21e-06,5.22e-06,12.511393613564751,target,2614711309.0,2
PEPE,1768884120000,1768884180000,5.18e-06,5.19e-06,12.601216645020349,target,2617075108.0,2
PEPE,1768884720000,1768884780000,5.2e-06,5.21e-06,12.543926458315717,target,2616043057.0,2
PEPE,1768885620000,1768885680000,5.22e-06,5.23e-06,12.4866755624743,target,2615010589.0,2
PEPE,1768886220000,1768886280000,5.2e-06,5.21e-06,12.547045461965354,target,2616693527.0,2
PEPE,1768886820000,1768886880000,5.2e-06,5.21e-06,12.548608919665167,target,2617019587.0,2
PEPE,1768887420000,1768887540000,5.22e-06,5.23e-06,12.491336654848611,target,2615986734.0,2
PEPE,1768888680000,1768888740000,5.23e-06,5.24e-06,12.463487175689739,target,2615632146.0,2
PEPE,1768889460000,1768889520000,5.21e-06,5.22e-06,12.523849250880716,target,2617314368.0,2
PEPE,1768889820000,1768890300000,5.2e-06,5.21e-06,12.554842707366138,target,2618319647.0,2
PEPE,1768891620000,1768891680000,5.2e-06,5.21e-06,12.556407138450624,target,2618645910.0,2
PEPE,1768893420000,1768893480000,5.19e-06,5.2e-06,12.587430949615484,target,2619652643.0,2
PEPE,1768953720000,1768953780000,4.980000000000001e-06,4.9900000000000005e-06,13.211279131520378,target,2634352768.0,2
PEPE,1768955520000,1768955580000,5.02e-06,5.03e-06,13.093940583599757,target,2631947856.0,2
PEPE,1768956720000,1768956780000,5.0800000000000005e-06,5.09e-06,12.917478306452129,target,2628174630.0,2
PEPE,1768957380000,1768957440000,5.070000000000001e-06,5.0800000000000005e-06,12.948792319249735,target,2629196410.0,2
PEPE,1768958040000,1768958100000,5.09e-06,5.1e-06,12.891145131225503,target,2628164145.0,2
PEPE,1768958520000,1768958580000,5.09e-06,5.1e-06,12.892793024836497,target,2628500107.0,2
PEPE,1768959240000,1768959300000,5.09e-06,5.1e-06,12.89444112936199,target,2628836112.0,2
PEPE,1768959720000,1768959780000,5.0800000000000005e-06,5.09e-06,12.925748123256724,target,2629857197.0,2
PEPE,1768960320000,1768960380000,5.0800000000000005e-06,5.09e-06,12.927404242336607,target,2630194149.0,2
PEPE,1768962120000,1768962180000,5.12e-06,5.13e-06,12.810488115748848,target,2627792434.0,2
PEPE,1768964220000,1768964280000,5.0800000000000005e-06,5.09e-06,12.93070192226538,target,2630865091.0,2
PEPE,1768967220000,1768967280000,5.04e-06,5.05e-06,13.051208856635935,target,2633947297.0,2
PEPE,1768968420000,1768968600000,5.04e-06,5.05e-06,13.052896420625064,target,2634287875.0,2
PEPE,1768969020000,1768969080000,5.03e-06,5.04e-06,13.084343195250273,target,2635315850.0,2
PEPE,1768969620000,1768969680000,5.05e-06,5.06e-06,13.026528708085426,target,2634282853.0,2
PEPE,1768970220000,1768970280000,5.05e-06,5.06e-06,13.02820924161162,target,2634622698.0,2
PEPE,1768970820000,1768971720000,5.06e-06,5.01e-06,-151.57622279981837,stop,2634275683.0,2
PEPE,1768974120000,1768974180000,5.03e-06,5.04e-06,13.069771590524388,target,2632380985.0,2
PEPE,1768974720000,1768974780000,5.04e-06,5.05e-06,13.04173569934493,target,2632035459.0,2
PEPE,1768975320000,1768975380000,5.03e-06,5.04e-06,13.073155585575961,target,2633062555.0,2
PEPE,1768975980000,1768976040000,5.03e-06,5.04e-06,13.074849837211266,target,2633403794.0,2
PEPE,1768976520000,1768976580000,5.05e-06,5.06e-06,13.017077299916469,target,2632371547.0,2
PEPE,1768977720000,1768977780000,5.05e-06,5.06e-06,13.018756612025761,target,2632711145.0,2
PEPE,1768978320000,1768978380000,5.05e-06,5.06e-06,13.020436141715525,target,2633050787.0,2
PEPE,1769041320000,1769041380000,5.1700000000000005e-06,5.18e-06,12.666474687326911,target,2625176101.0,2
PEPE,1769041920000,1769041980000,5.1700000000000005e-06,5.18e-06,12.668064143652177,target,2625505522.0,2
PEPE,1769042640000,1769042700000,5.2e-06,5.21e-06,12.581067670010365,target,2623788878.0,2
PEPE,1769043240000,1769043300000,5.2e-06,5.21e-06,12.582635371284898,target,2624115823.0,2
PEPE,1769043720000,1769043780000,5.2e-06,5.21e-06,12.584203264361667,target,2624442808.0,2
PEPE,1769044320000,1769044380000,5.19e-06,5.2e-06,12.615295750046629,target,2625451769.0,2
PEPE,1769044920000,1769044980000,5.22e-06,5.23e-06,12.528333139976993,target,2623734689.0,2
PEPE,1769045520000,1769045580000,5.22e-06,5.23e-06,12.529886944074686,target,2624060093.0,2
PEPE,1769046120000,1769046180000,5.2e-06,5.21e-06,12.59046576451876,target,2625748856.0,2
PEPE,1769047620000,1769047680000,5.23e-06,5.24e-06,12.503509358926518,target,2624031345.0,2
PEPE,1769048880000,1769048940000,5.22e-06,5.23e-06,12.53455319345187,target,2625037318.0,2
PEPE,1769049720000,1769049780000,5.22e-06,5.23e-06,12.53610777110072,target,2625362884.0,2
PEPE,1769050920000,1769050980000,5.21e-06,5.22e-06,12.56718193813559,target,2626370311.0,2
PEPE,1769052360000,1769052420000,5.2e-06,5.21e-06,12.598282631059828,target,2627379068.0,2
PEPE,1769055180000,1769055240000,5.21e-06,5.22e-06,12.570310395061947,target,2627024116.0,2
PEPE,1769056380000,1769056440000,5.2e-06,5.21e-06,12.601418834375368,target,2628033125.0,2
PEPE,1769057220000,1769057280000,5.2e-06,5.21e-06,12.60298906741252,target,2628360598.0,2
PEPE,1769057880000,1769057940000,5.2e-06,5.21e-06,12.60455949703882,target,2628688112.0,2
PEPE,1769058420000,1769058540000,5.2e-06,5.21e-06,12.606130123265194,target,2629015667.0,2
PEPE,1769060820000,1769060880000,5.18e-06,5.19e-06,12.666867999976734,target,2630709865.0,2
PEPE,1769063820000,1769063880000,5.15e-06,5.16e-06,12.757330919265609,target,2633092037.0,2
PEPE,1769064420000,1769064480000,5.15e-06,5.16e-06,12.758939246085816,target,2633423993.0,2
PEPE,1769068500000,1769068560000,5.12e-06,5.13e-06,12.849586142249745,target,2635812542.0,2
PEPE,1769069520000,1769069760000,5.12e-06,5.13e-06,12.851217400126306,target,2636147159.0,2
PEPE,1769126520000,1769126580000,4.94e-06,4.95e-06,13.390149247034293,target,2648892037.0,2
PEPE,1769127120000,1769127180000,4.94e-06,4.95e-06,13.391920195515334,target,2649242373.0,2
PEPE,1769127720000,1769127780000,4.93e-06,4.94e-06,13.423697688429888,target,2650285822.0,2
PEPE,1769129220000,1769129280000,4.92e-06,4.93e-06,13.455503038600911,target,2651330648.0,2
PEPE,1769129880000,1769129940000,4.93e-06,4.94e-06,13.427260627225277,target,2650989265.0,2
PEPE,1769130480000,1769130540000,4.94e-06,4.95e-06,13.399022212709843,target,2650647322.0,2
PEPE,1769131020000,1769131080000,4.95e-06,4.96e-06,13.37078780681,target,2650304818.0,2
PEPE,1769131740000,1769131800000,4.94e-06,4.95e-06,13.402562719544992,target,2651347719.0,2
PEPE,1769132280000,1769132340000,4.96e-06,4.97e-06,13.344322093154206,target,2650312233.0,2
PEPE,1769132820000,1769132880000,4.97e-06,4.98e-06,13.316092044150206,target,2649968566.0,2
PEPE,1769133420000,1769133480000,4.980000000000001e-06,4.9900000000000005e-06,13.287866070115456,target,2649624341.0,2
PEPE,1769134680000,1769134740000,4.97e-06,4.98e-06,13.319586996977865,target,2650664079.0,2
PEPE,1769135220000,1769135280000,4.97e-06,4.98e-06,13.32133678237537,target,2651012295.0,2
PEPE,1769135820000,1769135880000,4.97e-06,4.98e-06,13.323086798923525,target,2651360557.0,2
PEPE,1769136420000,1769136480000,4.97e-06,4.98e-06,13.324837051649755,target,2651708866.0,2
PEPE,1769137320000,1769137380000,4.97e-06,4.98e-06,13.326587525475418,target,2652057219.0,2
PEPE,1769137980000,1769138040000,4.9900000000000005e-06,5e-06,13.268356045944799,target,2651020189.0,2
PEPE,1769138520000,1769138580000,5.01e-06,5.02e-06,13.210163864183246,target,2649982721.0,2
PEPE,1769139120000,1769139180000,5.01e-06,5.02e-06,13.211883664260935,target,2650327716.0,2
PEPE,1769139720000,1769139780000,5e-06,5.01e-06,13.243567365809596,target,2651364838.0,2
PEPE,1769142120000,1769142180000,5.03e-06,5.04e-06,13.15543957729348,target,2649635363.0,2
PEPE,1769142720000,1769142780000,5.01e-06,5.02e-06,13.21704051714973,target,2651362190.0,2
PEPE,1769143320000,1769143380000,5.02e-06,5.03e-06,13.188801485652117,target,2651015374.0,2
PEPE,1769145120000,1769145180000,5.03e-06,5.04e-06,13.160566629931477,target,2650668002.0,2
PEPE,1769213520000,1769213580000,5.03e-06,5.04e-06,13.162272211695146,target,2651011523.0,2
PEPE,1769214120000,1769214180000,5.04e-06,5.05e-06,13.134037895207042,target,2650663551.0,2
PEPE,1769214720000,1769214780000,5.04e-06,5.05e-06,13.135736161995498,target,2651006289.0,2
PEPE,1769215380000,1769215440000,5.04e-06,5.05e-06,13.137434656714795,target,2651349073.0,2
PEPE,1769215920000,1769215980000,5.04e-06,5.05e-06,13.139133364500436,target,2651691900.0,2
PEPE,1769218020000,1769218200000,5.02e-06,5.03e-06,13.200759146900786,target,2653418924.0,2
PEPE,1769219220000,1769219280000,5.01e-06,5.02e-06,13.23246461063443,target,2654456291.0,2
PEPE,1769220120000,1769220300000,5.01e-06,5.02e-06,13.23418731696672,target,2654801869.0,2
PEPE,1769221380000,1769221440000,5e-06,5.01e-06,13.265924501293902,target,2655840741.0,2
PEPE,1769221920000,1769221980000,5.01e-06,5.02e-06,13.237637305855802,target,2655493943.0,2
PEPE,1769222520000,1769223180000,5.02e-06,5.03e-06,13.209354270324898,target,2655146587.0,2
PEPE,1769223720000,1769223780000,5.01e-06,5.02e-06,13.241080380549414,target,2656184630.0,2
PEPE,1769224920000,1769224980000,5.06e-06,5.07e-06,13.092889602870764,target,2653067802.0,2
PEPE,1769225580000,1769225640000,5.070000000000001e-06,5.0800000000000005e-06,13.064634948299325,target,2652717756.0,2
PEPE,1769226180000,1769226240000,5.0800000000000005e-06,5.09e-06,13.036384576655305,target,2652367157.0,2
PEPE,1769226720000,1769226780000,5.070000000000001e-06,5.0800000000000005e-06,13.067986834350751,target,2653398342.0,2
PEPE,1769227620000,1769227740000,5.0800000000000005e-06,5.09e-06,13.039729209581083,target,2653047652.0,2
PEPE,1769228220000,1769228820000,5.12e-06,5.070000000000001e-06,-152.7555227264698,stop,2650625069.0,2
PEPE,1769229120000,1769229180000,5.070000000000001e-06,5.0800000000000005e-06,13.051722765524458,target,2650095993.0,2
PEPE,1769231160000,1769231400000,5.06e-06,5.07e-06,13.0833130034266,target,2651127255.0,2
PEPE,1769232420000,1769233500000,5.070000000000001e-06,5.0800000000000005e-06,13.055079015125816,target,2650777465.0,2
PEPE,1769234580000,1769236020000,5.0800000000000005e-06,5.030000000000001e-06,-152.58508941353847,stop,2650427122.0,2
PEPE,1769237520000,1769237580000,5.05e-06,5.06e-06,13.096930054961764,target,2648519728.0,2
PEPE,1769239020000,1769239080000,5.03e-06,5.04e-06,13.158459195960237,target,2650243544.0,2
PEPE,1769299320000,1769299380000,5e-06,5.01e-06,13.250052624061588,target,2652663188.0,2
PEPE,1769299920000,1769300460000,5e-06,5.01e-06,13.251781528426953,target,2653009315.0,2
PEPE,1769301540000,1769301600000,4.9900000000000005e-06,5e-06,13.283512497255582,target,2654048451.0,2
PEPE,1769302620000,1769302680000,5e-06,5.01e-06,13.25524393255543,target,2653702489.0,2
PEPE,1769303220000,1769303400000,5e-06,5.01e-06,13.25697351624062,target,2654048752.0,2
PEPE,1769303820000,1769304120000,5e-06,5.01e-06,13.258703324699187,target,2654395060.0,2
PEPE,1769304660000,1769304720000,4.9900000000000005e-06,5e-06,13.290450863691028,target,2655434738.0,2
PEPE,1769305140000,1769305200000,4.9900000000000005e-06,5e-06,13.292188970061314,target,2655782012.0,2
PEPE,1769305620000,1769305680000,5.01e-06,5.02e-06,13.23389225980089,target,2654742680.0,2
PEPE,1769306220000,1769306280000,4.9900000000000005e-06,5e-06,13.295658005629672,target,2656475126.0,2
PEPE,1769306880000,1769306940000,4.9900000000000005e-06,5e-06,13.297396787673575,target,2656822535.0,2
PEPE,1769308920000,1769308980000,4.980000000000001e-06,4.9900000000000005e-06,13.329188616965164,target,2657864131.0,2
PEPE,1769309520000,1769309580000,4.980000000000001e-06,4.9900000000000005e-06,13.330935722606437,target,2658212507.0,2
PEPE,1769310120000,1769310180000,4.97e-06,4.98e-06,13.362759465375367,target,2659255615.0,2
PEPE,1769310900000,1769310960000,4.97e-06,4.98e-06,13.364514924001334,target,2659604960.0,2
PEPE,1769314320000,1769314380000,4.95e-06,4.96e-06,13.426486417964256,target,2661345177.0,2
PEPE,1769314920000,1769314980000,4.95e-06,4.96e-06,13.42825819674144,target,2661696372.0,2
PEPE,1769315520000,1769315580000,4.96e-06,4.97e-06,13.399906489226826,target,2661351835.0,2
PEPE,1769316180000,1769316240000,4.96e-06,4.97e-06,13.401670788471172,target,2661702242.0,2
PEPE,1769316720000,1769316780000,4.97e-06,4.98e-06,13.373319422476436,target,2661357099.0,2
PEPE,1769317500000,1769317560000,4.95e-06,4.96e-06,13.435331740788186,target,2663098462.0,2
PEPE,1769317920000,1769318100000,4.96e-06,4.97e-06,13.406965096005692,target,2662753743.0,2
PEPE,1769318520000,1769318580000,4.96e-06,4.97e-06,13.40873033176153,target,2663104336.0,2
PEPE,1769319180000,1769319240000,4.980000000000001e-06,4.9900000000000005e-06,13.350248001149925,target,2662063410.0,2
PEPE,1769385720000,1769385780000,4.7e-06,4.71e-06,14.20134944303844,target,2682030112.0,2
PEPE,1769386320000,1769386380000,4.7300000000000005e-06,4.74e-06,14.111716330529411,target,2680288002.0,2
PEPE,1769386920000,1769386980000,4.75e-06,4.76e-06,14.052667487820571,target,2679250236.0,2
PEPE,1769387520000,1769388240000,4.74e-06,4.690000000000001e-06,-152.93929674077765,stop,2680324163.0,2
PEPE,1769388720000,1769388780000,4.74e-06,4.75e-06,14.0639652600861,target,2676301667.0,2
PEPE,1769389920000,1769389980000,4.8200000000000004e-06,4.83e-06,13.822705526398208,target,2671054208.0,2
PEPE,1769390700000,1769390760000,4.83e-06,4.84e-06,13.794250164678708,target,2670716392.0,2
PEPE,1769391780000,1769391840000,4.84e-06,4.85e-06,13.765798620929328,target,2670378006.0,2
PEPE,1769392920000,1769393880000,4.86e-06,4.8100000000000005e-06,-152.792984737439,stop,2669339356.0,2
PEPE,1769394720000,1769394780000,4.85e-06,4.86e-06,13.716734593697126,target,2666031991.0,2
PEPE,1769395320000,1769396760000,4.85e-06,4.86e-06,13.718585389110043,target,2666391718.0,2
PEPE,1769397660000,1769397720000,4.83e-06,4.84e-06,13.78099610323076,target,2668150262.0,2
PEPE,1769399220000,1769400120000,4.8200000000000004e-06,4.83e-06,13.81317155144924,target,2669211894.0,2
PEPE,1769400420000,1769400480000,4.8200000000000004e-06,4.83e-06,13.815047701124541,target,2669574435.0,2
PEPE,1769401020000,1769401080000,4.83e-06,4.84e-06,13.786608102990176,target,2669236806.0,2
PEPE,1769401620000,1769402460000,4.9000000000000005e-06,4.850000000000001e-06,-152.68768938329862,stop,2664706621.0,2
PEPE,1769402820000,1769402880000,4.86e-06,4.87e-06,13.677054856141332,target,2663496564.0,2
PEPE,1769404320000,1769404380000,4.85e-06,4.86e-06,13.709127320176623,target,2664553415.0,2
PEPE,1769406720000,1769406780000,4.84e-06,4.85e-06,13.741228112456511,target,2665611661.0,2
PEPE,1769407620000,1769407680000,4.8200000000000004e-06,4.83e-06,13.803644159100157,target,2667370852.0,2
PEPE,1769409120000,1769409180000,4.83e-06,4.84e-06,13.775228032665304,target,2667033501.0,2
PEPE,1769409720000,1769409780000,4.83e-06,4.84e-06,13.777094927078052,target,2667394952.0,2
PEPE,1769410320000,1769410380000,4.85e-06,4.86e-06,13.718411344050622,target,2666357890.0,2
PEPE,1769410920000,1769410980000,4.84e-06,4.85e-06,13.750533877215293,target,2667416853.0,2
PEPE,1769472120000,1769472180000,5e-06,5.01e-06,13.269880831006045,target,2656632799.0,2
PEPE,1769473320000,1769473380000,5e-06,5.01e-06,13.271612322780557,target,2656979444.0,2
PEPE,1769473920000,1769473980000,5.03e-06,5.04e-06,13.183297914255679,target,2655246307.0,2
PEPE,1769474520000,1769474580000,5.05e-06,5.06e-06,13.125046187611659,target,2654205498.0,2
PEPE,1769475120000,1769475180000,5.04e-06,5.05e-06,13.156715602266289,target,2655240283.0,2
PEPE,1769475720000,1769475780000,5.03e-06,5.04e-06,13.188412499774358,target,2656276435.0,2
PEPE,1769476320000,1769476380000,5.05e-06,5.06e-06,13.130138172791515,target,2655235222.0,2
PEPE,1769476920000,1769476980000,5.06e-06,5.07e-06,13.101859898084708,target,2654885491.0,2
PEPE,1769477520000,1769477580000,5.1e-06,5.11e-06,12.983798313143875,target,2652461351.0,2
PEPE,1769478120000,1769478180000,5.11e-06,5.12e-06,12.955552396610496,target,2652108986.0,2
PEPE,1769478720000,1769479320000,5.18e-06,5.19e-06,12.748296631725392,target,2647621315.0,2
PEPE,1769479620000,1769479920000,5.19e-06,5.140000000000001e-06,-152.83983426722867,stop,2647264818.0,2
PEPE,1769480220000,1769480280000,5.14e-06,5.15e-06,12.849874829700578,target,2646730140.0,2
PEPE,1769480820000,1769480880000,5.14e-06,5.15e-06,12.851498594162148,target,2647064592.0,2
PEPE,1769482020000,1769482080000,5.13e-06,5.14e-06,12.882947993510136,target,2648087974.0,2
PEPE,1769483520000,1769483580000,5.14e-06,5.15e-06,12.854750497434527,target,2647734397.0,2
PEPE,1769484120000,1769484180000,5.13e-06,5.14e-06,12.886207854870136,target,2648758038.0,2
PEPE,1769484720000,1769484780000,5.12e-06,5.13e-06,12.917692276125159,target,2649783031.0,2
PEPE,1769485680000,1769487060000,5.11e-06,5.12e-06,12.949203811530658,target,2650809378.0,2
PEPE,1769487540000,1769487600000,5.1e-06,5.11e-06,12.980742506600777,target,2651837080.0,2
PEPE,1769488320000,1769488440000,5.09e-06,5.1e-06,13.012308416700824,target,2652866140.0,2
PEPE,1769489820000,1769489880000,5.09e-06,5.1e-06,13.013971800299984,target,2653205260.0,2
PEPE,1769492220000,1769492280000,5.06e-06,5.07e-06,13.105483051709987,target,2655619666.0,2
PEPE,1769492820000,1769492880000,5.05e-06,5.06e-06,13.137154227799176,target,2656654040.0,2
PEPE,1769560020000,1769560500000,5.02e-06,4.970000000000001e-06,-152.84373923483895,stop,2659076883.0,2
PEPE,1769561520000,1769561580000,5.01e-06,5.02e-06,13.23905994011239,target,2655779326.0,2
PEPE,1769562720000,1769562780000,5e-06,5.01e-06,13.270808817090382,target,2656818582.0,2
PEPE,1769563320000,1769565180000,5.01e-06,4.9900000000000005e-06,-73.03968815422402,time,2656471655.0,2
PEPE,1769566380000,1769566440000,5e-06,5.01e-06,13.263009993720072,target,2655257256.0,2
PEPE,1769567580000,1769567820000,5.02e-06,5.03e-06,13.204733097298814,target,2654217708.0,2
PEPE,1769568120000,1769568180000,5.02e-06,5.03e-06,13.206448293226504,target,2654562471.0,2
PEPE,1769569440000,1769569500000,5.02e-06,5.03e-06,13.208163713024643,target,2654907279.0,2
PEPE,1769569920000,1769569980000,5.01e-06,5.02e-06,13.239886966564576,target,2655945229.0,2
PEPE,1769570820000,1769571240000,5.01e-06,5.02e-06,13.241610635000933,target,2656291000.0,2
PEPE,1769571840000,1769571900000,5e-06,5.01e-06,13.273365622725148,target,2657330455.0,2
PEPE,1769572380000,1769572440000,4.9900000000000005e-06,5e-06,13.30514827642126,target,2658371284.0,2
PEPE,1769572980000,1769573040000,4.9900000000000005e-06,5e-06,13.306888299705502,target,2658718941.0,2
PEPE,1769575020000,1769575080000,4.980000000000001e-06,4.9900000000000005e-06,13.338702819200753,target,2659761280.0,2
PEPE,1769576220000,1769576280000,4.980000000000001e-06,4.9900000000000005e-06,13.340451173574426,target,2660109905.0,2
PEPE,1769577000000,1769577060000,5.01e-06,5.02e-06,13.252000421851246,target,2658375210.0,2
PEPE,1769577420000,1769577480000,4.980000000000001e-06,4.9900000000000005e-06,13.343936749024671,target,2660804935.0,2
PEPE,1769578080000,1769578140000,4.97e-06,4.98e-06,13.375791526499853,target,2661849060.0,2
PEPE,1769579160000,1769579220000,5e-06,5.01e-06,13.287266797637361,target,2660113473.0,2
PEPE,1769579520000,1769579580000,5.01e-06,5.02e-06,13.258934088261359,target,2659766116.0,2
PEPE,1769580120000,1769580180000,5.03e-06,5.04e-06,13.200566546701554,target,2658724380.0,2
PEPE,1769580720000,1769580780000,5.03e-06,5.04e-06,13.202277306960319,target,2659068944.0,2
PEPE,1769581320000,1769581380000,5.02e-06,5.03e-06,13.234035086125198,target,2660107555.0,2
PEPE,1769581920000,1769581980000,5.04e-06,5.05e-06,13.175668378164989,target,2659065263.0,2
PEPE,1769651220000,1769651280000,4.890000000000001e-06,4.9000000000000005e-06,13.629607365441498,target,2669854528.0,2
PEPE,1769652780000,1769652840000,4.890000000000001e-06,4.9000000000000005e-06,13.63143019758041,target,2670211596.0,2
PEPE,1769653920000,1769653920000,4.87e-06,4.8200000000000004e-06,-152.98352864156902,entry_bar_stop,2671968014.0,2
PEPE,1769658120000,1769658180000,4.8200000000000004e-06,4.83e-06,13.824792448649479,target,2671457478.0,2
PEPE,1769659020000,1769659080000,4.8200000000000004e-06,4.83e-06,13.82667018187525,target,2671820325.0,2
PEPE,1769661180000,1769661240000,4.8100000000000005e-06,4.8200000000000004e-06,13.85890559844382,target,2672884397.0,2
PEPE,1769661720000,1769661780000,4.8100000000000005e-06,4.8200000000000004e-06,13.860792093290682,target,2673248234.0,2
PEPE,1769662320000,1769662380000,4.8200000000000004e-06,4.83e-06,13.832313146775306,target,2672910753.0,2
PEPE,1769662920000,1769662980000,4.8200000000000004e-06,4.83e-06,13.8341918994763,target,2673273797.0,2
PEPE,1769663520000,1769663580000,4.83e-06,4.84e-06,13.805712890501209,target,2672935700.0,2
PEPE,1769664240000,1769664300000,4.8200000000000004e-06,4.83e-06,13.837946046300932,target,2673999236.0,2
PEPE,1769664720000,1769664780000,4.8200000000000004e-06,4.83e-06,13.839825564900323,target,2674362428.0,2
PEPE,1769665320000,1769665380000,4.8200000000000004e-06,4.83e-06,13.841705337076544,target,2674725669.0,2
PEPE,1769666100000,1769666160000,4.8100000000000005e-06,4.8200000000000004e-06,13.873975806130252,target,2675790898.0,2
PEPE,1769668020000,1769668080000,4.8200000000000004e-06,4.83e-06,13.845469771799497,target,2675453096.0,2
PEPE,1769668620000,1769668680000,4.83e-06,4.84e-06,13.816967549460262,target,2675114724.0,2
PEPE,1769669280000,1769669340000,4.8200000000000004e-06,4.83e-06,13.849226977049806,target,2676179126.0,2
PEPE,1769669820000,1769669880000,4.83e-06,4.84e-06,13.820717019230175,target,2675840662.0,2
PEPE,1769670420000,1769670480000,4.85e-06,4.86e-06,13.761847625821492,target,2674800316.0,2
PEPE,1769671620000,1769673480000,4.86e-06,4.84e-06,-72.93252935402933,time,2674460189.0,2
PEPE,1769675520000,1769675580000,4.84e-06,4.85e-06,13.784209383821807,target,2673949444.0,2
PEPE,1769676120000,1769676180000,4.83e-06,4.84e-06,13.816439056330383,target,2675012402.0,2
PEPE,1769676720000,1769676780000,4.8200000000000004e-06,4.83e-06,13.84869725369899,target,2676076764.0,2
PEPE,1769677620000,1769677680000,4.83e-06,4.84e-06,13.82018838664534,target,2675738313.0,2
PEPE,1769731320000,1769731380000,4.74e-06,4.75e-06,13.821313086409447,target,2630126182.0,3
PEPE,1769731920000,1769733660000,4.74e-06,4.75e-06,13.823223373500554,target,2630489700.0,3
PEPE,1769734020000,1769734080000,4.74e-06,4.75e-06,13.82513392859613,target,2630853269.0,3
PEPE,1769734620000,1769734680000,4.7300000000000005e-06,4.74e-06,13.856999652988623,target,2631908766.0,3
PEPE,1769735820000,1769736240000,4.77e-06,4.7200000000000005e-06,-150.1580314979983,stop,2629507600.0,3
PEPE,1769736900000,1769737020000,4.74e-06,4.75e-06,13.808206149489742,target,2627631998.0,3
PEPE,1769740920000,1769740980000,4.69e-06,4.7e-06,13.959863310851611,target,2631453970.0,3
PEPE,1769742120000,1769742180000,4.65e-06,4.66e-06,14.081913503379958,target,2634595604.0,3
PEPE,1769743320000,1769743380000,4.6400000000000005e-06,4.65e-06,14.113966598864515,target,2635661363.0,3
PEPE,1769746920000,1769746980000,4.6300000000000006e-06,4.6400000000000005e-06,14.146048563449847,target,2636728530.0,3
PEPE,1769748720000,1769748780000,4.62e-06,4.63e-06,14.178159444749657,target,2637797106.0,3
PEPE,1769749920000,1769750100000,4.61e-06,4.62e-06,14.21029929580697,target,2638867093.0,3
PEPE,1769750520000,1769750580000,4.61e-06,4.62e-06,14.212318837740899,target,2639242124.0,3
PEPE,1769751120000,1769751180000,4.6300000000000006e-06,4.6400000000000005e-06,14.15407911541445,target,2638225371.0,3
PEPE,1769751720000,1769751780000,4.61e-06,4.62e-06,14.216350210288766,target,2639990754.0,3
PEPE,1769752800000,1769752860000,4.6e-06,4.61e-06,14.248532786345487,target,2641062611.0,3
PEPE,1769753220000,1769754060000,4.6e-06,4.5500000000000005e-06,-150.16579293749885,stop,2641438750.0,3
PEPE,1769757420000,1769757480000,4.6e-06,4.61e-06,14.229175520948381,target,2637474610.0,3
PEPE,1769758020000,1769758080000,4.6e-06,4.61e-06,14.231202034009415,target,2637850238.0,3
PEPE,1769758680000,1769758740000,4.58e-06,4.59e-06,14.293536116071412,target,2639618858.0,3
PEPE,1769759220000,1769759340000,4.59e-06,4.6e-06,14.26541450555643,target,2639299631.0,3
PEPE,1769759940000,1769760000000,4.6e-06,4.61e-06,14.237296182851367,target,2638979830.0,3
PEPE,1769760420000,1769760480000,4.59e-06,4.6e-06,14.269482443680355,target,2640052256.0,3
PEPE,1769761080000,1769761140000,4.59e-06,4.6e-06,14.271518999035164,target,2640429047.0,3
PEPE,1769817720000,1769817780000,4.6300000000000006e-06,4.6400000000000005e-06,14.152982482589847,target,2638020966.0,3
PEPE,1769818320000,1769818380000,4.61e-06,4.62e-06,14.21524875162028,target,2639786212.0,3
PEPE,1769820120000,1769820180000,4.62e-06,4.63e-06,14.187125062999648,target,2639465128.0,3
PEPE,1769822820000,1769822880000,4.62e-06,4.63e-06,14.189137038374486,target,2639839449.0,3
PEPE,1769824020000,1769824380000,4.61e-06,4.62e-06,14.2213017716402,target,2640910264.0,3
PEPE,1769824920000,1769824980000,4.6e-06,4.61e-06,14.2534955551297,target,2641982494.0,3
PEPE,1769825520000,1769825580000,4.59e-06,4.6e-06,14.285718436700378,target,2643056140.0,3
PEPE,1769827020000,1769827080000,4.59e-06,4.6e-06,14.287757310799496,target,2643433360.0,3
PEPE,1769827740000,1769827800000,4.59e-06,4.6e-06,14.289796476769585,target,2643810634.0,3
PEPE,1769828220000,1769828280000,4.6e-06,4.61e-06,14.261630098364861,target,2643490287.0,3
PEPE,1769828820000,1769828880000,4.59e-06,4.6e-06,14.293871365725291,target,2644564545.0,3
PEPE,1769830320000,1769830380000,4.6e-06,4.61e-06,14.265696957264726,target,2644244107.0,3
PEPE,1769830920000,1769830980000,4.6e-06,4.61e-06,14.267728665710287,target,2644620698.0,3
PEPE,1769831580000,1769831640000,4.58e-06,4.59e-06,14.330222741071053,target,2646393858.0,3
PEPE,1769833200000,1769833260000,4.58e-06,4.59e-06,14.33227229149547,target,2646772353.0,3
PEPE,1769833680000,1769833740000,4.58e-06,4.59e-06,14.334322134331885,target,2647150902.0,3
PEPE,1769834220000,1769834280000,4.58e-06,4.59e-06,14.336372269576657,target,2647529505.0,3
PEPE,1769836620000,1769836680000,4.56e-06,4.57e-06,14.398983284120105,target,2649306952.0,3
PEPE,1769837220000,1769837280000,4.56e-06,4.57e-06,14.401051366840068,target,2649687464.0,3
PEPE,1769837820000,1769837880000,4.56e-06,4.57e-06,14.40311974305045,target,2650068030.0,3
PEPE,1769839020000,1769839140000,4.56e-06,4.57e-06,14.405188418183764,target,2650448651.0,3
PEPE,1769844720000,1769845140000,4.47e-06,4.420000000000001e-06,-150.54059750854262,stop,2657145839.0,3
PEPE,1769846880000,1769846940000,4.4600000000000005e-06,4.47e-06,14.68911932874126,target,2653860764.0,3
PEPE,1769847780000,1769847840000,4.450000000000001e-06,4.4600000000000005e-06,14.721714850781158,target,2654953084.0,3
PEPE,1769904120000,1769904180000,4.14e-06,4.15e-06,15.675762899270449,target,2677329274.0,3
PEPE,1769904720000,1769904780000,4.16e-06,4.17e-06,15.616318540860124,target,2676318516.0,3
PEPE,1769905320000,1769905380000,4.18e-06,4.19e-06,15.556911658751027,target,2675307250.0,3
PEPE,1769905920000,1769905980000,4.17e-06,4.18e-06,15.59024335227743,target,2676436627.0,3
PEPE,1769907720000,1769908140000,4.16e-06,4.1100000000000005e-06,-150.45251771262033,stop,2677567498.0,3
PEPE,1769909520000,1769909640000,4.16e-06,4.17e-06,15.600159220232015,target,2673549138.0,3
PEPE,1769910120000,1769910180000,4.14e-06,4.15e-06,15.664433011727027,target,2675394195.0,3
PEPE,1769910720000,1769910780000,4.15e-06,4.16e-06,15.635949505052132,target,2675098290.0,3
PEPE,1769911320000,1769911380000,4.17e-06,4.18e-06,15.57656218642613,target,2674087929.0,3
PEPE,1769911920000,1769912220000,4.18e-06,4.19e-06,15.548090379345243,target,2673790263.0,3
PEPE,1769912520000,1769912580000,4.15e-06,4.16e-06,15.643251301161833,target,2676347528.0,3
PEPE,1769913720000,1769913780000,4.17e-06,4.18e-06,15.583836254199545,target,2675336696.0,3
PEPE,1769914320000,1769914380000,4.16e-06,4.17e-06,15.617185540171175,target,2676467102.0,3
PEPE,1769915100000,1769915160000,4.16e-06,4.17e-06,15.619619382855223,target,2676884213.0,3
PEPE,1769915640000,1769915700000,4.16e-06,4.17e-06,15.622053604816776,target,2677301389.0,3
PEPE,1769916180000,1769916240000,4.16e-06,4.17e-06,15.62448821188662,target,2677718631.0,3
PEPE,1769916720000,1769916780000,4.16e-06,4.17e-06,15.62692319239409,target,2678135937.0,3
PEPE,1769917320000,1769917380000,4.16e-06,4.17e-06,15.62935855801349,target,2678553309.0,3
PEPE,1769917920000,1769917980000,4.18e-06,4.19e-06,15.56990207218308,target,2677541199.0,3
PEPE,1769918520000,1769918580000,4.1900000000000005e-06,4.2000000000000004e-06,15.541392787965055,target,2677242513.0,3
PEPE,1769919960000,1769920020000,4.2000000000000004e-06,4.21e-06,15.512885994668327,target,2676943226.0,3
PEPE,1769920320000,1769920380000,4.21e-06,4.22e-06,15.48438171033008,target,2676643338.0,3
PEPE,1769920920000,1769920980000,4.21e-06,4.22e-06,15.486770990537055,target,2677056351.0,3
PEPE,1769922120000,1769922180000,4.21e-06,4.22e-06,15.489160640980945,target,2677469428.0,3
PEPE,1769991420000,1769991480000,4.1900000000000005e-06,4.2000000000000004e-06,15.553401248971664,target,2679311154.0,3
PEPE,1769992020000,1769992080000,4.21e-06,4.22e-06,15.493950592056311,target,2678297423.0,3
PEPE,1769992620000,1769992680000,4.22e-06,4.23e-06,15.465431225475593,target,2677996749.0,3
PEPE,1769993340000,1769993400000,4.21e-06,4.22e-06,15.498727706215426,target,2679123199.0,3
PEPE,1769994420000,1769994540000,4.22e-06,4.170000000000001e-06,-150.76412652923753,stop,2678822433.0,3
PEPE,1769995320000,1769995380000,4.2000000000000004e-06,4.21e-06,15.508745612044388,target,2676228751.0,3
PEPE,1769995920000,1769995980000,4.22e-06,4.23e-06,15.449370915826883,target,2675215743.0,3
PEPE,1769996520000,1769996580000,4.22e-06,4.23e-06,15.451750036799062,target,2675627712.0,3
PEPE,1769997120000,1769997180000,4.21e-06,4.22e-06,15.48501706530962,target,2676753166.0,3
PEPE,1770004680000,1770004740000,4.15e-06,4.16e-06,15.673106701944608,target,2681455381.0,3
PEPE,1770005520000,1770005820000,4.1000000000000006e-06,4.1100000000000005e-06,15.830783693551316,target,2685459490.0,3
PEPE,1770006120000,1770006180000,4.1100000000000005e-06,4.12e-06,15.802196183896257,target,2685165027.0,3
PEPE,1770006720000,1770006840000,4.1900000000000005e-06,4.2000000000000004e-06,15.556569083911821,target,2679856862.0,3
PEPE,1770007320000,1770007380000,4.17e-06,4.18e-06,15.620917901299329,target,2681702644.0,3
PEPE,1770008100000,1770008160000,4.13e-06,4.14e-06,15.747443019030124,target,2684986022.0,3
PEPE,1770013320000,1770013380000,4.07e-06,4.08e-06,15.936582396898725,target,2689718548.0,3
PEPE,1770013920000,1770013980000,4.04e-06,4.05e-06,16.032685523114864,target,2692306553.0,3
PEPE,1770014940000,1770015000000,4.08e-06,4.09e-06,15.91049034347467,target,2689854665.0,3
PEPE,1770015420000,1770015480000,4.07e-06,4.08e-06,15.944177512200325,target,2691000424.0,3
PEPE,1770016020000,1770016080000,4.08e-06,4.09e-06,15.915533537540693,target,2690707276.0,3
PEPE,1770016680000,1770016740000,4.08e-06,4.09e-06,15.918053268391233,target,2691133266.0,3
PEPE,1770017220000,1770017280000,4.09e-06,4.1e-06,15.889407023111135,target,2690839462.0,3
PEPE,1770018540000,1770018600000,4.09e-06,4.1e-06,15.891917693296012,target,2691264639.0,3
PEPE,1770019020000,1770019080000,4.08e-06,4.09e-06,15.92560497846601,target,2692409971.0,3
PEPE,1770076920000,1770077580000,4.25e-06,4.2000000000000004e-06,-150.9873273719974,stop,2680644960.0,3
PEPE,1770078420000,1770078480000,4.24e-06,4.25e-06,15.408062855938681,target,2677334988.0,3
PEPE,1770079020000,1770079080000,4.24e-06,4.25e-06,15.410426140936707,target,2677745637.0,3
PEPE,1770080880000,1770080940000,4.25e-06,4.26e-06,15.381910753125684,target,2677443125.0,3
PEPE,1770081480000,1770081540000,4.24e-06,4.25e-06,15.415149062254283,target,2678566301.0,3
PEPE,1770082920000,1770082980000,4.24e-06,4.25e-06,15.417513434944018,target,2678977139.0,3
PEPE,1770088620000,1770088680000,4.1900000000000005e-06,4.2000000000000004e-06,15.574591565550367,target,2682961510.0,3
PEPE,1770089220000,1770089280000,4.1900000000000005e-06,4.2000000000000004e-06,15.577004361556646,target,2683377151.0,3
PEPE,1770089820000,1770089880000,4.21e-06,4.22e-06,15.517463487370831,target,2682361882.0,3
PEPE,1770090540000,1770090600000,4.23e-06,4.24e-06,15.457960312619246,target,2681346108.0,3
PEPE,1770092400000,1770092460000,4.25e-06,4.26e-06,15.398494873351662,target,2680329830.0,3
PEPE,1770092820000,1770092880000,4.24e-06,4.25e-06,15.431769018834677,target,2681454217.0,3
PEPE,1770094020000,1770094140000,4.2800000000000005e-06,4.2900000000000004e-06,15.310547470666911,target,2679010931.0,3
PEPE,1770094620000,1770094680000,4.26e-06,4.27e-06,15.374647720945882,target,2680845287.0,3
PEPE,1770095220000,1770095280000,4.24e-06,4.25e-06,15.438842426029051,target,2682683306.0,3
PEPE,1770097320000,1770097380000,4.23e-06,4.24e-06,15.472162897440931,target,2683809696.0,3
PEPE,1770099720000,1770099780000,4.22e-06,4.23e-06,15.505514489850071,target,2684937574.0,3
PEPE,1770100380000,1770100440000,4.22e-06,4.23e-06,15.507902261775453,target,2685351041.0,3
PEPE,1770100920000,1770100980000,4.23e-06,4.24e-06,15.479307139100298,target,2685048940.0,3
PEPE,1770101520000,1770101580000,4.23e-06,4.24e-06,15.481686112472078,target,2685461598.0,3
PEPE,1770102120000,1770102180000,4.22e-06,4.23e-06,15.515058231749563,target,2686590170.0,3
PEPE,1770102900000,1770102960000,4.22e-06,4.23e-06,15.517447470525951,target,2687003891.0,3
PEPE,1770103320000,1770103380000,4.22e-06,4.23e-06,15.519837078900935,target,2687417676.0,3
PEPE,1770104520000,1770104580000,4.23e-06,4.24e-06,15.491219946630228,target,2687115342.0,3
PEPE,1770164520000,1770164580000,4.13e-06,4.14e-06,15.80446513549527,target,2694708463.0,3
PEPE,1770165120000,1770165180000,4.14e-06,4.15e-06,15.775776762153342,target,2694411061.0,3
PEPE,1770165720000,1770165780000,4.16e-06,4.17e-06,15.715953143926448,target,2693393855.0,3
PEPE,1770166320000,1770166920000,4.17e-06,4.18e-06,15.687276505175184,target,2693094679.0,3
PEPE,1770167220000,1770167400000,4.2000000000000004e-06,4.21e-06,15.596423892507289,target,2691358739.0,3
PEPE,1770167820000,1770167880000,4.22e-06,4.23e-06,15.53671352310135,target,2690340004.0,3
PEPE,1770168420000,1770168480000,4.22e-06,4.23e-06,15.539106099824801,target,2690754303.0,3
PEPE,1770169620000,1770169680000,4.21e-06,4.22e-06,15.572561198416228,target,2691886119.0,3
PEPE,1770170520000,1770170580000,4.2000000000000004e-06,4.21e-06,15.606047602645472,target,2693019431.0,3
PEPE,1770172020000,1770172980000,4.2000000000000004e-06,4.15e-06,-151.50576375000048,stop,2693435800.0,3
PEPE,1770174420000,1770174480000,4.1900000000000005e-06,4.2000000000000004e-06,15.616094291146261,target,2690110989.0,3
PEPE,1770175080000,1770175140000,4.24e-06,4.25e-06,15.463363813449948,target,2686944190.0,3
PEPE,1770175680000,1770175740000,4.22e-06,4.23e-06,15.52775535464998,target,2688788806.0,3
PEPE,1770176820000,1770176880000,4.26e-06,4.27e-06,15.406153964275315,target,2686338965.0,3
PEPE,1770177600000,1770177660000,4.26e-06,4.27e-06,15.408507487840998,target,2686749344.0,3
PEPE,1770178080000,1770178140000,4.26e-06,4.27e-06,15.410861372709393,target,2687159786.0,3
PEPE,1770180120000,1770180180000,4.27e-06,4.28e-06,15.382244537224617,target,2686854941.0,3
PEPE,1770180840000,1770180900000,4.25e-06,4.26e-06,15.44655779613117,target,2688695874.0,3
PEPE,1770181920000,1770181980000,4.26e-06,4.27e-06,15.417925195150866,target,2688391490.0,3
PEPE,1770182520000,1770182580000,4.24e-06,4.25e-06,15.482300600664406,target,2690234683.0,3
PEPE,1770183120000,1770183180000,4.25e-06,4.26e-06,15.453652216200492,target,2689930760.0,3
PEPE,1770183720000,1770183780000,4.25e-06,4.26e-06,15.456017742928797,target,2690342514.0,3
PEPE,1770184320000,1770184380000,4.25e-06,4.26e-06,15.458383637342543,target,2690754332.0,3
PEPE,1770185820000,1770185880000,4.26e-06,4.27e-06,15.429729109791081,target,2690449714.0,3
PEPE,1770253620000,1770253680000,4.17e-06,4.18e-06,15.711912055348833,target,2697323958.0,3
PEPE,1770254220000,1770254400000,4.16e-06,4.1100000000000005e-06,-151.62667271825933,stop,2698463654.0,3
PEPE,1770255120000,1770255180000,4.17e-06,4.18e-06,15.690772495426357,target,2693694849.0,3
PEPE,1770258120000,1770258180000,4.1100000000000005e-06,4.12e-06,15.880288603793655,target,2698434767.0,3
PEPE,1770259020000,1770259080000,4.14e-06,4.15e-06,15.789160490019322,target,2696696924.0,3
PEPE,1770259680000,1770260400000,4.1100000000000005e-06,4.060000000000001e-06,-151.47019484009834,stop,2699281740.0,3
PEPE,1770261780000,1770261840000,4.1000000000000006e-06,4.1100000000000005e-06,15.892633756485456,target,2695951443.0,3
PEPE,1770262320000,1770262380000,4.1000000000000006e-06,4.1100000000000005e-06,15.895140009840908,target,2696376592.0,3
PEPE,1770263220000,1770263280000,4.09e-06,4.1e-06,15.928873734256575,target,2697523071.0,3
PEPE,1770264120000,1770264180000,4.09e-06,4.1e-06,15.931390640119616,target,2697949304.0,3
PEPE,1770264720000,1770264780000,4.1000000000000006e-06,4.1100000000000005e-06,15.902670996135779,target,2697654113.0,3
PEPE,1770265320000,1770265380000,4.1000000000000006e-06,4.1100000000000005e-06,15.90517883524464,target,2698079531.0,3
PEPE,1770266940000,1770267000000,4.09e-06,4.1e-06,15.938933864271048,target,2699226734.0,3
PEPE,1770270420000,1770271440000,4.1000000000000006e-06,4.050000000000001e-06,-151.4100517643974,stop,2698931404.0,3
PEPE,1770273420000,1770273540000,4.06e-06,4.07e-06,16.011242954891177,target,2697766294.0,3
PEPE,1770275220000,1770275280000,4.06e-06,4.07e-06,16.013787764191896,target,2698195074.0,3
PEPE,1770276720000,1770276780000,4.03e-06,4.04e-06,16.110228181109704,target,2700792654.0,3
PEPE,1770279240000,1770279300000,4.0200000000000005e-06,4.03e-06,16.144140692174044,target,2701948233.0,3
PEPE,1770279720000,1770279780000,4.03e-06,4.04e-06,16.115384720799558,target,2701657120.0,3
PEPE,1770280320000,1770280380000,4.06e-06,4.07e-06,16.024020831839543,target,2699919264.0,3
PEPE,1770280920000,1770281280000,4.08e-06,4.09e-06,15.96401466386961,target,2698903578.0,3
PEPE,1770281820000,1770281880000,4.06e-06,4.07e-06,16.029104984306812,target,2700775903.0,3
PEPE,1770282420000,1770282480000,4.07e-06,4.08e-06,16.000357834874983,target,2700482335.0,3
PEPE,1770285420000,1770285480000,4.05e-06,4.06e-06,16.06551225204605,target,2702356981.0,3
PEPE,1770338820000,1770338880000,3.44e-06,3.45e-06,18.010925281815354,target,2747662133.0,3
PEPE,1770339420000,1770339600000,3.4200000000000003e-06,3.43e-06,18.07894493650039,target,2749649420.0,3
PEPE,1770340020000,1770340080000,3.41e-06,3.42e-06,18.11461832152443,target,2750891165.0,3
PEPE,1770340620000,1770340680000,3.4600000000000003e-06,3.4700000000000002e-06,17.955843750570658,target,2747642502.0,3
PEPE,1770341220000,1770341280000,3.4600000000000003e-06,3.4700000000000002e-06,17.959037437745312,target,2748131207.0,3
PEPE,1770341940000,1770342000000,3.4700000000000002e-06,3.48e-06,17.92986795157612,target,2747872483.0,3
PEPE,1770342420000,1770342480000,3.48e-06,3.49e-06,17.900699385589622,target,2747613106.0,3
PEPE,1770343080000,1770343140000,3.52e-06,3.53e-06,17.774617054425008,target,2745114603.0,3
PEPE,1770343620000,1770343980000,3.52e-06,3.4700000000000002e-06,-151.63935478524175,stop,2745597588.0,3
PEPE,1770346020000,1770346260000,3.4700000000000002e-06,3.48e-06,17.91246265110194,target,2745205004.0,3
PEPE,1770348180000,1770348240000,3.4700000000000002e-06,3.48e-06,17.915642890424408,target,2745692397.0,3
PEPE,1770348720000,1770348780000,3.49e-06,3.5e-06,17.85418881140412,target,2744686981.0,3
PEPE,1770349380000,1770349440000,3.4600000000000003e-06,3.4700000000000002e-06,17.954343111984524,target,2747412871.0,3
PEPE,1770350220000,1770350280000,3.4600000000000003e-06,3.4700000000000002e-06,17.957536537759673,target,2747901536.0,3
PEPE,1770351120000,1770351180000,3.4700000000000002e-06,3.48e-06,17.928369485324605,target,2747642833.0,3
PEPE,1770351720000,1770351780000,3.49e-06,3.5e-06,17.866871753016003,target,2746636703.0,3
PEPE,1770352320000,1770352380000,3.53e-06,3.54e-06,17.740858764300743,target,2744139020.0,3
PEPE,1770352980000,1770353040000,3.5100000000000003e-06,3.52e-06,17.8085375780909,target,2746112194.0,3
PEPE,1770354720000,1770354780000,3.57e-06,3.58e-06,17.618163327900753,target,2742126588.0,3
PEPE,1770355380000,1770355440000,3.5900000000000004e-06,3.6000000000000003e-06,17.556859272015846,target,2741117763.0,3
PEPE,1770357120000,1770357180000,3.6900000000000002e-06,3.7e-06,17.23901882774662,target,2734182209.0,3
PEPE,1770357960000,1770358020000,3.7200000000000004e-06,3.7300000000000003e-06,17.146013322549802,target,2732432402.0,3
PEPE,1770358320000,1770358440000,3.7200000000000004e-06,3.7300000000000003e-06,17.148921075975203,target,2732895789.0,3
PEPE,1770359100000,1770359160000,3.6900000000000002e-06,3.7e-06,17.247807253756623,target,2735576091.0,3
PEPE,1770425820000,1770426780000,3.89e-06,3.8400000000000005e-06,-151.8093240956083,stop,2721328746.0,3
PEPE,1770427920000,1770427980000,3.86e-06,3.87e-06,16.68375456559487,target,2719438397.0,3
PEPE,1770429120000,1770429180000,3.9e-06,3.91e-06,16.55988937529163,target,2716962982.0,3
PEPE,1770429720000,1770429780000,3.9e-06,3.91e-06,16.562603972484993,target,2717408363.0,3
PEPE,1770430320000,1770430380000,3.9e-06,3.91e-06,16.565319014616374,target,2717853817.0,3
PEPE,1770430920000,1770430980000,3.91e-06,3.92e-06,16.53640623318959,target,2717568814.0,3
PEPE,1770431520000,1770431580000,3.920000000000001e-06,3.9300000000000005e-06,16.507495367099338,target,2717283188.0,3
PEPE,1770432120000,1770432180000,3.91e-06,3.92e-06,16.541812646159446,target,2718457296.0,3
PEPE,1770433620000,1770433680000,3.91e-06,3.92e-06,16.54451910812182,target,2718902072.0,3
PEPE,1770435060000,1770435120000,3.920000000000001e-06,3.9300000000000005e-06,16.515594052875265,target,2718616305.0,3
PEPE,1770435420000,1770437280000,3.920000000000001e-06,3.9e-06,-70.31489822016134,time,2719060256.0,3
PEPE,1770438420000,1770438720000,3.91e-06,3.92e-06,16.538423733195557,target,2717900367.0,3
PEPE,1770439080000,1770439140000,3.9e-06,3.91e-06,16.572766933954956,target,2719075789.0,3
PEPE,1770440520000,1770440580000,3.89e-06,3.9e-06,16.60714314253407,target,2720252767.0,3
PEPE,1770441120000,1770441180000,3.9e-06,3.91e-06,16.57820598395998,target,2719968168.0,3
PEPE,1770442440000,1770442500000,3.89e-06,3.9e-06,16.612593478965017,target,2721145533.0,3
PEPE,1770442920000,1770442980000,3.89e-06,3.9e-06,16.615321913356674,target,2721592451.0,3
PEPE,1770444120000,1770444180000,3.89e-06,3.9e-06,16.618050799515526,target,2722039443.0,3
PEPE,1770444720000,1770444780000,3.9e-06,3.91e-06,16.5890946344155,target,2721754657.0,3
PEPE,1770445620000,1770445680000,3.89e-06,3.9e-06,16.62350471347447,target,2722932795.0,3
PEPE,1770446220000,1770446280000,3.89e-06,3.9e-06,16.62623494273597,target,2723380007.0,3
PEPE,1770447120000,1770447180000,3.87e-06,3.88e-06,16.692419000250364,target,2725292898.0,3
PEPE,1770451620000,1770451680000,3.7800000000000002e-06,3.79e-06,16.98160549205852,target,2732358084.0,3
PEPE,1770452520000,1770452580000,3.7800000000000002e-06,3.79e-06,16.984453211276943,target,2732816285.0,3
PEPE,1770508920000,1770509100000,3.86e-06,3.87e-06,16.73253903651007,target,2727390226.0,3
PEPE,1770509520000,1770509580000,3.85e-06,3.86e-06,16.767093454886744,target,2728575013.0,3
PEPE,1770510720000,1770510780000,3.85e-06,3.86e-06,16.769868291084876,target,2729026573.0,3
PEPE,1770512820000,1770512880000,3.86e-06,3.87e-06,16.740842525881465,target,2728743688.0,3
PEPE,1770513420000,1770513480000,3.86e-06,3.87e-06,16.743607766699682,target,2729194420.0,3
PEPE,1770514920000,1770514980000,3.86e-06,3.87e-06,16.74637346764554,target,2729645227.0,3
PEPE,1770516120000,1770516180000,3.85e-06,3.86e-06,16.780956451985666,target,2730830993.0,3
PEPE,1770516720000,1770516780000,3.85e-06,3.86e-06,16.783733586413796,target,2731282927.0,3
PEPE,1770517560000,1770517620000,3.8400000000000005e-06,3.85e-06,16.818355675144762,target,2732470459.0,3
PEPE,1770519720000,1770521580000,3.830000000000001e-06,3.81e-06,-70.32339228390194,time,2733659564.0,3
PEPE,1770522120000,1770522360000,3.81e-06,3.82e-06,16.905070177021354,target,2733236892.0,3
PEPE,1770524520000,1770524580000,3.79e-06,3.8e-06,16.97170965272569,target,2735166745.0,3
PEPE,1770525120000,1770525180000,3.8e-06,3.81e-06,16.94262614824559,target,2734887191.0,3
PEPE,1770525720000,1770525780000,3.79e-06,3.8e-06,16.977386216308815,target,2736081582.0,3
PEPE,1770526320000,1770526380000,3.79e-06,3.8e-06,16.980227882931423,target,2736539546.0,3
PEPE,1770526920000,1770526980000,3.8e-06,3.81e-06,16.951129776944857,target,2736259851.0,3
PEPE,1770528120000,1770528180000,3.82e-06,3.83e-06,16.890122184325175,target,2735242459.0,3
PEPE,1770528720000,1770528780000,3.81e-06,3.82e-06,16.924849776095915,target,2736434887.0,3
PEPE,1770529320000,1770529380000,3.8e-06,3.81e-06,16.959610998330167,target,2737628894.0,3
PEPE,1770530520000,1770530580000,3.8e-06,3.81e-06,16.962444349723526,target,2738086255.0,3
PEPE,1770531120000,1770531180000,3.79e-06,3.8e-06,16.99724507681534,target,2739282043.0,3
PEPE,1770532020000,1770532080000,3.8e-06,3.81e-06,16.96811781126037,target,2739002068.0,3
PEPE,1770532620000,1770532680000,3.79e-06,3.8e-06,17.00293017847956,target,2740198256.0,3
PEPE,1770533280000,1770533340000,3.79e-06,3.8e-06,17.005776120344947,target,2740656909.0,3
PEPE,1770595440000,1770595500000,3.76e-06,3.77e-06,17.104691019010684,target,2743334566.0,3
PEPE,1770596220000,1770596760000,3.79e-06,3.8e-06,17.01148550838195,target,2741577036.0,3
PEPE,1770597120000,1770597180000,3.75e-06,3.76e-06,17.142501787336414,target,2744996283.0,3
PEPE,1770598320000,1770598380000,3.7700000000000003e-06,3.7800000000000002e-06,17.081262863249222,target,2743977970.0,3
PEPE,1770598920000,1770598980000,3.7700000000000003e-06,3.7800000000000002e-06,17.08413267540065,target,2744438984.0,3
PEPE,1770599520000,1770599580000,3.76e-06,3.77e-06,17.119070013901418,target,2745640740.0,3
PEPE,1770600120000,1770600180000,3.7700000000000003e-06,3.7800000000000002e-06,17.089879140974688,target,2745362111.0,3
PEPE,1770600720000,1770600840000,3.79e-06,3.8e-06,17.028646639649992,target,2744342730.0,3
PEPE,1770601320000,1770601860000,3.7700000000000003e-06,3.7800000000000002e-06,17.095611376198583,target,2746282952.0,3
PEPE,1770603540000,1770603600000,3.7700000000000003e-06,3.7800000000000002e-06,17.098483603650692,target,2746744354.0,3
PEPE,1770604020000,1770604080000,3.7700000000000003e-06,3.7800000000000002e-06,17.101356310425956,target,2747205833.0,3
PEPE,1770604620000,1770604680000,3.79e-06,3.8e-06,17.04008269044126,target,2746185768.0,3
PEPE,1770605220000,1770605280000,3.82e-06,3.83e-06,16.946828154099325,target,2744425612.0,3
PEPE,1770605820000,1770605880000,3.81e-06,3.82e-06,16.981672342141895,target,2745622044.0,3
PEPE,1770607320000,1770607380000,3.81e-06,3.82e-06,16.98450403306078,target,2746079876.0,3
PEPE,1770608520000,1770608580000,3.8400000000000005e-06,3.85e-06,16.89128502683516,target,2744319257.0,3
PEPE,1770609720000,1770609780000,3.830000000000001e-06,3.8400000000000005e-06,16.926090838469896,target,2745513518.0,3
PEPE,1770610320000,1770610740000,3.830000000000001e-06,3.8400000000000005e-06,16.928902620988936,target,2745969606.0,3
PEPE,1770611220000,1770611280000,3.830000000000001e-06,3.8400000000000005e-06,16.931714872049703,target,2746425770.0,3
PEPE,1770611820000,1770611880000,3.830000000000001e-06,3.8400000000000005e-06,16.93452759165038,target,2746882010.0,3
PEPE,1770614220000,1770614280000,3.8e-06,3.81e-06,17.033523537134837,target,2749559893.0,3
PEPE,1770615420000,1770615540000,3.82e-06,3.83e-06,16.97221940830062,target,2748537556.0,3
PEPE,1770616680000,1770616740000,3.81e-06,3.82e-06,17.007115793116295,target,2749735779.0,3
PEPE,1770620820000,1770620880000,3.76e-06,3.77e-06,17.170596178602473,target,2753904760.0,3
PEPE,1770681720000,1770681780000,3.82e-06,3.83e-06,16.9807325720524,target,2749916206.0,3
PEPE,1770682620000,1770682680000,3.81e-06,3.82e-06,17.015646466736193,target,2751115031.0,3
PEPE,1770683520000,1770683580000,3.81e-06,3.82e-06,17.018483823116036,target,2751573779.0,3
PEPE,1770684120000,1770684240000,3.81e-06,3.82e-06,17.02132165574017,target,2752032604.0,3
PEPE,1770685080000,1770685140000,3.8e-06,3.81e-06,17.056281018315893,target,2753233417.0,3
PEPE,1770686220000,1770686280000,3.830000000000001e-06,3.8400000000000005e-06,16.962803166871204,target,2751468478.0,3
PEPE,1770686820000,1770686880000,3.830000000000001e-06,3.8400000000000005e-06,16.965621046575826,target,2751925555.0,3
PEPE,1770687420000,1770687480000,3.82e-06,3.83e-06,17.000541879425004,target,2753124191.0,3
PEPE,1770688320000,1770688380000,3.81e-06,3.82e-06,17.035496500591847,target,2754324414.0,3
PEPE,1770689520000,1770689580000,3.81e-06,3.82e-06,17.03833717213142,target,2754783698.0,3
PEPE,1770690240000,1770690300000,3.81e-06,3.82e-06,17.041178313729418,target,2755243058.0,3
PEPE,1770691320000,1770691380000,3.8e-06,3.81e-06,17.076178460040737,target,2756445272.0,3
PEPE,1770692220000,1770692280000,3.8e-06,3.81e-06,17.079031282320873,target,2756905776.0,3
PEPE,1770692820000,1770692880000,3.7800000000000002e-06,3.79e-06,17.146275186151215,target,2758853610.0,3
PEPE,1770696420000,1770696480000,3.76e-06,3.77e-06,17.213621432071506,target,2760805362.0,3
PEPE,1770697020000,1770697080000,3.7700000000000003e-06,3.7800000000000002e-06,17.18426933265031,target,2760525194.0,3
PEPE,1770697620000,1770697680000,3.7700000000000003e-06,3.7800000000000002e-06,17.187156456524644,target,2760988989.0,3
PEPE,1770698400000,1770698460000,3.76e-06,3.77e-06,17.222304473884712,target,2762197991.0,3
PEPE,1770698820000,1770698880000,3.76e-06,3.77e-06,17.225203418430468,target,2762662938.0,3
PEPE,1770699420000,1770699540000,3.7800000000000002e-06,3.79e-06,17.163577696430735,target,2761637602.0,3
PEPE,1770700020000,1770700080000,3.7700000000000003e-06,3.7800000000000002e-06,17.19871521082311,target,2762845817.0,3
PEPE,1770700620000,1770700680000,3.7700000000000003e-06,3.7800000000000002e-06,17.201604762451698,target,2763310002.0,3
PEPE,1770701820000,1770701880000,3.76e-06,3.77e-06,17.236782330935043,target,2764520021.0,3
PEPE,1770703920000,1770703980000,3.74e-06,3.75e-06,17.304321960404693,target,2766478331.0,3
PEPE,1770768120000,1770768180000,3.65e-06,3.66e-06,17.59903297469951,target,2773685260.0,3
PEPE,1770768900000,1770768960000,3.6400000000000003e-06,3.65e-06,17.634570729610175,target,2774912782.0,3
PEPE,1770769380000,1770769440000,3.65e-06,3.66e-06,17.605086263326122,target,2774639285.0,3
PEPE,1770771180000,1770771300000,3.66e-06,3.67e-06,17.5756031428946,target,2774365137.0,3
PEPE,1770772320000,1770772380000,3.66e-06,3.67e-06,17.578617133173754,target,2774840905.0,3
PEPE,1770772920000,1770773580000,3.67e-06,3.68e-06,17.549130329500393,target,2774566060.0,3
PEPE,1770774180000,1770774240000,3.66e-06,3.67e-06,17.584641091011065,target,2775791806.0,3
PEPE,1770775920000,1770775980000,3.6800000000000003e-06,3.6900000000000002e-06,17.52264932343091,target,2774766322.0,3
PEPE,1770776520000,1770776580000,3.6900000000000002e-06,3.7e-06,17.493160282261165,target,2774490132.0,3
PEPE,1770777960000,1770778080000,3.6800000000000003e-06,3.6900000000000002e-06,17.528631895515883,target,2775713681.0,3
PEPE,1770781440000,1770781500000,3.6800000000000003e-06,3.6900000000000002e-06,17.531626721115906,target,2776187921.0,3
PEPE,1770782520000,1770782580000,3.67e-06,3.68e-06,17.567139122501775,target,2777413300.0,3
PEPE,1770783840000,1770783900000,3.65e-06,3.66e-06,17.63524416888103,target,2779392304.0,3
PEPE,1770788160000,1770788220000,3.6000000000000003e-06,3.61e-06,17.801355909916904,target,2783636577.0,3
PEPE,1770789420000,1770789480000,3.5900000000000004e-06,3.6000000000000003e-06,17.837117636939148,target,2784873948.0,3
PEPE,1770794220000,1770794280000,3.54e-06,3.55e-06,18.003886151481446,target,2789138056.0,3
PEPE,1770795480000,1770795540000,3.5500000000000003e-06,3.5600000000000002e-06,17.974267040435258,target,2788869983.0,3
PEPE,1770796620000,1770796680000,3.5500000000000003e-06,3.5600000000000002e-06,17.97741227777433,target,2789357995.0,3
PEPE,1770797220000,1770797280000,3.54e-06,3.55e-06,18.013344817901103,target,2790603380.0,3
PEPE,1770798420000,1770798480000,3.54e-06,3.55e-06,18.016502642630893,target,2791092586.0,3
PEPE,1770799020000,1770799860000,3.5500000000000003e-06,3.5600000000000002e-06,17.98686277462616,target,2790824325.0,3
PEPE,1770800220000,1770800280000,3.54e-06,3.55e-06,18.022814206076223,target,2792070365.0,3
PEPE,1770800820000,1770802200000,3.54e-06,3.55e-06,18.025973689741768,target,2792559828.0,3
PEPE,1770802620000,1770802680000,3.54e-06,3.55e-06,18.029133728535907,target,2793049377.0,3
PEPE,1770855120000,1770855180000,3.5900000000000004e-06,3.6000000000000003e-06,17.868366056310165,target,2789752702.0,3
PEPE,1770855720000,1770855780000,3.5900000000000004e-06,3.6000000000000003e-06,17.871469989765643,target,2790237313.0,3
PEPE,1770856320000,1770856380000,3.58e-06,3.59e-06,17.907335937479385,target,2791478712.0,3
PEPE,1770856920000,1770856980000,3.61e-06,3.62e-06,17.812204088246062,target,2789695237.0,3
PEPE,1770857520000,1770857580000,3.61e-06,3.62e-06,17.815286932256278,target,2790178063.0,3
PEPE,1770858720000,1770858780000,3.61e-06,3.62e-06,17.81837031260647,target,2790660973.0,3
PEPE,1770859920000,1770860220000,3.63e-06,3.64e-06,17.756010092335938,target,2789632379.0,3
PEPE,1770860520000,1770860580000,3.63e-06,3.64e-06,17.759071931032178,target,2790113422.0,3
PEPE,1770861120000,1770861180000,3.62e-06,3.63e-06,17.79485877450093,target,2791350396.0,3
PEPE,1770862320000,1770863700000,3.62e-06,3.63e-06,17.797932958875332,target,2791832621.0,3
PEPE,1770864120000,1770864180000,3.62e-06,3.63e-06,17.801007678749535,target,2792314930.0,3
PEPE,1770865320000,1770865380000,3.61e-06,3.62e-06,17.836842111220847,target,2793553972.0,3
PEPE,1770865920000,1770865980000,3.62e-06,3.63e-06,17.80716436049881,target,2793280684.0,3
PEPE,1770866520000,1770866580000,3.61e-06,3.62e-06,17.843011189677068,target,2794520155.0,3
PEPE,1770867120000,1770867180000,3.6000000000000003e-06,3.61e-06,17.87889332164974,target,2795761270.0,3
PEPE,1770868380000,1770868440000,3.62e-06,3.63e-06,17.81641188450069,target,2794731276.0,3
PEPE,1770869520000,1770869580000,3.62e-06,3.63e-06,17.81948979187549,target,2795214085.0,3
PEPE,1770870240000,1770870300000,3.61e-06,3.62e-06,17.85536143339138,target,2796454414.0,3
PEPE,1770870720000,1770870780000,3.61e-06,3.62e-06,17.85845174784953,target,2796938410.0,3
PEPE,1770871380000,1770871440000,3.63e-06,3.64e-06,17.795951256595426,target,2795907503.0,3
PEPE,1770871920000,1770871980000,3.63e-06,3.64e-06,17.799019975855277,target,2796389627.0,3
PEPE,1770873240000,1770873300000,3.62e-06,3.63e-06,17.83488732300101,target,2797629384.0,3
PEPE,1770873720000,1770873780000,3.62e-06,3.63e-06,17.83796842425005,target,2798112694.0,3
PEPE,1770874320000,1770874380000,3.63e-06,3.64e-06,17.808240633105143,target,2797838277.0,3
PEPE,1770940920000,1770940980000,3.71e-06,3.72e-06,16.990387732410273,target,2703323426.0,4
PEPE,1770945240000,1770945300000,3.6900000000000002e-06,3.7e-06,17.056567392147997,target,2705244630.0,4
PEPE,1770945720000,1770945780000,3.6900000000000002e-06,3.7e-06,17.059476166070638,target,2705705974.0,4
PEPE,1770946320000,1770946380000,3.6800000000000003e-06,3.6900000000000002e-06,17.094068372220974,target,2706899188.0,4
PEPE,1770947580000,1770947640000,3.7e-06,3.71e-06,17.0336293704407,target,2705898232.0,4
PEPE,1770948120000,1770948360000,3.6900000000000002e-06,3.7e-06,17.068205457486,target,2707090477.0,4
PEPE,1770948720000,1770948780000,3.7e-06,3.71e-06,17.03943419137986,target,2706820364.0,4
PEPE,1770949620000,1770949680000,3.6900000000000002e-06,3.7e-06,17.074022059574876,target,2708013015.0,4
PEPE,1770950820000,1770950880000,3.6900000000000002e-06,3.7e-06,17.076933803150418,target,2708474830.0,4
PEPE,1770951420000,1770951480000,3.7200000000000004e-06,3.7300000000000003e-06,16.98480276190024,target,2706741476.0,4
PEPE,1770952080000,1770952140000,3.6900000000000002e-06,3.7e-06,17.082742580733868,target,2709396127.0,4
PEPE,1770952920000,1770952980000,3.6800000000000003e-06,3.6900000000000002e-06,17.117381969237055,target,2710590969.0,4
PEPE,1770953520000,1770953580000,3.7e-06,3.71e-06,17.05686053915922,target,2709588648.0,4
PEPE,1770954300000,1770954360000,3.6900000000000002e-06,3.7e-06,17.09148378229574,target,2710782519.0,4
PEPE,1770955380000,1770955440000,3.6900000000000002e-06,3.7e-06,17.094398501830067,target,2711244806.0,4
PEPE,1770956220000,1770956280000,3.6800000000000003e-06,3.6900000000000002e-06,17.129061523844705,target,2712440463.0,4
PEPE,1770957120000,1770957300000,3.6800000000000003e-06,3.6900000000000002e-06,17.13198808429498,target,2712903893.0,4
PEPE,1770957720000,1770957780000,3.67e-06,3.68e-06,17.16669096917486,target,2714101339.0,4
PEPE,1770958620000,1770958680000,3.6800000000000003e-06,3.6900000000000002e-06,17.13784812643645,target,2713831849.0,4
PEPE,1770960120000,1770960180000,3.66e-06,3.67e-06,17.20436678348449,target,2715764291.0,4
PEPE,1770961980000,1770963840000,3.6800000000000003e-06,3.6300000000000004e-06,-150.5877917824789,stop,2714760984.0,4
PEPE,1770966420000,1770966480000,3.6800000000000003e-06,3.6900000000000002e-06,17.1179871798913,target,2710686806.0,4
PEPE,1770967620000,1770967680000,3.6900000000000002e-06,3.7e-06,17.089179153473086,target,2710416995.0,4
PEPE,1770968220000,1770970080000,3.7e-06,3.6900000000000002e-06,-42.11567738699952,time,2710146550.0,4
PEPE,1771027920000,1771027980000,3.7700000000000003e-06,3.7800000000000002e-06,16.831729243798783,target,2703892248.0,4
PEPE,1771028520000,1771029060000,3.7700000000000003e-06,3.7800000000000002e-06,16.834557130574932,target,2704346527.0,4
PEPE,1771029720000,1771029780000,3.7700000000000003e-06,3.7800000000000002e-06,16.837385496674237,target,2704800883.0,4
PEPE,1771030320000,1771030380000,3.79e-06,3.8e-06,16.777057679619777,target,2703796564.0,4
PEPE,1771030920000,1771030980000,3.7800000000000002e-06,3.79e-06,16.811440911374444,target,2704978425.0,4
PEPE,1771031520000,1771031580000,3.79e-06,3.8e-06,16.782679701255073,target,2704702611.0,4
PEPE,1771032120000,1771033980000,3.81e-06,3.8e-06,-42.46156783975621,time,2703697411.0,4
PEPE,1771034520000,1771034580000,3.8e-06,3.81e-06,16.746826296795813,target,2703281081.0,4
PEPE,1771035360000,1771035420000,3.8e-06,3.81e-06,16.74962410128149,target,2703732704.0,4
PEPE,1771036920000,1771036980000,3.81e-06,3.82e-06,16.720873553979732,target,2703455708.0,4
PEPE,1771037520000,1771037580000,3.81e-06,3.82e-06,16.723661758165438,target,2703906509.0,4
PEPE,1771038720000,1771038780000,3.81e-06,3.82e-06,16.726450426225526,target,2704357385.0,4
PEPE,1771039320000,1771039380000,3.830000000000001e-06,3.8400000000000005e-06,16.666161362503882,target,2703351397.0,4
PEPE,1771039920000,1771039980000,3.8400000000000005e-06,3.85e-06,16.637411108244986,target,2703072479.0,4
PEPE,1771040520000,1771040580000,3.85e-06,3.86e-06,16.608662597866882,target,2702792937.0,4
PEPE,1771041720000,1771041780000,3.8400000000000005e-06,3.85e-06,16.642923544709625,target,2703968082.0,4
PEPE,1771044720000,1771044780000,3.82e-06,3.83e-06,16.708769109500384,target,2705873540.0,4
PEPE,1771046220000,1771046280000,3.81e-06,3.82e-06,16.743123825525124,target,2707053165.0,4
PEPE,1771049220000,1771049280000,3.7800000000000002e-06,3.79e-06,16.840755071359972,target,2709695104.0,4
PEPE,1771050420000,1771050480000,3.7800000000000002e-06,3.79e-06,16.843579167361725,target,2710149504.0,4
PEPE,1771051020000,1771051080000,3.7800000000000002e-06,3.79e-06,16.846403741916006,target,2710603981.0,4
PEPE,1771051620000,1771051680000,3.7800000000000002e-06,3.79e-06,16.84922878880922,target,2711058534.0,4
PEPE,1771052280000,1771052340000,3.7700000000000003e-06,3.7800000000000002e-06,16.883722765725775,target,2712244621.0,4
PEPE,1771052820000,1771052880000,3.79e-06,3.8e-06,16.823228917085427,target,2711237537.0,4
PEPE,1771114020000,1771114080000,4.88e-06,4.89e-06,13.474318287376992,target,2634275325.0,4
PEPE,1771117920000,1771117980000,4.88e-06,4.89e-06,13.476124352953953,target,2634628417.0,4
PEPE,1771118820000,1771118880000,4.8100000000000005e-06,4.8200000000000004e-06,13.687474264915572,target,2639821459.0,4
PEPE,1771120320000,1771120380000,4.8e-06,4.81e-06,13.719339167615566,target,2640873757.0,4
PEPE,1771120920000,1771120980000,4.8200000000000004e-06,4.83e-06,13.661214833475686,target,2639848277.0,4
PEPE,1771123500000,1771123560000,4.8200000000000004e-06,4.83e-06,13.663070350425478,target,2640206831.0,4
PEPE,1771123920000,1771123980000,4.84e-06,4.85e-06,13.604976833265582,target,2639180763.0,4
PEPE,1771125120000,1771125180000,4.890000000000001e-06,4.9000000000000005e-06,13.457197874881718,target,2636081856.0,4
PEPE,1771125720000,1771125780000,4.9000000000000005e-06,4.9100000000000004e-06,13.429116907896365,target,2635744241.0,4
PEPE,1771126320000,1771126380000,4.87e-06,4.88e-06,13.52061009287659,target,2638167823.0,4
PEPE,1771127220000,1771127280000,4.890000000000001e-06,4.9000000000000005e-06,13.462601915569621,target,2637140434.0,4
PEPE,1771127820000,1771127880000,4.92e-06,4.93e-06,13.374771121074986,target,2635422881.0,4
PEPE,1771128420000,1771128480000,4.95e-06,4.96e-06,13.287045382624584,target,2633705725.0,4
PEPE,1771129020000,1771129080000,5.02e-06,5.03e-06,13.080476900300736,target,2629241588.0,4
PEPE,1771131300000,1771131420000,4.94e-06,4.95e-06,13.32035127804049,target,2635084328.0,4
PEPE,1771131780000,1771131840000,4.95e-06,4.96e-06,13.292282647574906,target,2634743835.0,4
PEPE,1771132920000,1771133040000,4.95e-06,4.9000000000000005e-06,-151.18837595999912,stop,2635091520.0,4
PEPE,1771138020000,1771138140000,4.890000000000001e-06,4.840000000000001e-06,-150.961479987239,stop,2635270664.0,4
PEPE,1771138620000,1771138680000,4.88e-06,4.89e-06,13.462705416437082,target,2632004969.0,4
PEPE,1771139820000,1771139880000,4.92e-06,4.93e-06,13.345234225225866,target,2629602803.0,4
PEPE,1771140420000,1771140480000,4.9100000000000004e-06,4.92e-06,13.376806617058964,target,2630640436.0,4
PEPE,1771141200000,1771141260000,4.93e-06,4.94e-06,13.318996409240416,target,2629614296.0,4
PEPE,1771141920000,1771141980000,4.890000000000001e-06,4.9000000000000005e-06,13.440022684351096,target,2632717470.0,4
PEPE,1771144020000,1771144080000,4.9000000000000005e-06,4.9100000000000004e-06,13.411977557170744,target,2632380286.0,4
PEPE,1771200420000,1771200480000,4.42e-06,4.43e-06,14.864254421775225,target,2666233977.0,4
PEPE,1771201020000,1771201500000,4.47e-06,4.420000000000001e-06,-150.87782597152318,stop,2663098155.0,4
PEPE,1771202700000,1771202760000,4.44e-06,4.45e-06,14.783050785965958,target,2661215263.0,4
PEPE,1771203120000,1771203180000,4.4600000000000005e-06,4.47e-06,14.724192703093891,target,2660197417.0,4
PEPE,1771203720000,1771203780000,4.4600000000000005e-06,4.47e-06,14.726352111388945,target,2660587554.0,4
PEPE,1771204320000,1771204800000,4.48e-06,4.430000000000001e-06,-150.71777965025765,stop,2659569078.0,4
PEPE,1771205520000,1771205580000,4.450000000000001e-06,4.4600000000000005e-06,14.736880636491076,target,2657688122.0,4
PEPE,1771207320000,1771207380000,4.44e-06,4.45e-06,14.769539631660702,target,2658783012.0,4
PEPE,1771208220000,1771208280000,4.4600000000000005e-06,4.47e-06,14.710735341359722,target,2657766096.0,4
PEPE,1771208820000,1771208880000,4.44e-06,4.45e-06,14.773881041919338,target,2659564544.0,4
PEPE,1771209720000,1771209780000,4.450000000000001e-06,4.4600000000000005e-06,14.745550011100446,target,2659251580.0,4
PEPE,1771210320000,1771210380000,4.450000000000001e-06,4.4600000000000005e-06,14.747717030371211,target,2659642386.0,4
PEPE,1771210920000,1771211520000,4.44e-06,4.45e-06,14.780400039954202,target,2660738081.0,4
PEPE,1771212420000,1771212480000,4.42e-06,4.43e-06,14.84366554537375,target,2662540905.0,4
PEPE,1771213020000,1771213080000,4.44e-06,4.45e-06,14.784762620320773,target,2661523424.0,4
PEPE,1771213620000,1771213680000,4.44e-06,4.45e-06,14.786939897014602,target,2661915373.0,4
PEPE,1771214220000,1771214280000,4.450000000000001e-06,4.4600000000000005e-06,14.758583827487326,target,2661602133.0,4
PEPE,1771214820000,1771214880000,4.450000000000001e-06,4.4600000000000005e-06,14.760752759779592,target,2661993284.0,4
PEPE,1771215420000,1771215540000,4.450000000000001e-06,4.4600000000000005e-06,14.76292201368558,target,2662384493.0,4
PEPE,1771216020000,1771216080000,4.450000000000001e-06,4.4600000000000005e-06,14.76509158919983,target,2662775760.0,4
PEPE,1771217220000,1771217280000,4.450000000000001e-06,4.4600000000000005e-06,14.767261475236353,target,2663167083.0,4
PEPE,1771217820000,1771217880000,4.52e-06,4.53e-06,14.555991355051585,target,2658628558.0,4
PEPE,1771218420000,1771218660000,4.51e-06,4.52e-06,14.588547097772068,target,2659716882.0,4
PEPE,1771219020000,1771219080000,4.47e-06,4.48e-06,14.712633403324517,target,2662920073.0,4
PEPE,1771288620000,1771288680000,4.4600000000000005e-06,4.47e-06,14.74532372240886,target,2664015126.0,4
PEPE,1771291020000,1771291080000,4.44e-06,4.45e-06,14.808617890110877,target,2665817802.0,4
PEPE,1771291740000,1771291800000,4.44e-06,4.45e-06,14.81079867756631,target,2666210383.0,4
PEPE,1771292220000,1771292280000,4.4600000000000005e-06,4.47e-06,14.751830120445245,target,2665190627.0,4
PEPE,1771293000000,1771293060000,4.450000000000001e-06,4.4600000000000005e-06,14.784564797450976,target,2666287610.0,4
PEPE,1771293420000,1771293480000,4.44e-06,4.45e-06,14.81732946330975,target,2667386042.0,4
PEPE,1771294980000,1771295040000,4.4600000000000005e-06,4.47e-06,14.758334902260426,target,2666365836.0,4
PEPE,1771295520000,1771295580000,4.4600000000000005e-06,4.47e-06,14.760499314193801,target,2666756877.0,4
PEPE,1771296120000,1771296180000,4.4600000000000005e-06,4.47e-06,14.76266404715986,target,2667147976.0,4
PEPE,1771296720000,1771296780000,4.47e-06,4.48e-06,14.734251623326358,target,2666832873.0,4
PEPE,1771297320000,1771297380000,4.47e-06,4.48e-06,14.73640803082511,target,2667223173.0,4
PEPE,1771297920000,1771297980000,4.4600000000000005e-06,4.47e-06,14.769151172324902,target,2668319995.0,4
PEPE,1771298520000,1771298580000,4.4600000000000005e-06,4.47e-06,14.771317172806794,target,2668711323.0,4
PEPE,1771299120000,1771299180000,4.4600000000000005e-06,4.47e-06,14.773483488780645,target,2669102708.0,4
PEPE,1771299720000,1771299780000,4.4600000000000005e-06,4.47e-06,14.775650120250091,target,2669494150.0,4
PEPE,1771303920000,1771303980000,4.42e-06,4.43e-06,14.90039681785025,target,2672716918.0,4
PEPE,1771304520000,1771304580000,4.41e-06,4.42e-06,14.93329029617149,target,2673821002.0,4
PEPE,1771305240000,1771305300000,4.4e-06,4.41e-06,14.966214019276595,target,2674926545.0,4
PEPE,1771308720000,1771309020000,4.42e-06,4.43e-06,14.907021534599483,target,2673905208.0,4
PEPE,1771309320000,1771309380000,4.42e-06,4.43e-06,14.90922588960131,target,2674300608.0,4
PEPE,1771309920000,1771309980000,4.42e-06,4.43e-06,14.911430567950875,target,2674696066.0,4
PEPE,1771310520000,1771310580000,4.42e-06,4.43e-06,14.913635575225275,target,2675091583.0,4
PEPE,1771311720000,1771311780000,4.41e-06,4.42e-06,14.946558279079913,target,2676196648.0,4
PEPE,1771315620000,1771315680000,4.38e-06,4.39e-06,15.041036646905376,target,2678724247.0,4
PEPE,1771372920000,1771372980000,4.39e-06,4.4e-06,15.012503704764598,target,2678412793.0,4
PEPE,1771373520000,1771373580000,4.4e-06,4.41e-06,14.983973685061276,target,2678100748.0,4
PEPE,1771374300000,1771374360000,4.39e-06,4.4e-06,15.016966809324229,target,2679209065.0,4
PEPE,1771374720000,1771374780000,4.39e-06,4.4e-06,15.019201147289248,target,2679607698.0,4
PEPE,1771379220000,1771379280000,4.360000000000001e-06,4.3700000000000005e-06,15.113866146609087,target,2682141286.0,4
PEPE,1771379820000,1771379880000,4.360000000000001e-06,4.3700000000000005e-06,15.116128739985388,target,2682542811.0,4
PEPE,1771380420000,1771380480000,4.360000000000001e-06,4.3700000000000005e-06,15.118391671462598,target,2682944396.0,4
PEPE,1771381020000,1771381080000,4.38e-06,4.39e-06,15.058990676786324,target,2681921759.0,4
PEPE,1771381680000,1771381740000,4.3700000000000005e-06,4.38e-06,15.092064405000558,target,2683033672.0,4
PEPE,1771382220000,1771382280000,4.39e-06,4.4e-06,15.03266919440613,target,2682010561.0,4
PEPE,1771382820000,1771383000000,4.4e-06,4.41e-06,15.00410084712087,target,2681698096.0,4
PEPE,1771383420000,1771383480000,4.4e-06,4.41e-06,15.00632869779082,target,2682096282.0,4
PEPE,1771384020000,1771384140000,4.4e-06,4.41e-06,15.00855687297241,target,2682494526.0,4
PEPE,1771385220000,1771385280000,4.39e-06,4.4e-06,15.041604130509562,target,2683604662.0,4
PEPE,1771385820000,1771385880000,4.4e-06,4.41e-06,15.013018807140353,target,2683292012.0,4
PEPE,1771386480000,1771386540000,4.39e-06,4.4e-06,15.04607588358397,target,2684402477.0,4
PEPE,1771387260000,1771387320000,4.39e-06,4.4e-06,15.048314554216347,target,2684801883.0,4
PEPE,1771387980000,1771388040000,4.4e-06,4.41e-06,15.019716475334494,target,2684489093.0,4
PEPE,1771388580000,1771388640000,4.4e-06,4.41e-06,15.021946642335394,target,2684887693.0,4
PEPE,1771389720000,1771389780000,4.39e-06,4.4e-06,15.05502338049481,target,2685998819.0,4
PEPE,1771390320000,1771390380000,4.39e-06,4.4e-06,15.057263379511099,target,2686398462.0,4
PEPE,1771390980000,1771391040000,4.39e-06,4.4e-06,15.059503714824258,target,2686798165.0,4
PEPE,1771391520000,1771391580000,4.39e-06,4.4e-06,15.061744380836737,target,2687197927.0,4
PEPE,1771392120000,1771392300000,4.41e-06,4.42e-06,15.002272546825312,target,2686172345.0,4
PEPE,1771459920000,1771459980000,4.22e-06,4.23e-06,15.59351106967544,target,2700175077.0,4
PEPE,1771460580000,1771460640000,4.22e-06,4.23e-06,15.595912395525241,target,2700590891.0,4
PEPE,1771461120000,1771461180000,4.22e-06,4.23e-06,15.598314085200137,target,2701006768.0,4
PEPE,1771462620000,1771462680000,4.21e-06,4.22e-06,15.631896653358687,target,2702142896.0,4
PEPE,1771463820000,1771463880000,4.23e-06,4.24e-06,15.571954672714703,target,2701119631.0,4
PEPE,1771464420000,1771464480000,4.23e-06,4.24e-06,15.574347885636012,target,2701534759.0,4
PEPE,1771465020000,1771465080000,4.23e-06,4.24e-06,15.576741461750908,target,2701949950.0,4
PEPE,1771465620000,1771465680000,4.24e-06,4.25e-06,15.547968943210034,target,2701645342.0,4
PEPE,1771466220000,1771466280000,4.24e-06,4.25e-06,15.550353688600312,target,2702059720.0,4
PEPE,1771466820000,1771466880000,4.24e-06,4.25e-06,15.552738802310717,target,2702474162.0,4
PEPE,1771467420000,1771467480000,4.24e-06,4.25e-06,15.555124278586844,target,2702888667.0,4
PEPE,1771468320000,1771470180000,4.23e-06,4.21e-06,-71.18341969049762,time,2704023540.0,4
PEPE,1771471320000,1771471380000,4.22e-06,4.23e-06,15.60893603692482,target,2702846067.0,4
PEPE,1771471920000,1771471980000,4.23e-06,4.24e-06,15.580154618470555,target,2702541998.0,4
PEPE,1771472520000,1771472580000,4.22e-06,4.23e-06,15.613738994699965,target,2703677748.0,4
PEPE,1771473720000,1771473780000,4.23e-06,4.24e-06,15.584948723289564,target,2703373586.0,4
PEPE,1771474320000,1771474380000,4.23e-06,4.24e-06,15.587343930900452,target,2703789060.0,4
PEPE,1771474920000,1771474980000,4.23e-06,4.24e-06,15.589739501704926,target,2704204597.0,4
PEPE,1771475520000,1771475580000,4.23e-06,4.24e-06,15.592135447236354,target,2704620199.0,4
PEPE,1771476300000,1771476360000,4.24e-06,4.25e-06,15.563334499704881,target,2704315291.0,4
PEPE,1771476720000,1771478520000,4.24e-06,4.1900000000000005e-06,-152.30335069217813,stop,2704730078.0,4
PEPE,1771481280000,1771481340000,4.2000000000000004e-06,4.21e-06,15.667081927651207,target,2703551670.0,4
PEPE,1771481820000,1771481880000,4.2000000000000004e-06,4.21e-06,15.669504226060614,target,2703969668.0,4
PEPE,1771484880000,1771484940000,4.1900000000000005e-06,4.2000000000000004e-06,15.703158279060943,target,2705109092.0,4
PEPE,1771546320000,1771546380000,4.23e-06,4.24e-06,15.580745974876073,target,2702644575.0,4
PEPE,1771546920000,1771546980000,4.24e-06,4.25e-06,15.551966061195508,target,2702339889.0,4
PEPE,1771547580000,1771547640000,4.26e-06,4.27e-06,15.492042712145787,target,2701315207.0,4
PEPE,1771548120000,1771548180000,4.25e-06,4.26e-06,15.525560175121361,target,2702447376.0,4
PEPE,1771549320000,1771549380000,4.25e-06,4.26e-06,15.527936709269781,target,2702861046.0,4
PEPE,1771550520000,1771550580000,4.26e-06,4.27e-06,15.49915325763273,target,2702555058.0,4
PEPE,1771551120000,1771551180000,4.25e-06,4.26e-06,15.532686100772226,target,2703687746.0,4
PEPE,1771552620000,1771552680000,4.25e-06,4.26e-06,15.535063732214832,target,2704101607.0,4
PEPE,1771553400000,1771553460000,4.26e-06,4.27e-06,15.506267066329267,target,2703795478.0,4
PEPE,1771553820000,1771553880000,4.26e-06,4.27e-06,15.50863589087487,target,2704208525.0,4
PEPE,1771554420000,1771554480000,4.26e-06,4.27e-06,15.511005070989697,target,2704621634.0,4
PEPE,1771555020000,1771555080000,4.27e-06,4.28e-06,15.482202275800208,target,2704314808.0,4
PEPE,1771555680000,1771555740000,4.27e-06,4.28e-06,15.484562670399995,target,2704727104.0,4
PEPE,1771556220000,1771556280000,4.26e-06,4.27e-06,15.518105264800191,target,2705859680.0,4
PEPE,1771558140000,1771558200000,4.25e-06,4.26e-06,15.551679116731057,target,2706993754.0,4
PEPE,1771558860000,1771558920000,4.25e-06,4.26e-06,15.554059649398628,target,2707408120.0,4
PEPE,1771564320000,1771564380000,4.18e-06,4.19e-06,15.775396321935185,target,2712879849.0,4
PEPE,1771564920000,1771564980000,4.18e-06,4.19e-06,15.77784508821663,target,2713300961.0,4
PEPE,1771566720000,1771566780000,4.23e-06,4.24e-06,15.623765327276073,target,2710106735.0,4
PEPE,1771567320000,1771567380000,4.22e-06,4.23e-06,15.65744371537378,target,2711245665.0,4
PEPE,1771567920000,1771567980000,4.21e-06,4.22e-06,15.691153588500462,target,2712386100.0,4
PEPE,1771569420000,1771569480000,4.21e-06,4.22e-06,15.693574772980355,target,2712804628.0,4
PEPE,1771570020000,1771570080000,4.21e-06,4.22e-06,15.695996333486576,target,2713223221.0,4
PEPE,1771571220000,1771571280000,4.21e-06,4.22e-06,15.698418270015491,target,2713641879.0,4
PEPE,1771632120000,1771632180000,4.25e-06,4.26e-06,15.575668536209303,target,2711169458.0,4
PEPE,1771632720000,1771632780000,4.26e-06,4.27e-06,15.546796603814604,target,2710862529.0,4
PEPE,1771633560000,1771633620000,4.24e-06,4.25e-06,15.611710097395031,target,2712721129.0,4
PEPE,1771633980000,1771634100000,4.24e-06,4.25e-06,15.614104614776576,target,2713137205.0,4
PEPE,1771636020000,1771636080000,4.26e-06,4.27e-06,15.553941840315634,target,2712108429.0,4
PEPE,1771636620000,1771636680000,4.27e-06,4.28e-06,15.525059316649152,target,2711800754.0,4
PEPE,1771637280000,1771637340000,4.26e-06,4.27e-06,15.558689634619398,target,2712936292.0,4
PEPE,1771638600000,1771638660000,4.27e-06,4.28e-06,15.529798294176686,target,2712628523.0,4
PEPE,1771639620000,1771639680000,4.26e-06,4.27e-06,15.563438879880241,target,2713764408.0,4
PEPE,1771641240000,1771641300000,4.2800000000000005e-06,4.2900000000000004e-06,15.503277650355777,target,2712734497.0,4
PEPE,1771641720000,1771641780000,4.2800000000000005e-06,4.2900000000000004e-06,15.50563649946042,target,2713147244.0,4
PEPE,1771642320000,1771642380000,4.2800000000000005e-06,4.2900000000000004e-06,15.50799570289401,target,2713560053.0,4
PEPE,1771645320000,1771646340000,4.27e-06,4.28e-06,15.54163061539922,target,2714695304.0,4
PEPE,1771646880000,1771646940000,4.26e-06,4.27e-06,15.575296829691682,target,2715832054.0,4
PEPE,1771647420000,1771647480000,4.26e-06,4.27e-06,15.577676195166237,target,2716246939.0,4
PEPE,1771648020000,1771648080000,4.27e-06,4.28e-06,15.548749595650836,target,2715938794.0,4
PEPE,1771648620000,1771648680000,4.2800000000000005e-06,4.2900000000000004e-06,15.519825695745599,target,2715630043.0,4
PEPE,1771649220000,1771649280000,4.27e-06,4.28e-06,15.553486266000679,target,2716766160.0,4
PEPE,1771649820000,1771649880000,4.2800000000000005e-06,4.2900000000000004e-06,15.524553549508397,target,2716457314.0,4
PEPE,1771651740000,1771651800000,4.2900000000000004e-06,4.3e-06,15.495623564118615,target,2716147864.0,4
PEPE,1771652220000,1771652280000,4.2900000000000004e-06,4.3e-06,15.497976494384023,target,2716560297.0,4
PEPE,1771653000000,1771653060000,4.2900000000000004e-06,4.3e-06,15.500329784066727,target,2716972793.0,4
PEPE,1771654020000,1771654080000,4.2900000000000004e-06,4.3e-06,15.50268343316127,target,2717385352.0,4
PEPE,1771654680000,1771654740000,4.2900000000000004e-06,4.3e-06,15.505037435965532,target,2717797973.0,4
PEPE,1771718820000,1771718880000,4.14e-06,4.15e-06,15.978885910020555,target,2729100924.0,4
PEPE,1771719420000,1771719480000,4.14e-06,4.15e-06,15.981385995021826,target,2729527924.0,4
PEPE,1771720920000,1771720980000,4.13e-06,4.14e-06,16.015463654100408,target,2730684340.0,4
PEPE,1771721520000,1771721580000,4.12e-06,4.13e-06,16.04957342437431,target,2731842285.0,4
PEPE,1771722420000,1771722480000,4.12e-06,4.13e-06,16.052094492623844,target,2732271403.0,4
PEPE,1771723020000,1771723080000,4.12e-06,4.13e-06,16.05461596037476,target,2732700589.0,4
PEPE,1771723620000,1771723680000,4.13e-06,4.14e-06,16.025523912061463,target,2732399644.0,4
PEPE,1771724220000,1771724280000,4.12e-06,4.13e-06,16.05965511237509,target,2733558317.0,4
PEPE,1771724820000,1771724880000,4.13e-06,4.14e-06,16.03055393547134,target,2733257278.0,4
PEPE,1771725420000,1771725480000,4.13e-06,4.14e-06,16.033067058647156,target,2733685773.0,4
PEPE,1771726020000,1771726080000,4.13e-06,4.14e-06,16.035580574776585,target,2734114335.0,4
PEPE,1771726800000,1771726860000,4.12e-06,4.13e-06,16.069733193125515,target,2735273735.0,4
PEPE,1771732320000,1771732380000,4.08e-06,4.09e-06,16.19900143634408,target,2738630843.0,4
PEPE,1771732920000,1771732980000,4.08e-06,4.09e-06,16.201566044299625,target,2739064420.0,4
PEPE,1771733520000,1771733580000,4.09e-06,4.1e-06,16.172409592519735,target,2738765384.0,4
PEPE,1771734120000,1771734180000,4.09e-06,4.1e-06,16.17496497536528,target,2739198133.0,4
PEPE,1771734720000,1771734780000,4.09e-06,4.1e-06,16.17752075975084,target,2739630950.0,4
PEPE,1771735320000,1771735380000,4.09e-06,4.1e-06,16.180076957486204,target,2740063837.0,4
PEPE,1771735920000,1771735980000,4.09e-06,4.1e-06,16.182633550853954,target,2740496791.0,4
PEPE,1771737120000,1771737900000,4.08e-06,4.09e-06,16.216937088626338,target,2741663075.0,4
PEPE,1771738320000,1771738380000,4.08e-06,4.09e-06,16.219504535780786,target,2742097132.0,4
PEPE,1771738920000,1771738980000,4.08e-06,4.09e-06,16.222072385155403,target,2742531257.0,4
PEPE,1771739520000,1771739580000,4.07e-06,4.08e-06,16.25641926495048,target,2743699454.0,4
PEPE,1771740120000,1771740180000,4.07e-06,4.08e-06,16.258998002700274,target,2744134684.0,4
PEPE,1771804920000,1771804980000,4.05e-06,4.06e-06,16.325205612239735,target,2746039632.0,4
PEPE,1771805640000,1771805700000,4.04e-06,4.05e-06,16.359650258850547,target,2747212470.0,4
PEPE,1771806120000,1771806180000,4.03e-06,4.04e-06,16.39412761393489,target,2748386859.0,4
PEPE,1771812720000,1771812780000,3.9e-06,3.91e-06,16.812645234199856,target,2758432360.0,4
PEPE,1771813320000,1771813380000,3.91e-06,3.92e-06,16.783300775671734,target,2758143102.0,4
PEPE,1771813920000,1771813980000,3.9e-06,3.91e-06,16.81815248115949,target,2759335928.0,4
PEPE,1771814520000,1771814580000,3.9e-06,3.91e-06,16.82090941422606,target,2759788255.0,4
PEPE,1771815120000,1771815180000,3.9e-06,3.91e-06,16.82366679832057,target,2760240656.0,4
PEPE,1771815720000,1771815780000,3.91e-06,3.92e-06,16.79430310676588,target,2759951209.0,4
PEPE,1771816320000,1771816380000,3.91e-06,3.92e-06,16.797050873703856,target,2760402773.0,4
PEPE,1771817100000,1771817160000,3.89e-06,3.9e-06,16.864080449701287,target,2762339140.0,4
PEPE,1771817520000,1771818300000,3.91e-06,3.92e-06,16.802558273335897,target,2761307851.0,4
PEPE,1771819320000,1771819380000,3.91e-06,3.92e-06,16.805307391143586,target,2761759637.0,4
PEPE,1771820520000,1771820580000,3.9e-06,3.91e-06,16.840204794564492,target,2762954027.0,4
PEPE,1771821120000,1771821180000,3.9e-06,3.91e-06,16.84296534196457,target,2763406947.0,4
PEPE,1771821780000,1771821840000,3.89e-06,3.9e-06,16.877902017074625,target,2764603115.0,4
PEPE,1771822320000,1771822380000,3.89e-06,3.9e-06,16.88067402285071,target,2765057170.0,4
PEPE,1771823220000,1771823280000,3.89e-06,3.9e-06,16.883446492605692,target,2765511301.0,4
PEPE,1771823820000,1771823880000,3.9e-06,3.91e-06,16.85402788886373,target,2765221967.0,4
PEPE,1771825740000,1771825800000,3.920000000000001e-06,3.9300000000000005e-06,16.792449001200996,target,2764189136.0,4
PEPE,1771826220000,1771826280000,3.920000000000001e-06,3.9300000000000005e-06,16.795191213675633,target,2764640529.0,4
PEPE,1771826820000,1771826880000,3.94e-06,3.95e-06,16.7336402820651,target,2763606983.0,4
PEPE,1771827420000,1771827480000,4.0100000000000006e-06,4.0200000000000005e-06,16.511841181396836,target,2758870707.0,4
PEPE,1771828020000,1771828080000,4e-06,4.01e-06,16.54651922176178,target,2760053248.0,4
PEPE,1771891320000,1771891380000,3.97e-06,3.98e-06,16.6453825955738,target,2762719103.0,4
PEPE,1771891920000,1771891980000,3.97e-06,3.98e-06,16.64807480054997,target,2763165942.0,4
PEPE,1771892520000,1771894380000,3.98e-06,3.97e-06,-44.09542979435899,time,2762871541.0,4
PEPE,1771894920000,1771895820000,3.96e-06,3.910000000000001e-06,-154.43360036279987,stop,2763170520.0,4
PEPE,1771896420000,1771896480000,3.96e-06,3.97e-06,16.650707981222087,target,2759023692.0,4
PEPE,1771897020000,1771897080000,3.97e-06,3.98e-06,16.62135062385041,target,2758730394.0,4
PEPE,1771897620000,1771897680000,3.95e-06,3.96e-06,16.688177767168987,target,2760658026.0,4
PEPE,1771898220000,1771898580000,3.95e-06,3.96e-06,16.690887311476533,target,2761106255.0,4
PEPE,1771903620000,1771903980000,3.91e-06,3.92e-06,16.822123501621515,target,2764523172.0,4
PEPE,1771904820000,1771904880000,3.89e-06,3.9e-06,16.889253129046782,target,2766462429.0,4
PEPE,1771905900000,1771905960000,3.89e-06,3.9e-06,16.892027009055994,target,2766916791.0,4
PEPE,1771906320000,1771906920000,3.89e-06,3.9e-06,16.894801340836043,target,2767371227.0,4
PEPE,1771907220000,1771908420000,3.9e-06,3.91e-06,16.865362949310605,target,2767081698.0,4
PEPE,1771909320000,1771909380000,3.9e-06,3.91e-06,16.86812762302605,target,2767535295.0,4
PEPE,1771909920000,1771909980000,3.91e-06,3.92e-06,16.838686330056568,target,2767245083.0,4
PEPE,1771910580000,1771910640000,3.88e-06,3.89e-06,16.93812840132517,target,2769931055.0,4
PEPE,1771912320000,1771912380000,3.89e-06,3.9e-06,16.908663958231845,target,2769641926.0,4
PEPE,1771912920000,1771913280000,3.89e-06,3.9e-06,16.911441025051225,target,2770096810.0,4
PEPE,1771913820000,1771913880000,3.89e-06,3.9e-06,16.91421854364145,target,2770551768.0,4
PEPE,1771917480000,1771917540000,3.9e-06,3.91e-06,16.88474632316478,target,2770261907.0,4
PEPE,1771918020000,1771918080000,3.91e-06,3.92e-06,16.855276023764397,target,2769971409.0,4
PEPE,1771918620000,1771918680000,3.920000000000001e-06,3.9300000000000005e-06,16.825807664550446,target,2769680274.0,4
PEPE,1771919220000,1771919280000,3.9e-06,3.91e-06,16.893035376884672,target,2771621883.0,4
PEPE,1771920720000,1771920780000,3.91e-06,3.92e-06,16.863550607568957,target,2771331242.0,4
PEPE,1771978620000,1771978680000,3.94e-06,3.95e-06,16.769635900746373,target,2769551759.0,4
PEPE,1771979220000,1771979340000,3.94e-06,3.95e-06,16.77236390228073,target,2770002296.0,4
PEPE,1771980420000,1771980480000,3.96e-06,3.97e-06,16.710708693525373,target,2768965815.0,4
PEPE,1771981620000,1771981680000,3.98e-06,3.99e-06,16.64909167786452,target,2767928791.0,4
PEPE,1771982220000,1771982280000,4.08e-06,4.09e-06,16.331135042041335,target,2760969576.0,4
PEPE,1771982880000,1771982940000,4.13e-06,4.14e-06,16.1740156477206,target,2757717928.0,4
PEPE,1771983420000,1771983480000,4.1100000000000005e-06,4.12e-06,16.240392006848698,target,2759624810.0,4
PEPE,1771984020000,1771984080000,4.09e-06,4.1e-06,16.306867180645522,target,2761535509.0,4
PEPE,1771985520000,1771985580000,4.08e-06,4.09e-06,16.34143406258976,target,2762710746.0,4
PEPE,1771986120000,1771986180000,4.08e-06,4.09e-06,16.344021218524958,target,2763148135.0,4
PEPE,1771994820000,1771994880000,4e-06,4.01e-06,16.60322956572489,target,2769512855.0,4
PEPE,1771995420000,1771996200000,4e-06,4.01e-06,16.605899432978685,target,2769958204.0,4
PEPE,1772000820000,1772000880000,3.9300000000000005e-06,3.94e-06,16.834090109684404,target,2775612549.0,4
PEPE,1772001420000,1772001480000,3.9300000000000005e-06,3.94e-06,16.83683386110181,target,2776064940.0,4
PEPE,1772002260000,1772003580000,3.9300000000000005e-06,3.94e-06,16.83957806132394,target,2776517405.0,4
PEPE,1772004120000,1772004180000,3.920000000000001e-06,3.9300000000000005e-06,16.874624936925855,target,2777716039.0,4
PEPE,1772005320000,1772005980000,3.91e-06,3.92e-06,16.909705442100197,target,2778916260.0,4
PEPE,1772006520000,1772006580000,3.920000000000001e-06,3.9300000000000005e-06,16.880141929950533,target,2778624186.0,4
PEPE,1772007120000,1772007180000,3.920000000000001e-06,3.9300000000000005e-06,16.882898461198835,target,2779077936.0,4
PEPE,1772008320000,1772008380000,3.9300000000000005e-06,3.94e-06,16.85333209244024,target,2778785176.0,4
PEPE,1772010120000,1772010180000,3.96e-06,3.97e-06,16.759197245019543,target,2777000372.0,4
PEPE,1772011320000,1772011380000,4.0100000000000006e-06,4.0200000000000005e-06,16.600763648072068,target,2773728262.0,4
PEPE,1772011920000,1772011980000,4e-06,4.01e-06,16.635628446139354,target,2774917172.0,4
PEPE,1772012640000,1772012700000,3.99e-06,4e-06,16.67052646827526,target,2776107655.0,4
PEPE,1772065320000,1772065380000,4.16e-06,4.17e-06,16.127674157401948,target,2763954440.0,4
PEPE,1772065920000,1772065980000,4.14e-06,4.15e-06,16.19412134838561,target,2765861887.0,4
PEPE,1772068320000,1772069100000,4.12e-06,4.13e-06,16.260667256249974,target,2767773150.0,4
PEPE,1772070120000,1772070180000,4.1100000000000005e-06,4.12e-06,16.295258256145612,target,2768947877.0,4
PEPE,1772074200000,1772074260000,4.08e-06,4.09e-06,16.394051264501176,target,2771606300.0,4
PEPE,1772075220000,1772075280000,4.1000000000000006e-06,4.1100000000000005e-06,16.33246723440103,target,2770562720.0,4
PEPE,1772075820000,1772075880000,4.09e-06,4.1e-06,16.367129087414575,target,2771740743.0,4
PEPE,1772076420000,1772076480000,4.09e-06,4.1e-06,16.369715235310245,target,2772178702.0,4
PEPE,1772077020000,1772077080000,4.09e-06,4.1e-06,16.37230179655389,target,2772616731.0,4
PEPE,1772077620000,1772077680000,4.1000000000000006e-06,4.1100000000000005e-06,16.342787322044906,target,2772313371.0,4
PEPE,1772078220000,1772078280000,4.09e-06,4.1e-06,16.377471074889336,target,2773492138.0,4
PEPE,1772078820000,1772078880000,4.09e-06,4.1e-06,16.38005885847043,target,2773930374.0,4
PEPE,1772079420000,1772079480000,4.09e-06,4.1e-06,16.38264705540133,target,2774368680.0,4
PEPE,1772080020000,1772080080000,4.1100000000000005e-06,4.12e-06,16.321009368345663,target,2773323597.0,4
PEPE,1772080620000,1772080680000,4.1100000000000005e-06,4.12e-06,16.323578123764133,target,2773760089.0,4
PEPE,1772081220000,1772081280000,4.12e-06,4.13e-06,16.294049787625163,target,2773455283.0,4
PEPE,1772081820000,1772081880000,4.12e-06,4.13e-06,16.296609260749612,target,2773890938.0,4
PEPE,1772082420000,1772082480000,4.1000000000000006e-06,4.1100000000000005e-06,16.36340147090928,target,2775810258.0,4
PEPE,1772086320000,1772086380000,4.07e-06,4.08e-06,16.462474595624876,target,2778476725.0,4
PEPE,1772086920000,1772086980000,4.07e-06,4.08e-06,16.465086021600598,target,2778917472.0,4
PEPE,1772087520000,1772087700000,4.06e-06,4.07e-06,16.49990672317955,target,2780102228.0,4
PEPE,1772088420000,1772090220000,4.06e-06,4.0100000000000006e-06,-155.82169108380066,stop,2780544095.0,4
PEPE,1772090820000,1772090880000,4.03e-06,4.04e-06,16.57436335179028,target,2778602406.0,4
PEPE,1772092620000,1772092680000,4.03e-06,4.04e-06,16.57701310619627,target,2779046623.0,4
PEPE,1772150520000,1772150580000,3.82e-06,3.83e-06,16.643554687501457,target,2695312500.0,5
PEPE,1772151120000,1772151180000,3.830000000000001e-06,3.8400000000000005e-06,16.614891157231142,target,2695035062.0,5
PEPE,1772151720000,1772151780000,3.830000000000001e-06,3.8400000000000005e-06,16.617651246225535,target,2695482765.0,5
PEPE,1772152320000,1772152380000,3.81e-06,3.82e-06,16.68331683616999,target,2697383482.0,5
PEPE,1772153520000,1772153580000,3.830000000000001e-06,3.8400000000000005e-06,16.623183242519847,target,2696380088.0,5
PEPE,1772154120000,1772154180000,3.830000000000001e-06,3.8400000000000005e-06,16.625944706309213,target,2696828014.0,5
PEPE,1772154720000,1772154780000,3.830000000000001e-06,3.8400000000000005e-06,16.628706632475357,target,2697276015.0,5
PEPE,1772155920000,1772155980000,3.830000000000001e-06,3.8400000000000005e-06,16.63146901484969,target,2697724090.0,5
PEPE,1772156520000,1772156580000,3.8400000000000005e-06,3.85e-06,16.602778603560694,target,2697445752.0,5
PEPE,1772157420000,1772157480000,3.8400000000000005e-06,3.85e-06,16.605531464240073,target,2697893008.0,5
PEPE,1772158020000,1772158080000,3.8400000000000005e-06,3.85e-06,16.6082847803902,target,2698340338.0,5
PEPE,1772159220000,1772159280000,3.85e-06,3.86e-06,16.579586596325242,target,2698061285.0,5
PEPE,1772159820000,1772159880000,3.86e-06,3.87e-06,16.550890177351132,target,2697781610.0,5
PEPE,1772160420000,1772160480000,3.8400000000000005e-06,3.85e-06,16.616531821806277,target,2699680231.0,5
PEPE,1772161020000,1772161080000,3.8400000000000005e-06,3.85e-06,16.619286959835776,target,2700127857.0,5
PEPE,1772163720000,1772163780000,3.82e-06,3.83e-06,16.68503901057544,target,2702030609.0,5
PEPE,1772164320000,1772164380000,3.830000000000001e-06,3.8400000000000005e-06,16.656304039200208,target,2701752480.0,5
PEPE,1772165520000,1772165580000,3.89e-06,3.9e-06,16.47032381049107,target,2697841738.0,5
PEPE,1772166120000,1772166180000,3.88e-06,3.89e-06,16.504449598860425,target,2699010564.0,5
PEPE,1772166720000,1772166780000,3.87e-06,3.88e-06,16.53860825137616,target,2700180939.0,5
PEPE,1772167320000,1772168040000,3.88e-06,3.89e-06,16.509886916217248,target,2699899741.0,5
PEPE,1772168520000,1772168580000,3.88e-06,3.89e-06,16.512603657839062,target,2700344016.0,5
PEPE,1772169120000,1772169180000,3.89e-06,3.9e-06,16.483879425750843,target,2700062150.0,5
PEPE,1772169720000,1772170140000,3.89e-06,3.9e-06,16.48658672463023,target,2700505606.0,5
PEPE,1772236920000,1772236980000,3.6800000000000003e-06,3.6900000000000002e-06,17.15335327015402,target,2716287137.0,5
PEPE,1772238720000,1772238780000,3.67e-06,3.68e-06,17.18809943702497,target,2717486077.0,5
PEPE,1772239320000,1772239380000,3.67e-06,3.68e-06,17.191041523426158,target,2717951229.0,5
PEPE,1772240100000,1772240160000,3.67e-06,3.68e-06,17.19398411582626,target,2718416461.0,5
PEPE,1772240520000,1772240580000,3.6800000000000003e-06,3.6900000000000002e-06,17.165095419045564,target,2718146543.0,5
PEPE,1772241720000,1772241780000,3.66e-06,3.67e-06,17.231719831093194,target,2720082057.0,5
PEPE,1772243520000,1772243580000,3.65e-06,3.66e-06,17.266552024274127,target,2721284795.0,5
PEPE,1772244720000,1772244780000,3.65e-06,3.66e-06,17.26951849577932,target,2721752324.0,5
PEPE,1772245320000,1772245380000,3.66e-06,3.67e-06,17.24059734533517,target,2721483401.0,5
PEPE,1772247720000,1772248200000,3.66e-06,3.67e-06,17.243553889833244,target,2721950101.0,5
PEPE,1772249220000,1772249280000,3.65e-06,3.66e-06,17.278410004423492,target,2723153665.0,5
PEPE,1772249820000,1772249880000,3.6400000000000003e-06,3.65e-06,17.313300326519027,target,2724358824.0,5
PEPE,1772250420000,1772250480000,3.6400000000000003e-06,3.65e-06,17.316280319475695,target,2724827745.0,5
PEPE,1772251080000,1772251140000,3.6400000000000003e-06,3.65e-06,17.319260827186348,target,2725296747.0,5
PEPE,1772251620000,1772251680000,3.6400000000000003e-06,3.65e-06,17.32224184964917,target,2725765830.0,5
PEPE,1772252220000,1772252280000,3.65e-06,3.66e-06,17.293279588066575,target,2725497177.0,5
PEPE,1772253060000,1772253240000,3.6400000000000003e-06,3.65e-06,17.328199935413647,target,2726703373.0,5
PEPE,1772254320000,1772254380000,3.6400000000000003e-06,3.65e-06,17.331182495789356,target,2727172698.0,5
PEPE,1772254920000,1772254980000,3.6400000000000003e-06,3.65e-06,17.33416557091905,target,2727642104.0,5
PEPE,1772255520000,1772255580000,3.6400000000000003e-06,3.65e-06,17.337149154450017,target,2728111590.0,5
PEPE,1772257920000,1772258040000,3.62e-06,3.63e-06,17.40412779525042,target,2730059262.0,5
PEPE,1772258520000,1772258580000,3.62e-06,3.63e-06,17.407134481125105,target,2730530899.0,5
PEPE,1772264220000,1772264280000,3.49e-06,3.5e-06,17.827946483515053,target,2740652803.0,5
PEPE,1772264820000,1772264880000,3.52e-06,3.53e-06,17.734404843924683,target,2738904223.0,5
PEPE,1772323320000,1772323380000,3.65e-06,3.66e-06,17.32025246224667,target,2729748221.0,5
PEPE,1772325420000,1772325480000,3.63e-06,3.64e-06,17.38724372881063,target,2731695794.0,5
PEPE,1772326320000,1772326380000,3.62e-06,3.63e-06,17.422281289876203,target,2732906869.0,5
PEPE,1772327220000,1772327280000,3.63e-06,3.64e-06,17.39324626115389,target,2732638847.0,5
PEPE,1772328120000,1772328180000,3.61e-06,3.62e-06,17.460363662699997,target,2734591020.0,5
PEPE,1772329320000,1772329380000,3.65e-06,3.66e-06,17.335196593290682,target,2732103482.0,5
PEPE,1772329920000,1772329980000,3.7e-06,3.71e-06,17.178300877886134,target,2728880203.0,5
PEPE,1772330520000,1772330580000,3.71e-06,3.72e-06,17.149296578821406,target,2728607252.0,5
PEPE,1772331120000,1772331180000,3.75e-06,3.76e-06,17.024647427562126,target,2726124488.0,5
PEPE,1772331720000,1772331780000,3.7300000000000003e-06,3.74e-06,17.09127620910672,target,2728056857.0,5
PEPE,1772332320000,1772332380000,3.74e-06,3.75e-06,17.062276403744264,target,2727781999.0,5
PEPE,1772333220000,1772333280000,3.7700000000000003e-06,3.7800000000000002e-06,16.969567638450027,target,2726034962.0,5
PEPE,1772333820000,1772333880000,3.74e-06,3.75e-06,17.068026287473792,target,2728701245.0,5
PEPE,1772339820000,1772339880000,3.67e-06,3.68e-06,17.294635637124557,target,2734329745.0,5
PEPE,1772340420000,1772340480000,3.67e-06,3.68e-06,17.297595964824907,target,2734797781.0,5
PEPE,1772341020000,1772341080000,3.66e-06,3.67e-06,17.33259774393054,target,2736005958.0,5
PEPE,1772341620000,1772341680000,3.66e-06,3.67e-06,17.33557006258045,target,2736475148.0,5
PEPE,1772342520000,1772342580000,3.66e-06,3.67e-06,17.33854288803128,target,2736944418.0,5
PEPE,1772343120000,1772343180000,3.66e-06,3.67e-06,17.34151622661483,target,2737413769.0,5
PEPE,1772344320000,1772344380000,3.66e-06,3.67e-06,17.34449007833473,target,2737883201.0,5
PEPE,1772345040000,1772345100000,3.65e-06,3.66e-06,17.379550224450863,target,2739093810.0,5
PEPE,1772349120000,1772349180000,3.61e-06,3.62e-06,17.511075190735426,target,2742533311.0,5
PEPE,1772349960000,1772350020000,3.61e-06,3.62e-06,17.514105913989628,target,2743007974.0,5
PEPE,1772350320000,1772350380000,3.61e-06,3.62e-06,17.517137167201543,target,2743482720.0,5
PEPE,1772409720000,1772409780000,3.44e-06,3.45e-06,18.06986788770029,target,2756654140.0,5
PEPE,1772410320000,1772410380000,3.4600000000000003e-06,3.4700000000000002e-06,18.00814750529498,target,2755646137.0,5
PEPE,1772410920000,1772410980000,3.4700000000000002e-06,3.48e-06,17.978898250126285,target,2755386705.0,5
PEPE,1772411520000,1772411580000,3.4700000000000002e-06,3.48e-06,17.98209028012499,target,2755875905.0,5
PEPE,1772412120000,1772412180000,3.48e-06,3.49e-06,17.95283676109482,target,2755615773.0,5
PEPE,1772412720000,1772412780000,3.49e-06,3.5e-06,17.923584183929986,target,2755354986.0,5
PEPE,1772413320000,1772413380000,3.49e-06,3.5e-06,17.92675491608181,target,2755842416.0,5
PEPE,1772414100000,1772414160000,3.5100000000000003e-06,3.52e-06,17.865087679505077,target,2754832333.0,5
PEPE,1772414520000,1772415600000,3.49e-06,3.5e-06,17.93308659035431,target,2756815771.0,5
PEPE,1772416620000,1772416680000,3.4700000000000002e-06,3.48e-06,18.001190984397795,target,2758803216.0,5
PEPE,1772417220000,1772417460000,3.48e-06,3.43e-06,-152.18880666219135,stop,2758542807.0,5
PEPE,1772419920000,1772419980000,3.45e-06,3.46e-06,18.04228352426409,target,2756651417.0,5
PEPE,1772420520000,1772421180000,3.45e-06,3.46e-06,18.045498369360928,target,2757142608.0,5
PEPE,1772421720000,1772421780000,3.4600000000000003e-06,3.4700000000000002e-06,18.016235084059034,target,2756883716.0,5
PEPE,1772422320000,1772422380000,3.48e-06,3.49e-06,17.954523520655517,target,2755874677.0,5
PEPE,1772423520000,1772423580000,3.48e-06,3.49e-06,17.957705472716363,target,2756363081.0,5
PEPE,1772424120000,1772424180000,3.4700000000000002e-06,3.48e-06,17.993348658674954,target,2757601327.0,5
PEPE,1772425920000,1772425980000,3.4600000000000003e-06,3.4700000000000002e-06,18.02902735963002,target,2758841218.0,5
PEPE,1772426520000,1772426580000,3.45e-06,3.46e-06,18.064741624929333,target,2760082754.0,5
PEPE,1772428920000,1772428980000,3.43e-06,3.44e-06,18.133040290886022,target,2762077729.0,5
PEPE,1772429520000,1772429580000,3.44e-06,3.45e-06,18.10372836292625,target,2761819735.0,5
PEPE,1772430120000,1772430180000,3.44e-06,3.45e-06,18.106959971370863,target,2762312734.0,5
PEPE,1772430720000,1772430780000,3.45e-06,3.46e-06,18.077643672166396,target,2762054037.0,5
PEPE,1772431440000,1772431500000,3.43e-06,3.44e-06,18.145991118904902,target,2764050437.0,5
PEPE,1772496420000,1772496480000,3.5100000000000003e-06,3.52e-06,17.889109033888737,target,2758536474.0,5
PEPE,1772498880000,1772498940000,3.5100000000000003e-06,3.52e-06,17.892262222470972,target,2759022702.0,5
PEPE,1772499420000,1772499540000,3.52e-06,3.53e-06,17.86296813157513,target,2758759557.0,5
PEPE,1772500020000,1772500080000,3.53e-06,3.54e-06,17.83367507547066,target,2758495758.0,5
PEPE,1772500620000,1772500680000,3.52e-06,3.53e-06,17.869248719700916,target,2759729532.0,5
PEPE,1772501400000,1772501460000,3.5100000000000003e-06,3.52e-06,17.90485765535527,target,2760964943.0,5
PEPE,1772502420000,1772502480000,3.5100000000000003e-06,3.52e-06,17.908013619516005,target,2761451599.0,5
PEPE,1772505720000,1772505780000,3.5000000000000004e-06,3.5100000000000003e-06,17.943664197661473,target,2762688868.0,5
PEPE,1772506320000,1772506380000,3.49e-06,3.5e-06,17.97935019589211,target,2763927778.0,5
PEPE,1772506920000,1772506980000,3.48e-06,3.49e-06,18.01507169601034,target,2765168334.0,5
PEPE,1772509620000,1772509680000,3.49e-06,3.5e-06,17.985717712714774,target,2764906643.0,5
PEPE,1772510220000,1772510280000,3.49e-06,3.5e-06,17.98889943180987,target,2765395762.0,5
PEPE,1772510820000,1772510880000,3.49e-06,3.5e-06,17.992081723343652,target,2765884969.0,5
PEPE,1772511420000,1772511480000,3.48e-06,3.49e-06,18.027828509030368,target,2767126402.0,5
PEPE,1772512920000,1772512980000,3.4700000000000002e-06,3.48e-06,18.063610883100086,target,2768369484.0,5
PEPE,1772514720000,1772514780000,3.48e-06,3.49e-06,18.03422474058149,target,2768108172.0,5
PEPE,1772515320000,1772515380000,3.5000000000000004e-06,3.5100000000000003e-06,17.972275991146102,target,2767094071.0,5
PEPE,1772515920000,1772515980000,3.49e-06,3.5e-06,18.00801889528659,target,2768334957.0,5
PEPE,1772516520000,1772516580000,3.48e-06,3.49e-06,18.043797347350754,target,2769577490.0,5
PEPE,1772518020000,1772518080000,3.4700000000000002e-06,3.48e-06,18.079611416324198,target,2770821673.0,5
PEPE,1772520420000,1772520480000,3.4700000000000002e-06,3.48e-06,18.082821324825662,target,2771313613.0,5
PEPE,1772521680000,1772521740000,3.49e-06,3.5e-06,18.0207937915757,target,2770298815.0,5
PEPE,1772522280000,1772522340000,3.52e-06,3.53e-06,17.9262402970002,target,2768531320.0,5
PEPE,1772522880000,1772522940000,3.53e-06,3.54e-06,17.89684349142091,target,2768266588.0,5
PEPE,1772583420000,1772583480000,3.4600000000000003e-06,3.4700000000000002e-06,18.12825430297061,target,2774025142.0,5
PEPE,1772584920000,1772585160000,3.43e-06,3.44e-06,18.229591463589014,target,2776784686.0,5
PEPE,1772585520000,1772585580000,3.45e-06,3.46e-06,18.16741335408948,target,2775769802.0,5
PEPE,1772586720000,1772586780000,3.4600000000000003e-06,3.4700000000000002e-06,18.137952360600572,target,2775509160.0,5
PEPE,1772587320000,1772587380000,3.45e-06,3.46e-06,18.173882405909126,target,2776758198.0,5
PEPE,1772587920000,1772587980000,3.4600000000000003e-06,3.4700000000000002e-06,18.14441092070576,target,2776497463.0,5
PEPE,1772588520000,1772588580000,3.48e-06,3.49e-06,18.082260317690157,target,2775481246.0,5
PEPE,1772589120000,1772589180000,3.4700000000000002e-06,3.48e-06,18.118150721998752,target,2776728080.0,5
PEPE,1772589720000,1772589780000,3.4600000000000003e-06,3.4700000000000002e-06,18.1540768849505,target,2777976570.0,5
PEPE,1772590920000,1772590980000,3.4600000000000003e-06,3.4700000000000002e-06,18.15730583498733,target,2778470671.0,5
PEPE,1772591520000,1772591580000,3.45e-06,3.46e-06,18.19327421334482,target,2779721041.0,5
PEPE,1772592120000,1772592720000,3.4700000000000002e-06,3.48e-06,18.131044409098504,target,2778704124.0,5
PEPE,1772593020000,1772593080000,3.4600000000000003e-06,3.4700000000000002e-06,18.166996135569836,target,2779953502.0,5
PEPE,1772593620000,1772593680000,3.44e-06,3.45e-06,18.23575786848138,target,2781961536.0,5
PEPE,1772594220000,1772594340000,3.44e-06,3.45e-06,18.239013042149992,target,2782458130.0,5
PEPE,1772597220000,1772597280000,3.4200000000000003e-06,3.43e-06,18.30789408980029,target,2784470584.0,5
PEPE,1772597820000,1772597880000,3.4200000000000003e-06,3.43e-06,18.311173897051134,target,2784969414.0,5
PEPE,1772598420000,1772598480000,3.41e-06,3.42e-06,18.347305519350016,target,2786227110.0,5
PEPE,1772599620000,1772599680000,3.41e-06,3.42e-06,18.350598282750756,target,2786727150.0,5
PEPE,1772600220000,1772600280000,3.4200000000000003e-06,3.43e-06,18.321028618824045,target,2786468231.0,5
PEPE,1772600820000,1772600880000,3.41e-06,3.42e-06,18.357179687341848,target,2787726604.0,5
PEPE,1772602020000,1772602680000,3.41e-06,3.42e-06,18.36047422868997,target,2788226914.0,5
PEPE,1772604060000,1772604120000,3.4200000000000003e-06,3.43e-06,18.330888653199956,target,2787967856.0,5
PEPE,1772604420000,1772604480000,3.4200000000000003e-06,3.43e-06,18.334172582974382,target,2788467313.0,5
PEPE,1772668920000,1772668980000,3.65e-06,3.66e-06,17.585843737410055,target,2771606578.0,5
PEPE,1772670300000,1772670360000,3.63e-06,3.64e-06,17.653862255474767,target,2773584015.0,5
PEPE,1772671620000,1772671680000,3.63e-06,3.64e-06,17.656906475851155,target,2774062290.0,5
PEPE,1772673120000,1772673180000,3.62e-06,3.63e-06,17.69248744350026,target,2775292148.0,5
PEPE,1772673720000,1772673780000,3.62e-06,3.63e-06,17.69554394362504,target,2775771599.0,5
PEPE,1772674320000,1772674380000,3.61e-06,3.62e-06,17.731166076886062,target,2777003301.0,5
PEPE,1772674920000,1772676240000,3.61e-06,3.62e-06,17.73423489305083,target,2777483930.0,5
PEPE,1772676780000,1772676840000,3.6000000000000003e-06,3.61e-06,17.769898278205034,target,2778717479.0,5
PEPE,1772677320000,1772677380000,3.61e-06,3.62e-06,17.74037976597012,target,2778446322.0,5
PEPE,1772677920000,1772678100000,3.6000000000000003e-06,3.61e-06,17.776055505710662,target,2779680298.0,5
PEPE,1772678520000,1772678640000,3.5900000000000004e-06,3.6000000000000003e-06,17.811766409956217,target,2780915911.0,5
PEPE,1772679120000,1772679180000,3.6000000000000003e-06,3.61e-06,17.78222618190052,target,2780645220.0,5
PEPE,1772679720000,1772679780000,3.6000000000000003e-06,3.61e-06,17.78530949278026,target,2781127364.0,5
PEPE,1772680320000,1772680380000,3.61e-06,3.62e-06,17.7557653812203,target,2780855972.0,5
PEPE,1772681520000,1772681580000,3.6000000000000003e-06,3.61e-06,17.791472066505754,target,2782091019.0,5
PEPE,1772682120000,1772682180000,3.6000000000000003e-06,3.61e-06,17.79455697613509,target,2782573413.0,5
PEPE,1772683320000,1772683380000,3.6000000000000003e-06,3.61e-06,17.797642429340964,target,2783055892.0,5
PEPE,1772684520000,1772684580000,3.61e-06,3.62e-06,17.768077832119953,target,2782784312.0,5
PEPE,1772685120000,1772685180000,3.62e-06,3.63e-06,17.738514497251735,target,2782512078.0,5
PEPE,1772685720000,1772685780000,3.61e-06,3.62e-06,17.77422312644923,target,2783746770.0,5
PEPE,1772686380000,1772686440000,3.61e-06,3.62e-06,17.77729940029557,target,2784228567.0,5
PEPE,1772686920000,1772686980000,3.61e-06,3.62e-06,17.78037620409598,target,2784710447.0,5
PEPE,1772687520000,1772687580000,3.62e-06,3.63e-06,17.75079240300017,target,2784438024.0,5
PEPE,1772688120000,1772688180000,3.6000000000000003e-06,3.61e-06,17.819210238314348,target,2786428497.0,5
PEPE,1772755320000,1772755380000,3.4700000000000002e-06,3.48e-06,18.24888995459904,target,2796764744.0,5
PEPE,1772756520000,1772756580000,3.48e-06,3.49e-06,18.219202399280682,target,2796500752.0,5
PEPE,1772757120000,1772757240000,3.48e-06,3.49e-06,18.222431259340524,target,2796996356.0,5
PEPE,1772757720000,1772757780000,3.48e-06,3.49e-06,18.22566069271925,target,2797492048.0,5
PEPE,1772758320000,1772758380000,3.4700000000000002e-06,3.48e-06,18.26183572425154,target,2798748770.0,5
PEPE,1772758920000,1772758980000,3.4700000000000002e-06,3.48e-06,18.265077990224714,target,2799245669.0,5
PEPE,1772760120000,1772760180000,3.4600000000000003e-06,3.4700000000000002e-06,18.30129549593995,target,2800504284.0,5
PEPE,1772762520000,1772762640000,3.5000000000000004e-06,3.5100000000000003e-06,18.17273606688017,target,2797957824.0,5
PEPE,1772763120000,1772763180000,3.49e-06,3.5e-06,18.208877644254628,target,2799212551.0,5
PEPE,1772764020000,1772764200000,3.49e-06,3.5e-06,18.2120988421942,target,2799707739.0,5
PEPE,1772764620000,1772764680000,3.48e-06,3.49e-06,18.24828276630995,target,2800964354.0,5
PEPE,1772765220000,1772765280000,3.48e-06,3.49e-06,18.251516779736086,target,2801460749.0,5
PEPE,1772765820000,1772765880000,3.48e-06,3.49e-06,18.254751359966534,target,2801957231.0,5
PEPE,1772767020000,1772767080000,3.48e-06,3.49e-06,18.25798652003044,target,2802453802.0,5
PEPE,1772768220000,1772768280000,3.49e-06,3.5e-06,18.228236732414423,target,2802188583.0,5
PEPE,1772768820000,1772768880000,3.48e-06,3.49e-06,18.264452716165575,target,2803446311.0,5
PEPE,1772769420000,1772769480000,3.48e-06,3.49e-06,18.267689596189772,target,2803943146.0,5
PEPE,1772770320000,1772770380000,3.4700000000000002e-06,3.48e-06,18.303948054675352,target,2805202767.0,5
PEPE,1772771520000,1772771580000,3.49e-06,3.5e-06,18.241162011293582,target,2804175559.0,5
PEPE,1772772120000,1772772180000,3.4700000000000002e-06,3.48e-06,18.310436384176942,target,2806197147.0,5
PEPE,1772772840000,1772772900000,3.48e-06,3.49e-06,18.280648706473887,target,2805932265.0,5
PEPE,1772773320000,1772773380000,3.48e-06,3.49e-06,18.28388845309978,target,2806429540.0,5
PEPE,1772773920000,1772773980000,3.48e-06,3.49e-06,18.287128779560952,target,2806926904.0,5
PEPE,1772774520000,1772774580000,3.48e-06,3.49e-06,18.290369672824614,target,2807424355.0,5
PEPE,1772841720000,1772841780000,3.3800000000000002e-06,3.39e-06,18.625042384201407,target,2815577080.0,5
PEPE,1772842320000,1772842380000,3.39e-06,3.4e-06,18.595172556455317,target,2815317571.0,5
PEPE,1772843880000,1772843940000,3.3800000000000002e-06,3.39e-06,18.631758163725436,target,2816592315.0,5
PEPE,1772844420000,1772844480000,3.3800000000000002e-06,3.39e-06,18.6351199662598,target,2817100524.0,5
PEPE,1772845740000,1772845800000,3.3700000000000003e-06,3.3800000000000002e-06,18.67174889699927,target,2818377192.0,5
PEPE,1772846820000,1772846880000,3.3800000000000002e-06,3.39e-06,18.641851377030346,target,2818118122.0,5
PEPE,1772847420000,1772847480000,3.3800000000000002e-06,3.39e-06,18.645214998690513,target,2818626606.0,5
PEPE,1772848020000,1772848080000,3.3800000000000002e-06,3.39e-06,18.648579222314392,target,2819135181.0,5
PEPE,1772849220000,1772849280000,3.3800000000000002e-06,3.39e-06,18.65194405451932,target,2819643848.0,5
PEPE,1772849820000,1772849880000,3.39e-06,3.4e-06,18.622031075616327,target,2819383963.0,5
PEPE,1772850420000,1772850480000,3.3800000000000002e-06,3.39e-06,18.658669531634253,target,2820660549.0,5
PEPE,1772851920000,1772851980000,3.3800000000000002e-06,3.39e-06,18.662036189578664,target,2821169492.0,5
PEPE,1772852520000,1772852580000,3.39e-06,3.4e-06,18.63210702292981,target,2820909466.0,5
PEPE,1772853720000,1772853780000,3.39e-06,3.4e-06,18.635462884725598,target,2821417545.0,5
PEPE,1772854320000,1772854380000,3.3800000000000002e-06,3.39e-06,18.672127768981017,target,2822695052.0,5
PEPE,1772855520000,1772855580000,3.3800000000000002e-06,3.39e-06,18.675496854630453,target,2823204362.0,5
PEPE,1772856180000,1772856240000,3.3700000000000003e-06,3.3800000000000002e-06,18.71220515512332,target,2824483797.0,5
PEPE,1772856720000,1772856780000,3.3700000000000003e-06,3.3800000000000002e-06,18.715587489250964,target,2824994338.0,5
PEPE,1772857620000,1772857680000,3.3700000000000003e-06,3.3800000000000002e-06,18.718970439502172,target,2825504972.0,5
PEPE,1772858220000,1772858280000,3.3700000000000003e-06,3.3800000000000002e-06,18.722353999249172,target,2826015698.0,5
PEPE,1772860020000,1772860080000,3.3700000000000003e-06,3.3800000000000002e-06,18.72573817512702,target,2826526517.0,5
PEPE,1772860620000,1772860680000,3.3700000000000003e-06,3.3800000000000002e-06,18.729122960500657,target,2827037428.0,5
PEPE,1772862720000,1772862780000,3.36e-06,3.37e-06,18.76590134883473,target,2828319721.0,5
PEPE,1772863920000,1772863980000,3.35e-06,3.36e-06,18.802716706109855,target,2829603718.0,5
PEPE,1772928420000,1772928480000,3.2400000000000003e-06,3.2500000000000002e-06,19.174991529961012,target,2838636792.0,5
PEPE,1772929320000,1772929380000,3.2400000000000003e-06,3.2500000000000002e-06,19.17853810085577,target,2839161821.0,5
PEPE,1772929920000,1772929980000,3.23e-06,3.24e-06,19.215741023326032,target,2840464305.0,5
PEPE,1772930520000,1772930700000,3.2400000000000003e-06,3.2500000000000002e-06,19.185639443213837,target,2840213093.0,5
PEPE,1772931720000,1772931780000,3.23e-06,3.24e-06,19.222856139135622,target,2841516059.0,5
PEPE,1772933220000,1772933280000,3.23e-06,3.24e-06,19.22641781015976,target,2842042544.0,5
PEPE,1772933820000,1772933880000,3.22e-06,3.23e-06,19.263679210873413,target,2843347485.0,5
PEPE,1772934420000,1772934480000,3.23e-06,3.24e-06,19.233549364920183,target,2843096728.0,5
PEPE,1772935020000,1772935080000,3.2400000000000003e-06,3.2500000000000002e-06,19.203419886664797,target,2842845283.0,5
PEPE,1772937420000,1772937480000,3.22e-06,3.23e-06,19.274388886973696,target,2844928249.0,5
PEPE,1772938020000,1772938080000,3.22e-06,3.23e-06,19.277966357975863,target,2845456289.0,5
PEPE,1772941920000,1772941980000,3.2000000000000003e-06,3.21e-06,19.349060603445785,target,2847543871.0,5
PEPE,1772942520000,1772942580000,3.2000000000000003e-06,3.21e-06,19.35266450836443,target,2848074247.0,5
PEPE,1772943120000,1772943180000,3.2000000000000003e-06,3.21e-06,19.35626908599025,target,2848604722.0,5
PEPE,1772943720000,1772945580000,3.2000000000000003e-06,3.19e-06,-42.13871102783962,time,2849135296.0,5
PEPE,1772946120000,1772946180000,3.19e-06,3.2e-06,19.385816672378855,target,2848760716.0,5
PEPE,1772946720000,1772947140000,3.2000000000000003e-06,3.21e-06,19.35563643751409,target,2848511617.0,5
PEPE,1772947620000,1772947680000,3.2000000000000003e-06,3.21e-06,19.35924157232917,target,2849042174.0,5
PEPE,1772948220000,1772948280000,3.2000000000000003e-06,3.21e-06,19.362847373054972,target,2849572829.0,5
PEPE,1772948820000,1772948880000,3.2000000000000003e-06,3.21e-06,19.36645385328076,target,2850103584.0,5
PEPE,1772949420000,1772949480000,3.2000000000000003e-06,3.21e-06,19.37006099941363,target,2850634437.0,5
PEPE,1772952120000,1772952180000,3.19e-06,3.2e-06,19.407497592922194,target,2851946744.0,5
PEPE,1772952720000,1772952780000,3.19e-06,3.2e-06,19.411118696740814,target,2852478868.0,5
PEPE,1772955120000,1772955180000,3.22e-06,3.23e-06,19.31327186534813,target,2850667434.0,5
PEPE,1773014820000,1773014880000,3.2000000000000003e-06,3.21e-06,19.384496311005915,target,2852758839.0,5
PEPE,1773015420000,1773015540000,3.21e-06,3.22e-06,19.354271380231076,target,2852508678.0,5
PEPE,1773016320000,1773016380000,3.22e-06,3.23e-06,19.324046764375307,target,2852257825.0,5
PEPE,1773017520000,1773017580000,3.22e-06,3.23e-06,19.32763345615047,target,2852787226.0,5
PEPE,1773019620000,1773019680000,3.22e-06,3.23e-06,19.33122080510037,target,2853316724.0,5
PEPE,1773020220000,1773020280000,3.22e-06,3.23e-06,19.334808831551634,target,2853846322.0,5
PEPE,1773024420000,1773024480000,3.23e-06,3.24e-06,19.304567726070676,target,2853594638.0,5
PEPE,1773025260000,1773025320000,3.22e-06,3.23e-06,19.34198058909941,target,2854904884.0,5
PEPE,1773025620000,1773025680000,3.2500000000000002e-06,3.26e-06,19.244099159229236,target,2853091054.0,5
PEPE,1773026820000,1773026880000,3.2500000000000002e-06,3.26e-06,19.24765227009464,target,2853617831.0,5
PEPE,1773029040000,1773029100000,3.2400000000000003e-06,3.2500000000000002e-06,19.28502383303863,target,2854925808.0,5
PEPE,1773029520000,1773029580000,3.2500000000000002e-06,3.26e-06,19.254766713980338,target,2854672604.0,5
PEPE,1773030120000,1773030180000,3.26e-06,3.27e-06,19.224510018586454,target,2854418711.0,5
PEPE,1773031920000,1773031980000,3.26e-06,3.27e-06,19.228053281881152,target,2854944808.0,5
PEPE,1773033120000,1773033180000,3.2500000000000002e-06,3.26e-06,19.265421446484915,target,2856252253.0,5
PEPE,1773034020000,1773034080000,3.26e-06,3.27e-06,19.235148011699472,target,2855998220.0,5
PEPE,1773034680000,1773034740000,3.26e-06,3.27e-06,19.23869323487945,target,2856524608.0,5
PEPE,1773035280000,1773035340000,3.2900000000000003e-06,3.3e-06,19.140821223345256,target,2854708609.0,5
PEPE,1773036420000,1773036480000,3.3e-06,3.31e-06,19.110555256260046,target,2854451868.0,5
PEPE,1773042720000,1773042840000,3.2500000000000002e-06,3.26e-06,19.283144581504764,target,2858879849.0,5
PEPE,1773043380000,1773043440000,3.2400000000000003e-06,3.2500000000000002e-06,19.3205850576901,target,2860190238.0,5
PEPE,1773043920000,1773043980000,3.2400000000000003e-06,3.2500000000000002e-06,19.324158560771494,target,2860719254.0,5
PEPE,1773045420000,1773045480000,3.26e-06,3.27e-06,19.259965900755475,target,2859683133.0,5
PEPE,1773046020000,1773046080000,3.2500000000000002e-06,3.26e-06,19.297396085260225,target,2860992748.0,5
PEPE,1773100920000,1773100980000,3.26e-06,3.27e-06,19.267072403356515,target,2860738293.0,5
PEPE,1773101520000,1773101580000,3.26e-06,3.27e-06,19.27062351292421,target,2861265555.0,5
PEPE,1773102120000,1773102180000,3.27e-06,3.28e-06,19.240294684450575,target,2861010362.0,5
PEPE,1773102720000,1773102780000,3.2900000000000003e-06,3.3e-06,19.17611654449564,target,2859972639.0,5
PEPE,1773103980000,1773104040000,3.2900000000000003e-06,3.3e-06,19.17963226431023,target,2860496982.0,5
PEPE,1773105120000,1773105180000,3.2900000000000003e-06,3.3e-06,19.183148627804346,target,2861021421.0,5
PEPE,1773107520000,1773107820000,3.2900000000000003e-06,3.3e-06,19.18666563497981,target,2861545956.0,5
PEPE,1773108180000,1773108240000,3.27e-06,3.28e-06,19.257951044175826,target,2863635843.0,5
PEPE,1773109920000,1773109980000,3.2800000000000004e-06,3.2900000000000003e-06,19.22759486008991,target,2863379726.0,5
PEPE,1773110520000,1773110580000,3.31e-06,3.32e-06,19.12952056462995,target,2861558798.0,5
PEPE,1773111120000,1773111720000,3.3300000000000003e-06,3.34e-06,19.06535835519695,target,2860518883.0,5
PEPE,1773112020000,1773112080000,3.31e-06,3.32e-06,19.136498447849668,target,2862602610.0,5
PEPE,1773112620000,1773112680000,3.32e-06,3.33e-06,19.10614443779968,target,2862343736.0,5
PEPE,1773113820000,1773113880000,3.32e-06,3.33e-06,19.109628801150773,target,2862865738.0,5
PEPE,1773118020000,1773118620000,3.31e-06,3.32e-06,19.146976229395783,target,2864169967.0,5
PEPE,1773118920000,1773118980000,3.3e-06,3.31e-06,19.18436135134929,target,2865475930.0,5
PEPE,1773123120000,1773123180000,3.2800000000000004e-06,3.2900000000000003e-06,19.255714634380688,target,2867567332.0,5
PEPE,1773124320000,1773124380000,3.2900000000000003e-06,3.3e-06,19.225314549044953,target,2867310149.0,5
PEPE,1773124920000,1773124980000,3.2900000000000003e-06,3.3e-06,19.228839287086167,target,2867835837.0,5
PEPE,1773125520000,1773125580000,3.3e-06,3.31e-06,19.198434147621033,target,2867577916.0,5
PEPE,1773126120000,1773126360000,3.2900000000000003e-06,3.3e-06,19.23588448537523,target,2868886575.0,5
PEPE,1773126720000,1773126780000,3.3e-06,3.31e-06,19.205468202505617,target,2868628559.0,5
PEPE,1773127320000,1773127380000,3.3e-06,3.31e-06,19.208983090894627,target,2869153561.0,5
PEPE,1773129240000,1773129300000,3.31e-06,3.32e-06,19.178561791481176,target,2868894808.0,5
PEPE,1773188220000,1773188280000,3.2900000000000003e-06,3.3e-06,19.249970168340386,target,2870987348.0,5
PEPE,1773188880000,1773188940000,3.2900000000000003e-06,3.3e-06,19.253499432256227,target,2871513711.0,5
PEPE,1773189420000,1773189480000,3.2800000000000004e-06,3.2900000000000003e-06,19.291021949935313,target,2872825309.0,5
PEPE,1773190920000,1773190980000,3.3e-06,3.31e-06,19.22658584599981,target,2871782800.0,5
PEPE,1773191520000,1773191700000,3.3e-06,3.31e-06,19.230104597405678,target,2872308379.0,5
PEPE,1773193620000,1773193680000,3.27e-06,3.28e-06,19.335657914799878,target,2875190768.0,5
PEPE,1773194220000,1773194280000,3.2800000000000004e-06,3.2900000000000003e-06,19.30517923815568,target,2874933617.0,5
PEPE,1773195120000,1773195900000,3.2900000000000003e-06,3.3e-06,19.274701057964545,target,2874675773.0,5
PEPE,1773196620000,1773196680000,3.27e-06,3.28e-06,19.346313556249974,target,2876775250.0,5
PEPE,1773197220000,1773197280000,3.27e-06,3.28e-06,19.34987300460046,target,2877304536.0,5
PEPE,1773198120000,1773198180000,3.2900000000000003e-06,3.3e-06,19.285329347908945,target,2876260902.0,5
PEPE,1773198720000,1773198780000,3.2900000000000003e-06,3.3e-06,19.288865088855932,target,2876788231.0,5
PEPE,1773199320000,1773199380000,3.2800000000000004e-06,3.2900000000000003e-06,19.3264565348871,target,2878102239.0,5
PEPE,1773200220000,1773200280000,3.2900000000000003e-06,3.3e-06,19.295944764255545,target,2877844111.0,5
PEPE,1773201420000,1773201540000,3.2900000000000003e-06,3.3e-06,19.29948244964943,target,2878371730.0,5
PEPE,1773202920000,1773202980000,3.2800000000000004e-06,3.2900000000000003e-06,19.33709458561449,target,2879686461.0,5
PEPE,1773204420000,1773204480000,3.2900000000000003e-06,3.3e-06,19.306566020656106,target,2879428191.0,5
PEPE,1773205020000,1773205080000,3.3e-06,3.31e-06,19.276037974765853,target,2879169227.0,5
PEPE,1773205620000,1773205680000,3.3e-06,3.31e-06,19.27956577780993,target,2879696158.0,5
PEPE,1773210720000,1773210780000,3.27e-06,3.28e-06,19.385390587726047,target,2882585961.0,5
PEPE,1773211320000,1773211380000,3.2800000000000004e-06,3.2900000000000003e-06,19.35483352053399,target,2882328149.0,5
PEPE,1773212520000,1773212580000,3.2800000000000004e-06,3.2900000000000003e-06,19.35838826694596,target,2882857523.0,5
PEPE,1773213420000,1773213480000,3.27e-06,3.28e-06,19.396079914701783,target,2884175452.0,5
PEPE,1773214200000,1773214260000,3.27e-06,3.28e-06,19.39964851577425,target,2884706099.0,5
PEPE,1773274320000,1773274380000,3.3300000000000003e-06,3.34e-06,19.198604628630346,target,2880510822.0,5
PEPE,1773275220000,1773276000000,3.3300000000000003e-06,3.34e-06,19.202099647990213,target,2881035206.0,5
PEPE,1773277320000,1773277380000,3.32e-06,3.33e-06,19.239663334724735,target,2882346567.0,5
PEPE,1773277920000,1773279780000,3.32e-06,3.3e-06,-71.9564905363179,time,2882872217.0,5
PEPE,1773280620000,1773280680000,3.31e-06,3.32e-06,19.264119055369704,target,2881693202.0,5
PEPE,1773281280000,1773281340000,3.31e-06,3.32e-06,19.26763844715513,target,2882219663.0,5
PEPE,1773281820000,1773281880000,3.32e-06,3.33e-06,19.237076425126205,target,2881959015.0,5
PEPE,1773285720000,1773285780000,3.2900000000000003e-06,3.3e-06,19.342905384059797,target,2884847932.0,5
PEPE,1773286320000,1773286380000,3.2900000000000003e-06,3.3e-06,19.346451678675535,target,2885376835.0,5
PEPE,1773287220000,1773288540000,3.2900000000000003e-06,3.3e-06,19.349998630380945,target,2885905836.0,5
PEPE,1773289560000,1773289620000,3.2800000000000004e-06,3.2900000000000003e-06,19.387709213719386,target,2887224008.0,5
PEPE,1773289920000,1773289980000,3.2800000000000004e-06,3.2900000000000003e-06,19.391269996915206,target,2887754281.0,5
PEPE,1773290520000,1773290580000,3.2800000000000004e-06,3.2900000000000003e-06,19.39483143818,target,2888284652.0,5
PEPE,1773291420000,1773291540000,3.2800000000000004e-06,3.2900000000000003e-06,19.39839353079915,target,2888815120.0,5
PEPE,1773294120000,1773294180000,3.27e-06,3.28e-06,19.436163066701397,target,2890135772.0,5
PEPE,1773294720000,1773294780000,3.27e-06,3.28e-06,19.439739045101433,target,2890667516.0,5
PEPE,1773295920000,1773295980000,3.27e-06,3.28e-06,19.443315682549752,target,2891199358.0,5
PEPE,1773297120000,1773297180000,3.27e-06,3.28e-06,19.446892979049995,target,2891731298.0,5
PEPE,1773297780000,1773297840000,3.27e-06,3.28e-06,19.45047093459852,target,2892263336.0,5
PEPE,1773299220000,1773299280000,3.27e-06,3.28e-06,19.454049542475715,target,2892795471.0,5
PEPE,1773300120000,1773300180000,3.27e-06,3.28e-06,19.457628816124448,target,2893327705.0,5
PEPE,1773300720000,1773300780000,3.2800000000000004e-06,3.2900000000000003e-06,19.426957878382336,target,2893068932.0,5
PEPE,1773301920000,1773301980000,3.3e-06,3.31e-06,19.362067713820757,target,2892019076.0,5
PEPE,1773302520000,1773302580000,3.2900000000000003e-06,3.3e-06,19.399837250743957,target,2893338889.0,5
PEPE,1773361200000,1773361260000,3.3800000000000002e-06,3.39e-06,18.04336831457982,target,2727644492.0,6
PEPE,1773361620000,1773361680000,3.4200000000000003e-06,3.43e-06,17.917958724374202,target,2725164825.0,6
PEPE,1773362220000,1773362820000,3.43e-06,3.3800000000000002e-06,-150.12896895553442,stop,2724910953.0,6
PEPE,1773363120000,1773363300000,3.4e-06,3.41e-06,17.95848604196522,target,2723045647.0,6
PEPE,1773363720000,1773363780000,3.4200000000000003e-06,3.43e-06,17.897490696775556,target,2722051817.0,6
PEPE,1773364320000,1773364380000,3.43e-06,3.44e-06,17.86860541277545,target,2721798235.0,6
PEPE,1773364920000,1773365220000,3.44e-06,3.45e-06,17.839720946220467,target,2721544004.0,6
PEPE,1773365520000,1773365580000,3.4200000000000003e-06,3.43e-06,17.907094030002074,target,2723512400.0,6
PEPE,1773366720000,1773366780000,3.45e-06,3.46e-06,17.814028082620958,target,2721776636.0,6
PEPE,1773367320000,1773367380000,3.44e-06,3.45e-06,17.849281826685655,target,2723002567.0,6
PEPE,1773369120000,1773369180000,3.43e-06,3.44e-06,17.88457077719152,target,2724230126.0,6
PEPE,1773369840000,1773369900000,3.4200000000000003e-06,3.43e-06,17.91989499612402,target,2725459315.0,6
PEPE,1773370920000,1773370980000,3.4200000000000003e-06,3.43e-06,17.923105292474823,target,2725947573.0,6
PEPE,1773371520000,1773371580000,3.44e-06,3.45e-06,17.862058662256747,target,2724951741.0,6
PEPE,1773372720000,1773372780000,3.43e-06,3.44e-06,17.89737286856988,target,2726180178.0,6
PEPE,1773373620000,1773373680000,3.4200000000000003e-06,3.43e-06,17.93272237402637,target,2727410247.0,6
PEPE,1773374220000,1773374280000,3.4600000000000003e-06,3.4700000000000002e-06,17.807420954736063,target,2724930521.0,6
PEPE,1773378180000,1773378240000,3.43e-06,3.44e-06,17.906964661819927,target,2727641228.0,6
PEPE,1773379320000,1773379380000,3.44e-06,3.45e-06,17.878018186303294,target,2727386451.0,6
PEPE,1773379920000,1773379980000,3.44e-06,3.45e-06,17.8812095011645,target,2727873303.0,6
PEPE,1773380520000,1773380580000,3.45e-06,3.46e-06,17.85225871044103,target,2727617832.0,6
PEPE,1773381120000,1773381180000,3.44e-06,3.45e-06,17.887588112671178,target,2728846394.0,6
PEPE,1773381720000,1773381780000,3.44e-06,3.45e-06,17.890781138383993,target,2729333507.0,6
PEPE,1773382320000,1773382380000,3.44e-06,3.45e-06,17.89397473438553,target,2729820707.0,6
PEPE,1773446520000,1773446580000,3.36e-06,3.37e-06,18.155125653120052,target,2736266112.0,6
PEPE,1773447720000,1773447780000,3.36e-06,3.37e-06,18.15841314965143,target,2736761590.0,6
PEPE,1773448320000,1773448440000,3.3800000000000002e-06,3.39e-06,18.097083159751783,target,2735764650.0,6
PEPE,1773448920000,1773448980000,3.3800000000000002e-06,3.39e-06,18.10034848251091,target,2736258274.0,6
PEPE,1773450120000,1773450180000,3.3700000000000003e-06,3.3800000000000002e-06,18.13592628387533,target,2737498307.0,6
PEPE,1773451920000,1773451980000,3.4e-06,3.41e-06,18.04230411948079,target,2735754984.0,6
PEPE,1773455040000,1773455100000,3.39e-06,3.4e-06,18.07783625509916,target,2736992620.0,6
PEPE,1773455520000,1773455580000,3.4e-06,3.41e-06,18.048798163219118,target,2736739676.0,6
PEPE,1773457380000,1773457440000,3.4e-06,3.41e-06,18.052043160424034,target,2737231715.0,6
PEPE,1773459120000,1773459180000,3.41e-06,3.42e-06,18.023000597536075,target,2736978071.0,6
PEPE,1773460920000,1773460980000,3.4e-06,3.41e-06,18.058529092316192,target,2738215177.0,6
PEPE,1773461520000,1773461580000,3.4e-06,3.41e-06,18.061775837195228,target,2738707481.0,6
PEPE,1773462120000,1773462180000,3.39e-06,3.4e-06,18.097346322066826,target,2739946453.0,6
PEPE,1773462720000,1773462780000,3.4e-06,3.41e-06,18.06827689141925,target,2739693236.0,6
PEPE,1773463920000,1773464820000,3.4200000000000003e-06,3.3700000000000003e-06,-150.84722861639906,stop,2738693330.0,6
PEPE,1773466020000,1773466080000,3.39e-06,3.4e-06,18.076690809393984,target,2736819199.0,6
PEPE,1773468120000,1773468180000,3.3700000000000003e-06,3.3800000000000002e-06,18.144583628499664,target,2738805076.0,6
PEPE,1773469020000,1773469080000,3.36e-06,3.37e-06,18.18021416061468,target,2740047349.0,6
PEPE,1773472320000,1773472380000,3.34e-06,3.35e-06,18.248272479853913,target,2742039441.0,6
PEPE,1773472920000,1773472980000,3.34e-06,3.35e-06,18.251588606459464,target,2742537732.0,6
PEPE,1773473520000,1773473580000,3.34e-06,3.35e-06,18.254905338671357,target,2743036114.0,6
PEPE,1773474120000,1773474180000,3.3300000000000003e-06,3.34e-06,18.290650007380272,target,2744283572.0,6
PEPE,1773474720000,1773474780000,3.34e-06,3.35e-06,18.261546502923334,target,2744034035.0,6
PEPE,1773477120000,1773477180000,3.34e-06,3.35e-06,18.26486504529511,target,2744532689.0,6
PEPE,1773532920000,1773533160000,3.35e-06,3.36e-06,18.23575686696044,target,2744282448.0,6
PEPE,1773533520000,1773533580000,3.35e-06,3.36e-06,18.239064840990597,target,2744780262.0,6
PEPE,1773534720000,1773534780000,3.34e-06,3.35e-06,18.27481250006436,target,2746027423.0,6
PEPE,1773535320000,1773535380000,3.34e-06,3.35e-06,18.27813345154685,target,2746526439.0,6
PEPE,1773535920000,1773535980000,3.3300000000000003e-06,3.34e-06,18.313923607525396,target,2747775485.0,6
PEPE,1773536520000,1773536580000,3.3300000000000003e-06,3.34e-06,18.31725757382476,target,2748275705.0,6
PEPE,1773537780000,1773537840000,3.32e-06,3.33e-06,18.353090315323968,target,2749526639.0,6
PEPE,1773538920000,1773538980000,3.34e-06,3.35e-06,18.29144691214475,target,2748526959.0,6
PEPE,1773540720000,1773540780000,3.36e-06,3.37e-06,18.229839574880423,target,2747526688.0,6
PEPE,1773541320000,1773541380000,3.36e-06,3.37e-06,18.23314059353902,target,2748024204.0,6
PEPE,1773541920000,1773541980000,3.36e-06,3.37e-06,18.236442215984468,target,2748521811.0,6
PEPE,1773543120000,1773543240000,3.3800000000000002e-06,3.39e-06,18.174848683004576,target,2747520587.0,6
PEPE,1773543720000,1773543780000,3.39e-06,3.4e-06,18.145700846750753,target,2747267350.0,6
PEPE,1773544560000,1773544620000,3.3700000000000003e-06,3.3800000000000002e-06,18.213852852999974,target,2749260808.0,6
PEPE,1773545220000,1773545280000,3.36e-06,3.37e-06,18.249619405603923,target,2750507823.0,6
PEPE,1773546120000,1773546180000,3.36e-06,3.37e-06,18.252924013799703,target,2751005880.0,6
PEPE,1773547020000,1773547080000,3.36e-06,3.37e-06,18.256229212509496,target,2751504026.0,6
PEPE,1773547620000,1773547680000,3.36e-06,3.37e-06,18.259535015006136,target,2752002263.0,6
PEPE,1773548220000,1773548280000,3.36e-06,3.37e-06,18.26284141464957,target,2752500590.0,6
PEPE,1773548820000,1773548880000,3.35e-06,3.36e-06,18.29866985307092,target,2753750166.0,6
PEPE,1773549780000,1773549840000,3.35e-06,3.36e-06,18.30198924320987,target,2754249698.0,6
PEPE,1773550320000,1773550380000,3.35e-06,3.36e-06,18.305309224755305,target,2754749319.0,6
PEPE,1773550920000,1773550980000,3.35e-06,3.36e-06,18.308629817640576,target,2755249032.0,6
PEPE,1773551520000,1773551580000,3.35e-06,3.36e-06,18.311951008575566,target,2755748835.0,6
PEPE,1773619320000,1773619380000,3.4600000000000003e-06,3.4700000000000002e-06,17.958186384694486,target,2748000977.0,6
PEPE,1773619920000,1773620040000,3.4700000000000002e-06,3.48e-06,17.92901827912476,target,2747742265.0,6
PEPE,1773621240000,1773621300000,3.45e-06,3.46e-06,17.996954987936498,target,2749725743.0,6
PEPE,1773622020000,1773622080000,3.4700000000000002e-06,3.48e-06,17.935396688474533,target,2748719799.0,6
PEPE,1773623220000,1773623280000,3.48e-06,3.49e-06,17.90621912813026,target,2748460342.0,6
PEPE,1773623940000,1773624000000,3.4600000000000003e-06,3.4700000000000002e-06,17.974145338286103,target,2750443051.0,6
PEPE,1773624420000,1773624480000,3.5000000000000004e-06,3.5100000000000003e-06,17.847884010944927,target,2747942111.0,6
PEPE,1773626220000,1773626280000,3.52e-06,3.53e-06,17.786400570225986,target,2746934451.0,6
PEPE,1773626820000,1773626880000,3.5000000000000004e-06,3.5100000000000003e-06,17.85417641240979,target,2748910918.0,6
PEPE,1773627480000,1773627540000,3.49e-06,3.5e-06,17.889684443250026,target,2750143650.0,6
PEPE,1773628380000,1773628440000,3.48e-06,3.49e-06,17.925227787271965,target,2751378018.0,6
PEPE,1773629220000,1773629280000,3.48e-06,3.49e-06,17.928404546875434,target,2751865625.0,6
PEPE,1773629820000,1773629880000,3.5000000000000004e-06,3.5100000000000003e-06,17.86681930012601,target,2750857475.0,6
PEPE,1773630420000,1773630600000,3.5100000000000003e-06,3.52e-06,17.83761365924013,target,2750595784.0,6
PEPE,1773631020000,1773631080000,3.5100000000000003e-06,3.52e-06,17.840757775305693,target,2751080613.0,6
PEPE,1773631620000,1773631680000,3.53e-06,3.54e-06,17.77921114198643,target,2750071329.0,6
PEPE,1773632820000,1773632880000,3.57e-06,3.58e-06,17.65313886267352,target,2747570251.0,6
PEPE,1773633420000,1773633480000,3.58e-06,3.59e-06,17.62395612866515,target,2747304151.0,6
PEPE,1773634020000,1773634080000,3.62e-06,3.63e-06,17.498133475126657,target,2744805251.0,6
PEPE,1773634620000,1773635040000,3.6400000000000003e-06,3.65e-06,17.43680508694986,target,2743793090.0,6
PEPE,1773635520000,1773635580000,3.62e-06,3.63e-06,17.504168732248587,target,2745751958.0,6
PEPE,1773636720000,1773636780000,3.65e-06,3.66e-06,17.41065856659007,target,2743996622.0,6
PEPE,1773637380000,1773637440000,3.66e-06,3.67e-06,17.381501055171235,target,2743725502.0,6
PEPE,1773637920000,1773637980000,3.6900000000000002e-06,3.7e-06,17.288123315254687,target,2741970391.0,6
PEPE,1773706320000,1773706380000,3.99e-06,4e-06,16.33585151470045,target,2720374940.0,6
PEPE,1773707520000,1773707580000,4e-06,4.01e-06,16.306902351024164,target,2720083795.0,6
PEPE,1773709320000,1773709560000,3.99e-06,3.94e-06,-152.21316086905455,stop,2721250753.0,6
PEPE,1773709920000,1773709980000,3.99e-06,4e-06,16.316586850179462,target,2717166836.0,6
PEPE,1773710520000,1773710820000,3.99e-06,4e-06,16.319215707070306,target,2717604614.0,6
PEPE,1773711240000,1773711300000,3.98e-06,3.99e-06,16.353410885279757,target,2718771552.0,6
PEPE,1773711720000,1773711780000,3.98e-06,3.99e-06,16.356050772539515,target,2719210436.0,6
PEPE,1773714420000,1773714480000,3.96e-06,3.97e-06,16.42189410045379,target,2721109213.0,6
PEPE,1773715020000,1773715080000,3.98e-06,3.99e-06,16.36134202368192,target,2720090112.0,6
PEPE,1773715620000,1773717060000,3.96e-06,3.910000000000001e-06,-152.13199332266848,stop,2721989503.0,6
PEPE,1773718020000,1773718080000,3.94e-06,3.95e-06,16.465749910085087,target,2719364147.0,6
PEPE,1773721020000,1773721080000,3.9e-06,3.91e-06,16.59504570708478,target,2722731043.0,6
PEPE,1773728460000,1773728520000,3.81e-06,3.82e-06,16.883699690800253,target,2729781680.0,6
PEPE,1773728820000,1773728880000,3.81e-06,3.82e-06,16.886515047134676,target,2730236871.0,6
PEPE,1773730320000,1773731040000,3.8e-06,3.81e-06,16.921197537930187,target,2731428174.0,6
PEPE,1773731520000,1773731580000,3.8e-06,3.81e-06,16.924024471305643,target,2731884499.0,6
PEPE,1773732120000,1773732180000,3.81e-06,3.82e-06,16.894974568516833,target,2731604619.0,6
PEPE,1773732720000,1773732780000,3.79e-06,3.8e-06,16.961574250601473,target,2733533320.0,6
PEPE,1773733320000,1773733380000,3.79e-06,3.8e-06,16.96441326768441,target,2733990857.0,6
PEPE,1773733920000,1773733980000,3.8e-06,3.81e-06,16.93534226548591,target,2733711423.0,6
PEPE,1773735120000,1773735180000,3.8e-06,3.81e-06,16.938171559154313,target,2734168129.0,6
PEPE,1773735720000,1773736260000,3.81e-06,3.82e-06,16.90909737277566,target,2733888015.0,6
PEPE,1773736740000,1773736800000,3.8e-06,3.81e-06,16.943826237450587,target,2735080910.0,6
PEPE,1773737940000,1773738000000,3.79e-06,3.8e-06,16.97858877012952,target,2736275386.0,6
PEPE,1773792720000,1773792780000,3.66e-06,3.67e-06,17.398186412565767,target,2746359339.0,6
PEPE,1773794220000,1773794280000,3.65e-06,3.66e-06,17.43335509477334,target,2747573695.0,6
PEPE,1773794820000,1773794880000,3.67e-06,3.68e-06,17.371986339123367,target,2746559105.0,6
PEPE,1773796020000,1773796080000,3.6800000000000003e-06,3.6900000000000002e-06,17.342798565480848,target,2746286392.0,6
PEPE,1773796620000,1773796680000,3.6800000000000003e-06,3.6900000000000002e-06,17.345761645574584,target,2746755605.0,6
PEPE,1773797220000,1773797280000,3.6800000000000003e-06,3.6900000000000002e-06,17.34872522455617,target,2747224897.0,6
PEPE,1773798420000,1773798480000,3.6900000000000002e-06,3.7e-06,17.319528885945182,target,2746951449.0,6
PEPE,1773799020000,1773799320000,3.6900000000000002e-06,3.7e-06,17.322482501025476,target,2747419905.0,6
PEPE,1773799620000,1773799680000,3.6800000000000003e-06,3.6900000000000002e-06,17.357608017226198,target,2748631515.0,6
PEPE,1773800220000,1773800280000,3.71e-06,3.72e-06,17.264095101766614,target,2746872729.0,6
PEPE,1773800880000,1773800940000,3.71e-06,3.72e-06,17.2670283426895,target,2747339434.0,6
PEPE,1773801420000,1773801480000,3.7300000000000003e-06,3.74e-06,17.205708081799926,target,2746322120.0,6
PEPE,1773802020000,1773802080000,3.7200000000000004e-06,3.7300000000000003e-06,17.24074427420114,target,2747528968.0,6
PEPE,1773803220000,1773803280000,3.7300000000000003e-06,3.74e-06,17.21153889224083,target,2747252816.0,6
PEPE,1773803820000,1773803880000,3.7300000000000003e-06,3.74e-06,17.214452317722497,target,2747717848.0,6
PEPE,1773805020000,1773805080000,3.76e-06,3.77e-06,17.121050062849196,target,2745958310.0,6
PEPE,1773805620000,1773805680000,3.7300000000000003e-06,3.74e-06,17.220264351956136,target,2748645547.0,6
PEPE,1773810780000,1773810840000,3.71e-06,3.72e-06,17.287498493413594,target,2750596419.0,6
PEPE,1773811440000,1773811500000,3.7e-06,3.71e-06,17.32262687166606,target,2751807287.0,6
PEPE,1773811920000,1773811980000,3.7e-06,3.71e-06,17.325575531500945,target,2752275700.0,6
PEPE,1773814020000,1773814080000,3.6800000000000003e-06,3.6900000000000002e-06,17.392981186603986,target,2754232967.0,6
PEPE,1773814620000,1773814680000,3.6800000000000003e-06,3.6900000000000002e-06,17.395952836156354,target,2754703537.0,6
PEPE,1773815460000,1773815520000,3.6800000000000003e-06,3.6900000000000002e-06,17.398924997220174,target,2755174188.0,6
PEPE,1773815820000,1773815880000,3.6800000000000003e-06,3.6900000000000002e-06,17.40189765717002,target,2755644918.0,6
PEPE,1773878520000,1773878580000,3.52e-06,3.53e-06,17.92339784970028,target,2768092332.0,6
PEPE,1773879720000,1773879780000,3.5100000000000003e-06,3.52e-06,17.959114693194042,target,2769331487.0,6
PEPE,1773880320000,1773880380000,3.52e-06,3.53e-06,17.92971114305137,target,2769067358.0,6
PEPE,1773882180000,1773882240000,3.5100000000000003e-06,3.52e-06,17.965440570750538,target,2770306950.0,6
PEPE,1773882720000,1773884580000,3.52e-06,3.5100000000000003e-06,-42.29855245656048,time,2770042728.0,6
PEPE,1773885180000,1773885240000,3.5100000000000003e-06,3.52e-06,17.961151540904805,target,2769645573.0,6
PEPE,1773885720000,1773885780000,3.5000000000000004e-06,3.5100000000000003e-06,17.996907901936,target,2770886513.0,6
PEPE,1773886320000,1773886380000,3.5100000000000003e-06,3.52e-06,17.967489616745844,target,2770622917.0,6
PEPE,1773886920000,1773886980000,3.5100000000000003e-06,3.52e-06,17.970656618374,target,2771111275.0,6
PEPE,1773888120000,1773888180000,3.5100000000000003e-06,3.52e-06,17.973824184200893,target,2771599720.0,6
PEPE,1773888720000,1773888780000,3.5100000000000003e-06,3.52e-06,17.97699230125102,target,2772088250.0,6
PEPE,1773889320000,1773889380000,3.5100000000000003e-06,3.52e-06,17.980160982494418,target,2772576867.0,6
PEPE,1773889920000,1773889980000,3.52e-06,3.53e-06,17.950722977775847,target,2772312429.0,6
PEPE,1773890520000,1773890580000,3.54e-06,3.55e-06,17.88870844394646,target,2771294879.0,6
PEPE,1773891120000,1773891180000,3.5500000000000003e-06,3.5600000000000002e-06,17.85927881784508,target,2771028521.0,6
PEPE,1773891960000,1773892020000,3.5100000000000003e-06,3.52e-06,17.992795318894714,target,2774525107.0,6
PEPE,1773893820000,1773893880000,3.5000000000000004e-06,3.5100000000000003e-06,18.028614673333507,target,2775768233.0,6
PEPE,1773897120000,1773898980000,3.49e-06,3.46e-06,-97.76474298184608,time,2777013009.0,6
PEPE,1773899520000,1773899580000,3.4700000000000002e-06,3.48e-06,18.112508286975654,target,2775863339.0,6
PEPE,1773900120000,1773900180000,3.4700000000000002e-06,3.48e-06,18.115724041875687,target,2776356175.0,6
PEPE,1773900720000,1773900780000,3.4700000000000002e-06,3.48e-06,18.118940364451586,target,2776849098.0,6
PEPE,1773901320000,1773901380000,3.4700000000000002e-06,3.48e-06,18.122157261224746,target,2777342109.0,6
PEPE,1773902520000,1773902580000,3.4700000000000002e-06,3.48e-06,18.12537472567741,target,2777835207.0,6
PEPE,1773903120000,1773904740000,3.48e-06,3.43e-06,-153.2387024651683,stop,2777573001.0,6
PEPE,1773964920000,1773964980000,3.41e-06,3.42e-06,18.297693339150513,target,2778692990.0,6
PEPE,1773966180000,1773966240000,3.41e-06,3.42e-06,18.30097719963151,target,2779191678.0,6
PEPE,1773966720000,1773966780000,3.41e-06,3.42e-06,18.304261652759212,target,2779690456.0,6
PEPE,1773967920000,1773967980000,3.4200000000000003e-06,3.43e-06,18.274766655825065,target,2779432191.0,6
PEPE,1773968520000,1773968580000,3.43e-06,3.44e-06,18.245272471595285,target,2779173263.0,6
PEPE,1773969120000,1773969180000,3.4200000000000003e-06,3.43e-06,18.281309122724572,target,2780427243.0,6
PEPE,1773970320000,1773970380000,3.43e-06,3.44e-06,18.251804377431753,target,2780168222.0,6
PEPE,1773971580000,1773971640000,3.44e-06,3.45e-06,18.222300473146802,target,2779908539.0,6
PEPE,1773972120000,1773972180000,3.43e-06,3.44e-06,18.258326901879144,target,2781161752.0,6
PEPE,1773975120000,1773975180000,3.4200000000000003e-06,3.43e-06,18.294389329099772,target,2782416628.0,6
PEPE,1773978180000,1773978240000,3.4200000000000003e-06,3.43e-06,18.297666723325214,target,2782915091.0,6
PEPE,1773978720000,1773978780000,3.4200000000000003e-06,3.43e-06,18.30094469614889,target,2783413642.0,6
PEPE,1773979320000,1773979380000,3.4200000000000003e-06,3.43e-06,18.304223260725436,target,2783912283.0,6
PEPE,1773979920000,1773979980000,3.4200000000000003e-06,3.43e-06,18.3075024170494,target,2784411014.0,6
PEPE,1773980520000,1773980580000,3.43e-06,3.44e-06,18.27795539842836,target,2784151622.0,6
PEPE,1773981120000,1773982380000,3.43e-06,3.44e-06,18.28122397406361,target,2784649501.0,6
PEPE,1773983520000,1773983580000,3.4600000000000003e-06,3.4700000000000002e-06,18.18608484442968,target,2782874498.0,6
PEPE,1773984120000,1773984180000,3.4700000000000002e-06,3.48e-06,18.156546575551502,target,2782612502.0,6
PEPE,1773984720000,1773984780000,3.45e-06,3.46e-06,18.22534543983886,target,2784621152.0,6
PEPE,1773985920000,1773985980000,3.4700000000000002e-06,3.48e-06,18.1630059340524,target,2783602442.0,6
PEPE,1773986520000,1773986580000,3.4600000000000003e-06,3.4700000000000002e-06,18.199021040306633,target,2784854023.0,6
PEPE,1773987120000,1773987180000,3.4700000000000002e-06,3.48e-06,18.16946176252432,target,2784591841.0,6
PEPE,1773988020000,1773988080000,3.4600000000000003e-06,3.4700000000000002e-06,18.20548967084553,target,2785843867.0,6
PEPE,1773988620000,1773988680000,3.45e-06,3.46e-06,18.24155349747592,target,2787097555.0,6
PEPE,1774051620000,1774051680000,3.41e-06,3.42e-06,18.3763090464911,target,2790631594.0,6
PEPE,1774052820000,1774052880000,3.4200000000000003e-06,3.43e-06,18.34669795140087,target,2790372312.0,6
PEPE,1774053420000,1774053480000,3.4200000000000003e-06,3.43e-06,18.34998471499975,target,2790872200.0,6
PEPE,1774054020000,1774054080000,3.4200000000000003e-06,3.43e-06,18.353272063774185,target,2791372177.0,6
PEPE,1774055220000,1774055280000,3.4200000000000003e-06,3.43e-06,18.356560004299666,target,2791872244.0,6
PEPE,1774057020000,1774057080000,3.4200000000000003e-06,3.43e-06,18.359848530000704,target,2792372400.0,6
PEPE,1774058820000,1774058880000,3.41e-06,3.42e-06,18.396076195816,target,2793633439.0,6
PEPE,1774059420000,1774059480000,3.41e-06,3.42e-06,18.399377717263686,target,2794134809.0,6
PEPE,1774060020000,1774060080000,3.4200000000000003e-06,3.43e-06,18.369729453150853,target,2793875202.0,6
PEPE,1774060680000,1774060740000,3.4200000000000003e-06,3.43e-06,18.373020339273317,target,2794375717.0,6
PEPE,1774061820000,1774061880000,3.43e-06,3.44e-06,18.34336758130547,target,2794115397.0,6
PEPE,1774062420000,1774062480000,3.43e-06,3.44e-06,18.34664785576882,target,2794615058.0,6
PEPE,1774063020000,1774063080000,3.43e-06,3.44e-06,18.349928714520708,target,2795114808.0,6
PEPE,1774063680000,1774063740000,3.43e-06,3.44e-06,18.35321015755568,target,2795614647.0,6
PEPE,1774064280000,1774064340000,3.43e-06,3.44e-06,18.35649219143877,target,2796114576.0,6
PEPE,1774064820000,1774064880000,3.43e-06,3.44e-06,18.359774809610403,target,2796614594.0,6
PEPE,1774066020000,1774066080000,3.44e-06,3.45e-06,18.330096373124398,target,2796353375.0,6
PEPE,1774066620000,1774066680000,3.43e-06,3.44e-06,18.366335916565482,target,2797614001.0,6
PEPE,1774068120000,1774068180000,3.4200000000000003e-06,3.43e-06,18.4026116790755,target,2798876301.0,6
PEPE,1774069020000,1774069080000,3.43e-06,3.44e-06,18.372911164530723,target,2798615562.0,6
PEPE,1774069620000,1774069680000,3.44e-06,3.45e-06,18.343211492579442,target,2798354156.0,6
PEPE,1774070820000,1774070880000,3.44e-06,3.45e-06,18.346485852736084,target,2798853677.0,6
PEPE,1774071420000,1774071480000,3.45e-06,3.46e-06,18.316781747111328,target,2798591558.0,6
PEPE,1774072080000,1774072140000,3.44e-06,3.45e-06,18.353030430285646,target,2799852087.0,6
PEPE,1774141020000,1774141080000,3.32e-06,3.33e-06,18.753601682850714,target,2809528342.0,6
PEPE,1774141620000,1774141680000,3.32e-06,3.33e-06,18.757021752600124,target,2810040712.0,6
PEPE,1774142520000,1774142580000,3.32e-06,3.33e-06,18.76044244312459,target,2810553175.0,6
PEPE,1774143120000,1774143180000,3.31e-06,3.32e-06,18.79710743550482,target,2811833573.0,6
PEPE,1774145520000,1774145580000,3.32e-06,3.33e-06,18.767291760749817,target,2811579290.0,6
PEPE,1774146120000,1774146180000,3.32e-06,3.33e-06,18.770714326950497,target,2812092034.0,6
PEPE,1774146720000,1774147740000,3.34e-06,3.35e-06,18.70766822792989,target,2811069606.0,6
PEPE,1774148220000,1774148280000,3.34e-06,3.35e-06,18.711067841511067,target,2811580442.0,6
PEPE,1774148820000,1774148880000,3.3300000000000003e-06,3.34e-06,18.74770571487981,target,2812859072.0,6
PEPE,1774149420000,1774149480000,3.34e-06,3.35e-06,18.7178749614988,target,2812603300.0,6
PEPE,1774150020000,1774150080000,3.34e-06,3.35e-06,18.72127642517113,target,2813114414.0,6
PEPE,1774150620000,1774150680000,3.36e-06,3.37e-06,18.658221376496158,target,2812090637.0,6
PEPE,1774151220000,1774151280000,3.35e-06,3.36e-06,18.694825489215205,target,2813367267.0,6
PEPE,1774151820000,1774151880000,3.34e-06,3.35e-06,18.731466414760675,target,2814645592.0,6
PEPE,1774152420000,1774152480000,3.35e-06,3.36e-06,18.701614625909304,target,2814388958.0,6
PEPE,1774153140000,1774153200000,3.35e-06,3.36e-06,18.705007104404856,target,2814899489.0,6
PEPE,1774153620000,1774153680000,3.34e-06,3.35e-06,18.741667990704208,target,2816178511.0,6
PEPE,1774154220000,1774154280000,3.35e-06,3.36e-06,18.711799949010135,target,2815921738.0,6
PEPE,1774155420000,1774155480000,3.36e-06,3.37e-06,18.681932557515974,target,2815664289.0,6
PEPE,1774156020000,1774156080000,3.36e-06,3.37e-06,18.685315445440388,target,2816174144.0,6
PEPE,1774156620000,1774156680000,3.35e-06,3.36e-06,18.721972706416317,target,2817452627.0,6
PEPE,1774158120000,1774158180000,3.35e-06,3.36e-06,18.7253688795293,target,2817963714.0,6
PEPE,1774159080000,1774159140000,3.35e-06,3.36e-06,18.728765663985754,target,2818474893.0,6
PEPE,1774159620000,1774159680000,3.34e-06,3.35e-06,18.765473118700015,target,2819755540.0,6
PEPE,1774224120000,1774224180000,3.2800000000000004e-06,3.2900000000000003e-06,18.96916235048106,target,2824893872.0,6
PEPE,1774225020000,1774225080000,3.2800000000000004e-06,3.2900000000000003e-06,18.972646260355198,target,2825412697.0,6
PEPE,1774225680000,1774225740000,3.2800000000000004e-06,3.2900000000000003e-06,18.976130821585514,target,2825931619.0,6
PEPE,1774226220000,1774226280000,3.27e-06,3.28e-06,19.013078192176515,target,2827223523.0,6
PEPE,1774226820000,1774226880000,3.2800000000000004e-06,3.2900000000000003e-06,18.98310799533009,target,2826970662.0,6
PEPE,1774227420000,1774227480000,3.2800000000000004e-06,3.2900000000000003e-06,18.98659447033395,target,2827489869.0,6
PEPE,1774228740000,1774228800000,3.3e-06,3.31e-06,18.923175214645894,target,2826463811.0,6
PEPE,1774229280000,1774229340000,3.3e-06,3.31e-06,18.926638444414635,target,2826981097.0,6
PEPE,1774229820000,1774229880000,3.3e-06,3.31e-06,18.930102296821573,target,2827498476.0,6
PEPE,1774230600000,1774230660000,3.3e-06,3.31e-06,18.933566791944187,target,2828015951.0,6
PEPE,1774231020000,1774231080000,3.3e-06,3.31e-06,18.937031916398702,target,2828533520.0,6
PEPE,1774232520000,1774232580000,3.3e-06,3.31e-06,18.94049767688247,target,2829051184.0,6
PEPE,1774233780000,1774233840000,3.32e-06,3.33e-06,18.877057363124848,target,2828023575.0,6
PEPE,1774234380000,1774234440000,3.31e-06,3.32e-06,18.913950258736367,target,2829311931.0,6
PEPE,1774234920000,1774234980000,3.32e-06,3.33e-06,18.883949253899324,target,2829056068.0,6
PEPE,1774235580000,1774235640000,3.32e-06,3.33e-06,18.887393093324498,target,2829571999.0,6
PEPE,1774236120000,1774236180000,3.32e-06,3.33e-06,18.89083756019934,target,2830088024.0,6
PEPE,1774238220000,1774238280000,3.31e-06,3.32e-06,18.927757390886146,target,2831377321.0,6
PEPE,1774238820000,1774238880000,3.32e-06,3.33e-06,18.89773448392402,target,2831121271.0,6
PEPE,1774240020000,1774240080000,3.32e-06,3.33e-06,18.9011808331515,target,2831637578.0,6
PEPE,1774240920000,1774240980000,3.32e-06,3.33e-06,18.904627816499627,target,2832153980.0,6
PEPE,1774241580000,1774241640000,3.32e-06,3.33e-06,18.908075427301057,target,2832670476.0,6
PEPE,1774242120000,1774242180000,3.34e-06,3.35e-06,18.84456797338601,target,2831640567.0,6
PEPE,1774242720000,1774242780000,3.34e-06,3.35e-06,18.847992463354075,target,2832155141.0,6
PEPE,1774310520000,1774310640000,3.4600000000000003e-06,3.4700000000000002e-06,18.451067932650705,target,2823422790.0,6
PEPE,1774311180000,1774311240000,3.45e-06,3.46e-06,18.4876182310041,target,2824693389.0,6
PEPE,1774311840000,1774311900000,3.43e-06,3.44e-06,18.55751570172511,target,2826735065.0,6
PEPE,1774313520000,1774313580000,3.4200000000000003e-06,3.43e-06,18.5941690637998,target,2828010504.0,6
PEPE,1774315920000,1774315980000,3.41e-06,3.42e-06,18.630859096228832,target,2829287638.0,6
PEPE,1774317540000,1774317600000,3.4e-06,3.41e-06,18.667585856459453,target,2830566468.0,6
PEPE,1774318140000,1774318200000,3.41e-06,3.42e-06,18.637552992374317,target,2830304175.0,6
PEPE,1774319220000,1774319400000,3.41e-06,3.42e-06,18.640897849709617,target,2830812126.0,6
PEPE,1774319940000,1774320000000,3.41e-06,3.42e-06,18.644243306279396,target,2831320168.0,6
PEPE,1774320420000,1774320480000,3.41e-06,3.42e-06,18.64758936208547,target,2831828301.0,6
PEPE,1774321020000,1774321080000,3.4e-06,3.41e-06,18.68434910000613,target,2833108279.0,6
PEPE,1774322820000,1774322880000,3.41e-06,3.42e-06,18.654289276919517,target,2832845752.0,6
PEPE,1774323420000,1774323480000,3.41e-06,3.42e-06,18.657637130429016,target,2833354158.0,6
PEPE,1774324020000,1774324080000,3.4200000000000003e-06,3.43e-06,18.62757271352534,target,2833090907.0,6
PEPE,1774324620000,1774324680000,3.43e-06,3.44e-06,18.597509130264058,target,2832826981.0,6
PEPE,1774325220000,1774325280000,3.43e-06,3.44e-06,18.60083484765981,target,2833333564.0,6
PEPE,1774325820000,1774325880000,3.4200000000000003e-06,3.43e-06,18.63757377507686,target,2834611981.0,6
PEPE,1774327620000,1774327680000,3.41e-06,3.42e-06,18.674349452159333,target,2835892096.0,6
PEPE,1774328220000,1774328280000,3.41e-06,3.42e-06,18.677700914249407,target,2836401050.0,6
PEPE,1774329420000,1774329480000,3.4e-06,3.41e-06,18.714520011525558,target,2837683095.0,6
PEPE,1774330680000,1774330740000,3.41e-06,3.42e-06,18.684411641655103,target,2837420143.0,6
PEPE,1774331220000,1774331280000,3.41e-06,3.42e-06,18.68776490803638,target,2837929371.0,6
PEPE,1774333020000,1774333080000,3.41e-06,3.42e-06,18.691118773652132,target,2838438690.0,6
PEPE,1774333680000,1774333740000,3.41e-06,3.42e-06,18.694473245086492,target,2838948101.0,6
PEPE,1774396920000,1774396980000,3.53e-06,3.54e-06,18.297282074461194,target,2830206044.0,6
PEPE,1774398120000,1774398180000,3.53e-06,3.54e-06,18.300495515640097,target,2830703096.0,6
PEPE,1774399620000,1774399680000,3.54e-06,3.55e-06,18.270436771966825,target,2830431723.0,6
PEPE,1774400460000,1774400520000,3.52e-06,3.53e-06,18.34021490892414,target,2832465623.0,6
PEPE,1774400820000,1774400880000,3.5100000000000003e-06,3.52e-06,18.376762363575757,target,2833733595.0,6
PEPE,1774402020000,1774402080000,3.5100000000000003e-06,3.52e-06,18.38000150434488,target,2834233077.0,6
PEPE,1774403220000,1774403280000,3.52e-06,3.53e-06,18.349908864525613,target,2833962759.0,6
PEPE,1774403820000,1774403880000,3.52e-06,3.53e-06,18.353137409600667,target,2834461376.0,6
PEPE,1774405920000,1774405980000,3.5000000000000004e-06,3.5100000000000003e-06,18.42307282590102,target,2836500820.0,6
PEPE,1774406520000,1774406580000,3.5100000000000003e-06,3.52e-06,18.392957918271314,target,2836230982.0,6
PEPE,1774407120000,1774407180000,3.5000000000000004e-06,3.5100000000000003e-06,18.429573905220938,target,2837501756.0,6
PEPE,1774407720000,1774407900000,3.5000000000000004e-06,3.5100000000000003e-06,18.43282825095054,target,2838002810.0,6
PEPE,1774410420000,1774410480000,3.52e-06,3.53e-06,18.36932975937471,target,2836962125.0,6
PEPE,1774411020000,1774411080000,3.53e-06,3.54e-06,18.339206338784198,target,2836690849.0,6
PEPE,1774413120000,1774413180000,3.5100000000000003e-06,3.52e-06,18.40916775293438,target,2838730571.0,6
PEPE,1774414320000,1774414380000,3.52e-06,3.53e-06,18.379027360400038,target,2838459824.0,6
PEPE,1774414920000,1774414980000,3.54e-06,3.55e-06,18.31553315772439,target,2837417995.0,6
PEPE,1774415640000,1774415700000,3.5600000000000002e-06,3.57e-06,18.252076812255016,target,2836375573.0,6
PEPE,1774416120000,1774416180000,3.5500000000000003e-06,3.5600000000000002e-06,18.288595188020402,target,2837640836.0,6
PEPE,1774417320000,1774417380000,3.5600000000000002e-06,3.57e-06,18.258459251176824,target,2837367405.0,6
PEPE,1774420800000,1774420860000,3.58e-06,3.59e-06,18.19501863962035,target,2836324028.0,6
PEPE,1774421220000,1774421280000,3.5900000000000004e-06,3.6000000000000003e-06,18.164891526389855,target,2836048638.0,6
PEPE,1774421940000,1774423080000,3.6000000000000003e-06,3.61e-06,18.134765655495222,target,2835772581.0,6
PEPE,1774423920000,1774423980000,3.58e-06,3.59e-06,18.204502319020015,target,2837802388.0,6
PEPE,1774483320000,1774483380000,3.54e-06,3.55e-06,18.341095015821537,target,2841378004.0,6
PEPE,1774485120000,1774485180000,3.53e-06,3.54e-06,18.377717580914286,target,2842647731.0,6
PEPE,1774485840000,1774485900000,3.53e-06,3.54e-06,18.380945148119263,target,2843146968.0,6
PEPE,1774486320000,1774488180000,3.53e-06,3.5e-06,-100.28118652264389,time,2843646293.0,6
PEPE,1774488720000,1774488780000,3.53e-06,3.54e-06,18.366561499335937,target,2840922119.0,6
PEPE,1774489320000,1774489380000,3.53e-06,3.54e-06,18.36978710764514,target,2841421053.0,6
PEPE,1774489920000,1774489980000,3.52e-06,3.53e-06,18.406430162574566,target,2842691917.0,6
PEPE,1774490880000,1774490940000,3.5100000000000003e-06,3.52e-06,18.44310956200836,target,2843964466.0,6
PEPE,1774493220000,1774493280000,3.49e-06,3.5e-06,18.51330856738866,target,2846012078.0,6
PEPE,1774494120000,1774494180000,3.49e-06,3.5e-06,18.51658362022476,target,2846515545.0,6
PEPE,1774495020000,1774495080000,3.49e-06,3.5e-06,18.519859252007308,target,2847019101.0,6
PEPE,1774495620000,1774495680000,3.48e-06,3.49e-06,18.556654635764822,target,2848296951.0,6
PEPE,1774496220000,1774496280000,3.48e-06,3.49e-06,18.55994329700944,target,2848801734.0,6
PEPE,1774497420000,1774497480000,3.49e-06,3.5e-06,18.529701499144586,target,2848532129.0,6
PEPE,1774500120000,1774500180000,3.48e-06,3.49e-06,18.566516430354802,target,2849810657.0,6
PEPE,1774500720000,1774500780000,3.48e-06,3.49e-06,18.569806844134398,target,2850315709.0,6
PEPE,1774501320000,1774501440000,3.48e-06,3.49e-06,18.573097837751092,target,2850820850.0,6
PEPE,1774501920000,1774501980000,3.4700000000000002e-06,3.48e-06,18.609962483249756,target,2852101530.0,6
PEPE,1774502820000,1774502940000,3.4700000000000002e-06,3.48e-06,18.6132665540244,target,2852607901.0,6
PEPE,1774503480000,1774503540000,3.4600000000000003e-06,3.4700000000000002e-06,18.65017447631547,target,2853890509.0,6
PEPE,1774505820000,1774505880000,3.44e-06,3.45e-06,18.72076502569557,target,2855951949.0,6
PEPE,1774507620000,1774507680000,3.43e-06,3.44e-06,18.757776936730856,target,2857239442.0,6
PEPE,1774508220000,1774508280000,3.43e-06,3.44e-06,18.761131316913783,target,2857750391.0,6
PEPE,1774508820000,1774508880000,3.43e-06,3.44e-06,18.764486301080368,target,2858261432.0,6
PEPE,1774570320000,1774570380000,3.41e-06,3.42e-06,17.94686052752901,target,2725415418.0,7
PEPE,1774570980000,1774571040000,3.4e-06,3.41e-06,17.98223892371393,target,2726647297.0,7
PEPE,1774571520000,1774571580000,3.4e-06,3.41e-06,17.98547195759103,target,2727137522.0,7
PEPE,1774572120000,1774572180000,3.41e-06,3.42e-06,17.95653650018999,target,2726884814.0,7
PEPE,1774573920000,1774574280000,3.4200000000000003e-06,3.43e-06,17.9276018166245,target,2726631455.0,7
PEPE,1774575420000,1774575480000,3.41e-06,3.42e-06,17.962976577510013,target,2727862806.0,7
PEPE,1774576020000,1774576080000,3.41e-06,3.42e-06,17.9662003630338,target,2728352371.0,7
PEPE,1774577820000,1774577880000,3.4200000000000003e-06,3.43e-06,17.93725010969981,target,2728098876.0,7
PEPE,1774579140000,1774579200000,3.4200000000000003e-06,3.43e-06,17.940463522601412,target,2728587608.0,7
PEPE,1774579680000,1774579740000,3.4200000000000003e-06,3.43e-06,17.94367750752576,target,2729076427.0,7
PEPE,1774580400000,1774580460000,3.41e-06,3.42e-06,17.979083981385266,target,2730308881.0,7
PEPE,1774582020000,1774582080000,3.4e-06,3.41e-06,18.014525906934384,target,2731542973.0,7
PEPE,1774582680000,1774582740000,3.4e-06,3.41e-06,18.017764737815913,target,2732034077.0,7
PEPE,1774583220000,1774583280000,3.4e-06,3.41e-06,18.02100415564884,target,2732525270.0,7
PEPE,1774587720000,1774587780000,3.39e-06,3.4e-06,18.05649434422616,target,2733761445.0,7
PEPE,1774589160000,1774589220000,3.3800000000000002e-06,3.39e-06,18.092020124744412,target,2734999263.0,7
PEPE,1774589520000,1774589580000,3.3800000000000002e-06,3.39e-06,18.095284534634708,target,2735492749.0,7
PEPE,1774590120000,1774590180000,3.3800000000000002e-06,3.39e-06,18.098549533259526,target,2735986324.0,7
PEPE,1774591320000,1774591380000,3.3800000000000002e-06,3.39e-06,18.10181512062069,target,2736479988.0,7
PEPE,1774593120000,1774593180000,3.3800000000000002e-06,3.39e-06,18.10508129671456,target,2736973741.0,7
PEPE,1774596420000,1774596480000,3.39e-06,3.4e-06,18.076045348981577,target,2736721476.0,7
PEPE,1774598220000,1774598280000,3.39e-06,3.4e-06,18.079301059159583,target,2737214392.0,7
PEPE,1774598880000,1774598940000,3.39e-06,3.4e-06,18.082557350578234,target,2737707396.0,7
PEPE,1774599420000,1774599540000,3.39e-06,3.4e-06,18.085814236449444,target,2738200490.0,7
PEPE,1774656120000,1774656180000,3.27e-06,3.28e-06,18.478150434450704,target,2747680362.0,7
PEPE,1774656720000,1774656780000,3.27e-06,3.28e-06,18.48155015060076,target,2748185896.0,7
PEPE,1774657320000,1774657380000,3.27e-06,3.28e-06,18.48495049217555,target,2748691523.0,7
PEPE,1774657920000,1774657980000,3.2800000000000004e-06,3.2900000000000003e-06,18.455812781491506,target,2748445686.0,7
PEPE,1774658520000,1774658580000,3.2800000000000004e-06,3.2900000000000003e-06,18.459202412765542,target,2748950471.0,7
PEPE,1774659120000,1774659180000,3.2800000000000004e-06,3.2900000000000003e-06,18.462592668535464,target,2749455349.0,7
PEPE,1774659720000,1774659780000,3.2800000000000004e-06,3.2900000000000003e-06,18.46598354880127,target,2749960320.0,7
PEPE,1774662420000,1774662480000,3.27e-06,3.28e-06,18.50193764042517,target,2751217493.0,7
PEPE,1774663020000,1774663200000,3.2800000000000004e-06,3.2900000000000003e-06,18.47277315245092,target,2750971430.0,7
PEPE,1774663620000,1774663680000,3.2800000000000004e-06,3.2900000000000003e-06,18.476165899486126,target,2751476679.0,7
PEPE,1774664220000,1774666080000,3.2800000000000004e-06,3.26e-06,-68.52435232290081,time,2751982021.0,7
PEPE,1774669020000,1774669080000,3.26e-06,3.27e-06,18.532108476810414,target,2751612246.0,7
PEPE,1774669800000,1774669860000,3.2500000000000002e-06,3.26e-06,18.568124128904408,target,2752872369.0,7
PEPE,1774671120000,1774671180000,3.2500000000000002e-06,3.26e-06,18.571552437035486,target,2753380643.0,7
PEPE,1774674720000,1774674780000,3.26e-06,3.27e-06,18.542369330129045,target,2753135758.0,7
PEPE,1774675320000,1774675380000,3.26e-06,3.27e-06,18.54578687118006,target,2753643188.0,7
PEPE,1774675920000,1774675980000,3.27e-06,3.28e-06,18.516598819652415,target,2753397594.0,7
PEPE,1774676580000,1774676640000,3.27e-06,3.28e-06,18.52000561722491,target,2753904181.0,7
PEPE,1774677120000,1774677180000,3.2800000000000004e-06,3.2900000000000003e-06,18.490812644054405,target,2753657877.0,7
PEPE,1774677720000,1774677780000,3.2800000000000004e-06,3.2900000000000003e-06,18.49420870830024,target,2754163620.0,7
PEPE,1774678320000,1774678380000,3.2800000000000004e-06,3.2900000000000003e-06,18.497605390327337,target,2754669455.0,7
PEPE,1774678920000,1774678980000,3.2900000000000003e-06,3.3e-06,18.468402171885923,target,2754422397.0,7
PEPE,1774680120000,1774680180000,3.2900000000000003e-06,3.3e-06,18.47178814324497,target,2754927389.0,7
PEPE,1774681020000,1774681080000,3.2800000000000004e-06,3.2900000000000003e-06,18.507787210524604,target,2756185735.0,7
PEPE,1774743420000,1774743480000,3.2800000000000004e-06,3.2900000000000003e-06,18.511186383815165,target,2756691941.0,7
PEPE,1774744620000,1774745460000,3.2800000000000004e-06,3.2900000000000003e-06,18.51458618831441,target,2757198241.0,7
PEPE,1774746420000,1774746480000,3.2900000000000003e-06,3.3e-06,18.485356166685225,target,2756950957.0,7
PEPE,1774747020000,1774747080000,3.2900000000000003e-06,3.3e-06,18.488745242460247,target,2757456412.0,7
PEPE,1774747680000,1774747740000,3.2900000000000003e-06,3.3e-06,18.492134935094512,target,2757961959.0,7
PEPE,1774748220000,1774748280000,3.2900000000000003e-06,3.3e-06,18.4955252580018,target,2758467600.0,7
PEPE,1774748820000,1774748880000,3.2900000000000003e-06,3.3e-06,18.49891619776469,target,2758973333.0,7
PEPE,1774749420000,1774749480000,3.2900000000000003e-06,3.3e-06,18.502307761094624,target,2759479159.0,7
PEPE,1774750620000,1774750680000,3.3e-06,3.31e-06,18.473051431185286,target,2759230983.0,7
PEPE,1774752720000,1774752780000,3.3e-06,3.31e-06,18.47643227228431,target,2759735963.0,7
PEPE,1774753380000,1774753440000,3.3e-06,3.31e-06,18.479813736019715,target,2760241036.0,7
PEPE,1774754580000,1774754640000,3.31e-06,3.32e-06,18.45054722192536,target,2759992105.0,7
PEPE,1774755120000,1774755180000,3.32e-06,3.33e-06,18.42128126092547,target,2759742511.0,7
PEPE,1774755720000,1774755780000,3.31e-06,3.32e-06,18.457283402286652,target,2760999761.0,7
PEPE,1774756320000,1774756380000,3.31e-06,3.32e-06,18.46065539650698,target,2761504173.0,7
PEPE,1774757220000,1774757280000,3.31e-06,3.32e-06,18.46402799906107,target,2762008676.0,7
PEPE,1774758420000,1774758480000,3.31e-06,3.32e-06,18.467401223320884,target,2762513272.0,7
PEPE,1774759020000,1774759080000,3.31e-06,3.32e-06,18.470775069284596,target,2763017961.0,7
PEPE,1774759680000,1774759740000,3.31e-06,3.32e-06,18.474149523583897,target,2763522741.0,7
PEPE,1774760520000,1774760580000,3.31e-06,3.32e-06,18.477524599590737,target,2764027614.0,7
PEPE,1774765500000,1774765560000,3.3e-06,3.31e-06,18.51360259092501,target,2765287915.0,7
PEPE,1774765920000,1774765980000,3.3e-06,3.31e-06,18.516990856781028,target,2765794004.0,7
PEPE,1774767120000,1774767180000,3.31e-06,3.32e-06,18.487665470504773,target,2765544573.0,7
PEPE,1774767720000,1774767780000,3.3e-06,3.31e-06,18.5237632643708,target,2766805566.0,7
PEPE,1774828920000,1774828980000,3.27e-06,3.28e-06,18.625439501449485,target,2769582082.0,7
PEPE,1774829520000,1774829580000,3.2800000000000004e-06,3.2900000000000003e-06,18.596080341554135,target,2769334377.0,7
PEPE,1774830120000,1774830180000,3.3300000000000003e-06,3.34e-06,18.43580428973486,target,2766062159.0,7
PEPE,1774830720000,1774830780000,3.32e-06,3.33e-06,18.471868929901717,target,2767321188.0,7
PEPE,1774831320000,1774831380000,3.2900000000000003e-06,3.3e-06,18.57348824894916,target,2770095190.0,7
PEPE,1774832940000,1774833000000,3.32e-06,3.33e-06,18.478624837576277,target,2768333309.0,7
PEPE,1774833420000,1774833480000,3.32e-06,3.33e-06,18.481994758049062,target,2768838166.0,7
PEPE,1774834080000,1774834140000,3.32e-06,3.33e-06,18.485365292624113,target,2769343115.0,7
PEPE,1774834620000,1774835160000,3.3300000000000003e-06,3.34e-06,18.455998093355202,target,2769091987.0,7
PEPE,1774835520000,1774835760000,3.3300000000000003e-06,3.34e-06,18.459357926520894,target,2769596088.0,7
PEPE,1774836300000,1774836360000,3.32e-06,3.33e-06,18.495468646051776,target,2770856726.0,7
PEPE,1774836720000,1774836780000,3.3300000000000003e-06,3.34e-06,18.46608539090202,target,2770605460.0,7
PEPE,1774837380000,1774837440000,3.3300000000000003e-06,3.34e-06,18.469447063606623,target,2771109837.0,7
PEPE,1774837920000,1774838040000,3.3300000000000003e-06,3.34e-06,18.472809349491474,target,2771614306.0,7
PEPE,1774839900000,1774839960000,3.3300000000000003e-06,3.34e-06,18.476172241890595,target,2772118866.0,7
PEPE,1774841520000,1774841580000,3.34e-06,3.35e-06,18.446773540689833,target,2771866798.0,7
PEPE,1774843920000,1774843980000,3.36e-06,3.37e-06,18.38464304232104,target,2770858032.0,7
PEPE,1774844580000,1774844640000,3.35e-06,3.36e-06,18.42071044123427,target,2772115943.0,7
PEPE,1774845120000,1774845180000,3.36e-06,3.37e-06,18.391307680865317,target,2771862499.0,7
PEPE,1774845720000,1774845780000,3.35e-06,3.36e-06,18.427388154569556,target,2773120866.0,7
PEPE,1774846320000,1774846380000,3.35e-06,3.36e-06,18.43073088859553,target,2773623911.0,7
PEPE,1774849260000,1774849320000,3.3700000000000003e-06,3.3800000000000002e-06,18.36856790900135,target,2772614024.0,7
PEPE,1774849620000,1774849680000,3.3700000000000003e-06,3.3800000000000002e-06,18.371888133750126,target,2773115190.0,7
PEPE,1774850220000,1774850280000,3.3700000000000003e-06,3.3800000000000002e-06,18.375208961374184,target,2773616447.0,7
PEPE,1774915320000,1774915380000,3.31e-06,3.32e-06,18.57537075191204,target,2778664286.0,7
PEPE,1774915920000,1774915980000,3.31e-06,3.32e-06,18.57876431194016,target,2779171924.0,7
PEPE,1774916520000,1774916580000,3.31e-06,3.32e-06,18.582158500360883,target,2779679656.0,7
PEPE,1774917180000,1774917300000,3.32e-06,3.33e-06,18.55268377567329,target,2779428281.0,7
PEPE,1774917720000,1774917780000,3.32e-06,3.33e-06,18.556067206348676,target,2779935162.0,7
PEPE,1774918320000,1774918380000,3.3300000000000003e-06,3.34e-06,18.526587681544502,target,2779683073.0,7
PEPE,1774918920000,1774918980000,3.3300000000000003e-06,3.34e-06,18.529960364831442,target,2780189102.0,7
PEPE,1774919520000,1774919580000,3.3300000000000003e-06,3.34e-06,18.53333366796096,target,2780695224.0,7
PEPE,1774921380000,1774921440000,3.36e-06,3.37e-06,18.43817065932568,target,2778925495.0,7
PEPE,1774922580000,1774922640000,3.36e-06,3.37e-06,18.441509404595003,target,2779428697.0,7
PEPE,1774923720000,1774923780000,3.36e-06,3.37e-06,18.44484875364935,target,2779931990.0,7
PEPE,1774924320000,1774924440000,3.3700000000000003e-06,3.3800000000000002e-06,18.415361072376104,target,2779677143.0,7
PEPE,1774925520000,1774925580000,3.3700000000000003e-06,3.3800000000000002e-06,18.41868975062532,target,2780179585.0,7
PEPE,1774926120000,1774926180000,3.3700000000000003e-06,3.3800000000000002e-06,18.42201903837396,target,2780682119.0,7
PEPE,1774926720000,1774926780000,3.3700000000000003e-06,3.3800000000000002e-06,18.425348922373743,target,2781184743.0,7
PEPE,1774933920000,1774933980000,3.35e-06,3.36e-06,18.49440009563994,target,2783205432.0,7
PEPE,1774935120000,1774935180000,3.36e-06,3.37e-06,18.46487971912544,target,2782950975.0,7
PEPE,1774936320000,1774936380000,3.3700000000000003e-06,3.3800000000000002e-06,18.43536001287573,target,2782695851.0,7
PEPE,1774936920000,1774936980000,3.3800000000000002e-06,3.39e-06,18.405841003517565,target,2782440061.0,7
PEPE,1774937520000,1774937580000,3.3700000000000003e-06,3.3800000000000002e-06,18.442019270748936,target,2783701022.0,7
PEPE,1774938120000,1774938240000,3.3700000000000003e-06,3.3800000000000002e-06,18.445352772000422,target,2784204192.0,7
PEPE,1774939020000,1774939080000,3.3700000000000003e-06,3.3800000000000002e-06,18.44868687612537,target,2784707453.0,7
PEPE,1774939620000,1774939680000,3.3700000000000003e-06,3.3800000000000002e-06,18.452021576501465,target,2785210804.0,7
PEPE,1774940280000,1774940340000,3.3700000000000003e-06,3.3800000000000002e-06,18.455356886375164,target,2785714247.0,7
PEPE,1775001720000,1775001780000,3.4e-06,3.41e-06,18.36008574430489,target,2783940219.0,7
PEPE,1775003040000,1775003100000,3.39e-06,3.4e-06,18.396243714669325,target,2785199654.0,7
PEPE,1775003580000,1775003640000,3.39e-06,3.4e-06,18.399557093105074,target,2785701301.0,7
PEPE,1775005320000,1775005380000,3.4200000000000003e-06,3.43e-06,18.30431824317715,target,2783926729.0,7
PEPE,1775006520000,1775006580000,3.41e-06,3.42e-06,18.340436337088775,target,2785183954.0,7
PEPE,1775011320000,1775011380000,3.3700000000000003e-06,3.3800000000000002e-06,18.475286290875985,target,2788722459.0,7
PEPE,1775014500000,1775014560000,3.39e-06,3.4e-06,18.412798843340113,target,2787706108.0,7
PEPE,1775014920000,1775014980000,3.39e-06,3.4e-06,18.416115207236025,target,2788208207.0,7
PEPE,1775015520000,1775015580000,3.41e-06,3.42e-06,18.353653242046224,target,2787191077.0,7
PEPE,1775016360000,1775016420000,3.4e-06,3.41e-06,18.389833547005214,target,2788450879.0,7
PEPE,1775016720000,1775016780000,3.4e-06,3.41e-06,18.393139857927032,target,2788952215.0,7
PEPE,1775017320000,1775017380000,3.4e-06,3.41e-06,18.396446762394845,target,2789453641.0,7
PEPE,1775018520000,1775018580000,3.41e-06,3.42e-06,18.366850115431983,target,2789195158.0,7
PEPE,1775019300000,1775019360000,3.41e-06,3.42e-06,18.37014638863309,target,2789695731.0,7
PEPE,1775019900000,1775019960000,3.4e-06,3.41e-06,18.406359212269223,target,2790956666.0,7
PEPE,1775020620000,1775020680000,3.41e-06,3.42e-06,18.376746619740967,target,2790698044.0,7
PEPE,1775021820000,1775021880000,3.43e-06,3.44e-06,18.314242897600046,target,2789679040.0,7
PEPE,1775022420000,1775022480000,3.45e-06,3.46e-06,18.25177605443507,target,2788659443.0,7
PEPE,1775023020000,1775023080000,3.4700000000000002e-06,3.48e-06,18.189346145400837,target,2787639256.0,7
PEPE,1775024460000,1775024520000,3.5000000000000004e-06,3.5100000000000003e-06,18.094168792769608,target,2785861246.0,7
PEPE,1775024820000,1775024880000,3.5000000000000004e-06,3.5100000000000003e-06,18.097363917089385,target,2786353182.0,7
PEPE,1775025420000,1775025480000,3.5000000000000004e-06,3.5100000000000003e-06,18.10055959998034,target,2786845204.0,7
PEPE,1775026020000,1775026080000,3.5100000000000003e-06,3.52e-06,18.07097188364916,target,2786580090.0,7
PEPE,1775027820000,1775027880000,3.5000000000000004e-06,3.5100000000000003e-06,18.10694686741515,target,2787828617.0,7
PEPE,1775088120000,1775088180000,3.4e-06,3.41e-06,18.439082540476463,target,2795918505.0,7
PEPE,1775088720000,1775088780000,3.4e-06,3.41e-06,18.442397701886012,target,2796421183.0,7
PEPE,1775089320000,1775089380000,3.41e-06,3.42e-06,18.412727132173494,target,2796162055.0,7
PEPE,1775090520000,1775090580000,3.4200000000000003e-06,3.43e-06,18.3830573594989,target,2795902260.0,7
PEPE,1775091180000,1775091240000,3.4200000000000003e-06,3.43e-06,18.386350632350236,target,2796403138.0,7
PEPE,1775091720000,1775091780000,3.4200000000000003e-06,3.43e-06,18.389644496950805,target,2796904106.0,7
PEPE,1775092380000,1775092440000,3.41e-06,3.42e-06,18.42593095931864,target,2798167192.0,7
PEPE,1775100420000,1775100480000,3.3e-06,3.31e-06,18.7934051258216,target,2807080676.0,7
PEPE,1775101020000,1775101080000,3.3e-06,3.31e-06,18.796844601730562,target,2807594414.0,7
PEPE,1775101920000,1775101980000,3.2800000000000004e-06,3.2900000000000003e-06,18.866756572551314,target,2809643570.0,7
PEPE,1775103420000,1775103480000,3.2900000000000003e-06,3.3e-06,18.836970557311048,target,2809391582.0,7
PEPE,1775104020000,1775104080000,3.2900000000000003e-06,3.3e-06,18.840424094955168,target,2809906651.0,7
PEPE,1775104620000,1775104680000,3.2900000000000003e-06,3.3e-06,18.843878269574653,target,2810421815.0,7
PEPE,1775107020000,1775107080000,3.2800000000000004e-06,3.2900000000000003e-06,18.88060249293373,target,2811705509.0,7
PEPE,1775107620000,1775107680000,3.2800000000000004e-06,3.2900000000000003e-06,18.884070139080045,target,2812221912.0,7
PEPE,1775108220000,1775108280000,3.2800000000000004e-06,3.2900000000000003e-06,18.88753842986428,target,2812738411.0,7
PEPE,1775109660000,1775109720000,3.2900000000000003e-06,3.3e-06,18.85771960222644,target,2812486145.0,7
PEPE,1775110020000,1775110080000,3.3e-06,3.31e-06,18.827901287390333,target,2812233202.0,7
PEPE,1775110620000,1775110680000,3.31e-06,3.32e-06,18.798083505670014,target,2811979582.0,7
PEPE,1775111220000,1775111280000,3.32e-06,3.33e-06,18.768266290725116,target,2811725287.0,7
PEPE,1775111820000,1775111880000,3.32e-06,3.33e-06,18.77168903047474,target,2812238057.0,7
PEPE,1775112420000,1775112480000,3.31e-06,3.32e-06,18.80837599906929,target,2813519222.0,7
PEPE,1775113020000,1775113080000,3.32e-06,3.33e-06,18.7785424532267,target,2813264787.0,7
PEPE,1775113620000,1775113680000,3.3300000000000003e-06,3.34e-06,18.748709490540037,target,2813009676.0,7
PEPE,1775174520000,1775174580000,3.3300000000000003e-06,3.34e-06,18.752122610378713,target,2813521772.0,7
PEPE,1775175960000,1775176020000,3.32e-06,3.33e-06,18.78880604670018,target,2814802404.0,7
PEPE,1775176620000,1775176680000,3.32e-06,3.33e-06,18.792232531127617,target,2815315735.0,7
PEPE,1775177220000,1775177280000,3.32e-06,3.33e-06,18.795659643001084,target,2815829160.0,7
PEPE,1775178420000,1775178480000,3.32e-06,3.33e-06,18.799087382324217,target,2816342679.0,7
PEPE,1775179080000,1775179140000,3.32e-06,3.33e-06,18.80251574242423,target,2816856291.0,7
PEPE,1775180220000,1775180280000,3.32e-06,3.33e-06,18.80594472997391,target,2817369997.0,7
PEPE,1775180820000,1775180880000,3.32e-06,3.33e-06,18.809374344975076,target,2817883797.0,7
PEPE,1775182620000,1775182680000,3.32e-06,3.33e-06,18.81280458742409,target,2818397691.0,7
PEPE,1775183280000,1775183340000,3.3300000000000003e-06,3.34e-06,18.782917189809616,target,2818142114.0,7
PEPE,1775183820000,1775183940000,3.3300000000000003e-06,3.34e-06,18.78633654142394,target,2818655145.0,7
PEPE,1775185020000,1775185080000,3.3300000000000003e-06,3.34e-06,18.789756512884473,target,2819168269.0,7
PEPE,1775185620000,1775185680000,3.3300000000000003e-06,3.34e-06,18.79317710418941,target,2819681486.0,7
PEPE,1775186820000,1775186880000,3.36e-06,3.37e-06,18.69667988007499,target,2817886945.0,7
PEPE,1775188020000,1775188140000,3.36e-06,3.37e-06,18.7000654352689,target,2818397202.0,7
PEPE,1775189460000,1775189520000,3.36e-06,3.37e-06,18.70345160752068,target,2818907552.0,7
PEPE,1775190000000,1775190060000,3.3700000000000003e-06,3.3800000000000002e-06,18.67355049949927,target,2818649132.0,7
PEPE,1775190660000,1775190720000,3.35e-06,3.36e-06,18.74353183744412,target,2820697041.0,7
PEPE,1775191320000,1775191380000,3.36e-06,3.37e-06,18.713613800061193,target,2820439156.0,7
PEPE,1775192520000,1775192580000,3.39e-06,3.4e-06,18.617138950264472,target,2818643293.0,7
PEPE,1775193120000,1775193180000,3.4e-06,3.41e-06,18.587234585784145,target,2818382803.0,7
PEPE,1775194320000,1775194380000,3.4200000000000003e-06,3.43e-06,18.52410371377584,target,2817354177.0,7
PEPE,1775195100000,1775195160000,3.43e-06,3.44e-06,18.49420712210638,target,2817091717.0,7
PEPE,1775198520000,1775198580000,3.4600000000000003e-06,3.4700000000000002e-06,18.39795958218987,target,2815296034.0,7
PEPE,1775262840000,1775262900000,3.39e-06,3.4e-06,18.633821020430275,target,2821168966.0,7
PEPE,1775264220000,1775264280000,3.39e-06,3.4e-06,18.637177192659717,target,2821677092.0,7
PEPE,1775264820000,1775264880000,3.39e-06,3.4e-06,18.640533965944947,target,2822185309.0,7
PEPE,1775265720000,1775265780000,3.3700000000000003e-06,3.3800000000000002e-06,18.710544486250843,target,2824233130.0,7
PEPE,1775266320000,1775266380000,3.3700000000000003e-06,3.3800000000000002e-06,18.713926522250183,target,2824743626.0,7
PEPE,1775266920000,1775266980000,3.3700000000000003e-06,3.3800000000000002e-06,18.71730916775077,target,2825254214.0,7
PEPE,1775267520000,1775267580000,3.3700000000000003e-06,3.3800000000000002e-06,18.720692429374928,target,2825764895.0,7
PEPE,1775268120000,1775268180000,3.3800000000000002e-06,3.39e-06,18.690716540788532,target,2825505146.0,7
PEPE,1775268720000,1775268780000,3.3700000000000003e-06,3.3800000000000002e-06,18.72745475900011,target,2826785624.0,7
PEPE,1775269320000,1775269380000,3.36e-06,3.37e-06,18.764229872905275,target,2828067803.0,7
PEPE,1775269920000,1775270040000,3.3700000000000003e-06,3.3800000000000002e-06,18.734231597373324,target,2827808543.0,7
PEPE,1775270520000,1775270580000,3.36e-06,3.37e-06,18.771020012475294,target,2829091185.0,7
PEPE,1775271120000,1775271180000,3.35e-06,3.36e-06,18.80784541014219,target,2830375532.0,7
PEPE,1775272020000,1775272080000,3.36e-06,3.37e-06,18.777824715868483,target,2830116762.0,7
PEPE,1775272620000,1775272740000,3.36e-06,3.37e-06,18.781224967590305,target,2830629234.0,7
PEPE,1775273220000,1775273280000,3.36e-06,3.37e-06,18.784625836366363,target,2831141799.0,7
PEPE,1775273820000,1775273880000,3.36e-06,3.37e-06,18.788027315560235,target,2831654456.0,7
PEPE,1775274420000,1775274480000,3.3700000000000003e-06,3.3800000000000002e-06,18.757990993874362,target,2831394867.0,7
PEPE,1775275020000,1775275080000,3.3700000000000003e-06,3.3800000000000002e-06,18.76138160924924,target,2831906658.0,7
PEPE,1775276220000,1775276280000,3.3800000000000002e-06,3.39e-06,18.731340565560636,target,2831646344.0,7
PEPE,1775278020000,1775278080000,3.39e-06,3.4e-06,18.7013002565662,target,2831385353.0,7
PEPE,1775279220000,1775279280000,3.3700000000000003e-06,3.3800000000000002e-06,18.771538999626276,target,2833439849.0,7
PEPE,1775280120000,1775280180000,3.3700000000000003e-06,3.3800000000000002e-06,18.77493206625079,target,2833952010.0,7
PEPE,1775281620000,1775283480000,3.3800000000000002e-06,3.36e-06,-70.9839722754001,time,2833691508.0,7
PEPE,1775347320000,1775347380000,3.4e-06,3.41e-06,18.665248977566492,target,2830212127.0,7
PEPE,1775348520000,1775348640000,3.4e-06,3.41e-06,18.668604803744003,target,2830720971.0,7
PEPE,1775349300000,1775349360000,3.39e-06,3.4e-06,18.705370363243524,target,2832001569.0,7
PEPE,1775350320000,1775350380000,3.4e-06,3.41e-06,18.675324271181296,target,2831739844.0,7
PEPE,1775351100000,1775351160000,3.3800000000000002e-06,3.39e-06,18.745542447976206,target,2833793265.0,7
PEPE,1775351520000,1775351580000,3.3800000000000002e-06,3.39e-06,18.748924776854707,target,2834304577.0,7
PEPE,1775353980000,1775354040000,3.3800000000000002e-06,3.39e-06,18.752307714316075,target,2834815981.0,7
PEPE,1775355300000,1775355360000,3.36e-06,3.37e-06,18.822660980499357,target,2836874300.0,7
PEPE,1775357220000,1775357280000,3.3800000000000002e-06,3.39e-06,18.75908750057937,target,2835840892.0,7
PEPE,1775358420000,1775358480000,3.3800000000000002e-06,3.39e-06,18.762472270395726,target,2836352573.0,7
PEPE,1775359260000,1775359320000,3.3700000000000003e-06,3.3800000000000002e-06,18.799351531375827,target,2837637967.0,7
PEPE,1775359620000,1775359680000,3.3800000000000002e-06,3.39e-06,18.76924968848991,target,2837377126.0,7
PEPE,1775360820000,1775360880000,3.3800000000000002e-06,3.39e-06,18.77263629727495,target,2837889085.0,7
PEPE,1775361420000,1775361480000,3.3800000000000002e-06,3.39e-06,18.776023514641032,target,2838401136.0,7
PEPE,1775362020000,1775362140000,3.3800000000000002e-06,3.39e-06,18.779411340586336,target,2838913279.0,7
PEPE,1775362680000,1775362740000,3.3700000000000003e-06,3.3800000000000002e-06,18.81632389362607,target,2840199833.0,7
PEPE,1775363220000,1775363280000,3.3700000000000003e-06,3.3800000000000002e-06,18.819725049375833,target,2840713215.0,7
PEPE,1775365320000,1775365380000,3.36e-06,3.37e-06,18.856681352486373,target,2842001711.0,7
PEPE,1775365920000,1775365980000,3.3700000000000003e-06,3.3800000000000002e-06,18.82653527775105,target,2841741174.0,7
PEPE,1775366520000,1775366580000,3.36e-06,3.37e-06,18.863504952360657,target,2843030136.0,7
PEPE,1775368260000,1775368320000,3.35e-06,3.36e-06,18.900511789096434,target,2844320811.0,7
PEPE,1775368620000,1775368680000,3.35e-06,3.36e-06,18.90394034994152,target,2844836772.0,7
PEPE,1775371320000,1775371380000,3.3300000000000003e-06,3.34e-06,18.97463108934941,target,2846906390.0,7
PEPE,1775372220000,1775372280000,3.3300000000000003e-06,3.34e-06,18.97808533890626,target,2847424657.0,7
PEPE,1775434920000,1775434980000,3.57e-06,3.58e-06,18.178925454501552,target,2829404740.0,7
PEPE,1775435580000,1775435640000,3.61e-06,3.62e-06,18.04931741632157,target,2826831232.0,7
PEPE,1775436120000,1775436180000,3.6000000000000003e-06,3.61e-06,18.085614427314596,target,2828086697.0,7
PEPE,1775438820000,1775438880000,3.5600000000000002e-06,3.57e-06,18.221645890305243,target,2831646603.0,7
PEPE,1775440920000,1775440980000,3.5500000000000003e-06,3.5600000000000002e-06,18.258103383862988,target,2832909757.0,7
PEPE,1775442120000,1775443140000,3.6000000000000003e-06,3.5500000000000003e-06,-156.6164876755513,stop,2829566173.0,7
PEPE,1775443620000,1775443680000,3.5600000000000002e-06,3.57e-06,18.20066199236844,target,2828385702.0,7
PEPE,1775444220000,1775444280000,3.57e-06,3.58e-06,18.170622613324696,target,2828112469.0,7
PEPE,1775444940000,1775445000000,3.5600000000000002e-06,3.57e-06,18.20701484959473,target,2829372937.0,7
PEPE,1775449020000,1775449080000,3.52e-06,3.53e-06,18.34329560384962,target,2832941406.0,7
PEPE,1775449680000,1775449740000,3.5100000000000003e-06,3.52e-06,18.379849197636645,target,2834209591.0,7
PEPE,1775451000000,1775451060000,3.54e-06,3.55e-06,18.283146918710493,target,2832400762.0,7
PEPE,1775451480000,1775451540000,3.53e-06,3.54e-06,18.319653773803587,target,2833666477.0,7
PEPE,1775453160000,1775453220000,3.52e-06,3.53e-06,18.356196821199347,target,2834933872.0,7
PEPE,1775453580000,1775453640000,3.52e-06,3.53e-06,18.3594264734996,target,2835432660.0,7
PEPE,1775454120000,1775454180000,3.52e-06,3.53e-06,18.362656695599775,target,2835931536.0,7
PEPE,1775454720000,1775454780000,3.5100000000000003e-06,3.52e-06,18.399248867613927,target,2837201059.0,7
PEPE,1775455620000,1775455680000,3.5100000000000003e-06,3.52e-06,18.402491977205596,target,2837701153.0,7
PEPE,1775456220000,1775456280000,3.5100000000000003e-06,3.52e-06,18.405735657475564,target,2838201335.0,7
PEPE,1775458920000,1775459040000,3.5100000000000003e-06,3.52e-06,18.40897990842383,target,2838701605.0,7
PEPE,1775460120000,1775460180000,3.5000000000000004e-06,3.5100000000000003e-06,18.445627785076066,target,2839973485.0,7
PEPE,1775461020000,1775461080000,3.48e-06,3.49e-06,18.515757381279506,target,2842019552.0,7
PEPE,1775462820000,1775462880000,3.4700000000000002e-06,3.48e-06,18.55250821395108,target,2843296278.0,7
PEPE,1775464140000,1775464200000,3.4700000000000002e-06,3.48e-06,18.555802079626538,target,2843801085.0,7
PEPE,1775520720000,1775520780000,3.3300000000000003e-06,3.34e-06,19.02975424511517,target,2855176931.0,7
PEPE,1775522160000,1775522220000,3.3300000000000003e-06,3.34e-06,19.03321853216077,target,2855696704.0,7
PEPE,1775522520000,1775522580000,3.3300000000000003e-06,3.34e-06,19.03668344571492,target,2856216571.0,7
PEPE,1775523120000,1775523180000,3.34e-06,3.35e-06,19.006392876679783,target,2855956856.0,7
PEPE,1775523720000,1775523780000,3.34e-06,3.35e-06,19.00984677509451,target,2856475849.0,7
PEPE,1775524920000,1775524980000,3.36e-06,3.37e-06,18.94581979742148,target,2855436292.0,7
PEPE,1775526180000,1775526240000,3.35e-06,3.36e-06,18.982988120355778,target,2856732599.0,7
PEPE,1775527020000,1775527800000,3.35e-06,3.36e-06,18.9864316390944,target,2857250811.0,7
PEPE,1775528220000,1775528280000,3.34e-06,3.35e-06,19.023644100781286,target,2858549076.0,7
PEPE,1775528820000,1775529060000,3.36e-06,3.37e-06,18.959570649141,target,2857508764.0,7
PEPE,1775529480000,1775529540000,3.36e-06,3.37e-06,18.96300381045886,target,2858026196.0,7
PEPE,1775530020000,1775530080000,3.35e-06,3.36e-06,19.000205846955502,target,2859323679.0,7
PEPE,1775531820000,1775531880000,3.34e-06,3.35e-06,19.037445306331062,target,2860622886.0,7
PEPE,1775532480000,1775532540000,3.34e-06,3.35e-06,19.040904848185527,target,2861142727.0,7
PEPE,1775533320000,1775533380000,3.34e-06,3.35e-06,19.044365015611064,target,2861662662.0,7
PEPE,1775534520000,1775534580000,3.35e-06,3.36e-06,19.014014568945292,target,2861401741.0,7
PEPE,1775535120000,1775535180000,3.35e-06,3.36e-06,19.01746372264541,target,2861920801.0,7
PEPE,1775536320000,1775536380000,3.35e-06,3.36e-06,19.02091349433042,target,2862439954.0,7
PEPE,1775538120000,1775538180000,3.35e-06,3.36e-06,19.024363897292258,target,2862959202.0,7
PEPE,1775538720000,1775538780000,3.35e-06,3.36e-06,19.02781491823353,target,2863478543.0,7
PEPE,1775539380000,1775539440000,3.35e-06,3.36e-06,19.03126657045527,target,2863997979.0,7
PEPE,1775540520000,1775540580000,3.35e-06,3.36e-06,19.034718847305143,target,2864517509.0,7
PEPE,1775541120000,1775541180000,3.35e-06,3.36e-06,19.03817175543002,target,2865037134.0,7
PEPE,1775541720000,1775541780000,3.35e-06,3.36e-06,19.041625288184854,target,2865556853.0,7
PEPE,1775606520000,1775606580000,3.7200000000000004e-06,3.7300000000000003e-06,17.804881928324384,target,2837431383.0,7
PEPE,1775607120000,1775607180000,3.7200000000000004e-06,3.7300000000000003e-06,17.80790141440033,target,2837912576.0,7
PEPE,1775607720000,1775607780000,3.7300000000000003e-06,3.74e-06,17.777735285100082,target,2837627340.0,7
PEPE,1775612220000,1775612280000,3.66e-06,3.67e-06,18.01346400679067,target,2843482874.0,7
PEPE,1775612820000,1775612880000,3.66e-06,3.67e-06,18.01655308582395,target,2843970495.0,7
PEPE,1775613420000,1775613480000,3.66e-06,3.67e-06,18.019642690666295,target,2844458199.0,7
PEPE,1775614740000,1775614800000,3.6800000000000003e-06,3.6900000000000002e-06,17.956117396305142,target,2843407347.0,7
PEPE,1775615220000,1775615280000,3.6800000000000003e-06,3.6900000000000002e-06,17.95918526119755,target,2843893153.0,7
PEPE,1775616420000,1775616480000,3.67e-06,3.68e-06,17.995563731199802,target,2845148416.0,7
PEPE,1775617620000,1775617680000,3.7e-06,3.71e-06,17.89875069795437,target,2843328149.0,7
PEPE,1775618400000,1775618460000,3.6900000000000002e-06,3.7e-06,17.9350828708359,target,2844580947.0,7
PEPE,1775619060000,1775619120000,3.6900000000000002e-06,3.7e-06,17.93814145785929,target,2845066052.0,7
PEPE,1775619420000,1775619480000,3.7e-06,3.71e-06,17.907903772739566,target,2844782172.0,7
PEPE,1775620020000,1775620080000,3.7e-06,3.71e-06,17.910952063541277,target,2845266412.0,7
PEPE,1775621220000,1775623080000,3.7300000000000003e-06,3.71e-06,-72.7211119362756,time,2843445237.0,7
PEPE,1775623620000,1775625420000,3.7e-06,3.71e-06,17.901622262926516,target,2843784315.0,7
PEPE,1775625720000,1775625780000,3.7e-06,3.71e-06,17.904669483575294,target,2844268385.0,7
PEPE,1775626320000,1775626380000,3.7e-06,3.71e-06,17.907717220415147,target,2844752537.0,7
PEPE,1775627580000,1775627640000,3.6900000000000002e-06,3.7e-06,17.944067590410555,target,2846005962.0,7
PEPE,1775628720000,1775628780000,3.71e-06,3.72e-06,17.880530120369627,target,2844953082.0,7
PEPE,1775629320000,1775629380000,3.7e-06,3.71e-06,17.916863546961988,target,2846205488.0,7
PEPE,1775629920000,1775629980000,3.6900000000000002e-06,3.7e-06,17.953232481664443,target,2847459553.0,7
PEPE,1775630820000,1775630880000,3.6800000000000003e-06,3.6900000000000002e-06,17.9896369995148,target,2848715281.0,7
PEPE,1775631720000,1775631780000,3.6900000000000002e-06,3.7e-06,17.959362057651795,target,2848431730.0,7
PEPE,1775692920000,1775692980000,3.53e-06,3.54e-06,18.49826571646472,target,2861294001.0,7
PEPE,1775693640000,1775693700000,3.53e-06,3.54e-06,18.501514456544893,target,2861796513.0,7
PEPE,1775694180000,1775694240000,3.53e-06,3.54e-06,18.504763765544794,target,2862299113.0,7
PEPE,1775694720000,1775694780000,3.52e-06,3.53e-06,18.54167605815091,target,2863579314.0,7
PEPE,1775695920000,1775695980000,3.52e-06,3.53e-06,18.544938344450795,target,2864083142.0,7
PEPE,1775697120000,1775697180000,3.5100000000000003e-06,3.52e-06,18.581893762981895,target,2865365268.0,7
PEPE,1775698920000,1775698980000,3.5000000000000004e-06,3.5100000000000003e-06,18.618885872025583,target,2866649095.0,7
PEPE,1775700120000,1775700180000,3.5000000000000004e-06,3.5100000000000003e-06,18.62217364752069,target,2867155296.0,7
PEPE,1775700720000,1775700780000,3.5000000000000004e-06,3.5100000000000003e-06,18.62546200106977,target,2867661586.0,7
PEPE,1775701320000,1775701500000,3.5100000000000003e-06,3.52e-06,18.5950162642392,target,2867388784.0,7
PEPE,1775701920000,1775701980000,3.5100000000000003e-06,3.52e-06,18.59829388051469,target,2867894199.0,7
PEPE,1775702580000,1775702640000,3.5000000000000004e-06,3.5100000000000003e-06,18.63531863770471,target,2869179159.0,7
PEPE,1775703120000,1775703180000,3.5000000000000004e-06,3.5100000000000003e-06,18.638609316466095,target,2869685807.0,7
PEPE,1775703720000,1775703780000,3.5000000000000004e-06,3.5100000000000003e-06,18.641900573281454,target,2870192544.0,7
PEPE,1775705220000,1775707080000,3.5000000000000004e-06,3.49e-06,-43.74945841404002,time,2870699371.0,7
PEPE,1775707620000,1775707680000,3.48e-06,3.49e-06,18.70502297843918,target,2871070296.0,7
PEPE,1775708580000,1775708640000,3.48e-06,3.49e-06,18.70833794074127,target,2871579116.0,7
PEPE,1775709720000,1775709780000,3.48e-06,3.49e-06,18.71165348287682,target,2872088025.0,7
PEPE,1775710320000,1775710380000,3.4700000000000002e-06,3.48e-06,18.74879313997493,target,2873378259.0,7
PEPE,1775710920000,1775710980000,3.4700000000000002e-06,3.48e-06,18.75212186219983,target,2873888408.0,7
PEPE,1775711520000,1775711580000,3.4700000000000002e-06,3.48e-06,18.755451171675688,target,2874398647.0,7
PEPE,1775712120000,1775712180000,3.4700000000000002e-06,3.48e-06,18.75878107492572,target,2874908977.0,7
PEPE,1775712720000,1775712780000,3.4700000000000002e-06,3.48e-06,18.762111565426714,target,2875419397.0,7
PEPE,1775713320000,1775713380000,3.48e-06,3.49e-06,18.73158909621455,target,2875147981.0,7
PEPE,1775781120000,1775781180000,3.49e-06,3.5e-06,17.690275886455087,target,2719488991.0,8
PEPE,1775781720000,1775781780000,3.49e-06,3.5e-06,17.693405344380587,target,2719970076.0,8
PEPE,1775782320000,1775782380000,3.49e-06,3.5e-06,17.696535355230605,target,2720451246.0,8
PEPE,1775784180000,1775784240000,3.48e-06,3.49e-06,17.73169495631921,target,2721672288.0,8
PEPE,1775785320000,1775785380000,3.5100000000000003e-06,3.52e-06,17.638785511225134,target,2719936085.0,8
PEPE,1775786100000,1775786160000,3.49e-06,3.5e-06,17.705923058988468,target,2721894398.0,8
PEPE,1775786520000,1775786580000,3.48e-06,3.49e-06,17.7411013068065,target,2723116087.0,8
PEPE,1775788320000,1775788380000,3.5000000000000004e-06,3.5100000000000003e-06,17.68015945615454,target,2722118469.0,8
PEPE,1775788920000,1775788980000,3.5000000000000004e-06,3.5100000000000003e-06,17.6832814662609,target,2722599148.0,8
PEPE,1775789520000,1775789580000,3.5000000000000004e-06,3.5100000000000003e-06,17.686404028439316,target,2723079912.0,8
PEPE,1775790180000,1775790240000,3.5000000000000004e-06,3.5100000000000003e-06,17.689527142695248,target,2723560761.0,8
PEPE,1775790720000,1775790780000,3.5000000000000004e-06,3.5100000000000003e-06,17.69265080902505,target,2724041695.0,8
PEPE,1775791620000,1775791680000,3.49e-06,3.5e-06,17.7278376038763,target,2725263275.0,8
PEPE,1775792220000,1775792280000,3.49e-06,3.5e-06,17.730973709909716,target,2725745382.0,8
PEPE,1775792820000,1775792880000,3.5000000000000004e-06,3.5100000000000003e-06,17.702036447743573,target,2725486751.0,8
PEPE,1775793420000,1775794260000,3.5000000000000004e-06,3.5100000000000003e-06,17.70516232237434,target,2725968025.0,8
PEPE,1775794620000,1775794680000,3.5000000000000004e-06,3.5100000000000003e-06,17.708288749080797,target,2726449384.0,8
PEPE,1775795400000,1775795460000,3.49e-06,3.5e-06,17.743506639713505,target,2727672043.0,8
PEPE,1775796060000,1775796120000,3.5000000000000004e-06,3.5100000000000003e-06,17.714548928850107,target,2727413230.0,8
PEPE,1775797020000,1775797080000,3.53e-06,3.54e-06,17.62147483302042,target,2725672828.0,8
PEPE,1775797740000,1775797800000,3.52e-06,3.53e-06,17.656625188476788,target,2726891921.0,8
PEPE,1775799420000,1775799480000,3.5500000000000003e-06,3.5600000000000002e-06,17.563600231619468,target,2725151316.0,8
PEPE,1775800620000,1775800680000,3.5500000000000003e-06,3.5600000000000002e-06,17.56667361365466,target,2725628179.0,8
PEPE,1775801220000,1775801280000,3.5500000000000003e-06,3.5600000000000002e-06,17.569747530625943,target,2726105125.0,8
PEPE,1775865900000,1775865960000,3.61e-06,3.62e-06,17.38092703487994,target,2722149888.0,8
PEPE,1775867220000,1775867340000,3.61e-06,3.62e-06,17.383935238240795,target,2722621024.0,8
PEPE,1775868420000,1775868540000,3.5900000000000004e-06,3.6000000000000003e-06,17.45086170366016,target,2724568572.0,8
PEPE,1775869380000,1775869440000,3.5900000000000004e-06,3.6000000000000003e-06,17.45389311330002,target,2725041860.0,8
PEPE,1775869920000,1775869980000,3.6000000000000003e-06,3.61e-06,17.42494640815995,target,2724776608.0,8
PEPE,1775870820000,1775870880000,3.5900000000000004e-06,3.6000000000000003e-06,17.459951955075752,target,2725987815.0,8
PEPE,1775872020000,1775872080000,3.5900000000000004e-06,3.6000000000000003e-06,17.46298494034484,target,2726461349.0,8
PEPE,1775873820000,1775873880000,3.61e-06,3.62e-06,17.402045198904368,target,2725457353.0,8
PEPE,1775875020000,1775875080000,3.62e-06,3.63e-06,17.37309088462522,target,2725190727.0,8
PEPE,1775875620000,1775875680000,3.61e-06,3.62e-06,17.40806389784191,target,2726399984.0,8
PEPE,1775876220000,1775876280000,3.6000000000000003e-06,3.61e-06,17.44307135377516,target,2727610845.0,8
PEPE,1775877660000,1775877720000,3.6000000000000003e-06,3.61e-06,17.446095856236425,target,2728083793.0,8
PEPE,1775878620000,1775878680000,3.6000000000000003e-06,3.61e-06,17.44912088308513,target,2728556823.0,8
PEPE,1775879820000,1775879880000,3.5900000000000004e-06,3.6000000000000003e-06,17.484174998956004,target,2729769711.0,8
PEPE,1775881620000,1775881680000,3.5900000000000004e-06,3.6000000000000003e-06,17.48721219230923,target,2730243902.0,8
PEPE,1775882220000,1775882280000,3.58e-06,3.59e-06,17.522306976736218,target,2731458609.0,8
PEPE,1775882820000,1775882880000,3.5900000000000004e-06,3.6000000000000003e-06,17.49329373340541,target,2731193401.0,8
PEPE,1775883480000,1775883540000,3.5900000000000004e-06,3.6000000000000003e-06,17.496332515199683,target,2731667840.0,8
PEPE,1775884020000,1775884080000,3.5900000000000004e-06,3.6000000000000003e-06,17.499371822204303,target,2732142361.0,8
PEPE,1775884920000,1775884980000,3.58e-06,3.59e-06,17.53449101189608,target,2733357913.0,8
PEPE,1775885520000,1775885580000,3.6000000000000003e-06,3.61e-06,17.473390048774604,target,2732351845.0,8
PEPE,1775886720000,1775886780000,3.58e-06,3.59e-06,17.540583414375487,target,2734307625.0,8
PEPE,1775888520000,1775888580000,3.57e-06,3.58e-06,17.57574948709852,target,2735525212.0,8
PEPE,1775889720000,1775889780000,3.57e-06,3.58e-06,17.578813781626263,target,2736002145.0,8
PEPE,1775952420000,1775952480000,3.62e-06,3.63e-06,17.42142917550014,target,2732773204.0,8
PEPE,1775953920000,1775953980000,3.63e-06,3.64e-06,17.392395559812226,target,2732505194.0,8
PEPE,1775954580000,1775954640000,3.63e-06,3.64e-06,17.395394696890182,target,2732976386.0,8
PEPE,1775955120000,1775955180000,3.63e-06,3.64e-06,17.39839434316959,target,2733447658.0,8
PEPE,1775955720000,1775955780000,3.6400000000000003e-06,3.65e-06,17.36935200482445,target,2733178915.0,8
PEPE,1775956980000,1775957040000,3.6400000000000003e-06,3.65e-06,17.372341644670687,target,2733649354.0,8
PEPE,1775957520000,1775957580000,3.63e-06,3.64e-06,17.407385344854966,target,2734860227.0,8
PEPE,1775962080000,1775962140000,3.5100000000000003e-06,3.52e-06,17.796454512083848,target,2744248961.0,8
PEPE,1775962620000,1775962680000,3.5100000000000003e-06,3.52e-06,17.799591371435262,target,2744732671.0,8
PEPE,1775963220000,1775963280000,3.5000000000000004e-06,3.5100000000000003e-06,17.83502610625548,target,2745962449.0,8
PEPE,1775963820000,1775963880000,3.5000000000000004e-06,3.5100000000000003e-06,17.838175460311028,target,2746447338.0,8
PEPE,1775964720000,1775964780000,3.5100000000000003e-06,3.52e-06,17.809016650981626,target,2746186068.0,8
PEPE,1775965620000,1775965680000,3.49e-06,3.5e-06,17.8768021364009,target,2748163280.0,8
PEPE,1775967420000,1775967480000,3.49e-06,3.5e-06,17.879964594188195,target,2748649438.0,8
PEPE,1775968020000,1775968080000,3.49e-06,3.5e-06,17.88312760490365,target,2749135681.0,8
PEPE,1775968620000,1775968680000,3.49e-06,3.5e-06,17.886291181555492,target,2749622011.0,8
PEPE,1775969220000,1775969280000,3.5000000000000004e-06,3.5100000000000003e-06,17.85710044192551,target,2749361115.0,8
PEPE,1775969940000,1775970000000,3.49e-06,3.5e-06,17.892614288745463,target,2750594049.0,8
PEPE,1775970420000,1775970480000,3.49e-06,3.5e-06,17.895779537180914,target,2751080636.0,8
PEPE,1775971920000,1775971980000,3.5000000000000004e-06,3.5100000000000003e-06,17.8665733084946,target,2750819601.0,8
PEPE,1775972520000,1775972580000,3.5000000000000004e-06,3.5100000000000003e-06,17.869728241755492,target,2751305349.0,8
PEPE,1775973120000,1775973180000,3.5000000000000004e-06,3.5100000000000003e-06,17.872883727090255,target,2751791182.0,8
PEPE,1775973720000,1775973780000,3.5100000000000003e-06,3.52e-06,17.843668178454728,target,2751529403.0,8
PEPE,1775974320000,1775974380000,3.52e-06,3.53e-06,17.814453643700364,target,2751266972.0,8
PEPE,1776039120000,1776039180000,3.4700000000000002e-06,3.48e-06,17.97959105505055,target,2755492882.0,8
PEPE,1776039720000,1776039780000,3.4700000000000002e-06,3.48e-06,17.982783209024845,target,2755982101.0,8
PEPE,1776041520000,1776041580000,3.49e-06,3.5e-06,17.92109882508674,target,2754972917.0,8
PEPE,1776042180000,1776042240000,3.49e-06,3.5e-06,17.924269121399064,target,2755460280.0,8
PEPE,1776042960000,1776043020000,3.49e-06,3.5e-06,17.927439970639544,target,2755947728.0,8
PEPE,1776043320000,1776043380000,3.49e-06,3.5e-06,17.930611385814593,target,2756435263.0,8
PEPE,1776043980000,1776044040000,3.49e-06,3.5e-06,17.933783360421916,target,2756922884.0,8
PEPE,1776044520000,1776044580000,3.5000000000000004e-06,3.5100000000000003e-06,17.90451511102587,target,2756661295.0,8
PEPE,1776045720000,1776045780000,3.5000000000000004e-06,3.5100000000000003e-06,17.90767674063081,target,2757148074.0,8
PEPE,1776046620000,1776046680000,3.48e-06,3.49e-06,17.97576105902174,target,2759134468.0,8
PEPE,1776047220000,1776047280000,3.49e-06,3.5e-06,17.94647113524571,target,2758873349.0,8
PEPE,1776048420000,1776048480000,3.4700000000000002e-06,3.48e-06,18.014626357425097,target,2760862277.0,8
PEPE,1776049620000,1776050340000,3.48e-06,3.49e-06,17.985319906110497,target,2760601674.0,8
PEPE,1776052320000,1776052440000,3.48e-06,3.49e-06,17.988507317740808,target,2761090916.0,8
PEPE,1776052920000,1776052980000,3.48e-06,3.49e-06,17.991695289659035,target,2761580244.0,8
PEPE,1776054120000,1776054180000,3.48e-06,3.49e-06,17.994883834901607,target,2762069660.0,8
PEPE,1776054720000,1776054780000,3.48e-06,3.49e-06,17.998072940432092,target,2762559162.0,8
PEPE,1776055320000,1776055380000,3.48e-06,3.49e-06,18.001262606250492,target,2763048750.0,8
PEPE,1776056040000,1776056100000,3.4700000000000002e-06,3.48e-06,18.03699224999906,target,2764290000.0,8
PEPE,1776056820000,1776056880000,3.4700000000000002e-06,3.48e-06,18.040194596026115,target,2764780781.0,8
PEPE,1776058320000,1776058380000,3.4700000000000002e-06,3.48e-06,18.0433975097254,target,2765271649.0,8
PEPE,1776059940000,1776060000000,3.4700000000000002e-06,3.48e-06,18.046600991100547,target,2765762604.0,8
PEPE,1776060420000,1776060480000,3.49e-06,3.5e-06,17.98469770269621,target,2764749839.0,8
PEPE,1776061020000,1776061080000,3.49e-06,3.5e-06,17.9878792461565,target,2765238931.0,8
PEPE,1776124920000,1776124980000,3.75e-06,3.76e-06,17.15076522129499,target,2746319491.0,8
PEPE,1776125820000,1776125880000,3.7200000000000004e-06,3.7300000000000003e-06,17.250028644976826,target,2749008549.0,8
PEPE,1776127020000,1776127080000,3.7300000000000003e-06,3.74e-06,17.220807527455605,target,2748732247.0,8
PEPE,1776127620000,1776127680000,3.7300000000000003e-06,3.74e-06,17.223722525450075,target,2749197530.0,8
PEPE,1776128220000,1776128280000,3.7200000000000004e-06,3.7300000000000003e-06,17.258795403551385,target,2750405642.0,8
PEPE,1776129720000,1776129780000,3.7200000000000004e-06,3.7300000000000003e-06,17.261722283176262,target,2750872077.0,8
PEPE,1776130320000,1776130380000,3.71e-06,3.72e-06,17.296835338575782,target,2752081995.0,8
PEPE,1776131220000,1776131280000,3.74e-06,3.75e-06,17.20325283849041,target,2750320198.0,8
PEPE,1776131820000,1776131880000,3.7200000000000004e-06,3.7300000000000003e-06,17.27050044969877,target,2752270988.0,8
PEPE,1776132480000,1776132540000,3.71e-06,3.72e-06,17.305631365770353,target,2753481522.0,8
PEPE,1776133620000,1776133680000,3.71e-06,3.72e-06,17.308571658465368,target,2753949349.0,8
PEPE,1776134340000,1776134400000,3.7e-06,3.71e-06,17.343742857433842,target,2755161693.0,8
PEPE,1776135960000,1776136020000,3.6900000000000002e-06,3.7e-06,17.37894842911505,target,2756375643.0,8
PEPE,1776136320000,1776136380000,3.6900000000000002e-06,3.7e-06,17.38191218263554,target,2756845707.0,8
PEPE,1776137520000,1776137580000,3.71e-06,3.72e-06,17.320365228419462,target,2755825812.0,8
PEPE,1776139620000,1776139680000,3.6900000000000002e-06,3.7e-06,17.387830194346307,target,2757784329.0,8
PEPE,1776140880000,1776140940000,3.71e-06,3.72e-06,17.326262286795764,target,2756764087.0,8
PEPE,1776141420000,1776141480000,3.71e-06,3.72e-06,17.329206080234208,target,2757232471.0,8
PEPE,1776142020000,1776142080000,3.7e-06,3.71e-06,17.364419212997063,target,2758446261.0,8
PEPE,1776147120000,1776147180000,3.65e-06,3.66e-06,17.529008621983294,target,2762649113.0,8
PEPE,1776148200000,1776148260000,3.6400000000000003e-06,3.65e-06,17.564404983960923,target,2763871752.0,8
PEPE,1776148620000,1776148680000,3.6400000000000003e-06,3.65e-06,17.567428197270864,target,2764347474.0,8
PEPE,1776149820000,1776149880000,3.6400000000000003e-06,3.65e-06,17.570451938045693,target,2764823279.0,8
PEPE,1776150420000,1776150480000,3.65e-06,3.66e-06,17.54107466737458,target,2764550775.0,8
PEPE,1776211320000,1776211380000,3.57e-06,3.58e-06,17.803837237675268,target,2771025251.0,8
PEPE,1776213120000,1776213180000,3.5900000000000004e-06,3.6000000000000003e-06,17.74188711057081,target,2770005794.0,8
PEPE,1776214320000,1776214380000,3.5900000000000004e-06,3.6000000000000003e-06,17.744969074876327,target,2770486975.0,8
PEPE,1776215520000,1776215580000,3.5900000000000004e-06,3.6000000000000003e-06,17.748051570797195,target,2770968239.0,8
PEPE,1776216180000,1776216240000,3.5900000000000004e-06,3.6000000000000003e-06,17.7511346047366,target,2771449587.0,8
PEPE,1776216720000,1776216780000,3.6000000000000003e-06,3.61e-06,17.72169493611134,target,2771179818.0,8
PEPE,1776217320000,1776217380000,3.61e-06,3.62e-06,17.692256499844834,target,2770909397.0,8
PEPE,1776217920000,1776217980000,3.61e-06,3.62e-06,17.69531857983573,target,2771388971.0,8
PEPE,1776218520000,1776218580000,3.61e-06,3.62e-06,17.698381196164792,target,2771868629.0,8
PEPE,1776219120000,1776219180000,3.61e-06,3.62e-06,17.701444342449744,target,2772348370.0,8
PEPE,1776219720000,1776219780000,3.6000000000000003e-06,3.61e-06,17.737041778615435,target,2773579637.0,8
PEPE,1776221820000,1776221880000,3.58e-06,3.59e-06,17.805249013119436,target,2775564928.0,8
PEPE,1776222420000,1776222480000,3.5900000000000004e-06,3.6000000000000003e-06,17.77576727398642,target,2775295437.0,8
PEPE,1776223860000,1776223920000,3.5900000000000004e-06,3.6000000000000003e-06,17.77885512448355,target,2775777537.0,8
PEPE,1776224220000,1776224280000,3.58e-06,3.59e-06,17.81453520033147,target,2777012502.0,8
PEPE,1776224820000,1776224880000,3.58e-06,3.59e-06,17.817635454360968,target,2777495784.0,8
PEPE,1776225660000,1776225720000,3.58e-06,3.59e-06,17.82073624724919,target,2777979150.0,8
PEPE,1776226020000,1776226080000,3.5900000000000004e-06,3.6000000000000003e-06,17.79122887353001,target,2777709426.0,8
PEPE,1776226620000,1776226680000,3.5900000000000004e-06,3.6000000000000003e-06,17.79431940772391,target,2778191945.0,8
PEPE,1776227220000,1776227280000,3.5900000000000004e-06,3.6000000000000003e-06,17.797410473534985,target,2778674547.0,8
PEPE,1776228420000,1776228480000,3.5900000000000004e-06,3.6000000000000003e-06,17.800502083771416,target,2779157234.0,8
PEPE,1776229020000,1776229080000,3.5900000000000004e-06,3.6000000000000003e-06,17.803594232024565,target,2779640005.0,8
PEPE,1776229620000,1776229680000,3.5900000000000004e-06,3.6000000000000003e-06,17.806686911896705,target,2780122859.0,8
PEPE,1776230220000,1776230280000,3.5900000000000004e-06,3.6000000000000003e-06,17.80978012978556,target,2780605797.0,8
PEPE,1776297840000,1776297900000,3.71e-06,3.72e-06,17.422469434064464,target,2772071509.0,8
PEPE,1776298320000,1776298380000,3.7e-06,3.71e-06,17.457872069848975,target,2773291830.0,8
PEPE,1776299040000,1776299100000,3.7e-06,3.71e-06,17.460843756795462,target,2773763901.0,8
PEPE,1776300360000,1776300420000,3.7300000000000003e-06,3.74e-06,17.36650790864401,target,2771988493.0,8
PEPE,1776300900000,1776300960000,3.7300000000000003e-06,3.74e-06,17.369447565680073,target,2772457712.0,8
PEPE,1776301320000,1776301500000,3.74e-06,3.75e-06,17.339975773154713,target,2772178381.0,8
PEPE,1776301920000,1776301980000,3.7200000000000004e-06,3.7300000000000003e-06,17.40775783562513,target,2774144675.0,8
PEPE,1776302580000,1776302640000,3.7300000000000003e-06,3.74e-06,17.378269531454524,target,2773865847.0,8
PEPE,1776303420000,1776303540000,3.74e-06,3.75e-06,17.348782769370594,target,2773586374.0,8
PEPE,1776304020000,1776304080000,3.75e-06,3.76e-06,17.319297562474937,target,2773306255.0,8
PEPE,1776305220000,1776305280000,3.7800000000000002e-06,3.79e-06,17.22505765728081,target,2771529792.0,8
PEPE,1776306060000,1776306120000,3.8e-06,3.81e-06,17.163248900069657,target,2770500226.0,8
PEPE,1776307020000,1776307200000,3.920000000000001e-06,3.9300000000000005e-06,16.77932794282578,target,2762029291.0,8
PEPE,1776307620000,1776307740000,3.91e-06,3.86e-06,-154.22927689820827,stop,2763222734.0,8
PEPE,1776308220000,1776308280000,3.85e-06,3.86e-06,16.981903765155813,target,2763531939.0,8
PEPE,1776309420000,1776309660000,3.91e-06,3.92e-06,16.791754866976408,target,2759532435.0,8
PEPE,1776310020000,1776310080000,3.89e-06,3.9e-06,16.858763312161436,target,2761468192.0,8
PEPE,1776310920000,1776311160000,3.9e-06,3.91e-06,16.829387717695074,target,2761179281.0,8
PEPE,1776311520000,1776311580000,3.920000000000001e-06,3.9300000000000005e-06,16.76789885700025,target,2760147960.0,8
PEPE,1776312120000,1776312180000,3.97e-06,3.98e-06,16.610293459501307,target,2756895180.0,8
PEPE,1776312780000,1776312840000,3.98e-06,3.99e-06,16.580957703705202,target,2756601447.0,8
PEPE,1776313380000,1776313440000,3.98e-06,3.99e-06,16.583634324570255,target,2757046438.0,8
PEPE,1776313920000,1776313980000,3.98e-06,3.99e-06,16.586311372499466,target,2757491500.0,8
PEPE,1776314520000,1776314580000,4.0100000000000006e-06,4.0200000000000005e-06,16.492978508265026,target,2755719049.0,8
PEPE,1776385320000,1776385380000,3.97e-06,3.98e-06,16.623694210274643,target,2759119371.0,8
PEPE,1776386220000,1776386280000,3.98e-06,3.99e-06,16.594334787015633,target,2758825401.0,8
PEPE,1776387480000,1776387540000,3.96e-06,3.97e-06,16.661137360434324,target,2760751841.0,8
PEPE,1776388020000,1776388080000,4e-06,4.01e-06,16.53563772124037,target,2758238152.0,8
PEPE,1776388740000,1776388800000,4e-06,4.01e-06,16.5382967195606,target,2758681688.0,8
PEPE,1776391020000,1776391080000,3.95e-06,3.96e-06,16.70130021689995,target,2762828820.0,8
PEPE,1776393720000,1776393780000,3.94e-06,3.95e-06,16.736137582046783,target,2764019419.0,8
PEPE,1776394320000,1776394380000,3.9300000000000005e-06,3.94e-06,16.771008323675854,target,2765211595.0,8
PEPE,1776397320000,1776397380000,3.920000000000001e-06,3.9300000000000005e-06,16.805912495176237,target,2766405349.0,8
PEPE,1776397920000,1776397980000,3.9300000000000005e-06,3.94e-06,16.776480949059525,target,2766113924.0,8
PEPE,1776399300000,1776399360000,3.91e-06,3.92e-06,16.843595002195617,target,2768051767.0,8
PEPE,1776408420000,1776408480000,3.86e-06,3.87e-06,17.007629645085302,target,2772229771.0,8
PEPE,1776409080000,1776409140000,3.86e-06,3.87e-06,17.010438953609736,target,2772687686.0,8
PEPE,1776409620000,1776409680000,3.88e-06,3.89e-06,16.94866381863899,target,2771653936.0,8
PEPE,1776410220000,1776411120000,3.89e-06,3.9e-06,16.919181047836403,target,2771364627.0,8
PEPE,1776411420000,1776411480000,3.88e-06,3.89e-06,16.954236858420852,target,2772565308.0,8
PEPE,1776412620000,1776412680000,3.86e-06,3.87e-06,17.021643488158944,target,2774514016.0,8
PEPE,1776413220000,1776413400000,3.89e-06,3.9e-06,16.927540007730514,target,2772733826.0,8
PEPE,1776414420000,1776414480000,3.88e-06,3.89e-06,16.96261313650102,target,2773935100.0,8
PEPE,1776415020000,1776415080000,3.91e-06,3.92e-06,16.868561629409776,target,2772154746.0,8
PEPE,1776415620000,1776415680000,3.9e-06,3.91e-06,16.903590387041127,target,2773353632.0,8
PEPE,1776416280000,1776416340000,3.9e-06,3.91e-06,16.906361320320244,target,2773808256.0,8
PEPE,1776417120000,1776417180000,3.9e-06,3.91e-06,16.90913271681991,target,2774262956.0,8
PEPE,1776419520000,1776419580000,3.920000000000001e-06,3.9300000000000005e-06,16.84735249410057,target,2773226748.0,8
PEPE,1776472020000,1776472080000,3.95e-06,3.96e-06,16.75338974010089,target,2771445780.0,8
PEPE,1776472620000,1776472740000,3.95e-06,3.96e-06,16.756109875246743,target,2771895761.0,8
PEPE,1776474720000,1776474780000,3.97e-06,3.98e-06,16.694420082624426,target,2770858105.0,8
PEPE,1776475320000,1776475380000,3.96e-06,3.97e-06,16.72932196726053,target,2772050036.0,8
PEPE,1776477420000,1776477480000,3.94e-06,3.95e-06,16.79649878714562,target,2773988239.0,8
PEPE,1776478620000,1776478680000,3.94e-06,3.95e-06,16.799231160390576,target,2774439498.0,8
PEPE,1776479820000,1776479880000,3.94e-06,3.95e-06,16.80196398170464,target,2774890831.0,8
PEPE,1776480540000,1776480600000,3.94e-06,3.95e-06,16.804697245036067,target,2775342237.0,8
PEPE,1776481020000,1776481080000,3.94e-06,3.95e-06,16.807430956434786,target,2775793717.0,8
PEPE,1776482220000,1776482280000,3.9300000000000005e-06,3.94e-06,16.842450239115887,target,2776990971.0,8
PEPE,1776482820000,1776483480000,3.9300000000000005e-06,3.94e-06,16.8451953551559,target,2777443587.0,8
PEPE,1776484020000,1776484080000,3.9300000000000005e-06,3.94e-06,16.847940913940256,target,2777896276.0,8
PEPE,1776484920000,1776484980000,3.91e-06,3.92e-06,16.915340839705596,target,2779842373.0,8
PEPE,1776486420000,1776486480000,3.920000000000001e-06,3.9300000000000005e-06,16.88576747714904,target,2779550202.0,8
PEPE,1776487320000,1776487380000,3.920000000000001e-06,3.9300000000000005e-06,16.888524925725108,target,2780004103.0,8
PEPE,1776489120000,1776489180000,3.94e-06,3.95e-06,16.826631948768828,target,2778964814.0,8
PEPE,1776489720000,1776489780000,3.94e-06,3.95e-06,16.829369226565184,target,2779416883.0,8
PEPE,1776490320000,1776490440000,3.94e-06,3.95e-06,16.83210695242883,target,2779869026.0,8
PEPE,1776491220000,1776491280000,3.95e-06,3.96e-06,16.8025299501163,target,2779574847.0,8
PEPE,1776491820000,1776491880000,3.96e-06,3.97e-06,16.772954987085832,target,2779280031.0,8
PEPE,1776492420000,1776492480000,3.95e-06,3.96e-06,16.8079813673848,target,2780476653.0,8
PEPE,1776493020000,1776494100000,3.95e-06,3.96e-06,16.810710358455683,target,2780928099.0,8
PEPE,1776494520000,1776494580000,3.95e-06,3.96e-06,16.8134397968546,target,2781379619.0,8
PEPE,1776495120000,1776495180000,3.94e-06,3.95e-06,16.848511079715866,target,2782578213.0,8
PEPE,1776558780000,1776558840000,3.76e-06,3.77e-06,17.436476898465166,target,2796548019.0,8
PEPE,1776559320000,1776559380000,3.76e-06,3.77e-06,17.439411893780814,target,2797018748.0,8
PEPE,1776559920000,1776559980000,3.7700000000000003e-06,3.7800000000000002e-06,17.409674783624954,target,2796734905.0,8
PEPE,1776560580000,1776560640000,3.7800000000000002e-06,3.79e-06,17.379939316793916,target,2796450413.0,8
PEPE,1776561720000,1776561780000,3.7800000000000002e-06,3.79e-06,17.38285383482992,target,2796919362.0,8
PEPE,1776562320000,1776562380000,3.7700000000000003e-06,3.7800000000000002e-06,17.41844025592457,target,2798143013.0,8
PEPE,1776563820000,1776563880000,3.7700000000000003e-06,3.7800000000000002e-06,17.421366715576323,target,2798613127.0,8
PEPE,1776565320000,1776565380000,3.76e-06,3.77e-06,17.456993702175136,target,2799838605.0,8
PEPE,1776566520000,1776566580000,3.75e-06,3.76e-06,17.492655333968074,target,2801065706.0,8
PEPE,1776567120000,1776567180000,3.76e-06,3.77e-06,17.462876593020738,target,2800782132.0,8
PEPE,1776567840000,1776567900000,3.75e-06,3.76e-06,17.498550245514778,target,2802009647.0,8
PEPE,1776568320000,1776568380000,3.75e-06,3.76e-06,17.501501207855334,target,2802482179.0,8
PEPE,1776568920000,1776568980000,3.76e-06,3.77e-06,17.471707410568847,target,2802198462.0,8
PEPE,1776570120000,1776570180000,3.76e-06,3.77e-06,17.474648329134478,target,2802670141.0,8
PEPE,1776570720000,1776570780000,3.7700000000000003e-06,3.7800000000000002e-06,17.44485113812644,target,2802385725.0,8
PEPE,1776571320000,1776571380000,3.76e-06,3.77e-06,17.480526150925503,target,2803612855.0,8
PEPE,1776571920000,1776571980000,3.76e-06,3.77e-06,17.48346855342134,target,2804084772.0,8
PEPE,1776572520000,1776572580000,3.7700000000000003e-06,3.7800000000000002e-06,17.453656319701327,target,2803800212.0,8
PEPE,1776573120000,1776573180000,3.76e-06,3.77e-06,17.48934933683463,target,2805027961.0,8
PEPE,1776574980000,1776575040000,3.75e-06,3.76e-06,17.525077069563828,target,2806257337.0,8
PEPE,1776575520000,1776575580000,3.76e-06,3.77e-06,17.495243132696167,target,2805973237.0,8
PEPE,1776577620000,1776577680000,3.76e-06,3.77e-06,17.498188016720484,target,2806445552.0,8
PEPE,1776578220000,1776578280000,3.75e-06,3.76e-06,17.53393380975119,target,2807675550.0,8
PEPE,1776579720000,1776579780000,3.76e-06,3.77e-06,17.504084792909644,target,2807391306.0,8
PEPE,1776643380000,1776643440000,3.6400000000000003e-06,3.65e-06,17.901941181135232,target,2816985237.0,8
PEPE,1776643920000,1776643980000,3.66e-06,3.67e-06,17.83901471716046,target,2815945496.0,8
PEPE,1776645240000,1776645300000,3.6900000000000002e-06,3.7e-06,17.743179099036258,target,2814144187.0,8
PEPE,1776645960000,1776646020000,3.6800000000000003e-06,3.6900000000000002e-06,17.779157676932122,target,2815385222.0,8
PEPE,1776646920000,1776646980000,3.6900000000000002e-06,3.7e-06,17.74923696195072,target,2815104990.0,8
PEPE,1776648120000,1776648660000,3.6900000000000002e-06,3.7e-06,17.752263853741265,target,2815585068.0,8
PEPE,1776649020000,1776649080000,3.7e-06,3.71e-06,17.722339498349836,target,2815304130.0,8
PEPE,1776649620000,1776649680000,3.71e-06,3.72e-06,17.692416632475425,target,2815022535.0,8
PEPE,1776650220000,1776651300000,3.71e-06,3.66e-06,-156.30252791126998,stop,2815500818.0,8
PEPE,1776652680000,1776652740000,3.6800000000000003e-06,3.6900000000000002e-06,17.767606777816333,target,2813556101.0,8
PEPE,1776653220000,1776653280000,3.6900000000000002e-06,3.7e-06,17.737705495250278,target,2813276050.0,8
PEPE,1776653820000,1776653880000,3.7e-06,3.71e-06,17.707805677889933,target,2812995342.0,8
PEPE,1776655080000,1776655260000,3.6900000000000002e-06,3.7e-06,17.743750256375716,target,2814234775.0,8
PEPE,1776655920000,1776655980000,3.6900000000000002e-06,3.7e-06,17.746776215023463,target,2814714705.0,8
PEPE,1776656760000,1776656820000,3.6900000000000002e-06,3.7e-06,17.749802696991086,target,2815194718.0,8
PEPE,1776657120000,1776657180000,3.6900000000000002e-06,3.7e-06,17.752829689659524,target,2815674812.0,8
PEPE,1776657720000,1776657780000,3.7e-06,3.71e-06,17.72290438017724,target,2815393865.0,8
PEPE,1776658920000,1776659040000,3.7e-06,3.71e-06,17.725921170794525,target,2815873101.0,8
PEPE,1776659520000,1776659580000,3.71e-06,3.72e-06,17.69599225696562,target,2815591449.0,8
PEPE,1776660120000,1776660180000,3.71e-06,3.72e-06,17.698998875265517,target,2816069829.0,8
PEPE,1776660960000,1776661020000,3.7200000000000004e-06,3.7300000000000003e-06,17.66906638680068,target,2815787472.0,8
PEPE,1776661320000,1776661920000,3.7300000000000003e-06,3.6800000000000003e-06,-156.38719517515472,stop,2815504459.0,8
PEPE,1776664020000,1776664080000,3.6900000000000002e-06,3.7e-06,17.744282133566216,target,2814319133.0,8
PEPE,1776665220000,1776665280000,3.7e-06,3.71e-06,17.71437123069564,target,2814038321.0,8
PEPE,1776729720000,1776729780000,3.75e-06,3.76e-06,17.5529405234561,target,2810719059.0,8
PEPE,1776731520000,1776731580000,3.75e-06,3.76e-06,17.555900653456177,target,2811193059.0,8
PEPE,1776732120000,1776732180000,3.75e-06,3.76e-06,17.55886128305557,target,2811667139.0,8
PEPE,1776732720000,1776732780000,3.75e-06,3.76e-06,17.561822418499247,target,2812141300.0,8
PEPE,1776733320000,1776733380000,3.76e-06,3.77e-06,17.531925925938538,target,2811856604.0,8
PEPE,1776733920000,1776733980000,3.76e-06,3.77e-06,17.53487698884965,target,2812329910.0,8
PEPE,1776735180000,1776735240000,3.76e-06,3.77e-06,17.53782854432539,target,2812803295.0,8
PEPE,1776735720000,1776735780000,3.76e-06,3.77e-06,17.540780592365753,target,2813276759.0,8
PEPE,1776736440000,1776736500000,3.75e-06,3.76e-06,17.57661338875086,target,2814509750.0,8
PEPE,1776738720000,1776738780000,3.75e-06,3.76e-06,17.579577515549094,target,2814984390.0,8
PEPE,1776739500000,1776739560000,3.74e-06,3.75e-06,17.61545123986574,target,2816219223.0,8
PEPE,1776739920000,1776739980000,3.74e-06,3.75e-06,17.618427475200676,target,2816695040.0,8
PEPE,1776740520000,1776740580000,3.74e-06,3.75e-06,17.621404210936923,target,2817170937.0,8
PEPE,1776741720000,1776741780000,3.7300000000000003e-06,3.74e-06,17.657325017359813,target,2818407824.0,8
PEPE,1776742320000,1776742380000,3.74e-06,3.75e-06,17.627364763065597,target,2818123863.0,8
PEPE,1776742920000,1776742980000,3.7300000000000003e-06,3.74e-06,17.663297717519914,target,2819361168.0,8
PEPE,1776743520000,1776743580000,3.74e-06,3.75e-06,17.63332732930491,target,2819077111.0,8
PEPE,1776746220000,1776746280000,3.74e-06,3.75e-06,17.636306585804896,target,2819553411.0,8
PEPE,1776747420000,1776747480000,3.76e-06,3.77e-06,17.57339686873176,target,2818507918.0,8
PEPE,1776748620000,1776748680000,3.7800000000000002e-06,3.79e-06,17.510525435040933,target,2817461856.0,8
PEPE,1776749220000,1776749280000,3.7800000000000002e-06,3.79e-06,17.513461854737756,target,2817934329.0,8
PEPE,1776749820000,1776749880000,3.7800000000000002e-06,3.79e-06,17.51639876541612,target,2818406881.0,8
PEPE,1776751200000,1776751260000,3.7700000000000003e-06,3.7800000000000002e-06,17.55225857670041,target,2819639932.0,8
PEPE,1776751620000,1776751680000,3.7700000000000003e-06,3.7800000000000002e-06,17.555207527276256,target,2820113659.0,8
PEPE,1776817320000,1776817380000,3.82e-06,3.83e-06,17.393667023851005,target,2816788182.0,8
PEPE,1776817980000,1776818040000,3.81e-06,3.82e-06,17.429429943416277,target,2818016159.0,8
PEPE,1776818580000,1776818640000,3.81e-06,3.82e-06,17.432336305840707,target,2818486064.0,8
PEPE,1776819120000,1776819180000,3.81e-06,3.82e-06,17.43524314450942,target,2818956046.0,8
PEPE,1776820320000,1776820380000,3.8e-06,3.81e-06,17.47105264169896,target,2820186060.0,8
PEPE,1776821520000,1776821580000,3.79e-06,3.8e-06,17.506896853319432,target,2821417704.0,8
PEPE,1776822720000,1776822780000,3.79e-06,3.8e-06,17.509827145954226,target,2821889951.0,8
PEPE,1776823440000,1776823500000,3.7800000000000002e-06,3.79e-06,17.54571212987923,target,2823123432.0,8
PEPE,1776825120000,1776825180000,3.86e-06,3.87e-06,17.285473334910986,target,2817518066.0,8
PEPE,1776826320000,1776826380000,3.9e-06,3.91e-06,17.157140808434175,target,2814953373.0,8
PEPE,1776827100000,1776827160000,3.9e-06,3.91e-06,17.159953309616448,target,2815414817.0,8
PEPE,1776827520000,1776827580000,3.91e-06,3.92e-06,17.130002668639086,target,2815119584.0,8
PEPE,1776828120000,1776828180000,3.920000000000001e-06,3.9300000000000005e-06,17.100054001799872,target,2814823704.0,8
PEPE,1776832920000,1776832980000,3.88e-06,3.89e-06,17.233978986814925,target,2818312181.0,8
PEPE,1776833520000,1776833580000,3.86e-06,3.87e-06,17.30249781880546,target,2820293043.0,8
PEPE,1776834120000,1776834180000,3.87e-06,3.88e-06,17.27250010412378,target,2820000017.0,8
PEPE,1776834720000,1776835020000,3.88e-06,3.89e-06,17.242504275214884,target,2819706341.0,8
PEPE,1776835320000,1776835380000,3.9e-06,3.91e-06,17.179696800450944,target,2818654110.0,8
PEPE,1776835920000,1776835980000,3.920000000000001e-06,3.9300000000000005e-06,17.11692802507425,target,2817601321.0,8
PEPE,1776836520000,1776836580000,3.91e-06,3.92e-06,17.152512251959358,target,2818818776.0,8
PEPE,1776837120000,1776837180000,3.9e-06,3.91e-06,17.188130653084627,target,2820037843.0,8
PEPE,1776841080000,1776841140000,3.88e-06,3.89e-06,17.256635997410058,target,2822017334.0,8
PEPE,1776841680000,1776841740000,3.88e-06,3.89e-06,17.25947561995776,target,2822481704.0,8
PEPE,1776842220000,1776842280000,3.88e-06,3.89e-06,17.262315707249986,target,2822946150.0,8
PEPE,1776902820000,1776902880000,3.8e-06,3.81e-06,17.52874561735546,target,2829498889.0,8
PEPE,1776904320000,1776904380000,3.7800000000000002e-06,3.79e-06,17.59776014458002,target,2831498012.0,8
PEPE,1776905520000,1776905580000,3.79e-06,3.8e-06,17.56765369409176,target,2831209298.0,8
PEPE,1776906720000,1776906780000,3.79e-06,3.8e-06,17.570594156719356,target,2831683184.0,8
PEPE,1776907920000,1776907980000,3.7800000000000002e-06,3.79e-06,17.606603679389373,target,2832920946.0,8
PEPE,1776909120000,1776909180000,3.8e-06,3.81e-06,17.543425815930973,target,2831868574.0,8
PEPE,1776909720000,1776909780000,3.79e-06,3.8e-06,17.57941850439525,target,2833105319.0,8
PEPE,1776910500000,1776910560000,3.7800000000000002e-06,3.79e-06,17.61544611414635,target,2834343703.0,8
PEPE,1776914820000,1776914880000,3.75e-06,3.76e-06,17.717779465470244,target,2837114406.0,8
PEPE,1776915420000,1776915480000,3.74e-06,3.75e-06,17.753935213486898,target,2838358947.0,8
PEPE,1776916920000,1776916980000,3.74e-06,3.75e-06,17.756934842520387,target,2838838504.0,8
PEPE,1776917520000,1776917580000,3.75e-06,3.76e-06,17.726755959775794,target,2838551795.0,8
PEPE,1776918120000,1776918180000,3.76e-06,3.77e-06,17.69657869610896,target,2838264426.0,8
PEPE,1776919320000,1776919380000,3.76e-06,3.77e-06,17.699557467360254,target,2838742176.0,8
PEPE,1776920520000,1776920580000,3.76e-06,3.77e-06,17.702536743645197,target,2839220007.0,8
PEPE,1776921120000,1776921180000,3.7700000000000003e-06,3.7800000000000002e-06,17.672350965450406,target,2838931882.0,8
PEPE,1776921720000,1776921780000,3.7700000000000003e-06,3.7800000000000002e-06,17.675320085025035,target,2839408849.0,8
PEPE,1776922920000,1776922980000,3.76e-06,3.77e-06,17.7114664108857,target,2840652191.0,8
PEPE,1776925320000,1776925380000,3.81e-06,3.82e-06,17.548715084229585,target,2837302358.0,8
PEPE,1776925920000,1776925980000,3.82e-06,3.83e-06,17.518542875599685,target,2837010992.0,8
PEPE,1776926640000,1776926700000,3.8e-06,3.81e-06,17.58768437034071,target,2839012812.0,8
PEPE,1776928020000,1776928080000,3.81e-06,3.82e-06,17.55749529785973,target,2838721956.0,8
PEPE,1776928620000,1776928680000,3.8e-06,3.81e-06,17.593555886026042,target,2839960595.0,8
PEPE,1776930720000,1776930780000,3.8e-06,3.81e-06,17.596495147140192,target,2840435052.0,8
PEPE,1776988920000,1776988980000,3.82e-06,3.83e-06,16.643554687501457,target,2695312500.0,9
PEPE,1776989520000,1776989580000,3.830000000000001e-06,3.8400000000000005e-06,16.614891157231142,target,2695035062.0,9
PEPE,1776990180000,1776990240000,3.830000000000001e-06,3.8400000000000005e-06,16.617651246225535,target,2695482765.0,9
PEPE,1776990720000,1776990780000,3.8400000000000005e-06,3.85e-06,16.588984669990612,target,2695204658.0,9
PEPE,1776991980000,1776992040000,3.85e-06,3.86e-06,16.560319839849537,target,2694925930.0,9
PEPE,1776992760000,1776992820000,3.85e-06,3.86e-06,16.56306046069094,target,2695371922.0,9
PEPE,1776994320000,1776994680000,3.8400000000000005e-06,3.85e-06,16.597227341355815,target,2696543841.0,9
PEPE,1776996480000,1776996540000,3.85e-06,3.86e-06,16.568548259085322,target,2696264973.0,9
PEPE,1776997020000,1776997080000,3.85e-06,3.86e-06,16.571290244113943,target,2696711187.0,9
PEPE,1776997620000,1776997680000,3.85e-06,3.86e-06,16.574032677730024,target,2697157474.0,9
PEPE,1777000020000,1777000080000,3.830000000000001e-06,3.8400000000000005e-06,16.639685751511493,target,2699056894.0,9
PEPE,1777003620000,1777003680000,3.81e-06,3.82e-06,16.70543841641854,target,2700960132.0,9
PEPE,1777004880000,1777004940000,3.81e-06,3.82e-06,16.708224047644624,target,2701410517.0,9
PEPE,1777005600000,1777005660000,3.8e-06,3.81e-06,16.742540354190606,target,2702589242.0,9
PEPE,1777006620000,1777006680000,3.82e-06,3.83e-06,16.682283478573687,target,2701584369.0,9
PEPE,1777007820000,1777007880000,3.8e-06,3.81e-06,16.748124459046128,target,2703490631.0,9
PEPE,1777008720000,1777008780000,3.81e-06,3.82e-06,16.71937648091476,target,2703213659.0,9
PEPE,1777009920000,1777009980000,3.82e-06,3.83e-06,16.69063018285053,target,2702936062.0,9
PEPE,1777011960000,1777012020000,3.8400000000000005e-06,3.85e-06,16.630380048629583,target,2701930146.0,9
PEPE,1777012320000,1777012380000,3.830000000000001e-06,3.8400000000000005e-06,16.664648243398812,target,2703105960.0,9
PEPE,1777012920000,1777012980000,3.8400000000000005e-06,3.85e-06,16.63590060353933,target,2702827068.0,9
PEPE,1777013520000,1777013580000,3.8400000000000005e-06,3.85e-06,16.63865895448025,target,2703275216.0,9
PEPE,1777014120000,1777014180000,3.830000000000001e-06,3.8400000000000005e-06,16.672944212641166,target,2704451616.0,9
PEPE,1777014780000,1777014840000,3.8400000000000005e-06,3.85e-06,16.644182254519855,target,2704172584.0,9
PEPE,1777075920000,1777075980000,3.85e-06,3.86e-06,16.615422042559846,target,2703892928.0,9
PEPE,1777076820000,1777076880000,3.85e-06,3.86e-06,16.61817178258006,target,2704340404.0,9
PEPE,1777077420000,1777077480000,3.85e-06,3.86e-06,16.62092197732995,target,2704787954.0,9
PEPE,1777079400000,1777079460000,3.87e-06,3.88e-06,16.560652353000993,target,2703779976.0,9
PEPE,1777081620000,1777081740000,3.88e-06,3.89e-06,16.531892740459256,target,2703498404.0,9
PEPE,1777083720000,1777083780000,3.87e-06,3.88e-06,16.566108184498855,target,2704670724.0,9
PEPE,1777084320000,1777084380000,3.88e-06,3.89e-06,16.537339095787186,target,2704389059.0,9
PEPE,1777084980000,1777085040000,3.87e-06,3.88e-06,16.571565810624744,target,2705561765.0,9
PEPE,1777086960000,1777087020000,3.87e-06,3.88e-06,16.57429789749923,target,2706007820.0,9
PEPE,1777087920000,1777087980000,3.87e-06,3.88e-06,16.577030431499935,target,2706453948.0,9
PEPE,1777088520000,1777088640000,3.88e-06,3.89e-06,16.548242373155468,target,2706172097.0,9
PEPE,1777089720000,1777089780000,3.88e-06,3.89e-06,16.550965425458845,target,2706617404.0,9
PEPE,1777090320000,1777090380000,3.89e-06,3.9e-06,16.52217446071489,target,2706334883.0,9
PEPE,1777091520000,1777091580000,3.88e-06,3.89e-06,16.556407689850644,target,2707507390.0,9
PEPE,1777092420000,1777092480000,3.87e-06,3.88e-06,16.590673869001737,target,2708681448.0,9
PEPE,1777093020000,1777093080000,3.87e-06,3.88e-06,16.593409104125534,target,2709128017.0,9
PEPE,1777094520000,1777094580000,3.86e-06,3.87e-06,16.627713960241678,target,2710303824.0,9
PEPE,1777095120000,1777095180000,3.86e-06,3.87e-06,16.63046051998498,target,2710751511.0,9
PEPE,1777096320000,1777096380000,3.88e-06,3.89e-06,16.570065316096294,target,2709740853.0,9
PEPE,1777096920000,1777096980000,3.88e-06,3.89e-06,16.572791957904364,target,2710186747.0,9
PEPE,1777098120000,1777098180000,3.87e-06,3.88e-06,16.607092053999555,target,2711361968.0,9
PEPE,1777098720000,1777098780000,3.87e-06,3.88e-06,16.609829996376845,target,2711808979.0,9
PEPE,1777100160000,1777100220000,3.86e-06,3.87e-06,16.64416879711596,target,2712985949.0,9
PEPE,1777101120000,1777101240000,3.86e-06,3.87e-06,16.6469180746664,target,2713434079.0,9
PEPE,1777162920000,1777162980000,3.8400000000000005e-06,3.85e-06,16.712940571979793,target,2715343716.0,9
PEPE,1777163520000,1777163580000,3.830000000000001e-06,3.8400000000000005e-06,16.74737889371911,target,2716525368.0,9
PEPE,1777164120000,1777164180000,3.830000000000001e-06,3.8400000000000005e-06,16.75016098560164,target,2716976640.0,9
PEPE,1777164960000,1777165200000,3.830000000000001e-06,3.8400000000000005e-06,16.752943546020436,target,2717427988.0,9
PEPE,1777166820000,1777166880000,3.82e-06,3.83e-06,16.78742661764891,target,2718611598.0,9
PEPE,1777167420000,1777167480000,3.830000000000001e-06,3.8400000000000005e-06,16.758515312729706,target,2718331762.0,9
PEPE,1777168020000,1777168080000,3.82e-06,3.83e-06,16.793009855048723,target,2719515766.0,9
PEPE,1777168620000,1777168980000,3.82e-06,3.83e-06,16.795804808251525,target,2719968390.0,9
PEPE,1777170420000,1777170480000,3.8400000000000005e-06,3.85e-06,16.7351750109236,target,2718956135.0,9
PEPE,1777171020000,1777171080000,3.830000000000001e-06,3.8400000000000005e-06,16.769659148234474,target,2720139359.0,9
PEPE,1777171620000,1777171680000,3.82e-06,3.83e-06,16.80417662007615,target,2721324149.0,9
PEPE,1777173120000,1777173180000,3.830000000000001e-06,3.8400000000000005e-06,16.77523647577496,target,2721044035.0,9
PEPE,1777173720000,1777173780000,3.85e-06,3.86e-06,16.714589997254578,target,2720030919.0,9
PEPE,1777174320000,1777174380000,3.830000000000001e-06,3.8400000000000005e-06,16.780799845757397,target,2721946447.0,9
PEPE,1777174920000,1777174980000,3.82e-06,3.83e-06,16.815340254375492,target,2723132025.0,9
PEPE,1777177320000,1777177380000,3.830000000000001e-06,3.8400000000000005e-06,16.786380878458857,target,2722851724.0,9
PEPE,1777179120000,1777179180000,3.85e-06,3.86e-06,16.725694110574693,target,2721837935.0,9
PEPE,1777181580000,1777181640000,3.87e-06,3.88e-06,16.665044574501138,target,2720823604.0,9
PEPE,1777182720000,1777182780000,3.86e-06,3.87e-06,16.699497527746786,target,2722004487.0,9
PEPE,1777183920000,1777183980000,3.88e-06,3.89e-06,16.63885160579556,target,2720989633.0,9
PEPE,1777184520000,1777184580000,3.88e-06,3.89e-06,16.641589572584962,target,2721437379.0,9
PEPE,1777185120000,1777185180000,3.88e-06,3.89e-06,16.64432798576998,target,2721885198.0,9
PEPE,1777185720000,1777185780000,3.89e-06,3.9e-06,16.615374617820528,target,2721601084.0,9
PEPE,1777186320000,1777186380000,3.89e-06,3.9e-06,16.618103510085234,target,2722048077.0,9
PEPE,1777249320000,1777249380000,3.89e-06,3.9e-06,16.620832854118955,target,2722495144.0,9
PEPE,1777249920000,1777249980000,3.88e-06,3.89e-06,16.65527049086515,target,2723674651.0,9
PEPE,1777250520000,1777250580000,3.9e-06,3.91e-06,16.59460207032131,target,2722658256.0,9
PEPE,1777251720000,1777251780000,3.95e-06,3.96e-06,16.439071604866406,target,2719449397.0,9
PEPE,1777252920000,1777252980000,3.9300000000000005e-06,3.94e-06,16.50500026816096,target,2721352064.0,9
PEPE,1777254120000,1777254180000,3.95e-06,3.96e-06,16.44442050497984,target,2720334244.0,9
PEPE,1777254720000,1777254780000,3.96e-06,3.97e-06,16.41547587191965,target,2720045712.0,9
PEPE,1777255320000,1777255380000,3.97e-06,3.98e-06,16.38653326195122,target,2719756558.0,9
PEPE,1777256760000,1777256820000,3.95e-06,3.96e-06,16.452416305066514,target,2721656957.0,9
PEPE,1777257120000,1777257180000,3.97e-06,3.98e-06,16.391844600700782,target,2720638108.0,9
PEPE,1777258320000,1777258380000,3.98e-06,3.99e-06,16.36289465157179,target,2720348238.0,9
PEPE,1777258920000,1777258980000,3.99e-06,4e-06,16.333946770735444,target,2720057747.0,9
PEPE,1777259520000,1777259580000,4e-06,4.01e-06,16.305000982819884,target,2719766636.0,9
PEPE,1777260120000,1777260180000,4e-06,4.01e-06,16.30762289007523,target,2720203985.0,9
PEPE,1777260720000,1777260780000,4.0100000000000006e-06,4.0200000000000005e-06,16.278674558895183,target,2719912207.0,9
PEPE,1777270920000,1777270980000,3.85e-06,3.86e-06,16.78853884736913,target,2732064906.0,9
PEPE,1777273620000,1777273680000,3.82e-06,3.83e-06,16.88692956730077,target,2734725436.0,9
PEPE,1777275120000,1777275180000,3.82e-06,3.83e-06,16.889740149425954,target,2735180591.0,9
PEPE,1777276920000,1777276980000,3.81e-06,3.82e-06,16.924466955521012,target,2736372992.0,9
PEPE,1777277520000,1777277580000,3.830000000000001e-06,3.8400000000000005e-06,16.86346416067454,target,2735355095.0,9
PEPE,1777278120000,1777278180000,3.82e-06,3.83e-06,16.898174717775575,target,2736546513.0,9
PEPE,1777278720000,1777278780000,3.82e-06,3.83e-06,16.900987177101072,target,2737001972.0,9
PEPE,1777279380000,1777279440000,3.82e-06,3.83e-06,16.90380009955124,target,2737457506.0,9
PEPE,1777279920000,1777279980000,3.830000000000001e-06,3.8400000000000005e-06,16.874688381614778,target,2737175731.0,9
PEPE,1777334520000,1777334580000,3.9e-06,3.91e-06,16.654459377006074,target,2732478979.0,9
PEPE,1777335120000,1777335180000,3.9e-06,3.91e-06,16.657189473785195,target,2732926903.0,9
PEPE,1777335720000,1777335780000,3.88e-06,3.89e-06,16.723578691519613,target,2734845248.0,9
PEPE,1777337820000,1777337880000,3.9e-06,3.91e-06,16.662661448979502,target,2733824684.0,9
PEPE,1777338420000,1777338480000,3.9e-06,3.91e-06,16.66539289275435,target,2734272829.0,9
PEPE,1777339020000,1777339080000,3.89e-06,3.9e-06,16.69996123042509,target,2735456385.0,9
PEPE,1777339860000,1777339920000,3.89e-06,3.9e-06,16.702704017669664,target,2735905654.0,9
PEPE,1777340520000,1777340580000,3.88e-06,3.89e-06,16.737311293780525,target,2737090972.0,9
PEPE,1777341420000,1777341480000,3.88e-06,3.89e-06,16.740065459206967,target,2737541367.0,9
PEPE,1777342020000,1777342140000,3.88e-06,3.89e-06,16.742820077141687,target,2737991836.0,9
PEPE,1777342620000,1777342680000,3.87e-06,3.88e-06,16.777472067125473,target,2739179113.0,9
PEPE,1777345020000,1777345080000,3.86e-06,3.87e-06,16.812157453003756,target,2740367963.0,9
PEPE,1777345620000,1777345680000,3.87e-06,3.88e-06,16.783009851124636,target,2740083241.0,9
PEPE,1777346280000,1777346340000,3.86e-06,3.87e-06,16.817706683204495,target,2741272483.0,9
PEPE,1777347120000,1777347180000,3.85e-06,3.86e-06,16.85243697850141,target,2742463300.0,9
PEPE,1777349220000,1777349280000,3.86e-06,3.87e-06,16.823268299968213,target,2742179022.0,9
PEPE,1777349820000,1777349880000,3.88e-06,3.89e-06,16.762172896405875,target,2741156647.0,9
PEPE,1777350420000,1777350480000,3.86e-06,3.87e-06,16.828815922799908,target,2743083280.0,9
PEPE,1777351020000,1777351140000,3.86e-06,3.87e-06,16.831595697434338,target,2743536381.0,9
PEPE,1777352520000,1777352580000,3.87e-06,3.88e-06,16.80241439624942,target,2743251330.0,9
PEPE,1777353120000,1777353180000,3.88e-06,3.89e-06,16.773234931405348,target,2742965647.0,9
PEPE,1777353720000,1777353780000,3.88e-06,3.89e-06,16.77599500392096,target,2743417008.0,9
PEPE,1777354320000,1777354380000,3.89e-06,3.9e-06,16.746812593829265,target,2743130646.0,9
PEPE,1777354920000,1777354980000,3.88e-06,3.89e-06,16.781511259812255,target,2744319094.0,9
PEPE,1777421520000,1777421580000,3.87e-06,3.88e-06,16.816243335501387,target,2745509116.0,9
PEPE,1777422120000,1777422180000,3.87e-06,3.88e-06,16.819015755501237,target,2745961756.0,9
PEPE,1777423920000,1777424100000,3.89e-06,3.9e-06,16.757843486339965,target,2744937508.0,9
PEPE,1777426320000,1777426380000,3.86e-06,3.87e-06,16.85655507989983,target,2747604740.0,9
PEPE,1777427520000,1777427580000,3.88e-06,3.89e-06,16.79533879133035,target,2746580342.0,9
PEPE,1777428120000,1777428180000,3.88e-06,3.89e-06,16.798102502270176,target,2747032298.0,9
PEPE,1777428720000,1777428780000,3.88e-06,3.89e-06,16.80086667183458,target,2747484329.0,9
PEPE,1777429500000,1777429560000,3.87e-06,3.88e-06,16.83563880337475,target,2748675723.0,9
PEPE,1777430280000,1777430340000,3.87e-06,3.88e-06,16.838414426750212,target,2749128886.0,9
PEPE,1777432380000,1777432440000,3.87e-06,3.88e-06,16.841190503376847,target,2749582123.0,9
PEPE,1777434720000,1777434780000,3.9e-06,3.91e-06,16.74794866817519,target,2747817665.0,9
PEPE,1777435380000,1777435440000,3.9e-06,3.91e-06,16.750694087784666,target,2748268103.0,9
PEPE,1777435920000,1777435980000,3.9e-06,3.91e-06,16.75343996452112,target,2748718616.0,9
PEPE,1777436520000,1777436580000,3.9e-06,3.91e-06,16.75618628619195,target,2749169202.0,9
PEPE,1777437720000,1777437780000,3.9300000000000005e-06,3.94e-06,16.663006557910848,target,2747404214.0,9
PEPE,1777438320000,1777438380000,3.94e-06,3.95e-06,16.633776063204408,target,2747114131.0,9
PEPE,1777438920000,1777440780000,3.94e-06,3.92e-06,-71.13435475602334,time,2747561018.0,9
PEPE,1777442220000,1777442280000,3.920000000000001e-06,3.9300000000000005e-06,16.68878599094978,target,2747125266.0,9
PEPE,1777443420000,1777443480000,3.91e-06,3.92e-06,16.723480156866334,target,2748312269.0,9
PEPE,1777444620000,1777444680000,3.9e-06,3.91e-06,16.758207638085963,target,2749500843.0,9
PEPE,1777445220000,1777445280000,3.9e-06,3.91e-06,16.760954746011187,target,2749951558.0,9
PEPE,1777447020000,1777447080000,3.89e-06,3.9e-06,16.79572130560617,target,2751141901.0,9
PEPE,1777447620000,1777447680000,3.9e-06,3.91e-06,16.766455556651753,target,2750854070.0,9
PEPE,1777448220000,1777448280000,3.94e-06,3.95e-06,16.641257990560455,target,2748349792.0,9
PEPE,1777507320000,1777507380000,3.85e-06,3.86e-06,16.93227801717044,target,2755456146.0,9
PEPE,1777507920000,1777507980000,3.85e-06,3.86e-06,16.935080192476516,target,2755912155.0,9
PEPE,1777508520000,1777508580000,3.85e-06,3.86e-06,16.937882834800348,target,2756368240.0,9
PEPE,1777509720000,1777509780000,3.89e-06,3.9e-06,16.812310879980533,target,2753859276.0,9
PEPE,1777510320000,1777510380000,3.9e-06,3.91e-06,16.78301622629541,target,2753571161.0,9
PEPE,1777510920000,1777510980000,3.920000000000001e-06,3.9300000000000005e-06,16.72169678707534,target,2752542681.0,9
PEPE,1777511520000,1777511580000,3.9e-06,3.91e-06,16.78850852221984,target,2754472276.0,9
PEPE,1777512120000,1777512180000,3.9e-06,3.91e-06,16.791260591476128,target,2754923805.0,9
PEPE,1777513020000,1777513080000,3.91e-06,3.92e-06,16.76195346386099,target,2754634916.0,9
PEPE,1777514220000,1777514580000,3.920000000000001e-06,3.9300000000000005e-06,16.732648268549415,target,2754345394.0,9
PEPE,1777515360000,1777515420000,3.9e-06,3.91e-06,16.799503755939565,target,2756276252.0,9
PEPE,1777519920000,1777519980000,3.85e-06,3.86e-06,16.9628936238792,target,2760438344.0,9
PEPE,1777520520000,1777520580000,3.86e-06,3.87e-06,16.933533765404732,target,2760152203.0,9
PEPE,1777521120000,1777521240000,3.86e-06,3.87e-06,16.93633083460667,target,2760608123.0,9
PEPE,1777521720000,1777521780000,3.8400000000000005e-06,3.85e-06,17.003501158798823,target,2762550960.0,9
PEPE,1777525920000,1777525980000,3.830000000000001e-06,3.8400000000000005e-06,17.038538200576042,target,2763753155.0,9
PEPE,1777526520000,1777526580000,3.82e-06,3.83e-06,17.073609116851607,target,2764956942.0,9
PEPE,1777527720000,1777527780000,3.8400000000000005e-06,3.85e-06,17.01197649532061,target,2763927944.0,9
PEPE,1777528380000,1777528440000,3.830000000000001e-06,3.8400000000000005e-06,17.047031005936038,target,2765130739.0,9
PEPE,1777529820000,1777529880000,3.830000000000001e-06,3.8400000000000005e-06,17.049862880190233,target,2765590086.0,9
PEPE,1777530420000,1777530480000,3.830000000000001e-06,3.8400000000000005e-06,17.052695222986152,target,2766049509.0,9
PEPE,1777531020000,1777531080000,3.85e-06,3.86e-06,16.991045669367246,target,2765019637.0,9
PEPE,1777532820000,1777532880000,3.88e-06,3.89e-06,16.897248097575847,target,2763245805.0,9
PEPE,1777533420000,1777533480000,3.89e-06,3.9e-06,16.867854768270305,target,2762957374.0,9
PEPE,1777595700000,1777595760000,3.88e-06,3.89e-06,16.902804229378557,target,2764154412.0,9
PEPE,1777597320000,1777597380000,3.88e-06,3.89e-06,16.905585624898983,target,2764609260.0,9
PEPE,1777597920000,1777597980000,3.9e-06,3.91e-06,16.844005404954267,target,2763577589.0,9
PEPE,1777598520000,1777598580000,3.91e-06,3.92e-06,16.81460621432221,target,2763287792.0,9
PEPE,1777599120000,1777599180000,3.9e-06,3.91e-06,16.84952292808501,target,2764482843.0,9
PEPE,1777599720000,1777599780000,3.91e-06,3.92e-06,16.820114106833838,target,2764192951.0,9
PEPE,1777600380000,1777600440000,3.91e-06,3.92e-06,16.822866096766358,target,2764645209.0,9
PEPE,1777600920000,1777601340000,3.920000000000001e-06,3.9300000000000005e-06,16.793454407626268,target,2764354635.0,9
PEPE,1777602060000,1777602120000,3.9e-06,3.91e-06,16.860552848450805,target,2766292510.0,9
PEPE,1777604220000,1777604280000,3.9300000000000005e-06,3.94e-06,16.766792742319147,target,2764516528.0,9
PEPE,1777604820000,1777604880000,3.920000000000001e-06,3.9300000000000005e-06,16.80168814065137,target,2765709982.0,9
PEPE,1777605420000,1777605480000,3.9300000000000005e-06,3.94e-06,16.772263990950357,target,2765418630.0,9
PEPE,1777606020000,1777606080000,3.96e-06,3.97e-06,16.678581956419617,target,2763642412.0,9
PEPE,1777606620000,1777606680000,3.97e-06,3.98e-06,16.649175453574763,target,2763348623.0,9
PEPE,1777608960000,1777609020000,3.95e-06,3.96e-06,16.716114462647493,target,2765279481.0,9
PEPE,1777609500000,1777609560000,3.95e-06,3.96e-06,16.718828540701,target,2765728460.0,9
PEPE,1777610520000,1777610580000,3.94e-06,3.95e-06,16.753702477050034,target,2766920310.0,9
PEPE,1777612920000,1777612980000,3.96e-06,3.97e-06,16.69211586636991,target,2765884982.0,9
PEPE,1777615140000,1777615200000,3.94e-06,3.95e-06,16.759143282070433,target,2767818874.0,9
PEPE,1777615620000,1777615680000,3.94e-06,3.95e-06,16.76186958214998,target,2768269130.0,9
PEPE,1777616940000,1777617000000,3.9300000000000005e-06,3.94e-06,16.7967939380341,target,2769463139.0,9
PEPE,1777617420000,1777617480000,3.9300000000000005e-06,3.94e-06,16.799531606256146,target,2769914527.0,9
PEPE,1777618920000,1777618980000,3.920000000000001e-06,3.9300000000000005e-06,16.83449513932723,target,2771110311.0,9
PEPE,1777619580000,1777619640000,3.920000000000001e-06,3.9300000000000005e-06,16.837244216551138,target,2771562834.0,9
PEPE,1777680120000,1777680180000,3.9300000000000005e-06,3.94e-06,16.80775780229051,target,2771270866.0,9
PEPE,1777683120000,1777683180000,3.9300000000000005e-06,3.94e-06,16.810497259685633,target,2771722549.0,9
PEPE,1777683720000,1777683780000,3.9300000000000005e-06,3.94e-06,16.813237165890936,target,2772174306.0,9
PEPE,1777684440000,1777684500000,3.94e-06,3.95e-06,16.783743130386572,target,2771881607.0,9
PEPE,1777684920000,1777684980000,3.9300000000000005e-06,3.94e-06,16.818713060310294,target,2773077174.0,9
PEPE,1777685760000,1777685820000,3.9300000000000005e-06,3.94e-06,16.821454306880305,target,2773529152.0,9
PEPE,1777686120000,1777686180000,3.9300000000000005e-06,3.94e-06,16.82419599619466,target,2773981203.0,9
PEPE,1777686720000,1777686780000,3.94e-06,3.95e-06,16.79468273521643,target,2773688313.0,9
PEPE,1777687320000,1777687380000,3.9300000000000005e-06,3.94e-06,16.829675456835766,target,2774884659.0,9
PEPE,1777688520000,1777688580000,3.9300000000000005e-06,3.94e-06,16.83241849258067,target,2775336932.0,9
PEPE,1777689120000,1777689180000,3.920000000000001e-06,3.9300000000000005e-06,16.867450465199557,target,2776535056.0,9
PEPE,1777689840000,1777689900000,3.9300000000000005e-06,3.94e-06,16.837911156725305,target,2776242565.0,9
PEPE,1777690320000,1777690380000,3.9300000000000005e-06,3.94e-06,16.840655526769076,target,2776695058.0,9
PEPE,1777690920000,1777692300000,3.9300000000000005e-06,3.94e-06,16.843400345623035,target,2777147625.0,9
PEPE,1777692720000,1777692780000,3.920000000000001e-06,3.9300000000000005e-06,16.878455181899657,target,2778346532.0,9
PEPE,1777693320000,1777693380000,3.920000000000001e-06,3.9300000000000005e-06,16.881211439774702,target,2778800237.0,9
PEPE,1777693920000,1777693980000,3.920000000000001e-06,3.9300000000000005e-06,16.88396814112471,target,2779254015.0,9
PEPE,1777694520000,1777694580000,3.9300000000000005e-06,3.94e-06,16.854399902404253,target,2778961237.0,9
PEPE,1777695120000,1777695180000,3.91e-06,3.92e-06,16.921825672885575,target,2780908081.0,9
PEPE,1777696620000,1777696680000,3.91e-06,3.92e-06,16.924594305290377,target,2781363074.0,9
PEPE,1777697220000,1777697280000,3.9e-06,3.91e-06,16.959739416489505,target,2782565942.0,9
PEPE,1777697820000,1777697880000,3.91e-06,3.92e-06,16.930138227089625,target,2782274154.0,9
PEPE,1777698600000,1777698660000,3.9e-06,3.91e-06,16.965294850520337,target,2783477416.0,9
PEPE,1777699260000,1777699320000,3.89e-06,3.9e-06,17.000485258350302,target,2784682270.0,9
PEPE,1777766700000,1777766760000,3.98e-06,3.99e-06,16.712171295645604,target,2778415843.0,9
PEPE,1777770720000,1777770780000,3.94e-06,3.95e-06,16.844096736460337,target,2781849172.0,9
PEPE,1777771620000,1777771680000,3.94e-06,3.95e-06,16.84683685405042,target,2782301710.0,9
PEPE,1777774020000,1777774080000,3.920000000000001e-06,3.9300000000000005e-06,16.914316453651672,target,2784249622.0,9
PEPE,1777774920000,1777775580000,3.920000000000001e-06,3.9300000000000005e-06,16.917078567825634,target,2784704291.0,9
PEPE,1777776300000,1777776360000,3.91e-06,3.92e-06,16.952247326135414,target,2785907531.0,9
PEPE,1777776720000,1777776780000,3.920000000000001e-06,3.9300000000000005e-06,16.922609436150832,target,2785614722.0,9
PEPE,1777777440000,1777777500000,3.91e-06,3.92e-06,16.957789696260335,target,2786818356.0,9
PEPE,1777777920000,1777777980000,3.920000000000001e-06,3.9300000000000005e-06,16.92814211482637,target,2786525451.0,9
PEPE,1777778520000,1777778580000,3.9300000000000005e-06,3.94e-06,16.89849651595609,target,2786231907.0,9
PEPE,1777779120000,1777779180000,3.9300000000000005e-06,3.94e-06,16.90125076588608,target,2786686029.0,9
PEPE,1777779720000,1777779780000,3.94e-06,3.95e-06,16.871602336890525,target,2786391798.0,9
PEPE,1777780920000,1777780980000,3.94e-06,3.95e-06,16.87434692912541,target,2786845075.0,9
PEPE,1777781520000,1777781580000,3.94e-06,3.95e-06,16.8770919694294,target,2787298426.0,9
PEPE,1777782720000,1777782780000,3.94e-06,3.95e-06,16.879837451750753,target,2787751850.0,9
PEPE,1777783320000,1777783380000,3.94e-06,3.95e-06,16.88258338819478,target,2788205349.0,9
PEPE,1777783920000,1777783980000,3.9300000000000005e-06,3.94e-06,16.917759253139938,target,2789407956.0,9
PEPE,1777784520000,1777784580000,3.94e-06,3.95e-06,16.888081867089046,target,2789113438.0,9
PEPE,1777785120000,1777785180000,3.94e-06,3.95e-06,16.890829141692294,target,2789567158.0,9
PEPE,1777785720000,1777785780000,3.94e-06,3.95e-06,16.89357685830563,target,2790020951.0,9
PEPE,1777786320000,1777786380000,3.94e-06,3.95e-06,16.896325029045272,target,2790474819.0,9
PEPE,1777786920000,1777786980000,3.9300000000000005e-06,3.94e-06,16.931529526326347,target,2791678405.0,9
PEPE,1777787820000,1777787880000,3.9300000000000005e-06,3.94e-06,16.934289155910864,target,2792133414.0,9
PEPE,1777788420000,1777788480000,3.920000000000001e-06,3.9300000000000005e-06,16.969533149248875,target,2793338790.0,9
PEPE,1777855920000,1777855980000,3.9300000000000005e-06,3.94e-06,16.93981506232182,target,2793044528.0,9
PEPE,1777856520000,1777856580000,3.95e-06,3.96e-06,16.877639365274085,target,2791999895.0,9
PEPE,1777857120000,1777857300000,3.95e-06,3.96e-06,16.880379666540176,target,2792453212.0,9
PEPE,1777857720000,1777857780000,3.94e-06,3.95e-06,16.915590579790567,target,2793656578.0,9
PEPE,1777858920000,1777858980000,3.99e-06,4e-06,16.756139278880013,target,2790364576.0,9
PEPE,1777860120000,1777860180000,4.03e-06,4.04e-06,16.6293685017304,target,2787823722.0,9
PEPE,1777861440000,1777861500000,4.05e-06,4.06e-06,16.56738548992608,target,2786776365.0,9
PEPE,1777861920000,1777861980000,4.06e-06,4.07e-06,16.537723866590703,target,2786474114.0,9
PEPE,1777863720000,1777863780000,4.07e-06,4.08e-06,16.50806454367555,target,2786171231.0,9
PEPE,1777864320000,1777864380000,4.07e-06,4.08e-06,16.510683198150076,target,2786613198.0,9
PEPE,1777864980000,1777865040000,4.07e-06,4.08e-06,16.513302267374712,target,2787055235.0,9
PEPE,1777865820000,1777865880000,4.06e-06,4.07e-06,16.548224941035194,target,2788243461.0,9
PEPE,1777867020000,1777867080000,4.08e-06,4.09e-06,16.4862557514191,target,2787194548.0,9
PEPE,1777867620000,1777867680000,4.09e-06,4.1e-06,16.456586967587,target,2786890257.0,9
PEPE,1777868220000,1777868280000,4.09e-06,4.1e-06,16.45918725205162,target,2787330610.0,9
PEPE,1777869000000,1777869060000,4.09e-06,4.1e-06,16.46178794986604,target,2787771033.0,9
PEPE,1777869480000,1777869540000,4.1000000000000006e-06,4.1100000000000005e-06,16.43211215842711,target,2787466015.0,9
PEPE,1777870020000,1777870080000,4.12e-06,4.13e-06,16.370191262252533,target,2786415534.0,9
PEPE,1777870620000,1777870680000,4.09e-06,4.1e-06,16.4695721157298,target,2789089266.0,9
PEPE,1777877820000,1777877880000,4.03e-06,4.04e-06,16.66629076609927,target,2794013540.0,9
PEPE,1777878420000,1777878480000,4.03e-06,4.04e-06,16.66895522422901,target,2794460222.0,9
PEPE,1777879140000,1777879200000,4.03e-06,4.04e-06,16.671620105876205,target,2794906975.0,9
PEPE,1777879620000,1777879680000,4.04e-06,4.05e-06,16.641873834990186,target,2794605178.0,9
PEPE,1777880220000,1777880280000,4.03e-06,4.04e-06,16.676945968056252,target,2795799827.0,9
PEPE,1777939320000,1777939380000,3.98e-06,3.99e-06,16.841982706874685,target,2799997125.0,9
PEPE,1777939920000,1777939980000,3.99e-06,4e-06,16.81218726464528,target,2799698129.0,9
PEPE,1777940520000,1777940580000,3.99e-06,4e-06,16.814895970020284,target,2800149204.0,9
PEPE,1777941780000,1777941840000,3.99e-06,4e-06,16.817605113761392,target,2800600352.0,9
PEPE,1777942980000,1777943040000,3.99e-06,4e-06,16.820314689860048,target,2801051572.0,9
PEPE,1777944720000,1777944780000,4e-06,4.01e-06,16.7905069930394,target,2800751792.0,9
PEPE,1777947120000,1777947180000,4.03e-06,4.04e-06,16.69574270306964,target,2798950998.0,9
PEPE,1777948920000,1777948980000,4.03e-06,4.04e-06,16.698411867585197,target,2799398469.0,9
PEPE,1777949580000,1777949700000,4.0200000000000005e-06,4.03e-06,16.733562522050022,target,2800596238.0,9
PEPE,1777950120000,1777950180000,4.0200000000000005e-06,4.03e-06,16.73624293692682,target,2801044843.0,9
PEPE,1777950720000,1777950780000,4.0200000000000005e-06,4.03e-06,16.738923776023505,target,2801493519.0,9
PEPE,1777951320000,1777951380000,4.03e-06,4.04e-06,16.709108377165528,target,2801191681.0,9
PEPE,1777951920000,1777951980000,4.04e-06,4.05e-06,16.679295215775937,target,2800889205.0,9
PEPE,1777952520000,1777952580000,4.04e-06,4.05e-06,16.681956564825924,target,2801336115.0,9
PEPE,1777953180000,1777953240000,4.04e-06,4.05e-06,16.684618342636295,target,2801783097.0,9
PEPE,1777954020000,1777954080000,4.03e-06,4.04e-06,16.7197805555102,target,2802980814.0,9
PEPE,1777954620000,1777954680000,4.0200000000000005e-06,4.03e-06,16.754976193100713,target,2804180116.0,9
PEPE,1777955400000,1777955460000,4.03e-06,4.04e-06,16.725132198420013,target,2803877988.0,9
PEPE,1777955820000,1777955880000,4.03e-06,4.04e-06,16.727806063354663,target,2804326247.0,9
PEPE,1777956420000,1777956480000,4.0200000000000005e-06,4.03e-06,16.763018590901687,target,2805526124.0,9
PEPE,1777957020000,1777957080000,4.03e-06,4.04e-06,16.733160271214295,target,2805223851.0,9
PEPE,1777958340000,1777958400000,4.04e-06,4.05e-06,16.703304197699957,target,2804920940.0,9
PEPE,1777958820000,1777958880000,4.05e-06,4.06e-06,16.67345038949474,target,2804617391.0,9
PEPE,1777961220000,1777961280000,4.06e-06,4.07e-06,16.64359887167551,target,2804313205.0,9
PEPE,1778025780000,1778025840000,4.1100000000000005e-06,4.12e-06,16.4839452859403,target,2801010244.0,9
PEPE,1778026920000,1778027460000,4.12e-06,4.13e-06,16.45412685262686,target,2800702443.0,9
PEPE,1778027820000,1778027880000,4.12e-06,4.13e-06,16.45671147075131,target,2801142378.0,9
PEPE,1778028720000,1778028780000,4.12e-06,4.13e-06,16.459296494251568,target,2801582382.0,9
PEPE,1778029920000,1778029980000,4.14e-06,4.15e-06,16.397077669040208,target,2800525648.0,9
PEPE,1778030520000,1778030580000,4.16e-06,4.17e-06,16.334897997301066,target,2799468380.0,9
PEPE,1778032560000,1778032620000,4.1900000000000005e-06,4.2000000000000004e-06,16.24044033269877,target,2797664140.0,9
PEPE,1778033640000,1778033700000,4.1900000000000005e-06,4.2000000000000004e-06,16.24295627775123,target,2798097550.0,9
PEPE,1778034120000,1778034180000,4.18e-06,4.19e-06,16.277799831316536,target,2799277701.0,9
PEPE,1778035620000,1778035680000,4.17e-06,4.18e-06,16.31267607490079,target,2800459412.0,9
PEPE,1778036940000,1778037000000,4.2000000000000004e-06,4.21e-06,16.21820147726614,target,2798654267.0,9
PEPE,1778037420000,1778037480000,4.1900000000000005e-06,4.2000000000000004e-06,16.253033995756425,target,2799833591.0,9
PEPE,1778038020000,1778038200000,4.22e-06,4.23e-06,16.158613536449888,target,2798028318.0,9
PEPE,1778038620000,1778038680000,4.24e-06,4.25e-06,16.0965524398898,target,2796968278.0,9
PEPE,1778039220000,1778039640000,4.23e-06,4.24e-06,16.131292394546872,target,2798142653.0,9
PEPE,1778040120000,1778040180000,4.22e-06,4.23e-06,16.166064799501022,target,2799318580.0,9
PEPE,1778041320000,1778041380000,4.21e-06,4.22e-06,16.200869718670823,target,2800496062.0,9
PEPE,1778043120000,1778043720000,4.2000000000000004e-06,4.21e-06,16.235707204500592,target,2801675100.0,9
PEPE,1778044020000,1778044080000,4.2000000000000004e-06,4.21e-06,16.238217418856188,target,2802108269.0,9
PEPE,1778045520000,1778045580000,4.22e-06,4.23e-06,16.17604995930133,target,2801047612.0,9
PEPE,1778046720000,1778046780000,4.21e-06,4.22e-06,16.210876374484652,target,2802225821.0,9
PEPE,1778047500000,1778047560000,4.23e-06,4.24e-06,16.148714241839258,target,2801164656.0,9
PEPE,1778048520000,1778048580000,4.22e-06,4.23e-06,16.183524201075546,target,2802341853.0,9
PEPE,1778049720000,1778049780000,4.24e-06,4.25e-06,16.121367430145128,target,2801280179.0,9
PEPE,1778112180000,1778112240000,4.16e-06,4.17e-06,16.382889833671115,target,2807693202.0,9
PEPE,1778112720000,1778112780000,4.15e-06,4.16e-06,16.417907101154512,target,2808880599.0,9
PEPE,1778113320000,1778113380000,4.14e-06,4.15e-06,16.452957308930973,target,2810069566.0,9
PEPE,1778117520000,1778117580000,4.12e-06,4.13e-06,16.52056683987503,target,2812011377.0,9
PEPE,1778118180000,1778118240000,4.1100000000000005e-06,4.12e-06,16.55571071880098,target,2813204880.0,9
PEPE,1778118720000,1778120580000,4.1100000000000005e-06,4.07e-06,-129.7794978101264,time,2813647649.0,9
PEPE,1778122020000,1778122080000,4.09e-06,4.1e-06,16.60297023466069,target,2811679972.0,9
PEPE,1778123220000,1778123280000,4.09e-06,4.1e-06,16.60559365491519,target,2812124243.0,9
PEPE,1778124060000,1778124120000,4.09e-06,4.1e-06,16.608217482613686,target,2812568583.0,9
PEPE,1778126460000,1778126520000,4.08e-06,4.09e-06,16.643423163184302,target,2813765539.0,9
PEPE,1778126820000,1778126880000,4.08e-06,4.09e-06,16.64605813006538,target,2814211011.0,9
PEPE,1778127420000,1778127480000,4.1000000000000006e-06,4.1100000000000005e-06,16.583527444050198,target,2813151390.0,9
PEPE,1778128680000,1778128740000,4.12e-06,4.13e-06,16.52103597037608,target,2812091229.0,9
PEPE,1778129220000,1778129280000,4.1100000000000005e-06,4.12e-06,16.556180847909143,target,2813284766.0,9
PEPE,1778129820000,1778129880000,4.13e-06,4.14e-06,16.49369427025483,target,2812224087.0,9
PEPE,1778131020000,1778131080000,4.15e-06,4.16e-06,16.4312469751516,target,2811162870.0,9
PEPE,1778131620000,1778131740000,4.15e-06,4.16e-06,16.43381276064428,target,2811601841.0,9
PEPE,1778132820000,1778132880000,4.15e-06,4.16e-06,16.4363789494464,target,2812040881.0,9
PEPE,1778134020000,1778134080000,4.14e-06,4.15e-06,16.471468594030586,target,2813231186.0,9
PEPE,1778134620000,1778134680000,4.14e-06,4.15e-06,16.47404574839405,target,2813671349.0,9
PEPE,1778135520000,1778135580000,4.14e-06,4.15e-06,16.476623306755748,target,2814111581.0,9
PEPE,1778136180000,1778136240000,4.16e-06,4.17e-06,16.41414198864124,target,2813049184.0,9
PEPE,1778136720000,1778136780000,4.16e-06,4.17e-06,16.41670003513466,target,2813487581.0,9
PEPE,1778137920000,1778137980000,4.18e-06,4.19e-06,16.354248380275926,target,2812424485.0,9
PEPE,1778198580000,1778198640000,4.15e-06,4.16e-06,15.615280369289163,target,2671562082.0,10
PEPE,1778199300000,1778199360000,4.15e-06,4.16e-06,15.617718739630002,target,2671979254.0,10
PEPE,1778199720000,1778199780000,4.16e-06,4.17e-06,15.589270835985179,target,2671683091.0,10
PEPE,1778200320000,1778200500000,4.15e-06,4.16e-06,15.62259179795915,target,2672812968.0,10
PEPE,1778200920000,1778200980000,4.14e-06,4.15e-06,15.655944104845219,target,2673944339.0,10
PEPE,1778204220000,1778204280000,4.12e-06,4.13e-06,15.72027849937414,target,2675792085.0,10
PEPE,1778204820000,1778204880000,4.12e-06,4.13e-06,15.7227478441259,target,2676212399.0,10
PEPE,1778207220000,1778207280000,4.1000000000000006e-06,4.1100000000000005e-06,15.787188064033332,target,2678064133.0,10
PEPE,1778207820000,1778207880000,4.1100000000000005e-06,4.12e-06,15.758679274799956,target,2677770480.0,10
PEPE,1778208480000,1778208540000,4.1100000000000005e-06,4.12e-06,15.761159525703096,target,2678191933.0,10
PEPE,1778209020000,1778209140000,4.1100000000000005e-06,4.12e-06,15.763640170904695,target,2678613453.0,10
PEPE,1778209620000,1778209680000,4.1000000000000006e-06,4.1100000000000005e-06,15.797134255411464,target,2679751358.0,10
PEPE,1778212080000,1778212140000,4.13e-06,4.14e-06,15.706621334595464,target,2678025803.0,10
PEPE,1778212620000,1778212680000,4.13e-06,4.14e-06,15.709083678600704,target,2678445640.0,10
PEPE,1778213220000,1778213280000,4.13e-06,4.14e-06,15.71154640382979,target,2678865542.0,10
PEPE,1778213820000,1778213880000,4.13e-06,4.14e-06,15.714009516148517,target,2679285510.0,10
PEPE,1778214420000,1778214480000,4.14e-06,4.15e-06,15.685485337549814,target,2678989810.0,10
PEPE,1778215620000,1778215680000,4.12e-06,4.13e-06,15.749941127624755,target,2680841043.0,10
PEPE,1778216220000,1778216280000,4.13e-06,4.14e-06,15.721401169785839,target,2680545809.0,10
PEPE,1778216820000,1778216880000,4.13e-06,4.14e-06,15.723865830464945,target,2680966041.0,10
PEPE,1778218020000,1778218080000,4.13e-06,4.14e-06,15.726330872369715,target,2681386338.0,10
PEPE,1778219220000,1778219280000,4.14e-06,4.15e-06,15.697784332986483,target,2681090407.0,10
PEPE,1778219820000,1778219880000,4.13e-06,4.14e-06,15.73125725536723,target,2682226301.0,10
PEPE,1778221320000,1778221380000,4.13e-06,4.14e-06,15.733723458540922,target,2682646796.0,10
PEPE,1778284920000,1778284980000,4.31e-06,4.32e-06,15.180236521183605,target,2670226301.0,10
PEPE,1778287980000,1778288040000,4.33e-06,4.34e-06,15.121078672151008,target,2669210710.0,10
PEPE,1778289180000,1778289240000,4.33e-06,4.34e-06,15.123356206090442,target,2669612746.0,10
PEPE,1778289720000,1778289780000,4.33e-06,4.34e-06,15.125634085595113,target,2670014843.0,10
PEPE,1778290380000,1778290440000,4.33e-06,4.34e-06,15.127912310665021,target,2670417001.0,10
PEPE,1778292120000,1778292180000,4.34e-06,4.35e-06,15.099470070750762,target,2670109650.0,10
PEPE,1778292960000,1778293020000,4.34e-06,4.35e-06,15.101739738929883,target,2670511006.0,10
PEPE,1778293320000,1778293380000,4.34e-06,4.35e-06,15.104009740754883,target,2670912421.0,10
PEPE,1778293920000,1778293980000,4.34e-06,4.35e-06,15.106280093189824,target,2671313898.0,10
PEPE,1778294820000,1778296380000,4.34e-06,4.35e-06,15.108550779270647,target,2671715434.0,10
PEPE,1778296920000,1778296980000,4.34e-06,4.35e-06,15.110821810306117,target,2672117031.0,10
PEPE,1778297520000,1778297580000,4.34e-06,4.35e-06,15.113093180640941,target,2672518688.0,10
PEPE,1778298120000,1778298900000,4.34e-06,4.35e-06,15.115364895930416,target,2672920406.0,10
PEPE,1778299320000,1778299380000,4.33e-06,4.34e-06,15.148394718655824,target,2674032607.0,10
PEPE,1778299920000,1778299980000,4.35e-06,4.36e-06,15.089167908113957,target,2673014687.0,10
PEPE,1778300520000,1778300580000,4.34e-06,4.35e-06,15.122182083255712,target,2674125921.0,10
PEPE,1778301120000,1778301180000,4.34e-06,4.35e-06,15.124455161399714,target,2674527880.0,10
PEPE,1778302320000,1778302380000,4.33e-06,4.34e-06,15.157504848749628,target,2675640750.0,10
PEPE,1778303520000,1778303580000,4.33e-06,4.34e-06,15.159787872074435,target,2676043755.0,10
PEPE,1778304120000,1778304180000,4.33e-06,4.34e-06,15.1620712409663,target,2676446821.0,10
PEPE,1778305320000,1778305440000,4.35e-06,4.36e-06,15.102790958389363,target,2675427982.0,10
PEPE,1778305920000,1778306580000,4.34e-06,4.35e-06,15.135834944098598,target,2676540220.0,10
PEPE,1778307120000,1778307180000,4.34e-06,4.35e-06,15.138110075010065,target,2676942542.0,10
PEPE,1778307720000,1778307840000,4.33e-06,4.34e-06,15.1711896023062,target,2678056417.0,10
PEPE,1778371320000,1778371380000,4.24e-06,4.25e-06,15.451491536200948,target,2684881240.0,10
PEPE,1778372700000,1778372760000,4.24e-06,4.25e-06,15.453861479729648,target,2685293046.0,10
PEPE,1778373120000,1778373180000,4.24e-06,4.25e-06,15.456231791578475,target,2685704916.0,10
PEPE,1778373720000,1778373780000,4.24e-06,4.25e-06,15.458602465994842,target,2686116849.0,10
PEPE,1778374620000,1778374680000,4.23e-06,4.24e-06,15.49196558020103,target,2687244680.0,10
PEPE,1778377020000,1778377080000,4.21e-06,4.22e-06,15.556389757351344,target,2689090710.0,10
PEPE,1778377620000,1778377680000,4.21e-06,4.22e-06,15.558790150538869,target,2689505644.0,10
PEPE,1778379720000,1778379780000,4.22e-06,4.23e-06,15.53015143680111,target,2689203712.0,10
PEPE,1778380320000,1778380380000,4.22e-06,4.23e-06,15.532543002901935,target,2689617836.0,10
PEPE,1778380920000,1778380980000,4.23e-06,4.24e-06,15.503902445077108,target,2689315255.0,10
PEPE,1778381520000,1778381580000,4.23e-06,4.24e-06,15.506285194519052,target,2689728568.0,10
PEPE,1778382120000,1778382180000,4.22e-06,4.23e-06,15.539710343851732,target,2690858934.0,10
PEPE,1778383620000,1778383680000,4.22e-06,4.23e-06,15.542103376799924,target,2691273312.0,10
PEPE,1778384820000,1778386560000,4.23e-06,4.24e-06,15.51344519192488,target,2690970545.0,10
PEPE,1778386920000,1778386980000,4.22e-06,4.23e-06,15.546885775576069,target,2692101433.0,10
PEPE,1778387520000,1778387580000,4.23e-06,4.24e-06,15.518218767580656,target,2691798572.0,10
PEPE,1778388120000,1778388180000,4.23e-06,4.24e-06,15.52060371925631,target,2692212267.0,10
PEPE,1778388720000,1778388780000,4.23e-06,4.24e-06,15.522989039890415,target,2692626026.0,10
PEPE,1778389320000,1778389380000,4.22e-06,4.23e-06,15.556450197748987,target,2693757610.0,10
PEPE,1778389980000,1778390040000,4.22e-06,4.23e-06,15.558845806349419,target,2694172434.0,10
PEPE,1778390520000,1778390580000,4.22e-06,4.23e-06,15.5612417903274,target,2694587323.0,10
PEPE,1778391720000,1778391780000,4.23e-06,4.24e-06,15.532548314994356,target,2694284183.0,10
PEPE,1778393520000,1778393580000,4.22e-06,4.23e-06,15.566030073824434,target,2695416463.0,10
PEPE,1778394720000,1778394780000,4.22e-06,4.23e-06,15.56842716660183,target,2695831544.0,10
PEPE,1778458020000,1778458560000,4.41e-06,4.360000000000001e-06,-151.7447635856998,stop,2682661780.0,10
PEPE,1778462220000,1778462280000,4.35e-06,4.36e-06,15.14499600411142,target,2682904518.0,10
PEPE,1778462820000,1778462880000,4.3700000000000005e-06,4.38e-06,15.085588151249416,target,2681882338.0,10
PEPE,1778463420000,1778463480000,4.360000000000001e-06,4.3700000000000005e-06,15.118678183033957,target,2682995241.0,10
PEPE,1778464020000,1778464080000,4.34e-06,4.35e-06,15.182672458979745,target,2684822716.0,10
PEPE,1778464920000,1778464980000,4.35e-06,4.36e-06,15.15407630837556,target,2684513075.0,10
PEPE,1778465520000,1778465580000,4.34e-06,4.35e-06,15.187232503951059,target,2685629090.0,10
PEPE,1778468220000,1778468280000,4.32e-06,4.33e-06,15.251339807325728,target,2687460759.0,10
PEPE,1778471220000,1778471280000,4.2900000000000004e-06,4.3e-06,15.34651567595991,target,2690011512.0,10
PEPE,1778472420000,1778472900000,4.2900000000000004e-06,4.3e-06,15.34884596878513,target,2690419977.0,10
PEPE,1778475720000,1778475780000,4.31e-06,4.32e-06,15.289225310520441,target,2689397592.0,10
PEPE,1778476920000,1778476980000,4.32e-06,4.33e-06,15.26058190802335,target,2689089323.0,10
PEPE,1778478720000,1778479800000,4.34e-06,4.35e-06,15.201013874672924,target,2688066114.0,10
PEPE,1778480220000,1778480280000,4.34e-06,4.35e-06,15.203298800039715,target,2688470168.0,10
PEPE,1778480820000,1778480880000,4.34e-06,4.35e-06,15.205584076020086,target,2688874284.0,10
PEPE,1778481420000,1778481480000,4.33e-06,4.34e-06,15.23881104179328,target,2689993123.0,10
PEPE,1778484120000,1778484180000,4.31e-06,4.32e-06,15.303047711505933,target,2691828973.0,10
PEPE,1778486520000,1778486580000,4.31e-06,4.32e-06,15.305362023840557,target,2692236064.0,10
PEPE,1778488320000,1778488380000,4.31e-06,4.32e-06,15.307676688646442,target,2692643217.0,10
PEPE,1778489700000,1778489760000,4.32e-06,4.33e-06,15.278998713125613,target,2692334575.0,10
PEPE,1778490120000,1778490180000,4.31e-06,4.32e-06,15.312302374171136,target,2693456882.0,10
PEPE,1778490720000,1778490780000,4.33e-06,4.34e-06,15.252629863241406,target,2692432456.0,10
PEPE,1778491920000,1778491980000,4.33e-06,4.34e-06,15.254927213351014,target,2692837990.0,10
PEPE,1778493120000,1778493180000,4.32e-06,4.33e-06,15.288220122775018,target,2693959493.0,10
PEPE,1778544720000,1778544780000,4.34e-06,4.35e-06,15.22854420730566,target,2692934431.0,10
PEPE,1778545320000,1778545380000,4.34e-06,4.35e-06,15.230833272135499,target,2693339217.0,10
PEPE,1778545920000,1778545980000,4.34e-06,4.35e-06,15.233122681919983,target,2693744064.0,10
PEPE,1778546520000,1778546580000,4.34e-06,4.35e-06,15.235412436659114,target,2694148972.0,10
PEPE,1778547120000,1778547180000,4.34e-06,4.35e-06,15.237702536356531,target,2694553941.0,10
PEPE,1778547720000,1778547780000,4.34e-06,4.35e-06,15.239992981006777,target,2694958971.0,10
PEPE,1778551920000,1778551980000,4.3e-06,4.31e-06,15.366428221649876,target,2698231470.0,10
PEPE,1778553120000,1778553180000,4.2800000000000005e-06,4.2900000000000004e-06,15.43093758040569,target,2700076567.0,10
PEPE,1778554320000,1778554380000,4.2800000000000005e-06,4.2900000000000004e-06,15.433285422420832,target,2700487388.0,10
PEPE,1778554980000,1778555340000,4.3e-06,4.31e-06,15.373433948679455,target,2699461624.0,10
PEPE,1778555820000,1778555880000,4.2900000000000004e-06,4.3e-06,15.406859891290202,target,2700588938.0,10
PEPE,1778556420000,1778556480000,4.2800000000000005e-06,4.2900000000000004e-06,15.440316895529467,target,2701717742.0,10
PEPE,1778557020000,1778557080000,4.2900000000000004e-06,4.3e-06,15.411543878848754,target,2701409970.0,10
PEPE,1778557920000,1778557980000,4.27e-06,4.28e-06,15.476154637700077,target,2703258452.0,10
PEPE,1778559120000,1778559240000,4.2800000000000005e-06,4.2900000000000004e-06,15.447365776529882,target,2702951142.0,10
PEPE,1778559720000,1778559780000,4.2900000000000004e-06,4.3e-06,15.41857962715052,target,2702643230.0,10
PEPE,1778560320000,1778560380000,4.2900000000000004e-06,4.3e-06,15.420920862164898,target,2703053613.0,10
PEPE,1778560920000,1778560980000,4.2900000000000004e-06,4.3e-06,15.423262450888998,target,2703464058.0,10
PEPE,1778561520000,1778561580000,4.2900000000000004e-06,4.3e-06,15.425604393324637,target,2703874565.0,10
PEPE,1778562120000,1778562180000,4.2900000000000004e-06,4.3e-06,15.427946695175748,target,2704285135.0,10
PEPE,1778562720000,1778562780000,4.2900000000000004e-06,4.3e-06,15.430289350734762,target,2704695767.0,10
PEPE,1778563320000,1778563380000,4.2900000000000004e-06,4.3e-06,15.432632360007133,target,2705106461.0,10
PEPE,1778563920000,1778563980000,4.2900000000000004e-06,4.3e-06,15.434975728691342,target,2705517218.0,10
PEPE,1778564520000,1778564580000,4.2900000000000004e-06,4.3e-06,15.43731945108527,target,2705928037.0,10
PEPE,1778630520000,1778630880000,4.14e-06,4.15e-06,15.909098402665885,target,2717181623.0,10
PEPE,1778631420000,1778631480000,4.14e-06,4.15e-06,15.911587568089697,target,2717606758.0,10
PEPE,1778632020000,1778632080000,4.15e-06,4.16e-06,15.88265463963494,target,2717306183.0,10
PEPE,1778633220000,1778633280000,4.16e-06,4.17e-06,15.853724151661329,target,2717004996.0,10
PEPE,1778634420000,1778634480000,4.17e-06,4.18e-06,15.824796122523844,target,2716703197.0,10
PEPE,1778635020000,1778635080000,4.18e-06,4.19e-06,15.795870576403715,target,2716400787.0,10
PEPE,1778635620000,1778635680000,4.1900000000000005e-06,4.2000000000000004e-06,15.766947537434874,target,2716097767.0,10
PEPE,1778636220000,1778636280000,4.1900000000000005e-06,4.2000000000000004e-06,15.769390130506004,target,2716518541.0,10
PEPE,1778636820000,1778636880000,4.1900000000000005e-06,4.2000000000000004e-06,15.771833106705891,target,2716939381.0,10
PEPE,1778637420000,1778637480000,4.1900000000000005e-06,4.2000000000000004e-06,15.774276460229668,target,2717360286.0,10
PEPE,1778638020000,1778638080000,4.18e-06,4.19e-06,15.808114622959883,target,2718506384.0,10
PEPE,1778638620000,1778638680000,4.1900000000000005e-06,4.2000000000000004e-06,15.77916916384537,target,2718203129.0,10
PEPE,1778639220000,1778639280000,4.1900000000000005e-06,4.2000000000000004e-06,15.781613649344456,target,2718624229.0,10
PEPE,1778639820000,1778639880000,4.18e-06,4.19e-06,15.815467556715056,target,2719770861.0,10
PEPE,1778640420000,1778640480000,4.18e-06,4.19e-06,15.817922539231013,target,2720193042.0,10
PEPE,1778641320000,1778641380000,4.18e-06,4.19e-06,15.820377911350294,target,2720615290.0,10
PEPE,1778641920000,1778642760000,4.1900000000000005e-06,4.2000000000000004e-06,15.791409993194712,target,2720311799.0,10
PEPE,1778643120000,1778643180000,4.1900000000000005e-06,4.2000000000000004e-06,15.793856376932082,target,2720733226.0,10
PEPE,1778643720000,1778643780000,4.1900000000000005e-06,4.2000000000000004e-06,15.796303143794574,target,2721154719.0,10
PEPE,1778644320000,1778644380000,4.2000000000000004e-06,4.21e-06,15.767328780784997,target,2720850523.0,10
PEPE,1778644920000,1778644980000,4.1900000000000005e-06,4.2000000000000004e-06,15.801192939104432,target,2721997061.0,10
PEPE,1778646120000,1778646180000,4.2000000000000004e-06,4.21e-06,15.772209607945475,target,2721692771.0,10
PEPE,1778647320000,1778647380000,4.21e-06,4.22e-06,15.743228827950364,target,2721387870.0,10
PEPE,1778647920000,1778647980000,4.21e-06,4.22e-06,15.74565805358028,target,2721807788.0,10
PEPE,1778716920000,1778716980000,4.05e-06,4.06e-06,16.25297161502992,target,2733889254.0,10
PEPE,1778717520000,1778717580000,4.07e-06,4.08e-06,16.1922028766267,target,2732861245.0,10
PEPE,1778718120000,1778718180000,4.07e-06,4.08e-06,16.194771429301028,target,2733294756.0,10
PEPE,1778718720000,1778718780000,4.08e-06,4.09e-06,16.165677260914954,target,2732997001.0,10
PEPE,1778719320000,1778719380000,4.08e-06,4.09e-06,16.168236592689205,target,2733429686.0,10
PEPE,1778719920000,1778719980000,4.08e-06,4.09e-06,16.170796332599878,target,2733862440.0,10
PEPE,1778721120000,1778721180000,4.08e-06,4.09e-06,16.173356468814454,target,2734295261.0,10
PEPE,1778722320000,1778722380000,4.07e-06,4.08e-06,16.20760020374925,target,2735459950.0,10
PEPE,1778722920000,1778723340000,4.08e-06,4.09e-06,16.178482987484124,target,2735161959.0,10
PEPE,1778723820000,1778723880000,4.08e-06,4.09e-06,16.181044342189892,target,2735594986.0,10
PEPE,1778724420000,1778724480000,4.08e-06,4.09e-06,16.183606110944705,target,2736028083.0,10
PEPE,1778725020000,1778725080000,4.08e-06,4.09e-06,16.186168276005244,target,2736461247.0,10
PEPE,1778726280000,1778726340000,4.07e-06,4.08e-06,16.220439133652096,target,2737626858.0,10
PEPE,1778731920000,1778731980000,4.0200000000000005e-06,4.03e-06,16.381833648973704,target,2741729481.0,10
PEPE,1778732520000,1778732580000,4.03e-06,4.04e-06,16.35265429316456,target,2741434081.0,10
PEPE,1778733720000,1778733780000,4.03e-06,4.04e-06,16.35526860950616,target,2741872357.0,10
PEPE,1778734320000,1778734380000,4.04e-06,4.05e-06,16.326086783130705,target,2741576286.0,10
PEPE,1778735700000,1778735760000,4.04e-06,4.05e-06,16.32869178001506,target,2742013733.0,10
PEPE,1778736120000,1778736180000,4.05e-06,4.06e-06,16.29950751744086,target,2741716992.0,10
PEPE,1778737320000,1778737380000,4.07e-06,4.08e-06,16.238564787001508,target,2740686040.0,10
PEPE,1778737920000,1778737980000,4.07e-06,4.08e-06,16.241140692601125,target,2741120792.0,10
PEPE,1778738520000,1778738580000,4.07e-06,4.08e-06,16.24371700702595,target,2741555613.0,10
PEPE,1778739120000,1778739180000,4.07e-06,4.08e-06,16.246293730274175,target,2741990503.0,10
PEPE,1778740020000,1778740080000,4.06e-06,4.07e-06,16.280651727460864,target,2743159516.0,10
PEPE,1778804520000,1778804580000,4.1100000000000005e-06,4.12e-06,16.12447971095546,target,2739928583.0,10
PEPE,1778805120000,1778805180000,4.1000000000000006e-06,4.1100000000000005e-06,16.158740499719798,target,2741092536.0,10
PEPE,1778805720000,1778805780000,4.1000000000000006e-06,4.1100000000000005e-06,16.161288719580302,target,2741524804.0,10
PEPE,1778806620000,1778806680000,4.1000000000000006e-06,4.1100000000000005e-06,16.163837340300667,target,2741957140.0,10
PEPE,1778807220000,1778807340000,4.1100000000000005e-06,4.12e-06,16.134648390685157,target,2741656481.0,10
PEPE,1778807880000,1778807940000,4.1000000000000006e-06,4.1100000000000005e-06,16.168930779465327,target,2742821167.0,10
PEPE,1778808660000,1778808960000,4.09e-06,4.1e-06,16.203245561568703,target,2743987394.0,10
PEPE,1778809320000,1778809380000,4.1000000000000006e-06,4.1100000000000005e-06,16.17403584357144,target,2743687166.0,10
PEPE,1778810220000,1778810280000,4.08e-06,4.09e-06,16.240153445882186,target,2745588072.0,10
PEPE,1778813220000,1778813280000,4.08e-06,4.09e-06,16.242724572166157,target,2746022751.0,10
PEPE,1778813820000,1778813880000,4.09e-06,4.1e-06,16.213494043370897,target,2745722954.0,10
PEPE,1778814420000,1778814480000,4.08e-06,4.09e-06,16.247862997730827,target,2746891462.0,10
PEPE,1778815020000,1778815500000,4.09e-06,4.1e-06,16.218623226755813,target,2746591571.0,10
PEPE,1778815920000,1778815980000,4.08e-06,4.09e-06,16.253003055835737,target,2747760449.0,10
PEPE,1778817720000,1778817780000,4.07e-06,4.08e-06,16.287415422526085,target,2748930873.0,10
PEPE,1778818320000,1778818380000,4.08e-06,4.09e-06,16.258154813808403,target,2748631414.0,10
PEPE,1778818920000,1778820780000,4.07e-06,4.05e-06,-71.72859062176398,time,2749802209.0,10
PEPE,1778826420000,1778826480000,4e-06,4.01e-06,16.50446710241975,target,2753038716.0,10
PEPE,1778827020000,1778827080000,4.0200000000000005e-06,4.03e-06,16.44323471475014,target,2752005810.0,10
PEPE,1778827620000,1778827680000,4.0200000000000005e-06,4.03e-06,16.44586862022613,target,2752446631.0,10
PEPE,1778828220000,1778828280000,4.0200000000000005e-06,4.03e-06,16.44850294992382,target,2752887523.0,10
PEPE,1778828820000,1778828880000,4.03e-06,4.04e-06,16.419204843764827,target,2752590921.0,10
PEPE,1778829420000,1778829480000,4.03e-06,4.04e-06,16.421829801665176,target,2753030981.0,10
PEPE,1778830140000,1778830200000,4.05e-06,4.06e-06,16.360620351774664,target,2751996695.0,10
PEPE,1778889720000,1778889780000,3.89e-06,3.9e-06,16.87590841101118,target,2764276562.0,10
PEPE,1778890320000,1778890380000,3.91e-06,3.92e-06,16.814343086750153,target,2763244550.0,10
PEPE,1778891520000,1778891580000,3.91e-06,3.92e-06,16.8170941335053,target,2763696653.0,10
PEPE,1778892720000,1778892780000,3.91e-06,3.92e-06,16.81984563055096,target,2764148830.0,10
PEPE,1778893320000,1778893380000,3.9e-06,3.91e-06,16.854773222034762,target,2765344253.0,10
PEPE,1778893920000,1778893980000,3.9e-06,3.91e-06,16.857536158674982,target,2765797565.0,10
PEPE,1778894520000,1778894580000,3.9e-06,3.91e-06,16.86029954634497,target,2766250951.0,10
PEPE,1778895120000,1778895180000,3.89e-06,3.9e-06,16.895272170645274,target,2767448349.0,10
PEPE,1778895720000,1778895780000,3.89e-06,3.9e-06,16.898047033559443,target,2767902872.0,10
PEPE,1778896320000,1778896380000,3.89e-06,3.9e-06,16.9008223543503,target,2768357470.0,10
PEPE,1778896920000,1778896980000,3.9e-06,3.91e-06,16.871373472611722,target,2768067838.0,10
PEPE,1778897520000,1778897580000,3.9e-06,3.91e-06,16.87413913371489,target,2768521597.0,10
PEPE,1778898720000,1778898780000,3.89e-06,3.9e-06,16.909140465689436,target,2769719978.0,10
PEPE,1778899320000,1778899380000,3.9e-06,3.91e-06,16.87967708728368,target,2769430203.0,10
PEPE,1778899920000,1778899980000,3.89e-06,3.9e-06,16.914689910690647,target,2770628978.0,10
PEPE,1778901120000,1778901180000,3.89e-06,3.9e-06,16.91746796041499,target,2771084023.0,10
PEPE,1778901720000,1778901780000,3.89e-06,3.9e-06,16.920246474120045,target,2771539144.0,10
PEPE,1778902320000,1778902380000,3.89e-06,3.9e-06,16.923025439595943,target,2771994339.0,10
PEPE,1778902920000,1778902980000,3.89e-06,3.9e-06,16.925804862944887,target,2772449609.0,10
PEPE,1778904180000,1778904240000,3.88e-06,3.89e-06,16.960874391285103,target,2773650759.0,10
PEPE,1778904720000,1778904780000,3.88e-06,3.89e-06,16.96366534455152,target,2774107170.0,10
PEPE,1778905320000,1778906040000,3.88e-06,3.830000000000001e-06,-154.7374150951171,stop,2774563656.0,10
PEPE,1778910120000,1778910180000,3.85e-06,3.86e-06,17.037853934851142,target,2772636930.0,10
PEPE,1778910720000,1778910780000,3.85e-06,3.86e-06,17.040673580390155,target,2773095782.0,10
PEPE,1778976120000,1778976180000,3.76e-06,3.77e-06,17.335109852154986,target,2780290273.0,10
PEPE,1778976720000,1778976780000,3.76e-06,3.77e-06,17.33802778227689,target,2780758265.0,10
PEPE,1778977320000,1778977380000,3.75e-06,3.76e-06,17.373446389980064,target,2781977004.0,10
PEPE,1778977920000,1778977980000,3.75e-06,3.76e-06,17.37637625046589,target,2782446157.0,10
PEPE,1778978640000,1778978700000,3.75e-06,3.76e-06,17.37930660430424,target,2782915389.0,10
PEPE,1778979720000,1778979780000,3.74e-06,3.75e-06,17.414771649525665,target,2784136155.0,10
PEPE,1778980440000,1778980500000,3.74e-06,3.75e-06,17.417713976504544,target,2784606551.0,10
PEPE,1778981040000,1778981100000,3.7300000000000003e-06,3.74e-06,17.453219568366563,target,2785829141.0,10
PEPE,1778981520000,1778981640000,3.7300000000000003e-06,3.74e-06,17.45617390429563,target,2786300703.0,10
PEPE,1778983020000,1778983080000,3.7200000000000004e-06,3.7300000000000003e-06,17.491720128001084,target,2787525120.0,10
PEPE,1778983920000,1778983980000,3.7300000000000003e-06,3.74e-06,17.46208959295642,target,2787244947.0,10
PEPE,1778984520000,1778984580000,3.7300000000000003e-06,3.74e-06,17.465045432486313,target,2787716749.0,10
PEPE,1778986320000,1778986380000,3.7200000000000004e-06,3.7300000000000003e-06,17.500609719700805,target,2788941788.0,10
PEPE,1778987520000,1778987580000,3.74e-06,3.75e-06,17.438368261725362,target,2787908595.0,10
PEPE,1778988120000,1778988180000,3.74e-06,3.75e-06,17.44131457313936,target,2788379628.0,10
PEPE,1778988720000,1778988780000,3.74e-06,3.75e-06,17.444261391210098,target,2788850742.0,10
PEPE,1778991720000,1778991780000,3.7700000000000003e-06,3.7800000000000002e-06,17.34947709142448,target,2787064593.0,10
PEPE,1778992380000,1778992500000,3.76e-06,3.77e-06,17.3849570622901,target,2788285014.0,10
PEPE,1778993520000,1778993580000,3.7800000000000002e-06,3.79e-06,17.32275980033658,target,2787250169.0,10
PEPE,1778994120000,1778994180000,3.7700000000000003e-06,3.7800000000000002e-06,17.358223191524374,target,2788469589.0,10
PEPE,1778995320000,1778995380000,3.7800000000000002e-06,3.79e-06,17.32857560466847,target,2788185938.0,10
PEPE,1778995920000,1778995980000,3.7800000000000002e-06,3.79e-06,17.33148150871525,target,2788653501.0,10
PEPE,1778997120000,1778997180000,3.7800000000000002e-06,3.79e-06,17.334387903745398,target,2789121143.0,10
PEPE,1778997720000,1778997780000,3.7700000000000003e-06,3.7800000000000002e-06,17.36987510294862,target,2790341382.0,10
PEPE,1779065100000,1779065160000,3.6400000000000003e-06,3.65e-06,17.79801421201077,target,2800631662.0,10
PEPE,1779065520000,1779065580000,3.6400000000000003e-06,3.65e-06,17.801077633404518,target,2801113711.0,10
PEPE,1779066120000,1779066180000,3.66e-06,3.67e-06,17.73850571671359,target,2800079829.0,10
PEPE,1779066720000,1779066780000,3.66e-06,3.67e-06,17.74154764434469,target,2800560007.0,10
PEPE,1779067320000,1779067380000,3.63e-06,3.64e-06,17.843104341390067,target,2803315686.0,10
PEPE,1779068820000,1779068880000,3.63e-06,3.64e-06,17.846181188754436,target,2803799087.0,10
PEPE,1779069420000,1779069480000,3.65e-06,3.66e-06,17.783541977086138,target,2802764693.0,10
PEPE,1779070620000,1779070680000,3.67e-06,3.68e-06,17.720940491651,target,2801729722.0,10
PEPE,1779071820000,1779071880000,3.66e-06,3.67e-06,17.75679890977949,target,2802967468.0,10
PEPE,1779072420000,1779072480000,3.67e-06,3.68e-06,17.727013225350028,target,2802689838.0,10
PEPE,1779073020000,1779073080000,3.67e-06,3.68e-06,17.730047561875246,target,2803169575.0,10
PEPE,1779074220000,1779074280000,3.67e-06,3.68e-06,17.733082417049353,target,2803649394.0,10
PEPE,1779074820000,1779074880000,3.66e-06,3.67e-06,17.76896540398059,target,2804887988.0,10
PEPE,1779076020000,1779076080000,3.66e-06,3.67e-06,17.772012557986905,target,2805368991.0,10
PEPE,1779076920000,1779076980000,3.66e-06,3.67e-06,17.775060231461378,target,2805850076.0,10
PEPE,1779078120000,1779079260000,3.66e-06,3.67e-06,17.778108424405833,target,2806331243.0,10
PEPE,1779081420000,1779081480000,3.66e-06,3.67e-06,17.781157143155717,target,2806812493.0,10
PEPE,1779082620000,1779082680000,3.65e-06,3.66e-06,17.817099965100947,target,2808053580.0,10
PEPE,1779084000000,1779084060000,3.6400000000000003e-06,3.65e-06,17.853078069114986,target,2809296313.0,10
PEPE,1779084420000,1779084480000,3.65e-06,3.66e-06,17.82322825796965,target,2809019426.0,10
PEPE,1779085020000,1779085080000,3.6400000000000003e-06,3.65e-06,17.859218734029355,target,2810262586.0,10
PEPE,1779086820000,1779086880000,3.63e-06,3.64e-06,17.89524456917662,target,2811507395.0,10
PEPE,1779088320000,1779088380000,3.62e-06,3.63e-06,17.931305819251055,target,2812753854.0,10
PEPE,1779089220000,1779089280000,3.62e-06,3.63e-06,17.934403578374653,target,2813239777.0,10
PEPE,1779148920000,1779148980000,3.6900000000000002e-06,3.7e-06,17.706968803096643,target,2808401079.0,10
PEPE,1779150720000,1779150780000,3.71e-06,3.72e-06,17.64427087392058,target,2807362112.0,10
PEPE,1779151920000,1779151980000,3.71e-06,3.72e-06,17.647268699504096,target,2807839093.0,10
PEPE,1779152520000,1779152580000,3.7e-06,3.71e-06,17.68312813220114,target,2809075160.0,10
PEPE,1779153120000,1779153180000,3.7e-06,3.71e-06,17.6861381619892,target,2809553322.0,10
PEPE,1779157320000,1779157380000,3.6800000000000003e-06,3.6900000000000002e-06,17.754946598430713,target,2811551322.0,10
PEPE,1779158520000,1779158580000,3.67e-06,3.68e-06,17.79091136075223,target,2812792310.0,10
PEPE,1779159120000,1779159180000,3.67e-06,3.68e-06,17.793956633199056,target,2813273776.0,10
PEPE,1779159720000,1779159780000,3.66e-06,3.67e-06,17.829962806705286,target,2814516623.0,10
PEPE,1779160320000,1779160380000,3.67e-06,3.68e-06,17.8000543885991,target,2814237848.0,10
PEPE,1779160920000,1779160980000,3.67e-06,3.68e-06,17.803101229649847,target,2814719562.0,10
PEPE,1779162720000,1779162780000,3.6800000000000003e-06,3.6900000000000002e-06,17.773189111514036,target,2814440081.0,10
PEPE,1779164520000,1779165360000,3.6900000000000002e-06,3.7e-06,17.74327844061495,target,2814159943.0,10
PEPE,1779167520000,1779167580000,3.6800000000000003e-06,3.6900000000000002e-06,17.779257220276588,target,2815400985.0,10
PEPE,1779168720000,1779168780000,3.67e-06,3.68e-06,17.81527123172496,target,2816643673.0,10
PEPE,1779169320000,1779169380000,3.6900000000000002e-06,3.7e-06,17.752374493878662,target,2815602616.0,10
PEPE,1779169920000,1779169980000,3.6900000000000002e-06,3.7e-06,17.755401921595407,target,2816082779.0,10
PEPE,1779170520000,1779170580000,3.6800000000000003e-06,3.6900000000000002e-06,17.79140529105031,target,2817324670.0,10
PEPE,1779172320000,1779172380000,3.6900000000000002e-06,3.7e-06,17.761463958420702,target,2817044244.0,10
PEPE,1779172920000,1779172980000,3.6900000000000002e-06,3.7e-06,17.764492937164842,target,2817524653.0,10
PEPE,1779173520000,1779173580000,3.6900000000000002e-06,3.7e-06,17.76752243922522,target,2818005145.0,10
PEPE,1779174120000,1779174180000,3.6800000000000003e-06,3.6900000000000002e-06,17.80355038114601,target,2819247883.0,10
PEPE,1779176520000,1779176580000,3.7e-06,3.71e-06,17.740602885985556,target,2818205383.0,10
PEPE,1779177120000,1779177180000,3.71e-06,3.72e-06,17.710649178644523,target,2817923497.0,10
PEPE,1779235320000,1779235380000,3.6400000000000003e-06,3.65e-06,17.944887063685016,target,2823743047.0,10
PEPE,1779235920000,1779235980000,3.63e-06,3.64e-06,17.981085702489896,target,2824993826.0,10
PEPE,1779237180000,1779237240000,3.63e-06,3.64e-06,17.984186348590057,target,2825480966.0,10
PEPE,1779238320000,1779238380000,3.63e-06,3.64e-06,17.987287529349828,target,2825968190.0,10
PEPE,1779238920000,1779238980000,3.63e-06,3.64e-06,17.990389244769208,target,2826455498.0,10
PEPE,1779239520000,1779239580000,3.6400000000000003e-06,3.65e-06,17.96035871154851,target,2826177610.0,10
PEPE,1779240120000,1779240180000,3.6400000000000003e-06,3.65e-06,17.963450082235678,target,2826664057.0,10
PEPE,1779240720000,1779240780000,3.62e-06,3.63e-06,18.03284831100043,target,2828682088.0,10
PEPE,1779241920000,1779241980000,3.6400000000000003e-06,3.65e-06,17.969645825934144,target,2827638997.0,10
PEPE,1779243120000,1779243180000,3.6400000000000003e-06,3.65e-06,17.972738791725043,target,2828125695.0,10
PEPE,1779243720000,1779243780000,3.6400000000000003e-06,3.65e-06,17.975832291335365,target,2828612477.0,10
PEPE,1779244320000,1779244380000,3.6400000000000003e-06,3.65e-06,17.97892632476693,target,2829099343.0,10
PEPE,1779244980000,1779245040000,3.6400000000000003e-06,3.65e-06,17.98202089201428,target,2829586293.0,10
PEPE,1779245820000,1779245880000,3.63e-06,3.64e-06,18.0182944358993,target,2830839660.0,10
PEPE,1779246540000,1779246600000,3.63e-06,3.64e-06,18.02140149792205,target,2831327808.0,10
PEPE,1779247020000,1779247080000,3.6400000000000003e-06,3.65e-06,17.991319203911445,target,2831049442.0,10
PEPE,1779248820000,1779248880000,3.65e-06,3.66e-06,17.96123825779504,target,2830770411.0,10
PEPE,1779249420000,1779249480000,3.65e-06,3.66e-06,17.964324078750156,target,2831256750.0,10
PEPE,1779250020000,1779250080000,3.65e-06,3.66e-06,17.96741042634043,target,2831743172.0,10
PEPE,1779250620000,1779250680000,3.65e-06,3.66e-06,17.970497306909937,target,2832229678.0,10
PEPE,1779251820000,1779251880000,3.6400000000000003e-06,3.65e-06,18.006785164050175,target,2833483110.0,10
PEPE,1779252420000,1779252480000,3.6400000000000003e-06,3.65e-06,18.00988452297053,target,2833970814.0,10
PEPE,1779253020000,1779253080000,3.65e-06,3.66e-06,17.979772542121196,target,2833691496.0,10
PEPE,1779254820000,1779254880000,3.67e-06,3.68e-06,17.91648028912519,target,2832645105.0,10
PEPE,1779322320000,1779322380000,3.7200000000000004e-06,3.7300000000000003e-06,17.753879362099564,target,2829303484.0,10
PEPE,1779322920000,1779322980000,3.7200000000000004e-06,3.7300000000000003e-06,17.75689020122581,target,2829783299.0,10
PEPE,1779323520000,1779323580000,3.7300000000000003e-06,3.74e-06,17.726810476934624,target,2829498879.0,10
PEPE,1779324360000,1779324420000,3.7300000000000003e-06,3.74e-06,17.729811123745222,target,2829977833.0,10
PEPE,1779324720000,1779324780000,3.74e-06,3.75e-06,17.699727876030487,target,2829692706.0,10
PEPE,1779325320000,1779325380000,3.74e-06,3.75e-06,17.70271835400014,target,2830170800.0,10
PEPE,1779325920000,1779325980000,3.74e-06,3.75e-06,17.705709332371107,target,2830648974.0,10
PEPE,1779326520000,1779326580000,3.74e-06,3.75e-06,17.70870081739335,target,2831127229.0,10
PEPE,1779327720000,1779327780000,3.74e-06,3.75e-06,17.71169280907415,target,2831605565.0,10
PEPE,1779328320000,1779328380000,3.75e-06,3.76e-06,17.68159081456975,target,2831319586.0,10
PEPE,1779328920000,1779328980000,3.74e-06,3.75e-06,17.717672714176526,target,2832561585.0,10
PEPE,1779329520000,1779329580000,3.74e-06,3.75e-06,17.720666219566656,target,2833040163.0,10
PEPE,1779330240000,1779330300000,3.75e-06,3.76e-06,17.690548973556254,target,2832754039.0,10
PEPE,1779331320000,1779331380000,3.76e-06,3.77e-06,17.660433347396403,target,2832467257.0,10
PEPE,1779331920000,1779331980000,3.76e-06,3.77e-06,17.663406039520364,target,2832944032.0,10
PEPE,1779332520000,1779332580000,3.75e-06,3.76e-06,17.699489334291023,target,2834185642.0,10
PEPE,1779333120000,1779333180000,3.76e-06,3.77e-06,17.66935848802487,target,2833898715.0,10
PEPE,1779333720000,1779333780000,3.76e-06,3.77e-06,17.672332682786212,target,2834375731.0,10
PEPE,1779334380000,1779334440000,3.7700000000000003e-06,3.7800000000000002e-06,17.642198403827106,target,2834088097.0,10
PEPE,1779335160000,1779335220000,3.7700000000000003e-06,3.7800000000000002e-06,17.64516246247578,target,2834564251.0,10
PEPE,1779335580000,1779335640000,3.7700000000000003e-06,3.7800000000000002e-06,17.648127012899366,target,2835040484.0,10
PEPE,1779336720000,1779336780000,3.7800000000000002e-06,3.79e-06,17.61798427664035,target,2834752096.0,10
PEPE,1779337920000,1779337980000,3.7700000000000003e-06,3.7800000000000002e-06,17.654052055049824,target,2835992298.0,10
PEPE,1779338520000,1779338580000,3.7700000000000003e-06,3.7800000000000002e-06,17.657018105701617,target,2836468772.0,10
PEPE,1779408120000,1779408180000,3.79e-06,3.8e-06,16.737941489925888,target,2697492585.0,11
PEPE,1779408780000,1779408840000,3.7800000000000002e-06,3.79e-06,16.772244559566065,target,2698671691.0,11
PEPE,1779410220000,1779410280000,3.7800000000000002e-06,3.79e-06,16.775057170243397,target,2699124243.0,11
PEPE,1779412320000,1779412380000,3.7700000000000003e-06,3.7800000000000002e-06,16.809399297299816,target,2700305108.0,11
PEPE,1779413040000,1779413100000,3.7700000000000003e-06,3.7800000000000002e-06,16.812223436625654,target,2700758785.0,11
PEPE,1779413520000,1779413580000,3.7800000000000002e-06,3.79e-06,16.783508408041723,target,2700484056.0,11
PEPE,1779414720000,1779414840000,3.79e-06,3.8e-06,16.754794983499522,target,2700208700.0,11
PEPE,1779415320000,1779415380000,3.8e-06,3.81e-06,16.726083194206325,target,2699932719.0,11
PEPE,1779415920000,1779415980000,3.8e-06,3.81e-06,16.728877529490283,target,2700383782.0,11
PEPE,1779416760000,1779416820000,3.79e-06,3.8e-06,16.763199066524187,target,2701563105.0,11
PEPE,1779417360000,1779417420000,3.79e-06,3.8e-06,16.766004880654343,target,2702015291.0,11
PEPE,1779418440000,1779418500000,3.8e-06,3.81e-06,16.73727387937449,target,2701739125.0,11
PEPE,1779419520000,1779419580000,3.8e-06,3.81e-06,16.740070085551103,target,2702190490.0,11
PEPE,1779420420000,1779420600000,3.79e-06,3.8e-06,16.7744145854108,target,2703370602.0,11
PEPE,1779421920000,1779421980000,3.7800000000000002e-06,3.79e-06,16.808792401553305,target,2704552277.0,11
PEPE,1779423120000,1779423180000,3.8e-06,3.81e-06,16.74847732624443,target,2703547591.0,11
PEPE,1779423780000,1779423840000,3.79e-06,3.8e-06,16.782839070474303,target,2704728295.0,11
PEPE,1779425520000,1779425580000,3.7800000000000002e-06,3.79e-06,16.817234149045035,target,2705910563.0,11
PEPE,1779426120000,1779426180000,3.7800000000000002e-06,3.79e-06,16.820054304736296,target,2706364329.0,11
PEPE,1779426780000,1779426840000,3.7800000000000002e-06,3.79e-06,16.822874938980092,target,2706818172.0,11
PEPE,1779427320000,1779427860000,3.79e-06,3.8e-06,16.794094164849266,target,2706542170.0,11
PEPE,1779429480000,1779429540000,3.7800000000000002e-06,3.79e-06,16.82851231066511,target,2707725231.0,11
PEPE,1779430860000,1779430920000,3.7700000000000003e-06,3.7800000000000002e-06,16.862963878500157,target,2708909860.0,11
PEPE,1779431220000,1779431280000,3.7700000000000003e-06,3.7800000000000002e-06,16.865797012951184,target,2709364982.0,11
PEPE,1779496320000,1779496380000,3.6000000000000003e-06,3.61e-06,17.409136944959585,target,2722304448.0,11
PEPE,1779497220000,1779497280000,3.5900000000000004e-06,3.6000000000000003e-06,17.444110731180587,target,2723514556.0,11
PEPE,1779498420000,1779498480000,3.61e-06,3.62e-06,17.383236853326085,target,2722511645.0,11
PEPE,1779499080000,1779499140000,3.61e-06,3.62e-06,17.38624545255511,target,2722982843.0,11
PEPE,1779499620000,1779499680000,3.61e-06,3.62e-06,17.389254575354112,target,2723454123.0,11
PEPE,1779500880000,1779500940000,3.61e-06,3.62e-06,17.392264215339008,target,2723925484.0,11
PEPE,1779501420000,1779501600000,3.62e-06,3.63e-06,17.3633261759996,target,2723659008.0,11
PEPE,1779502260000,1779502320000,3.61e-06,3.62e-06,17.39827953661075,target,2724867586.0,11
PEPE,1779502620000,1779504360000,3.62e-06,3.63e-06,17.36933148975204,target,2724601018.0,11
PEPE,1779504840000,1779504900000,3.62e-06,3.63e-06,17.37233215762538,target,2725071711.0,11
PEPE,1779505320000,1779505380000,3.62e-06,3.63e-06,17.37533335462488,target,2725542487.0,11
PEPE,1779506160000,1779506220000,3.62e-06,3.63e-06,17.378335061626007,target,2726013343.0,11
PEPE,1779506520000,1779506580000,3.62e-06,3.63e-06,17.381337291374205,target,2726484281.0,11
PEPE,1779507180000,1779507240000,3.62e-06,3.63e-06,17.3843400375013,target,2726955300.0,11
PEPE,1779507780000,1779507840000,3.62e-06,3.63e-06,17.387343306373648,target,2727426401.0,11
PEPE,1779508920000,1779510780000,3.62e-06,3.6000000000000003e-06,-69.31587755861962,time,2727897582.0,11
PEPE,1779511920000,1779511980000,3.5900000000000004e-06,3.6000000000000003e-06,17.474351957895173,target,2728236059.0,11
PEPE,1779513600000,1779513660000,3.58e-06,3.59e-06,17.509420935296063,target,2729449873.0,11
PEPE,1779514620000,1779514680000,3.58e-06,3.59e-06,17.51246808595581,target,2729924877.0,11
PEPE,1779515280000,1779515340000,3.58e-06,3.59e-06,17.515515775476103,target,2730399965.0,11
PEPE,1779515820000,1779515880000,3.58e-06,3.59e-06,17.518563991024195,target,2730875135.0,11
PEPE,1779516420000,1779516480000,3.58e-06,3.59e-06,17.521612739019186,target,2731350388.0,11
PEPE,1779517020000,1779517080000,3.58e-06,3.59e-06,17.524662013045617,target,2731825723.0,11
PEPE,1779517620000,1779517680000,3.58e-06,3.59e-06,17.52771181951531,target,2732301141.0,11
PEPE,1779580920000,1779580980000,3.6400000000000003e-06,3.65e-06,17.33858744982606,target,2728337915.0,11
PEPE,1779581520000,1779581580000,3.63e-06,3.64e-06,17.373563052409196,target,2729546434.0,11
PEPE,1779582720000,1779582780000,3.6400000000000003e-06,3.65e-06,17.344562166625284,target,2729278075.0,11
PEPE,1779583320000,1779583680000,3.6400000000000003e-06,3.65e-06,17.34754754226522,target,2729747843.0,11
PEPE,1779584220000,1779584280000,3.63e-06,3.64e-06,17.38254122225486,target,2730956987.0,11
PEPE,1779584820000,1779584880000,3.6400000000000003e-06,3.65e-06,17.353525341241113,target,2730688488.0,11
PEPE,1779585480000,1779585540000,3.63e-06,3.64e-06,17.388531081886928,target,2731898049.0,11
PEPE,1779586620000,1779586740000,3.6400000000000003e-06,3.65e-06,17.35950520558932,target,2731629458.0,11
PEPE,1779587220000,1779587280000,3.6400000000000003e-06,3.65e-06,17.362493155004653,target,2732099631.0,11
PEPE,1779588420000,1779588480000,3.6400000000000003e-06,3.65e-06,17.365481619175796,target,2732569885.0,11
PEPE,1779589080000,1779589140000,3.63e-06,3.64e-06,17.40051147583511,target,2733780279.0,11
PEPE,1779589920000,1779589980000,3.62e-06,3.63e-06,17.43557577862618,target,2734992279.0,11
PEPE,1779591360000,1779591420000,3.63e-06,3.64e-06,17.406518584615483,target,2734724051.0,11
PEPE,1779591720000,1779591780000,3.63e-06,3.64e-06,17.409520153123484,target,2735195625.0,11
PEPE,1779592440000,1779592500000,3.63e-06,3.64e-06,17.412522237201564,target,2735667280.0,11
PEPE,1779593520000,1779593580000,3.62e-06,3.63e-06,17.44761073950087,target,2736880116.0,11
PEPE,1779594720000,1779594780000,3.61e-06,3.62e-06,17.48273377198498,target,2738094561.0,11
PEPE,1779596580000,1779596640000,3.62e-06,3.63e-06,17.453645199751286,target,2737826698.0,11
PEPE,1779597120000,1779597180000,3.62e-06,3.63e-06,17.456660440873616,target,2738299677.0,11
PEPE,1779598320000,1779598380000,3.62e-06,3.63e-06,17.45967619837484,target,2738772737.0,11
PEPE,1779598920000,1779598980000,3.62e-06,3.63e-06,17.46269248500041,target,2739245880.0,11
PEPE,1779599520000,1779599580000,3.61e-06,3.62e-06,17.497845866605083,target,2740461373.0,11
PEPE,1779600720000,1779600840000,3.61e-06,3.62e-06,17.500874304031182,target,2740935678.0,11
PEPE,1779601620000,1779601680000,3.6000000000000003e-06,3.61e-06,17.5360684030239,target,2742152995.0,11
PEPE,1779667320000,1779667380000,3.57e-06,3.58e-06,17.635725872649168,target,2744860058.0,11
PEPE,1779667920000,1779667980000,3.58e-06,3.59e-06,17.606571934131054,target,2744594222.0,11
PEPE,1779669120000,1779669540000,3.5900000000000004e-06,3.6000000000000003e-06,17.577419161890447,target,2744327738.0,11
PEPE,1779670020000,1779670080000,3.58e-06,3.59e-06,17.612694981065818,target,2745548711.0,11
PEPE,1779671220000,1779671280000,3.58e-06,3.59e-06,17.61576011297001,target,2746026518.0,11
PEPE,1779671820000,1779671880000,3.57e-06,3.58e-06,17.651076900275015,target,2747249323.0,11
PEPE,1779672540000,1779672600000,3.57e-06,3.58e-06,17.654154333924573,target,2747728301.0,11
PEPE,1779673080000,1779673140000,3.57e-06,3.58e-06,17.65723230085076,target,2748207362.0,11
PEPE,1779673620000,1779673680000,3.57e-06,3.58e-06,17.660310801049942,target,2748686506.0,11
PEPE,1779675120000,1779675180000,3.57e-06,3.58e-06,17.66338984737577,target,2749165735.0,11
PEPE,1779676560000,1779676620000,3.5500000000000003e-06,3.5600000000000002e-06,17.731080484995303,target,2751137391.0,11
PEPE,1779677520000,1779677580000,3.5500000000000003e-06,3.5600000000000002e-06,17.734183172445103,target,2751618801.0,11
PEPE,1779678120000,1779678180000,3.5500000000000003e-06,3.5600000000000002e-06,17.737286394830992,target,2752100294.0,11
PEPE,1779679080000,1779679140000,3.54e-06,3.55e-06,17.77273898547585,target,2753329045.0,11
PEPE,1779680700000,1779680760000,3.54e-06,3.55e-06,17.77585462678092,target,2753811716.0,11
PEPE,1779681480000,1779681600000,3.5500000000000003e-06,3.5600000000000002e-06,17.74661066635563,target,2753547039.0,11
PEPE,1779682620000,1779682680000,3.5500000000000003e-06,3.5600000000000002e-06,17.74971606715049,target,2754028870.0,11
PEPE,1779683820000,1779683880000,3.5600000000000002e-06,3.57e-06,17.720468096759923,target,2753763496.0,11
PEPE,1779684480000,1779684540000,3.57e-06,3.58e-06,17.691221257601008,target,2753497472.0,11
PEPE,1779685080000,1779685140000,3.58e-06,3.59e-06,17.66197556916989,target,2753230798.0,11
PEPE,1779685620000,1779685680000,3.58e-06,3.59e-06,17.665049277930883,target,2753709942.0,11
PEPE,1779686220000,1779686280000,3.5900000000000004e-06,3.6000000000000003e-06,17.63579968006397,target,2753442573.0,11
PEPE,1779686880000,1779686940000,3.5900000000000004e-06,3.6000000000000003e-06,17.638863217183225,target,2753920877.0,11
PEPE,1779687420000,1779687480000,3.5900000000000004e-06,3.6000000000000003e-06,17.64192728591965,target,2754399264.0,11
PEPE,1779753720000,1779753780000,3.5900000000000004e-06,3.6000000000000003e-06,17.64499187986461,target,2754877733.0,11
PEPE,1779754320000,1779754380000,3.5900000000000004e-06,3.6000000000000003e-06,17.64805701182992,target,2755356286.0,11
PEPE,1779754920000,1779754980000,3.58e-06,3.59e-06,17.683474594888917,target,2756582166.0,11
PEPE,1779755520000,1779755580000,3.58e-06,3.59e-06,17.68655203717912,target,2757061892.0,11
PEPE,1779760920000,1779760980000,3.52e-06,3.53e-06,17.884178256697727,target,2762035252.0,11
PEPE,1779761520000,1779761580000,3.53e-06,3.54e-06,17.854850426566607,target,2761771141.0,11
PEPE,1779762240000,1779762300000,3.53e-06,3.54e-06,17.857986164909594,target,2762256174.0,11
PEPE,1779762720000,1779762780000,3.53e-06,3.54e-06,17.86112245277998,target,2762741292.0,11
PEPE,1779763920000,1779763980000,3.54e-06,3.55e-06,17.831785387924125,target,2762476435.0,11
PEPE,1779764520000,1779764580000,3.53e-06,3.54e-06,17.867390987894794,target,2763710903.0,11
PEPE,1779765240000,1779765300000,3.52e-06,3.53e-06,17.903031883274934,target,2764947009.0,11
PEPE,1779767520000,1779767580000,3.53e-06,3.54e-06,17.873673131836092,target,2764682619.0,11
PEPE,1779768120000,1779768180000,3.54e-06,3.55e-06,17.844315446624684,target,2764417575.0,11
PEPE,1779768780000,1779768840000,3.53e-06,3.54e-06,17.879946069616032,target,2765652911.0,11
PEPE,1779769980000,1779770040000,3.5500000000000003e-06,3.5600000000000002e-06,17.818087591851047,target,2764637330.0,11
PEPE,1779770520000,1779770580000,3.5500000000000003e-06,3.5600000000000002e-06,17.821205502390903,target,2765121102.0,11
PEPE,1779771180000,1779771240000,3.5500000000000003e-06,3.5600000000000002e-06,17.824323954308216,target,2765604958.0,11
PEPE,1779771720000,1779771780000,3.5500000000000003e-06,3.5600000000000002e-06,17.827442954055286,target,2766088899.0,11
PEPE,1779773520000,1779773580000,3.57e-06,3.58e-06,17.76558893639938,target,2765072208.0,11
PEPE,1779774120000,1779774180000,3.57e-06,3.58e-06,17.76868633252451,target,2765554293.0,11
PEPE,1779774720000,1779774780000,3.57e-06,3.58e-06,17.771784268350366,target,2766036462.0,11
PEPE,1779775320000,1779775380000,3.5600000000000002e-06,3.57e-06,17.807377700968686,target,2767269262.0,11
PEPE,1779776820000,1779776880000,3.5600000000000002e-06,3.57e-06,17.81048805822094,target,2767752612.0,11
PEPE,1779777420000,1779777480000,3.5600000000000002e-06,3.57e-06,17.813598962445027,target,2768236047.0,11
PEPE,1779840720000,1779840780000,3.52e-06,3.53e-06,17.94693497327638,target,2771727409.0,11
PEPE,1779841980000,1779842040000,3.52e-06,3.53e-06,17.950092617098605,target,2772215076.0,11
PEPE,1779842580000,1779842640000,3.52e-06,3.53e-06,17.95325081777708,target,2772702829.0,11
PEPE,1779843120000,1779843180000,3.53e-06,3.54e-06,17.923809717571473,target,2772437698.0,11
PEPE,1779843720000,1779843780000,3.53e-06,3.54e-06,17.92695756486051,target,2772924604.0,11
PEPE,1779844440000,1779844500000,3.53e-06,3.54e-06,17.93010596814106,target,2773411596.0,11
PEPE,1779844920000,1779846780000,3.53e-06,3.52e-06,-42.399041232089104,time,2773898674.0,11
PEPE,1779847380000,1779847440000,3.5100000000000003e-06,3.52e-06,17.991033344395042,target,2774253407.0,11
PEPE,1779848220000,1779848280000,3.5100000000000003e-06,3.52e-06,17.994204502909568,target,2774742406.0,11
PEPE,1779849720000,1779849780000,3.5100000000000003e-06,3.52e-06,17.997376212650966,target,2775231490.0,11
PEPE,1779850320000,1779850380000,3.5000000000000004e-06,3.5100000000000003e-06,18.033204689834147,target,2776474933.0,11
PEPE,1779850920000,1779850980000,3.5100000000000003e-06,3.52e-06,18.003727070424887,target,2776210805.0,11
PEPE,1779851520000,1779851580000,3.52e-06,3.53e-06,17.974250485975322,target,2775946021.0,11
PEPE,1779852780000,1779852840000,3.52e-06,3.53e-06,17.977412934250395,target,2776434430.0,11
PEPE,1779853620000,1779853680000,3.5100000000000003e-06,3.52e-06,18.01323741371558,target,2777677319.0,11
PEPE,1779854280000,1779854340000,3.5100000000000003e-06,3.52e-06,18.016412482685638,target,2778166921.0,11
PEPE,1779854820000,1779854880000,3.5100000000000003e-06,3.52e-06,18.01958810936577,target,2778656609.0,11
PEPE,1779855480000,1779855540000,3.5000000000000004e-06,3.5100000000000003e-06,18.055460801069874,target,2779901586.0,11
PEPE,1779858720000,1779858780000,3.5000000000000004e-06,3.5100000000000003e-06,18.05864908615598,target,2780392469.0,11
PEPE,1779859920000,1779859980000,3.5100000000000003e-06,3.52e-06,18.02912987896574,target,2780127969.0,11
PEPE,1779862380000,1779862440000,3.52e-06,3.53e-06,17.9996117012259,target,2779862811.0,11
PEPE,1779863520000,1779864780000,3.54e-06,3.55e-06,17.937428266495864,target,2778842489.0,11
PEPE,1779865320000,1779865380000,3.54e-06,3.55e-06,17.940572787469517,target,2779329634.0,11
PEPE,1779865980000,1779866040000,3.53e-06,3.54e-06,17.976395607346134,target,2780571633.0,11
PEPE,1779926520000,1779926580000,3.4700000000000002e-06,3.48e-06,18.1760269826242,target,2785598005.0,11
PEPE,1779927120000,1779927180000,3.45e-06,3.46e-06,18.244899654904312,target,2787608809.0,11
PEPE,1779927900000,1779927960000,3.4600000000000003e-06,3.4700000000000002e-06,18.215313010959818,target,2787347056.0,11
PEPE,1779929820000,1779929880000,3.4600000000000003e-06,3.4700000000000002e-06,18.218552848306317,target,2787842823.0,11
PEPE,1779931020000,1779931080000,3.45e-06,3.46e-06,18.254642554995,target,2789097411.0,11
PEPE,1779931620000,1779931680000,3.45e-06,3.46e-06,18.257895243280533,target,2789594384.0,11
PEPE,1779932880000,1779932940000,3.45e-06,3.46e-06,18.26114851407148,target,2790091446.0,11
PEPE,1779934020000,1779934080000,3.45e-06,3.46e-06,18.264402360820075,target,2790588596.0,11
PEPE,1779934680000,1779934740000,3.4600000000000003e-06,3.4700000000000002e-06,18.234784089205657,target,2790326563.0,11
PEPE,1779936420000,1779936480000,3.45e-06,3.46e-06,18.270905944058732,target,2791582268.0,11
PEPE,1779937020000,1779937080000,3.45e-06,3.46e-06,18.274161531781267,target,2792079684.0,11
PEPE,1779937860000,1779937920000,3.43e-06,3.44e-06,18.34325196509048,target,2794097786.0,11
PEPE,1779943920000,1779943980000,3.36e-06,3.37e-06,18.577559137425737,target,2799933555.0,11
PEPE,1779944520000,1779944580000,3.36e-06,3.37e-06,18.58092312223446,target,2800440561.0,11
PEPE,1779948720000,1779948780000,3.32e-06,3.33e-06,18.71674760610096,target,2804007132.0,11
PEPE,1779949320000,1779949380000,3.3300000000000003e-06,3.34e-06,18.687012818566703,target,2803752861.0,11
PEPE,1779949920000,1779949980000,3.32e-06,3.33e-06,18.72356887537656,target,2805029045.0,11
PEPE,1779950820000,1779950880000,3.34e-06,3.35e-06,18.660681132830916,target,2804009186.0,11
PEPE,1779951480000,1779951540000,3.3300000000000003e-06,3.34e-06,18.697220346045054,target,2805284373.0,11
PEPE,1779952020000,1779952080000,3.3300000000000003e-06,3.34e-06,18.700624094895723,target,2805795063.0,11
PEPE,1779952620000,1779952680000,3.34e-06,3.35e-06,18.670868254115632,target,2805539933.0,11
PEPE,1779953820000,1779953880000,3.35e-06,3.36e-06,18.64111303720495,target,2805284129.0,11
PEPE,1779954540000,1779954600000,3.35e-06,3.36e-06,18.644494544806925,target,2805793009.0,11
PEPE,1779955620000,1779955680000,3.36e-06,3.37e-06,18.614734584609817,target,2805536486.0,11
PEPE,1780012920000,1780013160000,3.39e-06,3.4e-06,18.518769489759293,target,2803750112.0,11
PEPE,1780014120000,1780014180000,3.39e-06,3.4e-06,18.522104942105738,target,2804255101.0,11
PEPE,1780014720000,1780015020000,3.39e-06,3.4e-06,18.525440988901103,target,2804760180.0,11
PEPE,1780015920000,1780015980000,3.4e-06,3.41e-06,18.495683916934986,target,2804500973.0,11
PEPE,1780016520000,1780016580000,3.4e-06,3.41e-06,18.49900926102528,target,2805005195.0,11
PEPE,1780017120000,1780017180000,3.4e-06,3.41e-06,18.5023351986652,target,2805509507.0,11
PEPE,1780018080000,1780018140000,3.3800000000000002e-06,3.39e-06,18.571902944805977,target,2807543907.0,11
PEPE,1780018620000,1780018680000,3.3800000000000002e-06,3.39e-06,18.575253938429984,target,2808050482.0,11
PEPE,1780019280000,1780019340000,3.39e-06,3.4e-06,18.545463953931602,target,2807791666.0,11
PEPE,1780019820000,1780019880000,3.39e-06,3.4e-06,18.54880421471526,target,2808297383.0,11
PEPE,1780020420000,1780020480000,3.4e-06,3.41e-06,18.51900961415592,target,2808037849.0,11
PEPE,1780021620000,1780021680000,3.3800000000000002e-06,3.39e-06,18.58864005243055,target,2810074082.0,11
PEPE,1780022580000,1780022700000,3.3800000000000002e-06,3.39e-06,18.59199406910961,target,2810581114.0,11
PEPE,1780023120000,1780023180000,3.3800000000000002e-06,3.39e-06,18.59534868775603,target,2811088237.0,11
PEPE,1780023720000,1780023780000,3.3700000000000003e-06,3.3800000000000002e-06,18.631899449123967,target,2812362181.0,11
PEPE,1780024320000,1780024380000,3.39e-06,3.4e-06,18.568882305074325,target,2811337215.0,11
PEPE,1780024980000,1780025040000,3.3800000000000002e-06,3.39e-06,18.605416188555115,target,2812610157.0,11
PEPE,1780025520000,1780025580000,3.3800000000000002e-06,3.39e-06,18.608773234906558,target,2813117647.0,11
PEPE,1780026720000,1780026780000,3.3800000000000002e-06,3.39e-06,18.612130883219898,target,2813625228.0,11
PEPE,1780028820000,1780028880000,3.36e-06,3.37e-06,18.681958254870096,target,2815668162.0,11
PEPE,1780029420000,1780029480000,3.3700000000000003e-06,3.3800000000000002e-06,18.65209150174907,target,2815410038.0,11
PEPE,1780030080000,1780030140000,3.3700000000000003e-06,3.3800000000000002e-06,18.655462977499276,target,2815918940.0,11
PEPE,1780030620000,1780030740000,3.3800000000000002e-06,3.39e-06,18.625591535038854,target,2815660096.0,11
PEPE,1780033020000,1780033080000,3.39e-06,3.4e-06,18.595720817690317,target,2815400578.0,11
PEPE,1780099320000,1780099380000,3.3800000000000002e-06,3.39e-06,18.63230751301532,target,2816675361.0,11
PEPE,1780099920000,1780100160000,3.39e-06,3.4e-06,18.602426028749406,target,2816415750.0,11
PEPE,1780101120000,1780101180000,3.3800000000000002e-06,3.39e-06,18.639025912081305,target,2817690992.0,11
PEPE,1780101720000,1780101780000,3.39e-06,3.4e-06,18.609133650634888,target,2817431287.0,11
PEPE,1780102320000,1780102380000,3.39e-06,3.4e-06,18.61248537769933,target,2817938740.0,11
PEPE,1780102920000,1780102980000,3.39e-06,3.4e-06,18.61583770581956,target,2818446284.0,11
PEPE,1780104120000,1780104180000,3.41e-06,3.42e-06,18.552698339956084,target,2817418123.0,11
PEPE,1780104720000,1780104780000,3.4200000000000003e-06,3.43e-06,18.522803020975548,target,2817156353.0,11
PEPE,1780105320000,1780105380000,3.4200000000000003e-06,3.43e-06,18.526121331424875,target,2817661039.0,11
PEPE,1780105920000,1780105980000,3.4200000000000003e-06,3.43e-06,18.529440233625255,target,2818165815.0,11
PEPE,1780106760000,1780106820000,3.43e-06,3.44e-06,18.499535026635584,target,2817903279.0,11
PEPE,1780107720000,1780107780000,3.43e-06,3.44e-06,18.50284322204571,target,2818407193.0,11
PEPE,1780108320000,1780108380000,3.43e-06,3.44e-06,18.506152014870814,target,2818911198.0,11
PEPE,1780108920000,1780108980000,3.44e-06,3.45e-06,18.476236958280083,target,2818647896.0,11
PEPE,1780110180000,1780110240000,3.44e-06,3.45e-06,18.479535067199958,target,2819151040.0,11
PEPE,1780110720000,1780110780000,3.45e-06,3.46e-06,18.449615539354557,target,2818887019.0,11
PEPE,1780111320000,1780111380000,3.44e-06,3.45e-06,18.48612710295031,target,2820156690.0,11
PEPE,1780112220000,1780112280000,3.43e-06,3.44e-06,18.522675128555548,target,2821428047.0,11
PEPE,1780113420000,1780113480000,3.4200000000000003e-06,3.43e-06,18.559259679900677,target,2822701092.0,11
PEPE,1780114020000,1780114440000,3.4200000000000003e-06,3.43e-06,18.56258452590081,target,2823206772.0,11
PEPE,1780115220000,1780117080000,3.41e-06,3.39e-06,-70.88036916492081,time,2824481736.0,11
PEPE,1780118820000,1780118880000,3.4200000000000003e-06,3.43e-06,18.55321193572527,target,2821781283.0,11
PEPE,1780119420000,1780119480000,3.4200000000000003e-06,3.43e-06,18.5565356902748,target,2822286797.0,11
PEPE,1780120080000,1780120140000,3.43e-06,3.44e-06,18.526586752506354,target,2822023877.0,11
PEPE,1780185720000,1780186860000,3.41e-06,3.42e-06,18.59647640112034,target,2824066272.0,11
PEPE,1780187220000,1780187340000,3.41e-06,3.42e-06,18.59981388983938,target,2824573104.0,11
PEPE,1780187880000,1780187940000,3.4e-06,3.41e-06,18.636479444189934,target,2825849802.0,11
PEPE,1780189020000,1780189080000,3.4200000000000003e-06,3.43e-06,18.57318132190026,target,2824818452.0,11
PEPE,1780189680000,1780189740000,3.4200000000000003e-06,3.43e-06,18.576508653250805,target,2825324510.0,11
PEPE,1780190220000,1780190280000,3.4200000000000003e-06,3.43e-06,18.579836582926077,target,2825830659.0,11
PEPE,1780190940000,1780191000000,3.4200000000000003e-06,3.43e-06,18.58316511092426,target,2826336899.0,11
PEPE,1780191540000,1780191660000,3.43e-06,3.44e-06,18.55317319712966,target,2826073602.0,11
PEPE,1780192620000,1780192680000,3.43e-06,3.44e-06,18.55649099056789,target,2826578978.0,11
PEPE,1780193220000,1780193280000,3.44e-06,3.45e-06,18.5264945627997,target,2826314960.0,11
PEPE,1780193820000,1780193880000,3.45e-06,3.46e-06,18.496499010604918,target,2826050269.0,11
PEPE,1780194420000,1780194480000,3.44e-06,3.45e-06,18.533103353129608,target,2827323166.0,11
PEPE,1780195920000,1780196040000,3.43e-06,3.44e-06,18.5697442550124,target,2828597754.0,11
PEPE,1780197720000,1780197780000,3.44e-06,3.45e-06,18.539726400584776,target,2828333547.0,11
PEPE,1780199580000,1780199640000,3.45e-06,3.46e-06,18.509709425514128,target,2828068667.0,11
PEPE,1780200120000,1780200180000,3.45e-06,3.46e-06,18.5130075622812,target,2828572584.0,11
PEPE,1780200720000,1780200780000,3.44e-06,3.45e-06,18.54964458099005,target,2829846618.0,11
PEPE,1780202520000,1780202580000,3.4600000000000003e-06,3.4700000000000002e-06,18.486285452820365,target,2828811852.0,11
PEPE,1780203780000,1780203840000,3.4600000000000003e-06,3.4700000000000002e-06,18.489573485789975,target,2829314994.0,11
PEPE,1780204320000,1780204380000,3.45e-06,3.46e-06,18.526200063526044,target,2830588245.0,11
PEPE,1780205100000,1780205160000,3.45e-06,3.46e-06,18.52950114554082,target,2831092612.0,11
PEPE,1780205520000,1780205580000,3.45e-06,3.46e-06,18.53280281006101,target,2831597068.0,11
PEPE,1780206120000,1780206180000,3.45e-06,3.46e-06,18.536105063630743,target,2832101614.0,11
PEPE,1780206960000,1780207020000,3.44e-06,3.45e-06,18.572787788534136,target,2833377237.0,11
PEPE,1780272120000,1780272180000,3.4200000000000003e-06,3.43e-06,18.642929355850665,target,2835426518.0,11
PEPE,1780272720000,1780272780000,3.4200000000000003e-06,3.43e-06,18.646269186274623,target,2835934477.0,11
PEPE,1780273920000,1780273980000,3.43e-06,3.44e-06,18.616175427589987,target,2835670286.0,11
PEPE,1780274520000,1780274580000,3.43e-06,3.44e-06,18.61950448657097,target,2836177378.0,11
PEPE,1780275300000,1780275360000,3.43e-06,3.44e-06,18.62283413640008,target,2836684560.0,11
PEPE,1780275720000,1780275780000,3.43e-06,3.44e-06,18.626164383645985,target,2837191833.0,11
PEPE,1780277820000,1780277880000,3.41e-06,3.42e-06,18.696429681509677,target,2839245206.0,11
PEPE,1780280580000,1780280640000,3.4e-06,3.41e-06,18.733285701515538,target,2840528537.0,11
PEPE,1780281720000,1780281780000,3.41e-06,3.42e-06,18.70314713878508,target,2840265321.0,11
PEPE,1780282980000,1780283040000,3.43e-06,3.44e-06,18.639533251171766,target,2839228218.0,11
PEPE,1780283580000,1780283700000,3.44e-06,3.45e-06,18.609402589544988,target,2838963019.0,11
PEPE,1780284840000,1780284900000,3.44e-06,3.45e-06,18.61272446034272,target,2839469788.0,11
PEPE,1780285320000,1780285380000,3.43e-06,3.44e-06,18.64952277181573,target,2840749851.0,11
PEPE,1780287420000,1780287480000,3.41e-06,3.42e-06,18.719876186414904,target,2842805799.0,11
PEPE,1780290420000,1780290480000,3.4e-06,3.41e-06,18.756778423704496,target,2844090739.0,11
PEPE,1780291020000,1780291080000,3.39e-06,3.4e-06,18.793717634529635,target,2845377386.0,11
PEPE,1780292220000,1780292340000,3.39e-06,3.4e-06,18.79710260456018,target,2845889872.0,11
PEPE,1780292820000,1780292880000,3.39e-06,3.4e-06,18.800488182251563,target,2846402450.0,11
PEPE,1780293480000,1780293540000,3.39e-06,3.4e-06,18.80387437420519,target,2846915121.0,11
PEPE,1780294080000,1780294140000,3.3800000000000002e-06,3.39e-06,18.8408706043954,target,2848204173.0,11
PEPE,1780297020000,1780297080000,3.3700000000000003e-06,3.3800000000000002e-06,18.877903957626792,target,2849494937.0,11
PEPE,1780297680000,1780297740000,3.3700000000000003e-06,3.3800000000000002e-06,18.88131624999894,target,2850010000.0,11
PEPE,1780298220000,1780298280000,3.3800000000000002e-06,3.39e-06,18.851083165532227,target,2849748022.0,11
PEPE,1780299000000,1780299060000,3.36e-06,3.37e-06,18.92180701584129,target,2851817184.0,11
PEPE,1780358520000,1780358580000,3.41e-06,3.42e-06,18.75703423513491,target,2848448631.0,11
PEPE,1780359360000,1780359420000,3.4e-06,3.41e-06,18.79400971799649,target,2849736121.0,11
PEPE,1780360020000,1780360080000,3.39e-06,3.4e-06,18.83102225181058,target,2851025322.0,11
PEPE,1780360800000,1780360860000,3.4e-06,3.41e-06,18.800774328204163,target,2850761839.0,11
PEPE,1780362300000,1780362360000,3.39e-06,3.4e-06,18.837800177315458,target,2852051503.0,11
PEPE,1780363800000,1780365660000,3.39e-06,3.36e-06,-99.99667280555902,time,2852565192.0,11
PEPE,1780367580000,1780367640000,3.3700000000000003e-06,3.3800000000000002e-06,18.890476617627055,target,2851392697.0,11
PEPE,1780368120000,1780368420000,3.3700000000000003e-06,3.3800000000000002e-06,18.89389118237695,target,2851908103.0,11
PEPE,1780369920000,1780369980000,3.39e-06,3.4e-06,18.829987922022088,target,2850868724.0,11
PEPE,1780371120000,1780371180000,3.39e-06,3.4e-06,18.833379424394813,target,2851382199.0,11
PEPE,1780371720000,1780371780000,3.39e-06,3.4e-06,18.83677153442838,target,2851895766.0,11
PEPE,1780372980000,1780373220000,3.4e-06,3.41e-06,18.806514378784154,target,2851632203.0,11
PEPE,1780374120000,1780374180000,3.39e-06,3.4e-06,18.84355153390398,target,2852922261.0,11
PEPE,1780374720000,1780374780000,3.39e-06,3.4e-06,18.846945486733386,target,2853436107.0,11
PEPE,1780375380000,1780375440000,3.39e-06,3.4e-06,18.850340040620395,target,2853950044.0,11
PEPE,1780377420000,1780377480000,3.3700000000000003e-06,3.3800000000000002e-06,18.921138548624953,target,2856020913.0,11
PEPE,1780380120000,1780380180000,3.34e-06,3.35e-06,19.025819933065844,target,2858876023.0,11
PEPE,1780381920000,1780381980000,3.3300000000000003e-06,3.34e-06,19.063074119729926,target,2860176162.0,11
PEPE,1780382520000,1780382580000,3.3300000000000003e-06,3.34e-06,19.066544471925532,target,2860696845.0,11
PEPE,1780383360000,1780383420000,3.32e-06,3.33e-06,19.103842984576115,target,2861998949.0,11
PEPE,1780383720000,1780383780000,3.32e-06,3.33e-06,19.107326920724915,target,2862520887.0,11
PEPE,1780384320000,1780384380000,3.32e-06,3.33e-06,19.110811497674423,target,2863042921.0,11
PEPE,1780384980000,1780385040000,3.3300000000000003e-06,3.34e-06,19.080450667839692,target,2862783296.0,11
PEPE,1780385520000,1780385580000,3.32e-06,3.33e-06,19.11777638625062,target,2864086350.0,11
PEPE,1780444920000,1780444980000,3.1100000000000003e-06,3.12e-06,19.83658500031537,target,2881130719.0,11
PEPE,1780445520000,1780445640000,3.12e-06,3.13e-06,19.806081405001855,target,2880884568.0,11
PEPE,1780446120000,1780446180000,3.13e-06,3.14e-06,19.77557791347563,target,2880637715.0,11
PEPE,1780447020000,1780447080000,3.13e-06,3.14e-06,19.779306356759466,target,2881180824.0,11
PEPE,1780447620000,1780447680000,3.13e-06,3.14e-06,19.783035507141076,target,2881724036.0,11
PEPE,1780448460000,1780448520000,3.12e-06,3.13e-06,19.82102887874886,target,2883058746.0,11
PEPE,1780448820000,1780448880000,3.13e-06,3.14e-06,19.790502368554634,target,2882811707.0,11
PEPE,1780449720000,1780449780000,3.12e-06,3.13e-06,19.828510081875717,target,2884146921.0,11
PEPE,1780450320000,1780450380000,3.14e-06,3.15e-06,19.763707931191163,target,2883108378.0,11
PEPE,1780451820000,1780451880000,3.13e-06,3.14e-06,19.801698256779705,target,2884442572.0,11
PEPE,1780452420000,1780452480000,3.13e-06,3.14e-06,19.805431622269335,target,2884986398.0,11
PEPE,1780453020000,1780453080000,3.13e-06,3.14e-06,19.809165694854922,target,2885530327.0,11
PEPE,1780457220000,1780457520000,3.1100000000000003e-06,3.12e-06,19.88153688991293,target,2887659679.0,11
PEPE,1780459920000,1780459980000,3.09e-06,3.1e-06,19.954023150799586,target,2889793360.0,11
PEPE,1780460520000,1780460580000,3.09e-06,3.1e-06,19.957811316659576,target,2890341972.0,11
PEPE,1780461780000,1780461840000,3.1100000000000003e-06,3.12e-06,19.89284925473979,target,2889302724.0,11
PEPE,1780462380000,1780462440000,3.1100000000000003e-06,3.12e-06,19.896612795405762,target,2889849353.0,11
PEPE,1780462920000,1780462980000,3.13e-06,3.14e-06,19.831675604225936,target,2888809265.0,11
PEPE,1780463520000,1780463640000,3.18e-06,3.19e-06,19.663958242690768,target,2885393726.0,11
PEPE,1780464240000,1780464300000,3.1600000000000002e-06,3.17e-06,19.736172522994675,target,2887516097.0,11
PEPE,1780464720000,1780464780000,3.1500000000000003e-06,3.1600000000000002e-06,19.77417833213952,target,2888850012.0,11
PEPE,1780465920000,1780465980000,3.17e-06,3.18e-06,19.709291333551022,target,2887808254.0,11
PEPE,1780466520000,1780466580000,3.18e-06,3.19e-06,19.67870222259127,target,2887557186.0,11
PEPE,1780467120000,1780467180000,3.17e-06,3.18e-06,19.716666087299387,target,2888888804.0,11
PEPE,1780531320000,1780531380000,3.13e-06,3.14e-06,19.857714679661115,target,2892602284.0,11
PEPE,1780531920000,1780531980000,3.13e-06,3.14e-06,19.861458610384865,target,2893147649.0,11
PEPE,1780532520000,1780532820000,3.14e-06,3.09e-06,-158.12586037853953,stop,2892899019.0,11
PEPE,1780541220000,1780541340000,3e-06,3.01e-06,20.28338711128711,target,2899697943.0,11
PEPE,1780541820000,1780541880000,3e-06,3.01e-06,20.287297666033524,target,2900256993.0,11
PEPE,1780542420000,1780542480000,3.0300000000000002e-06,3.04e-06,20.18750060732995,target,2898420762.0,11
PEPE,1780543020000,1780543080000,3.05e-06,3.06e-06,20.122315732875364,target,2897381675.0,11
PEPE,1780543620000,1780543920000,3.0700000000000003e-06,3.08e-06,20.05716792065047,target,2896341938.0,11
PEPE,1780545480000,1780545540000,3.09e-06,3.1e-06,19.992057216560866,target,2895301552.0,11
PEPE,1780546020000,1780546080000,3.1e-06,3.11e-06,19.96140867916882,target,2895055646.0,11
PEPE,1780546620000,1780546680000,3.1e-06,3.11e-06,19.965191724345132,target,2895604311.0,11
PEPE,1780548780000,1780548840000,3.08e-06,3.09e-06,20.03790838300477,target,2897745247.0,11
PEPE,1780553220000,1780553280000,3.04e-06,3.05e-06,20.179838725736122,target,2901486517.0,11
PEPE,1780554480000,1780554540000,3.0600000000000003e-06,3.0700000000000003e-06,20.11459174783098,target,2900445818.0,11
PEPE,1780555020000,1780555080000,3.0600000000000003e-06,3.0700000000000003e-06,20.118430152435476,target,2900999301.0,11
PEPE,1780555620000,1780555680000,3.0600000000000003e-06,3.0700000000000003e-06,20.12226929214926,target,2901552890.0,11
PEPE,1780561920000,1780562940000,3e-06,3.01e-06,20.33378966772389,target,2906903455.0,11
PEPE,1780563420000,1780563480000,3e-06,3.01e-06,20.337709938530832,target,2907463894.0,11
PEPE,1780568520000,1780568580000,2.9300000000000003e-06,2.9400000000000002e-06,20.584888056404303,target,2913643037.0,11
PEPE,1780569420000,1780569480000,2.9300000000000003e-06,2.9400000000000002e-06,20.588904205110882,target,2914211494.0,11
PEPE,1780570020000,1780570080000,2.92e-06,2.93e-06,20.62776249537619,target,2915584805.0,11
PEPE,1780572120000,1780572180000,2.9300000000000003e-06,2.9400000000000002e-06,20.5969456446291,target,2915349702.0,11
PEPE,1780572780000,1780572840000,2.9400000000000002e-06,2.95e-06,20.566128409289632,target,2915113878.0,11
PEPE,1780573620000,1780573680000,2.92e-06,2.93e-06,20.639838381301185,target,2917291644.0,11
PEPE,1780617720000,1780617780000,2.9400000000000002e-06,2.95e-06,19.477173010395212,target,2760761589.0,12
PEPE,1780618320000,1780618380000,2.9400000000000002e-06,2.95e-06,19.480966610884956,target,2761299307.0,12
PEPE,1780619220000,1780619280000,2.9400000000000002e-06,2.95e-06,19.484760952150292,target,2761837130.0,12
PEPE,1780619880000,1780619940000,2.95e-06,2.96e-06,19.45556375407994,target,2761613024.0,12
PEPE,1780623480000,1780623960000,2.9400000000000002e-06,2.95e-06,19.492345429899718,target,2762912180.0,12
PEPE,1780630320000,1780630380000,2.8900000000000003e-06,2.9e-06,19.66144121465995,target,2767268292.0,12
PEPE,1780631520000,1780631580000,2.88e-06,2.89e-06,19.698424351785107,target,2768576859.0,12
PEPE,1780632720000,1780632780000,2.9e-06,2.91e-06,19.636063012170673,target,2767591686.0,12
PEPE,1780633320000,1780633380000,2.8900000000000003e-06,2.9e-06,19.673029377295673,target,2768899279.0,12
PEPE,1780633920000,1780633980000,2.9e-06,2.91e-06,19.643771225925242,target,2768678115.0,12
PEPE,1780635780000,1780635840000,2.9e-06,2.91e-06,19.647623222039794,target,2769221032.0,12
PEPE,1780636320000,1780636380000,2.8900000000000003e-06,2.9e-06,19.684611351474643,target,2770529395.0,12
PEPE,1780636980000,1780637040000,2.8900000000000003e-06,2.9e-06,19.68847786405583,target,2771073591.0,12
PEPE,1780637700000,1780638120000,2.9e-06,2.8500000000000002e-06,-150.45727739220038,stop,2770852254.0,12
PEPE,1780644720000,1780644780000,2.7500000000000004e-06,2.7600000000000003e-06,20.12810102100025,target,2778205800.0,12
PEPE,1780645440000,1780645500000,2.78e-06,2.79e-06,20.032114996725696,target,2776453915.0,12
PEPE,1780646520000,1780646580000,2.79e-06,2.8e-06,20.00280876049496,target,2776239939.0,12
PEPE,1780651320000,1780651380000,2.77e-06,2.78e-06,20.07346411814956,target,2778334134.0,12
PEPE,1780651920000,1780652100000,2.79e-06,2.8e-06,20.010813580339097,target,2777350948.0,12
PEPE,1780652520000,1780652580000,2.78e-06,2.79e-06,20.0481446271597,target,2778675624.0,12
PEPE,1780653120000,1780653180000,2.79e-06,2.8e-06,20.01881493458078,target,2778461476.0,12
PEPE,1780653720000,1780654680000,2.81e-06,2.7600000000000003e-06,-150.4420552462497,stop,2777477250.0,12
PEPE,1780655220000,1780655280000,2.78e-06,2.79e-06,20.026061633370187,target,2775614918.0,12
PEPE,1780656120000,1780656300000,2.79e-06,2.8e-06,19.996764248230374,target,2775401006.0,12
PEPE,1780704420000,1780704480000,2.7100000000000003e-06,2.7200000000000002e-06,20.267761975399747,target,2782122440.0,12
PEPE,1780705020000,1780705080000,2.73e-06,2.74e-06,20.20498870388555,target,2781140909.0,12
PEPE,1780706220000,1780706280000,2.7200000000000002e-06,2.73e-06,20.24250008144945,target,2782474238.0,12
PEPE,1780707000000,1780707060000,2.73e-06,2.74e-06,20.213148519405177,target,2782264077.0,12
PEPE,1780707480000,1780707540000,2.73e-06,2.74e-06,20.21722628399015,target,2782825366.0,12
PEPE,1780708020000,1780708080000,2.74e-06,2.75e-06,20.18786793632045,target,2782614464.0,12
PEPE,1780710120000,1780710420000,2.7200000000000002e-06,2.73e-06,20.258839782374892,target,2784720245.0,12
PEPE,1780714500000,1780714560000,2.69e-06,2.7e-06,20.363452136265224,target,2787604673.0,12
PEPE,1780723620000,1780723680000,2.61e-06,2.62e-06,20.63651276116513,target,2794382229.0,12
PEPE,1780724340000,1780724400000,2.6e-06,2.61e-06,20.674465715954643,target,2795735729.0,12
PEPE,1780725480000,1780725540000,2.6200000000000003e-06,2.6300000000000002e-06,20.611317689875026,target,2794754941.0,12
PEPE,1780726020000,1780726080000,2.64e-06,2.65e-06,20.548203989529917,target,2793773486.0,12
PEPE,1780726620000,1780726680000,2.64e-06,2.65e-06,20.552411211339933,target,2794345508.0,12
PEPE,1780727220000,1780727280000,2.65e-06,2.66e-06,20.522959783689313,target,2794140202.0,12
PEPE,1780727940000,1780728000000,2.66e-06,2.67e-06,20.493507283650548,target,2793934190.0,12
PEPE,1780728420000,1780728480000,2.64e-06,2.65e-06,20.565017379784916,target,2796059467.0,12
PEPE,1780730520000,1780730580000,2.6700000000000003e-06,2.68e-06,20.46824374227518,target,2794299487.0,12
PEPE,1780732320000,1780732380000,2.68e-06,2.69e-06,20.438783155559577,target,2794092024.0,12
PEPE,1780732920000,1780732980000,2.6700000000000003e-06,2.68e-06,20.476578288424744,target,2795437309.0,12
PEPE,1780733520000,1780733580000,2.68e-06,2.69e-06,20.447105709029632,target,2795229762.0,12
PEPE,1780734120000,1780734180000,2.68e-06,2.69e-06,20.451264835154028,target,2795798337.0,12
PEPE,1780734720000,1780734780000,2.7100000000000003e-06,2.7200000000000002e-06,20.354562233164778,target,2794037369.0,12
PEPE,1780735920000,1780735980000,2.7100000000000003e-06,2.7200000000000002e-06,20.35868211921496,target,2794602899.0,12
PEPE,1780736820000,1780736880000,2.7e-06,2.71e-06,20.39641862180563,target,2795944979.0,12
PEPE,1780790520000,1780790580000,2.68e-06,2.69e-06,20.467855064964215,target,2798066311.0,12
PEPE,1780791420000,1780791480000,2.6700000000000003e-06,2.68e-06,20.50570396075033,target,2799413510.0,12
PEPE,1780792320000,1780792380000,2.68e-06,2.69e-06,20.47618945410524,target,2799205667.0,12
PEPE,1780792920000,1780792980000,2.6700000000000003e-06,2.68e-06,20.514053764874568,target,2800553415.0,12
PEPE,1780793580000,1780793640000,2.6700000000000003e-06,2.68e-06,20.518233373249938,target,2801124010.0,12
PEPE,1780794480000,1780794540000,2.69e-06,2.7e-06,20.455006570560478,target,2800137792.0,12
PEPE,1780795620000,1780795680000,2.74e-06,2.75e-06,20.290935455380293,target,2796820876.0,12
PEPE,1780796220000,1780796280000,2.7500000000000004e-06,2.7600000000000003e-06,20.26142638001962,target,2796608196.0,12
PEPE,1780797060000,1780797120000,2.73e-06,2.74e-06,20.3327240697953,target,2798723203.0,12
PEPE,1780798620000,1780798680000,2.73e-06,2.74e-06,20.33682596144606,target,2799287813.0,12
PEPE,1780800720000,1780800900000,2.73e-06,2.74e-06,20.34092868130542,target,2799852537.0,12
PEPE,1780801920000,1780801980000,2.73e-06,2.74e-06,20.34503222211002,target,2800417374.0,12
PEPE,1780802520000,1780802580000,2.73e-06,2.74e-06,20.34913659839115,target,2800982326.0,12
PEPE,1780803120000,1780803180000,2.73e-06,2.74e-06,20.353241795615695,target,2801547391.0,12
PEPE,1780804020000,1780804080000,2.7200000000000002e-06,2.73e-06,20.391028409325614,target,2802890503.0,12
PEPE,1780804620000,1780804680000,2.7200000000000002e-06,2.73e-06,20.395148867474788,target,2803456889.0,12
PEPE,1780805220000,1780805280000,2.7200000000000002e-06,2.73e-06,20.399270162249383,target,2804023390.0,12
PEPE,1780805820000,1780805880000,2.7200000000000002e-06,2.73e-06,20.403392286374658,target,2804590005.0,12
PEPE,1780808220000,1780808280000,2.74e-06,2.75e-06,20.3401183119648,target,2803600043.0,12
PEPE,1780808820000,1780808880000,2.73e-06,2.74e-06,20.377910807819497,target,2804942988.0,12
PEPE,1780809420000,1780809480000,2.74e-06,2.75e-06,20.348319117295215,target,2804730409.0,12
PEPE,1780810020000,1780810080000,2.7500000000000004e-06,2.7600000000000003e-06,20.31872659235995,target,2804517128.0,12
PEPE,1780810620000,1780810680000,2.7500000000000004e-06,2.7600000000000003e-06,20.322812105821022,target,2805081036.0,12
PEPE,1780811220000,1780811280000,2.74e-06,2.75e-06,20.36060276819034,target,2806423538.0,12
PEPE,1780876920000,1780876980000,2.81e-06,2.82e-06,20.129117767230113,target,2801547358.0,12
PEPE,1780878180000,1780878240000,2.8000000000000003e-06,2.81e-06,20.166730823989763,target,2802881282.0,12
PEPE,1780878720000,1780878900000,2.82e-06,2.83e-06,20.1035457112004,target,2801887904.0,12
PEPE,1780879320000,1780879380000,2.83e-06,2.84e-06,20.073959122994985,target,2801669103.0,12
PEPE,1780879980000,1780880040000,2.83e-06,2.84e-06,20.07794201036025,target,2802224984.0,12
PEPE,1780885140000,1780885200000,2.79e-06,2.8e-06,20.216418796254775,target,2805887411.0,12
PEPE,1780888620000,1780890480000,2.81e-06,2.8000000000000003e-06,-39.84351174134995,time,2804893470.0,12
PEPE,1780891080000,1780891140000,2.81e-06,2.82e-06,20.145227737124934,target,2803789525.0,12
PEPE,1780898520000,1780898580000,2.7600000000000003e-06,2.77e-06,20.31758844396028,target,2808236136.0,12
PEPE,1780899720000,1780899780000,2.77e-06,2.78e-06,20.287952794299898,target,2808021148.0,12
PEPE,1780900320000,1780900380000,2.78e-06,2.79e-06,20.258316372254626,target,2807805457.0,12
PEPE,1780900920000,1780900980000,2.77e-06,2.78e-06,20.296078470024895,target,2809145809.0,12
PEPE,1780901520000,1780901580000,2.77e-06,2.78e-06,20.300145913824544,target,2809708777.0,12
PEPE,1780904820000,1780904880000,2.79e-06,2.8e-06,20.236787886040304,target,2808714488.0,12
PEPE,1780905420000,1780905480000,2.79e-06,2.8e-06,20.240829970295152,target,2809275499.0,12
PEPE,1780907820000,1780907880000,2.78e-06,2.79e-06,20.278590132645412,target,2810615403.0,12
PEPE,1780909920000,1780909980000,2.77e-06,2.78e-06,20.316390018599996,target,2811957096.0,12
PEPE,1780911120000,1780911240000,2.78e-06,2.79e-06,20.286712058145476,target,2811741103.0,12
PEPE,1780911720000,1780911780000,2.78e-06,2.79e-06,20.29077087082612,target,2812303655.0,12
PEPE,1780912320000,1780912380000,2.79e-06,2.8e-06,20.261086222575486,target,2812086915.0,12
PEPE,1780912920000,1780912980000,2.8000000000000003e-06,2.81e-06,20.231400858235588,target,2811869473.0,12
PEPE,1780913520000,1780913580000,2.79e-06,2.8e-06,20.269174180915364,target,2813209463.0,12
PEPE,1780914120000,1780914180000,2.79e-06,2.8e-06,20.273222735259846,target,2813771372.0,12
PEPE,1780915080000,1780915140000,2.8000000000000003e-06,2.81e-06,20.243519590999593,target,2813553800.0,12
PEPE,1780964520000,1780965120000,2.81e-06,2.7600000000000003e-06,-152.38431871162518,stop,2813335525.0,12
PEPE,1780969080000,1780969140000,2.77e-06,2.78e-06,20.318351577200374,target,2812228592.0,12
PEPE,1780969620000,1780969680000,2.77e-06,2.78e-06,20.32242347882449,target,2812792177.0,12
PEPE,1780970220000,1780970280000,2.77e-06,2.78e-06,20.326496196875564,target,2813355875.0,12
PEPE,1780970820000,1780970880000,2.77e-06,2.78e-06,20.330569731350863,target,2813919686.0,12
PEPE,1780972020000,1780972200000,2.77e-06,2.78e-06,20.334644082249486,target,2814483610.0,12
PEPE,1780973820000,1780973880000,2.77e-06,2.78e-06,20.338719242350788,target,2815047646.0,12
PEPE,1780975020000,1780975080000,2.78e-06,2.79e-06,20.3090086664402,target,2814831416.0,12
PEPE,1780975620000,1780975680000,2.77e-06,2.78e-06,20.34686525644965,target,2816175122.0,12
PEPE,1780976640000,1780976700000,2.7600000000000003e-06,2.77e-06,20.384761714639687,target,2817520624.0,12
PEPE,1780977480000,1780977540000,2.77e-06,2.78e-06,20.35502808312512,target,2817304925.0,12
PEPE,1780978020000,1780978080000,2.77e-06,2.78e-06,20.35910733257457,target,2817869527.0,12
PEPE,1780978680000,1780978740000,2.78e-06,2.79e-06,20.329366972200283,target,2817653080.0,12
PEPE,1780979220000,1780979640000,2.78e-06,2.79e-06,20.333434320225006,target,2818216815.0,12
PEPE,1780980120000,1780980180000,2.82e-06,2.83e-06,20.202353956399815,target,2815659088.0,12
PEPE,1780980720000,1780980900000,2.82e-06,2.83e-06,20.206369029000445,target,2816218680.0,12
PEPE,1780981380000,1780981440000,2.81e-06,2.82e-06,20.244157377029538,target,2817558438.0,12
PEPE,1780982820000,1780982880000,2.82e-06,2.83e-06,20.21440827927489,target,2817339133.0,12
PEPE,1780983540000,1780983600000,2.83e-06,2.84e-06,20.184658530624596,target,2817119125.0,12
PEPE,1780984020000,1780984080000,2.83e-06,2.84e-06,20.18866338588009,target,2817678072.0,12
PEPE,1780984620000,1780984680000,2.82e-06,2.83e-06,20.22644965127471,target,2819017373.0,12
PEPE,1780986480000,1780986540000,2.83e-06,2.84e-06,20.196682181610374,target,2818797234.0,12
PEPE,1780987020000,1780987080000,2.82e-06,2.83e-06,20.23448345572439,target,2820137067.0,12
PEPE,1780988520000,1780988640000,2.81e-06,2.82e-06,20.272324380465626,target,2821478689.0,12
PEPE,1781050920000,1781050980000,2.77e-06,2.78e-06,20.41185244802508,target,2825169889.0,12
PEPE,1781051640000,1781051700000,2.7600000000000003e-06,2.77e-06,20.44986994991563,target,2826519689.0,12
PEPE,1781052120000,1781052180000,2.7600000000000003e-06,2.77e-06,20.45397501656572,target,2827087079.0,12
PEPE,1781053320000,1781053440000,2.78e-06,2.79e-06,20.390218765605482,target,2826087147.0,12
PEPE,1781054580000,1781054640000,2.7600000000000003e-06,2.77e-06,20.462174000730005,target,2828220318.0,12
PEPE,1781056320000,1781056380000,2.7600000000000003e-06,2.77e-06,20.466281541750014,target,2828788050.0,12
PEPE,1781060820000,1781061000000,2.74e-06,2.75e-06,20.538368246080744,target,2830926016.0,12
PEPE,1781062920000,1781062980000,2.73e-06,2.74e-06,20.576529085985527,target,2832282049.0,12
PEPE,1781063580000,1781063700000,2.73e-06,2.74e-06,20.580680161684644,target,2832853429.0,12
PEPE,1781064720000,1781064780000,2.73e-06,2.74e-06,20.58483207286029,target,2833424924.0,12
PEPE,1781065740000,1781065800000,2.73e-06,2.74e-06,20.588984826775846,target,2833996535.0,12
PEPE,1781066220000,1781066280000,2.7200000000000002e-06,2.73e-06,20.62720910182433,target,2835355203.0,12
PEPE,1781067120000,1781067180000,2.7200000000000002e-06,2.73e-06,20.63137729125019,target,2835928150.0,12
PEPE,1781068020000,1781068080000,2.7200000000000002e-06,2.73e-06,20.635546317299653,target,2836501212.0,12
PEPE,1781069820000,1781069940000,2.7200000000000002e-06,2.73e-06,20.63971617997545,target,2837074389.0,12
PEPE,1781070420000,1781070480000,2.7200000000000002e-06,2.73e-06,20.643886893825247,target,2837647683.0,12
PEPE,1781071620000,1781071680000,2.7200000000000002e-06,2.73e-06,20.64805845157521,target,2838221093.0,12
PEPE,1781072220000,1781072280000,2.73e-06,2.74e-06,20.61811882080031,target,2838006720.0,12
PEPE,1781074320000,1781074380000,2.73e-06,2.74e-06,20.622278287575263,target,2838579255.0,12
PEPE,1781077020000,1781077080000,2.7500000000000004e-06,2.7600000000000003e-06,20.55824382181443,target,2837576787.0,12
PEPE,1781077620000,1781077680000,2.7500000000000004e-06,2.7600000000000003e-06,20.562377492790798,target,2838147342.0,12
PEPE,1781083620000,1781083680000,2.7100000000000003e-06,2.7200000000000002e-06,20.7030321800942,target,2841871267.0,12
PEPE,1781084220000,1781084340000,2.7200000000000002e-06,2.73e-06,20.67305721397529,target,2841657349.0,12
PEPE,1781084880000,1781084940000,2.7100000000000003e-06,2.7200000000000002e-06,20.711406950530684,target,2843020858.0,12
PEPE,1781136120000,1781136180000,2.69e-06,2.7e-06,20.78401446399054,target,2845176518.0,12
PEPE,1781137320000,1781137380000,2.7100000000000003e-06,2.7200000000000002e-06,20.719805878025326,target,2844173765.0,12
PEPE,1781138100000,1781138160000,2.7e-06,2.71e-06,20.758211754044698,target,2845539651.0,12
PEPE,1781139120000,1781139720000,2.7100000000000003e-06,2.7200000000000002e-06,20.72820127958065,target,2845326188.0,12
PEPE,1781140620000,1781140680000,2.7100000000000003e-06,2.7200000000000002e-06,20.732396798500126,target,2845902100.0,12
PEPE,1781141820000,1781141940000,2.7200000000000002e-06,2.73e-06,20.702379312450095,target,2845687878.0,12
PEPE,1781142540000,1781142600000,2.73e-06,2.74e-06,20.67236092363001,target,2845472942.0,12
PEPE,1781143020000,1781143080000,2.73e-06,2.74e-06,20.676531331494296,target,2846046983.0,12
PEPE,1781143620000,1781143740000,2.73e-06,2.74e-06,20.680702582100313,target,2846621140.0,12
PEPE,1781144220000,1781144280000,2.73e-06,2.74e-06,20.684874668180132,target,2847195412.0,12
PEPE,1781146920000,1781146980000,2.7200000000000002e-06,2.73e-06,20.723276975476175,target,2848560409.0,12
PEPE,1781148240000,1781148300000,2.7100000000000003e-06,2.7200000000000002e-06,20.761719870550127,target,2849927230.0,12
PEPE,1781149320000,1781149380000,2.73e-06,2.74e-06,20.697416717170515,target,2848921778.0,12
PEPE,1781149920000,1781149980000,2.73e-06,2.74e-06,20.701592181474254,target,2849496515.0,12
PEPE,1781150520000,1781150580000,2.77e-06,2.78e-06,20.568930291574624,target,2846910767.0,12
PEPE,1781151720000,1781151900000,2.77e-06,2.78e-06,20.57305241417479,target,2847481303.0,12
PEPE,1781152620000,1781152740000,2.7600000000000003e-06,2.77e-06,20.61137014807104,target,2848841762.0,12
PEPE,1781153220000,1781153340000,2.77e-06,2.78e-06,20.581305979624485,target,2848623665.0,12
PEPE,1781153820000,1781153940000,2.78e-06,2.79e-06,20.55124103604065,target,2848404856.0,12
PEPE,1781154720000,1781154780000,2.7600000000000003e-06,2.77e-06,20.623764506155283,target,2850554873.0,12
PEPE,1781156220000,1781156280000,2.7600000000000003e-06,2.77e-06,20.62790448168024,target,2851127088.0,12
PEPE,1781156820000,1781156880000,2.77e-06,2.78e-06,20.59781619560023,target,2850908816.0,12
PEPE,1781157720000,1781157780000,2.7500000000000004e-06,2.7600000000000003e-06,20.670435001439877,target,2853062112.0,12
PEPE,1781160180000,1781160240000,2.7600000000000003e-06,2.77e-06,20.64032940040516,target,2852844423.0,12
PEPE,1781222520000,1781222580000,2.78e-06,2.79e-06,20.57599227391586,target,2851835381.0,12
PEPE,1781223120000,1781223180000,2.79e-06,2.8e-06,20.545890361975964,target,2851615595.0,12
PEPE,1781224320000,1781224380000,2.79e-06,2.8e-06,20.54999419307991,target,2852185176.0,12
PEPE,1781224920000,1781224980000,2.79e-06,2.8e-06,20.554098838350313,target,2852754870.0,12
PEPE,1781225640000,1781225700000,2.79e-06,2.8e-06,20.558204304990532,target,2853324678.0,12
PEPE,1781227620000,1781227740000,2.78e-06,2.79e-06,20.596556539064974,target,2854685591.0,12
PEPE,1781229480000,1781229540000,2.78e-06,2.79e-06,20.600677335810335,target,2855256734.0,12
PEPE,1781230020000,1781230080000,2.78e-06,2.79e-06,20.604798962279585,target,2855827992.0,12
PEPE,1781231220000,1781231280000,2.79e-06,2.8e-06,20.57465490509105,target,2855607898.0,12
PEPE,1781231820000,1781231880000,2.79e-06,2.8e-06,20.578764478580364,target,2856178276.0,12
PEPE,1781233740000,1781233800000,2.8000000000000003e-06,2.81e-06,20.54861367287414,target,2855957425.0,12
PEPE,1781235420000,1781235540000,2.8000000000000003e-06,2.81e-06,20.5527112109856,target,2856526923.0,12
PEPE,1781236080000,1781236140000,2.8000000000000003e-06,2.81e-06,20.556809569325715,target,2857096535.0,12
PEPE,1781236800000,1781236860000,2.8000000000000003e-06,2.81e-06,20.560908747894487,target,2857666261.0,12
PEPE,1781237580000,1781237700000,2.8000000000000003e-06,2.81e-06,20.56500873949992,target,2858236100.0,12
PEPE,1781239320000,1781239380000,2.81e-06,2.82e-06,20.5348331694148,target,2858014359.0,12
PEPE,1781239920000,1781239980000,2.81e-06,2.82e-06,20.538921132645353,target,2858583317.0,12
PEPE,1781240520000,1781240580000,2.81e-06,2.82e-06,20.543009914965218,target,2859152389.0,12
PEPE,1781242020000,1781242320000,2.8000000000000003e-06,2.81e-06,20.58139636649545,target,2860513741.0,12
PEPE,1781248020000,1781248080000,2.77e-06,2.78e-06,20.688525651549675,target,2863463758.0,12
PEPE,1781248680000,1781248740000,2.7600000000000003e-06,2.77e-06,20.727058456455545,target,2864831853.0,12
PEPE,1781249220000,1781249280000,2.77e-06,2.78e-06,20.69682554370003,target,2864612532.0,12
PEPE,1781249820000,1781249880000,2.77e-06,2.78e-06,20.700973293374943,target,2865186615.0,12
PEPE,1781250480000,1781250540000,2.77e-06,2.78e-06,20.70512187392537,target,2865760813.0,12
PEPE,1781308920000,1781308980000,2.8000000000000003e-06,2.81e-06,20.606142777544868,target,2863953131.0,12
PEPE,1781311320000,1781311620000,2.81e-06,2.82e-06,20.57590684701036,target,2863730946.0,12
PEPE,1781311920000,1781311980000,2.8000000000000003e-06,2.81e-06,20.614354769210028,target,2865094478.0,12
PEPE,1781312520000,1781312580000,2.81e-06,2.82e-06,20.5841067929249,target,2864872205.0,12
PEPE,1781313120000,1781313180000,2.82e-06,2.83e-06,20.553858131975005,target,2864649217.0,12
PEPE,1781313720000,1781313780000,2.82e-06,2.83e-06,20.557943060375532,target,2865218545.0,12
PEPE,1781314380000,1781314440000,2.82e-06,2.83e-06,20.56202880672512,target,2865787987.0,12
PEPE,1781314920000,1781314980000,2.82e-06,2.83e-06,20.566115356675233,target,2866357541.0,12
PEPE,1781315520000,1781315580000,2.83e-06,2.84e-06,20.5358480034907,target,2866133706.0,12
PEPE,1781316120000,1781316180000,2.83e-06,2.84e-06,20.539922531204223,target,2866702377.0,12
PEPE,1781319120000,1781319180000,2.82e-06,2.83e-06,20.57836623150045,target,2868064980.0,12
PEPE,1781319720000,1781319780000,2.82e-06,2.83e-06,20.582456031726277,target,2868634987.0,12
PEPE,1781320380000,1781320440000,2.82e-06,2.83e-06,20.586546649900253,target,2869205108.0,12
PEPE,1781322720000,1781322780000,2.81e-06,2.82e-06,20.625045974505092,target,2870570073.0,12
PEPE,1781323320000,1781323380000,2.81e-06,2.82e-06,20.62915190023546,target,2871141531.0,12
PEPE,1781324220000,1781324280000,2.8000000000000003e-06,2.81e-06,20.66769931944086,target,2872508592.0,12
PEPE,1781324880000,1781324940000,2.81e-06,2.82e-06,20.637373063455165,target,2872285743.0,12
PEPE,1781325480000,1781325540000,2.81e-06,2.82e-06,20.641481446455284,target,2872857543.0,12
PEPE,1781326920000,1781326980000,2.8000000000000003e-06,2.81e-06,20.680051904094928,target,2874225421.0,12
PEPE,1781327520000,1781327580000,2.8000000000000003e-06,2.81e-06,20.68417565359067,target,2874798562.0,12
PEPE,1781328120000,1781328180000,2.8000000000000003e-06,2.81e-06,20.688300223315068,target,2875371817.0,12
PEPE,1781330220000,1781330280000,2.79e-06,2.8e-06,20.726926599940874,target,2876742068.0,12
PEPE,1781330820000,1781330880000,2.79e-06,2.8e-06,20.731066585734464,target,2877316667.0,12
PEPE,1781332920000,1781332980000,2.8000000000000003e-06,2.81e-06,20.70069263948976,target,2877094182.0,12
PEPE,1781395320000,1781395380000,2.8500000000000002e-06,2.86e-06,20.532498745110605,target,2873687718.0,12
PEPE,1781398260000,1781398320000,2.8400000000000003e-06,2.8500000000000002e-06,20.570992008569448,target,2875051294.0,12
PEPE,1781398620000,1781398680000,2.8400000000000003e-06,2.8500000000000002e-06,20.57506669521053,target,2875620782.0,12
PEPE,1781399220000,1781399280000,2.8400000000000003e-06,2.8500000000000002e-06,20.57914218320982,target,2876190382.0,12
PEPE,1781399820000,1781399880000,2.8500000000000002e-06,2.86e-06,20.548765002095077,target,2875964311.0,12
PEPE,1781401080000,1781401140000,2.8400000000000003e-06,2.8500000000000002e-06,20.58728875888523,target,2877328967.0,12
PEPE,1781402520000,1781402580000,2.8400000000000003e-06,2.8500000000000002e-06,20.591366672431487,target,2877898906.0,12
PEPE,1781403720000,1781403780000,2.8400000000000003e-06,2.8500000000000002e-06,20.595445387334138,target,2878468957.0,12
PEPE,1781404320000,1781404380000,2.8400000000000003e-06,2.8500000000000002e-06,20.599524917909886,target,2879039122.0,12
PEPE,1781405880000,1781405940000,2.8400000000000003e-06,2.8500000000000002e-06,20.603605249844755,target,2879609399.0,12
PEPE,1781406720000,1781406780000,2.8400000000000003e-06,2.8500000000000002e-06,20.60768639029346,target,2880179789.0,12
PEPE,1781407320000,1781407380000,2.8400000000000003e-06,2.8500000000000002e-06,20.611768346414358,target,2880750293.0,12
PEPE,1781408160000,1781408220000,2.8400000000000003e-06,2.8500000000000002e-06,20.61585110389528,target,2881320909.0,12
PEPE,1781408520000,1781408580000,2.8400000000000003e-06,2.8500000000000002e-06,20.619934669890952,target,2881891638.0,12
PEPE,1781409120000,1781409180000,2.8400000000000003e-06,2.8500000000000002e-06,20.624019051556086,target,2882462481.0,12
PEPE,1781409720000,1781409780000,2.8500000000000002e-06,2.86e-06,20.593575626966825,target,2882235917.0,12
PEPE,1781410920000,1781410980000,2.8500000000000002e-06,2.86e-06,20.597647955441946,target,2882805872.0,12
PEPE,1781412120000,1781413980000,2.8400000000000003e-06,2.82e-06,-69.91237228176053,time,2884173774.0,12
PEPE,1781416620000,1781416680000,2.82e-06,2.83e-06,20.69151070069909,target,2883834244.0,12
PEPE,1781417340000,1781417400000,2.83e-06,2.84e-06,20.661058793095425,target,2883609043.0,12
PEPE,1781417820000,1781418000000,2.83e-06,2.84e-06,20.665158176194787,target,2884181183.0,12
PEPE,1781418420000,1781418480000,2.82e-06,2.83e-06,20.70383627445062,target,2885552094.0,12
PEPE,1781419920000,1781419980000,2.82e-06,2.83e-06,20.70795100780058,target,2886125576.0,12
PEPE,1781420820000,1781420880000,2.82e-06,2.83e-06,20.712066566275226,target,2886699173.0,12
PEPE,1781481780000,1781481840000,2.91e-06,2.92e-06,20.40548414885583,target,2880096563.0,12
PEPE,1781482320000,1781482380000,2.92e-06,2.93e-06,20.375045249974484,target,2879865053.0,12
PEPE,1781482920000,1781482980000,2.92e-06,2.93e-06,20.37902718025072,target,2880427870.0,12
PEPE,1781483520000,1781483580000,2.91e-06,2.92e-06,20.417456863636218,target,2881786431.0,12
PEPE,1781487420000,1781487480000,2.88e-06,2.89e-06,20.524929255161194,target,2884740584.0,12
PEPE,1781488680000,1781488740000,2.8900000000000003e-06,2.9e-06,20.49444995870936,target,2884510902.0,12
PEPE,1781489820000,1781489880000,2.91e-06,2.92e-06,20.42948386368469,target,2883483961.0,12
PEPE,1781490420000,1781490540000,2.9e-06,2.91e-06,20.467976239919786,target,2884845136.0,12
PEPE,1781491020000,1781491080000,2.9e-06,2.91e-06,20.471989853040675,target,2885410832.0,12
PEPE,1781492520000,1781492580000,2.9e-06,2.91e-06,20.47600426080101,target,2885976640.0,12
PEPE,1781493780000,1781493840000,2.9e-06,2.91e-06,20.480019449009564,target,2886542558.0,12
PEPE,1781494380000,1781494440000,2.9e-06,2.91e-06,20.484035424765594,target,2887108587.0,12
PEPE,1781494920000,1781494980000,2.91e-06,2.92e-06,20.45352530208151,target,2886877248.0,12
PEPE,1781496120000,1781496180000,2.91e-06,2.92e-06,20.457529326065494,target,2887442389.0,12
PEPE,1781496720000,1781496780000,2.91e-06,2.92e-06,20.46153412940019,target,2888007640.0,12
PEPE,1781497320000,1781497380000,2.91e-06,2.92e-06,20.465539719170742,target,2888573002.0,12
PEPE,1781499720000,1781499780000,2.9e-06,2.91e-06,20.504100035099736,target,2889936580.0,12
PEPE,1781500440000,1781500500000,2.9e-06,2.91e-06,20.50812073612605,target,2890503275.0,12
PEPE,1781500920000,1781500980000,2.91e-06,2.92e-06,20.477574732355183,target,2890271663.0,12
PEPE,1781501520000,1781501580000,2.92e-06,2.93e-06,20.44702829512673,target,2890039335.0,12
PEPE,1781503620000,1781503680000,2.92e-06,2.93e-06,20.4510242975763,target,2890604141.0,12
PEPE,1781504820000,1781504880000,2.92e-06,2.93e-06,20.45502107827724,target,2891169057.0,12
PEPE,1781506320000,1781506380000,2.92e-06,2.93e-06,20.459018637224094,target,2891734083.0,12
PEPE,1781507220000,1781507280000,2.91e-06,2.92e-06,20.49759915996038,target,2893097976.0,12
PEPE,1781568720000,1781568780000,2.95e-06,2.96e-06,20.363370491672033,target,2890471326.0,12
PEPE,1781569320000,1781569980000,2.95e-06,2.96e-06,20.367329985975292,target,2891033355.0,12
PEPE,1781570580000,1781570640000,2.95e-06,2.96e-06,20.371290248183133,target,2891595493.0,12
PEPE,1781571420000,1781571780000,2.95e-06,2.96e-06,20.37525128534434,target,2892157741.0,12
PEPE,1781572320000,1781572440000,2.95e-06,2.96e-06,20.37921309041195,target,2892720098.0,12
PEPE,1781572920000,1781572980000,2.95e-06,2.96e-06,20.383175663378687,target,2893282564.0,12
PEPE,1781573520000,1781573580000,2.95e-06,2.96e-06,20.38713901130243,target,2893845140.0,12
PEPE,1781574420000,1781574480000,2.95e-06,2.96e-06,20.391103127125298,target,2894407825.0,12
PEPE,1781575020000,1781575080000,2.95e-06,2.96e-06,20.395068010856388,target,2894970619.0,12
PEPE,1781575620000,1781575680000,2.9400000000000002e-06,2.95e-06,20.433625872160505,target,2896332512.0,12
PEPE,1781579880000,1781580060000,2.92e-06,2.93e-06,20.50686094752315,target,2898496247.0,12
PEPE,1781580420000,1781580480000,2.9300000000000003e-06,2.9400000000000002e-06,20.476224717930954,target,2898262522.0,12
PEPE,1781581620000,1781581680000,2.9400000000000002e-06,2.95e-06,20.44558811145464,target,2898028081.0,12
PEPE,1781582820000,1781584320000,2.96e-06,2.91e-06,-157.56749017127845,stop,2896993752.0,12
PEPE,1781587320000,1781587380000,2.9300000000000003e-06,2.9400000000000002e-06,20.453466954059888,target,2895041324.0,12
PEPE,1781589720000,1781589780000,2.9400000000000002e-06,2.95e-06,20.422864393864657,target,2894807143.0,12
PEPE,1781591040000,1781591100000,2.9400000000000002e-06,2.95e-06,20.426842193349408,target,2895370970.0,12
PEPE,1781592720000,1781592780000,2.95e-06,2.96e-06,20.396233317260926,target,2895136028.0,12
PEPE,1781593320000,1781593740000,2.96e-06,2.97e-06,20.365624102950544,target,2894900370.0,12
PEPE,1781594460000,1781594520000,2.9400000000000002e-06,2.95e-06,20.438760021418606,target,2897060244.0,12
PEPE,1781594820000,1781594880000,2.95e-06,2.96e-06,20.408133287425102,target,2896825165.0,12
PEPE,1781595420000,1781595480000,2.96e-06,2.97e-06,20.377506217951222,target,2896589370.0,12
PEPE,1781596020000,1781596080000,2.95e-06,2.96e-06,20.416063724159816,target,2897950848.0,12
PEPE,1781597520000,1781597580000,2.96e-06,2.97e-06,20.385424757671675,target,2897714962.0,12
PEPE,1781654580000,1781654640000,2.95e-06,2.96e-06,20.42399724660497,target,2899076969.0,12
PEPE,1781655720000,1781655900000,2.95e-06,2.96e-06,20.4279685342395,target,2899640672.0,12
PEPE,1781656320000,1781656380000,2.95e-06,2.96e-06,20.431940589780435,target,2900204484.0,12
PEPE,1781656980000,1781657040000,2.96e-06,2.97e-06,20.40127779249027,target,2899968414.0,12
PEPE,1781657640000,1781657700000,2.95e-06,2.96e-06,20.439880276601333,target,2901331480.0,12
PEPE,1781658180000,1781658300000,2.96e-06,2.97e-06,20.409205569165355,target,2901095319.0,12
PEPE,1781659020000,1781659140000,2.96e-06,2.97e-06,20.413167252028636,target,2901658458.0,12
PEPE,1781659620000,1781659680000,2.95e-06,2.96e-06,20.45179223735542,target,2903022319.0,12
PEPE,1781660220000,1781660280000,2.96e-06,2.97e-06,20.421099650700206,target,2902786020.0,12
PEPE,1781660820000,1781660880000,2.9800000000000003e-06,2.99e-06,20.355768975444224,target,2901748963.0,12
PEPE,1781662680000,1781662740000,2.99e-06,3e-06,20.325081493813364,target,2901510563.0,12
PEPE,1781663220000,1781663280000,3e-06,3.01e-06,20.294393778758813,target,2901271448.0,12
PEPE,1781663820000,1781663880000,2.99e-06,3e-06,20.33292612712401,target,2902630425.0,12
PEPE,1781664420000,1781664480000,2.99e-06,3e-06,20.336852919973964,target,2903190995.0,12
PEPE,1781665620000,1781665680000,2.99e-06,3e-06,20.340780469364216,target,2903751673.0,12
PEPE,1781666520000,1781666640000,2.99e-06,3e-06,20.3447087822999,target,2904312460.0,12
PEPE,1781667720000,1781667780000,2.9800000000000003e-06,2.99e-06,20.38330336955513,target,2905674037.0,12
PEPE,1781668620000,1781668680000,2.9800000000000003e-06,2.99e-06,20.387246599264174,target,2906236151.0,12
PEPE,1781669220000,1781669280000,2.9800000000000003e-06,2.99e-06,20.391190593609352,target,2906798374.0,12
PEPE,1781670420000,1781670480000,2.9800000000000003e-06,2.99e-06,20.395135345575063,target,2907360705.0,12
PEPE,1781672220000,1781672700000,2.99e-06,3e-06,20.364388517221222,target,2907121844.0,12
PEPE,1781673480000,1781673540000,2.9800000000000003e-06,2.99e-06,20.403020437070474,target,2908484738.0,12
PEPE,1781674380000,1781674440000,2.9800000000000003e-06,2.99e-06,20.406967475925345,target,2909047395.0,12
PEPE,1781675220000,1781675280000,2.99e-06,3e-06,20.376202813981024,target,2908808396.0,12
PEPE,1781741520000,1781742120000,2.96e-06,2.97e-06,20.484352953750598,target,2911777250.0,12
PEPE,1781742420000,1781742480000,2.95e-06,2.96e-06,20.523112633013813,target,2913145867.0,12
PEPE,1781743140000,1781743200000,2.95e-06,2.96e-06,20.52710318168015,target,2913712304.0,12
PEPE,1781743620000,1781743740000,2.95e-06,2.96e-06,20.53109451938469,target,2914278853.0,12
PEPE,1781745120000,1781745180000,2.96e-06,2.97e-06,20.50028291629563,target,2914041637.0,12
PEPE,1781746320000,1781746380000,2.95e-06,2.96e-06,20.539072742355856,target,2915411319.0,12
PEPE,1781747820000,1781747880000,2.9400000000000002e-06,2.95e-06,20.577902844484683,target,2916782827.0,12
PEPE,1781749320000,1781749380000,2.9400000000000002e-06,2.95e-06,20.58191083937056,target,2917350934.0,12
PEPE,1781750040000,1781750100000,2.9400000000000002e-06,2.95e-06,20.585919610305503,target,2917919151.0,12
PEPE,1781750520000,1781750580000,2.9400000000000002e-06,2.95e-06,20.58992916434511,target,2918487479.0,12
PEPE,1781751120000,1781751240000,2.9400000000000002e-06,2.95e-06,20.593939501491207,target,2919055918.0,12
PEPE,1781760540000,1781760600000,2.86e-06,2.87e-06,20.877608012889677,target,2926083814.0,12
PEPE,1781761380000,1781761440000,2.86e-06,2.87e-06,20.88172958844964,target,2926661470.0,12
PEPE,1781761920000,1781761980000,2.86e-06,2.87e-06,20.88585197740129,target,2927239240.0,12
PEPE,1781762520000,1781762580000,2.87e-06,2.88e-06,20.854929606000074,target,2927007664.0,12
PEPE,1781763180000,1781763240000,2.86e-06,2.87e-06,20.89409228165396,target,2928394153.0,12
PEPE,1781763720000,1781763780000,2.87e-06,2.88e-06,20.86315771275042,target,2928162486.0,12
PEPE,1781764320000,1781764380000,2.87e-06,2.88e-06,20.867269528874075,target,2928739583.0,12
PEPE,1781764920000,1781764980000,2.88e-06,2.89e-06,20.83632831533046,target,2928507142.0,12
PEPE,1781765580000,1781765640000,2.88e-06,2.89e-06,20.840427949869486,target,2929083338.0,12
PEPE,1781767020000,1781767080000,2.88e-06,2.89e-06,20.84452838129028,target,2929659646.0,12
PEPE,1781767680000,1781767740000,2.8900000000000003e-06,2.9e-06,20.81357447963511,target,2929426387.0,12
PEPE,1781770380000,1781770440000,2.9e-06,2.91e-06,20.78262008509567,target,2929192401.0,12
PEPE,1781770920000,1781770980000,2.9e-06,2.91e-06,20.786695403430013,target,2929766794.0,12
PEPE,1781827920000,1781827980000,2.8400000000000003e-06,2.8500000000000002e-06,19.80790675092036,target,2768400664.0,13
PEPE,1781828580000,1781828640000,2.8400000000000003e-06,2.8500000000000002e-06,19.811830281030268,target,2768949026.0,13
PEPE,1781829120000,1781829180000,2.8500000000000002e-06,2.86e-06,19.782585738680353,target,2768731384.0,13
PEPE,1781829720000,1781829780000,2.8500000000000002e-06,2.86e-06,19.786497697631223,target,2769278894.0,13
PEPE,1781830320000,1781830380000,2.8500000000000002e-06,2.86e-06,19.79041042824029,target,2769826512.0,13
PEPE,1781831220000,1781831280000,2.86e-06,2.87e-06,19.76115375782492,target,2769608095.0,13
PEPE,1781832540000,1781833080000,2.8500000000000002e-06,2.86e-06,19.798231652475323,target,2770921155.0,13
PEPE,1781834220000,1781834280000,2.86e-06,2.87e-06,19.768963414885974,target,2770702651.0,13
PEPE,1781835480000,1781835540000,2.8500000000000002e-06,2.86e-06,19.80605596334951,target,2772016230.0,13
PEPE,1781838120000,1781838180000,2.8500000000000002e-06,2.86e-06,19.809972559405647,target,2772564389.0,13
PEPE,1781838720000,1781838960000,2.8500000000000002e-06,2.8000000000000003e-06,-150.37203382582504,stop,2773112657.0,13
PEPE,1781842800000,1781842860000,2.81e-06,2.82e-06,19.916950393379384,target,2772018148.0,13
PEPE,1781846820000,1781846880000,2.79e-06,2.8e-06,19.987437065915323,target,2774106463.0,13
PEPE,1781849280000,1781849340000,2.8000000000000003e-06,2.81e-06,19.958152637810173,target,2773891958.0,13
PEPE,1781849820000,1781849880000,2.8000000000000003e-06,2.81e-06,19.96213243694085,target,2774445092.0,13
PEPE,1781850420000,1781850480000,2.81e-06,2.82e-06,19.93284147943597,target,2774229851.0,13
PEPE,1781851020000,1781851200000,2.8000000000000003e-06,2.81e-06,19.97008777576043,target,2775550768.0,13
PEPE,1781851920000,1781851980000,2.79e-06,2.8e-06,20.00737320724988,target,2776873450.0,13
PEPE,1781853120000,1781853180000,2.79e-06,2.8e-06,20.01136946770563,target,2777428101.0,13
PEPE,1781853720000,1781853780000,2.79e-06,2.8e-06,20.015366535119927,target,2777982864.0,13
PEPE,1781856120000,1781856180000,2.78e-06,2.79e-06,20.052706080029793,target,2779307842.0,13
PEPE,1781856720000,1781856780000,2.78e-06,2.79e-06,20.056718067359657,target,2779863904.0,13
PEPE,1781857320000,1781857380000,2.79e-06,2.8e-06,20.027375836324996,target,2779649665.0,13
PEPE,1781859120000,1781859180000,2.79e-06,2.8e-06,20.03137609555484,target,2780204871.0,13
PEPE,1781913780000,1781913840000,2.82e-06,2.83e-06,19.935382954550427,target,2778450586.0,13
PEPE,1781914320000,1781914380000,2.82e-06,2.83e-06,19.93934496802484,target,2779002783.0,13
PEPE,1781914980000,1781915040000,2.82e-06,2.83e-06,19.94330777074943,target,2779555090.0,13
PEPE,1781915580000,1781915640000,2.83e-06,2.84e-06,19.91395700644529,target,2779338033.0,13
PEPE,1781916720000,1781916780000,2.83e-06,2.84e-06,19.917908152859884,target,2779889484.0,13
PEPE,1781917380000,1781917440000,2.83e-06,2.84e-06,19.921860080260146,target,2780441044.0,13
PEPE,1781917920000,1781917980000,2.82e-06,2.83e-06,19.95914697787567,target,2781762645.0,13
PEPE,1781918580000,1781919420000,2.83e-06,2.84e-06,19.929772898475658,target,2781545415.0,13
PEPE,1781919720000,1781921580000,2.83e-06,2.8000000000000003e-06,-95.18945925635894,time,2782097304.0,13
PEPE,1781922420000,1781922480000,2.81e-06,2.82e-06,19.98149067615101,target,2781000790.0,13
PEPE,1781923620000,1781923680000,2.81e-06,2.82e-06,19.98546849332961,target,2781554418.0,13
PEPE,1781924280000,1781924340000,2.81e-06,2.82e-06,19.98944709367618,target,2782108155.0,13
PEPE,1781925720000,1781925900000,2.82e-06,2.83e-06,19.960072294575856,target,2781891609.0,13
PEPE,1781926320000,1781926380000,2.82e-06,2.83e-06,19.96403921575008,target,2782444490.0,13
PEPE,1781926980000,1781927100000,2.82e-06,2.83e-06,19.96800692617539,target,2782997481.0,13
PEPE,1781927820000,1781927880000,2.82e-06,2.83e-06,19.97197541867525,target,2783550581.0,13
PEPE,1781928420000,1781928480000,2.82e-06,2.83e-06,19.975944707600004,target,2784103792.0,13
PEPE,1781929020000,1781929140000,2.82e-06,2.83e-06,19.979914778600214,target,2784657112.0,13
PEPE,1781929620000,1781929680000,2.82e-06,2.83e-06,19.983885638849692,target,2785210542.0,13
PEPE,1781930400000,1781930460000,2.82e-06,2.83e-06,19.987857295524975,target,2785764083.0,13
PEPE,1781930820000,1781930880000,2.82e-06,2.83e-06,19.991829734275715,target,2786317733.0,13
PEPE,1781931420000,1781931480000,2.83e-06,2.84e-06,19.96240756042032,target,2786100148.0,13
PEPE,1781932020000,1781932080000,2.83e-06,2.84e-06,19.96636831510092,target,2786652940.0,13
PEPE,1781932620000,1781932680000,2.8500000000000002e-06,2.86e-06,19.903567993900655,target,2785663820.0,13
PEPE,1782000120000,1782000180000,2.83e-06,2.84e-06,19.97427894082533,target,2787757005.0,13
PEPE,1782001380000,1782001440000,2.83e-06,2.84e-06,19.97824205279055,target,2788310126.0,13
PEPE,1782001980000,1782002100000,2.83e-06,2.84e-06,19.982205952905705,target,2788863357.0,13
PEPE,1782004080000,1782004200000,2.83e-06,2.84e-06,19.98617064116988,target,2789416698.0,13
PEPE,1782004620000,1782004740000,2.83e-06,2.84e-06,19.990136110420636,target,2789970148.0,13
PEPE,1782006420000,1782006480000,2.83e-06,2.84e-06,19.99410237498559,target,2790523709.0,13
PEPE,1782007140000,1782007200000,2.83e-06,2.84e-06,19.998069420535302,target,2791077379.0,13
PEPE,1782007620000,1782007680000,2.83e-06,2.84e-06,20.002037254235855,target,2791631159.0,13
PEPE,1782008220000,1782008340000,2.83e-06,2.84e-06,20.00600586892026,target,2792185048.0,13
PEPE,1782008820000,1782008940000,2.83e-06,2.84e-06,20.009975278919764,target,2792739048.0,13
PEPE,1782009420000,1782009480000,2.83e-06,2.84e-06,20.013945477070116,target,2793293158.0,13
PEPE,1782010140000,1782010260000,2.83e-06,2.84e-06,20.01791645620432,target,2793847377.0,13
PEPE,1782010620000,1782010680000,2.83e-06,2.84e-06,20.021888230654532,target,2794401707.0,13
PEPE,1782011820000,1782011940000,2.8400000000000003e-06,2.8500000000000002e-06,19.992377769434853,target,2794182777.0,13
PEPE,1782013920000,1782013980000,2.8400000000000003e-06,2.8500000000000002e-06,19.996337840130266,target,2794736246.0,13
PEPE,1782014820000,1782014880000,2.83e-06,2.84e-06,20.033794984665615,target,2796063501.0,13
PEPE,1782016320000,1782016380000,2.83e-06,2.84e-06,20.037769904550387,target,2796618270.0,13
PEPE,1782016980000,1782017040000,2.83e-06,2.84e-06,20.041745612585093,target,2797173149.0,13
PEPE,1782021720000,1782021780000,2.81e-06,2.82e-06,20.112810252944783,target,2799277697.0,13
PEPE,1782023820000,1782023880000,2.81e-06,2.82e-06,20.11681420915596,target,2799834963.0,13
PEPE,1782025080000,1782025140000,2.82e-06,2.83e-06,20.087252240474463,target,2799617037.0,13
PEPE,1782027720000,1782027780000,2.83e-06,2.84e-06,20.05768962914433,target,2799398413.0,13
PEPE,1782028320000,1782028380000,2.82e-06,2.83e-06,20.095230754376182,target,2800729025.0,13
PEPE,1782029100000,1782029160000,2.82e-06,2.83e-06,20.09922453874984,target,2801285650.0,13
PEPE,1782086520000,1782086580000,2.79e-06,2.8e-06,20.204055160354834,target,2804171431.0,13
PEPE,1782088980000,1782089040000,2.82e-06,2.83e-06,20.10723452220072,target,2802402024.0,13
PEPE,1782090360000,1782090420000,2.82e-06,2.83e-06,20.111230688675256,target,2802958981.0,13
PEPE,1782090780000,1782090840000,2.82e-06,2.83e-06,20.1152276515756,target,2803516049.0,13
PEPE,1782091920000,1782091980000,2.8500000000000002e-06,2.86e-06,20.01847656327525,target,2801746195.0,13
PEPE,1782092640000,1782092700000,2.8500000000000002e-06,2.86e-06,20.022435171930347,target,2802300234.0,13
PEPE,1782096720000,1782096840000,2.83e-06,2.84e-06,20.09356841679978,target,2804405920.0,13
PEPE,1782098520000,1782098580000,2.83e-06,2.84e-06,20.097555201925488,target,2804962345.0,13
PEPE,1782099900000,1782099960000,2.82e-06,2.83e-06,20.13517093717532,target,2806295601.0,13
PEPE,1782101880000,1782101940000,2.82e-06,2.83e-06,20.139172657099067,target,2806853332.0,13
PEPE,1782102720000,1782102780000,2.82e-06,2.83e-06,20.143175173449535,target,2807411174.0,13
PEPE,1782103320000,1782103380000,2.82e-06,2.83e-06,20.147178479050176,target,2807969126.0,13
PEPE,1782103920000,1782103980000,2.82e-06,2.83e-06,20.151182588249522,target,2808527190.0,13
PEPE,1782104580000,1782104640000,2.83e-06,2.84e-06,20.121525888550977,target,2808307870.0,13
PEPE,1782107580000,1782107640000,2.82e-06,2.83e-06,20.159186494474767,target,2809642717.0,13
PEPE,1782108180000,1782108240000,2.83e-06,2.84e-06,20.129518016150303,target,2809423310.0,13
PEPE,1782109020000,1782109080000,2.83e-06,2.84e-06,20.133511930449448,target,2809980730.0,13
PEPE,1782110520000,1782110580000,2.82e-06,2.83e-06,20.171194969099666,target,2811316372.0,13
PEPE,1782111720000,1782111780000,2.82e-06,2.83e-06,20.175203849675498,target,2811875101.0,13
PEPE,1782112320000,1782112380000,2.83e-06,2.84e-06,20.145511800800783,target,2811655520.0,13
PEPE,1782114720000,1782114780000,2.8400000000000003e-06,2.8500000000000002e-06,20.115819135045083,target,2811435239.0,13
PEPE,1782115320000,1782115380000,2.8400000000000003e-06,2.8500000000000002e-06,20.119803654374753,target,2811992125.0,13
PEPE,1782115920000,1782116100000,2.8400000000000003e-06,2.8500000000000002e-06,20.123788967910645,target,2812549122.0,13
PEPE,1782116520000,1782116580000,2.8400000000000003e-06,2.8500000000000002e-06,20.127775068495318,target,2813106229.0,13
PEPE,1782172920000,1782172980000,2.8000000000000003e-06,2.81e-06,20.26673986340493,target,2816781079.0,13
PEPE,1782174120000,1782174180000,2.8000000000000003e-06,2.81e-06,20.27078119417427,target,2817342765.0,13
PEPE,1782175080000,1782175140000,2.8000000000000003e-06,2.81e-06,20.274823337980266,target,2817904564.0,13
PEPE,1782175620000,1782175740000,2.81e-06,2.82e-06,20.245073557934543,target,2817685951.0,13
PEPE,1782178920000,1782178980000,2.81e-06,2.82e-06,20.249103847169906,target,2818246882.0,13
PEPE,1782180600000,1782180660000,2.8000000000000003e-06,2.81e-06,20.286941106614748,target,2819588757.0,13
PEPE,1782181020000,1782181260000,2.81e-06,2.82e-06,20.25717355059045,target,2819370014.0,13
PEPE,1782182220000,1782182580000,2.81e-06,2.82e-06,20.26120624680024,target,2819931280.0,13
PEPE,1782183120000,1782183180000,2.81e-06,2.82e-06,20.265239740545624,target,2820492657.0,13
PEPE,1782183780000,1782183840000,2.8000000000000003e-06,2.81e-06,20.303107156389338,target,2821835602.0,13
PEPE,1782185220000,1782185280000,2.8000000000000003e-06,2.81e-06,20.307155739720624,target,2822398296.0,13
PEPE,1782185820000,1782185880000,2.8000000000000003e-06,2.81e-06,20.311205128890204,target,2822961102.0,13
PEPE,1782186420000,1782186480000,2.8000000000000003e-06,2.81e-06,20.315255331094626,target,2823524021.0,13
PEPE,1782188220000,1782188280000,2.81e-06,2.82e-06,20.28544623100453,target,2823304973.0,13
PEPE,1782191220000,1782191280000,2.79e-06,2.8e-06,20.357237019625515,target,2825431925.0,13
PEPE,1782192120000,1782192180000,2.79e-06,2.8e-06,20.361303161376092,target,2825996275.0,13
PEPE,1782194220000,1782194280000,2.78e-06,2.79e-06,20.39928806389553,target,2827344153.0,13
PEPE,1782194820000,1782194880000,2.78e-06,2.79e-06,20.403369401805286,target,2827909827.0,13
PEPE,1782199320000,1782199380000,2.74e-06,2.75e-06,20.543365925380087,target,2831614876.0,13
PEPE,1782199920000,1782200040000,2.73e-06,2.74e-06,20.581536051334812,target,2832971239.0,13
PEPE,1782200520000,1782200580000,2.74e-06,2.75e-06,20.55164867593497,target,2832756537.0,13
PEPE,1782201120000,1782202560000,2.74e-06,2.69e-06,-153.16966124201988,stop,2833327067.0,13
PEPE,1782206520000,1782206580000,2.69e-06,2.7e-06,20.69510381877017,target,2833005314.0,13
PEPE,1782207120000,1782207180000,2.7e-06,2.71e-06,20.66522872840007,target,2832793520.0,13
PEPE,1782260040000,1782260100000,2.69e-06,2.7e-06,20.703503049330187,target,2834155106.0,13
PEPE,1782260580000,1782260640000,2.69e-06,2.7e-06,20.707707405554878,target,2834730651.0,13
PEPE,1782261720000,1782261780000,2.7e-06,2.71e-06,20.67781411346533,target,2834518727.0,13
PEPE,1782262440000,1782262500000,2.7e-06,2.71e-06,20.6820063384101,target,2835093398.0,13
PEPE,1782262920000,1782262980000,2.7e-06,2.71e-06,20.686199416870302,target,2835668186.0,13
PEPE,1782263520000,1782263580000,2.7e-06,2.71e-06,20.690393341550273,target,2836243090.0,13
PEPE,1782265680000,1782265740000,2.7e-06,2.71e-06,20.694588112450017,target,2836818110.0,13
PEPE,1782266220000,1782266280000,2.7e-06,2.71e-06,20.698783736865188,target,2837393247.0,13
PEPE,1782269520000,1782269580000,2.69e-06,2.7e-06,20.737120213725134,target,2838757045.0,13
PEPE,1782270420000,1782270480000,2.68e-06,2.69e-06,20.775497301789606,target,2840122666.0,13
PEPE,1782271020000,1782271860000,2.68e-06,2.69e-06,20.77972322849555,target,2840700373.0,13
PEPE,1782272340000,1782272400000,2.68e-06,2.69e-06,20.783950011054706,target,2841278197.0,13
PEPE,1782273420000,1782273480000,2.68e-06,2.69e-06,20.78817765678548,target,2841856139.0,13
PEPE,1782279720000,1782279780000,2.68e-06,2.69e-06,20.792406158370376,target,2842434198.0,13
PEPE,1782280380000,1782280440000,2.6700000000000003e-06,2.68e-06,20.830855209675676,target,2843802759.0,13
PEPE,1782282420000,1782282480000,2.6700000000000003e-06,2.68e-06,20.83509936594979,target,2844382166.0,13
PEPE,1782283620000,1782283680000,2.6700000000000003e-06,2.68e-06,20.839344386574872,target,2844961691.0,13
PEPE,1782284580000,1782284640000,2.6700000000000003e-06,2.68e-06,20.843590271550003,target,2845541334.0,13
PEPE,1782287040000,1782287100000,2.66e-06,2.67e-06,20.88210365694081,target,2846912564.0,13
PEPE,1782287820000,1782287940000,2.66e-06,2.67e-06,20.88636524792957,target,2847493558.0,13
PEPE,1782288420000,1782288480000,2.66e-06,2.67e-06,20.890627711785225,target,2848074671.0,13
PEPE,1782289020000,1782289080000,2.66e-06,2.67e-06,20.894891041170286,target,2848655902.0,13
PEPE,1782289620000,1782289680000,2.66e-06,2.67e-06,20.899155243420413,target,2849237252.0,13
PEPE,1782290520000,1782290640000,2.66e-06,2.67e-06,20.903420311199948,target,2849818720.0,13
PEPE,1782345720000,1782345780000,2.5300000000000003e-06,2.5400000000000002e-06,21.355440941040055,target,2860742256.0,13
PEPE,1782346440000,1782346500000,2.5300000000000003e-06,2.5400000000000002e-06,21.359892469840116,target,2861338576.0,13
PEPE,1782346920000,1782346980000,2.5300000000000003e-06,2.5400000000000002e-06,21.36434491683555,target,2861935019.0,13
PEPE,1782347520000,1782347580000,2.5300000000000003e-06,2.5400000000000002e-06,21.368798296955926,target,2862531587.0,13
PEPE,1782349320000,1782349380000,2.5300000000000003e-06,2.5400000000000002e-06,21.373252602735096,target,2863128279.0,13
PEPE,1782350280000,1782350340000,2.52e-06,2.53e-06,21.412321175699866,target,2864524572.0,13
PEPE,1782350940000,1782351000000,2.52e-06,2.53e-06,21.416791786325234,target,2865122647.0,13
PEPE,1782351420000,1782351480000,2.52e-06,2.53e-06,21.421263323850585,target,2865720846.0,13
PEPE,1782352620000,1782352680000,2.52e-06,2.53e-06,21.425735795750697,target,2866319170.0,13
PEPE,1782353220000,1782353280000,2.52e-06,2.53e-06,21.430209209500365,target,2866917620.0,13
PEPE,1782354480000,1782354540000,2.52e-06,2.53e-06,21.434683550150915,target,2867516194.0,13
PEPE,1782355020000,1782355080000,2.52e-06,2.53e-06,21.439158825174417,target,2868114893.0,13
PEPE,1782355620000,1782355680000,2.51e-06,2.52e-06,21.478318352850327,target,2869514810.0,13
PEPE,1782357120000,1782357180000,2.51e-06,2.52e-06,21.482809989074195,target,2870114895.0,13
PEPE,1782358080000,1782358140000,2.51e-06,2.52e-06,21.487302568410623,target,2870715106.0,13
PEPE,1782358620000,1782358680000,2.51e-06,2.52e-06,21.491796083370726,target,2871315442.0,13
PEPE,1782359340000,1782359400000,2.51e-06,2.52e-06,21.496290541439755,target,2871915904.0,13
PEPE,1782359820000,1782359940000,2.51e-06,2.52e-06,21.500785942620432,target,2872516492.0,13
PEPE,1782360780000,1782360840000,2.51e-06,2.52e-06,21.50528227942479,target,2873117205.0,13
PEPE,1782361380000,1782361440000,2.51e-06,2.52e-06,21.5097795593408,target,2873718044.0,13
PEPE,1782361920000,1782361980000,2.51e-06,2.52e-06,21.514277774880483,target,2874319008.0,13
PEPE,1782362580000,1782362640000,2.51e-06,2.52e-06,21.518776933530003,target,2874920098.0,13
PEPE,1782363120000,1782363180000,2.52e-06,2.53e-06,21.48852111639987,target,2874718544.0,13
PEPE,1782363720000,1782363780000,2.5400000000000002e-06,2.55e-06,21.423539480279548,target,2873714216.0,13
PEPE,1782432120000,1782432180000,2.3600000000000003e-06,2.37e-06,22.056147243195184,target,2888820857.0,13
PEPE,1782433080000,1782433140000,2.35e-06,2.36e-06,22.09596263374565,target,2890250181.0,13
PEPE,1782433620000,1782433680000,2.35e-06,2.36e-06,22.100703389984837,target,2890870293.0,13
PEPE,1782434520000,1782434580000,2.35e-06,2.36e-06,22.1054451706542,target,2891490539.0,13
PEPE,1782436980000,1782437040000,2.34e-06,2.35e-06,22.145320941380252,target,2892922396.0,13
PEPE,1782439020000,1782439080000,2.33e-06,2.34e-06,22.18524009670513,target,2894356177.0,13
PEPE,1782443820000,1782443880000,2.3e-06,2.31e-06,22.295637158130038,target,2897418734.0,13
PEPE,1782445020000,1782445080000,2.3e-06,2.31e-06,22.30045880665508,target,2898045329.0,13
PEPE,1782446880000,1782446940000,2.33e-06,2.34e-06,22.199613795976006,target,2896231415.0,13
PEPE,1782448020000,1782448080000,2.34e-06,2.35e-06,22.169201326279946,target,2896041976.0,13
PEPE,1782448680000,1782448740000,2.33e-06,2.34e-06,22.209163535159597,target,2897477304.0,13
PEPE,1782450420000,1782450480000,2.33e-06,2.34e-06,22.21394372809472,target,2898100943.0,13
PEPE,1782451020000,1782451200000,2.34e-06,2.35e-06,22.183511629210535,target,2897911382.0,13
PEPE,1782451680000,1782451740000,2.33e-06,2.34e-06,22.223499622275853,target,2899347635.0,13
PEPE,1782453120000,1782453180000,2.33e-06,2.34e-06,22.22828290420585,target,2899971677.0,13
PEPE,1782453720000,1782454980000,2.33e-06,2.34e-06,22.23306721324481,target,2900595853.0,13
PEPE,1782455520000,1782455580000,2.33e-06,2.34e-06,22.237852557059828,target,2901220164.0,13
PEPE,1782456120000,1782456180000,2.35e-06,2.36e-06,22.17215625102451,target,2900216645.0,13
PEPE,1782456780000,1782456840000,2.3600000000000003e-06,2.37e-06,22.141694119875343,target,2900025425.0,13
PEPE,1782459780000,1782459840000,2.38e-06,2.39e-06,22.076042813259935,target,2899020724.0,13
PEPE,1782460320000,1782460380000,2.37e-06,2.38e-06,22.11595155537534,target,2900452663.0,13
PEPE,1782462720000,1782462780000,2.3600000000000003e-06,2.37e-06,22.155903626010755,target,2901886526.0,13
PEPE,1782463680000,1782463800000,2.35e-06,2.36e-06,22.195899090529736,target,2903322314.0,13
PEPE,1782464820000,1782464880000,2.35e-06,2.36e-06,22.20066129099608,target,2903945231.0,13
PEPE,1782518520000,1782518580000,2.38e-06,2.39e-06,22.099690251500363,target,2902126100.0,13
PEPE,1782519240000,1782519300000,2.38e-06,2.39e-06,22.104409236539976,target,2902745796.0,13
PEPE,1782520320000,1782520380000,2.38e-06,2.39e-06,22.109129226759237,target,2903365624.0,13
PEPE,1782520920000,1782521160000,2.38e-06,2.39e-06,22.113850222159968,target,2903985584.0,13
PEPE,1782522420000,1782522480000,2.38e-06,2.39e-06,22.118572230354257,target,2904605677.0,13
PEPE,1782523680000,1782523740000,2.38e-06,2.39e-06,22.123295243730016,target,2905225902.0,13
PEPE,1782524460000,1782524580000,2.38e-06,2.39e-06,22.128019262284514,target,2905846259.0,13
PEPE,1782525180000,1782525240000,2.38e-06,2.39e-06,22.1327442936353,target,2906466749.0,13
PEPE,1782525720000,1782525780000,2.39e-06,2.4e-06,22.10220489496466,target,2906272833.0,13
PEPE,1782526320000,1782526440000,2.4000000000000003e-06,2.4100000000000002e-06,22.07166370115083,target,2906078170.0,13
PEPE,1782528720000,1782528780000,2.42e-06,2.43e-06,22.0058995232997,target,2905069244.0,13
PEPE,1782529320000,1782529380000,2.42e-06,2.43e-06,22.010568556350776,target,2905685618.0,13
PEPE,1782529920000,1782529980000,2.4100000000000002e-06,2.42e-06,22.05047475380971,target,2907115986.0,13
PEPE,1782530520000,1782530580000,2.42e-06,2.43e-06,22.01991708352563,target,2906919747.0,13
PEPE,1782531120000,1782531180000,2.42e-06,2.43e-06,22.02458909355044,target,2907536514.0,13
PEPE,1782533220000,1782533280000,2.4100000000000002e-06,2.42e-06,22.064520709905615,target,2908967793.0,13
PEPE,1782533820000,1782533880000,2.42e-06,2.43e-06,22.03394357467549,target,2908771429.0,13
PEPE,1782535920000,1782535980000,2.4100000000000002e-06,2.42e-06,22.073892151860672,target,2910203316.0,13
PEPE,1782537720000,1782537780000,2.4100000000000002e-06,2.42e-06,22.078583110279496,target,2910821768.0,13
PEPE,1782538320000,1782538380000,2.4000000000000003e-06,2.4100000000000002e-06,22.118583416195865,target,2912255881.0,13
PEPE,1782539520000,1782539580000,2.4100000000000002e-06,2.42e-06,22.087975524760072,target,2912060056.0,13
PEPE,1782540720000,1782540780000,2.4100000000000002e-06,2.42e-06,22.092669479255395,target,2912678903.0,13
PEPE,1782541920000,1782542040000,2.42e-06,2.43e-06,22.062053331599913,target,2912482288.0,13
PEPE,1782542520000,1782542580000,2.42e-06,2.43e-06,22.06673428770009,target,2913100236.0,13
PEPE,1782605580000,1782605640000,2.37e-06,2.38e-06,22.248244703001102,target,2917802584.0,13
PEPE,1782606120000,1782606180000,2.37e-06,2.38e-06,22.253002977500095,target,2918426620.0,13
PEPE,1782606720000,1782606780000,2.37e-06,2.38e-06,22.25776227375049,target,2919050790.0,13
PEPE,1782607320000,1782607380000,2.37e-06,2.38e-06,22.262522584125193,target,2919675093.0,13
PEPE,1782607980000,1782608100000,2.37e-06,2.38e-06,22.267283916249482,target,2920299530.0,13
PEPE,1782610920000,1782610980000,2.37e-06,2.38e-06,22.2720462624999,target,2920924100.0,13
PEPE,1782611520000,1782611580000,2.37e-06,2.38e-06,22.276809630499898,target,2921548804.0,13
PEPE,1782613320000,1782613380000,2.37e-06,2.38e-06,22.281574012625118,target,2922173641.0,13
PEPE,1782613920000,1782613980000,2.37e-06,2.38e-06,22.28633941649992,target,2922798612.0,13
PEPE,1782614520000,1782614640000,2.37e-06,2.38e-06,22.29110584212522,target,2923423717.0,13
PEPE,1782615420000,1782615480000,2.37e-06,2.38e-06,22.295873281874826,target,2924048955.0,13
PEPE,1782617280000,1782617400000,2.38e-06,2.39e-06,22.265153015065756,target,2923854631.0,13
PEPE,1782617880000,1782617940000,2.37e-06,2.38e-06,22.305403632124293,target,2925298837.0,13
PEPE,1782618480000,1782618540000,2.37e-06,2.38e-06,22.310174137125383,target,2925924477.0,13
PEPE,1782619380000,1782619440000,2.38e-06,2.39e-06,22.279434163220603,target,2925730028.0,13
PEPE,1782620100000,1782620160000,2.37e-06,2.38e-06,22.319710602624532,target,2927175161.0,13
PEPE,1782621780000,1782621840000,2.38e-06,2.39e-06,22.288957489835298,target,2926980629.0,13
PEPE,1782622320000,1782622380000,2.38e-06,2.39e-06,22.2937168876792,target,2927605632.0,13
PEPE,1782622920000,1782622980000,2.38e-06,2.39e-06,22.29847730593512,target,2928230769.0,13
PEPE,1782625680000,1782625740000,2.37e-06,2.38e-06,22.33878816200025,target,2929677136.0,13
PEPE,1782626880000,1782626940000,2.37e-06,2.38e-06,22.343565803999695,target,2930303712.0,13
PEPE,1782627720000,1782627780000,2.3600000000000003e-06,2.37e-06,22.38392905482013,target,2931752332.0,13
PEPE,1782628920000,1782628980000,2.3600000000000003e-06,2.37e-06,22.388723972250325,target,2932380350.0,13
PEPE,1782629580000,1782629640000,2.3600000000000003e-06,2.37e-06,22.393519912769495,target,2933008502.0,13
PEPE,1782691320000,1782691380000,2.34e-06,2.35e-06,22.469591747750293,target,2935283050.0,13
PEPE,1782694080000,1782694140000,2.34e-06,2.35e-06,22.474420330375416,target,2935913825.0,13
PEPE,1782695820000,1782696960000,2.35e-06,2.36e-06,22.4435872055449,target,2935721021.0,13
PEPE,1782697440000,1782697500000,2.35e-06,2.36e-06,22.448402546405372,target,2936350889.0,13
PEPE,1782697980000,1782698040000,2.35e-06,2.36e-06,22.45321892698476,target,2936980893.0,13
PEPE,1782698700000,1782698760000,2.34e-06,2.35e-06,22.49372204543527,target,2938435277.0,13
PEPE,1782701520000,1782701580000,2.3600000000000003e-06,2.37e-06,22.42718907171087,target,2937418346.0,13
PEPE,1782702180000,1782702240000,2.3600000000000003e-06,2.37e-06,22.431993258030403,target,2938047578.0,13
PEPE,1782702720000,1782702780000,2.38e-06,2.39e-06,22.365481195960374,target,2937029704.0,13
PEPE,1782703500000,1782703620000,2.38e-06,2.39e-06,22.370256935595236,target,2937656853.0,13
PEPE,1782703920000,1782705780000,2.39e-06,2.37e-06,-69.22126507163927,time,2937460856.0,13
PEPE,1782707220000,1782707280000,2.3600000000000003e-06,2.37e-06,22.431553367504364,target,2937989963.0,13
PEPE,1782708540000,1782708660000,2.35e-06,2.36e-06,22.4720464290301,target,2939443614.0,13
PEPE,1782711420000,1782711480000,2.34e-06,2.35e-06,22.512583513789863,target,2940899218.0,13
PEPE,1782712020000,1782712080000,2.35e-06,2.36e-06,22.48169802747028,target,2940706086.0,13
PEPE,1782714420000,1782714480000,2.37e-06,2.38e-06,22.415119703750708,target,2939687830.0,13
PEPE,1782715020000,1782715080000,2.35e-06,2.36e-06,22.49133078862997,target,2941966094.0,13
PEPE,1782718620000,1782718680000,2.34e-06,2.35e-06,22.5319026516309,target,2943422946.0,13
PEPE,1782719280000,1782719340000,2.34e-06,2.35e-06,22.536744630505385,target,2944055471.0,13
PEPE,1782720420000,1782720480000,2.35e-06,2.36e-06,22.505825999140555,target,2943862132.0,13
PEPE,1782723120000,1782723180000,2.34e-06,2.35e-06,22.546424010564067,target,2945319923.0,13
PEPE,1782725220000,1782725280000,2.33e-06,2.34e-06,22.587066201209954,target,2946779674.0,13
PEPE,1782725820000,1782725880000,2.34e-06,2.35e-06,22.55612293384106,target,2946586928.0,13
PEPE,1782727020000,1782727080000,2.35e-06,2.36e-06,22.525177718835316,target,2946393423.0,13
PEPE,1782783120000,1782783180000,2.34e-06,2.35e-06,22.565810642539883,target,2947852468.0,13
PEPE,1782784320000,1782784380000,2.33e-06,2.34e-06,22.606487778210397,target,2949313474.0,13
PEPE,1782785220000,1782785280000,2.33e-06,2.34e-06,22.611353489550183,target,2949948270.0,13
PEPE,1782787440000,1782787500000,2.33e-06,2.34e-06,22.616220250994775,target,2950583203.0,13
PEPE,1782788100000,1782788160000,2.34e-06,2.35e-06,22.585237049895845,target,2950390209.0,13
PEPE,1782789180000,1782789300000,2.34e-06,2.35e-06,22.590090480649952,target,2951024230.0,13
PEPE,1782789780000,1782789840000,2.34e-06,2.35e-06,22.594944960140836,target,2951658388.0,13
PEPE,1782792420000,1782792480000,2.33e-06,2.34e-06,22.63567461120006,target,2953121280.0,13
PEPE,1782793140000,1782793200000,2.33e-06,2.34e-06,22.64054660783994,target,2953756896.0,13
PEPE,1782793920000,1782793980000,2.34e-06,2.35e-06,22.609530077570398,target,2953563694.0,13
PEPE,1782795900000,1782795960000,2.34e-06,2.35e-06,22.61438873668964,target,2954198398.0,13
PEPE,1782796920000,1782796980000,2.34e-06,2.35e-06,22.61924843688993,target,2954833238.0,13
PEPE,1782798180000,1782798240000,2.34e-06,2.35e-06,22.624109178169437,target,2955468214.0,13
PEPE,1782799020000,1782799080000,2.34e-06,2.35e-06,22.628970968184813,target,2956103327.0,13
PEPE,1782799620000,1782799740000,2.34e-06,2.35e-06,22.63383379928123,target,2956738576.0,13
PEPE,1782800220000,1782800280000,2.34e-06,2.35e-06,22.638697679109878,target,2957373962.0,13
PEPE,1782801420000,1782801480000,2.34e-06,2.35e-06,22.643562600020473,target,2958009484.0,13
PEPE,1782802080000,1782802140000,2.34e-06,2.35e-06,22.64842856966512,target,2958645143.0,13
PEPE,1782802620000,1782802680000,2.34e-06,2.35e-06,22.653295588044728,target,2959280939.0,13
PEPE,1782803220000,1782803280000,2.34e-06,2.35e-06,22.658163647504463,target,2959916871.0,13
PEPE,1782804420000,1782806280000,2.34e-06,2.3200000000000002e-06,-69.54338856059933,time,2960552940.0,13
PEPE,1782806820000,1782806880000,2.33e-06,2.34e-06,22.684039059570402,target,2959431058.0,13
PEPE,1782807420000,1782807480000,2.33e-06,2.34e-06,22.688921465280416,target,2960068032.0,13
PEPE,1782808020000,1782808080000,2.33e-06,2.34e-06,22.693804921094323,target,2960705143.0,13
PEPE,1782864180000,1782864240000,2.3200000000000002e-06,2.33e-06,22.73468362334925,target,2962173762.0,13
PEPE,1782865080000,1782865200000,2.3200000000000002e-06,2.33e-06,22.739584694150775,target,2962812338.0,13
PEPE,1782865680000,1782865740000,2.3100000000000003e-06,2.3200000000000002e-06,22.78051675319575,target,2964283247.0,13
PEPE,1782867300000,1782867360000,2.3200000000000002e-06,2.33e-06,22.749397757275556,target,2964090913.0,13
PEPE,1782867780000,1782867960000,2.3200000000000002e-06,2.33e-06,22.754301997850714,target,2964729902.0,13
PEPE,1782870120000,1782870180000,2.3200000000000002e-06,2.33e-06,22.759207289900527,target,2965369028.0,13
PEPE,1782870720000,1782870780000,2.3100000000000003e-06,2.3200000000000002e-06,22.80017466811016,target,2966841206.0,13
PEPE,1782871320000,1782871380000,2.3100000000000003e-06,2.3200000000000002e-06,22.805097640684647,target,2967481801.0,13
PEPE,1782874320000,1782874380000,2.3200000000000002e-06,2.33e-06,22.77394507050029,target,2967289260.0,13
PEPE,1782876420000,1782876480000,2.3100000000000003e-06,2.3200000000000002e-06,22.814938982520427,target,2968762392.0,13
PEPE,1782877020000,1782877080000,2.3100000000000003e-06,2.3200000000000002e-06,22.81986513668521,target,2969403401.0,13
PEPE,1782877620000,1782877680000,2.3200000000000002e-06,2.33e-06,22.788692391124826,target,2969210735.0,13
PEPE,1782878220000,1782878280000,2.33e-06,2.34e-06,22.757517619829784,target,2969017302.0,13
PEPE,1782880620000,1782880680000,2.33e-06,2.34e-06,22.762415838435093,target,2969656339.0,13
PEPE,1782881220000,1782881280000,2.34e-06,2.35e-06,22.731232360190365,target,2969462098.0,13
PEPE,1782882600000,1782882660000,2.33e-06,2.34e-06,22.772207676645355,target,2970933813.0,13
PEPE,1782883620000,1782883680000,2.33e-06,2.34e-06,22.777109060894748,target,2971573263.0,13
PEPE,1782884280000,1782884340000,2.33e-06,2.34e-06,22.782011495249858,target,2972212850.0,13
PEPE,1782884820000,1782884880000,2.33e-06,2.34e-06,22.78691498737506,target,2972852575.0,13
PEPE,1782885420000,1782885480000,2.33e-06,2.34e-06,22.791819537270356,target,2973492438.0,13
PEPE,1782886320000,1782886380000,2.3200000000000002e-06,2.33e-06,22.832874794999714,target,2974967400.0,13
PEPE,1782892020000,1782892080000,2.26e-06,2.27e-06,23.05516875707508,target,2980629445.0,13
PEPE,1782892620000,1782892680000,2.26e-06,2.27e-06,23.060186219523917,target,2981278115.0,13
PEPE,1782893220000,1782893280000,2.2700000000000003e-06,2.28e-06,23.028909434999974,target,2981088600.0,13
PEPE,1782952020000,1782953880000,2.3200000000000002e-06,2.31e-06,-40.10761019196089,time,2977550868.0,13
PEPE,1782954420000,1782954480000,2.3200000000000002e-06,2.33e-06,22.84405664832549,target,2976424319.0,13
PEPE,1782955080000,1782955140000,2.3200000000000002e-06,2.33e-06,22.848981296725164,target,2977065967.0,13
PEPE,1782956220000,1782956280000,2.34e-06,2.35e-06,22.78156139779975,target,2976036760.0,13
PEPE,1782957060000,1782957120000,2.33e-06,2.34e-06,22.822627441109997,target,2977511734.0,13
PEPE,1782958020000,1782958080000,2.34e-06,2.35e-06,22.791361474245665,target,2977316979.0,13
PEPE,1782958620000,1782958680000,2.34e-06,2.35e-06,22.796259204485505,target,2977956787.0,13
PEPE,1782959820000,1782959880000,2.34e-06,2.35e-06,22.801157983460303,target,2978596732.0,13
PEPE,1782960540000,1782960600000,2.35e-06,2.36e-06,22.769876600624794,target,2978401125.0,13
PEPE,1782961920000,1782961980000,2.34e-06,2.35e-06,22.8109509330994,target,2979876020.0,13
PEPE,1782962880000,1782962940000,2.34e-06,2.35e-06,22.815852873590543,target,2980516378.0,13
PEPE,1782963420000,1782963480000,2.3600000000000003e-06,2.37e-06,22.74836708933965,target,2979484884.0,13
PEPE,1782964020000,1782964080000,2.37e-06,2.38e-06,22.717068384624504,target,2979287657.0,13
PEPE,1782964620000,1782964680000,2.38e-06,2.39e-06,22.68576777613001,target,2979089662.0,13
PEPE,1782965280000,1782965340000,2.38e-06,2.39e-06,22.690611906079738,target,2979725792.0,13
PEPE,1782965820000,1782965880000,2.37e-06,2.38e-06,22.731631661874953,target,2981197595.0,13
PEPE,1782967680000,1782967740000,2.38e-06,2.39e-06,22.700310986895076,target,2980999473.0,13
PEPE,1782968820000,1782968880000,2.37e-06,2.38e-06,22.74134828325053,target,2982471906.0,13
PEPE,1782969420000,1782969660000,2.38e-06,2.39e-06,22.710014217884563,target,2982273699.0,13
PEPE,1782970020000,1782970080000,2.38e-06,2.39e-06,22.714863526035273,target,2982910509.0,13
PEPE,1782973920000,1782973980000,2.3600000000000003e-06,2.37e-06,22.79216069347549,target,2985220785.0,13
PEPE,1782975720000,1782975780000,2.3600000000000003e-06,2.37e-06,22.797043054560394,target,2985860256.0,13
PEPE,1782976320000,1782976380000,2.3600000000000003e-06,2.37e-06,22.80192646927447,target,2986499865.0,13
PEPE,1782976920000,1782976980000,2.3600000000000003e-06,2.37e-06,22.806810922350802,target,2987139610.0,13
PEPE,1783036920000,1783036980000,2.4400000000000004e-06,2.4500000000000003e-06,21.149349466865385,target,2799384443.0,14
PEPE,1783037520000,1783037580000,2.43e-06,2.44e-06,21.18775048179606,target,2800760143.0,14
PEPE,1783038420000,1783038480000,2.43e-06,2.44e-06,21.192238743340035,target,2801353436.0,14
PEPE,1783039320000,1783039380000,2.43e-06,2.44e-06,21.196727950509914,target,2801946854.0,14
PEPE,1783041420000,1783041480000,2.4400000000000004e-06,2.4500000000000003e-06,21.16726847630463,target,2801756251.0,14
PEPE,1783042620000,1783042680000,2.46e-06,2.47e-06,21.103888564824786,target,2800781495.0,14
PEPE,1783044000000,1783044060000,2.46e-06,2.47e-06,21.10833759803995,target,2801371944.0,14
PEPE,1783045080000,1783045140000,2.4500000000000003e-06,2.46e-06,21.146720697690338,target,2802746282.0,14
PEPE,1783045620000,1783047360000,2.46e-06,2.47e-06,21.117245625740217,target,2802554164.0,14
PEPE,1783047720000,1783047780000,2.47e-06,2.48e-06,21.087768993200594,target,2802361328.0,14
PEPE,1783048380000,1783048440000,2.4500000000000003e-06,2.46e-06,21.160097703525153,target,2804519245.0,14
PEPE,1783048920000,1783048980000,2.46e-06,2.47e-06,21.130603982674977,target,2804327005.0,14
PEPE,1783050120000,1783050180000,2.46e-06,2.47e-06,21.13505864453523,target,2804918201.0,14
PEPE,1783051020000,1783051080000,2.46e-06,2.47e-06,21.139514240734385,target,2805509521.0,14
PEPE,1783051620000,1783052100000,2.46e-06,2.47e-06,21.143970786344767,target,2806100967.0,14
PEPE,1783052520000,1783052580000,2.4500000000000003e-06,2.46e-06,21.182418680624913,target,2807477625.0,14
PEPE,1783053720000,1783053780000,2.4500000000000003e-06,2.46e-06,21.186891447165152,target,2808070437.0,14
PEPE,1783054860000,1783054920000,2.4500000000000003e-06,2.46e-06,21.19136514928548,target,2808663373.0,14
PEPE,1783055280000,1783055340000,2.46e-06,2.47e-06,21.16182784721524,target,2808470849.0,14
PEPE,1783056120000,1783056180000,2.4500000000000003e-06,2.46e-06,21.200308222694808,target,2809848671.0,14
PEPE,1783057380000,1783057860000,2.47e-06,2.48e-06,21.136751167175355,target,2808870587.0,14
PEPE,1783058220000,1783058280000,2.46e-06,2.47e-06,21.175214407654746,target,2810247433.0,14
PEPE,1783059180000,1783059240000,2.47e-06,2.48e-06,21.145656861699642,target,2810054068.0,14
PEPE,1783059720000,1783059780000,2.47e-06,2.48e-06,21.15010753047517,target,2810645519.0,14
PEPE,1783123920000,1783123980000,2.78e-06,2.79e-06,20.108803101855578,target,2787082897.0,14
PEPE,1783124520000,1783124700000,2.79e-06,2.8e-06,20.0793846677053,target,2786868101.0,14
PEPE,1783125120000,1783125180000,2.8000000000000003e-06,2.81e-06,20.049965521755478,target,2786652609.0,14
PEPE,1783130220000,1783130280000,2.7600000000000003e-06,2.77e-06,20.187820738754624,target,2790300033.0,14
PEPE,1783131000000,1783131060000,2.7600000000000003e-06,2.77e-06,20.191873206955382,target,2790860153.0,14
PEPE,1783131420000,1783131480000,2.77e-06,2.78e-06,20.162420926374757,target,2790646495.0,14
PEPE,1783132920000,1783132980000,2.8000000000000003e-06,2.81e-06,20.066036158634763,target,2788886193.0,14
PEPE,1783134120000,1783134180000,2.79e-06,2.8e-06,20.103500732150817,target,2790215230.0,14
PEPE,1783135320000,1783135380000,2.79e-06,2.8e-06,20.10751619392975,target,2790772546.0,14
PEPE,1783135920000,1783135980000,2.8000000000000003e-06,2.81e-06,20.078055830640587,target,2790556752.0,14
PEPE,1783136520000,1783136580000,2.83e-06,2.84e-06,19.98172083941483,target,2788795651.0,14
PEPE,1783137300000,1783137360000,2.81e-06,2.82e-06,20.05257264276025,target,2790893896.0,14
PEPE,1783137720000,1783137780000,2.81e-06,2.82e-06,20.056564600020657,target,2791449492.0,14
PEPE,1783138320000,1783138380000,2.8500000000000002e-06,2.86e-06,19.926803705380216,target,2788915844.0,14
PEPE,1783139220000,1783139280000,2.81e-06,2.82e-06,20.064524286719713,target,2792557312.0,14
PEPE,1783140900000,1783140960000,2.83e-06,2.84e-06,20.00157822134539,target,2791567093.0,14
PEPE,1783141320000,1783141380000,2.82e-06,2.83e-06,20.0390143280253,target,2792893983.0,14
PEPE,1783142220000,1783144080000,2.81e-06,2.78e-06,-95.5205011193251,time,2794222645.0,14
PEPE,1783150020000,1783150320000,2.74e-06,2.75e-06,20.292221200990618,target,2796998098.0,14
PEPE,1783152420000,1783152480000,2.7200000000000002e-06,2.73e-06,20.36355990810028,target,2799114764.0,14
PEPE,1783153020000,1783153080000,2.7200000000000002e-06,2.73e-06,20.367674815425236,target,2799680387.0,14
PEPE,1783154220000,1783154280000,2.7200000000000002e-06,2.73e-06,20.3717905593747,target,2800246125.0,14
PEPE,1783154820000,1783154880000,2.7200000000000002e-06,2.73e-06,20.375907125400104,target,2800811976.0,14
PEPE,1783155420000,1783155480000,2.7200000000000002e-06,2.73e-06,20.380024528050022,target,2801377942.0,14
PEPE,1783212420000,1783212480000,2.7200000000000002e-06,2.73e-06,20.384142767324455,target,2801944023.0,14
PEPE,1783214280000,1783214340000,2.7200000000000002e-06,2.73e-06,20.388261828674825,target,2802510217.0,14
PEPE,1783214820000,1783214880000,2.7200000000000002e-06,2.73e-06,20.39238172664971,target,2803076526.0,14
PEPE,1783216020000,1783216080000,2.7200000000000002e-06,2.73e-06,20.39650246124911,target,2803642950.0,14
PEPE,1783216620000,1783216680000,2.7200000000000002e-06,2.73e-06,20.4006240252001,target,2804209488.0,14
PEPE,1783217220000,1783217280000,2.7200000000000002e-06,2.73e-06,20.404746425775603,target,2804776141.0,14
PEPE,1783219920000,1783220040000,2.7e-06,2.71e-06,20.476345939145585,target,2806901431.0,14
PEPE,1783221120000,1783221180000,2.7100000000000003e-06,2.7200000000000002e-06,20.44674296609526,target,2806690867.0,14
PEPE,1783221780000,1783221900000,2.7e-06,2.71e-06,20.484642695840222,target,2808038752.0,14
PEPE,1783223820000,1783223940000,2.7e-06,2.71e-06,20.488795761225376,target,2808608055.0,14
PEPE,1783224420000,1783224480000,2.7e-06,2.71e-06,20.49294965824081,target,2809177472.0,14
PEPE,1783225080000,1783225140000,2.7e-06,2.71e-06,20.497104408769854,target,2809747006.0,14
PEPE,1783228620000,1783228680000,2.7e-06,2.71e-06,20.501259990930084,target,2810316654.0,14
PEPE,1783229280000,1783229340000,2.7e-06,2.71e-06,20.50541642660483,target,2810886419.0,14
PEPE,1783229940000,1783230000000,2.69e-06,2.7e-06,20.543394754875187,target,2812237475.0,14
PEPE,1783234020000,1783234080000,2.65e-06,2.66e-06,20.683066512354806,target,2815938259.0,14
PEPE,1783234920000,1783234980000,2.66e-06,2.67e-06,20.653384244399913,target,2815730640.0,14
PEPE,1783235520000,1783235640000,2.66e-06,2.67e-06,20.657599155449745,target,2816305270.0,14
PEPE,1783236420000,1783236480000,2.66e-06,2.67e-06,20.661814932030797,target,2816880018.0,14
PEPE,1783238400000,1783238460000,2.6700000000000003e-06,2.68e-06,20.632119499300938,target,2816671604.0,14
PEPE,1783238820000,1783238880000,2.6700000000000003e-06,2.68e-06,20.63632316297543,target,2817245483.0,14
PEPE,1783239480000,1783239540000,2.6700000000000003e-06,2.68e-06,20.64052768367567,target,2817819479.0,14
PEPE,1783240020000,1783240080000,2.6700000000000003e-06,2.68e-06,20.64473306140076,target,2818393592.0,14
PEPE,1783241580000,1783241640000,2.6700000000000003e-06,2.68e-06,20.648939303474993,target,2818967823.0,14
PEPE,1783299120000,1783299180000,2.7600000000000003e-06,2.77e-06,20.348473986105226,target,2812505043.0,14
PEPE,1783299900000,1783299960000,2.7600000000000003e-06,2.77e-06,20.35255870070058,target,2813069620.0,14
PEPE,1783300320000,1783300380000,2.7600000000000003e-06,2.77e-06,20.356644232849963,target,2813634310.0,14
PEPE,1783301820000,1783301880000,2.7600000000000003e-06,2.77e-06,20.360730589789924,target,2814199114.0,14
PEPE,1783304520000,1783304580000,2.74e-06,2.75e-06,20.43244551451578,target,2816326053.0,14
PEPE,1783305120000,1783305180000,2.74e-06,2.75e-06,20.43656071012526,target,2816893275.0,14
PEPE,1783305720000,1783305840000,2.74e-06,2.75e-06,20.440676725550173,target,2817460610.0,14
PEPE,1783306920000,1783306980000,2.74e-06,2.75e-06,20.4447935753,target,2818028060.0,14
PEPE,1783307520000,1783307580000,2.74e-06,2.75e-06,20.44891125937474,target,2818595625.0,14
PEPE,1783308240000,1783308300000,2.73e-06,2.74e-06,20.486905888280127,target,2819945752.0,14
PEPE,1783313280000,1783313340000,2.7100000000000003e-06,2.7200000000000002e-06,20.55886125788419,target,2822081161.0,14
PEPE,1783313820000,1783315680000,2.7100000000000003e-06,2.68e-06,-96.06897331084517,time,2822652367.0,14
PEPE,1783318320000,1783318380000,2.68e-06,2.69e-06,20.645376750460148,target,2822334484.0,14
PEPE,1783318920000,1783318980000,2.6700000000000003e-06,2.68e-06,20.683553920600737,target,2823693368.0,14
PEPE,1783319520000,1783319580000,2.68e-06,2.69e-06,20.65378342643012,target,2823483722.0,14
PEPE,1783320420000,1783320480000,2.68e-06,2.69e-06,20.657984591859762,target,2824058044.0,14
PEPE,1783321320000,1783321380000,2.68e-06,2.69e-06,20.662186613145355,target,2824632483.0,14
PEPE,1783322520000,1783322580000,2.69e-06,2.7e-06,20.632403009505285,target,2824422041.0,14
PEPE,1783323780000,1783323840000,2.7e-06,2.71e-06,20.602618427960593,target,2824210888.0,14
PEPE,1783324320000,1783324500000,2.7e-06,2.71e-06,20.60679541365017,target,2824783470.0,14
PEPE,1783324920000,1783324980000,2.7e-06,2.71e-06,20.610973238264773,target,2825356167.0,14
PEPE,1783326480000,1783326660000,2.7e-06,2.71e-06,20.615151909100057,target,2825928980.0,14
PEPE,1783327320000,1783327380000,2.69e-06,2.7e-06,20.653333485435528,target,2827287267.0,14
PEPE,1783328520000,1783328580000,2.69e-06,2.7e-06,20.657527651185156,target,2827861417.0,14
PEPE,1783382520000,1783382580000,2.73e-06,2.74e-06,20.525772490409086,target,2825295594.0,14
PEPE,1783384260000,1783384320000,2.73e-06,2.74e-06,20.529913329725524,target,2825865565.0,14
PEPE,1783384740000,1783384800000,2.73e-06,2.74e-06,20.53405499725057,target,2826435650.0,14
PEPE,1783386000000,1783386060000,2.73e-06,2.74e-06,20.538197507515527,target,2827005851.0,14
PEPE,1783386720000,1783388580000,2.7200000000000002e-06,2.7e-06,-68.05036970208121,time,2828361168.0,14
PEPE,1783390080000,1783390140000,2.7100000000000003e-06,2.7200000000000002e-06,20.596559209645026,target,2827255897.0,14
PEPE,1783395420000,1783395480000,2.68e-06,2.69e-06,20.702810480275666,target,2830185985.0,14
PEPE,1783396620000,1783396680000,2.6700000000000003e-06,2.68e-06,20.741093846600627,target,2831548648.0,14
PEPE,1783397580000,1783397640000,2.6700000000000003e-06,2.68e-06,20.745319719675344,target,2832125559.0,14
PEPE,1783398120000,1783398240000,2.6700000000000003e-06,2.68e-06,20.749546449774904,target,2832702587.0,14
PEPE,1783398720000,1783398780000,2.6700000000000003e-06,2.68e-06,20.753774036901127,target,2833279732.0,14
PEPE,1783399380000,1783399440000,2.6700000000000003e-06,2.68e-06,20.75800248837468,target,2833856995.0,14
PEPE,1783400280000,1783400340000,2.6700000000000003e-06,2.68e-06,20.762231804200095,target,2834434376.0,14
PEPE,1783401720000,1783401780000,2.66e-06,2.67e-06,20.800594855755282,target,2835800253.0,14
PEPE,1783403220000,1783403280000,2.68e-06,2.69e-06,20.73657910247041,target,2834802338.0,14
PEPE,1783403820000,1783403880000,2.69e-06,2.7e-06,20.706688263089447,target,2834591138.0,14
PEPE,1783404480000,1783404540000,2.68e-06,2.69e-06,20.745009032826015,target,2835954755.0,14
PEPE,1783405020000,1783405080000,2.68e-06,2.69e-06,20.749228756409792,target,2836531614.0,14
PEPE,1783405680000,1783405740000,2.69e-06,2.7e-06,20.719319689231213,target,2836320286.0,14
PEPE,1783406220000,1783406280000,2.7e-06,2.71e-06,20.68940963268477,target,2836108243.0,14
PEPE,1783406940000,1783407000000,2.7e-06,2.71e-06,20.693604206619977,target,2836683236.0,14
PEPE,1783407420000,1783407480000,2.7100000000000003e-06,2.7200000000000002e-06,20.663687140829676,target,2836470438.0,14
PEPE,1783408860000,1783408920000,2.7e-06,2.71e-06,20.70198899207971,target,2837832624.0,14
PEPE,1783412820000,1783412880000,2.68e-06,2.69e-06,20.774495666155126,target,2839985737.0,14
PEPE,1783469880000,1783470060000,2.66e-06,2.67e-06,20.847120826769515,target,2842143262.0,14
PEPE,1783470480000,1783470540000,2.6700000000000003e-06,2.68e-06,20.817159071174743,target,2841932979.0,14
PEPE,1783471200000,1783471260000,2.6700000000000003e-06,2.68e-06,20.821400436624437,target,2842512005.0,14
PEPE,1783472220000,1783472280000,2.6700000000000003e-06,2.68e-06,20.825642666425097,target,2843091149.0,14
PEPE,1783473180000,1783473240000,2.66e-06,2.67e-06,20.86412288733026,target,2844461198.0,14
PEPE,1783479720000,1783479780000,2.61e-06,2.62e-06,21.039887465169254,target,2849003042.0,14
PEPE,1783480320000,1783480380000,2.6200000000000003e-06,2.6300000000000002e-06,21.00986995424933,target,2848795926.0,14
PEPE,1783480920000,1783480980000,2.6200000000000003e-06,2.6300000000000002e-06,21.01418579687481,target,2849381125.0,14
PEPE,1783481580000,1783481640000,2.6200000000000003e-06,2.6300000000000002e-06,21.01850253187504,target,2849966445.0,14
PEPE,1783483920000,1783483980000,2.61e-06,2.62e-06,21.057187920649998,target,2851345690.0,14
PEPE,1783484520000,1783484580000,2.61e-06,2.62e-06,21.061520559835493,target,2851932371.0,14
PEPE,1783485240000,1783485300000,2.61e-06,2.62e-06,21.065854092605548,target,2852519173.0,14
PEPE,1783485720000,1783485780000,2.61e-06,2.62e-06,21.070188511574948,target,2853106095.0,14
PEPE,1783486620000,1783486680000,2.61e-06,2.62e-06,21.074523831514128,target,2853693139.0,14
PEPE,1783487580000,1783487640000,2.6200000000000003e-06,2.6300000000000002e-06,21.04445689737542,target,2853485681.0,14
PEPE,1783488180000,1783488240000,2.61e-06,2.62e-06,21.083190055164415,target,2854866629.0,14
PEPE,1783488780000,1783488840000,2.61e-06,2.62e-06,21.087528041089566,target,2855454034.0,14
PEPE,1783490280000,1783490340000,2.61e-06,2.62e-06,21.091866927985414,target,2856041561.0,14
PEPE,1783493520000,1783493580000,2.6e-06,2.61e-06,21.130657327769615,target,2857424926.0,14
PEPE,1783495020000,1783495080000,2.6e-06,2.61e-06,21.13501218410954,target,2858013818.0,14
PEPE,1783495620000,1783495740000,2.61e-06,2.62e-06,21.104903107225923,target,2857806785.0,14
PEPE,1783496220000,1783496280000,2.6200000000000003e-06,2.6300000000000002e-06,21.074792838875467,target,2857599029.0,14
PEPE,1783497060000,1783497120000,2.61e-06,2.62e-06,21.113581826295093,target,2858981967.0,14
PEPE,1783498020000,1783498080000,2.6200000000000003e-06,2.6300000000000002e-06,21.08345917187609,target,2858774125.0,14
PEPE,1783555320000,1783555380000,2.6e-06,2.61e-06,21.156757299931193,target,2860954334.0,14
PEPE,1783555920000,1783556100000,2.59e-06,2.6e-06,21.195637052514623,target,2862341263.0,14
PEPE,1783556820000,1783556880000,2.5800000000000003e-06,2.59e-06,21.234558313335334,target,2863730049.0,14
PEPE,1783558320000,1783558380000,2.5800000000000003e-06,2.59e-06,21.23894886830491,target,2864322167.0,14
PEPE,1783559220000,1783559280000,2.5800000000000003e-06,2.59e-06,21.243340320489402,target,2864914406.0,14
PEPE,1783560420000,1783560540000,2.6e-06,2.61e-06,21.178617304470126,target,2863910386.0,14
PEPE,1783561140000,1783561200000,2.59e-06,2.6e-06,21.217537228940245,target,2865298748.0,14
PEPE,1783563120000,1783563180000,2.59e-06,2.6e-06,21.221917123529707,target,2865890226.0,14
PEPE,1783564140000,1783564260000,2.59e-06,2.6e-06,21.226297921529497,target,2866481826.0,14
PEPE,1783566420000,1783566480000,2.57e-06,2.58e-06,21.29989063949954,target,2868672140.0,14
PEPE,1783568340000,1783568400000,2.5800000000000003e-06,2.59e-06,21.269679549815088,target,2868466561.0,14
PEPE,1783569420000,1783569480000,2.5800000000000003e-06,2.59e-06,21.274077364070124,target,2869059658.0,14
PEPE,1783574220000,1783574280000,2.6e-06,2.61e-06,21.209260698075145,target,2868054185.0,14
PEPE,1783574880000,1783574940000,2.6e-06,2.61e-06,21.213631749465627,target,2868645267.0,14
PEPE,1783575480000,1783575540000,2.6e-06,2.61e-06,21.218003710440023,target,2869236472.0,14
PEPE,1783576020000,1783576080000,2.6e-06,2.61e-06,21.222376566210613,target,2869827798.0,14
PEPE,1783576620000,1783576680000,2.61e-06,2.62e-06,21.192143027965244,target,2869619909.0,14
PEPE,1783577340000,1783577400000,2.6200000000000003e-06,2.6300000000000002e-06,21.161908293249816,target,2869411294.0,14
PEPE,1783579260000,1783579320000,2.6200000000000003e-06,2.6300000000000002e-06,21.166255368999668,target,2870000728.0,14
PEPE,1783579620000,1783579680000,2.6300000000000002e-06,2.64e-06,21.136013248558925,target,2869791344.0,14
PEPE,1783580820000,1783580880000,2.6200000000000003e-06,2.6300000000000002e-06,21.174945102875125,target,2871178997.0,14
PEPE,1783583220000,1783583280000,2.6200000000000003e-06,2.6300000000000002e-06,21.179294863124895,target,2871768795.0,14
PEPE,1783585920000,1783585980000,2.6200000000000003e-06,2.6300000000000002e-06,21.18364551575032,target,2872358714.0,14
PEPE,1783586520000,1783586580000,2.6200000000000003e-06,2.6300000000000002e-06,21.187997060749588,target,2872948754.0,14
PEPE,1783641780000,1783641840000,2.6e-06,2.61e-06,21.261658613940373,target,2875139772.0,14
PEPE,1783642320000,1783642380000,2.6e-06,2.61e-06,21.266040469424475,target,2875732315.0,14
PEPE,1783642920000,1783642980000,2.6e-06,2.61e-06,21.270423227099542,target,2876324980.0,14
PEPE,1783644180000,1783644240000,2.6e-06,2.61e-06,21.274806886964665,target,2876917767.0,14
PEPE,1783644780000,1783644840000,2.6e-06,2.61e-06,21.279191456414612,target,2877510677.0,14
PEPE,1783645380000,1783645800000,2.61e-06,2.62e-06,21.24887697593524,target,2877302231.0,14
PEPE,1783646220000,1783646280000,2.61e-06,2.62e-06,21.25324905840479,target,2877894253.0,14
PEPE,1783646820000,1783646880000,2.6200000000000003e-06,2.6300000000000002e-06,21.222927140499188,target,2877685036.0,14
PEPE,1783649220000,1783649280000,2.64e-06,2.65e-06,21.15794063859054,target,2876674458.0,14
PEPE,1783649880000,1783649940000,2.64e-06,2.65e-06,21.16227271152581,target,2877263455.0,14
PEPE,1783651920000,1783651980000,2.65e-06,2.66e-06,21.13194735131972,target,2877052056.0,14
PEPE,1783652520000,1783652580000,2.65e-06,2.66e-06,21.136267011925256,target,2877640165.0,14
PEPE,1783655820000,1783655880000,2.65e-06,2.66e-06,21.140587553929976,target,2878228394.0,14
PEPE,1783657800000,1783657860000,2.65e-06,2.66e-06,21.14490897733479,target,2878816743.0,14
PEPE,1783658220000,1783658280000,2.66e-06,2.67e-06,21.1145639194809,target,2878604488.0,14
PEPE,1783660020000,1783660140000,2.66e-06,2.67e-06,21.1188729532496,target,2879191950.0,14
PEPE,1783660620000,1783660680000,2.66e-06,2.67e-06,21.123182859885187,target,2879779531.0,14
PEPE,1783661220000,1783661280000,2.66e-06,2.67e-06,21.127493654054447,target,2880367233.0,14
PEPE,1783661880000,1783661940000,2.6700000000000003e-06,2.68e-06,21.09712894365004,target,2880154122.0,14
PEPE,1783662480000,1783662540000,2.66e-06,2.67e-06,21.136110797384394,target,2881542031.0,14
PEPE,1783663020000,1783663080000,2.66e-06,2.67e-06,21.1404242248202,target,2882130092.0,14
PEPE,1783664220000,1783664280000,2.66e-06,2.67e-06,21.144738532454923,target,2882718273.0,14
PEPE,1783667520000,1783667580000,2.64e-06,2.65e-06,21.218521037529996,target,2884911086.0,14
PEPE,1783668120000,1783668180000,2.64e-06,2.65e-06,21.222865503640467,target,2885501768.0,14
PEPE,1783731900000,1783731960000,2.78e-06,2.79e-06,20.742358507260352,target,2874893764.0,14
PEPE,1783732320000,1783732380000,2.78e-06,2.79e-06,20.74650848146451,target,2875468951.0,14
PEPE,1783732920000,1783732980000,2.79e-06,2.8e-06,20.716157113519525,target,2875247344.0,14
PEPE,1783733520000,1783733580000,2.79e-06,2.8e-06,20.720294945019205,target,2875821644.0,14
PEPE,1783734480000,1783734540000,2.78e-06,2.79e-06,20.758949565705176,target,2877193287.0,14
PEPE,1783735200000,1783735260000,2.78e-06,2.79e-06,20.763102858811266,target,2877768934.0,14
PEPE,1783735920000,1783735980000,2.78e-06,2.79e-06,20.767256981640337,target,2878344696.0,14
PEPE,1783738020000,1783738080000,2.77e-06,2.78e-06,20.805967759225254,target,2879718721.0,14
PEPE,1783738620000,1783738680000,2.77e-06,2.78e-06,20.810137378975337,target,2880295831.0,14
PEPE,1783739220000,1783739280000,2.77e-06,2.78e-06,20.814307836825215,target,2880873057.0,14
PEPE,1783740720000,1783740780000,2.7600000000000003e-06,2.77e-06,20.853074915450293,target,2882249470.0,14
PEPE,1783741620000,1783741680000,2.7600000000000003e-06,2.77e-06,20.857260920045263,target,2882828047.0,14
PEPE,1783742280000,1783742340000,2.77e-06,2.78e-06,20.826838096526263,target,2882607349.0,14
PEPE,1783743420000,1783743480000,2.77e-06,2.78e-06,20.831011899550102,target,2883185038.0,14
PEPE,1783744020000,1783744080000,2.77e-06,2.78e-06,20.835186540674638,target,2883762843.0,14
PEPE,1783744620000,1783744680000,2.77e-06,2.78e-06,20.83936201990078,target,2884340764.0,14
PEPE,1783747620000,1783747680000,2.7600000000000003e-06,2.77e-06,20.878175763990132,target,2885718834.0,14
PEPE,1783748880000,1783749300000,2.7500000000000004e-06,2.7600000000000003e-06,20.91703040752566,target,2887098745.0,14
PEPE,1783750080000,1783750140000,2.7500000000000004e-06,2.7600000000000003e-06,20.921236224210098,target,2887679258.0,14
PEPE,1783750620000,1783750800000,2.7600000000000003e-06,2.77e-06,20.890765344080098,target,2887458928.0,14
PEPE,1783751220000,1783751280000,2.7600000000000003e-06,2.77e-06,20.894958916484946,target,2888038551.0,14
PEPE,1783754400000,1783754460000,2.7500000000000004e-06,2.7600000000000003e-06,20.933844799140264,target,2889419572.0,14
PEPE,1783754820000,1783754880000,2.7500000000000004e-06,2.7600000000000003e-06,20.938053991995385,target,2890000551.0,14
PEPE,1783756020000,1783756080000,2.7500000000000004e-06,2.7600000000000003e-06,20.942264039760285,target,2890581648.0,14
PEPE,1783818420000,1783818480000,2.69e-06,2.7e-06,21.15515438321997,target,2895982804.0,14
PEPE,1783820040000,1783820100000,2.7100000000000003e-06,2.7200000000000002e-06,21.089799233611046,target,2894962146.0,14
PEPE,1783821120000,1783821240000,2.7200000000000002e-06,2.73e-06,21.059264280525063,target,2894744231.0,14
PEPE,1783821720000,1783821780000,2.7200000000000002e-06,2.73e-06,21.06351976995013,target,2895329178.0,14
PEPE,1783824480000,1783824540000,2.7100000000000003e-06,2.7200000000000002e-06,21.102593842685142,target,2896718441.0,14
PEPE,1783825320000,1783825380000,2.7100000000000003e-06,2.7200000000000002e-06,21.10686513288998,target,2897304754.0,14
PEPE,1783825980000,1783826040000,2.7100000000000003e-06,2.7200000000000002e-06,21.111137290010838,target,2897891186.0,14
PEPE,1783826520000,1783826580000,2.7200000000000002e-06,2.73e-06,21.08057144602479,target,2897673051.0,14
PEPE,1783827720000,1783827780000,2.73e-06,2.74e-06,21.05000468308489,target,2897454189.0,14
PEPE,1783828320000,1783828380000,2.73e-06,2.74e-06,21.054251271739947,target,2898038716.0,14
PEPE,1783829520000,1783829580000,2.73e-06,2.74e-06,21.058498724929585,target,2898623362.0,14
PEPE,1783830540000,1783830600000,2.73e-06,2.74e-06,21.06274702812524,target,2899208125.0,14
PEPE,1783831620000,1783831680000,2.7200000000000002e-06,2.73e-06,21.101850871950173,target,2900598058.0,14
PEPE,1783834320000,1783834380000,2.7100000000000003e-06,2.7200000000000002e-06,21.14099604268077,target,2901989848.0,14
PEPE,1783835280000,1783835340000,2.7100000000000003e-06,2.7200000000000002e-06,21.145275113266027,target,2902577229.0,14
PEPE,1783835820000,1783835940000,2.7200000000000002e-06,2.73e-06,21.114659840775616,target,2902358741.0,14
PEPE,1783840020000,1783840080000,2.7e-06,2.71e-06,21.188750420330166,target,2904557974.0,14
PEPE,1783841220000,1783841280000,2.7e-06,2.71e-06,21.193046234275016,target,2905146845.0,14
PEPE,1783842420000,1783842480000,2.69e-06,2.7e-06,21.232298134440967,target,2906543208.0,14
PEPE,1783843080000,1783843140000,2.7e-06,2.71e-06,21.201647557220177,target,2906325916.0,14
PEPE,1783843620000,1783843680000,2.7e-06,2.71e-06,21.20594598277454,target,2906915145.0,14
PEPE,1783844220000,1783844280000,2.7100000000000003e-06,2.7200000000000002e-06,21.175288213230328,target,2906697078.0,14
PEPE,1783844820000,1783844880000,2.7100000000000003e-06,2.7200000000000002e-06,21.179574219135585,target,2907285411.0,14
PEPE,1783845480000,1783845540000,2.7100000000000003e-06,2.7200000000000002e-06,21.18386109195505,target,2907873863.0,14
PEPE,1783900920000,1783900980000,2.7600000000000003e-06,2.77e-06,21.013548329639704,target,2904429624.0,14
PEPE,1783901640000,1783901700000,2.79e-06,2.8e-06,20.913217487635805,target,2902597847.0,14
PEPE,1783902180000,1783902240000,2.79e-06,2.8e-06,20.91739468725622,target,2903177611.0,14
PEPE,1783902900000,1783902960000,2.78e-06,2.79e-06,20.95641700892987,target,2904562302.0,14
PEPE,1783904940000,1783905000000,2.77e-06,2.78e-06,20.99548038344968,target,2905948842.0,14
PEPE,1783907040000,1783907100000,2.7600000000000003e-06,2.77e-06,21.034584902460274,target,2907337236.0,14
PEPE,1783907580000,1783908960000,2.7600000000000003e-06,2.77e-06,21.038807342515334,target,2907920849.0,14
PEPE,1783910220000,1783910280000,2.7600000000000003e-06,2.77e-06,21.043030636299903,target,2908504580.0,14
PEPE,1783911780000,1783912800000,2.7500000000000004e-06,2.7000000000000004e-06,-157.35259305202462,stop,2909895387.0,14
PEPE,1783916520000,1783916580000,2.73e-06,2.74e-06,21.120380818000914,target,2907141200.0,14
PEPE,1783917120000,1783917180000,2.73e-06,2.74e-06,21.124641609730645,target,2907727682.0,14
PEPE,1783917840000,1783917900000,2.73e-06,2.74e-06,21.128903258730677,target,2908314282.0,14
PEPE,1783918380000,1783918440000,2.73e-06,2.74e-06,21.1331657650001,target,2908901000.0,14
PEPE,1783920480000,1783920540000,2.73e-06,2.74e-06,21.137429135805014,target,2909487837.0,14
PEPE,1783922520000,1783922700000,2.7200000000000002e-06,2.73e-06,21.176671627949467,target,2910882698.0,14
PEPE,1783924500000,1783924560000,2.7200000000000002e-06,2.73e-06,21.180950841149937,target,2911470906.0,14
PEPE,1783924920000,1783924980000,2.7200000000000002e-06,2.73e-06,21.185230920074805,target,2912059233.0,14
PEPE,1783926120000,1783926180000,2.7200000000000002e-06,2.73e-06,21.189511864724974,target,2912647679.0,14
PEPE,1783927620000,1783927680000,2.7200000000000002e-06,2.73e-06,21.193793675100448,target,2913236244.0,14
PEPE,1783928280000,1783928340000,2.7200000000000002e-06,2.73e-06,21.198076351200317,target,2913824928.0,14
PEPE,1783929420000,1783929480000,2.7200000000000002e-06,2.73e-06,21.202359885749836,target,2914413730.0,14
PEPE,1783930800000,1783930860000,2.7100000000000003e-06,2.7200000000000002e-06,21.241691512749952,target,2915812150.0,14
PEPE,1783931520000,1783931580000,2.7200000000000002e-06,2.73e-06,21.21093664514994,target,2915592666.0,14
PEPE,1783933320000,1783933380000,2.74e-06,2.75e-06,21.145158359365734,target,2914563523.0,14
PEPE,1783987380000,1783987440000,2.7200000000000002e-06,2.73e-06,21.21949563172517,target,2916769159.0,14
PEPE,1783991040000,1783991100000,2.7500000000000004e-06,2.7600000000000003e-06,21.118673624265455,target,2914930797.0,14
PEPE,1783991700000,1783991760000,2.73e-06,2.74e-06,21.192987874585114,target,2917135289.0,14
PEPE,1783993920000,1783993980000,2.73e-06,2.74e-06,21.197263312555517,target,2917723787.0,14
PEPE,1783994820000,1783994880000,2.73e-06,2.74e-06,21.20153960779531,target,2918312403.0,14
PEPE,1783995420000,1783995480000,2.7200000000000002e-06,2.73e-06,21.24090112612512,target,2919711495.0,14
PEPE,1783997220000,1783997280000,2.7200000000000002e-06,2.73e-06,21.24519331792586,target,2920301487.0,14
PEPE,1783998420000,1783998480000,2.7200000000000002e-06,2.73e-06,21.249486375450086,target,2920891598.0,14
PEPE,1784000520000,1784000580000,2.7200000000000002e-06,2.73e-06,21.25378030597527,target,2921481829.0,14
PEPE,1784002440000,1784002500000,2.7200000000000002e-06,2.73e-06,21.258075102224844,target,2922072179.0,14
PEPE,1784002980000,1784003040000,2.73e-06,2.74e-06,21.227250958610046,target,2921851474.0,14
PEPE,1784003520000,1784003580000,2.73e-06,2.74e-06,21.231533305595573,target,2922440923.0,14
PEPE,1784004300000,1784004360000,2.73e-06,2.74e-06,21.23581652437997,target,2923030492.0,14
PEPE,1784004780000,1784004840000,2.73e-06,2.74e-06,21.240100600434666,target,2923620179.0,14
PEPE,1784005320000,1784005380000,2.73e-06,2.74e-06,21.244385541024858,target,2924209985.0,14
PEPE,1784006820000,1784006880000,2.74e-06,2.75e-06,21.21353560983976,target,2923988368.0,14
PEPE,1784007420000,1784007540000,2.74e-06,2.75e-06,21.217808115615018,target,2924577273.0,14
PEPE,1784008320000,1784008380000,2.73e-06,2.74e-06,21.257231375990866,target,2925978166.0,14
PEPE,1784009220000,1784009280000,2.74e-06,2.75e-06,21.22636279082523,target,2925756415.0,14
PEPE,1784012340000,1784012400000,2.73e-06,2.74e-06,21.265801947344784,target,2927157873.0,14
PEPE,1784012820000,1784012880000,2.73e-06,2.74e-06,21.270092075145214,target,2927748393.0,14
PEPE,1784013420000,1784013480000,2.74e-06,2.75e-06,21.239204815540866,target,2927526508.0,14
PEPE,1784014620000,1784014680000,2.74e-06,2.75e-06,21.24348248687439,target,2928116125.0,14
PEPE,1784016120000,1784016180000,2.74e-06,2.75e-06,21.24776102881016,target,2928705862.0,14
PEPE,1784074320000,1784074380000,2.81e-06,2.82e-06,21.00618968977568,target,2923617215.0,14
PEPE,1784078220000,1784078280000,2.79e-06,2.8e-06,21.08053121229113,target,2925819738.0,14
PEPE,1784078820000,1784078880000,2.8000000000000003e-06,2.81e-06,21.049645246891604,target,2925593502.0,14
PEPE,1784079660000,1784079720000,2.79e-06,2.8e-06,21.088946277630143,target,2926987686.0,14
PEPE,1784081580000,1784081700000,2.79e-06,2.8e-06,21.093158572804832,target,2927572321.0,14
PEPE,1784083020000,1784083080000,2.78e-06,2.79e-06,21.132508788104772,target,2928968647.0,14
PEPE,1784084220000,1784084280000,2.78e-06,2.79e-06,21.136736814179866,target,2929554652.0,14
PEPE,1784084880000,1784084940000,2.78e-06,2.79e-06,21.14096569162577,target,2930140775.0,14
PEPE,1784085480000,1784085540000,2.79e-06,2.8e-06,21.11003724357096,target,2929914954.0,14
PEPE,1784086020000,1784086080000,2.78e-06,2.79e-06,21.149418944355457,target,2931312397.0,14
PEPE,1784086620000,1784086680000,2.79e-06,2.8e-06,21.118478131629796,target,2931086486.0,14
PEPE,1784087220000,1784087340000,2.79e-06,2.8e-06,21.122696327700215,target,2931671940.0,14
PEPE,1784087820000,1784087880000,2.8000000000000003e-06,2.81e-06,21.09174858094545,target,2931445251.0,14
PEPE,1784088480000,1784088540000,2.79e-06,2.8e-06,21.13112822391941,target,2932842224.0,14
PEPE,1784089380000,1784089500000,2.79e-06,2.8e-06,21.135348948945012,target,2933428029.0,14
PEPE,1784090820000,1784090880000,2.78e-06,2.79e-06,21.174777865605904,target,2934827147.0,14
PEPE,1784093580000,1784093640000,2.77e-06,2.78e-06,21.21424827537501,target,2936228135.0,14
PEPE,1784094180000,1784094240000,2.78e-06,2.79e-06,21.183258737355548,target,2936002597.0,14
PEPE,1784094720000,1784094780000,2.78e-06,2.79e-06,21.18749692214977,target,2936590010.0,14
PEPE,1784095320000,1784095380000,2.79e-06,2.8e-06,21.156500400859926,target,2936363692.0,14
PEPE,1784095980000,1784096040000,2.79e-06,2.8e-06,21.160726191000165,target,2936950200.0,14
PEPE,1784096520000,1784096580000,2.8000000000000003e-06,2.81e-06,21.129722726085966,target,2936723103.0,14
PEPE,1784097120000,1784097180000,2.8000000000000003e-06,2.81e-06,21.133936146865505,target,2937308707.0,14
PEPE,1784097720000,1784097780000,2.8000000000000003e-06,2.81e-06,21.13815040226588,target,2937894427.0,14
PEPE,1784160420000,1784160540000,2.79e-06,2.8e-06,21.177616677964473,target,2939294473.0,14
PEPE,1784161020000,1784161080000,2.79e-06,2.8e-06,21.1818466902358,target,2939881567.0,14
PEPE,1784161620000,1784163480000,2.79e-06,2.77e-06,-71.05642799620561,time,2940468777.0,14
PEPE,1784164020000,1784164080000,2.78e-06,2.79e-06,21.207145928474425,target,2939313365.0,14
PEPE,1784166360000,1784166420000,2.77e-06,2.78e-06,21.246676676375884,target,2940716495.0,14
PEPE,1784166840000,1784166900000,2.78e-06,2.79e-06,21.215639765579333,target,2940490612.0,14
PEPE,1784167380000,1784167440000,2.78e-06,2.79e-06,21.219884422229548,target,2941078922.0,14
PEPE,1784168820000,1784168880000,2.78e-06,2.79e-06,21.224129937464387,target,2941667351.0,14
PEPE,1784169600000,1784169780000,2.78e-06,2.79e-06,21.228376296855306,target,2942255897.0,14
PEPE,1784170320000,1784170440000,2.78e-06,2.79e-06,21.232623507614306,target,2942844561.0,14
PEPE,1784171220000,1784171280000,2.79e-06,2.8e-06,21.201560968005694,target,2942617761.0,14
PEPE,1784172000000,1784172060000,2.78e-06,2.79e-06,21.24111340532964,target,2944021262.0,14
PEPE,1784172420000,1784172480000,2.78e-06,2.79e-06,21.24536316298451,target,2944610279.0,14
PEPE,1784175480000,1784175540000,2.77e-06,2.78e-06,21.284965152049587,target,2946015938.0,14
PEPE,1784176020000,1784176080000,2.77e-06,2.78e-06,21.289230763149767,target,2946606334.0,14
PEPE,1784177520000,1784177580000,2.77e-06,2.78e-06,21.2934972340262,target,2947196849.0,14
PEPE,1784179320000,1784179380000,2.77e-06,2.78e-06,21.29776456467616,target,2947787483.0,14
PEPE,1784180520000,1784180580000,2.78e-06,2.79e-06,21.266653019040067,target,2947561056.0,14
PEPE,1784181120000,1784181180000,2.78e-06,2.79e-06,21.27090788491524,target,2948150781.0,14
PEPE,1784181840000,1784181900000,2.78e-06,2.79e-06,21.275163609375042,target,2948740625.0,14
PEPE,1784183220000,1784183340000,2.77e-06,2.78e-06,21.314821135149533,target,2950148254.0,14
PEPE,1784186040000,1784186220000,2.7600000000000003e-06,2.77e-06,21.35452042977462,target,2951557765.0,14
PEPE,1784186820000,1784186940000,2.7600000000000003e-06,2.77e-06,21.358807102160267,target,2952150256.0,14
PEPE,1784191320000,1784191380000,2.7200000000000002e-06,2.73e-06,21.505059089700318,target,2956021868.0,14
PEPE,1784247720000,1784247780000,2.7200000000000002e-06,2.73e-06,20.20721126805059,target,2777623542.0,15
PEPE,1784248380000,1784248440000,2.7100000000000003e-06,2.7200000000000002e-06,20.24469683491061,target,2778956326.0,15
PEPE,1784248920000,1784248980000,2.7200000000000002e-06,2.73e-06,20.215385472600065,target,2778747144.0,15
PEPE,1784249520000,1784249580000,2.73e-06,2.74e-06,20.186073222960214,target,2778537264.0,15
PEPE,1784250120000,1784250180000,2.74e-06,2.75e-06,20.15676010693116,target,2778326686.0,15
PEPE,1784250900000,1784250960000,2.74e-06,2.75e-06,20.16081978002514,target,2778886255.0,15
PEPE,1784251320000,1784251380000,2.73e-06,2.74e-06,20.198279127665828,target,2780217361.0,15
PEPE,1784254980000,1784255040000,2.7200000000000002e-06,2.73e-06,20.23577804692577,target,2781550247.0,15
PEPE,1784258880000,1784258940000,2.7500000000000004e-06,2.7600000000000003e-06,20.139630054703993,target,2779797109.0,15
PEPE,1784260260000,1784260320000,2.74e-06,2.75e-06,20.17708009230414,target,2781127511.0,15
PEPE,1784260620000,1784260680000,2.7500000000000004e-06,2.7600000000000003e-06,20.147736593880083,target,2780916024.0,15
PEPE,1784263620000,1784263680000,2.7600000000000003e-06,2.77e-06,20.118392282399967,target,2780703840.0,15
PEPE,1784264220000,1784264280000,2.7600000000000003e-06,2.77e-06,20.12243080875571,target,2781262033.0,15
PEPE,1784264820000,1784264880000,2.7500000000000004e-06,2.7600000000000003e-06,20.15987900377421,target,2782591995.0,15
PEPE,1784265780000,1784265840000,2.7600000000000003e-06,2.77e-06,20.130517006505436,target,2782379683.0,15
PEPE,1784269620000,1784269680000,2.74e-06,2.75e-06,20.201421074369932,target,2784482574.0,15
PEPE,1784270220000,1784270280000,2.74e-06,2.75e-06,20.2054897364093,target,2785043382.0,15
PEPE,1784271120000,1784271180000,2.73e-06,2.74e-06,20.243032079805317,target,2786377437.0,15
PEPE,1784275080000,1784275140000,2.7100000000000003e-06,2.7200000000000002e-06,20.31413089841035,target,2788487426.0,15
PEPE,1784275620000,1784275680000,2.7100000000000003e-06,2.7200000000000002e-06,20.318242603405952,target,2789051833.0,15
PEPE,1784276220000,1784276280000,2.7100000000000003e-06,2.7200000000000002e-06,20.322355138889762,target,2789616354.0,15
PEPE,1784276820000,1784276880000,2.7100000000000003e-06,2.7200000000000002e-06,20.326468504865417,target,2790180989.0,15
PEPE,1784277420000,1784277480000,2.7100000000000003e-06,2.7200000000000002e-06,20.330582708615385,target,2790745739.0,15
PEPE,1784278860000,1784278920000,2.73e-06,2.74e-06,20.26761487099049,target,2789761166.0,15
PEPE,1784333640000,1784333700000,2.74e-06,2.75e-06,20.23818334918999,target,2789549738.0,15
PEPE,1784334720000,1784335020000,2.7500000000000004e-06,2.7600000000000003e-06,20.208750984450138,target,2789337610.0,15
PEPE,1784335320000,1784335440000,2.7500000000000004e-06,2.7600000000000003e-06,20.212814386170102,target,2789898466.0,15
PEPE,1784336040000,1784336100000,2.74e-06,2.75e-06,20.25040050801065,target,2791233702.0,15
PEPE,1784336520000,1784336580000,2.7500000000000004e-06,2.7600000000000003e-06,20.2209503835143,target,2791021447.0,15
PEPE,1784338020000,1784338080000,2.74e-06,2.75e-06,20.258551631100868,target,2792357220.0,15
PEPE,1784340480000,1784340540000,2.73e-06,2.74e-06,20.296192569435537,target,2793694779.0,15
PEPE,1784341020000,1784341080000,2.74e-06,2.75e-06,20.266719549515877,target,2793483053.0,15
PEPE,1784341620000,1784341680000,2.74e-06,2.75e-06,20.27080136487046,target,2794045674.0,15
PEPE,1784342220000,1784342280000,2.74e-06,2.75e-06,20.274884000040483,target,2794608408.0,15
PEPE,1784344740000,1784344800000,2.74e-06,2.75e-06,20.278967462279773,target,2795171256.0,15
PEPE,1784345220000,1784345280000,2.74e-06,2.75e-06,20.28305173708067,target,2795734216.0,15
PEPE,1784346420000,1784346480000,2.74e-06,2.75e-06,20.287136846205566,target,2796297291.0,15
PEPE,1784347320000,1784347380000,2.74e-06,2.75e-06,20.291222767890254,target,2796860478.0,15
PEPE,1784347920000,1784347980000,2.74e-06,2.75e-06,20.295309516646025,target,2797423779.0,15
PEPE,1784349420000,1784349600000,2.74e-06,2.75e-06,20.299397092470155,target,2797987194.0,15
PEPE,1784350020000,1784350080000,2.74e-06,2.75e-06,20.303485488110628,target,2798550722.0,15
PEPE,1784352120000,1784352180000,2.73e-06,2.74e-06,20.341209909454687,target,2799891247.0,15
PEPE,1784352720000,1784352780000,2.73e-06,2.74e-06,20.34531351564604,target,2800456093.0,15
PEPE,1784353320000,1784353380000,2.73e-06,2.74e-06,20.349417942779898,target,2801021052.0,15
PEPE,1784353980000,1784355660000,2.73e-06,2.74e-06,20.353523198125096,target,2801586125.0,15
PEPE,1784356020000,1784357880000,2.73e-06,2.71e-06,-67.46179286047546,time,2802151313.0,15
PEPE,1784358420000,1784358480000,2.7200000000000002e-06,2.73e-06,20.377678187775093,target,2801055421.0,15
PEPE,1784359620000,1784360160000,2.7200000000000002e-06,2.73e-06,20.381795954174876,target,2801621437.0,15
PEPE,1784420520000,1784420580000,2.7500000000000004e-06,2.7600000000000003e-06,20.284954177005147,target,2799855649.0,15
PEPE,1784421120000,1784421180000,2.7500000000000004e-06,2.7600000000000003e-06,20.28903289465552,target,2800418619.0,15
PEPE,1784421780000,1784421900000,2.7500000000000004e-06,2.7600000000000003e-06,20.293112438234907,target,2800981703.0,15
PEPE,1784422980000,1784423040000,2.7500000000000004e-06,2.7600000000000003e-06,20.297192807745127,target,2801544901.0,15
PEPE,1784423520000,1784423580000,2.7500000000000004e-06,2.7600000000000003e-06,20.301273988694884,target,2802108211.0,15
PEPE,1784424120000,1784424180000,2.7500000000000004e-06,2.7600000000000003e-06,20.305355995574562,target,2802671635.0,15
PEPE,1784426520000,1784426580000,2.74e-06,2.75e-06,20.343114198919697,target,2804012984.0,15
PEPE,1784428920000,1784428980000,2.7600000000000003e-06,2.77e-06,20.27986575446459,target,2803022219.0,15
PEPE,1784430120000,1784430180000,2.7500000000000004e-06,2.7600000000000003e-06,20.317606935570815,target,2804362586.0,15
PEPE,1784431320000,1784431380000,2.74e-06,2.75e-06,20.355387924975457,target,2805704745.0,15
PEPE,1784432820000,1784432880000,2.74e-06,2.75e-06,20.359487594885724,target,2806269827.0,15
PEPE,1784433720000,1784433780000,2.74e-06,2.75e-06,20.363588091865257,target,2806835023.0,15
PEPE,1784434620000,1784434680000,2.74e-06,2.75e-06,20.367689415914967,target,2807400333.0,15
PEPE,1784436420000,1784436480000,2.7500000000000004e-06,2.7600000000000003e-06,20.33806871376118,target,2807186848.0,15
PEPE,1784437620000,1784437680000,2.7600000000000003e-06,2.77e-06,20.308447195099983,target,2806972660.0,15
PEPE,1784438220000,1784438280000,2.7600000000000003e-06,2.77e-06,20.312523871610487,target,2807536126.0,15
PEPE,1784438820000,1784438880000,2.7600000000000003e-06,2.77e-06,20.316601372909748,target,2808099706.0,15
PEPE,1784440020000,1784440080000,2.7600000000000003e-06,2.77e-06,20.320679691764852,target,2808663399.0,15
PEPE,1784440620000,1784440680000,2.7600000000000003e-06,2.77e-06,20.324758820940158,target,2809227204.0,15
PEPE,1784441220000,1784441280000,2.7600000000000003e-06,2.77e-06,20.32883877490513,target,2809791123.0,15
PEPE,1784441820000,1784441880000,2.7600000000000003e-06,2.77e-06,20.33291955365977,target,2810355156.0,15
PEPE,1784442420000,1784442480000,2.7600000000000003e-06,2.77e-06,20.337001142735524,target,2810919301.0,15
PEPE,1784444220000,1784444280000,2.78e-06,2.79e-06,20.273609509920476,target,2809925088.0,15
PEPE,1784446620000,1784446680000,2.82e-06,2.83e-06,20.142914814225335,target,2807374887.0,15
PEPE,1784505720000,1784505780000,2.83e-06,2.84e-06,20.11327028240532,target,2807155657.0,15
PEPE,1784506380000,1784506440000,2.8500000000000002e-06,2.86e-06,20.050007912700632,target,2806159260.0,15
PEPE,1784506980000,1784507040000,2.86e-06,2.87e-06,20.0203674658955,target,2805937977.0,15
PEPE,1784508120000,1784508180000,2.87e-06,2.88e-06,19.99072648575135,target,2805715998.0,15
PEPE,1784509020000,1784509080000,2.86e-06,2.87e-06,20.02826630332034,target,2807045032.0,15
PEPE,1784509920000,1784509980000,2.88e-06,2.89e-06,19.965025621665948,target,2806047171.0,15
PEPE,1784511120000,1784511180000,2.88e-06,2.89e-06,19.968953820279978,target,2806599272.0,15
PEPE,1784512380000,1784512860000,2.86e-06,2.87e-06,20.04010381771545,target,2808704109.0,15
PEPE,1784513520000,1784513580000,2.87e-06,2.88e-06,20.01043361587445,target,2808481911.0,15
PEPE,1784514420000,1784514540000,2.86e-06,2.87e-06,20.04801043942443,target,2809812255.0,15
PEPE,1784516820000,1784517840000,2.92e-06,2.87e-06,-152.43430378478956,stop,2805711463.0,15
PEPE,1784523000000,1784523060000,2.87e-06,2.88e-06,19.988286023625008,target,2805373477.0,15
PEPE,1784523420000,1784523480000,2.86e-06,2.87e-06,20.025821260115343,target,2806702349.0,15
PEPE,1784527920000,1784527980000,2.83e-06,2.84e-06,20.13069372816497,target,2809587401.0,15
PEPE,1784528520000,1784528580000,2.83e-06,2.84e-06,20.134687871746014,target,2810144853.0,15
PEPE,1784529120000,1784529180000,2.83e-06,2.84e-06,20.138682810640343,target,2810702416.0,15
PEPE,1784530020000,1784530080000,2.82e-06,2.83e-06,20.17637552717542,target,2812038401.0,15
PEPE,1784530620000,1784530680000,2.82e-06,2.83e-06,20.18038543377448,target,2812597273.0,15
PEPE,1784531220000,1784531280000,2.82e-06,2.83e-06,20.184396143974976,target,2813156257.0,15
PEPE,1784534220000,1784534280000,2.82e-06,2.83e-06,20.18840764342474,target,2813715351.0,15
PEPE,1784534820000,1784534880000,2.82e-06,2.83e-06,20.19241993930031,target,2814274556.0,15
PEPE,1784535660000,1784535720000,2.81e-06,2.82e-06,20.230182199965526,target,2815613389.0,15
PEPE,1784536020000,1784536080000,2.82e-06,2.83e-06,20.200453643300268,target,2815394236.0,15
PEPE,1784536620000,1784536680000,2.82e-06,2.83e-06,20.204468335624338,target,2815953775.0,15
PEPE,1784595180000,1784595240000,2.9300000000000003e-06,2.9400000000000002e-06,19.838251854989306,target,2807962046.0,15
PEPE,1784595720000,1784595780000,2.9400000000000002e-06,2.95e-06,19.808569782995264,target,2807734909.0,15
PEPE,1784596320000,1784596380000,2.9400000000000002e-06,2.95e-06,19.812427929679277,target,2808281776.0,15
PEPE,1784597040000,1784597100000,2.9300000000000003e-06,2.9400000000000002e-06,19.849852450756302,target,2809604027.0,15
PEPE,1784599800000,1784599860000,2.92e-06,2.93e-06,19.88731589715088,target,2810928042.0,15
PEPE,1784600820000,1784601120000,2.92e-06,2.93e-06,19.891202505949913,target,2811477386.0,15
PEPE,1784601480000,1784601540000,2.92e-06,2.93e-06,19.89508987885092,target,2812026838.0,15
PEPE,1784602020000,1784602080000,2.92e-06,2.93e-06,19.89897800877557,target,2812576397.0,15
PEPE,1784602680000,1784602740000,2.92e-06,2.93e-06,19.90286690279855,target,2813126064.0,15
PEPE,1784605620000,1784605680000,2.9300000000000003e-06,2.9400000000000002e-06,19.873133010495536,target,2812899223.0,15
PEPE,1784606220000,1784606280000,2.9300000000000003e-06,2.9400000000000002e-06,19.877010296625212,target,2813448025.0,15
PEPE,1784606820000,1784606940000,2.9400000000000002e-06,2.95e-06,19.847270232419316,target,2813220444.0,15
PEPE,1784610720000,1784610780000,2.91e-06,2.92e-06,19.95206558098048,target,2816099588.0,15
PEPE,1784611320000,1784611380000,2.9e-06,2.91e-06,19.989658421534315,target,2817428953.0,15
PEPE,1784612220000,1784612280000,2.91e-06,2.92e-06,19.959884650746137,target,2817203197.0,15
PEPE,1784613480000,1784613540000,2.92e-06,2.93e-06,19.93011045672531,target,2816976743.0,15
PEPE,1784614080000,1784614140000,2.91e-06,2.92e-06,19.96769359604504,target,2818305377.0,15
PEPE,1784614620000,1784614680000,2.91e-06,2.92e-06,19.97160251098952,target,2818857094.0,15
PEPE,1784617020000,1784617080000,2.91e-06,2.92e-06,19.97551219819955,target,2819408920.0,15
PEPE,1784618220000,1784618280000,2.91e-06,2.92e-06,19.97942264350482,target,2819960853.0,15
PEPE,1784619120000,1784619180000,2.91e-06,2.92e-06,19.98333385398867,target,2820512894.0,15
PEPE,1784619720000,1784619780000,2.92e-06,2.93e-06,19.95352468105141,target,2820286174.0,15
PEPE,1784620920000,1784620980000,2.91e-06,2.92e-06,19.99115197436535,target,2821616369.0,15
PEPE,1784621820000,1784621880000,2.91e-06,2.92e-06,19.995065480390384,target,2822168734.0,15
PEPE,1784679780000,1784679840000,2.88e-06,2.89e-06,20.100314507780933,target,2825061772.0,15
PEPE,1784680320000,1784680380000,2.88e-06,2.89e-06,20.10426932361041,target,2825617614.0,15
PEPE,1784681520000,1784681580000,2.88e-06,2.89e-06,20.10822492208951,target,2826173566.0,15
PEPE,1784682420000,1784682480000,2.88e-06,2.89e-06,20.112181296105337,target,2826729627.0,15
PEPE,1784683080000,1784683140000,2.88e-06,2.89e-06,20.116138445655174,target,2827285797.0,15
PEPE,1784683980000,1784684040000,2.87e-06,2.88e-06,20.153945259000587,target,2828623896.0,15
PEPE,1784686020000,1784686080000,2.87e-06,2.88e-06,20.1579172968748,target,2829181375.0,15
PEPE,1784686620000,1784686680000,2.88e-06,2.89e-06,20.12802788813942,target,2828956836.0,15
PEPE,1784687820000,1784687880000,2.87e-06,2.88e-06,20.16585705487563,target,2830295727.0,15
PEPE,1784691240000,1784691420000,2.87e-06,2.88e-06,20.169831436875185,target,2830853535.0,15
PEPE,1784692320000,1784692440000,2.87e-06,2.88e-06,20.17380660975068,target,2831411454.0,15
PEPE,1784693280000,1784693340000,2.87e-06,2.88e-06,20.17778256637513,target,2831969483.0,15
PEPE,1784693820000,1784693880000,2.86e-06,2.87e-06,20.215673649655493,target,2833310953.0,15
PEPE,1784694780000,1784694900000,2.86e-06,2.87e-06,20.219664547690037,target,2833870294.0,15
PEPE,1784696220000,1784696340000,2.87e-06,2.88e-06,20.18972849812573,target,2833646105.0,15
PEPE,1784697420000,1784697480000,2.86e-06,2.87e-06,20.227642012815465,target,2834988369.0,15
PEPE,1784702220000,1784702280000,2.8400000000000003e-06,2.8500000000000002e-06,20.299573880820066,target,2837117244.0,15
PEPE,1784702880000,1784702940000,2.83e-06,2.84e-06,20.337599038124647,target,2838464625.0,15
PEPE,1784704320000,1784704380000,2.8400000000000003e-06,2.8500000000000002e-06,20.307623255820793,target,2838242244.0,15
PEPE,1784704920000,1784704980000,2.8400000000000003e-06,2.8500000000000002e-06,20.31164576819971,target,2838804440.0,15
PEPE,1784705520000,1784705580000,2.8400000000000003e-06,2.8500000000000002e-06,20.315669081940477,target,2839366748.0,15
PEPE,1784706420000,1784706480000,2.8400000000000003e-06,2.8500000000000002e-06,20.319693189885648,target,2839929167.0,15
PEPE,1784707620000,1784707680000,2.8400000000000003e-06,2.8500000000000002e-06,20.323718092034312,target,2840491697.0,15
PEPE,1784710620000,1784710680000,2.83e-06,2.84e-06,20.36178847936516,target,2841840681.0,15
PEPE,1784764920000,1784765100000,2.88e-06,2.89e-06,20.195759514850934,target,2838476390.0,15
PEPE,1784765520000,1784765700000,2.88e-06,2.89e-06,20.19973310716569,target,2839034871.0,15
PEPE,1784767680000,1784767740000,2.8900000000000003e-06,2.9e-06,20.169736722940172,target,2838808828.0,15
PEPE,1784768880000,1784768940000,2.88e-06,2.89e-06,20.207675965875897,target,2840151225.0,15
PEPE,1784774820000,1784774880000,2.8500000000000002e-06,2.86e-06,20.313717080295106,target,2843067471.0,15
PEPE,1784775420000,1784775480000,2.8500000000000002e-06,2.86e-06,20.31773407074474,target,2843629681.0,15
PEPE,1784776980000,1784777040000,2.8400000000000003e-06,2.8500000000000002e-06,20.355824702070382,target,2844978994.0,15
PEPE,1784777520000,1784777580000,2.8400000000000003e-06,2.8500000000000002e-06,20.359856766374484,target,2845542525.0,15
PEPE,1784778420000,1784778480000,2.8400000000000003e-06,2.8500000000000002e-06,20.36388962488572,target,2846106167.0,15
PEPE,1784779320000,1784779380000,2.8400000000000003e-06,2.8500000000000002e-06,20.367923284755165,target,2846669921.0,15
PEPE,1784781120000,1784781180000,2.8500000000000002e-06,2.86e-06,20.337857891795935,target,2846446171.0,15
PEPE,1784781720000,1784782140000,2.8500000000000002e-06,2.86e-06,20.341879647960234,target,2847009048.0,15
PEPE,1784782620000,1784782680000,2.8400000000000003e-06,2.8500000000000002e-06,20.380015549574654,target,2848359965.0,15
PEPE,1784783820000,1784783880000,2.8400000000000003e-06,2.8500000000000002e-06,20.38405240773041,target,2848924166.0,15
PEPE,1784785860000,1784785920000,2.8400000000000003e-06,2.8500000000000002e-06,20.388090060090576,target,2849488478.0,15
PEPE,1784786220000,1784786280000,2.8400000000000003e-06,2.8500000000000002e-06,20.39212851380986,target,2850052902.0,15
PEPE,1784786820000,1784786880000,2.8400000000000003e-06,2.8500000000000002e-06,20.396167768890077,target,2850617438.0,15
PEPE,1784787420000,1784787480000,2.8400000000000003e-06,2.8500000000000002e-06,20.400207818175613,target,2851182085.0,15
PEPE,1784788320000,1784788380000,2.8400000000000003e-06,2.8500000000000002e-06,20.404248675974983,target,2851746845.0,15
PEPE,1784789220000,1784789280000,2.8400000000000003e-06,2.8500000000000002e-06,20.40829032798058,target,2852311716.0,15
PEPE,1784789820000,1784789940000,2.8500000000000002e-06,2.86e-06,20.37816534469019,target,2852087522.0,15
PEPE,1784790720000,1784790780000,2.83e-06,2.84e-06,20.450562385135637,target,2854230619.0,15
PEPE,1784792220000,1784792340000,2.8400000000000003e-06,2.8500000000000002e-06,20.420420099310437,target,2854007002.0,15
PEPE,1784793720000,1784793900000,2.8400000000000003e-06,2.8500000000000002e-06,20.42446495675524,target,2854572321.0,15
PEPE,1784851320000,1784851380000,2.78e-06,2.79e-06,20.634075787260937,target,2859885764.0,15
PEPE,1784852520000,1784852580000,2.77e-06,2.78e-06,20.6725383160505,target,2861250978.0,15
PEPE,1784853420000,1784853480000,2.77e-06,2.78e-06,20.676681196075332,target,2861824387.0,15
PEPE,1784854500000,1784854620000,2.77e-06,2.78e-06,20.680824906974767,target,2862397911.0,15
PEPE,1784855220000,1784855280000,2.78e-06,2.79e-06,20.650614587460037,target,2862178044.0,15
PEPE,1784855880000,1784855940000,2.77e-06,2.78e-06,20.68910794320012,target,2863544352.0,15
PEPE,1784856480000,1784856540000,2.77e-06,2.78e-06,20.693254146725177,target,2864118221.0,15
PEPE,1784858580000,1784858700000,2.78e-06,2.79e-06,20.663025664515285,target,2863898221.0,15
PEPE,1784860320000,1784860380000,2.78e-06,2.79e-06,20.66715976572001,target,2864471208.0,15
PEPE,1784860980000,1784861040000,2.77e-06,2.78e-06,20.70568395725076,target,2865838610.0,15
PEPE,1784861940000,1784862000000,2.77e-06,2.78e-06,20.709833484276043,target,2866412939.0,15
PEPE,1784863140000,1784863200000,2.79e-06,2.8e-06,20.64519679772035,target,2865398584.0,15
PEPE,1784864400000,1784864460000,2.78e-06,2.79e-06,20.683711314825217,target,2866765255.0,15
PEPE,1784865420000,1784865480000,2.78e-06,2.79e-06,20.68784955744013,target,2867338816.0,15
PEPE,1784866020000,1784866080000,2.78e-06,2.79e-06,20.691988622565113,target,2867912491.0,15
PEPE,1784867520000,1784867640000,2.78e-06,2.79e-06,20.696128510200168,target,2868486280.0,15
PEPE,1784868420000,1784868480000,2.77e-06,2.78e-06,20.734706702775018,target,2869855599.0,15
PEPE,1784869920000,1784870040000,2.78e-06,2.79e-06,20.704417672185166,target,2869635159.0,15
PEPE,1784871300000,1784871420000,2.77e-06,2.78e-06,20.743011320075365,target,2871005027.0,15
PEPE,1784872440000,1784872500000,2.77e-06,2.78e-06,20.747168324974787,target,2871580391.0,15
PEPE,1784872920000,1784873040000,2.77e-06,2.78e-06,20.751326160750633,target,2872155870.0,15
PEPE,1784873580000,1784873640000,2.78e-06,2.79e-06,20.721012850394164,target,2871935253.0,15
PEPE,1784874180000,1784874300000,2.78e-06,2.79e-06,20.72515855331937,target,2872509848.0,15
PEPE,1784875680000,1784875800000,2.78e-06,2.79e-06,20.72930508597029,target,2873084558.0,15
PEPE,1784937720000,1784937780000,2.7100000000000003e-06,2.7200000000000002e-06,20.975303474785484,target,2879245501.0,15
PEPE,1784938320000,1784938380000,2.7100000000000003e-06,2.7200000000000002e-06,20.979549005230066,target,2879828278.0,15
PEPE,1784939040000,1784939100000,2.7100000000000003e-06,2.7200000000000002e-06,20.98379539530547,target,2880411173.0,15
PEPE,1784941440000,1784941500000,2.7100000000000003e-06,2.7200000000000002e-06,20.98804264500988,target,2880994186.0,15
PEPE,1784942520000,1784942580000,2.7100000000000003e-06,2.7200000000000002e-06,20.992290747059915,target,2881577316.0,15
PEPE,1784943120000,1784943240000,2.7100000000000003e-06,2.7200000000000002e-06,20.99653971602506,target,2882160565.0,15
PEPE,1784943720000,1784943780000,2.7100000000000003e-06,2.7200000000000002e-06,21.000789544620122,target,2882743932.0,15
PEPE,1784944320000,1784944380000,2.7100000000000003e-06,2.7200000000000002e-06,21.005040232845097,target,2883327417.0,15
PEPE,1784944920000,1784944980000,2.7100000000000003e-06,2.7200000000000002e-06,21.009291780699986,target,2883911020.0,15
PEPE,1784945580000,1784945700000,2.7100000000000003e-06,2.7200000000000002e-06,21.013544188184788,target,2884494741.0,15
PEPE,1784946120000,1784946240000,2.7100000000000003e-06,2.7200000000000002e-06,21.01779745530041,target,2885078580.0,15
PEPE,1784947080000,1784947140000,2.7100000000000003e-06,2.7200000000000002e-06,21.02205158204504,target,2885662537.0,15
PEPE,1784949480000,1784949540000,2.7e-06,2.71e-06,21.061017698659622,target,2887048348.0,15
PEPE,1784951280000,1784951340000,2.7e-06,2.71e-06,21.06528761535445,target,2887633669.0,15
PEPE,1784952840000,1784952900000,2.7e-06,2.71e-06,21.069558392860365,target,2888219108.0,15
PEPE,1784953920000,1784953980000,2.7e-06,2.71e-06,21.073830045765952,target,2888804667.0,15
PEPE,1784954520000,1784954580000,2.7e-06,2.71e-06,21.078102552185147,target,2889390343.0,15
PEPE,1784955180000,1784955240000,2.7e-06,2.71e-06,21.08237593400583,target,2889976139.0,15
PEPE,1784955720000,1784955780000,2.7e-06,2.71e-06,21.086650176635782,target,2890562053.0,15
PEPE,1784956440000,1784956500000,2.7e-06,2.71e-06,21.090925287369746,target,2891148086.0,15
PEPE,1784957220000,1784957280000,2.7e-06,2.71e-06,21.095201266209543,target,2891734238.0,15
PEPE,1784958420000,1784958480000,2.69e-06,2.7e-06,21.134271952275647,target,2893124155.0,15
PEPE,1784959920000,1784959980000,2.69e-06,2.7e-06,21.13856378587572,target,2893711675.0,15
PEPE,1784960520000,1784960580000,2.69e-06,2.7e-06,21.14285648876962,target,2894299314.0,15
PEPE,1785024420000,1785024480000,2.74e-06,2.75e-06,20.973268074790575,target,2890870858.0,15
PEPE,1785025020000,1785025080000,2.74e-06,2.75e-06,20.97749218971543,target,2891453093.0,15
PEPE,1785025620000,1785025680000,2.74e-06,2.75e-06,20.981717160731232,target,2892035446.0,15
PEPE,1785026280000,1785026340000,2.74e-06,2.75e-06,20.985942980579605,target,2892617916.0,15
PEPE,1785026880000,1785027000000,2.74e-06,2.75e-06,20.990169649266004,target,2893200503.0,15
PEPE,1785027720000,1785027780000,2.74e-06,2.75e-06,20.994397166784974,target,2893783207.0,15
PEPE,1785028920000,1785028980000,2.74e-06,2.75e-06,20.9986255403958,target,2894366029.0,15
PEPE,1785029940000,1785030000000,2.74e-06,2.75e-06,21.002854762840105,target,2894948968.0,15
PEPE,1785030420000,1785030480000,2.74e-06,2.75e-06,21.007084834119713,target,2895532024.0,15
PEPE,1785031020000,1785031080000,2.7600000000000003e-06,2.77e-06,20.941772050670153,target,2894508922.0,15
PEPE,1785031740000,1785031800000,2.7600000000000003e-06,2.77e-06,20.945975867834612,target,2895089961.0,15
PEPE,1785032220000,1785032280000,2.78e-06,2.79e-06,20.880686024054967,target,2894065977.0,15
PEPE,1785032820000,1785032880000,2.8000000000000003e-06,2.81e-06,20.815432275814555,target,2893041317.0,15
PEPE,1785034020000,1785034080000,2.87e-06,2.88e-06,20.577129496876548,target,2888018175.0,15
PEPE,1785034620000,1785034680000,2.86e-06,2.87e-06,20.615770501325393,target,2889386195.0,15
PEPE,1785035280000,1785035340000,2.8400000000000003e-06,2.8500000000000002e-06,20.689082600442703,target,2891555919.0,15
PEPE,1785036120000,1785036180000,2.86e-06,2.87e-06,20.62392475034438,target,2890529047.0,15
PEPE,1785036780000,1785036840000,2.8500000000000002e-06,2.86e-06,20.662621463073794,target,2891899435.0,15
PEPE,1785037920000,1785037980000,2.87e-06,2.88e-06,20.597462465624297,target,2890871925.0,15
PEPE,1785038640000,1785038700000,2.9e-06,2.91e-06,20.49777746774989,target,2889045450.0,15
PEPE,1785039120000,1785039180000,2.91e-06,2.92e-06,20.467246871176094,target,2888813955.0,15
PEPE,1785039720000,1785039780000,2.9e-06,2.91e-06,20.50581039836912,target,2890177646.0,15
PEPE,1785040440000,1785040500000,2.91e-06,2.92e-06,20.475267835100148,target,2889946060.0,15
PEPE,1785040920000,1785040980000,2.91e-06,2.92e-06,20.47927611716967,target,2890511802.0,15
PEPE,1785110520000,1785110580000,2.9700000000000004e-06,2.9800000000000003e-06,20.276222803526725,target,2886295061.0,15
PEPE,1785111120000,1785111180000,2.9700000000000004e-06,2.9800000000000003e-06,20.280151991400615,target,2886854376.0,15
PEPE,1785112020000,1785112080000,2.9700000000000004e-06,2.9800000000000003e-06,20.28408194499951,target,2887413800.0,15
PEPE,1785113220000,1785113280000,2.9700000000000004e-06,2.9800000000000003e-06,20.288012657301003,target,2887973332.0,15
PEPE,1785114120000,1785114240000,2.9700000000000004e-06,2.9800000000000003e-06,20.291944128299633,target,2888532972.0,15
PEPE,1785118320000,1785118380000,2.9400000000000002e-06,2.95e-06,20.399422117470383,target,2891484354.0,15
PEPE,1785118920000,1785118980000,2.9300000000000003e-06,2.9400000000000002e-06,20.437955435701447,target,2892845780.0,15
PEPE,1785120540000,1785120600000,2.9300000000000003e-06,2.9400000000000002e-06,20.441942914635412,target,2893410179.0,15
PEPE,1785121020000,1785121080000,2.9300000000000003e-06,2.9400000000000002e-06,20.445931170719593,target,2893974688.0,15
PEPE,1785121620000,1785121680000,2.9300000000000003e-06,2.9400000000000002e-06,20.44992020395399,target,2894539307.0,15
PEPE,1785122220000,1785122280000,2.9400000000000002e-06,2.95e-06,20.419322953185176,target,2894305167.0,15
PEPE,1785122820000,1785122880000,2.9400000000000002e-06,2.95e-06,20.423300061279008,target,2894868896.0,15
PEPE,1785124020000,1785124080000,2.9400000000000002e-06,2.95e-06,20.42727793836994,target,2895432734.0,15
PEPE,1785125520000,1785125640000,2.9300000000000003e-06,2.9400000000000002e-06,20.465863874234774,target,2896796019.0,15
PEPE,1785126840000,1785126900000,2.9400000000000002e-06,2.95e-06,20.435242772334767,target,2896561697.0,15
PEPE,1785127320000,1785127380000,2.95e-06,2.96e-06,20.404621305610647,target,2896326658.0,15
PEPE,1785128040000,1785128100000,2.95e-06,2.96e-06,20.40858881712494,target,2896889825.0,15
PEPE,1785129120000,1785129180000,2.95e-06,2.96e-06,20.412557103590785,target,2897453102.0,15
PEPE,1785130320000,1785130380000,2.99e-06,3e-06,20.27822952500949,target,2894822202.0,15
PEPE,1785130920000,1785130980000,2.99e-06,3e-06,20.28214576132462,target,2895381265.0,15
PEPE,1785132360000,1785132420000,3.0300000000000002e-06,3.04e-06,20.14801733871513,target,2892751951.0,15
PEPE,1785132840000,1785132900000,3.0300000000000002e-06,3.04e-06,20.151881945579564,target,2893306812.0,15
PEPE,1785133320000,1785133380000,3.0300000000000002e-06,3.04e-06,20.1557472907349,target,2893861779.0,15
PEPE,1785134520000,1785134580000,3.0600000000000003e-06,3.0700000000000003e-06,20.056219173200336,target,2892028720.0,15
PEPE,1785197880000,1785197940000,2.82e-06,2.83e-06,20.892167877174987,target,2911800401.0,15
PEPE,1785202620000,1785202680000,2.79e-06,2.8e-06,21.001134223355393,target,2914800031.0,15
PEPE,1785203220000,1785203280000,2.79e-06,2.8e-06,21.00532898156026,target,2915382232.0,15
PEPE,1785204720000,1785204780000,2.79e-06,2.8e-06,21.009524575545313,target,2915964549.0,15
PEPE,1785205320000,1785205380000,2.79e-06,2.8e-06,21.013721012515727,target,2916546983.0,15
PEPE,1785205920000,1785205980000,2.79e-06,2.8e-06,21.017918285264503,target,2917129533.0,15
PEPE,1785207420000,1785207480000,2.8000000000000003e-06,2.81e-06,20.98712405695637,target,2916903969.0,15
PEPE,1785208080000,1785208140000,2.8000000000000003e-06,2.81e-06,20.99130903589959,target,2917485620.0,15
PEPE,1785208620000,1785208680000,2.8000000000000003e-06,2.81e-06,20.995494849464556,target,2918067387.0,15
PEPE,1785209220000,1785209280000,2.8000000000000003e-06,2.81e-06,20.999681504845988,target,2918649271.0,15
PEPE,1785210120000,1785210180000,2.8000000000000003e-06,2.81e-06,21.003868987649895,target,2919231270.0,15
PEPE,1785211320000,1785211380000,2.8000000000000003e-06,2.81e-06,21.008057312269358,target,2919813386.0,15
PEPE,1785211980000,1785212040000,2.81e-06,2.82e-06,20.977231646579003,target,2919586868.0,15
PEPE,1785214020000,1785214140000,2.81e-06,2.82e-06,20.981407683540237,target,2920168084.0,15
PEPE,1785215220000,1785215280000,2.82e-06,2.83e-06,20.950575182601586,target,2919940792.0,15
PEPE,1785216180000,1785216240000,2.81e-06,2.82e-06,20.989755288389645,target,2921329894.0,15
PEPE,1785217320000,1785217380000,2.82e-06,2.83e-06,20.958910516425075,target,2921102511.0,15
PEPE,1785217980000,1785218040000,2.82e-06,2.83e-06,20.96307594832453,target,2921683059.0,15
PEPE,1785218580000,1785218640000,2.81e-06,2.82e-06,21.00227943314998,target,2923072990.0,15
PEPE,1785220020000,1785220080000,2.82e-06,2.83e-06,20.97141626160049,target,2922845472.0,15
PEPE,1785221880000,1785221940000,2.83e-06,2.84e-06,20.940552417126412,target,2922617225.0,15
PEPE,1785222420000,1785222480000,2.82e-06,2.83e-06,20.979745955875394,target,2924006405.0,15
PEPE,1785223020000,1785223080000,2.82e-06,2.83e-06,20.983915527749556,target,2924587530.0,15
PEPE,1785224520000,1785225960000,2.82e-06,2.83e-06,20.988085931925852,target,2925168771.0,15
PEPE,1785283980000,1785284040000,2.81e-06,2.82e-06,21.027336186600508,target,2926560360.0,15
PEPE,1785284520000,1785284580000,2.81e-06,2.82e-06,21.031522196340674,target,2927142964.0,15
PEPE,1785285120000,1785285180000,2.8000000000000003e-06,2.81e-06,21.07082147735511,target,2928536689.0,15
PEPE,1785286020000,1785287880000,2.81e-06,2.78e-06,-100.10426005238942,time,2928309494.0,15
PEPE,1785289320000,1785289380000,2.79e-06,2.8e-06,21.090167258544955,target,2927157149.0,15
PEPE,1785289920000,1785289980000,2.78e-06,2.79e-06,21.129511893555005,target,2928553277.0,15
PEPE,1785291420000,1785291780000,2.78e-06,2.79e-06,21.133739320785736,target,2929139199.0,15
PEPE,1785292320000,1785292380000,2.8000000000000003e-06,2.81e-06,21.067694767790805,target,2928102122.0,15
PEPE,1785292920000,1785292980000,2.8000000000000003e-06,2.81e-06,21.071895820363434,target,2928686007.0,15
PEPE,1785300120000,1785300180000,2.74e-06,2.75e-06,21.28723435203003,target,2934146706.0,15
PEPE,1785301320000,1785301380000,2.74e-06,2.75e-06,21.291521701534542,target,2934737657.0,15
PEPE,1785302220000,1785302340000,2.74e-06,2.75e-06,21.295809914385654,target,2935328727.0,15
PEPE,1785304620000,1785304680000,2.7600000000000003e-06,2.77e-06,21.229599458305668,target,2934291563.0,15
PEPE,1785306480000,1785306540000,2.7600000000000003e-06,2.77e-06,21.23386105417986,target,2934880588.0,15
PEPE,1785309420000,1785309480000,2.7600000000000003e-06,2.77e-06,21.238123496550656,target,2935469730.0,15
PEPE,1785310620000,1785310680000,2.7500000000000004e-06,2.7600000000000003e-06,21.277648014840622,target,2936873432.0,15
PEPE,1785311520000,1785311580000,2.7500000000000004e-06,2.7600000000000003e-06,21.281926339486304,target,2937463953.0,15
PEPE,1785312120000,1785312180000,2.7600000000000003e-06,2.77e-06,21.25093012664044,target,2937239824.0,15
PEPE,1785312780000,1785312840000,2.74e-06,2.75e-06,21.32578052978061,target,2939459756.0,15
PEPE,1785314520000,1785314580000,2.74e-06,2.75e-06,21.330075649390828,target,2940051778.0,15
PEPE,1785315120000,1785315180000,2.74e-06,2.75e-06,21.334371625090178,target,2940643918.0,15
PEPE,1785316320000,1785316380000,2.74e-06,2.75e-06,21.33866847138995,target,2941236178.0,15
PEPE,1785316920000,1785316980000,2.74e-06,2.75e-06,21.34296618103541,target,2941828557.0,15
PEPE,1785317820000,1785317880000,2.74e-06,2.75e-06,21.347264754025645,target,2942421055.0,15
PEPE,1785370020000,1785370080000,2.7200000000000002e-06,2.73e-06,21.422312541300542,target,2944647772.0,15
PEPE,1785370620000,1785370740000,2.73e-06,2.74e-06,21.391250254929886,target,2944425362.0,15
PEPE,1785375120000,1785375180000,2.73e-06,2.74e-06,21.39556568672589,target,2945019365.0,15
PEPE,1785375720000,1785375780000,2.74e-06,2.75e-06,21.36449622060509,target,2944796171.0,15
PEPE,1785376320000,1785376380000,2.7500000000000004e-06,2.7600000000000003e-06,21.333425864310197,target,2944572238.0,15
PEPE,1785376920000,1785376980000,2.7500000000000004e-06,2.7600000000000003e-06,21.337715404214713,target,2945164307.0,15
PEPE,1785377760000,1785377820000,2.7500000000000004e-06,2.7600000000000003e-06,21.342005806275104,target,2945756495.0,15
PEPE,1785378420000,1785378540000,2.7500000000000004e-06,2.7600000000000003e-06,21.346297070489555,target,2946348802.0,15
PEPE,1785379320000,1785379380000,2.7500000000000004e-06,2.7600000000000003e-06,21.350589204105066,target,2946941229.0,15
PEPE,1785382620000,1785382680000,2.7500000000000004e-06,2.7600000000000003e-06,21.354882192629447,target,2947533774.0,15
PEPE,1785383820000,1785383880000,2.7500000000000004e-06,2.7600000000000003e-06,21.359176050554893,target,2948126439.0,15
PEPE,1785384420000,1785384480000,2.7500000000000004e-06,2.7600000000000003e-06,21.363470770635303,target,2948719223.0,15
PEPE,1785385020000,1785385140000,2.7500000000000004e-06,2.7600000000000003e-06,21.367766352869772,target,2949312126.0,15
PEPE,1785385620000,1785385680000,2.7500000000000004e-06,2.7600000000000003e-06,21.372062797261023,target,2949905148.0,15
PEPE,1785386220000,1785386400000,2.7500000000000004e-06,2.7600000000000003e-06,21.376360103804515,target,2950498289.0,15
PEPE,1785390120000,1785390180000,2.74e-06,2.75e-06,21.416109864939692,target,2951910388.0,15
PEPE,1785391320000,1785391380000,2.74e-06,2.75e-06,21.42042317283538,target,2952504917.0,15
PEPE,1785393180000,1785393300000,2.74e-06,2.75e-06,21.424737344074934,target,2953099565.0,15
PEPE,1785393720000,1785393780000,2.74e-06,2.75e-06,21.42905238591491,target,2953694333.0,15
PEPE,1785394320000,1785394380000,2.73e-06,2.74e-06,21.468868149110563,target,2955109174.0,15
PEPE,1785394920000,1785394980000,2.74e-06,2.75e-06,21.43769223482544,target,2954885215.0,15
PEPE,1785397020000,1785397080000,2.73e-06,2.74e-06,21.477524047890476,target,2956300626.0,15
PEPE,1785397800000,1785397860000,2.73e-06,2.74e-06,21.48185688662494,target,2956897025.0,15
PEPE,1785398220000,1785398280000,2.73e-06,2.74e-06,21.486190604425293,target,2957493545.0,15
PEPE,1785456120000,1785456180000,2.7600000000000003e-06,2.77e-06,20.073814473815357,target,2774542429.0,16
PEPE,1785457800000,1785457860000,2.7600000000000003e-06,2.77e-06,20.077844050475225,target,2775099385.0,16
PEPE,1785458640000,1785458700000,2.77e-06,2.78e-06,20.048558098149513,target,2774886934.0,16
PEPE,1785459120000,1785459240000,2.77e-06,2.78e-06,20.052575935100307,target,2775443036.0,16
PEPE,1785459720000,1785459840000,2.78e-06,2.79e-06,20.02328335332044,target,2775229848.0,16
PEPE,1785460320000,1785460380000,2.79e-06,2.8e-06,19.99399003502998,target,2775015966.0,16
PEPE,1785461520000,1785461580000,2.79e-06,2.8e-06,19.997983622429636,target,2775570246.0,16
PEPE,1785468180000,1785468240000,2.74e-06,2.75e-06,20.168726511184882,target,2779976087.0,16
PEPE,1785469320000,1785469380000,2.74e-06,2.75e-06,20.17278858568545,target,2780535987.0,16
PEPE,1785469920000,1785470040000,2.74e-06,2.75e-06,20.17685148000054,target,2781096000.0,16
PEPE,1785470580000,1785470640000,2.74e-06,2.75e-06,20.180915194130158,target,2781656126.0,16
PEPE,1785471180000,1785471240000,2.74e-06,2.75e-06,20.184979728074303,target,2782216365.0,16
PEPE,1785472320000,1785472380000,2.74e-06,2.75e-06,20.189045081834795,target,2782776717.0,16
PEPE,1785474420000,1785474540000,2.7500000000000004e-06,2.7600000000000003e-06,20.159684178480223,target,2782565104.0,16
PEPE,1785475020000,1785475080000,2.7500000000000004e-06,2.7600000000000003e-06,20.163737712509548,target,2783124598.0,16
PEPE,1785475620000,1785475680000,2.74e-06,2.75e-06,20.201232574960247,target,2784456592.0,16
PEPE,1785477780000,1785477840000,2.74e-06,2.75e-06,20.205301200725017,target,2785017395.0,16
PEPE,1785480720000,1785480780000,2.73e-06,2.74e-06,20.242843204335745,target,2786351439.0,16
PEPE,1785481320000,1785481380000,2.73e-06,2.74e-06,20.246926955279694,target,2786913552.0,16
PEPE,1785484620000,1785484740000,2.74e-06,2.75e-06,20.21752547669948,target,2786702340.0,16
PEPE,1785485400000,1785485580000,2.73e-06,2.74e-06,20.25509019261532,target,2788037191.0,16
PEPE,1785486120000,1785486180000,2.73e-06,2.74e-06,20.259176420925357,target,2788599645.0,16
PEPE,1785487020000,1785487080000,2.73e-06,2.74e-06,20.263263470179716,target,2789162212.0,16
PEPE,1785487920000,1785487980000,2.73e-06,2.74e-06,20.267351347644507,target,2789724893.0,16
PEPE,1785542520000,1785542580000,2.7500000000000004e-06,2.7600000000000003e-06,20.204418967110737,target,2788739678.0,16
PEPE,1785543240000,1785543300000,2.7600000000000003e-06,2.77e-06,20.17499209979512,target,2788526897.0,16
PEPE,1785544320000,1785544680000,2.77e-06,2.78e-06,20.145564445049644,target,2788313418.0,16
PEPE,1785545340000,1785545400000,2.77e-06,2.78e-06,20.149601717250565,target,2788872210.0,16
PEPE,1785545820000,1785545880000,2.77e-06,2.78e-06,20.15363979864962,target,2789431114.0,16
PEPE,1785546480000,1785546540000,2.78e-06,2.79e-06,20.12419958718033,target,2789216852.0,16
PEPE,1785547320000,1785547380000,2.77e-06,2.78e-06,20.161711684250196,target,2790548330.0,16
PEPE,1785548580000,1785548640000,2.78e-06,2.79e-06,20.13225968013045,target,2790333982.0,16
PEPE,1785549120000,1785549180000,2.77e-06,2.78e-06,20.169786806649668,target,2791665994.0,16
PEPE,1785549720000,1785549780000,2.78e-06,2.79e-06,20.140322998185564,target,2791451559.0,16
PEPE,1785551520000,1785551580000,2.78e-06,2.79e-06,20.144352525180103,target,2792010052.0,16
PEPE,1785552120000,1785552180000,2.77e-06,2.78e-06,20.181902185175623,target,2793342863.0,16
PEPE,1785553020000,1785553080000,2.77e-06,2.78e-06,20.18594674740039,target,2793902664.0,16
PEPE,1785555120000,1785555180000,2.77e-06,2.78e-06,20.18999211159992,target,2794462576.0,16
PEPE,1785555780000,1785555840000,2.77e-06,2.78e-06,20.1940382922255,target,2795022601.0,16
PEPE,1785558120000,1785558180000,2.79e-06,2.8e-06,20.131011432344998,target,2794033509.0,16
PEPE,1785558720000,1785558780000,2.79e-06,2.8e-06,20.13503239154039,target,2794591588.0,16
PEPE,1785561240000,1785561300000,2.79e-06,2.8e-06,20.139054157695234,target,2795149779.0,16
PEPE,1785562020000,1785562080000,2.78e-06,2.79e-06,20.176624448175396,target,2796482945.0,16
PEPE,1785563520000,1785563580000,2.78e-06,2.79e-06,20.18066122624489,target,2797042443.0,16
PEPE,1785564120000,1785564180000,2.79e-06,2.8e-06,20.151137670400313,target,2796826880.0,16
PEPE,1785566520000,1785566580000,2.78e-06,2.79e-06,20.188730503890206,target,2798160846.0,16
PEPE,1785567720000,1785567780000,2.79e-06,2.8e-06,20.15919513718073,target,2797945196.0,16
PEPE,1785568320000,1785568380000,2.78e-06,2.79e-06,20.196803006639602,target,2799279696.0,16
PEPE,1785628920000,1785628980000,2.77e-06,2.78e-06,20.234450441049773,target,2800615978.0,16
PEPE,1785629520000,1785629580000,2.78e-06,2.79e-06,20.204892176040495,target,2800400856.0,16
PEPE,1785630180000,1785630240000,2.78e-06,2.79e-06,20.20893461788537,target,2800961139.0,16
PEPE,1785631620000,1785631680000,2.78e-06,2.79e-06,20.21297786059522,target,2801521533.0,16
PEPE,1785633420000,1785633480000,2.81e-06,2.82e-06,20.11623310072623,target,2799754085.0,16
PEPE,1785634020000,1785634080000,2.81e-06,2.82e-06,20.120237732324988,target,2800311445.0,16
PEPE,1785634620000,1785634680000,2.81e-06,2.82e-06,20.124243168644526,target,2800868917.0,16
PEPE,1785635820000,1785635880000,2.8400000000000003e-06,2.8500000000000002e-06,20.02756780525485,target,2799101021.0,16
PEPE,1785637020000,1785637080000,2.86e-06,2.87e-06,19.964493316570586,target,2798106982.0,16
PEPE,1785637740000,1785637800000,2.8500000000000002e-06,2.86e-06,20.00195273618516,target,2799433553.0,16
PEPE,1785638220000,1785638280000,2.8500000000000002e-06,2.86e-06,20.005908072430355,target,2799987134.0,16
PEPE,1785639420000,1785639480000,2.8500000000000002e-06,2.86e-06,20.009864194624996,target,2800540825.0,16
PEPE,1785641820000,1785641940000,2.88e-06,2.89e-06,19.913262730195015,target,2798771993.0,16
PEPE,1785642420000,1785642480000,2.87e-06,2.88e-06,19.950688253625298,target,2800096597.0,16
PEPE,1785643020000,1785643200000,2.87e-06,2.88e-06,19.954620234749896,target,2800648454.0,16
PEPE,1785646320000,1785646380000,2.88e-06,2.89e-06,19.925032263585408,target,2800426179.0,16
PEPE,1785647040000,1785647100000,2.88e-06,2.89e-06,19.928952593009534,target,2800977174.0,16
PEPE,1785648180000,1785648240000,2.88e-06,2.89e-06,19.932873697969484,target,2801528278.0,16
PEPE,1785649380000,1785649440000,2.91e-06,2.92e-06,19.836285182025186,target,2799757965.0,16
PEPE,1785651180000,1785651240000,2.92e-06,2.93e-06,19.80669535947502,target,2799532913.0,16
PEPE,1785653220000,1785653280000,2.92e-06,2.93e-06,19.810566219325384,target,2800080031.0,16
PEPE,1785654420000,1785654480000,2.92e-06,2.93e-06,19.81443783620211,target,2800627256.0,16
PEPE,1785655020000,1785655080000,2.92e-06,2.93e-06,19.81831020302596,target,2801174587.0,16
PEPE,1785655620000,1785655680000,2.92e-06,2.93e-06,19.82218332687527,target,2801722025.0,16
PEPE,1785715380000,1785715440000,2.9e-06,2.91e-06,19.893087191670354,target,2803817786.0,16
PEPE,1785715920000,1785715980000,2.8900000000000003e-06,2.9e-06,19.930537426974787,target,2805142495.0,16
PEPE,1785717840000,1785719700000,2.8900000000000003e-06,2.87e-06,-68.22043720935014,time,2805693490.0,16
PEPE,1785721620000,1785721680000,2.87e-06,2.88e-06,19.988174567249978,target,2805357834.0,16
PEPE,1785723720000,1785723780000,2.87e-06,2.88e-06,19.99211392987454,target,2805910727.0,16
PEPE,1785724320000,1785724380000,2.86e-06,2.87e-06,20.029656358290815,target,2807239854.0,16
PEPE,1785725100000,1785725220000,2.87e-06,2.88e-06,20.000001618374597,target,2807017771.0,16
PEPE,1785725580000,1785725640000,2.87e-06,2.88e-06,20.003943318000246,target,2807570992.0,16
PEPE,1785727020000,1785727080000,2.86e-06,2.87e-06,20.04150795717507,target,2808900905.0,16
PEPE,1785727740000,1785727860000,2.86e-06,2.87e-06,20.045464478780296,target,2809455428.0,16
PEPE,1785728220000,1785728280000,2.86e-06,2.87e-06,20.049421778100008,target,2810010060.0,16
PEPE,1785728820000,1785730080000,2.86e-06,2.87e-06,20.05337985513603,target,2810564801.0,16
PEPE,1785730920000,1785730980000,2.86e-06,2.87e-06,20.057338717020336,target,2811119652.0,16
PEPE,1785731700000,1785731760000,2.86e-06,2.87e-06,20.061298356620046,target,2811674612.0,16
PEPE,1785732120000,1785732180000,2.86e-06,2.87e-06,20.06525878106986,target,2812229682.0,16
PEPE,1785732720000,1785732780000,2.86e-06,2.87e-06,20.069219990370698,target,2812784862.0,16
PEPE,1785733320000,1785733440000,2.86e-06,2.87e-06,20.07318197738511,target,2813340151.0,16
PEPE,1785734220000,1785734280000,2.86e-06,2.87e-06,20.07714474211492,target,2813895549.0,16
PEPE,1785736320000,1785736380000,2.8500000000000002e-06,2.86e-06,20.114815534869965,target,2815229606.0,16
PEPE,1785736980000,1785737040000,2.8500000000000002e-06,2.86e-06,20.11879319209519,target,2815786311.0,16
PEPE,1785737520000,1785737640000,2.8500000000000002e-06,2.86e-06,20.122771628125605,target,2816343125.0,16
PEPE,1785742620000,1785742680000,2.83e-06,2.84e-06,20.19426134306014,target,2818459364.0,16
PEPE,1785743220000,1785743280000,2.83e-06,2.84e-06,20.198268104205276,target,2819018577.0,16
PEPE,1785743820000,1785743880000,2.83e-06,2.84e-06,20.202275653500344,target,2819577900.0,16
PEPE,1785801720000,1785801780000,2.9e-06,2.91e-06,19.970183199945595,target,2814684031.0,16
PEPE,1785802320000,1785802500000,2.9e-06,2.91e-06,19.974099200055512,target,2815235969.0,16
PEPE,1785802920000,1785802980000,2.9e-06,2.91e-06,19.978015973519856,target,2815788016.0,16
PEPE,1785804420000,1785804480000,2.8900000000000003e-06,2.9e-06,20.015626089899797,target,2817118380.0,16
PEPE,1785805140000,1785805200000,2.8900000000000003e-06,2.9e-06,20.01955762033576,target,2817671727.0,16
PEPE,1785805620000,1785805680000,2.8900000000000003e-06,2.9e-06,20.023489925215028,target,2818225183.0,16
PEPE,1785806220000,1785806280000,2.9e-06,2.91e-06,19.993710560505342,target,2818000079.0,16
PEPE,1785806820000,1785806940000,2.91e-06,2.92e-06,19.963930752544925,target,2817774277.0,16
PEPE,1785807420000,1785807480000,2.9300000000000003e-06,2.9400000000000002e-06,19.90048071411031,target,2816770094.0,16
PEPE,1785810420000,1785810480000,2.9400000000000002e-06,2.95e-06,19.87070553142034,target,2816542244.0,16
PEPE,1785811020000,1785811080000,2.95e-06,2.96e-06,19.840930002411056,target,2816313698.0,16
PEPE,1785812520000,1785812640000,2.9400000000000002e-06,2.95e-06,19.87844023834147,target,2817638588.0,16
PEPE,1785814020000,1785814080000,2.9300000000000003e-06,2.9400000000000002e-06,19.915989448861176,target,2818965244.0,16
PEPE,1785814620000,1785814680000,2.9400000000000002e-06,2.95e-06,19.8861910659356,target,2818737217.0,16
PEPE,1785815220000,1785815340000,2.9400000000000002e-06,2.95e-06,19.89006433148608,target,2819286227.0,16
PEPE,1785816780000,1785816840000,2.9300000000000003e-06,2.9400000000000002e-06,19.927635507899552,target,2820613660.0,16
PEPE,1785818220000,1785818280000,2.9400000000000002e-06,2.95e-06,19.897819695443893,target,2820385499.0,16
PEPE,1785818820000,1785818880000,2.95e-06,2.96e-06,19.868003542891202,target,2820156642.0,16
PEPE,1785819420000,1785821280000,2.96e-06,2.92e-06,-125.20476270719887,time,2819927088.0,16
PEPE,1785821820000,1785821880000,2.9300000000000003e-06,2.9400000000000002e-06,19.91485414574982,target,2818804550.0,16
PEPE,1785823320000,1785823380000,2.9300000000000003e-06,2.9400000000000002e-06,19.91873956369618,target,2819354503.0,16
PEPE,1785823920000,1785823980000,2.9300000000000003e-06,2.9400000000000002e-06,19.92262574466064,target,2819904564.0,16
PEPE,1785829020000,1785829080000,2.92e-06,2.93e-06,19.960226538474036,target,2821233433.0,16
PEPE,1785829620000,1785829680000,2.92e-06,2.93e-06,19.96412739632659,target,2821784791.0,16
PEPE,1785889920000,1785889980000,2.88e-06,2.89e-06,20.103123602274877,target,2825456585.0,16
PEPE,1785892920000,1785892980000,2.87e-06,2.88e-06,20.140905960375484,target,2826793819.0,16
PEPE,1785896520000,1785896580000,2.8900000000000003e-06,2.9e-06,20.077226816466354,target,2825788433.0,16
PEPE,1785897120000,1785897240000,2.8900000000000003e-06,2.9e-06,20.0811704467146,target,2826343483.0,16
PEPE,1785898020000,1785898140000,2.8900000000000003e-06,2.9e-06,20.0851148514098,target,2826898642.0,16
PEPE,1785898860000,1785898920000,2.8900000000000003e-06,2.9e-06,20.089060037655276,target,2827453911.0,16
PEPE,1785899220000,1785899280000,2.88e-06,2.89e-06,20.126847523870435,target,2828790938.0,16
PEPE,1785903720000,1785904440000,2.86e-06,2.87e-06,20.198560102429603,target,2830912418.0,16
PEPE,1785904920000,1785904980000,2.8500000000000002e-06,2.86e-06,20.23645870259015,target,2832254542.0,16
PEPE,1785906000000,1785906060000,2.8500000000000002e-06,2.86e-06,20.24046041702953,target,2832814614.0,16
PEPE,1785906420000,1785906480000,2.86e-06,2.87e-06,20.210538426049887,target,2832591230.0,16
PEPE,1785907020000,1785907080000,2.86e-06,2.87e-06,20.214528310914456,target,2833150429.0,16
PEPE,1785908520000,1785908580000,2.86e-06,2.87e-06,20.218518980630954,target,2833709738.0,16
PEPE,1785909120000,1785909180000,2.86e-06,2.87e-06,20.222510442330453,target,2834269158.0,16
PEPE,1785910620000,1785910680000,2.86e-06,2.87e-06,20.22650269601568,target,2834828689.0,16
PEPE,1785911520000,1785911580000,2.8500000000000002e-06,2.86e-06,20.264453727150027,target,2836172670.0,16
PEPE,1785912180000,1785912240000,2.8500000000000002e-06,2.86e-06,20.26846097181983,target,2836733516.0,16
PEPE,1785912720000,1785912780000,2.8500000000000002e-06,2.86e-06,20.272469009586064,target,2837294473.0,16
PEPE,1785913320000,1785913380000,2.8500000000000002e-06,2.86e-06,20.276477840446002,target,2837855541.0,16
PEPE,1785913920000,1785913980000,2.8500000000000002e-06,2.86e-06,20.280487457255383,target,2838416719.0,16
PEPE,1785914820000,1785914880000,2.8500000000000002e-06,2.86e-06,20.284497874304545,target,2838978009.0,16
PEPE,1785916020000,1785916140000,2.8500000000000002e-06,2.86e-06,20.28850908445014,target,2839539410.0,16
PEPE,1785916620000,1785916680000,2.8500000000000002e-06,2.86e-06,20.292521087690346,target,2840100922.0,16
PEPE,1785917220000,1785918540000,2.86e-06,2.87e-06,20.26252213100586,target,2839876963.0,16
PEPE,1785976020000,1785976080000,2.88e-06,2.89e-06,20.198541771565328,target,2838867431.0,16
PEPE,1785976740000,1785976800000,2.87e-06,2.88e-06,20.236503460499883,target,2840211012.0,16
PEPE,1785977220000,1785977280000,2.88e-06,2.89e-06,20.206497522656058,target,2839985597.0,16
PEPE,1785977820000,1785977880000,2.8900000000000003e-06,2.9e-06,20.176491091189735,target,2839759478.0,16
PEPE,1785979020000,1785979080000,2.88e-06,2.89e-06,20.214443035261176,target,2841102324.0,16
PEPE,1785984600000,1785984660000,2.8400000000000003e-06,2.8500000000000002e-06,20.354590457414677,target,2844806493.0,16
PEPE,1785985080000,1785985140000,2.8400000000000003e-06,2.8500000000000002e-06,20.35862227129462,target,2845369989.0,16
PEPE,1785985620000,1785985680000,2.8400000000000003e-06,2.8500000000000002e-06,20.362654886535505,target,2845933597.0,16
PEPE,1785986220000,1785986280000,2.8400000000000003e-06,2.8500000000000002e-06,20.36668830313551,target,2846497317.0,16
PEPE,1785986820000,1785986880000,2.8400000000000003e-06,2.8500000000000002e-06,20.370722521095544,target,2847061149.0,16
PEPE,1785987780000,1785987840000,2.8400000000000003e-06,2.8500000000000002e-06,20.374757533259984,target,2847625092.0,16
PEPE,1785988620000,1785988740000,2.8400000000000003e-06,2.8500000000000002e-06,20.37879334678536,target,2848189147.0,16
PEPE,1785990120000,1785990180000,2.83e-06,2.84e-06,20.416966903855844,target,2849541787.0,16
PEPE,1785991200000,1785991260000,2.8400000000000003e-06,2.8500000000000002e-06,20.386874132234638,target,2849318537.0,16
PEPE,1785991620000,1785991680000,2.8400000000000003e-06,2.8500000000000002e-06,20.39091234268539,target,2849882927.0,16
PEPE,1785992520000,1785992580000,2.8400000000000003e-06,2.8500000000000002e-06,20.394951361649976,target,2850447430.0,16
PEPE,1785993120000,1785993240000,2.8500000000000002e-06,2.86e-06,20.364846064389937,target,2850223382.0,16
PEPE,1785993720000,1785993780000,2.8500000000000002e-06,2.86e-06,20.36887315787056,target,2850787006.0,16
PEPE,1785994920000,1785995040000,2.8500000000000002e-06,2.86e-06,20.372901058735227,target,2851350743.0,16
PEPE,1785995820000,1785995880000,2.8500000000000002e-06,2.86e-06,20.376929745550243,target,2851914590.0,16
PEPE,1785997920000,1785997980000,2.8500000000000002e-06,2.86e-06,20.38095923260413,target,2852478549.0,16
PEPE,1785999120000,1785999180000,2.8500000000000002e-06,2.86e-06,20.38498951989962,target,2853042620.0,16
PEPE,1785999720000,1785999780000,2.8500000000000002e-06,2.86e-06,20.38902060029063,target,2853606802.0,16
PEPE,1786000320000,1786000380000,2.8400000000000003e-06,2.8500000000000002e-06,20.427244874594678,target,2854960849.0,16
PEPE,1786060980000,1786061040000,2.8000000000000003e-06,2.81e-06,20.56827724812468,target,2858690375.0,16
PEPE,1786061520000,1786061640000,2.81e-06,2.82e-06,20.538096883814916,target,2858468599.0,16
PEPE,1786062720000,1786062840000,2.8000000000000003e-06,2.81e-06,20.576474151875946,target,2859829625.0,16
PEPE,1786063560000,1786063680000,2.81e-06,2.82e-06,20.54628176278522,target,2859607761.0,16
PEPE,1786064220000,1786064280000,2.81e-06,2.82e-06,20.550372010845816,target,2860177037.0,16
PEPE,1786067880000,1786067940000,2.8000000000000003e-06,2.81e-06,20.588772220014647,target,2861538877.0,16
PEPE,1786068660000,1786068780000,2.79e-06,2.8e-06,20.627212771879975,target,2862902536.0,16
PEPE,1786069320000,1786069380000,2.79e-06,2.8e-06,20.63133284305465,target,2863474371.0,16
PEPE,1786070220000,1786070280000,2.8000000000000003e-06,2.81e-06,20.601105011224636,target,2863252955.0,16
PEPE,1786071120000,1786071180000,2.8000000000000003e-06,2.81e-06,20.60521301806014,target,2863823908.0,16
PEPE,1786071720000,1786071780000,2.8000000000000003e-06,2.81e-06,20.60932184512612,target,2864394975.0,16
PEPE,1786073220000,1786073340000,2.8000000000000003e-06,2.81e-06,20.613431492419846,target,2864966156.0,16
PEPE,1786074720000,1786074780000,2.8000000000000003e-06,2.81e-06,20.617541959945864,target,2865537451.0,16
PEPE,1786075680000,1786075740000,2.79e-06,2.8e-06,20.656036223075255,target,2866903015.0,16
PEPE,1786076520000,1786076580000,2.8000000000000003e-06,2.81e-06,20.62577220532485,target,2866681335.0,16
PEPE,1786077120000,1786077240000,2.8000000000000003e-06,2.81e-06,20.629885133540473,target,2867252972.0,16
PEPE,1786079520000,1786079580000,2.79e-06,2.8e-06,20.66840244557092,target,2868619354.0,16
PEPE,1786080120000,1786080180000,2.79e-06,2.8e-06,20.672530744855052,target,2869192331.0,16
PEPE,1786080720000,1786081620000,2.79e-06,2.8e-06,20.67665986550991,target,2869765422.0,16
PEPE,1786083720000,1786083780000,2.81e-06,2.82e-06,20.61196050880535,target,2868748853.0,16
PEPE,1786084320000,1786084680000,2.81e-06,2.82e-06,20.61606383356514,target,2869319949.0,16
PEPE,1786085820000,1786085880000,2.8000000000000003e-06,2.81e-06,20.654586791690058,target,2870686142.0,16
PEPE,1786086720000,1786086780000,2.8000000000000003e-06,2.81e-06,20.658705461514455,target,2871258577.0,16
PEPE,1786087320000,1786087380000,2.8000000000000003e-06,2.81e-06,20.662824951570236,target,2871831126.0,16
PEPE,1786149120000,1786150500000,2.81e-06,2.82e-06,20.63250585823528,target,2871608331.0,16
PEPE,1786150980000,1786151040000,2.81e-06,2.82e-06,20.63661327126009,target,2872179996.0,16
PEPE,1786151580000,1786151640000,2.81e-06,2.82e-06,20.640721496189943,target,2872751774.0,16
PEPE,1786154040000,1786154100000,2.83e-06,2.84e-06,20.575967804799916,target,2871733120.0,16
PEPE,1786154700000,1786154760000,2.83e-06,2.84e-06,20.580050299995754,target,2872302903.0,16
PEPE,1786155180000,1786157040000,2.8400000000000003e-06,2.82e-06,-69.61916756880167,time,2872077870.0,16
PEPE,1786157580000,1786157700000,2.83e-06,2.84e-06,20.57032040912022,target,2870944928.0,16
PEPE,1786158120000,1786158180000,2.83e-06,2.84e-06,20.574401779410266,target,2871514554.0,16
PEPE,1786159980000,1786160040000,2.8400000000000003e-06,2.8500000000000002e-06,20.544076966365303,target,2871289583.0,16
PEPE,1786161720000,1786161780000,2.86e-06,2.87e-06,20.479375793581116,target,2870269908.0,16
PEPE,1786162320000,1786162380000,2.8500000000000002e-06,2.86e-06,20.51780128719663,target,2871630691.0,16
PEPE,1786163520000,1786163580000,2.86e-06,2.87e-06,20.48746929520803,target,2871404246.0,16
PEPE,1786164720000,1786164780000,2.87e-06,2.88e-06,20.457136752000086,target,2871177088.0,16
PEPE,1786165380000,1786165560000,2.87e-06,2.88e-06,20.46116854724982,target,2871742954.0,16
PEPE,1786166820000,1786166880000,2.86e-06,2.87e-06,20.499591788639076,target,2873103264.0,16
PEPE,1786167420000,1786167480000,2.86e-06,2.87e-06,20.503638739235374,target,2873670461.0,16
PEPE,1786168020000,1786168140000,2.86e-06,2.87e-06,20.50768648895029,target,2874237770.0,16
PEPE,1786168620000,1786168680000,2.86e-06,2.87e-06,20.511735037783833,target,2874805191.0,16
PEPE,1786169520000,1786169580000,2.86e-06,2.87e-06,20.515784385741455,target,2875372724.0,16
PEPE,1786170240000,1786170300000,2.86e-06,2.87e-06,20.519834532815878,target,2875940369.0,16
PEPE,1786171620000,1786171740000,2.86e-06,2.87e-06,20.523885479008925,target,2876508126.0,16
PEPE,1786173120000,1786173180000,2.86e-06,2.87e-06,20.527937224326053,target,2877075995.0,16
PEPE,1786173720000,1786173780000,2.86e-06,2.87e-06,20.531989768759985,target,2877643976.0,16
PEPE,1786174920000,1786174980000,2.86e-06,2.87e-06,20.536043119449978,target,2878212070.0,16
PEPE,1786236720000,1786236780000,2.8500000000000002e-06,2.86e-06,20.574574935610038,target,2879576618.0,16
PEPE,1786238520000,1786238700000,2.8500000000000002e-06,2.86e-06,20.57864350581562,target,2880146047.0,16
PEPE,1786239420000,1786239600000,2.8500000000000002e-06,2.86e-06,20.582712883404337,target,2880715589.0,16
PEPE,1786240080000,1786240140000,2.8500000000000002e-06,2.86e-06,20.586783061233742,target,2881285243.0,16
PEPE,1786242120000,1786242240000,2.8500000000000002e-06,2.86e-06,20.590854046451735,target,2881855010.0,16
PEPE,1786243320000,1786243440000,2.8400000000000003e-06,2.8500000000000002e-06,20.62945671560992,target,2883222462.0,16
PEPE,1786244520000,1786244580000,2.8400000000000003e-06,2.8500000000000002e-06,20.63354297904086,target,2883793568.0,16
PEPE,1786245120000,1786245180000,2.8400000000000003e-06,2.8500000000000002e-06,20.637630050986548,target,2884364787.0,16
PEPE,1786245720000,1786245780000,2.8400000000000003e-06,2.8500000000000002e-06,20.641717931444255,target,2884936119.0,16
PEPE,1786246320000,1786246380000,2.8400000000000003e-06,2.8500000000000002e-06,20.645806627574146,target,2885507565.0,16
PEPE,1786249020000,1786249080000,2.8500000000000002e-06,2.86e-06,20.615331037344742,target,2885280761.0,16
PEPE,1786250280000,1786250340000,2.8500000000000002e-06,2.86e-06,20.619407667109485,target,2885851318.0,16
PEPE,1786250820000,1786250940000,2.8500000000000002e-06,2.86e-06,20.623485104260997,target,2886421988.0,16
PEPE,1786251420000,1786251540000,2.8500000000000002e-06,2.86e-06,20.627563348795636,target,2886992771.0,16
PEPE,1786252080000,1786252200000,2.8500000000000002e-06,2.86e-06,20.63164240071523,target,2887563667.0,16
PEPE,1786252620000,1786252680000,2.8500000000000002e-06,2.86e-06,20.63572225287369,target,2888134675.0,16
PEPE,1786253520000,1786253700000,2.8500000000000002e-06,2.86e-06,20.639802919565,target,2888705797.0,16
PEPE,1786254120000,1786254180000,2.8500000000000002e-06,2.86e-06,20.64388438649518,target,2889277031.0,16
PEPE,1786255380000,1786255560000,2.8500000000000002e-06,2.86e-06,20.64796666081031,target,2889848378.0,16
PEPE,1786255920000,1786255980000,2.8500000000000002e-06,2.86e-06,20.65204974965647,target,2890419839.0,16
PEPE,1786256520000,1786256580000,2.8500000000000002e-06,2.86e-06,20.656133638739682,target,2890991412.0,16
PEPE,1786257180000,1786257240000,2.8500000000000002e-06,2.86e-06,20.66021833520966,target,2891563098.0,16
PEPE,1786257780000,1786257840000,2.86e-06,2.87e-06,20.629675810069223,target,2891335082.0,16
PEPE,1786258320000,1786258380000,2.87e-06,2.88e-06,20.599132715250274,target,2891106346.0,16
PEPE,1786321320000,1786321380000,2.8900000000000003e-06,2.9e-06,20.53400480813558,target,2890078087.0,16
PEPE,1786323420000,1786323540000,2.9e-06,2.91e-06,20.503466196180014,target,2889847244.0,16
PEPE,1786324020000,1786324080000,2.8900000000000003e-06,2.9e-06,20.54206551589601,target,2891212599.0,16
PEPE,1786324740000,1786324800000,2.9e-06,2.91e-06,20.511514920269622,target,2890981666.0,16
PEPE,1786325520000,1786325580000,2.8900000000000003e-06,2.9e-06,20.5501293924849,target,2892347557.0,16
PEPE,1786326120000,1786326180000,2.8900000000000003e-06,2.9e-06,20.55416590639941,target,2892915680.0,16
PEPE,1786326900000,1786326960000,2.92e-06,2.93e-06,20.454442824373622,target,2891087325.0,16
PEPE,1786330920000,1786330980000,2.9e-06,2.91e-06,20.527608274635288,target,2893249933.0,16
PEPE,1786331520000,1786332060000,2.91e-06,2.92e-06,20.497033252670022,target,2893018102.0,16
PEPE,1786332420000,1786332480000,2.9e-06,2.91e-06,20.535652897813915,target,2894383777.0,16
PEPE,1786333620000,1786333740000,2.8900000000000003e-06,2.9e-06,20.574312815978573,target,2895751276.0,16
PEPE,1786334520000,1786334580000,2.8900000000000003e-06,2.9e-06,20.57835408314033,target,2896320068.0,16
PEPE,1786335420000,1786335480000,2.9e-06,2.91e-06,20.54774951806497,target,2896088727.0,16
PEPE,1786336320000,1786336380000,2.8900000000000003e-06,2.9e-06,20.5864321981491,target,2897457030.0,16
PEPE,1786337820000,1786337880000,2.88e-06,2.89e-06,20.62515524339929,target,2898827160.0,16
PEPE,1786338480000,1786338600000,2.8900000000000003e-06,2.9e-06,20.59452710937885,target,2898596356.0,16
PEPE,1786340520000,1786340580000,2.9e-06,2.91e-06,20.5638984901345,target,2898364833.0,16
PEPE,1786341120000,1786341180000,2.8900000000000003e-06,2.9e-06,20.602611576260323,target,2899734212.0,16
PEPE,1786341720000,1786341780000,2.9e-06,2.91e-06,20.571970932809386,target,2899502598.0,16
PEPE,1786342620000,1786342680000,2.9e-06,2.91e-06,20.576004936960825,target,2900071168.0,16
PEPE,1786343520000,1786343580000,2.9e-06,2.91e-06,20.580039742845504,target,2900639851.0,16
PEPE,1786344120000,1786344180000,2.9e-06,2.91e-06,20.584075329180223,target,2901208644.0,16
PEPE,1786344720000,1786344780000,2.8900000000000003e-06,2.9e-06,20.62282640253575,target,2902579367.0,16
PEPE,1786345320000,1786345380000,2.9e-06,2.91e-06,20.592155696970018,target,2902347526.0,16
PEPE,1786406880000,1786406940000,2.87e-06,2.88e-06,20.70043621462462,target,2905324381.0,16
PEPE,1786407420000,1786407540000,2.87e-06,2.88e-06,20.70451596112484,target,2905896977.0,16
PEPE,1786409280000,1786409340000,2.87e-06,2.88e-06,20.708596512750425,target,2906469686.0,16
PEPE,1786410480000,1786410540000,2.87e-06,2.88e-06,20.712677862376196,target,2907042507.0,16
PEPE,1786411260000,1786411320000,2.87e-06,2.88e-06,20.71676001712551,target,2907615441.0,16
PEPE,1786411620000,1786411740000,2.87e-06,2.88e-06,20.72084298412534,target,2908188489.0,16
PEPE,1786412340000,1786412400000,2.87e-06,2.88e-06,20.724926749123547,target,2908761649.0,16
PEPE,1786412820000,1786412880000,2.87e-06,2.88e-06,20.729011319250752,target,2909334922.0,16
PEPE,1786415340000,1786415400000,2.88e-06,2.89e-06,20.69827511653015,target,2909104022.0,16
PEPE,1786416420000,1786416480000,2.88e-06,2.89e-06,20.70234757888384,target,2909676399.0,16
PEPE,1786417020000,1786417080000,2.88e-06,2.89e-06,20.706420852350526,target,2910248890.0,16
PEPE,1786420920000,1786420980000,2.86e-06,2.87e-06,20.780198467100487,target,2912431460.0,16
PEPE,1786423020000,1786423080000,2.86e-06,2.87e-06,20.784300813835053,target,2913006421.0,16
PEPE,1786423620000,1786423740000,2.86e-06,2.87e-06,20.788403973959483,target,2913581496.0,16
PEPE,1786424220000,1786424340000,2.86e-06,2.87e-06,20.7925079403418,target,2914156684.0,16
PEPE,1786425120000,1786425180000,2.86e-06,2.87e-06,20.796612712976536,target,2914731985.0,16
PEPE,1786425720000,1786425780000,2.8500000000000002e-06,2.86e-06,20.835633443960134,target,2916113848.0,16
PEPE,1786426320000,1786426380000,2.8500000000000002e-06,2.86e-06,20.83975363679086,target,2916690502.0,16
PEPE,1786427520000,1786427580000,2.86e-06,2.87e-06,20.808945696039373,target,2916460504.0,16
PEPE,1786428120000,1786428300000,2.86e-06,2.87e-06,20.81305371509977,target,2917036260.0,16
PEPE,1786429380000,1786429440000,2.87e-06,2.88e-06,20.782239130500443,target,2916805492.0,16
PEPE,1786430520000,1786430580000,2.87e-06,2.88e-06,20.78633499375086,target,2917380350.0,16
PEPE,1786431720000,1786431780000,2.86e-06,2.87e-06,20.82536886066509,target,2918762279.0,16
PEPE,1786434720000,1786434780000,2.8500000000000002e-06,2.86e-06,20.864443541540908,target,2920146052.0,16
PEPE,1786492920000,1786492980000,2.83e-06,2.84e-06,20.938568170685908,target,2922340289.0,16
PEPE,1786494120000,1786494240000,2.83e-06,2.84e-06,20.94272260964596,target,2922920113.0,16
PEPE,1786495320000,1786495380000,2.8400000000000003e-06,2.8500000000000002e-06,20.911854927823747,target,2922691115.0,16
PEPE,1786496520000,1786496700000,2.8400000000000003e-06,2.8500000000000002e-06,20.915997121890115,target,2923270038.0,16
PEPE,1786499520000,1786499580000,2.8500000000000002e-06,2.86e-06,20.885122707713755,target,2923040267.0,16
PEPE,1786501320000,1786501800000,2.8500000000000002e-06,2.86e-06,20.889252689194414,target,2923618291.0,16
PEPE,1786502580000,1786502700000,2.8400000000000003e-06,2.8500000000000002e-06,20.92841477464343,target,2925005559.0,16
PEPE,1786503480000,1786503540000,2.8400000000000003e-06,2.8500000000000002e-06,20.93256026001015,target,2925584942.0,16
PEPE,1786504020000,1786504080000,2.8400000000000003e-06,2.8500000000000002e-06,20.93670656104542,target,2926164439.0,16
PEPE,1786505100000,1786505160000,2.8400000000000003e-06,2.8500000000000002e-06,20.940853684905775,target,2926744051.0,16
PEPE,1786506720000,1786506960000,2.8500000000000002e-06,2.86e-06,20.909942572870925,target,2926514006.0,16
PEPE,1786507320000,1786507380000,2.8400000000000003e-06,2.8500000000000002e-06,20.949143446441266,target,2927902648.0,16
PEPE,1786508520000,1786508580000,2.8500000000000002e-06,2.86e-06,20.918220105384307,target,2927672513.0,16
PEPE,1786509180000,1786509240000,2.8400000000000003e-06,2.8500000000000002e-06,20.95743649927529,target,2929061705.0,16
PEPE,1786509720000,1786510020000,2.8500000000000002e-06,2.86e-06,20.926500910308505,target,2928831478.0,16
PEPE,1786510620000,1786510680000,2.8500000000000002e-06,2.86e-06,20.93063907281528,target,2929410647.0,16
PEPE,1786511220000,1786511340000,2.8400000000000003e-06,2.8500000000000002e-06,20.969878750920994,target,2930800664.0,16
PEPE,1786512420000,1786512480000,2.8500000000000002e-06,2.86e-06,20.93892479350086,target,2930570300.0,16
PEPE,1786513020000,1786513140000,2.8500000000000002e-06,2.86e-06,20.943065413885595,target,2931149813.0,16
PEPE,1786513620000,1786513680000,2.8400000000000003e-06,2.8500000000000002e-06,20.9823283865247,target,2932540655.0,16
PEPE,1786514640000,1786514700000,2.8400000000000003e-06,2.8500000000000002e-06,20.986484547151587,target,2933121530.0,16
PEPE,1786515480000,1786515540000,2.8400000000000003e-06,2.8500000000000002e-06,20.990641530601742,target,2933702520.0,16
PEPE,1786517520000,1786517580000,2.83e-06,2.84e-06,21.02996119921437,target,2935095771.0,16
PEPE,1786518240000,1786518300000,2.83e-06,2.84e-06,21.034133772790764,target,2935678126.0,16
PEPE,1786579320000,1786579380000,2.6700000000000003e-06,2.68e-06,21.6037801926005,target,2949321528.0,16
PEPE,1786579920000,1786579980000,2.6700000000000003e-06,2.68e-06,21.608181821726042,target,2949922433.0,16
PEPE,1786580520000,1786580580000,2.68e-06,2.69e-06,21.57708048803973,target,2949703416.0,16
PEPE,1786581120000,1786581180000,2.68e-06,2.69e-06,21.581469466095438,target,2950303413.0,16
PEPE,1786582620000,1786582740000,2.68e-06,2.69e-06,21.58585932926519,target,2950903531.0,16
PEPE,1786583220000,1786583280000,2.68e-06,2.69e-06,21.59025008486465,target,2951503771.0,16
PEPE,1786583940000,1786584000000,2.68e-06,2.69e-06,21.59464174021039,target,2952104134.0,16
PEPE,1786584480000,1786584540000,2.68e-06,2.69e-06,21.59903428798583,target,2952704619.0,16
PEPE,1786585020000,1786585080000,2.68e-06,2.69e-06,21.60342772819007,target,2953305226.0,16
PEPE,1786585920000,1786585980000,2.68e-06,2.69e-06,21.607822060824926,target,2953905955.0,16
PEPE,1786586520000,1786586580000,2.68e-06,2.69e-06,21.6122172858904,target,2954506806.0,16
PEPE,1786587420000,1786587480000,2.6700000000000003e-06,2.68e-06,21.652182320275656,target,2955929327.0,16
PEPE,1786588320000,1786588380000,2.68e-06,2.69e-06,21.62101765516009,target,2955709864.0,16
PEPE,1786589220000,1786589280000,2.6700000000000003e-06,2.68e-06,21.660998961300773,target,2957132964.0,16
PEPE,1786590480000,1786590540000,2.7100000000000003e-06,2.7200000000000002e-06,21.523168264570018,target,2954450002.0,16
PEPE,1786591080000,1786591140000,2.7100000000000003e-06,2.7200000000000002e-06,21.527524680000106,target,2955048000.0,16
PEPE,1786591620000,1786591680000,2.7100000000000003e-06,2.7200000000000002e-06,21.531881984199998,target,2955646120.0,16
PEPE,1786592820000,1786592880000,2.7100000000000003e-06,2.7200000000000002e-06,21.536240169885403,target,2956244361.0,16
PEPE,1786593420000,1786593480000,2.7200000000000002e-06,2.73e-06,21.50505883507523,target,2956021833.0,16
PEPE,1786594620000,1786594740000,2.7100000000000003e-06,2.7200000000000002e-06,21.544951988130112,target,2957440218.0,16
PEPE,1786595820000,1786595880000,2.7100000000000003e-06,2.7200000000000002e-06,21.549312818270238,target,2958038822.0,16
PEPE,1786596420000,1786596480000,2.7100000000000003e-06,2.7200000000000002e-06,21.553674529895876,target,2958637547.0,16
PEPE,1786597020000,1786597080000,2.7100000000000003e-06,2.7200000000000002e-06,21.558037123005207,target,2959236393.0,16
PEPE,1786598220000,1786598280000,2.7100000000000003e-06,2.7200000000000002e-06,21.56240059760005,target,2959835360.0,16
PEPE,1786665720000,1786665780000,2.68e-06,2.69e-06,20.340904666389847,target,2780711506.0,17
PEPE,1786666380000,1786666440000,2.68e-06,2.69e-06,20.345042191319763,target,2781277128.0,17
PEPE,1786667520000,1786667580000,2.68e-06,2.69e-06,20.34918055747522,target,2781842865.0,17
PEPE,1786668120000,1786668180000,2.68e-06,2.69e-06,20.3533197648553,target,2782408717.0,17
PEPE,1786668960000,1786669020000,2.68e-06,2.69e-06,20.357459813460007,target,2782974684.0,17
PEPE,1786670160000,1786670220000,2.68e-06,2.69e-06,20.36160070329025,target,2783540766.0,17
PEPE,1786671120000,1786671180000,2.69e-06,2.7e-06,20.332250377424923,target,2783333385.0,17
PEPE,1786671720000,1786671780000,2.7e-06,2.71e-06,20.302899092679965,target,2783125304.0,17
PEPE,1786672320000,1786672380000,2.7e-06,2.71e-06,20.307015311020383,target,2783689556.0,17
PEPE,1786672920000,1786672980000,2.7e-06,2.71e-06,20.311132360990168,target,2784253922.0,17
PEPE,1786673520000,1786673580000,2.7e-06,2.71e-06,20.315250242589325,target,2784818402.0,17
PEPE,1786674180000,1786674240000,2.7e-06,2.71e-06,20.319368963114414,target,2785382997.0,17
PEPE,1786674720000,1786674780000,2.7e-06,2.71e-06,20.323488515270693,target,2785947706.0,17
PEPE,1786675380000,1786675500000,2.7e-06,2.71e-06,20.32760889905452,target,2786512529.0,17
PEPE,1786676220000,1786676280000,2.7e-06,2.71e-06,20.33173012176519,target,2787077467.0,17
PEPE,1786681020000,1786681080000,2.69e-06,2.7e-06,20.369386769400375,target,2788417080.0,17
PEPE,1786681620000,1786681740000,2.69e-06,2.7e-06,20.3735232767856,target,2788983337.0,17
PEPE,1786682220000,1786682280000,2.68e-06,2.69e-06,20.411227477410566,target,2790325014.0,17
PEPE,1786683720000,1786683840000,2.68e-06,2.69e-06,20.4153793031655,target,2790892591.0,17
PEPE,1786684920000,1786684980000,2.68e-06,2.69e-06,20.419531977459812,target,2791460284.0,17
PEPE,1786686360000,1786686420000,2.6700000000000003e-06,2.68e-06,20.4572915194753,target,2792804303.0,17
PEPE,1786687020000,1786687080000,2.6700000000000003e-06,2.68e-06,20.4614595616747,target,2793373319.0,17
PEPE,1786689420000,1786689480000,2.66e-06,2.67e-06,20.499266872349693,target,2794719410.0,17
PEPE,1786690320000,1786690380000,2.66e-06,2.67e-06,20.503450330919776,target,2795289752.0,17
PEPE,1786752120000,1786752300000,2.66e-06,2.67e-06,20.507634647684505,target,2795860211.0,17
PEPE,1786755180000,1786755240000,2.66e-06,2.67e-06,20.511819822645705,target,2796430787.0,17
PEPE,1786755780000,1786755840000,2.66e-06,2.67e-06,20.516005841130223,target,2797001478.0,17
PEPE,1786756320000,1786756380000,2.65e-06,2.66e-06,20.55388420949525,target,2798350471.0,17
PEPE,1786757820000,1786757880000,2.65e-06,2.66e-06,20.55808570373933,target,2798922492.0,17
PEPE,1786760040000,1786760100000,2.65e-06,2.66e-06,20.56228805734968,target,2799494630.0,17
PEPE,1786761120000,1786761180000,2.66e-06,2.67e-06,20.532779123039937,target,2799288224.0,17
PEPE,1786762380000,1786762440000,2.66e-06,2.67e-06,20.536969417830917,target,2799859498.0,17
PEPE,1786764780000,1786764840000,2.66e-06,2.67e-06,20.54116057814948,target,2800430890.0,17
PEPE,1786766340000,1786766400000,2.66e-06,2.67e-06,20.54535258932976,target,2801002398.0,17
PEPE,1786767120000,1786767180000,2.66e-06,2.67e-06,20.549545458704685,target,2801574023.0,17
PEPE,1786767720000,1786767780000,2.66e-06,2.67e-06,20.553739178939505,target,2802145764.0,17
PEPE,1786768320000,1786768380000,2.66e-06,2.67e-06,20.55793375737079,target,2802717622.0,17
PEPE,1786768920000,1786768980000,2.66e-06,2.67e-06,20.56212919399582,target,2803289597.0,17
PEPE,1786769820000,1786770060000,2.66e-06,2.67e-06,20.56632548147983,target,2803861688.0,17
PEPE,1786770480000,1786770540000,2.66e-06,2.67e-06,20.570522634495973,target,2804433897.0,17
PEPE,1786772820000,1786772940000,2.66e-06,2.67e-06,20.574720638370195,target,2805006222.0,17
PEPE,1786773420000,1786773600000,2.65e-06,2.66e-06,20.612707405875618,target,2806359075.0,17
PEPE,1786774020000,1786774080000,2.65e-06,2.66e-06,20.616920923885026,target,2806932733.0,17
PEPE,1786774980000,1786775040000,2.65e-06,2.66e-06,20.621135308605012,target,2807506509.0,17
PEPE,1786776180000,1786776240000,2.65e-06,2.66e-06,20.62535054534515,target,2808080401.0,17
PEPE,1786777080000,1786777140000,2.65e-06,2.66e-06,20.629566656140167,target,2808654412.0,17
PEPE,1786777860000,1786777920000,2.65e-06,2.66e-06,20.633783618954425,target,2809228539.0,17
PEPE,1786778520000,1786778580000,2.64e-06,2.65e-06,20.6718496447399,target,2810584588.0,17
PEPE,1786839480000,1786839540000,2.6200000000000003e-06,2.6300000000000002e-06,20.74384898424931,target,2812725286.0,17
PEPE,1786840320000,1786840380000,2.6200000000000003e-06,2.6300000000000002e-06,20.748110185500824,target,2813303076.0,17
PEPE,1786840980000,1786841160000,2.6200000000000003e-06,2.6300000000000002e-06,20.752372264374824,target,2813880985.0,17
PEPE,1786841520000,1786841580000,2.6200000000000003e-06,2.6300000000000002e-06,20.756635213500186,target,2814459012.0,17
PEPE,1786843020000,1786843080000,2.61e-06,2.62e-06,20.794838624104386,target,2815821073.0,17
PEPE,1786844220000,1786844280000,2.61e-06,2.62e-06,20.799117286325732,target,2816400445.0,17
PEPE,1786844880000,1786844940000,2.61e-06,2.62e-06,20.803396819975063,target,2816979935.0,17
PEPE,1786845480000,1786845540000,2.61e-06,2.62e-06,20.807677247210776,target,2817559546.0,17
PEPE,1786846020000,1786846140000,2.61e-06,2.62e-06,20.811958545875388,target,2818139275.0,17
PEPE,1786847520000,1786847580000,2.61e-06,2.62e-06,20.816240730739338,target,2818719124.0,17
PEPE,1786848180000,1786848240000,2.61e-06,2.62e-06,20.820523787034006,target,2819299091.0,17
PEPE,1786848720000,1786848780000,2.6e-06,2.61e-06,20.858815160700132,target,2820664660.0,17
PEPE,1786849380000,1786849440000,2.61e-06,2.62e-06,20.82909955920524,target,2820460333.0,17
PEPE,1786849920000,1786849980000,2.61e-06,2.62e-06,20.833385266714522,target,2821040659.0,17
PEPE,1786852020000,1786852080000,2.61e-06,2.62e-06,20.83767186042497,target,2821621105.0,17
PEPE,1786853520000,1786853580000,2.61e-06,2.62e-06,20.841959332950438,target,2822201670.0,17
PEPE,1786854180000,1786854240000,2.61e-06,2.62e-06,20.846247684289118,target,2822782354.0,17
PEPE,1786855620000,1786855680000,2.61e-06,2.62e-06,20.850536921830777,target,2823363158.0,17
PEPE,1786856220000,1786856280000,2.61e-06,2.62e-06,20.854827045569955,target,2823944082.0,17
PEPE,1786856820000,1786856880000,2.61e-06,2.62e-06,20.859118048125982,target,2824525125.0,17
PEPE,1786857420000,1786857480000,2.61e-06,2.62e-06,20.863409929494306,target,2825106287.0,17
PEPE,1786859040000,1786859100000,2.6e-06,2.61e-06,20.901780177255418,target,2826474669.0,17
PEPE,1786860780000,1786860960000,2.6e-06,2.61e-06,20.906087860890104,target,2827057182.0,17
PEPE,1786861320000,1786861800000,2.6e-06,2.61e-06,20.910396439320078,target,2827639816.0,17
PEPE,1786925520000,1786925640000,2.56e-06,2.57e-06,21.05129027754581,target,2831377307.0,17
PEPE,1786927320000,1786927380000,2.56e-06,2.57e-06,21.055657113269483,target,2831964642.0,17
PEPE,1786927920000,1786928040000,2.56e-06,2.57e-06,21.06002484863043,target,2832552098.0,17
PEPE,1786928520000,1786928580000,2.57e-06,2.58e-06,21.030197569425518,target,2832349841.0,17
PEPE,1786929180000,1786929240000,2.5800000000000003e-06,2.59e-06,21.000369003975237,target,2832146865.0,17
PEPE,1786930320000,1786930380000,2.59e-06,2.6e-06,20.970539173850288,target,2831943170.0,17
PEPE,1786931700000,1786931820000,2.59e-06,2.6e-06,20.97486808501543,target,2832527763.0,17
PEPE,1786932120000,1786932180000,2.59e-06,2.6e-06,20.979197884779538,target,2833112476.0,17
PEPE,1786933320000,1786933380000,2.59e-06,2.6e-06,20.983528580550562,target,2833697310.0,17
PEPE,1786933980000,1786934040000,2.59e-06,2.6e-06,20.987860164919642,target,2834282264.0,17
PEPE,1786934520000,1786934580000,2.6e-06,2.61e-06,20.958004465784455,target,2834077683.0,17
PEPE,1786935720000,1786935780000,2.61e-06,2.62e-06,20.92814755583923,target,2833872384.0,17
PEPE,1786936320000,1786936380000,2.61e-06,2.62e-06,20.932453645950623,target,2834455470.0,17
PEPE,1786936920000,1786936980000,2.61e-06,2.62e-06,20.93676061487522,target,2835038675.0,17
PEPE,1786937520000,1786937580000,2.61e-06,2.62e-06,20.94106847738529,target,2835622001.0,17
PEPE,1786938600000,1786938660000,2.61e-06,2.62e-06,20.94537722609561,target,2836205447.0,17
PEPE,1786939140000,1786939200000,2.61e-06,2.62e-06,20.94968686100527,target,2836789013.0,17
PEPE,1786939620000,1786939680000,2.61e-06,2.62e-06,20.95399738211609,target,2837372699.0,17
PEPE,1786940280000,1786940340000,2.61e-06,2.62e-06,20.958308789425338,target,2837956505.0,17
PEPE,1786941120000,1786941180000,2.61e-06,2.62e-06,20.962621082935748,target,2838540431.0,17
PEPE,1786943580000,1786943640000,2.6e-06,2.61e-06,21.00117379140014,target,2839915320.0,17
PEPE,1786945020000,1786945080000,2.6e-06,2.61e-06,21.005501959185302,target,2840500603.0,17
PEPE,1786945920000,1786945980000,2.6e-06,2.61e-06,21.00983102176575,target,2841086007.0,17
PEPE,1786947180000,1786947240000,2.6e-06,2.61e-06,21.01416097914057,target,2841671532.0,17
PEPE,1787011320000,1787011380000,2.5800000000000003e-06,2.59e-06,21.087084648350533,target,2843841490.0,17
PEPE,1787011920000,1787011980000,2.5800000000000003e-06,2.59e-06,21.091444705425097,target,2844429495.0,17
PEPE,1787012580000,1787012640000,2.5800000000000003e-06,2.59e-06,21.095805667129348,target,2845017622.0,17
PEPE,1787013240000,1787013300000,2.5800000000000003e-06,2.59e-06,21.100167533465104,target,2845605871.0,17
PEPE,1787014020000,1787014080000,2.5800000000000003e-06,2.59e-06,21.104530297015774,target,2846194241.0,17
PEPE,1787014740000,1787014800000,2.5800000000000003e-06,2.59e-06,21.10889395778045,target,2846782732.0,17
PEPE,1787015220000,1787015280000,2.5800000000000003e-06,2.59e-06,21.113258530590493,target,2847371346.0,17
PEPE,1787016000000,1787016060000,2.5800000000000003e-06,2.59e-06,21.11762400061545,target,2847960081.0,17
PEPE,1787017320000,1787017380000,2.57e-06,2.58e-06,21.156372287325517,target,2849343069.0,17
PEPE,1787022480000,1787022540000,2.55e-06,2.56e-06,21.22958941993933,target,2851523092.0,17
PEPE,1787023620000,1787023680000,2.55e-06,2.56e-06,21.234000388870427,target,2852115566.0,17
PEPE,1787024640000,1787024700000,2.55e-06,2.56e-06,21.238412273535445,target,2852708163.0,17
PEPE,1787025120000,1787025180000,2.55e-06,2.56e-06,21.24282508137961,target,2853300884.0,17
PEPE,1787025780000,1787025840000,2.55e-06,2.56e-06,21.247238804959515,target,2853893728.0,17
PEPE,1787026920000,1787026980000,2.55e-06,2.56e-06,21.25165343683083,target,2854486694.0,17
PEPE,1787027640000,1787027700000,2.55e-06,2.56e-06,21.25606899188038,target,2855079784.0,17
PEPE,1787028240000,1787028300000,2.56e-06,2.57e-06,21.226007952229587,target,2854876658.0,17
PEPE,1787028780000,1787028840000,2.56e-06,2.57e-06,21.230411033579443,target,2855468868.0,17
PEPE,1787029320000,1787029380000,2.56e-06,2.57e-06,21.23481502200044,target,2856061200.0,17
PEPE,1787029920000,1787029980000,2.56e-06,2.57e-06,21.239219917489844,target,2856653654.0,17
PEPE,1787030520000,1787030580000,2.56e-06,2.57e-06,21.243625734920855,target,2857246232.0,17
PEPE,1787031120000,1787031180000,2.56e-06,2.57e-06,21.24803246685505,target,2857838933.0,17
PEPE,1787033220000,1787033280000,2.55e-06,2.56e-06,21.286960560159518,target,2859229088.0,17
PEPE,1787033880000,1787033940000,2.55e-06,2.56e-06,21.291383448534734,target,2859823163.0,17
PEPE,1787098500000,1787098680000,2.57e-06,2.58e-06,21.22675692884988,target,2858822482.0,17
PEPE,1787099220000,1787099280000,2.57e-06,2.58e-06,21.23115301147484,target,2859414547.0,17
PEPE,1787100240000,1787100300000,2.5800000000000003e-06,2.59e-06,21.2010394138648,target,2859209631.0,17
PEPE,1787101380000,1787101440000,2.5800000000000003e-06,2.59e-06,21.205423035809883,target,2859800814.0,17
PEPE,1787103720000,1787103780000,2.59e-06,2.6e-06,21.17530193765035,target,2859595130.0,17
PEPE,1787104320000,1787104380000,2.59e-06,2.6e-06,21.17967311655492,target,2860185431.0,17
PEPE,1787106780000,1787106840000,2.5800000000000003e-06,2.59e-06,21.218565062964643,target,2861573171.0,17
PEPE,1787107500000,1787107560000,2.59e-06,2.6e-06,21.188425300800155,target,2861367360.0,17
PEPE,1787107980000,1787108160000,2.5800000000000003e-06,2.59e-06,21.22733332270974,target,2862755674.0,17
PEPE,1787108520000,1787108580000,2.5800000000000003e-06,2.59e-06,21.231722379850446,target,2863347590.0,17
PEPE,1787109720000,1787109780000,2.59e-06,2.6e-06,21.20156392565483,target,2863141651.0,17
PEPE,1787110320000,1787110380000,2.59e-06,2.6e-06,21.205940525019535,target,2863732684.0,17
PEPE,1787110920000,1787110980000,2.59e-06,2.6e-06,21.210318027795477,target,2864323839.0,17
PEPE,1787111520000,1787111580000,2.59e-06,2.6e-06,21.214696426575607,target,2864915115.0,17
PEPE,1787112120000,1787112180000,2.59e-06,2.6e-06,21.21907573617038,target,2865506514.0,17
PEPE,1787112720000,1787112780000,2.59e-06,2.6e-06,21.22345594917457,target,2866098035.0,17
PEPE,1787113380000,1787113440000,2.59e-06,2.6e-06,21.227837065589995,target,2866689678.0,17
PEPE,1787114100000,1787114160000,2.59e-06,2.6e-06,21.232219085415746,target,2867281443.0,17
PEPE,1787114820000,1787114880000,2.59e-06,2.6e-06,21.23660201605432,target,2867873331.0,17
PEPE,1787115720000,1787115780000,2.59e-06,2.6e-06,21.240985842699814,target,2868465340.0,17
PEPE,1787116320000,1787116380000,2.59e-06,2.6e-06,21.24537058015995,target,2869057472.0,17
PEPE,1787117220000,1787117280000,2.59e-06,2.6e-06,21.24975622103041,target,2869649726.0,17
PEPE,1787118780000,1787118900000,2.59e-06,2.6e-06,21.254142765310288,target,2870242102.0,17
PEPE,1787119320000,1787120340000,2.59e-06,2.6e-06,21.25853021299958,target,2870834600.0,17
PEPE,1787184420000,1787184480000,2.88e-06,2.89e-06,20.26644681928517,target,2848411359.0,17
PEPE,1787185020000,1787185080000,2.8900000000000003e-06,2.9e-06,20.236351362744436,target,2848184569.0,17
PEPE,1787185620000,1787185680000,2.8900000000000003e-06,2.9e-06,20.240326247889854,target,2848744018.0,17
PEPE,1787186220000,1787186280000,2.9e-06,2.91e-06,20.21022440431544,target,2848516477.0,17
PEPE,1787186820000,1787186880000,2.91e-06,2.92e-06,20.180122109550787,target,2848288230.0,17
PEPE,1787187420000,1787187480000,2.91e-06,2.92e-06,20.18407260636011,target,2848845816.0,17
PEPE,1787188020000,1787188080000,2.9e-06,2.91e-06,20.222102590801512,target,2850190640.0,17
PEPE,1787192040000,1787192100000,2.91e-06,2.92e-06,20.19198260501463,target,2849962259.0,17
PEPE,1787194020000,1787194080000,2.91e-06,2.92e-06,20.195935425703944,target,2850520173.0,17
PEPE,1787198220000,1787198280000,2.91e-06,2.92e-06,20.19988901865881,target,2851078196.0,17
PEPE,1787198820000,1787198880000,2.91e-06,2.92e-06,20.203843390966203,target,2851636329.0,17
PEPE,1787200620000,1787200680000,2.9400000000000002e-06,2.95e-06,20.10557522256722,target,2849833483.0,17
PEPE,1787201220000,1787201280000,2.95e-06,2.96e-06,20.075447752620427,target,2849602236.0,17
PEPE,1787202060000,1787202120000,2.9400000000000002e-06,2.95e-06,20.1134013481747,target,2850942785.0,17
PEPE,1787202420000,1787203260000,2.9400000000000002e-06,2.8900000000000003e-06,-155.0074349764798,stop,2851498068.0,17
PEPE,1787206920000,1787206980000,2.8900000000000003e-06,2.9e-06,20.257437745160185,target,2851152392.0,17
PEPE,1787207640000,1787207700000,2.91e-06,2.92e-06,20.193222961794536,target,2850137327.0,17
PEPE,1787208780000,1787208840000,2.92e-06,2.93e-06,20.16310069894921,target,2849908226.0,17
PEPE,1787210820000,1787210880000,2.9400000000000002e-06,2.95e-06,20.098933652619607,target,2848892084.0,17
PEPE,1787211420000,1787211540000,2.9400000000000002e-06,2.95e-06,20.102848359240678,target,2849446968.0,17
PEPE,1787212620000,1787212680000,2.96e-06,2.97e-06,20.038704895231813,target,2848429978.0,17
PEPE,1787214420000,1787214480000,3.08e-06,3.09e-06,19.635733587283948,target,2839585479.0,17
PEPE,1787215020000,1787215080000,3.12e-06,3.13e-06,19.504417528749464,target,2837006186.0,17
PEPE,1787215620000,1787215680000,3.1500000000000003e-06,3.1600000000000002e-06,19.406988971650655,target,2835206570.0,17
PEPE,1787271480000,1787271540000,3.21e-06,3.22e-06,19.20887136103674,target,2831079051.0,17
PEPE,1787274720000,1787274780000,3.2000000000000003e-06,3.21e-06,19.246030410283627,target,2832381223.0,17
PEPE,1787276520000,1787276580000,3.22e-06,3.23e-06,19.182446019150348,target,2831357346.0,17
PEPE,1787277120000,1787277180000,3.2400000000000003e-06,3.2500000000000002e-06,19.118898394994144,target,2830332849.0,17
PEPE,1787277720000,1787277780000,3.23e-06,3.24e-06,19.155985629496236,target,2831631283.0,17
PEPE,1787278320000,1787278380000,3.22e-06,3.23e-06,19.1931105331022,target,2832931444.0,17
PEPE,1787280120000,1787280180000,3.23e-06,3.24e-06,19.16309105782533,target,2832681605.0,17
PEPE,1787280840000,1787280900000,3.23e-06,3.24e-06,19.166641654544904,target,2833206453.0,17
PEPE,1787281620000,1787281680000,3.22e-06,3.23e-06,19.20378720817544,target,2834507337.0,17
PEPE,1787282220000,1787282280000,3.22e-06,3.23e-06,19.20735157632512,target,2835033443.0,17
PEPE,1787283120000,1787283180000,3.22e-06,3.23e-06,19.21091660165136,target,2835559646.0,17
PEPE,1787284680000,1787284740000,3.2400000000000003e-06,3.2500000000000002e-06,19.14727466389348,target,2834533629.0,17
PEPE,1787285220000,1787285460000,3.23e-06,3.24e-06,19.184416942350648,target,2835833990.0,17
PEPE,1787285820000,1787285880000,3.22e-06,3.23e-06,19.221596948775044,target,2837136081.0,17
PEPE,1787287020000,1787287080000,3.2500000000000002e-06,3.26e-06,19.124324727299978,target,2835333540.0,17
PEPE,1787288220000,1787288280000,3.3e-06,3.31e-06,18.96012562931499,target,2831982917.0,17
PEPE,1787289420000,1787289480000,3.31e-06,3.32e-06,18.93009844446002,target,2831727516.0,17
PEPE,1787290020000,1787290080000,3.31e-06,3.32e-06,18.933556815564934,target,2832244849.0,17
PEPE,1787290620000,1787290680000,3.34e-06,3.35e-06,18.836597333125205,target,2830442875.0,17
PEPE,1787291220000,1787291280000,3.36e-06,3.37e-06,18.773153874919423,target,2829412792.0,17
PEPE,1787292420000,1787292480000,3.3800000000000002e-06,3.39e-06,18.709747604730303,target,2828382102.0,17
PEPE,1787293020000,1787293080000,3.41e-06,3.42e-06,18.613033389286056,target,2826580621.0,17
PEPE,1787293620000,1787293680000,3.4200000000000003e-06,3.43e-06,18.583040850001126,target,2826318000.0,17
PEPE,1787294220000,1787294280000,3.44e-06,3.45e-06,18.519746452499458,target,2825285500.0,17
PEPE,1787360820000,1787361300000,4.1100000000000005e-06,4.060000000000001e-06,-155.7292774380284,stop,2775180922.0,17
PEPE,1787362020000,1787362080000,4.1000000000000006e-06,4.1100000000000005e-06,16.339507414786073,target,2771756983.0,17
PEPE,1787362620000,1787362680000,4.12e-06,4.13e-06,16.277935479249617,target,2770712422.0,17
PEPE,1787363220000,1787363280000,4.13e-06,4.14e-06,16.24843876171666,target,2770407291.0,17
PEPE,1787363820000,1787363880000,4.14e-06,4.15e-06,16.2189444874248,target,2770101535.0,17
PEPE,1787364420000,1787364540000,4.23e-06,4.180000000000001e-06,-155.59324277539383,stop,2763890981.0,17
PEPE,1787365020000,1787365080000,4.23e-06,4.24e-06,15.909918810080473,target,2759743072.0,17
PEPE,1787365620000,1787365680000,4.2800000000000005e-06,4.2900000000000004e-06,15.753367896299252,target,2756494820.0,17
PEPE,1787369520000,1787369580000,4.31e-06,4.32e-06,15.660555599325823,target,2754715145.0,17
PEPE,1787370120000,1787370120000,4.2900000000000004e-06,4.240000000000001e-06,-155.43075748031944,entry_bar_stop,2756597632.0,17
PEPE,1787370420000,1787370540000,4.27e-06,4.28e-06,15.766225846199877,target,2753925912.0,17
PEPE,1787372220000,1787372400000,4.360000000000001e-06,4.310000000000001e-06,-155.22115593473688,stop,2747763426.0,17
PEPE,1787372820000,1787372880000,4.450000000000001e-06,4.4600000000000005e-06,15.177211692640292,target,2737098592.0,17
PEPE,1787373420000,1787373480000,4.450000000000001e-06,4.4600000000000005e-06,15.179442146711803,target,2737500838.0,17
PEPE,1787374020000,1787374080000,4.51e-06,4.52e-06,14.993567906274883,target,2733558415.0,17
PEPE,1787380920000,1787381100000,4.1000000000000006e-06,4.050000000000001e-06,-155.05626711299925,stop,2763926330.0,17
PEPE,1787381520000,1787381580000,4.1100000000000005e-06,4.12e-06,16.236954260560854,target,2759040656.0,17
PEPE,1787382120000,1787382180000,4.13e-06,4.14e-06,16.175672510220295,target,2758000428.0,17
PEPE,1787382720000,1787382780000,4.13e-06,4.14e-06,16.17820838373071,target,2758432802.0,17
PEPE,1787383920000,1787383980000,4.24e-06,4.25e-06,15.83074578298011,target,2750781196.0,17
PEPE,1787384520000,1787384880000,4.2000000000000004e-06,4.150000000000001e-06,-154.92024714374696,stop,2754137727.0,17
PEPE,1787391720000,1787391960000,4.1000000000000006e-06,4.06e-06,-127.14175003676982,risk_halt,2757357407.0,17
PEPE,1787443320000,1787443380000,4.07e-06,4.08e-06,16.330289623124024,target,2756167025.0,17
PEPE,1787443980000,1787444040000,4.05e-06,4.06e-06,16.396787538069592,target,2758080326.0,17
PEPE,1787446020000,1787446080000,4.12e-06,4.13e-06,16.175985911000623,target,2753359304.0,17
PEPE,1787446860000,1787446920000,4.13e-06,4.14e-06,16.146673932659763,target,2753056084.0,17
PEPE,1787447220000,1787447400000,4.13e-06,4.14e-06,16.1492052607948,target,2753487683.0,17
PEPE,1787447820000,1787447880000,4.1100000000000005e-06,4.12e-06,16.215479801401045,target,2755391640.0,17
PEPE,1787448420000,1787448480000,4.13e-06,4.14e-06,16.15427910162025,target,2754352788.0,17
PEPE,1787449800000,1787449860000,4.1000000000000006e-06,4.1100000000000005e-06,16.252481457449534,target,2756994310.0,17
PEPE,1787452620000,1787452680000,4.09e-06,4.1e-06,16.286973560421124,target,2758166564.0,17
PEPE,1787453220000,1787453280000,4.09e-06,4.1e-06,16.289547042090803,target,2758602378.0,17
PEPE,1787453940000,1787454000000,4.07e-06,4.08e-06,16.35605059290213,target,2760514868.0,17
PEPE,1787459040000,1787459100000,4.0100000000000006e-06,4.0200000000000005e-06,16.550875824212554,target,2765392786.0,17
PEPE,1787459520000,1787459760000,4.03e-06,3.980000000000001e-06,-154.7900460180881,stop,2764354782.0,17
PEPE,1787460120000,1787460180000,4e-06,4.01e-06,16.56074495509647,target,2762426181.0,17
PEPE,1787461620000,1787461680000,4e-06,4.01e-06,16.563407994043658,target,2762870391.0,17
PEPE,1787469300000,1787469360000,3.89e-06,3.9e-06,16.919934001905354,target,2771487961.0,17
PEPE,1787470020000,1787470080000,3.920000000000001e-06,3.9300000000000005e-06,16.82598163432646,target,2769708911.0,17
PEPE,1787470920000,1787470980000,3.88e-06,3.89e-06,16.957760125738783,target,2773141476.0,17
PEPE,1787473740000,1787473800000,3.920000000000001e-06,3.9300000000000005e-06,16.83149853015042,target,2770617042.0,17
PEPE,1787474220000,1787474280000,3.94e-06,3.95e-06,16.769814547466094,target,2769581263.0,17
PEPE,1787474880000,1787474940000,3.96e-06,3.97e-06,16.708168706865056,target,2768544939.0,17
PEPE,1787476140000,1787476200000,3.98e-06,3.99e-06,16.646561053080767,target,2767508072.0,17
PEPE,1787476620000,1787476740000,3.98e-06,3.99e-06,16.649248266361724,target,2767954824.0,17
PEPE,1787477220000,1787477280000,3.98e-06,3.99e-06,16.65193590670683,target,2768401647.0,17
PEPE,1787533620000,1787533680000,4.05e-06,4.06e-06,16.42995434826185,target,2763659268.0,17
PEPE,1787537820000,1787537880000,4.0100000000000006e-06,4.0200000000000005e-06,16.560870660493876,target,2767062767.0,17
PEPE,1787539020000,1787539260000,4.06e-06,4.07e-06,16.40317094744018,target,2763803024.0,17
PEPE,1787539620000,1787539680000,4.03e-06,4.04e-06,16.501956358224085,target,2766463765.0,17
PEPE,1787540280000,1787540340000,4.0200000000000005e-06,4.03e-06,16.53669347192621,target,2767647443.0,17
PEPE,1787544480000,1787544540000,4e-06,4.01e-06,16.603602130995156,target,2769575001.0,17
PEPE,1787545020000,1787545080000,4.0100000000000006e-06,4.0200000000000005e-06,16.574128387110513,target,2769277926.0,17
PEPE,1787545680000,1787545740000,4.03e-06,4.04e-06,16.512542431795367,target,2768238463.0,17
PEPE,1787546220000,1787546280000,4.03e-06,4.04e-06,16.51518230816156,target,2768681024.0,17
PEPE,1787546820000,1787546880000,4.03e-06,4.04e-06,16.51782260804157,target,2769123656.0,17
PEPE,1787548620000,1787548680000,4.03e-06,4.04e-06,16.52046332547049,target,2769566358.0,17
PEPE,1787550300000,1787550360000,4.0100000000000006e-06,4.0200000000000005e-06,16.58739154810451,target,2771493993.0,17
PEPE,1787550840000,1787550900000,4e-06,4.01e-06,16.622228266270056,target,2772681946.0,17
PEPE,1787551320000,1787551980000,4.0100000000000006e-06,4.0200000000000005e-06,16.59272145993075,target,2772384538.0,17
PEPE,1787552580000,1787552640000,4e-06,4.01e-06,16.62756936764149,target,2773572872.0,17
PEPE,1787553120000,1787553180000,4e-06,4.01e-06,16.63024314962952,target,2774018874.0,17
PEPE,1787554320000,1787554380000,4.0100000000000006e-06,4.0200000000000005e-06,16.600722118155588,target,2773721323.0,17
PEPE,1787554920000,1787554980000,4.0200000000000005e-06,4.03e-06,16.571203261501267,target,2773423140.0,17
PEPE,1787556960000,1787557020000,4.0200000000000005e-06,4.03e-06,16.573857667201533,target,2773867392.0,17
PEPE,1787557320000,1787557380000,4.0200000000000005e-06,4.03e-06,16.57651249712532,target,2774311715.0,17
PEPE,1787557980000,1787558040000,4.0100000000000006e-06,4.0200000000000005e-06,16.61136638080493,target,2775499813.0,17
PEPE,1787558520000,1787558640000,4.0100000000000006e-06,4.0200000000000005e-06,16.614032387084933,target,2775945261.0,17
PEPE,1787559120000,1787559240000,4.0100000000000006e-06,4.0200000000000005e-06,16.616698824283976,target,2776390781.0,17
PEPE,1787560920000,1787561160000,4.0200000000000005e-06,4.03e-06,16.587151558226346,target,2776092311.0,17
PEPE,1787617320000,1787617380000,4.0100000000000006e-06,4.0200000000000005e-06,16.622027808435377,target,2777281171.0,17
PEPE,1787617980000,1787618040000,4.0200000000000005e-06,4.03e-06,16.592471064876314,target,2776982605.0,17
PEPE,1787618520000,1787618580000,4.04e-06,4.05e-06,16.530721425629686,target,2775939786.0,17
PEPE,1787619120000,1787619180000,4.1000000000000006e-06,4.1100000000000005e-06,16.34051924437616,target,2771928625.0,17
PEPE,1787619720000,1787619780000,4.13e-06,4.14e-06,16.246892888473973,target,2770143715.0,17
PEPE,1787620320000,1787620380000,4.09e-06,4.1e-06,16.377765338756674,target,2773541971.0,17
PEPE,1787622120000,1787622180000,4.1000000000000006e-06,4.1100000000000005e-06,16.348241010555796,target,2773238509.0,17
PEPE,1787622780000,1787622840000,4.08e-06,4.09e-06,16.415070743434782,target,2775159889.0,17
PEPE,1787623980000,1787624040000,4.09e-06,4.1e-06,16.385530065360996,target,2774856912.0,17
PEPE,1787624520000,1787624580000,4.17e-06,4.18e-06,16.131580209225955,target,2769369993.0,17
PEPE,1787625240000,1787625300000,4.17e-06,4.18e-06,16.1340892464238,target,2769800729.0,17
PEPE,1787625720000,1787625780000,4.21e-06,4.22e-06,16.008699787925327,target,2767277405.0,17
PEPE,1787626320000,1787626380000,4.16e-06,4.17e-06,16.17111092436228,target,2771398616.0,17
PEPE,1787626920000,1787627040000,4.1900000000000005e-06,4.2000000000000004e-06,16.07760036513104,target,2769612466.0,17
PEPE,1787627520000,1787627580000,4.25e-06,4.26e-06,15.888460277671513,target,2765615366.0,17
PEPE,1787628120000,1787628180000,4.23e-06,4.24e-06,15.954710986455893,target,2767512747.0,17
PEPE,1787629320000,1787629380000,4.2800000000000005e-06,4.2900000000000004e-06,15.797719330966746,target,2764255351.0,17
PEPE,1787635200000,1787635260000,4.23e-06,4.24e-06,15.959590932125153,target,2768359225.0,17
PEPE,1787635620000,1787635680000,4.24e-06,4.25e-06,15.930111238904853,target,2768047131.0,17
PEPE,1787636220000,1787636280000,4.22e-06,4.23e-06,15.996446373601305,target,2769947424.0,17
PEPE,1787636880000,1787636940000,4.22e-06,4.23e-06,15.99890974605034,target,2770373982.0,17
PEPE,1787637420000,1787637480000,4.23e-06,4.24e-06,15.969409251739819,target,2770062316.0,17
PEPE,1787649420000,1787649480000,4.08e-06,4.09e-06,16.453196928803642,target,2781605567.0,17
PEPE,1787650020000,1787650140000,4.08e-06,4.09e-06,16.45580178242059,target,2782045948.0,17
PEPE,1787704380000,1787704440000,3.82e-06,3.83e-06,17.30220054030049,target,2801975796.0,17
PEPE,1787705220000,1787705280000,3.81e-06,3.82e-06,17.337775399461712,target,2803197316.0,17
PEPE,1787705880000,1787705940000,3.830000000000001e-06,3.8400000000000005e-06,17.275282868564975,target,2802154561.0,17
PEPE,1787706540000,1787706600000,3.8400000000000005e-06,3.85e-06,17.245481838596334,target,2801865449.0,17
PEPE,1787707680000,1787707740000,3.82e-06,3.83e-06,17.313711345450717,target,2803839894.0,17
PEPE,1787708280000,1787708340000,3.8400000000000005e-06,3.85e-06,17.25121200203107,target,2802796426.0,17
PEPE,1787708820000,1787708880000,3.85e-06,3.86e-06,17.22140287265052,target,2802506570.0,17
PEPE,1787709420000,1787709540000,3.85e-06,3.86e-06,17.224252899070542,target,2802970366.0,17
PEPE,1787710020000,1787710680000,3.85e-06,3.86e-06,17.227103398654176,target,2803434239.0,17
PEPE,1787711460000,1787711520000,3.86e-06,3.87e-06,17.19728623140032,target,2803143640.0,17
PEPE,1787711880000,1787711940000,3.87e-06,3.88e-06,17.167470925500833,target,2802852396.0,17
PEPE,1787712420000,1787712480000,3.87e-06,3.88e-06,17.170301257375257,target,2803314491.0,17
PEPE,1787713020000,1787713080000,3.87e-06,3.88e-06,17.17313204862579,target,2803776661.0,17
PEPE,1787713620000,1787713680000,3.86e-06,3.87e-06,17.208635410846117,target,2804993547.0,17
PEPE,1787714820000,1787714880000,3.86e-06,3.87e-06,17.211477928126282,target,2805456875.0,17
PEPE,1787715420000,1787715480000,3.85e-06,3.86e-06,17.24702139608634,target,2806675573.0,17
PEPE,1787716020000,1787716080000,3.85e-06,3.86e-06,17.249875662554004,target,2807140059.0,17
PEPE,1787716620000,1787716680000,3.85e-06,3.86e-06,17.252730402190732,target,2807604622.0,17
PEPE,1787717820000,1787717880000,3.8400000000000005e-06,3.85e-06,17.28831995539087,target,2808825338.0,17
PEPE,1787718480000,1787718540000,3.8400000000000005e-06,3.85e-06,17.2911864804544,target,2809291061.0,17
PEPE,1787719020000,1787719080000,3.8400000000000005e-06,3.85e-06,17.29405348561029,target,2809756862.0,17
PEPE,1787719620000,1787719680000,3.8400000000000005e-06,3.85e-06,17.2969209646986,target,2810222740.0,17
PEPE,1787720220000,1787720340000,3.830000000000001e-06,3.8400000000000005e-06,17.332562617201386,target,2811445680.0,17
PEPE,1787722020000,1787722140000,3.830000000000001e-06,3.8400000000000005e-06,17.33544192496457,target,2811912721.0,17
PEPE,1787788920000,1787788980000,3.8400000000000005e-06,3.85e-06,17.305537115311125,target,2811622602.0,17
PEPE,1787789520000,1787789580000,3.830000000000001e-06,3.8400000000000005e-06,17.34119653324737,target,2812846153.0,17
PEPE,1787790300000,1787790360000,3.830000000000001e-06,3.8400000000000005e-06,17.3440772712919,target,2813313426.0,17
PEPE,1787790720000,1787790780000,3.830000000000001e-06,3.8400000000000005e-06,17.346958490204425,target,2813780777.0,17
PEPE,1787791320000,1787791380000,3.82e-06,3.83e-06,17.38266424212548,target,2815006355.0,17
PEPE,1787791920000,1787791980000,3.82e-06,3.83e-06,17.38555733460132,target,2815474872.0,17
PEPE,1787792820000,1787792880000,3.82e-06,3.83e-06,17.388450908726234,target,2815943467.0,17
PEPE,1787793420000,1787793480000,3.81e-06,3.82e-06,17.42420310505958,target,2817171076.0,17
PEPE,1787794620000,1787794680000,3.830000000000001e-06,3.8400000000000005e-06,17.3613990532951,target,2816123123.0,17
PEPE,1787795220000,1787795280000,3.82e-06,3.83e-06,17.397134527176284,target,2817349721.0,17
PEPE,1787795940000,1787796000000,3.830000000000001e-06,3.8400000000000005e-06,17.367173186130287,target,2817059722.0,17
PEPE,1787796420000,1787796480000,3.8400000000000005e-06,3.85e-06,17.337213638160645,target,2816769072.0,17
PEPE,1787797020000,1787797080000,3.830000000000001e-06,3.8400000000000005e-06,17.37293832423113,target,2817994862.0,17
PEPE,1787802180000,1787802300000,3.8e-06,3.81e-06,17.47449712984529,target,2820742071.0,17
PEPE,1787802720000,1787803260000,3.8e-06,3.81e-06,17.47741649881555,target,2821213317.0,17
PEPE,1787803980000,1787804040000,3.8e-06,3.81e-06,17.48033635718973,target,2821684642.0,17
PEPE,1787804520000,1787804580000,3.8e-06,3.81e-06,17.483256704969655,target,2822156046.0,17
PEPE,1787808420000,1787808480000,3.7800000000000002e-06,3.79e-06,17.552092131915266,target,2824149981.0,17
PEPE,1787809320000,1787809380000,3.7800000000000002e-06,3.79e-06,17.555035518624997,target,2824623575.0,17
PEPE,1787810160000,1787810220000,3.7800000000000002e-06,3.79e-06,17.55797940253533,target,2825097249.0,17
PEPE,1787811120000,1787811180000,3.7700000000000003e-06,3.7800000000000002e-06,17.593924338075457,target,2826333227.0,17
PEPE,1787811780000,1787811900000,3.7700000000000003e-06,3.7800000000000002e-06,17.596880285549325,target,2826808078.0,17
PEPE,1787812320000,1787812380000,3.7800000000000002e-06,3.79e-06,17.566825075304358,target,2826520527.0,17
PEPE,1787813580000,1787813640000,3.79e-06,3.8e-06,17.53677154560149,target,2826232320.0,17
PEPE,1787875320000,1787875380000,3.89e-06,3.9e-06,16.42391099365501,target,2690239311.0,18
PEPE,1787876520000,1787876580000,3.88e-06,3.89e-06,16.457940621060093,target,2691404844.0,18
PEPE,1787877420000,1787877480000,3.88e-06,3.89e-06,16.460648813915085,target,2691847721.0,18
PEPE,1787878020000,1787878080000,3.87e-06,3.88e-06,16.494716807623828,target,2693014989.0,18
PEPE,1787878620000,1787878680000,3.88e-06,3.89e-06,16.46607169987022,target,2692734538.0,18
PEPE,1787879280000,1787879340000,3.89e-06,3.9e-06,16.43742841603404,target,2692453467.0,18
PEPE,1787880420000,1787880480000,3.9300000000000005e-06,3.94e-06,16.31486467123534,target,2690002419.0,18
PEPE,1787881020000,1787881620000,3.95e-06,3.900000000000001e-06,-150.2476696593742,stop,2688996325.0,18
PEPE,1787887320000,1787887380000,3.830000000000001e-06,3.8400000000000005e-06,16.606280156489667,target,2693638306.0,18
PEPE,1787889840000,1787889900000,3.81e-06,3.82e-06,16.671900810570953,target,2695537722.0,18
PEPE,1787890320000,1787890380000,3.8e-06,3.81e-06,16.706142517575486,target,2696713885.0,18
PEPE,1787891040000,1787891100000,3.82e-06,3.83e-06,16.646016635300494,target,2695711196.0,18
PEPE,1787891580000,1787891640000,3.81e-06,3.82e-06,16.68024232833555,target,2696886391.0,18
PEPE,1787893320000,1787893380000,3.82e-06,3.83e-06,16.651563310525752,target,2696609443.0,18
PEPE,1787893920000,1787893980000,3.8e-06,3.81e-06,16.71728304802501,target,2698512195.0,18
PEPE,1787894520000,1787894580000,3.81e-06,3.82e-06,16.688588008605123,target,2698235733.0,18
PEPE,1787895120000,1787895180000,3.81e-06,3.82e-06,16.691370831841457,target,2698685664.0,18
PEPE,1787895720000,1787895780000,3.82e-06,3.83e-06,16.662672685101118,target,2698408532.0,18
PEPE,1787896320000,1787896380000,3.81e-06,3.82e-06,16.69693261887105,target,2699584902.0,18
PEPE,1787898720000,1787898780000,3.81e-06,3.82e-06,16.699716833730527,target,2700035058.0,18
PEPE,1787899920000,1787899980000,3.82e-06,3.83e-06,16.671004334724852,target,2699757787.0,18
PEPE,1787900640000,1787900700000,3.81e-06,3.82e-06,16.70528140400823,target,2700934746.0,18
PEPE,1787903820000,1787903880000,3.79e-06,3.8e-06,16.77113331315535,target,2702841791.0,18
PEPE,1787904420000,1787904480000,3.79e-06,3.8e-06,16.773940455155998,target,2703294191.0,18
PEPE,1787962380000,1787962440000,3.6900000000000002e-06,3.7e-06,17.093208496130707,target,2711056066.0,18
PEPE,1787962920000,1787962980000,3.6900000000000002e-06,3.7e-06,17.096123518305994,target,2711518401.0,18
PEPE,1787964180000,1787964240000,3.6900000000000002e-06,3.7e-06,17.09903903226988,target,2711980814.0,18
PEPE,1787965560000,1787965620000,3.67e-06,3.68e-06,17.16548506364939,target,2713910682.0,18
PEPE,1787966520000,1787966640000,3.67e-06,3.68e-06,17.168423279149764,target,2714375222.0,18
PEPE,1787967120000,1787967240000,3.6800000000000003e-06,3.6900000000000002e-06,17.139577527074245,target,2714105705.0,18
PEPE,1787967780000,1787967840000,3.67e-06,3.68e-06,17.17429578864981,target,2715303682.0,18
PEPE,1787968440000,1787968500000,3.67e-06,3.68e-06,17.17723551582559,target,2715768461.0,18
PEPE,1787968980000,1787969040000,3.67e-06,3.68e-06,17.180175749000284,target,2716233320.0,18
PEPE,1787970120000,1787970180000,3.66e-06,3.67e-06,17.214939923826556,target,2717433295.0,18
PEPE,1787970720000,1787970780000,3.66e-06,3.67e-06,17.217892065502493,target,2717899300.0,18
PEPE,1787971380000,1787971440000,3.66e-06,3.67e-06,17.220844713975705,target,2718365385.0,18
PEPE,1787973780000,1787973840000,3.67e-06,3.68e-06,17.191958053875624,target,2718096135.0,18
PEPE,1787974980000,1787975820000,3.66e-06,3.61e-06,-150.75782196551944,stop,2719296933.0,18
PEPE,1787977920000,1787977980000,3.6400000000000003e-06,3.65e-06,17.26453963803533,target,2716686017.0,18
PEPE,1787978940000,1787979000000,3.6400000000000003e-06,3.65e-06,17.267511236033794,target,2717153617.0,18
PEPE,1787979420000,1787979480000,3.65e-06,3.66e-06,17.23864047714106,target,2716885812.0,18
PEPE,1787980020000,1787980080000,3.65e-06,3.66e-06,17.24160215182403,target,2717352585.0,18
PEPE,1787981220000,1787981280000,3.65e-06,3.66e-06,17.244564340455813,target,2717819439.0,18
PEPE,1787981880000,1787981940000,3.65e-06,3.66e-06,17.24752703034097,target,2718286372.0,18
PEPE,1787982420000,1787982480000,3.66e-06,3.67e-06,17.218642712320552,target,2718017792.0,18
PEPE,1787983620000,1787983680000,3.6400000000000003e-06,3.65e-06,17.28531869592671,target,2719955735.0,18
PEPE,1787986680000,1787986740000,3.62e-06,3.63e-06,17.352097098000414,target,2721897584.0,18
PEPE,1787987220000,1787987280000,3.63e-06,3.64e-06,17.32317902996686,target,2721630641.0,18
PEPE,1788048120000,1788048180000,3.65e-06,3.66e-06,17.262375529545615,target,2720626561.0,18
PEPE,1788049920000,1788049980000,3.65e-06,3.66e-06,17.265341277720026,target,2721093976.0,18
PEPE,1788051120000,1788051420000,3.65e-06,3.66e-06,17.268307539841427,target,2721561472.0,18
PEPE,1788051720000,1788051840000,3.65e-06,3.66e-06,17.27127430956028,target,2722029048.0,18
PEPE,1788052320000,1788052440000,3.6400000000000003e-06,3.65e-06,17.30615022705045,target,2723233710.0,18
PEPE,1788053220000,1788053340000,3.63e-06,3.64e-06,17.341060402684768,target,2724439969.0,18
PEPE,1788054120000,1788054240000,3.6400000000000003e-06,3.65e-06,17.312113765405392,target,2724172111.0,18
PEPE,1788055140000,1788055200000,3.63e-06,3.64e-06,17.34703597288955,target,2725378786.0,18
PEPE,1788055620000,1788055680000,3.63e-06,3.64e-06,17.35002728101959,target,2725848748.0,18
PEPE,1788056220000,1788056280000,3.63e-06,3.64e-06,17.353019104714257,target,2726318791.0,18
PEPE,1788056820000,1788056880000,3.63e-06,3.64e-06,17.35601145034036,target,2726788916.0,18
PEPE,1788058020000,1788058080000,3.63e-06,3.64e-06,17.35900430516427,target,2727259121.0,18
PEPE,1788058740000,1788059940000,3.6400000000000003e-06,3.65e-06,17.33002771602864,target,2726990986.0,18
PEPE,1788060420000,1788060480000,3.63e-06,3.64e-06,17.364986062149985,target,2728198910.0,18
PEPE,1788061020000,1788061080000,3.6400000000000003e-06,3.65e-06,17.33599948410923,target,2727930682.0,18
PEPE,1788061620000,1788061680000,3.6400000000000003e-06,3.65e-06,17.338983385388943,target,2728400218.0,18
PEPE,1788062220000,1788062280000,3.63e-06,3.64e-06,17.373959795590252,target,2729608766.0,18
PEPE,1788062820000,1788063420000,3.6400000000000003e-06,3.65e-06,17.344958241998924,target,2729340400.0,18
PEPE,1788063720000,1788063780000,3.63e-06,3.64e-06,17.37994670186084,target,2730549364.0,18
PEPE,1788064920000,1788064980000,3.63e-06,3.64e-06,17.382943681205376,target,2731020217.0,18
PEPE,1788066960000,1788067020000,3.6400000000000003e-06,3.65e-06,17.353927136114024,target,2730751713.0,18
PEPE,1788069180000,1788069240000,3.6400000000000003e-06,3.65e-06,17.356914119568586,target,2731221734.0,18
PEPE,1788070380000,1788070440000,3.63e-06,3.64e-06,17.39192670118113,target,2732431532.0,18
PEPE,1788072120000,1788072180000,3.65e-06,3.66e-06,17.330881891770165,target,2731423466.0,18
PEPE,1788137220000,1788137280000,3.44e-06,3.45e-06,18.009913642109165,target,2747507802.0,18
PEPE,1788137820000,1788137880000,3.44e-06,3.45e-06,18.013128502530627,target,2747998246.0,18
PEPE,1788138420000,1788138480000,3.41e-06,3.42e-06,18.113589230896242,target,2750734887.0,18
PEPE,1788139620000,1788139680000,3.43e-06,3.44e-06,18.051980568377097,target,2749730475.0,18
PEPE,1788140820000,1788141900000,3.43e-06,3.44e-06,18.055208729869477,target,2750222198.0,18
PEPE,1788142920000,1788143100000,3.45e-06,3.46e-06,17.9936254089889,target,2749217022.0,18
PEPE,1788144240000,1788144300000,3.43e-06,3.44e-06,18.061655205361895,target,2751204144.0,18
PEPE,1788146520000,1788146580000,3.43e-06,3.44e-06,18.064885100013857,target,2751696131.0,18
PEPE,1788147180000,1788147240000,3.44e-06,3.45e-06,18.035683346384506,target,2751439107.0,18
PEPE,1788147780000,1788147840000,3.44e-06,3.45e-06,18.038902808415948,target,2751930253.0,18
PEPE,1788148320000,1788148380000,3.45e-06,3.46e-06,18.009696702304538,target,2751672529.0,18
PEPE,1788148920000,1788148980000,3.43e-06,3.44e-06,18.077787255124417,target,2753661425.0,18
PEPE,1788150720000,1788150780000,3.4200000000000003e-06,3.43e-06,18.113493096474787,target,2754903893.0,18
PEPE,1788152220000,1788152280000,3.43e-06,3.44e-06,18.084259196251466,target,2754647250.0,18
PEPE,1788152820000,1788152880000,3.43e-06,3.44e-06,18.08749313494428,target,2755139853.0,18
PEPE,1788154080000,1788154140000,3.4600000000000003e-06,3.4700000000000002e-06,17.993362218099442,target,2753383660.0,18
PEPE,1788154620000,1788154680000,3.4600000000000003e-06,3.4700000000000002e-06,17.996562584044277,target,2753873387.0,18
PEPE,1788156420000,1788156780000,3.4700000000000002e-06,3.48e-06,17.967332146050108,target,2753614122.0,18
PEPE,1788157920000,1788157980000,3.4700000000000002e-06,3.48e-06,17.97052212067682,target,2754103007.0,18
PEPE,1788158520000,1788158580000,3.48e-06,3.49e-06,17.941287418629766,target,2753843042.0,18
PEPE,1788159120000,1788159180000,3.48e-06,3.49e-06,17.944467025291214,target,2754331086.0,18
PEPE,1788160440000,1788160500000,3.48e-06,3.49e-06,17.947647192238755,target,2754819216.0,18
PEPE,1788161520000,1788161580000,3.5000000000000004e-06,3.5100000000000003e-06,17.88599584608176,target,2753809984.0,18
PEPE,1788162120000,1788162180000,3.5000000000000004e-06,3.5100000000000003e-06,17.889154202205404,target,2754296259.0,18
PEPE,1788220920000,1788220980000,3.5500000000000003e-06,3.5600000000000002e-06,17.730483658660937,target,2751044788.0,18
PEPE,1788221520000,1788221640000,3.5600000000000002e-06,3.57e-06,17.701267375935053,target,2750779701.0,18
PEPE,1788222720000,1788223020000,3.5600000000000002e-06,3.57e-06,17.704359200385035,target,2751260171.0,18
PEPE,1788223920000,1788223980000,3.5600000000000002e-06,3.57e-06,17.707451565374118,target,2751740725.0,18
PEPE,1788224580000,1788224700000,3.5600000000000002e-06,3.57e-06,17.710544470904114,target,2752221363.0,18
PEPE,1788225300000,1788225360000,3.54e-06,3.55e-06,17.778338368771784,target,2754196494.0,18
PEPE,1788225720000,1788225780000,3.5500000000000003e-06,3.5600000000000002e-06,17.749090315653653,target,2753931779.0,18
PEPE,1788226620000,1788226680000,3.5500000000000003e-06,3.5600000000000002e-06,17.752196148266215,target,2754413677.0,18
PEPE,1788227220000,1788227280000,3.5600000000000002e-06,3.57e-06,17.722944091711476,target,2754148266.0,18
PEPE,1788227820000,1788227880000,3.5500000000000003e-06,3.5600000000000002e-06,17.758403791806792,target,2755376849.0,18
PEPE,1788228420000,1788228600000,3.5500000000000003e-06,3.5600000000000002e-06,17.761511261445406,target,2755859001.0,18
PEPE,1788229620000,1788229680000,3.5500000000000003e-06,3.5600000000000002e-06,17.764619272465126,target,2756341237.0,18
PEPE,1788230340000,1788230400000,3.54e-06,3.55e-06,17.80012648540107,target,2757571880.0,18
PEPE,1788231180000,1788231300000,3.54e-06,3.55e-06,17.803246935680285,target,2758055296.0,18
PEPE,1788231720000,1788231780000,3.5500000000000003e-06,3.5600000000000002e-06,17.773957903449876,target,2757790210.0,18
PEPE,1788233940000,1788234000000,3.57e-06,3.58e-06,17.712289455824493,target,2756776569.0,18
PEPE,1788235020000,1788235200000,3.5600000000000002e-06,3.57e-06,17.747763732269807,target,2758005242.0,18
PEPE,1788236220000,1788236280000,3.5500000000000003e-06,3.5600000000000002e-06,17.78327309396923,target,2759235546.0,18
PEPE,1788236820000,1788236880000,3.5600000000000002e-06,3.57e-06,17.753969826451396,target,2758969670.0,18
PEPE,1788237420000,1788237480000,3.5500000000000003e-06,3.5600000000000002e-06,17.789491603780085,target,2760200404.0,18
PEPE,1788238020000,1788239160000,3.54e-06,3.55e-06,17.82504853680614,target,2761432771.0,18
PEPE,1788239520000,1788239580000,3.53e-06,3.54e-06,17.860640687445464,target,2762666773.0,18
PEPE,1788241320000,1788241380000,3.5500000000000003e-06,3.5600000000000002e-06,17.79884899615982,target,2761652288.0,18
PEPE,1788241920000,1788241980000,3.5600000000000002e-06,3.57e-06,17.769520061864583,target,2761386179.0,18
PEPE,1788307320000,1788307380000,3.4700000000000002e-06,3.48e-06,18.065301497551506,target,2768628582.0,18
PEPE,1788309540000,1788309720000,3.4600000000000003e-06,3.4700000000000002e-06,18.101122865051064,target,2769873430.0,18
PEPE,1788310920000,1788310980000,3.4600000000000003e-06,3.4700000000000002e-06,18.104342398150216,target,2770366090.0,18
PEPE,1788312120000,1788312180000,3.4700000000000002e-06,3.48e-06,18.07493689980003,target,2770105272.0,18
PEPE,1788312780000,1788312900000,3.4600000000000003e-06,3.4700000000000002e-06,18.11077737343871,target,2771350784.0,18
PEPE,1788316020000,1788316080000,3.4700000000000002e-06,3.48e-06,18.081361427851608,target,2771089874.0,18
PEPE,1788317820000,1788317880000,3.4700000000000002e-06,3.48e-06,18.084571649550917,target,2771581862.0,18
PEPE,1788319740000,1788319800000,3.49e-06,3.5e-06,18.02253811382922,target,2770566966.0,18
PEPE,1788320220000,1788320280000,3.48e-06,3.49e-06,18.058345414016415,target,2771810501.0,18
PEPE,1788321060000,1788321120000,3.4700000000000002e-06,3.48e-06,18.094188357676913,target,2773055687.0,18
PEPE,1788323520000,1788323580000,3.4600000000000003e-06,3.4700000000000002e-06,18.1300670074086,target,2774302526.0,18
PEPE,1788324120000,1788324180000,3.4700000000000002e-06,3.48e-06,18.100619723926297,target,2774041337.0,18
PEPE,1788324720000,1788324780000,3.4700000000000002e-06,3.48e-06,18.103833364725418,target,2774533849.0,18
PEPE,1788325320000,1788326280000,3.4700000000000002e-06,3.48e-06,18.107047579725435,target,2775026449.0,18
PEPE,1788326820000,1788326880000,3.4700000000000002e-06,3.48e-06,18.110262362401322,target,2775519136.0,18
PEPE,1788327480000,1788327540000,3.4600000000000003e-06,3.4700000000000002e-06,18.146172880869546,target,2776767082.0,18
PEPE,1788328620000,1788328680000,3.4600000000000003e-06,3.4700000000000002e-06,18.149400425880174,target,2777260968.0,18
PEPE,1788329220000,1788329340000,3.4600000000000003e-06,3.4700000000000002e-06,18.152628545970074,target,2777754942.0,18
PEPE,1788329820000,1788329880000,3.45e-06,3.46e-06,18.18858765955055,target,2779004990.0,18
PEPE,1788331320000,1788331380000,3.4600000000000003e-06,3.4700000000000002e-06,18.159092327538968,target,2778744044.0,18
PEPE,1788333720000,1788333780000,3.4600000000000003e-06,3.4700000000000002e-06,18.162322166334842,target,2779238281.0,18
PEPE,1788334920000,1788335040000,3.45e-06,3.46e-06,18.19830048536673,target,2780488997.0,18
PEPE,1788335580000,1788335760000,3.45e-06,3.46e-06,18.201543133619005,target,2780984436.0,18
PEPE,1788336780000,1788336840000,3.45e-06,3.46e-06,18.204786364380336,target,2781479964.0,18
PEPE,1788393720000,1788393780000,3.43e-06,3.44e-06,18.273614508825418,target,2783490405.0,18
PEPE,1788394560000,1788394680000,3.41e-06,3.42e-06,18.342549845520956,target,2785504912.0,18
PEPE,1788395220000,1788395280000,3.41e-06,3.42e-06,18.345841759453723,target,2786004823.0,18
PEPE,1788396360000,1788396420000,3.4e-06,3.41e-06,18.382006666953597,target,2787264089.0,18
PEPE,1788396780000,1788396900000,3.41e-06,3.42e-06,18.352433252265236,target,2787005809.0,18
PEPE,1788398940000,1788399000000,3.44e-06,3.45e-06,18.25718169952384,target,2785229855.0,18
PEPE,1788399420000,1788399480000,3.44e-06,3.45e-06,18.26044069475979,target,2785727032.0,18
PEPE,1788400260000,1788400320000,3.43e-06,3.44e-06,18.2965425284218,target,2786982868.0,18
PEPE,1788400620000,1788402480000,3.45e-06,3.44e-06,-42.24914795740569,time,2785964257.0,18
PEPE,1788403020000,1788403080000,3.4700000000000002e-06,3.48e-06,18.16102808910036,target,2783299324.0,18
PEPE,1788404820000,1788404880000,3.4600000000000003e-06,3.4700000000000002e-06,18.197039275414483,target,2784550769.0,18
PEPE,1788405420000,1788405480000,3.4600000000000003e-06,3.4700000000000002e-06,18.200275864865446,target,2785046039.0,18
PEPE,1788406020000,1788406080000,3.4600000000000003e-06,3.4700000000000002e-06,18.203513035931174,target,2785541398.0,18
PEPE,1788406920000,1788407040000,3.45e-06,3.46e-06,18.2395729412071,target,2786794949.0,18
PEPE,1788407820000,1788407880000,3.45e-06,3.46e-06,18.24282295258501,target,2787291513.0,18
PEPE,1788409020000,1788409080000,3.44e-06,3.45e-06,18.278925270360453,target,2788546952.0,18
PEPE,1788409620000,1788409680000,3.44e-06,3.45e-06,18.282188152709566,target,2789044722.0,18
PEPE,1788410220000,1788410280000,3.43e-06,3.44e-06,18.318332977946305,target,2790302053.0,18
PEPE,1788410820000,1788410880000,3.44e-06,3.45e-06,18.288721534318665,target,2790041424.0,18
PEPE,1788412020000,1788412080000,3.45e-06,3.46e-06,18.259110950850584,target,2789780130.0,18
PEPE,1788412680000,1788413040000,3.45e-06,3.4e-06,-153.81403202812584,stop,2790277225.0,18
PEPE,1788414720000,1788414780000,3.44e-06,3.45e-06,18.267788921864796,target,2786848043.0,18
PEPE,1788415320000,1788415380000,3.45e-06,3.46e-06,18.23821222916072,target,2786587048.0,18
PEPE,1788416700000,1788416760000,3.45e-06,3.46e-06,18.24146199183092,target,2787083574.0,18
PEPE,1788480120000,1788480180000,3.7e-06,3.71e-06,17.429250952163446,target,2768745187.0,18
PEPE,1788480720000,1788480780000,3.6900000000000002e-06,3.7e-06,17.464630100516185,target,2769965123.0,18
PEPE,1788481560000,1788481620000,3.6900000000000002e-06,3.7e-06,17.467608456415057,target,2770437503.0,18
PEPE,1788482220000,1788482280000,3.7e-06,3.71e-06,17.43816393565139,target,2770161070.0,18
PEPE,1788482820000,1788482880000,3.6900000000000002e-06,3.7e-06,17.473561170845105,target,2771381629.0,18
PEPE,1788486720000,1788486780000,3.65e-06,3.66e-06,17.606454378572053,target,2774854906.0,18
PEPE,1788487320000,1788488220000,3.66e-06,3.67e-06,17.576968968896207,target,2774580737.0,18
PEPE,1788489480000,1788489540000,3.65e-06,3.66e-06,17.61249904434238,target,2775807572.0,18
PEPE,1788490620000,1788490680000,3.6800000000000003e-06,3.6900000000000002e-06,17.518013399834686,target,2774032209.0,18
PEPE,1788491820000,1788491880000,3.67e-06,3.68e-06,17.55349822902574,target,2775256637.0,18
PEPE,1788493020000,1788493080000,3.66e-06,3.67e-06,17.589017828480955,target,2776482688.0,18
PEPE,1788493620000,1788493680000,3.66e-06,3.67e-06,17.592034118366005,target,2776958819.0,18
PEPE,1788494220000,1788494280000,3.66e-06,3.67e-06,17.595050927721037,target,2777435032.0,18
PEPE,1788494820000,1788494880000,3.66e-06,3.67e-06,17.59806825654423,target,2777911327.0,18
PEPE,1788496020000,1788496080000,3.6800000000000003e-06,3.6900000000000002e-06,17.53602914758538,target,2776885059.0,18
PEPE,1788496740000,1788496800000,3.67e-06,3.68e-06,17.571550468450095,target,2778110746.0,18
PEPE,1788497460000,1788497520000,3.65e-06,3.66e-06,17.639672617214497,target,2780090247.0,18
PEPE,1788499620000,1788499680000,3.66e-06,3.67e-06,17.61013157893498,target,2779815561.0,18
PEPE,1788500820000,1788500880000,3.6400000000000003e-06,3.65e-06,17.67832352557674,target,2781797565.0,18
PEPE,1788502500000,1788502560000,3.63e-06,3.64e-06,17.713984454225702,target,2783029765.0,18
PEPE,1788503820000,1788503940000,3.62e-06,3.63e-06,17.749680443626808,target,2784263599.0,18
PEPE,1788505680000,1788505740000,3.6400000000000003e-06,3.65e-06,17.687470416883052,target,2783236887.0,18
PEPE,1788506220000,1788506280000,3.6400000000000003e-06,3.65e-06,17.690514817766456,target,2783715943.0,18
PEPE,1788506820000,1788506880000,3.6400000000000003e-06,3.65e-06,17.693559739754747,target,2784195081.0,18
PEPE,1788567180000,1788567240000,3.5100000000000003e-06,3.52e-06,18.12238952908967,target,2794508794.0,18
PEPE,1788567720000,1788567780000,3.5100000000000003e-06,3.52e-06,18.125583832571312,target,2795001362.0,18
PEPE,1788568320000,1788568380000,3.5100000000000003e-06,3.52e-06,18.12877870672943,target,2795494018.0,18
PEPE,1788570420000,1788570480000,3.49e-06,3.5e-06,18.19778128515496,target,2797506731.0,18
PEPE,1788571620000,1788571680000,3.5000000000000004e-06,3.5100000000000003e-06,18.168082185044216,target,2797241291.0,18
PEPE,1788572220000,1788572280000,3.49e-06,3.5e-06,18.204214508985032,target,2798495697.0,18
PEPE,1788572820000,1788572880000,3.49e-06,3.5e-06,18.2074348807908,target,2798990758.0,18
PEPE,1788573420000,1788573480000,3.49e-06,3.5e-06,18.210655831539373,target,2799485908.0,18
PEPE,1788574920000,1788574980000,3.48e-06,3.49e-06,18.246836885844814,target,2800742423.0,18
PEPE,1788575520000,1788575640000,3.48e-06,3.43e-06,-154.54434338225946,stop,2801238778.0,18
PEPE,1788576120000,1788576180000,3.4600000000000003e-06,3.4700000000000002e-06,18.288567387536578,target,2798556601.0,18
PEPE,1788577920000,1788577980000,3.45e-06,3.46e-06,18.324795785450988,target,2799816010.0,18
PEPE,1788578820000,1788578880000,3.4600000000000003e-06,3.4700000000000002e-06,18.29507957384964,target,2799553110.0,18
PEPE,1788579420000,1788579480000,3.45e-06,3.46e-06,18.331320869016995,target,2800812967.0,18
PEPE,1788580140000,1788580200000,3.45e-06,3.46e-06,18.334587223261703,target,2801312028.0,18
PEPE,1788580620000,1788580680000,3.4600000000000003e-06,3.4700000000000002e-06,18.304855136581118,target,2801048988.0,18
PEPE,1788581220000,1788581280000,3.4600000000000003e-06,3.4700000000000002e-06,18.30811089972007,target,2801547192.0,18
PEPE,1788581820000,1788581880000,3.45e-06,3.46e-06,18.344378013114827,target,2802807947.0,18
PEPE,1788582480000,1788582540000,3.4700000000000002e-06,3.48e-06,18.281631360599587,target,2801782584.0,18
PEPE,1788583020000,1788583080000,3.4700000000000002e-06,3.48e-06,18.28487713702482,target,2802280021.0,18
PEPE,1788583620000,1788583680000,3.48e-06,3.49e-06,18.255131034619684,target,2802015508.0,18
PEPE,1788584400000,1788584460000,3.4700000000000002e-06,3.48e-06,18.291364566075785,target,2803274263.0,18
PEPE,1788584820000,1788584880000,3.4700000000000002e-06,3.48e-06,18.29461207162511,target,2803771965.0,18
PEPE,1788586920000,1788586980000,3.4700000000000002e-06,3.48e-06,18.297860157900367,target,2804269756.0,18
PEPE,1788653220000,1788653280000,3.6000000000000003e-06,3.61e-06,17.873298144298904,target,2794886340.0,18
PEPE,1788654420000,1788654480000,3.61e-06,3.62e-06,17.84360786792376,target,2794613605.0,18
PEPE,1788655020000,1788655080000,3.62e-06,3.63e-06,17.813918864249274,target,2794340214.0,18
PEPE,1788655680000,1788655740000,3.61e-06,3.62e-06,17.849779289675816,target,2795580155.0,18
PEPE,1788656220000,1788656280000,3.61e-06,3.62e-06,17.852868639999905,target,2796064000.0,18
PEPE,1788657420000,1788657480000,3.63e-06,3.64e-06,17.790387686476464,target,2795033415.0,18
PEPE,1788658020000,1788658080000,3.63e-06,3.64e-06,17.793455450985192,target,2795515389.0,18
PEPE,1788659220000,1788659280000,3.63e-06,3.64e-06,17.796523743788537,target,2795997446.0,18
PEPE,1788660420000,1788660480000,3.6400000000000003e-06,3.65e-06,17.766816817960297,target,2795722552.0,18
PEPE,1788661020000,1788661080000,3.6400000000000003e-06,3.65e-06,17.769874875734388,target,2796203757.0,18
PEPE,1788662220000,1788662280000,3.6400000000000003e-06,3.65e-06,17.772933460973366,target,2796685045.0,18
PEPE,1788664620000,1788664680000,3.66e-06,3.67e-06,17.710460468995212,target,2795652797.0,18
PEPE,1788666420000,1788667740000,3.6800000000000003e-06,3.6300000000000004e-06,-155.01757001325018,stop,2794619975.0,18
PEPE,1788671220000,1788671280000,3.63e-06,3.64e-06,17.785108097195483,target,2794203943.0,18
PEPE,1788672780000,1788672840000,3.63e-06,3.64e-06,17.78817494514488,target,2794685773.0,18
PEPE,1788673380000,1788673440000,3.65e-06,3.66e-06,17.725739331645933,target,2793654741.0,18
PEPE,1788673920000,1788673980000,3.65e-06,3.66e-06,17.728784690536745,target,2794134703.0,18
PEPE,1788674520000,1788674580000,3.65e-06,3.66e-06,17.731830576059075,target,2794614748.0,18
PEPE,1788675120000,1788675180000,3.6400000000000003e-06,3.65e-06,17.76763649221419,target,2795851533.0,18
PEPE,1788676620000,1788676680000,3.6400000000000003e-06,3.65e-06,17.77069468980086,target,2796332760.0,18
PEPE,1788677220000,1788677280000,3.6400000000000003e-06,3.65e-06,17.773753408496056,target,2796814069.0,18
PEPE,1788677820000,1788677880000,3.63e-06,3.64e-06,17.80960684216701,target,2798052921.0,18
PEPE,1788678420000,1788678480000,3.6400000000000003e-06,3.65e-06,17.77987807787499,target,2797777825.0,18
PEPE,1788679320000,1788679380000,3.62e-06,3.63e-06,17.848567116749553,target,2799775234.0,18
PEPE,1788739920000,1788739980000,3.65e-06,3.66e-06,17.75321712189041,target,2797985362.0,18
PEPE,1788741120000,1788741180000,3.66e-06,3.67e-06,17.723485932180076,target,2797708908.0,18
PEPE,1788747720000,1788747780000,3.5900000000000004e-06,3.6000000000000003e-06,17.95640683567511,target,2803498335.0,18
PEPE,1788749520000,1788750060000,3.6400000000000003e-06,3.5900000000000004e-06,-155.15852845410018,stop,2800190010.0,18
PEPE,1788750420000,1788750480000,3.61e-06,3.62e-06,17.866891179063646,target,2798260169.0,18
PEPE,1788751920000,1788751980000,3.58e-06,3.59e-06,17.968550446309145,target,2801021114.0,18
PEPE,1788753720000,1788753840000,3.57e-06,3.58e-06,18.00457452140069,target,2802268408.0,18
PEPE,1788754320000,1788754500000,3.58e-06,3.59e-06,17.974810831981067,target,2801997012.0,18
PEPE,1788754920000,1788754980000,3.58e-06,3.59e-06,17.977938978429517,target,2802484642.0,18
PEPE,1788755520000,1788755580000,3.58e-06,3.59e-06,17.98106767015397,target,2802972357.0,18
PEPE,1788757320000,1788757380000,3.5900000000000004e-06,3.6000000000000003e-06,17.95129481302412,target,2802700205.0,18
PEPE,1788757980000,1788758040000,3.6000000000000003e-06,3.61e-06,17.921523184630324,target,2802427394.0,18
PEPE,1788760380000,1788760440000,3.6000000000000003e-06,3.61e-06,17.92463064942493,target,2802913315.0,18
PEPE,1788761220000,1788761280000,3.6000000000000003e-06,3.61e-06,17.927738651401526,target,2803399320.0,18
PEPE,1788761940000,1788762000000,3.61e-06,3.62e-06,17.89795794567518,target,2803125755.0,18
PEPE,1788763140000,1788763200000,3.5900000000000004e-06,3.6000000000000003e-06,17.96686335045105,target,2805130890.0,18
PEPE,1788764280000,1788764340000,3.5900000000000004e-06,3.6000000000000003e-06,17.9699843916601,target,2805618172.0,18
PEPE,1788766080000,1788766140000,3.58e-06,3.59e-06,18.00604804581017,target,2806866414.0,18
PEPE,1788768480000,1788768540000,3.5600000000000002e-06,3.57e-06,18.075130856641145,target,2808878144.0,18
PEPE,1788769020000,1788769080000,3.57e-06,3.58e-06,18.045298664301242,target,2808606796.0,18
PEPE,1788769620000,1788769680000,3.58e-06,3.59e-06,18.015467645777235,target,2808334785.0,18
PEPE,1788770220000,1788770280000,3.58e-06,3.59e-06,18.01860286797007,target,2808823518.0,18
PEPE,1788770820000,1788770880000,3.5900000000000004e-06,3.6000000000000003e-06,17.988767867594436,target,2808550799.0,18
PEPE,1788771420000,1788771480000,3.58e-06,3.59e-06,18.024869213176167,target,2809800345.0,18
PEPE,1788825720000,1788825780000,3.62e-06,3.63e-06,17.896184325000277,target,2807244600.0,18
PEPE,1788826320000,1788826380000,3.61e-06,3.62e-06,17.93221035479354,target,2808490267.0,18
PEPE,1788826980000,1788827100000,3.61e-06,3.62e-06,17.935313969210796,target,2808976346.0,18
PEPE,1788827940000,1788828000000,3.62e-06,3.63e-06,17.905472374876705,target,2808701549.0,18
PEPE,1788828420000,1788828540000,3.63e-06,3.64e-06,17.875632081946165,target,2808426093.0,18
PEPE,1788829020000,1788829200000,3.6400000000000003e-06,3.65e-06,17.845793110192197,target,2808149978.0,18
PEPE,1788829620000,1788829680000,3.63e-06,3.64e-06,17.881791861614087,target,2809393851.0,18
PEPE,1788830220000,1788830280000,3.63e-06,3.64e-06,17.88487538586585,target,2809878301.0,18
PEPE,1788831480000,1788831540000,3.6400000000000003e-06,3.65e-06,17.855020983265508,target,2809602043.0,18
PEPE,1788832020000,1788832080000,3.6400000000000003e-06,3.65e-06,17.858094223135915,target,2810085637.0,18
PEPE,1788832620000,1788832680000,3.6400000000000003e-06,3.65e-06,17.86116798411485,target,2810569313.0,18
PEPE,1788833220000,1788833280000,3.65e-06,3.66e-06,17.8313046498443,target,2810292301.0,18
PEPE,1788834420000,1788834480000,3.66e-06,3.67e-06,17.801442687383776,target,2810014631.0,18
PEPE,1788835320000,1788835380000,3.63e-06,3.64e-06,17.90334223674511,target,2812779613.0,18
PEPE,1788839220000,1788840120000,3.61e-06,3.62e-06,17.9724280076312,target,2814789038.0,18
PEPE,1788840420000,1788840480000,3.6000000000000003e-06,3.61e-06,18.008570396225874,target,2816039155.0,18
PEPE,1788841320000,1788841380000,3.6000000000000003e-06,3.61e-06,18.011692953219768,target,2816527436.0,18
PEPE,1788841920000,1788841980000,3.5900000000000004e-06,3.6000000000000003e-06,18.047877236341044,target,2817779428.0,18
PEPE,1788843240000,1788843300000,3.5900000000000004e-06,3.6000000000000003e-06,18.05101234933529,target,2818268907.0,18
PEPE,1788844920000,1788844980000,3.62e-06,3.63e-06,17.954983755000775,target,2816468040.0,18
PEPE,1788845640000,1788847500000,3.62e-06,3.59e-06,-99.72019298159958,time,2816954604.0,18
PEPE,1788847920000,1788848100000,3.5900000000000004e-06,3.6000000000000003e-06,18.03994449011931,target,2816540904.0,18
PEPE,1788850920000,1788850980000,3.58e-06,3.59e-06,18.07614854207599,target,2817794005.0,18
PEPE,1788853320000,1788855060000,3.62e-06,3.57e-06,-155.90749211543897,stop,2815230988.0,18
PEPE,1788912720000,1788912780000,3.6800000000000003e-06,3.6900000000000002e-06,17.722701292755694,target,2806445177.0,18
PEPE,1788913320000,1788913680000,3.7300000000000003e-06,3.6800000000000003e-06,-155.7001113014553,stop,2803134599.0,18
PEPE,1788914220000,1788914280000,3.6900000000000002e-06,3.7e-06,17.666323002706527,target,2801954481.0,18
PEPE,1788914820000,1788914880000,3.71e-06,3.72e-06,17.60376898893103,target,2800917898.0,18
PEPE,1788915420000,1788915480000,3.6900000000000002e-06,3.7e-06,17.672337846605863,target,2802908461.0,18
PEPE,1788916020000,1788916260000,3.6800000000000003e-06,3.6900000000000002e-06,17.708172776415147,target,2804144541.0,18
PEPE,1788919920000,1788921780000,3.65e-06,3.63e-06,-71.44965820942483,time,2806900735.0,18
PEPE,1788922380000,1788922440000,3.6400000000000003e-06,3.65e-06,17.83038500597092,target,2805725414.0,18
PEPE,1788922920000,1788922980000,3.63e-06,3.64e-06,17.866352669380586,target,2806968212.0,18
PEPE,1788923820000,1788923880000,3.63e-06,3.64e-06,17.869433533060654,target,2807452244.0,18
PEPE,1788924420000,1788924480000,3.63e-06,3.64e-06,17.87251492503534,target,2807936359.0,18
PEPE,1788925020000,1788925080000,3.6400000000000003e-06,3.65e-06,17.842681155660003,target,2807660292.0,18
PEPE,1788925620000,1788925680000,3.6400000000000003e-06,3.65e-06,17.84575226660544,target,2808143551.0,18
PEPE,1788926220000,1788926280000,3.6400000000000003e-06,3.65e-06,17.8488239113703,target,2808626894.0,18
PEPE,1788926820000,1788926880000,3.6800000000000003e-06,3.6900000000000002e-06,17.72034342331438,target,2806071801.0,18
PEPE,1788927420000,1788927480000,3.66e-06,3.67e-06,17.789122974876214,target,2808069925.0,18
PEPE,1788928260000,1788928320000,3.6800000000000003e-06,3.6900000000000002e-06,17.726410338539907,target,2807032516.0,18
PEPE,1788928620000,1788928680000,3.6900000000000002e-06,3.7e-06,17.696578390075075,target,2806753115.0,18
PEPE,1788929880000,1788929940000,3.7200000000000004e-06,3.7300000000000003e-06,17.60110432787554,target,2804956865.0,18
PEPE,1788930420000,1788930480000,3.7e-06,3.71e-06,17.669743961296813,target,2806949001.0,18
PEPE,1788932520000,1788932580000,3.6800000000000003e-06,3.6900000000000002e-06,17.738488615934966,target,2808945149.0,18
PEPE,1788934920000,1788934980000,3.6900000000000002e-06,3.7e-06,17.708636343190925,target,2808665558.0,18
PEPE,1788935520000,1788935580000,3.7e-06,3.71e-06,17.67878552644873,target,2808385310.0,18
PEPE,1788936120000,1788936180000,3.7e-06,3.71e-06,17.68179481343008,target,2808863354.0,18
PEPE,1788998520000,1788998580000,3.4700000000000002e-06,3.48e-06,18.445615083225356,target,2826914189.0,18
PEPE,1788999180000,1788999240000,3.4700000000000002e-06,3.48e-06,18.44888997420196,target,2827416088.0,18
PEPE,1788999720000,1788999780000,3.4600000000000003e-06,3.4700000000000002e-06,18.48547195641515,target,2828687369.0,18
PEPE,1789000320000,1789000380000,3.4600000000000003e-06,3.4700000000000002e-06,18.48875985215225,target,2829190490.0,18
PEPE,1789001820000,1789001880000,3.45e-06,3.46e-06,18.525384811780377,target,2830463684.0,18
PEPE,1789002420000,1789002480000,3.4700000000000002e-06,3.48e-06,18.46201903110063,target,2829428204.0,18
PEPE,1789003020000,1789003080000,3.4700000000000002e-06,3.48e-06,18.465296832224638,target,2829930549.0,18
PEPE,1789003620000,1789003680000,3.4600000000000003e-06,3.4700000000000002e-06,18.50191134360018,target,2831202960.0,18
PEPE,1789005720000,1789005780000,3.44e-06,3.45e-06,18.571940725215605,target,2833248013.0,18
PEPE,1789006920000,1789006980000,3.44e-06,3.45e-06,18.57525590991142,target,2833753762.0,18
PEPE,1789008120000,1789008180000,3.4600000000000003e-06,3.4700000000000002e-06,18.51180930034499,target,2832717567.0,18
PEPE,1789008720000,1789008780000,3.4700000000000002e-06,3.48e-06,18.481741985475292,target,2832450879.0,18
PEPE,1789009320000,1789009380000,3.4700000000000002e-06,3.48e-06,18.485023290524513,target,2832953761.0,18
PEPE,1789009920000,1789009980000,3.4700000000000002e-06,3.48e-06,18.488305182824693,target,2833456733.0,18
PEPE,1789010520000,1789010580000,3.4700000000000002e-06,3.48e-06,18.49158765584898,target,2833959794.0,18
PEPE,1789011720000,1789011780000,3.4600000000000003e-06,3.4700000000000002e-06,18.5282543010939,target,2835234017.0,18
PEPE,1789012320000,1789012380000,3.4600000000000003e-06,3.4700000000000002e-06,18.53154980357133,target,2835738302.0,18
PEPE,1789012920000,1789012980000,3.4600000000000003e-06,3.4700000000000002e-06,18.534845894195378,target,2836242677.0,18
PEPE,1789013580000,1789013640000,3.4700000000000002e-06,3.48e-06,18.504741161925587,target,2835975657.0,18
PEPE,1789014120000,1789014540000,3.4700000000000002e-06,3.48e-06,18.508026551624127,target,2836479165.0,18
PEPE,1789015020000,1789015440000,3.4700000000000002e-06,3.48e-06,18.51131252205042,target,2836982762.0,18
PEPE,1789015920000,1789015980000,3.4600000000000003e-06,3.4700000000000002e-06,18.548018284576397,target,2838258345.0,18
PEPE,1789016520000,1789016580000,3.4600000000000003e-06,3.4700000000000002e-06,18.55131729634705,target,2838763167.0,18
PEPE,1789017120000,1789017180000,3.4600000000000003e-06,3.4700000000000002e-06,18.554616902799804,target,2839268080.0,18
PEPE,1789085220000,1789085280000,3.2400000000000003e-06,3.2500000000000002e-06,18.49583333268917,target,2738095238.0,19
PEPE,1789085940000,1789086000000,3.2500000000000002e-06,3.26e-06,18.46681441101862,target,2737852396.0,19
PEPE,1789086420000,1789086480000,3.2500000000000002e-06,3.26e-06,18.470224008520415,target,2738357896.0,19
PEPE,1789087020000,1789087080000,3.2500000000000002e-06,3.26e-06,18.47363424005061,target,2738863490.0,19
PEPE,1789087620000,1789087680000,3.2500000000000002e-06,3.26e-06,18.477045105611026,target,2739369178.0,19
PEPE,1789088820000,1789088880000,3.27e-06,3.28e-06,18.415582170974933,target,2738376531.0,19
PEPE,1789089420000,1789089480000,3.26e-06,3.27e-06,18.45140468250021,target,2739629500.0,19
PEPE,1789090020000,1789090080000,3.26e-06,3.27e-06,18.454805460133816,target,2740134441.0,19
PEPE,1789090620000,1789090680000,3.27e-06,3.28e-06,18.425760592974054,target,2739890051.0,19
PEPE,1789091220000,1789091280000,3.26e-06,3.27e-06,18.461602907055582,target,2741143713.0,19
PEPE,1789092420000,1789092540000,3.2800000000000004e-06,3.2900000000000003e-06,18.40010688067494,target,2740149945.0,19
PEPE,1789093020000,1789093080000,3.2800000000000004e-06,3.2900000000000003e-06,18.403486278290384,target,2740653206.0,19
PEPE,1789093620000,1789093740000,3.27e-06,3.28e-06,18.439318690626216,target,2741906125.0,19
PEPE,1789094520000,1789094580000,3.27e-06,3.28e-06,18.442711264824528,target,2742410597.0,19
PEPE,1789095120000,1789095180000,3.2800000000000004e-06,3.2900000000000003e-06,18.413640130516143,target,2742165321.0,19
PEPE,1789095720000,1789095780000,3.2800000000000004e-06,3.2900000000000003e-06,18.41702201939505,target,2742668953.0,19
PEPE,1789096320000,1789096380000,3.27e-06,3.28e-06,18.452880782923998,target,2743922793.0,19
PEPE,1789097520000,1789097880000,3.2800000000000004e-06,3.2900000000000003e-06,18.423793620130688,target,2743677382.0,19
PEPE,1789098420000,1789098480000,3.2800000000000004e-06,3.2900000000000003e-06,18.427177369064374,target,2744181291.0,19
PEPE,1789100220000,1789100280000,3.2900000000000003e-06,3.3e-06,18.398085341668825,target,2743935174.0,19
PEPE,1789100940000,1789101000000,3.31e-06,3.32e-06,18.336546947599633,target,2742938960.0,19
PEPE,1789101420000,1789101480000,3.3e-06,3.31e-06,18.372349679969208,target,2744189646.0,19
PEPE,1789102080000,1789102140000,3.31e-06,3.32e-06,18.34325335296979,target,2743942162.0,19
PEPE,1789103220000,1789103280000,3.3e-06,3.31e-06,18.379069183669586,target,2745193306.0,19
PEPE,1789171920000,1789171980000,3.2900000000000003e-06,3.3e-06,18.41492118096095,target,2746446112.0,19
PEPE,1789172820000,1789172880000,3.3e-06,3.31e-06,18.385803034756076,target,2746199109.0,19
PEPE,1789173540000,1789173600000,3.3e-06,3.31e-06,18.389167908279656,target,2746701704.0,19
PEPE,1789174020000,1789174080000,3.3e-06,3.31e-06,18.392533404441437,target,2747204392.0,19
PEPE,1789174620000,1789174680000,3.3e-06,3.31e-06,18.395899509844917,target,2747707171.0,19
PEPE,1789175220000,1789175280000,3.3e-06,3.31e-06,18.399266237884774,target,2748210043.0,19
PEPE,1789176480000,1789176540000,3.3e-06,3.31e-06,18.402633575169965,target,2748713006.0,19
PEPE,1789177020000,1789177080000,3.3e-06,3.31e-06,18.406001535089718,target,2749216062.0,19
PEPE,1789177620000,1789177680000,3.3e-06,3.31e-06,18.40937011095033,target,2749719210.0,19
PEPE,1789178220000,1789178280000,3.3e-06,3.31e-06,18.412739296054458,target,2750222449.0,19
PEPE,1789178880000,1789178940000,3.3e-06,3.31e-06,18.416109103796785,target,2750725781.0,19
PEPE,1789180020000,1789180080000,3.31e-06,3.32e-06,18.386943484664844,target,2750477709.0,19
PEPE,1789181820000,1789181880000,3.31e-06,3.32e-06,18.3903026236316,target,2750980198.0,19
PEPE,1789182420000,1789182480000,3.32e-06,3.33e-06,18.36113221515151,target,2750731418.0,19
PEPE,1789183020000,1789183080000,3.32e-06,3.33e-06,18.364480708874687,target,2751233065.0,19
PEPE,1789183920000,1789183980000,3.32e-06,3.33e-06,18.36782981670195,target,2751734804.0,19
PEPE,1789184520000,1789184580000,3.32e-06,3.33e-06,18.371179531951412,target,2752236634.0,19
PEPE,1789185120000,1789185180000,3.32e-06,3.33e-06,18.374529854624893,target,2752738555.0,19
PEPE,1789186320000,1789186380000,3.3300000000000003e-06,3.34e-06,18.345338738444756,target,2752488933.0,19
PEPE,1789186920000,1789186980000,3.32e-06,3.33e-06,18.3812264081998,target,2753741784.0,19
PEPE,1789187580000,1789187640000,3.3300000000000003e-06,3.34e-06,18.352024653216986,target,2753492071.0,19
PEPE,1789188120000,1789188180000,3.3300000000000003e-06,3.34e-06,18.355365557781294,target,2753993332.0,19
PEPE,1789188720000,1789188780000,3.32e-06,3.33e-06,18.391272837225713,target,2755246867.0,19
PEPE,1789189320000,1789189380000,3.32e-06,3.33e-06,18.394626831150852,target,2755749338.0,19
PEPE,1789258380000,1789258440000,3.41e-06,3.42e-06,18.10542154590035,target,2749494540.0,19
PEPE,1789259580000,1789259640000,3.4200000000000003e-06,3.43e-06,18.07624695757508,target,2749239081.0,19
PEPE,1789260120000,1789260180000,3.4200000000000003e-06,3.43e-06,18.07948527000016,target,2749731600.0,19
PEPE,1789261320000,1789261380000,3.4200000000000003e-06,3.43e-06,18.082724161023474,target,2750224207.0,19
PEPE,1789261920000,1789261980000,3.4200000000000003e-06,3.43e-06,18.085963630650486,target,2750716902.0,19
PEPE,1789262520000,1789262580000,3.4200000000000003e-06,3.43e-06,18.089203678877553,target,2751209685.0,19
PEPE,1789263720000,1789263780000,3.44e-06,3.45e-06,18.027591310321192,target,2750204624.0,19
PEPE,1789264320000,1789264380000,3.44e-06,3.45e-06,18.030809330251646,target,2750695550.0,19
PEPE,1789264920000,1789264980000,3.44e-06,3.45e-06,18.034027920465366,target,2751186563.0,19
PEPE,1789265520000,1789265580000,3.43e-06,3.44e-06,18.069682119255223,target,2752426827.0,19
PEPE,1789266120000,1789266720000,3.44e-06,3.45e-06,18.040472612926724,target,2752169735.0,19
PEPE,1789267020000,1789267080000,3.44e-06,3.45e-06,18.04369293365944,target,2752661012.0,19
PEPE,1789267620000,1789267680000,3.44e-06,3.45e-06,18.04691382467906,target,2753152376.0,19
PEPE,1789268220000,1789268280000,3.43e-06,3.44e-06,18.082593498188444,target,2754393526.0,19
PEPE,1789268820000,1789269540000,3.44e-06,3.45e-06,18.0533631253068,target,2754136251.0,19
PEPE,1789270020000,1789270080000,3.4600000000000003e-06,3.4700000000000002e-06,17.991699119416204,target,2753129169.0,19
PEPE,1789270620000,1789270680000,3.44e-06,3.45e-06,18.059797349431857,target,2755117826.0,19
PEPE,1789271220000,1789271280000,3.44e-06,3.45e-06,18.063021118095225,target,2755609629.0,19
PEPE,1789272120000,1789272180000,3.44e-06,3.45e-06,18.06624545704367,target,2756101519.0,19
PEPE,1789272720000,1789272780000,3.45e-06,3.46e-06,18.03699507917832,target,2755843404.0,19
PEPE,1789273320000,1789273380000,3.44e-06,3.45e-06,18.0726900708464,target,2757084679.0,19
PEPE,1789273920000,1789273980000,3.45e-06,3.46e-06,18.04342925923894,target,2756826472.0,19
PEPE,1789274520000,1789274580000,3.44e-06,3.45e-06,18.079136985449566,target,2758068190.0,19
PEPE,1789275120000,1789275180000,3.44e-06,3.45e-06,18.082364202045397,target,2758560519.0,19
PEPE,1789344420000,1789344480000,3.3700000000000003e-06,3.3800000000000002e-06,18.313618277501583,target,2764319740.0,19
PEPE,1789345020000,1789345080000,3.3700000000000003e-06,3.3800000000000002e-06,18.31692857137672,target,2764819407.0,19
PEPE,1789346520000,1789346580000,3.36e-06,3.37e-06,18.352897533165773,target,2766073479.0,19
PEPE,1789347120000,1789347180000,3.3700000000000003e-06,3.3800000000000002e-06,18.323556850749064,target,2765819902.0,19
PEPE,1789347780000,1789347840000,3.3700000000000003e-06,3.3800000000000002e-06,18.326868940001766,target,2766319840.0,19
PEPE,1789348320000,1789348380000,3.3800000000000002e-06,3.39e-06,18.297523646325075,target,2766065555.0,19
PEPE,1789348920000,1789348980000,3.36e-06,3.37e-06,18.36617069805949,target,2768073956.0,19
PEPE,1789349580000,1789350060000,3.3700000000000003e-06,3.3800000000000002e-06,18.33680879850045,target,2767820196.0,19
PEPE,1789350420000,1789350480000,3.36e-06,3.37e-06,18.372816798414753,target,2769075629.0,19
PEPE,1789351020000,1789351080000,3.3800000000000002e-06,3.39e-06,18.310762662570415,target,2768066918.0,19
PEPE,1789351620000,1789351680000,3.39e-06,3.4e-06,18.281396859739733,target,2767811788.0,19
PEPE,1789352280000,1789352340000,3.4200000000000003e-06,3.43e-06,18.18676962390245,target,2766048612.0,19
PEPE,1789352820000,1789352880000,3.45e-06,3.46e-06,18.092250155208173,target,2764285738.0,19
PEPE,1789353480000,1789353540000,3.43e-06,3.44e-06,18.1606528253158,target,2766283751.0,19
PEPE,1789354140000,1789354200000,3.44e-06,3.45e-06,18.13129626757448,target,2766025365.0,19
PEPE,1789355220000,1789355280000,3.43e-06,3.44e-06,18.16714277423597,target,2767272319.0,19
PEPE,1789355820000,1789355880000,3.44e-06,3.45e-06,18.13777572775488,target,2767013841.0,19
PEPE,1789356420000,1789356480000,3.43e-06,3.44e-06,18.173635040600622,target,2768261240.0,19
PEPE,1789357020000,1789357080000,3.43e-06,3.44e-06,18.176884958507454,target,2768756277.0,19
PEPE,1789357620000,1789357680000,3.43e-06,3.44e-06,18.18013546069373,target,2769251403.0,19
PEPE,1789358280000,1789358340000,3.43e-06,3.44e-06,18.183386547170365,target,2769746618.0,19
PEPE,1789359420000,1789359480000,3.44e-06,3.45e-06,18.153993236940213,target,2769487908.0,19
PEPE,1789360020000,1789360080000,3.44e-06,3.45e-06,18.157233819179837,target,2769982276.0,19
PEPE,1789361220000,1789361280000,3.44e-06,3.45e-06,18.160474978260947,target,2770476732.0,19
PEPE,1789430880000,1789430940000,3.44e-06,3.45e-06,18.163716714179905,target,2770971276.0,19
PEPE,1789431420000,1789431480000,3.45e-06,3.46e-06,18.134308521560023,target,2770711768.0,19
PEPE,1789432020000,1789432080000,3.45e-06,3.46e-06,18.137539774970374,target,2771205466.0,19
PEPE,1789432620000,1789432680000,3.45e-06,3.46e-06,18.14077159779607,target,2771699251.0,19
PEPE,1789433220000,1789433400000,3.45e-06,3.46e-06,18.144003996579418,target,2772193124.0,19
PEPE,1789433820000,1789433880000,3.45e-06,3.46e-06,18.147236971325874,target,2772687085.0,19
PEPE,1789434480000,1789434540000,3.44e-06,3.45e-06,18.183150132583606,target,2773935947.0,19
PEPE,1789435140000,1789435200000,3.44e-06,3.45e-06,18.18639591949667,target,2774431109.0,19
PEPE,1789435620000,1789435920000,3.4600000000000003e-06,3.4700000000000002e-06,18.12427752021012,target,2773416606.0,19
PEPE,1789436280000,1789436340000,3.45e-06,3.46e-06,18.160180468046992,target,2774664701.0,19
PEPE,1789436820000,1789436880000,3.45e-06,3.46e-06,18.16341632913493,target,2775159103.0,19
PEPE,1789437420000,1789437480000,3.4600000000000003e-06,3.4700000000000002e-06,18.1339618151304,target,2774898518.0,19
PEPE,1789438020000,1789438320000,3.4600000000000003e-06,3.4700000000000002e-06,18.13718719052095,target,2775392072.0,19
PEPE,1789439820000,1789439880000,3.4600000000000003e-06,3.4700000000000002e-06,18.140413134453468,target,2775885713.0,19
PEPE,1789440420000,1789440480000,3.4600000000000003e-06,3.4700000000000002e-06,18.143639653470718,target,2776379442.0,19
PEPE,1789441020000,1789441080000,3.4700000000000002e-06,3.48e-06,18.11417032845145,target,2776118058.0,19
PEPE,1789441680000,1789441740000,3.4600000000000003e-06,3.4700000000000002e-06,18.150088600591776,target,2777366274.0,19
PEPE,1789442520000,1789442580000,3.45e-06,3.46e-06,18.186042682114643,target,2778616147.0,19
PEPE,1789444020000,1789444080000,3.4600000000000003e-06,3.4700000000000002e-06,18.15655147379516,target,2778355237.0,19
PEPE,1789444620000,1789444680000,3.45e-06,3.46e-06,18.19251835747548,target,2779605555.0,19
PEPE,1789445220000,1789445280000,3.4600000000000003e-06,3.4700000000000002e-06,18.163016653852953,target,2779344553.0,19
PEPE,1789445820000,1789445880000,3.45e-06,3.46e-06,18.198996343220138,target,2780595316.0,19
PEPE,1789446420000,1789446480000,3.44e-06,3.45e-06,18.2350119357,target,2781847740.0,19
PEPE,1789447920000,1789447980000,3.45e-06,3.46e-06,18.205488315629797,target,2781587214.0,19
PEPE,1789517820000,1789517880000,3.39e-06,3.4e-06,18.405707352065818,target,2786632453.0,19
PEPE,1789518420000,1789518480000,3.39e-06,3.4e-06,18.40902243459139,target,2787134358.0,19
PEPE,1789519020000,1789519080000,3.3800000000000002e-06,3.39e-06,18.445241802329985,target,2788396342.0,19
PEPE,1789519980000,1789520040000,3.3800000000000002e-06,3.39e-06,18.44856994774382,target,2788899463.0,19
PEPE,1789521120000,1789521180000,3.3700000000000003e-06,3.3800000000000002e-06,18.484832200375486,target,2790163351.0,19
PEPE,1789521720000,1789521780000,3.3700000000000003e-06,3.3800000000000002e-06,18.488173439625317,target,2790667689.0,19
PEPE,1789524420000,1789524480000,3.34e-06,3.35e-06,18.590459442883727,target,2793457467.0,19
PEPE,1789525380000,1789525440000,3.36e-06,3.37e-06,18.527844999940704,target,2792440844.0,19
PEPE,1789526700000,1789526760000,3.3700000000000003e-06,3.3800000000000002e-06,18.498224631248966,target,2792184850.0,19
PEPE,1789527120000,1789527180000,3.3700000000000003e-06,3.3800000000000002e-06,18.501568288624075,target,2792689553.0,19
PEPE,1789528920000,1789528980000,3.39e-06,3.4e-06,18.438991948380448,target,2791671756.0,19
PEPE,1789529640000,1789529700000,3.3800000000000002e-06,3.39e-06,18.475270283925074,target,2792935795.0,19
PEPE,1789530180000,1789530240000,3.3800000000000002e-06,3.39e-06,18.478603840411417,target,2793439734.0,19
PEPE,1789530720000,1789530780000,3.3800000000000002e-06,3.39e-06,18.48193800547516,target,2793943765.0,19
PEPE,1789531320000,1789531380000,3.3800000000000002e-06,3.39e-06,18.485272765890755,target,2794447886.0,19
PEPE,1789531980000,1789532040000,3.39e-06,3.4e-06,18.45562709002121,target,2794190324.0,19
PEPE,1789533900000,1789533960000,3.4e-06,3.41e-06,18.42598215993145,target,2793932094.0,19
PEPE,1789534320000,1789536180000,3.4e-06,3.37e-06,-98.00081493405094,time,2794434415.0,19
PEPE,1789537320000,1789537380000,3.3800000000000002e-06,3.39e-06,18.47758016916108,target,2793284984.0,19
PEPE,1789538520000,1789538580000,3.3800000000000002e-06,3.39e-06,18.480914149005216,target,2793788987.0,19
PEPE,1789539180000,1789539240000,3.3700000000000003e-06,3.3800000000000002e-06,18.517239977875875,target,2795055091.0,19
PEPE,1789539840000,1789539900000,3.3700000000000003e-06,3.3800000000000002e-06,18.520587080251303,target,2795560314.0,19
PEPE,1789540320000,1789540380000,3.3700000000000003e-06,3.3800000000000002e-06,18.52393477887424,target,2796065627.0,19
PEPE,1789540920000,1789540980000,3.36e-06,3.37e-06,18.560310240720437,target,2797333872.0,19
PEPE,1789603320000,1789603380000,3.4e-06,3.41e-06,18.43164657904834,target,2794790990.0,19
PEPE,1789603920000,1789603980000,3.4e-06,3.41e-06,18.434960408270335,target,2795293466.0,19
PEPE,1789604520000,1789604580000,3.41e-06,3.42e-06,18.40530180056898,target,2795034442.0,19
PEPE,1789605120000,1789605180000,3.4e-06,3.41e-06,18.441583925050633,target,2796297790.0,19
PEPE,1789605720000,1789605780000,3.4e-06,3.41e-06,18.4448995349197,target,2796800536.0,19
PEPE,1789607220000,1789607280000,3.39e-06,3.4e-06,18.48122453634487,target,2798065789.0,19
PEPE,1789607880000,1789607940000,3.39e-06,3.4e-06,18.484553225170615,target,2798569754.0,19
PEPE,1789608420000,1789608480000,3.4200000000000003e-06,3.43e-06,18.388874419799162,target,2796786984.0,19
PEPE,1789609020000,1789609080000,3.43e-06,3.44e-06,18.359196078600156,target,2796526440.0,19
PEPE,1789609860000,1789609920000,3.43e-06,3.44e-06,18.362479182581097,target,2797026532.0,19
PEPE,1789610220000,1789610280000,3.44e-06,3.45e-06,18.332796371069175,target,2796765274.0,19
PEPE,1789610820000,1789612020000,3.44e-06,3.45e-06,18.336068869604247,target,2797264511.0,19
PEPE,1789612320000,1789612380000,3.43e-06,3.44e-06,18.372320222621095,target,2798525548.0,19
PEPE,1789613760000,1789613820000,3.44e-06,3.45e-06,18.34262150325084,target,2798264150.0,19
PEPE,1789614180000,1789614240000,3.44e-06,3.45e-06,18.34589575852324,target,2798763655.0,19
PEPE,1789614720000,1789614780000,3.44e-06,3.45e-06,18.349170590640767,target,2799263248.0,19
PEPE,1789615320000,1789615380000,3.43e-06,3.44e-06,18.385447846091278,target,2800525186.0,19
PEPE,1789615920000,1789615980000,3.4600000000000003e-06,3.4700000000000002e-06,18.289766311705087,target,2798740063.0,19
PEPE,1789617180000,1789617240000,3.45e-06,3.46e-06,18.32599708747378,target,2799999555.0,19
PEPE,1789617720000,1789617780000,3.4600000000000003e-06,3.4700000000000002e-06,18.296278922793938,target,2799736637.0,19
PEPE,1789618320000,1789618380000,3.45e-06,3.46e-06,18.332522596464358,target,2800996577.0,19
PEPE,1789618920000,1789618980000,3.44e-06,3.45e-06,18.36880243545137,target,2802258190.0,19
PEPE,1789619820000,1789619880000,3.44e-06,3.45e-06,18.372081364439623,target,2802758408.0,19
PEPE,1789621020000,1789621080000,3.4600000000000003e-06,3.4700000000000002e-06,18.309328723109722,target,2801733546.0,19
PEPE,1789689720000,1789689780000,3.61e-06,3.62e-06,17.819537490606184,target,2790843773.0,19
PEPE,1789690320000,1789690380000,3.61e-06,3.62e-06,17.822621598844535,target,2791326797.0,19
PEPE,1789690920000,1789691160000,3.6000000000000003e-06,3.61e-06,17.858462729130057,target,2792566494.0,19
PEPE,1789692420000,1789692480000,3.6000000000000003e-06,3.61e-06,17.861559258475772,target,2793050705.0,19
PEPE,1789693020000,1789693080000,3.62e-06,3.63e-06,17.79913839487579,target,2792021709.0,19
PEPE,1789693620000,1789693680000,3.63e-06,3.64e-06,17.76947531348478,target,2791747889.0,19
PEPE,1789694220000,1789694280000,3.6400000000000003e-06,3.65e-06,17.739813545970325,target,2791473414.0,19
PEPE,1789695420000,1789695480000,3.6400000000000003e-06,3.65e-06,17.74286695188399,target,2791953887.0,19
PEPE,1789696020000,1789696080000,3.6400000000000003e-06,3.65e-06,17.745920885264358,target,2792434443.0,19
PEPE,1789696620000,1789696680000,3.65e-06,3.66e-06,17.716250238209685,target,2792159218.0,19
PEPE,1789697400000,1789697460000,3.6400000000000003e-06,3.65e-06,17.75202469753493,target,2793394917.0,19
PEPE,1789697820000,1789697880000,3.6400000000000003e-06,3.65e-06,17.755080206953597,target,2793875721.0,19
PEPE,1789698420000,1789698480000,3.6400000000000003e-06,3.65e-06,17.758136243838965,target,2794356608.0,19
PEPE,1789699020000,1789699080000,3.65e-06,3.66e-06,17.728445175929956,target,2794081194.0,19
PEPE,1789700400000,1789700460000,3.65e-06,3.66e-06,17.731490998004194,target,2794561229.0,19
PEPE,1789700820000,1789700880000,3.65e-06,3.66e-06,17.734537346715406,target,2795041347.0,19
PEPE,1789702020000,1789702080000,3.66e-06,3.67e-06,17.704837434304864,target,2794765183.0,19
PEPE,1789702620000,1789702680000,3.67e-06,3.68e-06,17.675138908624724,target,2794488365.0,19
PEPE,1789703220000,1789703280000,3.67e-06,3.68e-06,17.67816436485076,target,2794966698.0,19
PEPE,1789703820000,1789703880000,3.67e-06,3.68e-06,17.681190339723862,target,2795445113.0,19
PEPE,1789704420000,1789704480000,3.66e-06,3.67e-06,17.716968325807713,target,2796680083.0,19
PEPE,1789705320000,1789705380000,3.66e-06,3.67e-06,17.720006560129946,target,2797159678.0,19
PEPE,1789706220000,1789706280000,3.66e-06,3.67e-06,17.7230453139258,target,2797639355.0,19
PEPE,1789706820000,1789706880000,3.67e-06,3.68e-06,17.693316250223745,target,2797362253.0,19
PEPE,1789776420000,1789776480000,3.81e-06,3.82e-06,17.239364107920025,target,2787286032.0,19
PEPE,1789777020000,1789777080000,3.82e-06,3.83e-06,17.209723771174144,target,2786999801.0,19
PEPE,1789777620000,1789777680000,3.82e-06,3.83e-06,17.21258808197643,target,2787463657.0,19
PEPE,1789778220000,1789778280000,3.830000000000001e-06,3.8400000000000005e-06,17.182944565111946,target,2787176734.0,19
PEPE,1789778880000,1789778940000,3.82e-06,3.83e-06,17.218312720699384,target,2788390724.0,19
PEPE,1789779420000,1789779600000,3.82e-06,3.83e-06,17.221178464099896,target,2788854812.0,19
PEPE,1789784220000,1789784280000,3.7700000000000003e-06,3.7800000000000002e-06,17.386930519799872,target,2793081208.0,19
PEPE,1789784820000,1789784880000,3.7700000000000003e-06,3.7800000000000002e-06,17.389851694425136,target,2793550473.0,19
PEPE,1789785420000,1789785480000,3.7700000000000003e-06,3.7800000000000002e-06,17.392773354601253,target,2794019816.0,19
PEPE,1789786020000,1789786080000,3.7700000000000003e-06,3.7800000000000002e-06,17.3956955003264,target,2794489237.0,19
PEPE,1789786620000,1789786680000,3.76e-06,3.77e-06,17.431269993850275,target,2795712910.0,19
PEPE,1789787220000,1789787280000,3.7700000000000003e-06,3.7800000000000002e-06,17.40154676377668,target,2795429199.0,19
PEPE,1789787820000,1789789680000,3.7700000000000003e-06,3.76e-06,-43.74183763341058,time,2795898858.0,19
PEPE,1789790820000,1789790880000,3.7700000000000003e-06,3.7800000000000002e-06,17.397121342800496,target,2794718288.0,19
PEPE,1789791420000,1789791480000,3.8e-06,3.81e-06,17.302186283760353,target,2792927568.0,19
PEPE,1789792080000,1789792140000,3.79e-06,3.8e-06,17.337684039934523,target,2794147307.0,19
PEPE,1789794120000,1789794180000,3.7700000000000003e-06,3.7800000000000002e-06,17.405864056499823,target,2796122740.0,19
PEPE,1789795920000,1789795980000,3.7700000000000003e-06,3.7800000000000002e-06,17.40878840587505,target,2796592515.0,19
PEPE,1789797720000,1789797780000,3.76e-06,3.77e-06,17.444389668379838,target,2797817108.0,19
PEPE,1789799520000,1789799640000,3.76e-06,3.77e-06,17.447325991750166,target,2798288050.0,19
PEPE,1789800120000,1789800180000,3.7700000000000003e-06,3.7800000000000002e-06,17.41757538555077,target,2798004078.0,19
PEPE,1789800720000,1789800780000,3.7700000000000003e-06,3.7800000000000002e-06,17.42050170824967,target,2798474170.0,19
PEPE,1789802520000,1789802580000,3.76e-06,3.77e-06,17.456126924946155,target,2799699587.0,19
PEPE,1789803120000,1789803180000,3.75e-06,3.76e-06,17.491786785613762,target,2800926627.0,19
PEPE,1789862520000,1789863540000,4.12e-06,4.13e-06,16.295484057249393,target,2773699414.0,19
PEPE,1789864080000,1789864140000,4.1000000000000006e-06,4.1100000000000005e-06,16.362271658791315,target,2775618602.0,19
PEPE,1789864680000,1789864740000,4.12e-06,4.13e-06,16.30061394274891,target,2774572586.0,19
PEPE,1789865220000,1789865280000,4.12e-06,4.13e-06,16.30317444400078,target,2775008416.0,19
PEPE,1789865820000,1789865880000,4.12e-06,4.13e-06,16.305735344750396,target,2775444314.0,19
PEPE,1789870320000,1789870380000,4.06e-06,4.07e-06,16.501308006356133,target,2780338333.0,19
PEPE,1789870920000,1789871460000,4.04e-06,3.990000000000001e-06,-155.83492455275749,stop,2782269676.0,19
PEPE,1789876620000,1789876680000,4.0200000000000005e-06,4.03e-06,16.608008311476322,target,2779582981.0,19
PEPE,1789877280000,1789877340000,4.0100000000000006e-06,4.0200000000000005e-06,16.642928415959773,target,2780773336.0,19
PEPE,1789877820000,1789877880000,4e-06,4.01e-06,16.677881769670506,target,2781965266.0,19
PEPE,1789879020000,1789879080000,4e-06,4.01e-06,16.68056363891419,target,2782412617.0,19
PEPE,1789879620000,1789879680000,3.99e-06,4e-06,16.715555927580258,target,2783606316.0,19
PEPE,1789880520000,1789880580000,4e-06,4.01e-06,16.68593387598385,target,2783308403.0,19
PEPE,1789881360000,1789881420000,4e-06,4.01e-06,16.688617046143246,target,2783755971.0,19
PEPE,1789882920000,1789882980000,4.0100000000000006e-06,4.0200000000000005e-06,16.65899239536029,target,2783457376.0,19
PEPE,1789883580000,1789883640000,4.0200000000000005e-06,4.03e-06,16.629369922351856,target,2783158146.0,19
PEPE,1789884120000,1789884180000,4.0200000000000005e-06,4.03e-06,16.632033643076266,target,2783603957.0,19
PEPE,1789884720000,1789884780000,4e-06,4.01e-06,16.69932805486184,target,2785542628.0,19
PEPE,1789887420000,1789887480000,3.99e-06,4e-06,16.734359708350745,target,2786737670.0,19
PEPE,1789888020000,1789888140000,4e-06,4.01e-06,16.70470433488947,target,2786439422.0,19
PEPE,1789888620000,1789888680000,4e-06,4.01e-06,16.707390520536126,target,2786887493.0,19
PEPE,1789889220000,1789889280000,4e-06,4.01e-06,16.710077143816445,target,2787335637.0,19
PEPE,1789889820000,1789889880000,3.99e-06,4e-06,16.745131345239663,target,2788531448.0,19
PEPE,1789890420000,1789890480000,3.99e-06,4e-06,16.747829247620896,target,2788980724.0,19
PEPE,1789948920000,1789948980000,3.99e-06,4e-06,16.750527582359673,target,2789430072.0,19
PEPE,1789949520000,1789949580000,4e-06,4.01e-06,16.72084355832206,target,2789131536.0,19
PEPE,1789950720000,1789950780000,4.06e-06,4.07e-06,16.529568416911093,target,2785099986.0,19
PEPE,1789951320000,1789951380000,4.04e-06,4.05e-06,16.596791257380726,target,2787034636.0,19
PEPE,1789951920000,1789951980000,4.05e-06,4.06e-06,16.56712782173679,target,2786733023.0,19
PEPE,1789952520000,1789952580000,4.05e-06,4.06e-06,16.56976612950503,target,2787176809.0,19
PEPE,1789953120000,1789953180000,4.07e-06,4.08e-06,16.507812920775617,target,2786128763.0,19
PEPE,1789954320000,1789954380000,4.06e-06,4.07e-06,16.54272398539081,target,2787316594.0,19
PEPE,1789960020000,1789960740000,4.0200000000000005e-06,4.03e-06,16.674716671001917,target,2790747560.0,19
PEPE,1789961220000,1789961340000,4.0200000000000005e-06,4.03e-06,16.677387657326307,target,2791194587.0,19
PEPE,1789961820000,1789961880000,4.0100000000000006e-06,4.0200000000000005e-06,16.712453641275708,target,2792389915.0,19
PEPE,1789962420000,1789962480000,4.0100000000000006e-06,4.0200000000000005e-06,16.71513587289214,target,2792838074.0,19
PEPE,1789966020000,1789966080000,4.0100000000000006e-06,4.0200000000000005e-06,16.717818535425803,target,2793286305.0,19
PEPE,1789966620000,1789966680000,4e-06,4.01e-06,16.752929170011498,target,2794483598.0,19
PEPE,1789967340000,1789967400000,3.99e-06,4e-06,16.78807326237619,target,2795682475.0,19
PEPE,1789969020000,1789969080000,4.0200000000000005e-06,4.03e-06,16.69346411780006,target,2793885208.0,19
PEPE,1789969620000,1789969680000,4.0100000000000006e-06,4.0200000000000005e-06,16.728563902681127,target,2795081688.0,19
PEPE,1789970820000,1789970880000,4.0100000000000006e-06,4.0200000000000005e-06,16.731248719813653,target,2795530279.0,19
PEPE,1789972680000,1789972740000,4.0200000000000005e-06,4.03e-06,16.70149776820004,target,2795229752.0,19
PEPE,1789973220000,1789973280000,4.0200000000000005e-06,4.03e-06,16.704173044575292,target,2795677497.0,19
PEPE,1789974480000,1789974540000,4.03e-06,4.04e-06,16.674419540024193,target,2795376285.0,19
PEPE,1789975620000,1789975680000,4.0100000000000006e-06,4.0200000000000005e-06,16.741971469756695,target,2797321883.0,19
PEPE,1789977120000,1789977180000,4.0100000000000006e-06,4.0200000000000005e-06,16.744658441489907,target,2797770834.0,19
PEPE,1789978440000,1789978500000,4.03e-06,4.04e-06,16.682438832341482,target,2796720676.0,19
PEPE,1790036220000,1790036280000,4.87e-06,4.88e-06,14.020006610750034,target,2735611046.0,19
PEPE,1790036820000,1790036880000,4.93e-06,4.94e-06,13.835982281205577,target,2731684557.0,19
PEPE,1790038020000,1790038080000,5.04e-06,4.9900000000000005e-06,-156.66921530729775,stop,2724208230.0,19
PEPE,1790038620000,1790038680000,5.01e-06,4.960000000000001e-06,-156.43409395139818,stop,2722249960.0,19
PEPE,1790039520000,1790039580000,5e-06,5.01e-06,13.580776863765058,target,2718874247.0,19
PEPE,1790040420000,1790040480000,5.02e-06,5.03e-06,13.521103715199793,target,2717809792.0,19
PEPE,1790041020000,1790041080000,5.04e-06,5.05e-06,13.46147092995016,target,2716744890.0,19
PEPE,1790041620000,1790041680000,5.06e-06,5.07e-06,13.401878549641145,target,2715679544.0,19
PEPE,1790042220000,1790042280000,5.070000000000001e-06,5.0800000000000005e-06,13.372957092225505,target,2715321237.0,19
PEPE,1790042820000,1790042880000,5.04e-06,4.9900000000000005e-06,-156.30038326124918,stop,2717794875.0,19
PEPE,1790044920000,1790044980000,5.01e-06,5.02e-06,13.538468461760017,target,2715841216.0,19
PEPE,1790046120000,1790046240000,5.05e-06,5.06e-06,13.41757374001541,target,2713361727.0,19
PEPE,1790047020000,1790047080000,5.0800000000000005e-06,5.09e-06,13.327467705615577,target,2711590581.0,19
PEPE,1790048220000,1790048280000,5.14e-06,5.15e-06,13.14590782840484,target,2707705011.0,19
PEPE,1790048820000,1790048880000,5.1600000000000006e-06,5.1700000000000005e-06,13.086599212047664,target,2706638927.0,19
PEPE,1790049420000,1790049480000,5.23e-06,5.24e-06,12.87532263771272,target,2702061414.0,19
PEPE,1790050620000,1790050680000,5.32e-06,5.27e-06,-156.18496206404816,stop,2696098085.0,19
PEPE,1790051220000,1790051280000,5.28e-06,5.29e-06,12.706184994894219,target,2694843053.0,19
PEPE,1790056380000,1790056440000,5.14e-06,5.15e-06,13.132719114094257,target,2704988489.0,19
PEPE,1790056920000,1790056980000,5.19e-06,5.140000000000001e-06,-155.98934520115415,stop,2701815973.0,19
PEPE,1790057520000,1790057580000,5.14e-06,5.15e-06,13.114667194834606,target,2701270277.0,19
PEPE,1790059920000,1790059980000,5.14e-06,5.15e-06,13.116324415098802,target,2701611620.0,19
PEPE,1790061120000,1790061180000,5.15e-06,5.16e-06,13.08755764535966,target,2701250288.0,19
PEPE,1790061720000,1790061780000,5.15e-06,5.16e-06,13.089207600420792,target,2701590836.0,19
PEPE,1790121720000,1790121780000,4.97e-06,4.98e-06,13.641064768875324,target,2714639755.0,19
PEPE,1790122920000,1790122980000,4.97e-06,4.98e-06,13.642856789399477,target,2714996376.0,19
PEPE,1790123520000,1790123580000,4.96e-06,4.97e-06,13.67537596639075,target,2716062754.0,19
PEPE,1790124180000,1790124240000,4.94e-06,4.95e-06,13.738686699841004,target,2717841088.0,19
PEPE,1790127120000,1790127540000,4.94e-06,4.890000000000001e-06,-155.91598314647962,stop,2718200543.0,19
PEPE,1790131380000,1790131440000,4.88e-06,4.89e-06,13.904546712211673,target,2718386454.0,19
PEPE,1790131920000,1790131980000,4.88e-06,4.89e-06,13.906410444298757,target,2718750820.0,19
PEPE,1790132520000,1790132580000,4.92e-06,4.93e-06,13.785067631300494,target,2716269484.0,19
PEPE,1790133120000,1790133180000,4.9100000000000004e-06,4.92e-06,13.817680586776053,target,2717341315.0,19
PEPE,1790134440000,1790134500000,4.92e-06,4.93e-06,13.788734663899524,target,2716992052.0,19
PEPE,1790134920000,1790134980000,4.95e-06,4.96e-06,13.698293718661459,target,2715221748.0,19
PEPE,1790135520000,1790135580000,4.95e-06,4.96e-06,13.700101362342027,target,2715580052.0,19
PEPE,1790136120000,1790136180000,4.95e-06,4.96e-06,13.701909248181032,target,2715938404.0,19
PEPE,1790136960000,1790137020000,4.94e-06,4.95e-06,13.734471047204824,target,2717007131.0,19
PEPE,1790137320000,1790137380000,4.94e-06,4.95e-06,13.736287536179578,target,2717366476.0,19
PEPE,1790137920000,1790137980000,5e-06,5.01e-06,13.553774328329903,target,2713468334.0,19
PEPE,1790138760000,1790138820000,5.02e-06,5.03e-06,13.494219830100636,target,2712405996.0,19
PEPE,1790139120000,1790139180000,5.03e-06,5.04e-06,13.465331129700633,target,2712050580.0,19
PEPE,1790139720000,1790139780000,5.02e-06,5.03e-06,13.497721677874614,target,2713109885.0,19
PEPE,1790140320000,1790140380000,5.01e-06,5.02e-06,13.530140386164291,target,2714170589.0,19
PEPE,1790141820000,1790141880000,5e-06,5.01e-06,13.562587301534581,target,2715232693.0,19
PEPE,1790142420000,1790142480000,5.01e-06,5.02e-06,13.533667522916815,target,2714878139.0,19
PEPE,1790144520000,1790144580000,4.9900000000000005e-06,5e-06,13.59683239414603,target,2716649829.0,19
PEPE,1790145120000,1790145180000,4.96e-06,4.97e-06,13.690847418725836,target,2719135535.0,19
PEPE,1790208120000,1790208180000,4.32e-06,4.33e-06,15.695677756625077,target,2765758195.0,19
PEPE,1790208720000,1790208780000,4.32e-06,4.33e-06,15.698046643499174,target,2766175620.0,19
PEPE,1790209320000,1790209380000,4.34e-06,4.35e-06,15.636771011745406,target,2765123079.0,19
PEPE,1790209920000,1790209980000,4.35e-06,4.36e-06,15.607319584810831,target,2764804178.0,19
PEPE,1790210580000,1790210640000,4.32e-06,4.33e-06,15.705131432676982,target,2767424041.0,19
PEPE,1790211420000,1790211480000,4.32e-06,4.33e-06,15.707501743975103,target,2767841717.0,19
PEPE,1790212320000,1790212380000,4.32e-06,4.33e-06,15.70987241847585,target,2768259457.0,19
PEPE,1790212920000,1790213160000,4.32e-06,4.33e-06,15.712243444824992,target,2768677259.0,19
PEPE,1790213820000,1790213880000,4.34e-06,4.35e-06,15.650912402386165,target,2767623767.0,19
PEPE,1790214420000,1790214480000,4.31e-06,4.32e-06,15.748858373476276,target,2770247735.0,19
PEPE,1790215140000,1790215200000,4.3e-06,4.31e-06,15.783143302675558,target,2771403565.0,19
PEPE,1790216220000,1790216280000,4.34e-06,4.35e-06,15.658004665874042,target,2768877925.0,19
PEPE,1790216820000,1790216880000,4.360000000000001e-06,4.3700000000000005e-06,15.596685112575335,target,2767823445.0,19
PEPE,1790217420000,1790217480000,4.360000000000001e-06,4.3700000000000005e-06,15.599019980460803,target,2768237796.0,19
PEPE,1790218020000,1790218080000,4.38e-06,4.39e-06,15.537730574134429,target,2767182649.0,19
PEPE,1790218620000,1790218680000,4.38e-06,4.39e-06,15.540047137841052,target,2767595216.0,19
PEPE,1790219220000,1790219760000,4.4e-06,4.41e-06,15.478787965380736,target,2766539404.0,19
PEPE,1790222220000,1790222280000,4.360000000000001e-06,4.3700000000000005e-06,15.608324864371337,target,2769889062.0,19
PEPE,1790223120000,1790223360000,4.360000000000001e-06,4.3700000000000005e-06,15.610661479105126,target,2770303723.0,19
PEPE,1790223720000,1790223780000,4.360000000000001e-06,4.3700000000000005e-06,15.6129984432104,target,2770718446.0,19
PEPE,1790224320000,1790224380000,4.3700000000000005e-06,4.38e-06,15.583486483125622,target,2770397597.0,19
PEPE,1790225520000,1790225580000,4.38e-06,4.39e-06,15.553977492411324,target,2770076134.0,19
PEPE,1790226780000,1790226840000,4.43e-06,4.44e-06,15.397340305725407,target,2766817665.0,19
PEPE,1790227320000,1790227380000,4.41e-06,4.42e-06,15.463153739245843,target,2768693597.0,19
